image_id,split_group_id,mineral_label,true_class_id,predicted_class_id,gate,prob_0,prob_1,prob_2,prob_3
VTM-000001,DG-c2b875fce882,ilmenite,0,2,0.5,0.10224414616823196,0.06933346390724182,0.5362935066223145,0.29212886095046997
VTM-000011,DG-67537256c2c8,ilmenite,0,0,0.5,0.9833850264549255,0.015014133416116238,0.0008537351386621594,0.0007471090066246688
VTM-000017,DG-ac7eee422e34,ilmenite,0,0,0.5,0.8392998576164246,0.11084870994091034,0.031673818826675415,0.018177565187215805
VTM-000020,DG-6bc7ec0a0d3e,ilmenite,0,1,0.5,0.020001942291855812,0.5687757134437561,0.08708149939775467,0.32414084672927856
VTM-000048,DG-0f8409a21a22,ilmenite,0,1,0.5,0.0035238973796367645,0.9940111041069031,0.0016824177000671625,0.0007825912907719612
VTM-000061,DG-42b3197b773f,ilmenite,0,0,0.5,0.5952045917510986,0.3778126835823059,0.022430725395679474,0.004552073311060667
VTM-000073,DG-84bf0036b89d,ilmenite,0,0,0.5,0.8065905570983887,0.18760183453559875,0.002263854257762432,0.003543761558830738
VTM-000083,DG-e67e7310d83e,ilmenite,0,0,0.5,0.9408489465713501,0.03855224326252937,0.0024407822638750076,0.01815803349018097
VTM-000085,DG-7abf9c44f08e,ilmenite,0,0,0.5,0.9448986053466797,0.03264261409640312,0.010224138386547565,0.012234607711434364
VTM-000089,DG-cb1397a58072,ilmenite,0,0,0.5,0.9804994463920593,0.011229368858039379,0.0005188045906834304,0.007752405479550362
VTM-000096,DG-7201fdbc3683,ilmenite,0,0,0.5,0.958665132522583,0.03309084475040436,0.0072668930515646935,0.0009771358454599977
VTM-000112,DG-933cd53e8de7,ilmenite,0,0,0.5,0.6731146574020386,0.07606109976768494,0.004236976150423288,0.24658730626106262
VTM-000116,DG-ba14978c38b0,ilmenite,0,1,0.5,0.0008780242060311139,0.9460334777832031,0.049997054040431976,0.0030914326198399067
VTM-000117,DG-413bf8b882be,ilmenite,0,0,0.5,0.8457775115966797,0.04956821724772453,0.0021813169587403536,0.10247297585010529
VTM-000146,DG-6ea19c736013,ilmenite,0,3,0.5,0.03647638112306595,0.2734818458557129,0.3105258643627167,0.37951594591140747
VTM-000147,DG-f6947347e25e,ilmenite,0,1,0.5,0.015777532011270523,0.5292270183563232,0.41347402334213257,0.04152140021324158
VTM-000149,DG-4a5c55941f28,ilmenite,0,0,0.5,0.480505108833313,0.1195770800113678,0.01053590327501297,0.38938194513320923
VTM-000160,DG-59d8b07cf8d3,ilmenite,0,0,0.5,0.6109524965286255,0.29636210203170776,0.038116417825222015,0.05456904321908951
VTM-000179,DG-568d20da8f76,ilmenite,0,0,0.5,0.616696834564209,0.3235820233821869,0.03900134563446045,0.020719807595014572
VTM-000187,DG-366b48f151c2,ilmenite,0,0,0.5,0.5314807295799255,0.03255591168999672,0.001832399284467101,0.434130996465683
VTM-000197,DG-f41a4dfab265,ilmenite,0,1,0.5,0.09393049776554108,0.8926554918289185,0.010535665787756443,0.0028784205205738544
VTM-000209,DG-a2bc6dce5c87,ilmenite,0,0,0.5,0.5961077213287354,0.0047950525768101215,0.000529540004208684,0.39856767654418945
VTM-000225,DG-2d76882980c9,ilmenite,0,1,0.5,0.4126180410385132,0.5605003237724304,0.006204963196069002,0.02067667990922928
VTM-000228,DG-a75d88a1a508,ilmenite,0,2,0.5,0.019151469692587852,0.2770417630672455,0.6182428598403931,0.08556392043828964
VTM-000238,DG-9ffaf9d3c3aa,ilmenite,0,2,0.5,0.00422604288905859,0.036827635020017624,0.9551538228988647,0.00379248452372849
VTM-000248,DG-91ad4e26f829,ilmenite,0,3,0.5,0.007773366291075945,0.18460778892040253,0.078978531062603,0.7286403179168701
VTM-000258,DG-795a8bc1fa12,ilmenite,0,0,0.5,0.7885825634002686,0.18788856267929077,3.192129952367395e-05,0.02349686436355114
VTM-000263,DG-de4a2f879beb,ilmenite,0,0,0.5,0.8808703422546387,0.09538406133651733,0.020626477897167206,0.003119133412837982
VTM-000266,DG-6c6e0f3a903d,ilmenite,0,0,0.5,0.6139699220657349,0.3107975721359253,0.02810368314385414,0.047128815203905106
VTM-000268,DG-ffc518265518,ilmenite,0,0,0.5,0.4801552891731262,0.4670737385749817,0.009030522778630257,0.04374045133590698
VTM-000305,DG-3227a1266fb9,ilmenite,0,1,0.5,0.008772999979555607,0.7474961280822754,0.17252086102962494,0.07120998203754425
VTM-000309,DG-c0cdc88e13b5,ilmenite,0,0,0.5,0.49922531843185425,0.3724827468395233,0.03435629978775978,0.09393565356731415
VTM-000315,DG-36e9b2ac2e42,ilmenite,0,0,0.5,0.7950866222381592,0.04372340440750122,0.15942056477069855,0.0017694548005238175
VTM-000321,DG-6c6ae20368bf,ilmenite,0,0,0.5,0.5315567851066589,0.33157268166542053,0.017919346690177917,0.11895124614238739
VTM-000353,DG-13c8d4b197f2,magnetite,0,0,0.5,0.8311707973480225,0.16357961297035217,0.0006268903380259871,0.004622741602361202
VTM-000361,DG-fddee73a85bf,magnetite,0,0,0.5,0.9280998706817627,0.06975334882736206,0.0001471146388212219,0.001999722793698311
VTM-000379,DG-d5032af262ad,magnetite,0,3,0.5,0.09274160116910934,0.3921142816543579,0.057415008544921875,0.4577290713787079
VTM-000388,DG-83059a0f229f,magnetite,0,0,0.5,0.8328225612640381,0.15605010092258453,0.00735931983217597,0.003768033580854535
VTM-000391,DG-27088166b111,magnetite,0,0,0.5,0.6340387463569641,0.31207039952278137,0.036366723477840424,0.01752414181828499
VTM-000404,DG-3f327924f3a6,magnetite,0,0,0.5,0.9777282476425171,0.01582714356482029,0.0004426436498761177,0.006001964211463928
VTM-000411,DG-69391acf6d19,magnetite,0,0,0.5,0.535460889339447,0.21535834670066833,0.0008123736479319632,0.24836845695972443
VTM-000414,DG-1757f272a82b,magnetite,0,0,0.5,0.989869236946106,0.005468110553920269,0.00010446769738337025,0.004558112472295761
VTM-000437,DG-bf59c8261d2d,magnetite,0,0,0.5,0.966976523399353,0.02503800392150879,0.0019840446766465902,0.006001376546919346
VTM-000445,DG-135b572fdce3,magnetite,0,0,0.5,0.7365460395812988,0.01976870372891426,0.029391730204224586,0.21429356932640076
VTM-000452,DG-fa5effe98d9e,magnetite,0,3,0.5,0.4856851398944855,0.009466216899454594,0.00304404366761446,0.5018045902252197
VTM-000455,DG-07eed7826155,magnetite,0,0,0.5,0.8847274780273438,0.038282521069049835,0.00015157921006903052,0.0768384262919426
VTM-000467,DG-e9e5df82ffcb,magnetite,0,0,0.5,0.8826347589492798,0.11552934348583221,0.00016393480473197997,0.0016719750128686428
VTM-000468,DG-106aa7dc4b8b,magnetite,0,0,0.5,0.9015399813652039,0.06355732679367065,0.0005956725217401981,0.03430701792240143
VTM-000472,DG-a9c3b6abbd97,magnetite,0,0,0.5,0.8526831269264221,0.13698433339595795,0.0036299009807407856,0.006702654995024204
VTM-000473,DG-f75263abc149,magnetite,0,0,0.5,0.8933396339416504,0.10218027234077454,0.00026550760958343744,0.004214582033455372
VTM-000477,DG-76149324bcd3,magnetite,0,1,0.5,0.41271135210990906,0.495291143655777,0.003084034426137805,0.08891350775957108
VTM-000507,DG-ab23a7ae7b4a,magnetite,0,1,0.5,0.23626793920993805,0.7549211382865906,0.004160537850111723,0.004650379065424204
VTM-000510,DG-275f9a2086b7,magnetite,0,0,0.5,0.9649872183799744,0.027278602123260498,0.0015884439926594496,0.006145770661532879
VTM-000524,DG-c17be4bb822a,magnetite,0,0,0.5,0.8766897916793823,0.06562449038028717,0.005360917188227177,0.0523248165845871
VTM-000525,DG-82fecec84b49,magnetite,0,0,0.5,0.9962102174758911,0.0036031892523169518,3.2436790206702426e-05,0.00015416018140967935
VTM-000530,DG-c20cf3cb0023,magnetite,0,1,0.5,0.04790641739964485,0.9356462955474854,0.0005466475267894566,0.015900634229183197
VTM-000534,DG-bae55c45e061,magnetite,0,3,0.5,0.32443752884864807,0.042367178946733475,0.02930483967065811,0.6038904786109924
VTM-000539,DG-911e40726482,magnetite,0,0,0.5,0.9330362677574158,0.02862398326396942,0.020855240523815155,0.017484502866864204
VTM-000551,DG-217497736bb3,magnetite,0,2,0.5,0.360429048538208,0.17235147953033447,0.3691995143890381,0.09801997244358063
VTM-000583,DG-74a678c2a4f2,magnetite,0,3,0.5,0.10560311377048492,0.2083820402622223,0.023311177268624306,0.6627036333084106
VTM-000589,DG-c6e2ad323460,magnetite,0,3,0.5,0.42065539956092834,0.024756643921136856,0.08301156759262085,0.4715763330459595
VTM-000591,DG-1cdb016d90ca,magnetite,0,0,0.5,0.6730998158454895,0.3154163956642151,0.001483913161791861,0.009999861940741539
VTM-000599,DG-1798cb9ea7ad,magnetite,0,0,0.5,0.6882023811340332,0.1054932028055191,0.009176512248814106,0.19712789356708527
VTM-000606,DG-8453249814c4,magnetite,0,3,0.5,0.4083099961280823,0.10616838186979294,0.0026707141660153866,0.48285090923309326
VTM-000608,DG-92320352b480,magnetite,0,1,0.5,0.06929638236761093,0.7986767292022705,0.08591015636920929,0.04611674323678017
VTM-000612,DG-62a96a313966,magnetite,0,0,0.5,0.9770029783248901,0.007606873754411936,0.01493802759796381,0.0004521251830738038
VTM-000615,DG-98b200053a88,magnetite,0,2,0.5,0.36196428537368774,0.029011715203523636,0.5615582466125488,0.04746575653553009
VTM-000626,DG-6662679fa5f0,magnetite,0,0,0.5,0.6557159423828125,0.2281656265258789,0.02247672714293003,0.09364167600870132
VTM-000630,DG-4d3c9beb5824,magnetite,0,0,0.5,0.5885120034217834,0.02535397931933403,0.002751612802967429,0.3833824694156647
VTM-000631,DG-5bc7af12d7a1,magnetite,0,0,0.5,0.9961940050125122,0.0017248117364943027,0.000252051540883258,0.0018291475716978312
VTM-000649,DG-4d4e149abdad,magnetite,0,0,0.5,0.9534922242164612,0.026413993909955025,0.01054355688393116,0.009550243616104126
VTM-000656,DG-01cd589e7be5,magnetite,0,0,0.5,0.9218426942825317,0.0035843434743583202,0.0011689162347465754,0.07340411096811295
VTM-000657,DG-1beca935d1a2,magnetite,0,0,0.5,0.4847695827484131,0.12746673822402954,0.01679036021232605,0.37097328901290894
VTM-000673,DG-c2c603b9e3a0,magnetite,0,0,0.5,0.9331264495849609,0.006644069217145443,0.019419262185692787,0.04081026092171669
VTM-000676,DG-e251b23c1eba,magnetite,0,0,0.5,0.869053840637207,0.01747772842645645,0.008849920704960823,0.10461851954460144
VTM-000690,DG-14a18702e306,magnetite,0,1,0.5,0.4341285824775696,0.5585785508155823,0.003008102299645543,0.004284803289920092
VTM-000703,DG-9ec0553dd14a,magnetite,0,3,0.5,0.10142175853252411,0.0008282893686555326,0.023304171860218048,0.8744457960128784
VTM-000705,DG-4c8ab3ce779e,magnetite,0,2,0.5,0.006395711097866297,0.3371061086654663,0.6539679765701294,0.00253019155934453
VTM-000707,DG-4ffcdb1d0ece,magnetite,0,0,0.5,0.6830885410308838,0.23913228511810303,0.0006541175534948707,0.07712505757808685
VTM-000717,DG-2b2907dc1360,magnetite,0,1,0.5,0.4317834973335266,0.5166371464729309,0.005968896672129631,0.04561048373579979
VTM-000721,DG-8dc9ee883d17,magnetite,0,0,0.5,0.9848452210426331,0.010152267292141914,0.00247412477619946,0.0025284134317189455
VTM-000728,DG-5b705d09bbda,magnetite,0,0,0.5,0.9915783405303955,0.0049220542423427105,0.00015512731624767184,0.0033444399014115334
VTM-000732,DG-0413edf6bbfa,magnetite,0,1,0.5,0.1556159406900406,0.5852723717689514,0.23977813124656677,0.01933351531624794
VTM-000737,DG-bdde6af78cd5,magnetite,0,1,0.5,0.055306557565927505,0.9255609512329102,0.010686562396585941,0.008445881307125092
VTM-000743,DG-8e03db519343,magnetite,0,1,0.5,0.4330587387084961,0.53992760181427,0.0031730623450130224,0.023840591311454773
VTM-000747,DG-a67ab9fa59e2,magnetite,0,0,0.5,0.9229750633239746,0.07362371683120728,0.0013202717527747154,0.0020809450652450323
VTM-000757,DG-fb2d7c9ea735,magnetite,0,0,0.5,0.8654524683952332,0.07640164345502853,0.028298448771238327,0.029847461730241776
VTM-000758,DG-9cdd8f83ad65,magnetite,0,0,0.5,0.7678585648536682,0.04088000953197479,0.022798743098974228,0.16846272349357605
VTM-000772,DG-c3c48efc1988,magnetite,0,0,0.5,0.8982675075531006,0.0511850044131279,0.05041313171386719,0.00013438062160275877
VTM-000788,DG-95ce869eb316,magnetite,0,0,0.5,0.9956647157669067,0.003633977146819234,0.00043842263403348625,0.00026281687314622104
VTM-000790,DG-542951096235,magnetite,0,0,0.5,0.5638144612312317,0.2851729691028595,0.05482277274131775,0.09618974477052689
VTM-000835,DG-fe366f967f82,magnetite,0,0,0.5,0.7937293648719788,0.18589310348033905,0.0003050259256269783,0.020072555169463158
VTM-000840,DG-9d9779dc1298,magnetite,0,0,0.5,0.797059178352356,0.15484531223773956,0.002615425968542695,0.04548006132245064
VTM-000847,DG-dd94c98fb4ba,magnetite,0,0,0.5,0.9974160194396973,0.0015273971948772669,0.0001833386195357889,0.0008732518181204796
VTM-000850,DG-c04732e92f93,magnetite,0,3,0.5,0.46024227142333984,0.026845207437872887,0.013714582659304142,0.49919795989990234
VTM-000856,DG-6e5994ad4ca2,magnetite,0,0,0.5,0.8748351335525513,0.10971106588840485,0.001357591594569385,0.014096152037382126
VTM-000858,DG-d5dbb212e8df,magnetite,0,0,0.5,0.7857081890106201,0.04198208451271057,0.024541348218917847,0.1477683037519455
VTM-000862,DG-5373cced5aab,magnetite,0,0,0.5,0.5811079740524292,0.023731796070933342,0.005153966601938009,0.39000630378723145
VTM-000866,DG-d22a2e17b857,magnetite,0,0,0.5,0.8339612483978271,0.02735665813088417,0.0012051269877701998,0.13747701048851013
VTM-000870,DG-499f33781720,magnetite,0,1,0.5,0.18535450100898743,0.7945572137832642,0.01719839870929718,0.00288989394903183
VTM-000873,DG-4732be8b04f9,magnetite,0,0,0.5,0.991226077079773,0.005734601523727179,0.0026031052693724632,0.0004362096078693867
VTM-000880,DG-dc2928f84fef,magnetite,0,3,0.5,0.2519869804382324,0.007722189649939537,0.018837612122297287,0.7214531898498535
VTM-000881,DG-93e19dfdc051,magnetite,0,0,0.5,0.9454118013381958,0.037501998245716095,0.0010037097381427884,0.016082508489489555
VTM-000883,DG-235488269109,magnetite,0,0,0.5,0.835385799407959,0.014443938620388508,0.06305291503667831,0.08711741864681244
VTM-000890,DG-3de73ca8073a,magnetite,0,1,0.5,0.21330007910728455,0.7110840082168579,0.009162982925772667,0.06645283102989197
VTM-000909,DG-20ed5b8b820c,magnetite,0,0,0.5,0.8474899530410767,0.14598169922828674,0.0062572467140853405,0.0002711165288928896
VTM-000934,DG-278184ceb854,magnetite,0,0,0.5,0.654013454914093,0.04002855718135834,0.0011625466868281364,0.3047954738140106
VTM-000958,DG-8b9c4fb72168,magnetite,0,1,0.5,0.42123329639434814,0.5328259468078613,0.0024730716831982136,0.04346773028373718
VTM-000960,DG-cf54d4446135,magnetite,0,3,0.5,0.06931151449680328,0.19313816726207733,0.05476216971874237,0.6827881336212158
VTM-001005,DG-b0b3b6f0ffc3,magnetite,0,0,0.5,0.9275403022766113,0.05548611283302307,0.007077852264046669,0.009895666502416134
VTM-001020,DG-cefb919e874c,magnetite,0,2,0.5,0.11579420417547226,0.01305643655359745,0.7932303547859192,0.07791890949010849
VTM-001023,DG-6cbfbc274c66,magnetite,0,0,0.5,0.8273675441741943,0.10453630238771439,0.04195265844464302,0.026143450289964676
VTM-001034,DG-d94b5df3ca8d,magnetite,0,0,0.5,0.7665330171585083,0.06490243226289749,0.021811535581946373,0.14675302803516388
VTM-001039,DG-d959d5c602cb,magnetite,0,0,0.5,0.8859498500823975,0.09687743335962296,0.016781115904450417,0.00039155682316049933
VTM-001074,DG-87d7e67c25f9,magnetite,0,0,0.5,0.5767484903335571,0.4204343259334564,0.0013809925876557827,0.0014362079091370106
VTM-001078,DG-1c90fe40ca63,magnetite,0,1,0.5,0.0035044648684561253,0.9901907444000244,3.855881004710682e-05,0.00626622699201107
VTM-001082,DG-2fe97bbf8b69,magnetite,0,1,0.5,0.43283113837242126,0.5298080444335938,0.018750492483377457,0.018610307946801186
VTM-001116,DG-865ee74bbe38,magnetite,0,2,0.5,0.21112561225891113,0.04002887010574341,0.7447351813316345,0.0041103181429207325
VTM-001124,DG-bf40fd4a2b51,magnetite,0,1,0.5,0.08989764750003815,0.5757156014442444,0.032707635313272476,0.3016790747642517
VTM-001127,DG-9ea5ea2040e1,magnetite,0,0,0.5,0.6129717826843262,0.023170754313468933,0.26479393243789673,0.09906351566314697
VTM-001128,DG-0ad958cdf304,magnetite,0,0,0.5,0.5768060088157654,0.011021628975868225,0.03781194984912872,0.37436041235923767
VTM-001138,DG-c7b6dbdaf306,magnetite,0,0,0.5,0.39823591709136963,0.17745882272720337,0.20830348134040833,0.21600180864334106
VTM-001160,DG-8ef4cee6d2ab,magnetite,0,3,0.5,0.08014507591724396,0.006365906447172165,0.00018961913883686066,0.9132993817329407
VTM-001168,DG-2d3a819d6c80,magnetite,0,1,0.5,0.3292485177516937,0.6443536281585693,0.0020456986967474222,0.02435208670794964
VTM-001180,DG-6d1f18362f24,magnetite,0,1,0.5,0.008803334087133408,0.7417312860488892,0.23732444643974304,0.012140943668782711
VTM-001189,DG-a7a68f3ca8e8,magnetite,0,1,0.5,0.17834222316741943,0.7435839176177979,0.029865475371479988,0.048208389431238174
VTM-001198,DG-1c9aa3086524,magnetite,0,1,0.5,0.17133261263370514,0.43388134241104126,0.3821161687374115,0.012669897638261318
VTM-001210,DG-3a89d85ccde3,magnetite,0,3,0.5,0.04877835512161255,0.21008189022541046,0.18222790956497192,0.5589118003845215
VTM-001217,DG-368188f9c46d,magnetite,0,3,0.5,0.10931098461151123,0.14172445237636566,0.052592385560274124,0.6963722109794617
VTM-001218,DG-6c11acdff542,magnetite,0,3,0.5,0.2101563662290573,0.10975474119186401,0.009929814375936985,0.6701590418815613
VTM-001224,DG-72553de686c0,magnetite,0,3,0.5,0.34385231137275696,0.1531393975019455,0.010110016912221909,0.49289828538894653
VTM-001235,DG-9ef39c882f85,magnetite,0,0,0.5,0.9359445571899414,0.05125721916556358,0.00048220096505247056,0.012315990403294563
VTM-001256,DG-94f2108ea2b7,magnetite,0,0,0.5,0.7056996822357178,0.2603069543838501,0.01734432391822338,0.016649063676595688
VTM-001258,DG-a7a945c476ce,magnetite,0,0,0.5,0.5007033348083496,0.07635985314846039,0.08136041462421417,0.34157639741897583
VTM-001287,DG-b32b79f2f7f6,magnetite,0,0,0.5,0.624707818031311,0.13732309639453888,0.06417615711688995,0.1737930178642273
VTM-001326,DG-fba34990debc,magnetite,0,0,0.5,0.9997348785400391,0.00025405007181689143,7.3183032327506226e-06,3.737158294825349e-06
VTM-001340,DG-fa9181dbc0d1,magnetite,0,0,0.5,0.8719170689582825,0.07495202869176865,0.0240030437707901,0.02912786789238453
VTM-001343,DG-f687bb16577d,magnetite,0,1,0.5,0.03550230711698532,0.9408524036407471,0.004196949303150177,0.01944833993911743
VTM-001369,DG-758603aa8c1a,magnetite,0,0,0.5,0.4468857944011688,0.19340641796588898,0.013615486212074757,0.3460923433303833
VTM-001380,DG-9d2b1edb5225,magnetite,0,3,0.5,0.3906104564666748,0.034853316843509674,0.006238028407096863,0.5682981610298157
VTM-001385,DG-6535ca7020f4,magnetite,0,0,0.5,0.9655585885047913,0.03230668976902962,0.000273117795586586,0.001861602533608675
VTM-001393,DG-19271ed96be6,magnetite,0,0,0.5,0.9598511457443237,0.0016399887390434742,0.0011296694865450263,0.03737920895218849
VTM-001416,DG-c71d381e6767,magnetite,0,0,0.5,0.9683124423027039,0.0113533241674304,0.0038013719022274017,0.016532909125089645
VTM-001442,DG-4f64e73b32f9,magnetite,0,0,0.5,0.8691391944885254,0.09930004179477692,0.0046053058467805386,0.026955485343933105
VTM-001445,DG-a030c8c916c0,magnetite,0,0,0.5,0.8682109117507935,0.012958001345396042,0.010089014656841755,0.10874208062887192
VTM-001452,DG-bdcde94a85b5,magnetite,0,0,0.5,0.4973287582397461,0.38002127408981323,0.1193384975194931,0.0033114540856331587
VTM-001464,DG-5c5fcf00cd54,magnetite,0,1,0.5,0.02277524396777153,0.7231510877609253,0.14199434220790863,0.11207930743694305
VTM-001465,DG-d2139130618f,magnetite,0,0,0.5,0.8049032688140869,0.03683650493621826,0.010439349338412285,0.14782091975212097
VTM-001468,DG-da0861cea29e,magnetite,0,3,0.5,0.00132167327683419,0.003831758163869381,0.00022930276463739574,0.9946172833442688
VTM-001475,DG-1f95b3501cd8,magnetite,0,0,0.5,0.9855206608772278,0.010750663466751575,0.0009594635921530426,0.002769207116216421
VTM-001476,DG-4d0a046e701d,magnetite,0,0,0.5,0.984933614730835,0.0068987514823675156,0.00022585413535125554,0.007941762916743755
VTM-001478,DG-58262c85df83,magnetite,0,1,0.5,0.3020465672016144,0.5786159634590149,0.022532353177666664,0.09680518507957458
VTM-001479,DG-19326df2ae33,magnetite,0,3,0.5,0.14593085646629333,0.10247669368982315,0.3038524389266968,0.44773998856544495
VTM-001485,DG-a2b94815594a,magnetite,0,0,0.5,0.6655945777893066,0.0037062200717628,0.006368549074977636,0.3243306279182434
VTM-001487,DG-9785201ed410,magnetite,0,0,0.5,0.8805310130119324,0.04063870385289192,0.040705323219299316,0.038124971091747284
VTM-001491,DG-5632f17a632f,magnetite,0,0,0.5,0.9866536259651184,0.0078867357224226,6.076114368624985e-05,0.00539892353117466
VTM-001503,DG-ca6328c44469,magnetite,0,0,0.5,0.9561864137649536,0.042367491871118546,0.0007375309942290187,0.0007085686665959656
VTM-001507,DG-182e7c76e3e5,magnetite,0,0,0.5,0.5874046683311462,0.2907520830631256,0.05794157087802887,0.06390171498060226
VTM-001513,DG-69d353cb0f4b,magnetite,0,0,0.5,0.9687362313270569,0.02661380171775818,0.0037279909010976553,0.0009219854837283492
VTM-001526,DG-d0f2130afba1,magnetite,0,0,0.5,0.725823163986206,0.03245256841182709,0.0033104850444942713,0.2384137511253357
VTM-001535,DG-4fe4e2409502,magnetite,0,3,0.5,0.019984593614935875,0.37577927112579346,0.007965430617332458,0.596270740032196
VTM-001545,DG-2e1e043a8b58,magnetite,0,1,0.5,0.13674214482307434,0.8465909957885742,0.0023075169883668423,0.014359322376549244
VTM-001561,DG-14e05d89aaca,magnetite,0,0,0.5,0.5949057340621948,0.34967631101608276,0.011443773284554482,0.0439741313457489
VTM-001562,DG-751950d296d1,magnetite,0,0,0.5,0.9843800067901611,0.01372129749506712,0.0008330977289006114,0.0010656332597136497
VTM-001578,DG-fbbd06ea7225,magnetite,0,0,0.5,0.9676363468170166,0.03174153342843056,4.8157198762055486e-05,0.0005739487241953611
VTM-001580,DG-27b3ee05192d,magnetite,0,0,0.5,0.993813693523407,0.003629200393334031,7.821166946087033e-05,0.002478888491168618
VTM-001585,DG-d29af017305e,magnetite,0,0,0.5,0.41807594895362854,0.2799908518791199,0.20335522294044495,0.09857802093029022
VTM-001586,DG-a208f903a925,magnetite,0,0,0.5,0.8917865753173828,0.014021460898220539,0.0040313792414963245,0.09016061574220657
VTM-001592,DG-9022176e8dbe,magnetite,0,0,0.5,0.8051685094833374,0.16887912154197693,0.010581008158624172,0.015371384099125862
VTM-001614,DG-84504a7012b9,magnetite,0,0,0.5,0.8073083758354187,0.17136304080486298,0.009180431254208088,0.012148193083703518
VTM-001616,DG-b1ce3f58146b,magnetite,0,0,0.5,0.33858054876327515,0.33801504969596863,0.09855733066797256,0.22484704852104187
VTM-001653,DG-a4444abf9a4a,magnetite,0,0,0.5,0.9730154275894165,0.02622620388865471,0.0002335183962713927,0.0005248586530797184
VTM-001657,DG-2f80e32c376c,magnetite,0,0,0.5,0.7222332954406738,0.19215169548988342,0.004913324490189552,0.08070168644189835
VTM-001680,DG-c02cfb574768,titanomagnetite,0,0,0.5,0.9560198783874512,0.039765167981386185,0.0004900474450550973,0.003724822774529457
VTM-001688,DG-913e94e84496,titanomagnetite,0,1,0.5,0.1913282573223114,0.7663131952285767,0.021516207605600357,0.020842377096414566
VTM-001713,DG-a31daab35958,calcite,2,2,0.5,0.00013417203444987535,0.0033605939242988825,0.8250993490219116,0.17140591144561768
VTM-001718,DG-76d30c6c5612,calcite,2,2,0.5,0.0007971981540322304,0.0037283501587808132,0.9668750762939453,0.028599383309483528
VTM-001719,DG-71efe00888af,calcite,2,2,0.5,8.733412687433884e-05,0.003384149167686701,0.9894195795059204,0.007108943071216345
VTM-001721,DG-edb9ff8989ea,calcite,2,2,0.5,0.00032967174774967134,0.006702877581119537,0.9327043294906616,0.06026308611035347
VTM-001724,DG-5f0dcddd611c,calcite,2,2,0.5,0.011265745386481285,0.018111780285835266,0.8854169845581055,0.08520550280809402
VTM-001725,DG-11f6d031d07e,calcite,2,2,0.5,0.07315541803836823,0.08020792156457901,0.8270410895347595,0.01959560625255108
VTM-001727,DG-4b37a2da8e94,calcite,2,2,0.5,0.0011011938331648707,0.0005841634701937437,0.991172730922699,0.0071418811567127705
VTM-001754,DG-0aff49f48f24,calcite,2,2,0.5,3.5017576010432094e-05,0.0033494012895971537,0.9964324235916138,0.0001831559493439272
VTM-001757,DG-3063633380b6,calcite,2,2,0.5,3.997336079919478e-06,0.0004176994552835822,0.9995385408401489,3.977958840550855e-05
VTM-001759,DG-3d9e7ed01efa,calcite,2,2,0.5,0.0025872276164591312,0.07649501413106918,0.9147642254829407,0.006153529044240713
VTM-001772,DG-27451a125fe5,calcite,2,2,0.5,0.044995084404945374,0.16830798983573914,0.4756275713443756,0.3110693693161011
VTM-001811,DG-3b279559bd03,calcite,2,2,0.5,0.0077845389023423195,0.06457212567329407,0.9231640100479126,0.0044793435372412205
VTM-001817,DG-daecf544b159,calcite,2,2,0.5,0.007101112976670265,0.09301707148551941,0.8180354237556458,0.08184640109539032
VTM-001820,DG-61e09b39b1db,calcite,2,2,0.5,0.018910761922597885,0.032589029520750046,0.73605877161026,0.21244138479232788
VTM-001826,DG-2b3be239ed5d,calcite,2,2,0.5,5.2374300139490515e-05,0.0020271565299481153,0.9932886362075806,0.0046318890526890755
VTM-001837,DG-222b321c749f,calcite,2,3,0.5,0.10790739953517914,0.01868274249136448,0.08698376268148422,0.7864260673522949
VTM-001854,DG-dbe2173949bf,calcite,2,3,0.5,0.0002289360563736409,0.022461850196123123,0.3894777297973633,0.5878314971923828
VTM-001864,DG-50fc318b299b,calcite,2,0,0.5,0.6759210824966431,0.054649531841278076,0.20604011416435242,0.06338922679424286
VTM-001891,DG-a35ac479557c,calcite,2,2,0.5,0.0021817912347614765,0.002442812779918313,0.9868694543838501,0.008505926467478275
VTM-001892,DG-6d64aa466eec,calcite,2,2,0.5,0.00048201961908489466,0.0017269407398998737,0.9203229546546936,0.07746800780296326
VTM-001900,DG-b5bca816ebc6,calcite,2,2,0.5,0.030913222581148148,0.034336335957050323,0.9256829619407654,0.009067474864423275
VTM-001901,DG-4a6bfaa38669,calcite,2,2,0.5,0.0001982248795684427,0.03833040967583656,0.9491701722145081,0.012301192618906498
VTM-001906,DG-328464a820cf,calcite,2,2,0.5,0.0003013432724401355,0.07093296200037003,0.9202893376350403,0.00847632810473442
VTM-001909,DG-1a7b849d8231,calcite,2,3,0.5,0.0006033418467268348,0.03674628213047981,0.17530985176563263,0.787340521812439
VTM-001929,DG-b6d73aa94c94,calcite,2,0,0.5,0.8424251079559326,0.049965325742959976,0.07456810772418976,0.03304144740104675
VTM-001946,DG-eda8ba2e978a,calcite,2,2,0.5,0.00016652309568598866,0.005628512240946293,0.9912463426589966,0.002958637196570635
VTM-001952,DG-c030fba1ebb9,calcite,2,2,0.5,0.00018288069986738265,0.014511015266180038,0.9850929975509644,0.00021312665194272995
VTM-001953,DG-b3d73e512381,calcite,2,3,0.5,0.00338264973834157,0.14235882461071014,0.2901344299316406,0.5641241073608398
VTM-001960,DG-af03e3fc28cf,calcite,2,2,0.5,0.00025492149870842695,0.034248970448970795,0.9599649310112,0.005531191825866699
VTM-001968,DG-dd5d129ba4f9,calcite,2,2,0.5,0.0003414858947508037,0.06451381742954254,0.9264488816261292,0.008695807307958603
VTM-001970,DG-9832d0d63a24,calcite,2,2,0.5,6.321068212855607e-05,0.009967496618628502,0.9869483113288879,0.003020991338416934
VTM-001976,DG-fb3066c690f5,calcite,2,2,0.5,2.4269063942483626e-05,0.0020320210605859756,0.9978157877922058,0.00012792102643288672
VTM-001983,DG-dada7ee7c7b7,calcite,2,2,0.5,0.0006765000289306045,0.02163185551762581,0.9299442172050476,0.047747403383255005
VTM-001997,DG-9e06bcbc3761,calcite,2,2,0.5,0.0002891003096010536,0.023182854056358337,0.9620168805122375,0.014511157758533955
VTM-002004,DG-fc86d1207a8c,calcite,2,2,0.5,0.0012266942067071795,0.0072467089630663395,0.964033305644989,0.02749328687787056
VTM-002005,DG-3adb5fd6b8db,calcite,2,2,0.5,0.004423118662089109,0.04073718935251236,0.9220515489578247,0.032788146287202835
VTM-002047,DG-a5a67670b9c2,feldspar,2,2,0.5,0.00020926655270159245,0.0005028386949561536,0.9969502091407776,0.0023377491161227226
VTM-002059,DG-7a4ef2336533,feldspar,2,2,0.5,0.09925238788127899,0.17671170830726624,0.49537184834480286,0.22866405546665192
VTM-002066,DG-1a29328ea087,feldspar,2,1,0.5,0.04868968576192856,0.5444482564926147,0.38789740204811096,0.01896468736231327
VTM-002067,DG-c518f5543b12,feldspar,2,1,0.5,0.03715560957789421,0.9530774354934692,0.00912709441035986,0.00063982984283939
VTM-002076,DG-8af6ac114c98,feldspar,2,2,0.5,0.00012540741590783,0.0011341219069436193,0.9986867904663086,5.3664080041926354e-05
VTM-002092,DG-29e618915675,feldspar,2,2,0.5,0.0008273112471215427,0.006459204945713282,0.9796534180641174,0.013060089200735092
VTM-002095,DG-eba38ff4d979,feldspar,2,2,0.5,4.8544792662141845e-05,0.002022702945396304,0.9978408217430115,8.792867447482422e-05
VTM-002101,DG-090ddd4bbf2c,feldspar,2,2,0.5,0.00018487994384486228,0.01854696124792099,0.9807208776473999,0.0005472914781421423
VTM-002115,DG-a29f631094fd,feldspar,2,2,0.5,4.012568388134241e-05,0.25366654992103577,0.7461254596710205,0.00016789846995379776
VTM-002127,DG-d9d6e684a78e,feldspar,2,2,0.5,2.501326525816694e-05,0.00046303108683787286,0.998912513256073,0.0005994136445224285
VTM-002135,DG-d4bf152bc099,feldspar,2,2,0.5,0.027768993750214577,0.009921577759087086,0.8442851901054382,0.11802417784929276
VTM-002136,DG-69558725141a,feldspar,2,2,0.5,0.004297252278774977,0.003800333244726062,0.9603699445724487,0.03153242543339729
VTM-002142,DG-c8f9fb71cedc,feldspar,2,2,0.5,0.0018795119831338525,0.005464506335556507,0.9829656481742859,0.009690369479358196
VTM-002161,DG-317a262e2e4e,feldspar,2,1,0.5,0.00020368477271404117,0.9696894288063049,0.012582625262439251,0.01752425916492939
VTM-002178,DG-db3b3795090a,feldspar,2,2,0.5,0.013202679343521595,0.0032722989562898874,0.8015871644020081,0.18193787336349487
VTM-002182,DG-b8ef0ff6473f,feldspar,2,1,0.5,0.05816103518009186,0.926104724407196,0.003456874517723918,0.012277372181415558
VTM-002189,DG-653d9c9014db,feldspar,2,2,0.5,2.300712594660581e-06,0.02010723389685154,0.9798474907875061,4.2937652324326336e-05
VTM-002200,DG-4d249ffaf8fc,feldspar,2,2,0.5,0.0005276642041280866,0.0013302339939400554,0.9958194494247437,0.002322633983567357
VTM-002221,DG-2a6cfd65840f,feldspar,2,2,0.5,8.427094871876761e-05,0.00023217439593281597,0.9994866847991943,0.00019686840823851526
VTM-002224,DG-fc46afd88745,feldspar,2,2,0.5,0.10686992853879929,0.023705143481492996,0.8366580605506897,0.032766878604888916
VTM-002230,DG-640fabb985c0,feldspar,2,2,0.5,0.15629996359348297,0.29637715220451355,0.4936074912548065,0.05371536687016487
VTM-002231,DG-ba4d9ceceece,feldspar,2,2,0.5,0.1942848563194275,0.10744114220142365,0.4929310381412506,0.20534296333789825
VTM-002239,DG-46c8aa472fb3,feldspar,2,2,0.5,0.00018799150711856782,0.09261851757764816,0.871006965637207,0.03618647903203964
VTM-002242,DG-46eb074b82a5,feldspar,2,2,0.5,0.00011736110172932968,0.012631750665605068,0.9565120935440063,0.03073878586292267
VTM-002244,DG-dd983ea4596e,feldspar,2,2,0.5,0.0019687816966325045,0.012021450325846672,0.9750776290893555,0.010932066477835178
VTM-002273,DG-088a8e179730,feldspar,2,2,0.5,5.813145617139526e-05,0.030088430270552635,0.9689868092536926,0.0008666117209941149
VTM-002278,DG-4ecd97172434,feldspar,2,2,0.5,0.0002663679770193994,0.000931557675357908,0.9811239838600159,0.01767810620367527
VTM-002299,DG-0b3a2f900e75,feldspar,2,0,0.5,0.42522701621055603,0.0591336227953434,0.3244863748550415,0.19115298986434937
VTM-002300,DG-43c02b5ca89f,feldspar,2,2,0.5,0.0013201365945860744,0.15778884291648865,0.8405371308326721,0.0003538690507411957
VTM-002309,DG-ac3f257e3422,feldspar,2,2,0.5,0.0004531830782070756,6.265365664148703e-05,0.9969608783721924,0.0025233186315745115
VTM-002335,DG-30c595ffee50,feldspar,2,2,0.5,0.11685404181480408,0.03031643107533455,0.7886335253715515,0.06419604271650314
VTM-002342,DG-5f759f5b136c,feldspar,2,2,0.5,0.00041307875653728843,0.00038413633592426777,0.991436243057251,0.00776656111702323
VTM-002349,DG-895178d79e4d,fluorapatite,2,2,0.5,9.498366466687003e-07,0.00011786530376411974,0.9998787045478821,2.4628659502923256e-06
VTM-002351,DG-1b5611cea2b8,fluorapatite,2,2,0.5,6.689569272566587e-05,0.028236741200089455,0.9599976539611816,0.011698666960000992
VTM-002355,DG-c7a69b83ab2c,fluorapatite,2,2,0.5,0.00016428192611783743,0.004644913133233786,0.9951371550559998,5.362010051612742e-05
VTM-002386,DG-a38499df1260,fluorapatite,2,2,0.5,0.007157821673899889,0.004292480181902647,0.9854291081428528,0.003120630281046033
VTM-002394,DG-fd091724d542,fluorapatite,2,2,0.5,0.001580702606588602,0.022751178592443466,0.9473625421524048,0.02830556035041809
VTM-002398,DG-8b0f6c6f3aed,fluorapatite,2,2,0.5,1.0995363481924869e-05,0.00036168034421280026,0.9996129274368286,1.4414867109735496e-05
VTM-002413,DG-6bfdf641660f,fluorapatite,2,2,0.5,0.0012212498113512993,0.0007301513105630875,0.9869060516357422,0.011142536997795105
VTM-002425,DG-72bb26f4ed2f,fluorapatite,2,2,0.5,0.0004171970649622381,0.014070400968194008,0.9799343943595886,0.0055780112743377686
VTM-002431,DG-0eb898a1b254,fluorapatite,2,2,0.5,0.0036332295276224613,0.16686630249023438,0.8002070784568787,0.029293378815054893
VTM-002454,DG-5e7f3b249764,fluorapatite,2,2,0.5,0.010897527448832989,0.06023402884602547,0.9148256182670593,0.014042800292372704
VTM-002473,DG-055b4488fc44,fluorapatite,2,2,0.5,0.0006386079476214945,0.27043887972831726,0.726833164691925,0.002089355606585741
VTM-002479,DG-75fffc92d672,fluorapatite,2,3,0.5,0.004642918705940247,0.38636264204978943,0.1582425832748413,0.4507518708705902
VTM-002495,DG-73c150be8bd8,fluorapatite,2,2,0.5,0.000970692140981555,0.030391748994588852,0.9680715203285217,0.000565982423722744
VTM-002499,DG-9c474ff091b8,fluorapatite,2,2,0.5,3.434932295931503e-06,0.00035239921999163926,0.9995982646942139,4.590489697875455e-05
VTM-002533,DG-b3d54423379a,fluorapatite,2,2,0.5,0.000545807764865458,0.012044988572597504,0.9851690530776978,0.002240133471786976
VTM-002547,DG-b69dc469a9d2,fluorapatite,2,2,0.5,0.004840061534196138,0.2888205647468567,0.5628657937049866,0.1434735804796219
VTM-002548,DG-c4348d91f361,fluorapatite,2,2,0.5,0.0001169713941635564,0.0550103560090065,0.9447177052497864,0.00015494592662435025
VTM-002550,DG-d2db00e64eab,fluorapatite,2,0,0.5,0.6858230829238892,0.3136579096317291,0.00035460194339975715,0.00016441843763459474
VTM-002557,DG-95bd2551be4c,fluorapatite,2,2,0.5,2.6156245439779013e-05,0.0014092153869569302,0.9982492327690125,0.00031542559736408293
VTM-002558,DG-9807e26f9656,fluorapatite,2,2,0.5,0.0001320688024861738,0.005072451196610928,0.9936638474464417,0.00113162852358073
VTM-002565,DG-f337b786d141,fluorapatite,2,2,0.5,5.07656077388674e-05,0.0019072644645348191,0.9924472570419312,0.0055947378277778625
VTM-002574,DG-5d5ed2ac4514,fluorapatite,2,2,0.5,0.0008568214834667742,0.015943139791488647,0.9700613617897034,0.013138639740645885
VTM-002585,DG-0b501b4152e2,fluorapatite,2,2,0.5,0.0006437724223360419,0.004607174079865217,0.9910746216773987,0.003674450796097517
VTM-002591,DG-c9169e63495d,fluorapatite,2,2,0.5,0.00044074319885112345,0.05235261470079422,0.9265238046646118,0.020682847127318382
VTM-002593,DG-c13a0134cef1,fluorapatite,2,3,0.5,0.025036772713065147,0.016360202804207802,0.1472245156764984,0.8113784790039062
VTM-002598,DG-d985a9e434b7,fluorapatite,2,2,0.5,7.834681309759617e-05,0.006181242410093546,0.9932039976119995,0.0005364168900996447
VTM-002599,DG-3bd28fe7329e,fluorapatite,2,2,0.5,7.779571751598269e-05,0.3886444866657257,0.6110007762908936,0.000276956387097016
VTM-002602,DG-0414ed37c80e,fluorapatite,2,2,0.5,0.03280483931303024,0.2860915958881378,0.41542893648147583,0.2656746506690979
VTM-002603,DG-720ed7cb2810,fluorapatite,2,1,0.5,0.18725541234016418,0.6452949047088623,0.11871165782213211,0.04873806610703468
VTM-002605,DG-0f47d6b5986a,fluorapatite,2,2,0.5,0.010077601298689842,0.32516708970069885,0.6045777797698975,0.060177531093358994
VTM-002620,DG-2f0ec9964ed1,fluorapatite,2,2,0.5,0.0019341825973242521,0.019622819498181343,0.8434555530548096,0.13498742878437042
VTM-002623,DG-754c53cbe1d5,fluorapatite,2,2,0.5,0.013343308120965958,0.0203095693141222,0.9465795159339905,0.01976756565272808
VTM-002648,DG-54d5b5680e91,fluorapatite,2,2,0.5,0.00023321103071793914,0.0006335153011605144,0.9988241195678711,0.00030916742980480194
VTM-002649,DG-395e92d026dd,fluorapatite,2,2,0.5,0.0010696621611714363,0.42629101872444153,0.5692031383514404,0.003436153754591942
VTM-002661,DG-61345b77860e,fluorapatite,2,2,0.5,0.0002821279631461948,0.006685670465230942,0.992739737033844,0.0002924880536738783
VTM-002670,DG-0691cb88a482,fluorapatite,2,2,0.5,2.126613935615751e-06,0.00024876819225028157,0.9997081160545349,4.0965747757581994e-05
VTM-002677,DG-edddd0879fc7,fluorapatite,2,2,0.5,0.001091981423087418,0.01577296294271946,0.9229364991188049,0.060198571532964706
VTM-002701,DG-a4daf9c45a67,fluorapatite,2,2,0.5,3.591250060708262e-05,0.0009835792006924748,0.9979956150054932,0.0009849158814176917
VTM-002715,DG-d6a49c8f1849,fluorapatite,2,1,0.5,0.0016020475886762142,0.6423680186271667,0.35448312759399414,0.0015467801131308079
VTM-002716,DG-2cfb90213ded,fluorapatite,2,2,0.5,0.00011849859583890066,0.0038486639969050884,0.9842125773429871,0.011820245534181595
VTM-002722,DG-0691cb88a482,fluorapatite,2,2,0.5,1.461513306821871e-06,0.00013199257955420762,0.9998267889022827,3.970256875618361e-05
VTM-002740,DG-ca574177f774,fluorapatite,2,2,0.5,9.587231033947319e-05,0.07711318880319595,0.9185363054275513,0.004254655912518501
VTM-002741,DG-b7f56304181f,fluorapatite,2,2,0.5,0.00025655727949924767,0.01819753460586071,0.9794946312904358,0.002051236107945442
VTM-002748,DG-afec5814433b,fluorapatite,2,2,0.5,0.0034411523956805468,0.06640378385782242,0.732568085193634,0.19758696854114532
VTM-002761,DG-16fbcc8aaa70,fluorapatite,2,2,0.5,0.0004025464877486229,0.004298106767237186,0.9889968037605286,0.006302605848759413
VTM-002792,DG-8d850914e89d,fluorapatite,2,2,0.5,3.143252251902595e-05,0.0008394927135668695,0.9938965439796448,0.005232566501945257
VTM-002800,DG-f511b9cade4e,fluorapatite,2,2,0.5,0.00019705166050698608,0.00015160873590502888,0.9993742108345032,0.0002771688159555197
VTM-002818,DG-8ea8283029de,fluorapatite,2,2,0.5,0.013769206590950489,0.16517789661884308,0.7457374930381775,0.07531541585922241
VTM-002834,DG-638ed1ad3c68,fluorapatite,2,2,0.5,1.71651117852889e-05,0.00029268526122905314,0.9996448159217834,4.535811240202747e-05
VTM-002839,DG-cc6dea240596,fluorapatite,2,2,0.5,0.0009495503618381917,0.1100616306066513,0.88825923204422,0.0007296032854355872
VTM-002857,DG-305115badd02,fluorapatite,2,2,0.5,0.0001800639438442886,0.008091132156550884,0.990071177482605,0.0016575996996834874
VTM-002859,DG-ea24da9af73a,fluorapatite,2,2,0.5,0.12070132046937943,0.09543699026107788,0.45107799768447876,0.33278366923332214
VTM-002860,DG-c256a200d15c,fluorapatite,2,2,0.5,0.0021847495809197426,0.4546952545642853,0.5410707592964172,0.0020492491312325
VTM-002865,DG-63815aa98013,fluorapatite,2,2,0.5,0.0001679313718341291,0.0022256739903241396,0.9962491989135742,0.001357140950858593
VTM-002869,DG-3b4e36a4741e,fluorapatite,2,2,0.5,0.00018958862347062677,0.045407138764858246,0.9455886483192444,0.008814583532512188
VTM-002876,DG-b9538958ce5c,fluorapatite,2,2,0.5,0.0004295947728678584,0.006609546020627022,0.9923439621925354,0.0006169299012981355
VTM-002878,DG-b13147319dc3,fluorapatite,2,1,0.5,0.0021633070427924395,0.547359049320221,0.4416031241416931,0.008874572813510895
VTM-002895,DG-49e24966d221,pyroxene,2,2,0.5,8.958650869317353e-05,0.003695105202496052,0.9941524267196655,0.0020628729835152626
VTM-002900,DG-1db9b6a05f29,pyroxene,2,2,0.5,0.00014118559192866087,0.0005247417720966041,0.9990756511688232,0.0002584242611192167
VTM-002909,DG-9bbfec4037a2,pyroxene,2,2,0.5,0.00010895143350353464,0.0012606002856045961,0.998571515083313,5.891529508517124e-05
VTM-002919,DG-356ea2090c53,pyroxene,2,3,0.5,0.0005322490469552577,0.0745675340294838,0.13609011471271515,0.788810133934021
VTM-002923,DG-7caa2a775a1a,pyroxene,2,1,0.5,0.001758122118189931,0.8682841658592224,0.042544443160295486,0.08741328120231628
VTM-002924,DG-2df79f16c566,pyroxene,2,2,0.5,0.0028503620997071266,0.021495463326573372,0.9694905281066895,0.006163622252643108
VTM-002950,DG-3d20cc00fc0d,pyroxene,2,2,0.5,0.00029777633608318865,0.17386387288570404,0.8217791318893433,0.004059185273945332
VTM-002954,DG-752db4c96d17,pyroxene,2,2,0.5,0.002114127157256007,0.3260359764099121,0.6430299282073975,0.02882002480328083
VTM-002960,DG-b4542bbe4f72,pyroxene,2,1,0.5,0.0003593156288843602,0.9671539068222046,0.03197140246629715,0.0005153659731149673
VTM-002966,DG-c5b146ea09f7,pyroxene,2,1,0.5,0.0013299407437443733,0.9265767335891724,0.06826511025428772,0.00382819352671504
VTM-002971,DG-be618f087da3,pyroxene,2,1,0.5,0.03615812584757805,0.7782139778137207,0.11480043828487396,0.07082754373550415
VTM-002975,DG-54c904e58e80,pyroxene,2,1,0.5,0.012602336704730988,0.8324968814849854,0.15275177359580994,0.0021490254439413548
VTM-002977,DG-34b381a0603f,pyroxene,2,2,0.5,0.01306306105107069,0.0406632125377655,0.934015691280365,0.01225807424634695
VTM-002982,DG-2f45f8a0936b,pyroxene,2,2,0.5,6.873967504361644e-05,0.00019536384206730872,0.9997034668922424,3.247796485084109e-05
VTM-003015,DG-b48e4e8d3847,pyroxene,2,2,0.5,0.0006830139318481088,0.13692674040794373,0.856669008731842,0.005721190012991428
VTM-003042,DG-bf2b9091292d,pyroxene,2,2,0.5,9.927345672622323e-05,0.002441117074340582,0.9909139275550842,0.006545685697346926
VTM-003054,DG-f565f1f89460,pyroxene,2,2,0.5,0.005523515399545431,0.15304780006408691,0.8317773938179016,0.009651297703385353
VTM-003063,DG-511bc518eefd,pyroxene,2,2,0.5,0.009199575521051884,0.007173551246523857,0.9818286299705505,0.0017982716672122478
VTM-003081,DG-57c3496aabcc,pyroxene,2,2,0.5,0.0027131037786602974,0.026352373883128166,0.9589824676513672,0.011952043510973454
VTM-003084,DG-08f941b3adbe,pyroxene,2,2,0.5,0.2853695750236511,0.11647824943065643,0.5585522055625916,0.039600007236003876
VTM-003088,DG-84f2ccc22215,pyroxene,2,2,0.5,0.00015957783034536988,0.00011620988516369835,0.9996630549430847,6.118495366536081e-05
VTM-003102,DG-eb49f9733f96,pyroxene,2,0,0.5,0.9152699708938599,0.07873024046421051,0.004732515197247267,0.0012673435267060995
VTM-003110,DG-480f994028c5,pyroxene,2,2,0.5,0.00011016186908818781,0.0054288096725940704,0.9900771975517273,0.004383804276585579
VTM-003115,DG-1515abbb052e,pyroxene,2,2,0.5,0.0004546906566247344,0.0009320232784375548,0.9967226982116699,0.0018905329052358866
VTM-003122,DG-e3cdd9392b5d,pyroxene,2,2,0.5,0.0017505781725049019,0.08033743500709534,0.8990292549133301,0.01888267509639263
VTM-003130,DG-65e305e9a731,pyroxene,2,2,0.5,0.00351909501478076,0.0017969715408980846,0.97121262550354,0.023471323773264885
VTM-003134,DG-d21176b4a338,pyroxene,2,2,0.5,0.0004955859621986747,0.25629112124443054,0.6211949586868286,0.12201835960149765
VTM-003142,DG-67b556e03afb,pyroxene,2,2,0.5,0.00023849561694078147,0.0004365986678749323,0.9982619881629944,0.0010629176395013928
VTM-003144,DG-a84db1395699,pyroxene,2,2,0.5,0.00011538540275068954,0.034584686160087585,0.9328569173812866,0.03244296833872795
VTM-003147,DG-ac54427293e7,pyroxene,2,1,0.5,0.16955015063285828,0.5143288969993591,0.02773338370025158,0.2883875370025635
VTM-003151,DG-b43f3934bb4c,pyroxene,2,2,0.5,0.0008324406808242202,0.043142177164554596,0.676844596862793,0.27918073534965515
VTM-003155,DG-82eaf07a7bdb,pyroxene,2,2,0.5,0.00010023090726463124,6.531499820994213e-05,0.9996957778930664,0.00013868413225281984
VTM-003157,DG-66b9ad6c6148,pyroxene,2,2,0.5,0.006111867725849152,0.05207810178399086,0.9388142824172974,0.0029957336373627186
VTM-003163,DG-e8e3c3343546,pyroxene,2,2,0.5,6.522831972688437e-05,0.025664057582616806,0.8285643458366394,0.14570637047290802
VTM-003164,DG-7bc5f4203f23,pyroxene,2,2,0.5,0.0013331151567399502,0.01583840884268284,0.9521820545196533,0.03064645454287529
VTM-003175,DG-23234e6b3e43,pyroxene,2,2,0.5,0.003951485268771648,0.0185738243162632,0.9740340113639832,0.0034406448248773813
VTM-003180,DG-cc8b7babfac4,pyroxene,2,3,0.5,0.012211117893457413,0.12134945392608643,0.18926382064819336,0.6771755814552307
VTM-003184,DG-ce96664994ce,pyroxene,2,2,0.5,0.006921835243701935,0.021576503291726112,0.9692072868347168,0.0022943804506212473
VTM-003226,DG-554d6670e9b4,pyroxene,2,2,0.5,1.3094070709485095e-05,1.880224772321526e-05,0.9998980760574341,7.000553887337446e-05
VTM-003245,DG-c8f1bf1f629f,pyroxene,2,3,0.5,0.0005799858481623232,0.015074362978339195,0.030605070292949677,0.9537405967712402
VTM-003255,DG-75889ba42e57,pyroxene,2,2,0.5,0.0010483150836080313,0.010876946151256561,0.979800283908844,0.008274461142718792
VTM-003257,DG-1b195b5c368f,pyroxene,2,3,0.5,0.16746650636196136,0.1993751972913742,0.07824574410915375,0.5549125075340271
VTM-003262,DG-ce582e0b163d,pyroxene,2,2,0.5,0.0017209319630637765,0.016079258173704147,0.5988668203353882,0.3833329379558563
VTM-003265,DG-e51f3915a22a,pyroxene,2,1,0.5,0.00581677071750164,0.7574365139007568,0.22797496616840363,0.008771749213337898
VTM-003272,DG-10f6123231d7,pyroxene,2,0,0.5,0.9032549858093262,0.0944075733423233,0.0021096330601722,0.00022781662119086832
VTM-003274,DG-66e6fbd39ec0,pyroxene,2,2,0.5,9.009478526422754e-05,0.002386610023677349,0.9972162246704102,0.00030707570840604603
VTM-003288,DG-bd2202dcb2d1,pyroxene,2,0,0.5,0.4839695692062378,0.3570680618286133,0.14734385907649994,0.011618486605584621
VTM-003291,DG-30721725b06e,pyroxene,2,1,0.5,0.15348374843597412,0.430970698595047,0.21891549229621887,0.19663006067276
VTM-003299,DG-876b60276a74,pyroxene,2,2,0.5,0.17661555111408234,0.06170407682657242,0.6666353940963745,0.09504497051239014
VTM-003316,DG-8a5ae1d39e37,pyroxene,2,1,0.5,0.005839531309902668,0.5819826126098633,0.38276076316833496,0.029417091980576515
VTM-003342,DG-4f484134272f,pyroxene,2,2,0.5,5.4216401622397825e-05,0.0031486093066632748,0.9960776567459106,0.0007195711368694901
VTM-003404,DG-7657d0e328c4,quartz,2,3,0.5,0.024943726137280464,0.042415086179971695,0.3880782425403595,0.5445629954338074
VTM-003407,DG-0b23ba5e06e0,quartz,2,1,0.5,0.0017033942276611924,0.9497094750404358,0.04625691846013069,0.0023302091285586357
VTM-003409,DG-f0a359abe3c4,quartz,2,2,0.5,0.0002897520607803017,0.018578987568616867,0.9653021097183228,0.015829188749194145
VTM-003414,DG-a3d6f99fcc3a,quartz,2,2,0.5,0.0006680948426946998,0.0007210880285128951,0.9940685629844666,0.004542277194559574
VTM-003417,DG-0353e3fc5926,quartz,2,2,0.5,0.010076005011796951,0.01317956019192934,0.8439638018608093,0.13278065621852875
VTM-003436,DG-f690a11241c6,quartz,2,2,0.5,0.0006740058306604624,0.06868121773004532,0.9265262484550476,0.004118553828448057
VTM-003439,DG-3cac4d8dd485,quartz,2,2,0.5,0.005355281289666891,0.14667043089866638,0.8310330510139465,0.016941243782639503
VTM-003450,DG-0ce737ab9434,quartz,2,2,0.5,1.5780711692059413e-05,0.013201598078012466,0.9865229725837708,0.00025965311215259135
VTM-003474,DG-fa2ffff0f841,quartz,2,2,0.5,0.028222568333148956,0.008226186968386173,0.6820017695426941,0.28154948353767395
VTM-003483,DG-63fdcaf52323,quartz,2,1,0.5,0.0357760451734066,0.7825215458869934,0.16813093423843384,0.01357148215174675
VTM-003490,DG-cf859eff6b10,quartz,2,2,0.5,0.019675683230161667,0.011938394978642464,0.9616977572441101,0.0066881789825856686
VTM-003512,DG-f9160b87266c,quartz,2,2,0.5,0.0065028672106564045,0.2717248797416687,0.6111149787902832,0.11065731942653656
VTM-003526,DG-cd5ad83e643f,quartz,2,1,0.5,0.002302007284015417,0.5847440958023071,0.4128067195415497,0.00014720323088113219
VTM-003530,DG-d73f924bae0b,quartz,2,2,0.5,0.0007401330512948334,0.07382968068122864,0.9159471988677979,0.009483064524829388
VTM-003531,DG-2044b773bca3,quartz,2,2,0.5,5.875860369997099e-05,0.0038149538449943066,0.995817244052887,0.00030905837775208056
VTM-003536,DG-c2c58253d08c,quartz,2,2,0.5,0.014542412012815475,0.01127993781119585,0.6774851679801941,0.29669252038002014
VTM-003544,DG-b0f0502de98e,quartz,2,2,0.5,4.9886970373336226e-05,0.0009709084988571703,0.9983178377151489,0.0006613277364522219
VTM-003546,DG-235bdf78292f,quartz,2,2,0.5,0.00038749948726035655,0.0006180844502523541,0.9963501691818237,0.002644289517775178
VTM-003548,DG-825b1eb48440,quartz,2,1,0.5,0.011129996739327908,0.928477942943573,0.03561541810631752,0.024776650592684746
VTM-003557,DG-13ac6c1297ba,quartz,2,2,0.5,0.0008161735022440553,0.0009254268370568752,0.9500235915184021,0.048234835267066956
VTM-003560,DG-dc04b90b90db,quartz,2,2,0.5,0.0012570571852847934,0.003076538909226656,0.9834190607070923,0.012247338891029358
VTM-003580,DG-d91af8a93521,quartz,2,3,0.5,0.2125292718410492,0.016081957146525383,0.1515510231256485,0.619837760925293
VTM-003581,DG-682e91e0770e,quartz,2,2,0.5,8.768589032115415e-05,0.018209557980298996,0.9772156476974487,0.004487182945013046
VTM-003583,DG-3941e9fbcca1,quartz,2,2,0.5,0.22299887239933014,0.1373187005519867,0.575527012348175,0.0641554594039917
VTM-003615,DG-453cb9c5bd9f,quartz,2,3,0.5,0.021049493923783302,0.027433576062321663,0.04411192238330841,0.9074050188064575
VTM-003618,DG-96498eebcd64,quartz,2,2,0.5,0.0003005272301379591,0.41966712474823,0.5785397291183472,0.001492573763243854
VTM-003622,DG-9a994e08cc43,quartz,2,0,0.5,0.7263578176498413,0.2669204771518707,0.002129552187398076,0.0045921108685433865
VTM-003641,DG-46a3c925a5d0,vesuvianite,2,2,0.5,0.0007837841403670609,0.0284529160708189,0.9692842364311218,0.001479048514738679
VTM-003674,DG-4edb6d8469ab,vesuvianite,2,2,0.5,6.713253969792277e-05,0.006666366010904312,0.9919825792312622,0.00128397555090487
VTM-003676,DG-33d14e76a5db,vesuvianite,2,2,0.5,0.005319481249898672,0.07875924557447433,0.8582567572593689,0.05766448378562927
VTM-003678,DG-f017062f737e,vesuvianite,2,2,0.5,0.0012284505646675825,0.023235568776726723,0.974257230758667,0.0012786966981366277
VTM-003682,DG-31e8497079c7,vesuvianite,2,2,0.5,4.034358789795078e-05,0.0023362606298178434,0.9975190758705139,0.00010433259740239009
VTM-003686,DG-f11c31142702,vesuvianite,2,1,0.5,0.00044282712042331696,0.9923396110534668,0.007078167516738176,0.0001393263810314238
VTM-003687,DG-41072e499761,vesuvianite,2,2,0.5,0.024838965386152267,0.04589787498116493,0.9181031584739685,0.011160007677972317
VTM-003691,DG-44a7cf6b6b7e,vesuvianite,2,2,0.5,0.00013177025539334863,0.002091933973133564,0.9967877864837646,0.0009885154431685805
VTM-003701,DG-c90bdf98cbfa,vesuvianite,2,2,0.5,0.0012629074044525623,0.0006661113002337515,0.9917854070663452,0.006285598035901785
VTM-003708,DG-17a3d2fa8295,vesuvianite,2,1,0.5,0.00020745774963870645,0.9021252393722534,0.09750496596097946,0.00016228875028900802
VTM-003711,DG-2b70027d83ee,vesuvianite,2,1,0.5,0.002226211130619049,0.9675227999687195,0.028373999521136284,0.0018769389716908336
VTM-003741,DG-964867134f8a,vesuvianite,2,2,0.5,1.8978715161210857e-05,0.001976993400603533,0.9973505139350891,0.0006535311695188284
VTM-003743,DG-e4bdf2e46adc,vesuvianite,2,2,0.5,0.19027546048164368,0.01860314980149269,0.7905571460723877,0.0005642977193929255
VTM-003745,DG-ad9859357844,vesuvianite,2,2,0.5,0.002916408237069845,0.05206047743558884,0.9427602291107178,0.002262889640405774
VTM-003748,DG-433a6f5e44f1,vesuvianite,2,1,0.5,0.0002683417114894837,0.9844505786895752,0.013188857585191727,0.002092218492180109
VTM-003785,DG-d92bab69494e,vesuvianite,2,2,0.5,0.00016903407231438905,0.15812046825885773,0.8165863156318665,0.02512422762811184
VTM-003787,DG-a57f7ec315c0,vesuvianite,2,2,0.5,0.0004204151045996696,0.0008202394237741828,0.998493492603302,0.00026578744291327894
VTM-003788,DG-046f096f1511,vesuvianite,2,2,0.5,0.000651577312964946,0.015184528194367886,0.9820422530174255,0.0021216198801994324
VTM-003789,DG-b4475582d029,vesuvianite,2,2,0.5,0.0007389668026007712,0.4750508964061737,0.523398220539093,0.0008119389531202614
VTM-003790,DG-a2fb63856b79,vesuvianite,2,2,0.5,0.006011192686855793,0.29456567764282227,0.6850624680519104,0.014360588975250721
VTM-003812,DG-7b4a7d871533,vesuvianite,2,1,0.5,0.0036968672648072243,0.985808253288269,0.008837109431624413,0.0016577471978962421
VTM-003824,DG-9034054e323d,vesuvianite,2,2,0.5,0.004332925193011761,0.08510104566812515,0.9088311195373535,0.0017348886467516422
VTM-003839,DG-2cb669ba54e8,vesuvianite,2,0,0.5,0.5826622247695923,0.04039750248193741,0.13584649562835693,0.24109382927417755
VTM-003846,DG-65ee9832cb87,vesuvianite,2,2,0.5,7.242900028359145e-05,0.009145304560661316,0.9888602495193481,0.0019219797104597092
VTM-003848,DG-9a2b0302b94f,vesuvianite,2,2,0.5,0.00025277823442593217,0.030949873849749565,0.967376172542572,0.0014212011592462659
VTM-003849,DG-f0c34ebf09d4,vesuvianite,2,2,0.5,0.17531341314315796,0.25583693385124207,0.4863276183605194,0.08252206444740295
VTM-003859,DG-347607d0382b,vesuvianite,2,2,0.5,0.0004585949645843357,0.049269307404756546,0.9214841723442078,0.028787923976778984
VTM-003869,DG-a27253dc3192,vesuvianite,2,2,0.5,0.10118944197893143,0.29482302069664,0.5856144428253174,0.01837306283414364
VTM-003874,DG-e2ecc0af409b,vesuvianite,2,2,0.5,0.00014861997624393553,0.0009353556670248508,0.9987662434577942,0.0001497666962677613
VTM-003919,DG-1bfbf1409727,vesuvianite,2,1,0.5,0.0010086011607199907,0.6005303263664246,0.3971841633319855,0.0012768778251484036
VTM-003932,DG-41b2f1baf41a,vesuvianite,2,2,0.5,5.828178836964071e-05,0.008964949287474155,0.9883599877357483,0.0026167305186390877
VTM-003958,DG-e0a00790809c,vesuvianite,2,2,0.5,8.088176400633529e-06,0.0009963049087673426,0.998271644115448,0.0007239643600769341
VTM-003965,DG-bedd810d9200,vesuvianite,2,2,0.5,0.003256293013691902,0.00487242266535759,0.9885239601135254,0.003347304416820407
VTM-003971,DG-14f935be0016,vesuvianite,2,2,0.5,5.897003120480804e-06,0.0008911909535527229,0.9990922808647156,1.0664297406037804e-05
VTM-003973,DG-14d7772a2cce,vesuvianite,2,2,0.5,0.017577756196260452,0.009025800973176956,0.9620747566223145,0.011321691796183586
VTM-003982,DG-3dfd8a6197c4,vesuvianite,2,1,0.5,0.003852909430861473,0.8844316601753235,0.11053996533155441,0.0011754974257200956
VTM-003987,DG-d2aa36cd4cad,vesuvianite,2,2,0.5,0.001424215966835618,0.009740070439875126,0.9868765473365784,0.001959199085831642
VTM-003992,DG-664f9c926f0d,vesuvianite,2,2,0.5,2.8997374101891182e-05,0.0009302091784775257,0.9988133311271667,0.00022749457275494933
VTM-003993,DG-c8d252927af9,vesuvianite,2,2,0.5,0.0006872251396998763,0.010362771339714527,0.9641815423965454,0.02476850338280201
VTM-003994,DG-aa022bcd3af9,vesuvianite,2,2,0.5,1.5771862308611162e-05,0.0003721321700140834,0.9995936751365662,1.8386883311904967e-05
VTM-004019,DG-62ac0e476866,vesuvianite,2,2,0.5,0.0001297660928685218,0.002079845406115055,0.9969538450241089,0.0008365553803741932
VTM-004022,DG-5729472e6060,vesuvianite,2,2,0.5,8.847460776451044e-06,0.001889625797048211,0.9979022741317749,0.00019927632820326835
VTM-004026,DG-59e18c2e392d,vesuvianite,2,2,0.5,2.079830892398604e-06,0.0012287162244319916,0.998665988445282,0.00010320516594219953
VTM-004032,DG-92c42313ca9e,vesuvianite,2,1,0.5,0.133843332529068,0.841008722782135,0.018971282988786697,0.006176711991429329
VTM-004035,DG-331aed20574d,vesuvianite,2,1,0.5,1.2086077731510159e-05,0.6291801929473877,0.36908385157585144,0.0017238075379282236
VTM-004047,DG-60aac4edb1a5,vesuvianite,2,2,0.5,0.00015523930778726935,0.03577117994427681,0.9511065483093262,0.012967042624950409
VTM-004054,DG-173ad05db86b,vesuvianite,2,1,0.5,0.00010845947690540925,0.8198315501213074,0.17932212352752686,0.0007379279122687876
VTM-004061,DG-80e4299a55f2,vesuvianite,2,1,0.5,0.0012391897616907954,0.6669988632202148,0.32579439878463745,0.005967560224235058
VTM-004062,DG-fda72bb14ae7,vesuvianite,2,1,0.5,0.0053983647376298904,0.9371358156204224,0.05635406821966171,0.0011117090471088886
VTM-004081,DG-8ac6e9f112e0,vesuvianite,2,2,0.5,4.509140853770077e-05,0.003415375715121627,0.9964939951896667,4.559337321552448e-05
VTM-004092,DG-01ecf59f1948,vesuvianite,2,2,0.5,0.005889167543500662,0.36337757110595703,0.5791636109352112,0.05156964436173439
VTM-004113,DG-89a5aebd31ed,vesuvianite,2,1,0.5,0.0003336264635436237,0.5165829658508301,0.4826328456401825,0.00045056475210003555
VTM-004144,DG-ff495648bcfe,chalcopyrite,3,3,0.5,0.002768878825008869,0.33186978101730347,0.09090649336576462,0.5744548439979553
VTM-004148,DG-7a808857c1de,chalcopyrite,3,3,0.5,0.21174606680870056,0.008702277205884457,0.0010633217170834541,0.7784883379936218
VTM-004150,DG-72700ebf1a10,chalcopyrite,3,0,0.5,0.3767862319946289,0.15136510133743286,0.269588828086853,0.2022598683834076
VTM-004153,DG-9fc1b8c7f218,chalcopyrite,3,0,0.5,0.9129759073257446,0.019306045025587082,0.003733888966962695,0.063984215259552
VTM-004170,DG-31610024be9a,chalcopyrite,3,3,0.5,0.00043353403452783823,0.008520690724253654,0.14211055636405945,0.8489352464675903
VTM-004171,DG-d38a8f6caf2f,chalcopyrite,3,0,0.5,0.7902567386627197,0.08723492175340652,0.02315792813897133,0.09935043752193451
VTM-004175,DG-59972296a1e6,chalcopyrite,3,1,0.5,0.013258256018161774,0.8244761228561401,0.1448736935853958,0.01739189215004444
VTM-004179,DG-cb7067e0a2de,chalcopyrite,3,3,0.5,0.004433268215507269,0.04366612061858177,0.005981192458420992,0.945919394493103
VTM-004185,DG-8af24c38bfa8,chalcopyrite,3,0,0.5,0.8399645090103149,0.04356517270207405,0.007171785458922386,0.10929848253726959
VTM-004200,DG-f51e3b6143c9,chalcopyrite,3,3,0.5,0.012458140030503273,0.004048645496368408,0.04527202248573303,0.9382212162017822
VTM-004208,DG-bfc092792a30,chalcopyrite,3,3,0.5,0.011282539926469326,0.22218835353851318,0.045145515352487564,0.7213835716247559
VTM-004215,DG-d0acb4073816,chalcopyrite,3,3,0.5,0.009363596327602863,0.16822263598442078,0.011636048555374146,0.8107777237892151
VTM-004219,DG-d4597052e10d,chalcopyrite,3,3,0.5,0.006980061065405607,0.007034416310489178,0.0026027346029877663,0.9833828210830688
VTM-004225,DG-fc9a0444f124,chalcopyrite,3,3,0.5,0.00618361122906208,0.1031954362988472,0.0061855074018239975,0.8844354152679443
VTM-004239,DG-7569fb280464,chalcopyrite,3,3,0.5,0.2076175957918167,0.20990990102291107,0.10961313545703888,0.47285938262939453
VTM-004240,DG-e7201c8d338c,chalcopyrite,3,0,0.5,0.6660682559013367,0.1336027979850769,0.01402369700372219,0.18630528450012207
VTM-004271,DG-f9d7beaf8ef5,chalcopyrite,3,3,0.5,0.13980147242546082,0.2809793949127197,0.11557652801275253,0.4636426866054535
VTM-004281,DG-2443ef981653,chalcopyrite,3,3,0.5,0.01594928652048111,0.019192369654774666,0.008774920366704464,0.9560834169387817
VTM-004283,DG-de01f8117480,chalcopyrite,3,3,0.5,0.17125587165355682,0.005934391636401415,0.0607418455183506,0.7620678544044495
VTM-004323,DG-78f090bd2c22,chalcopyrite,3,3,0.5,0.07388272136449814,0.011964562349021435,0.030996987596154213,0.8831557035446167
VTM-004337,DG-40f5e70ee74e,chalcopyrite,3,3,0.5,0.0039863307029008865,0.015379910357296467,0.0009627958061173558,0.9796710014343262
VTM-004345,DG-558153121fa4,chalcopyrite,3,3,0.5,8.856301428750157e-05,0.0008414624026045203,0.0007321391021832824,0.9983378052711487
VTM-004351,DG-ef83122b59ea,chalcopyrite,3,1,0.5,0.0021940895821899176,0.5719791650772095,0.009494977071881294,0.41633179783821106
VTM-004362,DG-61658f23e19c,chalcopyrite,3,3,0.5,0.00023955829965416342,0.0003030833322554827,0.00118378852494061,0.9982735514640808
VTM-004374,DG-eff36311887f,chalcopyrite,3,3,0.5,0.0956524983048439,0.3356672525405884,0.02300470694899559,0.54567551612854
VTM-004377,DG-2a2b23af86d3,chalcopyrite,3,3,0.5,0.21145665645599365,0.15135610103607178,0.19140467047691345,0.44578254222869873
VTM-004386,DG-1b585ce795e1,chalcopyrite,3,3,0.5,0.008190353401005268,0.003684629686176777,0.06223112344741821,0.9258938431739807
VTM-004389,DG-be60846a7a22,chalcopyrite,3,3,0.5,0.12564703822135925,0.00215312116779387,0.0002909064351115376,0.871908962726593
VTM-004414,DG-56a4cd02b9dc,chalcopyrite,3,3,0.5,4.740247459267266e-05,0.00021485933393705636,0.0002901936531998217,0.9994475245475769
VTM-004419,DG-ce5675e7567f,chalcopyrite,3,3,0.5,0.0417964942753315,0.03081371635198593,0.02472739852964878,0.9026623964309692
VTM-004420,DG-d531c03d0d41,chalcopyrite,3,3,0.5,0.013494551181793213,0.025087669491767883,0.0800948292016983,0.8813229203224182
VTM-004439,DG-c3d4fb4d54f4,chalcopyrite,3,3,0.5,0.004760051611810923,0.01329005416482687,0.057437606155872345,0.9245122671127319
VTM-004444,DG-23edd22db05f,chalcopyrite,3,3,0.5,0.3839677572250366,0.07627655565738678,0.015705659985542297,0.5240499973297119
VTM-004456,DG-9bb8899d2da4,goethite,3,0,0.5,0.5378419160842896,0.08984780311584473,0.09385156631469727,0.27845877408981323
VTM-004459,DG-cabab94531cf,goethite,3,3,0.5,0.00043762041605077684,0.001802088227123022,0.005643113981932402,0.992117166519165
VTM-004461,DG-b80d1a70b842,goethite,3,3,0.5,0.004612550605088472,0.005556908436119556,0.018453383818268776,0.9713771939277649
VTM-004464,DG-065613283a37,goethite,3,3,0.5,1.5003305634309072e-05,5.494205470313318e-05,0.0006169838015921414,0.9993130564689636
VTM-004467,DG-68dfbe9fc626,goethite,3,0,0.5,0.5671709179878235,0.04814697057008743,0.0026370342820882797,0.38204509019851685
VTM-004469,DG-a28e80b9f2c0,goethite,3,1,0.5,0.14581650495529175,0.4058331549167633,0.06896564364433289,0.37938469648361206
VTM-004476,DG-4c1d977bcd75,goethite,3,3,0.5,0.0010225861333310604,0.0012870795326307416,0.0011842267122119665,0.9965061545372009
VTM-004484,DG-cd8495fa2f0b,goethite,3,3,0.5,0.002511615864932537,0.020420337095856667,0.2776545286178589,0.699413537979126
VTM-004500,DG-78cc5b879191,goethite,3,3,0.5,0.07107000052928925,0.013690203428268433,0.18162591755390167,0.7336138486862183
VTM-004503,DG-0a825a208653,goethite,3,3,0.5,0.00011516403901623562,4.0152124711312354e-05,4.0279824133904185e-06,0.9998406171798706
VTM-004511,DG-23977d96146f,goethite,3,0,0.5,0.7657141089439392,0.0797092393040657,0.0013007165398448706,0.1532759964466095
VTM-004519,DG-1f687c2db65d,goethite,3,0,0.5,0.6994646191596985,0.07309005409479141,0.0003706520074047148,0.22707463800907135
VTM-004530,DG-cc712ac9c2d7,goethite,3,0,0.5,0.8063560724258423,0.16178753972053528,0.0009861469734460115,0.030870279297232628
VTM-004531,DG-9c05e9914f9a,goethite,3,3,0.5,0.0002863077388610691,0.0007985516567714512,0.00026988331228494644,0.9986453056335449
VTM-004540,DG-af95c50fc051,goethite,3,0,0.5,0.6470324993133545,0.26618561148643494,0.06828964501619339,0.018492214381694794
VTM-004543,DG-70fd62b78c20,goethite,3,3,0.5,0.08826667070388794,0.1272229701280594,0.0986463725566864,0.6858639717102051
VTM-004547,DG-01ea05d4e823,goethite,3,3,0.5,0.00014188211935106665,0.0004445895610842854,0.0004450629639904946,0.9989684820175171
VTM-004564,DG-51434bfb4254,goethite,3,3,0.5,0.0036726302932947874,0.05141790583729744,0.2711259424686432,0.673783540725708
VTM-004570,DG-9682827fe872,goethite,3,3,0.5,0.16898110508918762,0.009847698733210564,0.009436087682843208,0.8117350935935974
VTM-004600,DG-d325b4dea695,goethite,3,1,0.5,0.08923891186714172,0.4506053030490875,0.04054569453001022,0.4196101427078247
VTM-004602,DG-e3cb63300161,goethite,3,3,0.5,0.0005791602889075875,0.0072065312415361404,0.018474986776709557,0.9737393260002136
VTM-004603,DG-4ec95c54e334,goethite,3,0,0.5,0.5525121092796326,0.4026128947734833,0.009930399246513844,0.0349445603787899
VTM-004625,DG-41b637f0fbe6,goethite,3,3,0.5,0.02980637736618519,0.16962891817092896,0.26339221000671387,0.5371724963188171
VTM-004631,DG-09bf4466051a,goethite,3,3,0.5,0.003244895488023758,0.00048467968008480966,0.00023477699141949415,0.996035635471344
VTM-004635,DG-fdc355a7dec4,goethite,3,3,0.5,0.00190054252743721,0.00890240166336298,0.012800121679902077,0.976396918296814
VTM-004678,DG-d90cb4153a5b,goethite,3,3,0.5,0.0036476023960858583,0.017757907509803772,0.0016062986105680466,0.9769881963729858
VTM-004682,DG-7645ba962935,goethite,3,3,0.5,0.00040191790321841836,0.003238172736018896,0.0001749215298332274,0.9961850047111511
VTM-004708,DG-669019ccd893,goethite,3,3,0.5,0.08463597297668457,0.007922904565930367,0.003097790526226163,0.90434330701828
VTM-004721,DG-74fb4361c489,hematite,3,3,0.5,1.667642209213227e-05,0.0002700584882404655,0.00022324256133288145,0.9994900226593018
VTM-004730,DG-78b1059d0583,hematite,3,2,0.5,0.026318924501538277,0.03784136101603508,0.9093361496925354,0.02650359645485878
VTM-004743,DG-096a124d4a3f,hematite,3,0,0.5,0.5100873708724976,0.46054285764694214,0.002996789989992976,0.02637292630970478
VTM-004747,DG-48f1ce6216a0,hematite,3,0,0.5,0.4388117790222168,0.1432231068611145,0.13755223155021667,0.280412882566452
VTM-004765,DG-9aafa4069410,hematite,3,3,0.5,1.0077053957502358e-05,0.00011413951142458245,5.4413667385233566e-05,0.9998213648796082
VTM-004766,DG-fd091f622a97,hematite,3,3,0.5,1.1440843081800267e-06,3.501469473121688e-05,1.647517092351336e-05,0.9999473690986633
VTM-004778,DG-3b4847c6a9ba,hematite,3,1,0.5,0.15619733929634094,0.6047061681747437,0.017554165795445442,0.2215423285961151
VTM-004793,DG-0469e78bdfe2,hematite,3,3,0.5,0.00017968029715120792,0.001765071996487677,0.0024274904280900955,0.9956278204917908
VTM-004794,DG-2e455278b5bf,hematite,3,0,0.5,0.9335849285125732,0.006827399600297213,0.0009022265439853072,0.058685436844825745
VTM-004822,DG-d654285443e3,hematite,3,2,0.5,0.0735723227262497,0.24073070287704468,0.37882766127586365,0.3068693280220032
VTM-004837,DG-6956fcc63d56,hematite,3,0,0.5,0.7468010187149048,0.06444529443979263,0.10276556015014648,0.08598814904689789
VTM-004838,DG-3f9b6d4b18df,hematite,3,0,0.5,0.7272475361824036,0.19204553961753845,0.06841250509023666,0.012294437736272812
VTM-004852,DG-1b06392a3296,hematite,3,1,0.5,0.3165550231933594,0.3790743052959442,0.234015092253685,0.0703556016087532
VTM-004857,DG-c54cd35230e0,hematite,3,3,0.5,0.0004126797430217266,0.001465091248974204,0.00029670275398530066,0.9978255033493042
VTM-004859,DG-36609173255a,hematite,3,1,0.5,0.11395449191331863,0.4312891662120819,0.37814009189605713,0.07661622017621994
VTM-004861,DG-6c5840f9c802,hematite,3,2,0.5,0.2866002321243286,0.04189739748835564,0.6342183351516724,0.03728409856557846
VTM-004892,DG-0b02904cd2d9,hematite,3,3,0.5,0.005452979821711779,0.34255731105804443,0.00437766732648015,0.6476120948791504
VTM-004896,DG-e17f060ff120,hematite,3,3,0.5,4.263989831088111e-05,0.0007072252919897437,0.002839978551492095,0.9964101910591125
VTM-004903,DG-03ee3b4153cc,hematite,3,3,0.5,0.09911152720451355,0.28642600774765015,0.012135813012719154,0.6023265719413757
VTM-004906,DG-95bf1947a845,hematite,3,2,0.5,0.000899989390745759,0.006999278906732798,0.8793951869010925,0.1127055287361145
VTM-004920,DG-07cbb5f19a24,hematite,3,1,0.5,0.009951071813702583,0.9414113759994507,0.015022593550384045,0.03361491858959198
VTM-004925,DG-01b1cd8733a9,hematite,3,0,0.5,0.4139721393585205,0.10081158578395844,0.13423597812652588,0.350980281829834
VTM-004929,DG-8bdd6c1aed64,hematite,3,0,0.5,0.5069347620010376,0.033956270664930344,0.011174595914781094,0.4479343891143799
VTM-004945,DG-460c9ad66097,hematite,3,3,0.5,0.0006941586034372449,0.001541772042401135,5.3384679631562904e-05,0.9977107048034668
VTM-004950,DG-99abd46a80cb,hematite,3,3,0.5,0.0021749765146523714,0.02075287327170372,0.04124833643436432,0.9358238577842712
VTM-004956,DG-5d3b8ae242a0,hematite,3,3,0.5,0.2855302691459656,0.019709208980202675,0.004877984058111906,0.6898825764656067
VTM-004960,DG-4bd8424d7cae,hematite,3,2,0.5,0.004189268685877323,0.16055446863174438,0.6432670950889587,0.19198913872241974
VTM-004981,DG-22744ff5e14b,hematite,3,3,0.5,0.21201945841312408,0.010297825559973717,0.00065957335755229,0.7770231366157532
VTM-004985,DG-11457cca95ac,hematite,3,1,0.5,0.18740062415599823,0.764746367931366,0.0013877369929105043,0.04646521806716919
VTM-004993,DG-acfb9bdcc3cf,hematite,3,0,0.5,0.41675662994384766,0.23443332314491272,0.003248221706598997,0.34556177258491516
VTM-005003,DG-5447e42b6406,hematite,3,3,0.5,0.0034053523559123278,0.005675002466887236,0.004670998081564903,0.9862486720085144
VTM-005016,DG-844028dd8403,hematite,3,1,0.5,0.003734631696715951,0.5340178608894348,0.00020264124032109976,0.4620448648929596
VTM-005032,DG-e68258975a20,pyrite,3,3,0.5,0.00026879156939685345,0.013147461228072643,0.004191961605101824,0.9823917746543884
VTM-005046,DG-00f1b8ed170b,pyrite,3,3,0.5,0.04594602808356285,0.2854211628437042,0.04638180881738663,0.622251033782959
VTM-005069,DG-fa8b5bfd0ab3,pyrite,3,3,0.5,0.0010980722727254033,0.02788364142179489,0.009021030738949776,0.9619972705841064
VTM-005096,DG-a634e7073d04,pyrite,3,1,0.5,0.19529928267002106,0.6576999425888062,0.08232280611991882,0.06467794626951218
VTM-005098,DG-501371f40309,pyrite,3,3,0.5,0.017729464918375015,0.2724006474018097,0.26718059182167053,0.44268935918807983
VTM-005103,DG-ec13d88396e7,pyrite,3,0,0.5,0.5130435824394226,0.34035390615463257,0.015604134649038315,0.1309983730316162
VTM-005104,DG-304532e046df,pyrite,3,3,0.5,0.02639824151992798,0.013261206448078156,0.06265326589345932,0.8976872563362122
VTM-005139,DG-015a32b12348,pyrite,3,3,0.5,0.00345575506798923,0.013623920269310474,0.0032912814058363438,0.9796290397644043
VTM-005146,DG-032eabb14027,pyrite,3,3,0.5,0.04300299286842346,0.3001728653907776,0.2703779637813568,0.3864462375640869
VTM-005148,DG-ccd0f38ea4fb,pyrite,3,2,0.5,0.0005706122028641403,0.005023281555622816,0.8533333539962769,0.14107273519039154
VTM-005150,DG-68b61c1855d0,pyrite,3,3,0.5,0.00024122987815644592,0.005712960846722126,0.0006591448909603059,0.9933866262435913
VTM-005178,DG-2d82b0c36628,pyrite,3,1,0.5,0.10534679144620895,0.8574357628822327,0.0208954606205225,0.016321955248713493
VTM-005179,DG-22318c3695fc,pyrite,3,0,0.5,0.7538067698478699,0.04384281486272812,0.13622720539569855,0.06612321734428406
VTM-005182,DG-b51949e7b2e2,pyrite,3,3,0.5,0.3493579626083374,0.026678774505853653,0.023048250004649162,0.6009150147438049
VTM-005186,DG-133501d926ee,pyrite,3,0,0.5,0.7930867671966553,0.1939437985420227,0.0017111662309616804,0.011258269660174847
VTM-005189,DG-7d07d7ad37f5,pyrite,3,0,0.5,0.5981771945953369,0.04956148564815521,0.03790954500436783,0.31435179710388184
VTM-005193,DG-d2ed5d9bd90f,pyrite,3,1,0.5,0.01582123152911663,0.6217907071113586,0.017861705273389816,0.34452638030052185
VTM-005198,DG-3633fe244d35,pyrite,3,3,0.5,0.007768962997943163,0.00412794528529048,0.004276162013411522,0.9838269352912903
VTM-005202,DG-017a1586ac26,pyrite,3,3,0.5,0.02707960456609726,0.027234690263867378,0.006426350679248571,0.9392593502998352
VTM-005207,DG-6017bfeda9e7,pyrite,3,3,0.5,0.006456668954342604,0.088980533182621,0.2147998958826065,0.6897628903388977
VTM-005217,DG-702ece6d59e9,pyrite,3,3,0.5,0.018963078036904335,0.22972939908504486,0.04567685350775719,0.7056306600570679
VTM-005231,DG-67b3b274b33d,pyrite,3,3,0.5,1.3167565157345962e-05,0.0009598315809853375,0.00011891214671777561,0.9989081025123596
VTM-005233,DG-3f49b5293f42,pyrite,3,3,0.5,0.003961820155382156,0.06881807744503021,0.07320056855678558,0.8540195226669312
VTM-005246,DG-6cf1f58edb8e,pyrite,3,1,0.5,0.0002579088322818279,0.6820128560066223,0.04076579958200455,0.2769634425640106
VTM-005254,DG-b366a9bbbfdc,pyrite,3,3,0.5,0.006551370490342379,0.12393060326576233,0.16869965195655823,0.7008183598518372
VTM-005263,DG-3081169c4d16,pyrite,3,3,0.5,9.282000246457756e-05,0.00039507579640485346,0.000181412193342112,0.9993306398391724
VTM-005279,DG-5efc7d4471ce,pyrite,3,3,0.5,0.3274749517440796,0.0675099641084671,0.14567561447620392,0.4593394100666046
VTM-005287,DG-821438e5afc8,pyrite,3,3,0.5,0.15504726767539978,0.016123078763484955,9.727220458444208e-05,0.8287323713302612
VTM-005296,DG-62f666f1f7d4,pyrite,3,1,0.5,0.006524262484163046,0.9302193522453308,0.050542112439870834,0.012714236043393612
VTM-005297,DG-fdedff800ed0,pyrite,3,3,0.5,0.00010777582792798057,0.017378268763422966,0.008792143315076828,0.9737218618392944
VTM-005299,DG-a2326fc94eee,pyrite,3,3,0.5,0.02481650374829769,0.08075902611017227,0.0001723430905258283,0.8942520618438721
VTM-005322,DG-0c3de4f93a38,pyrite,3,3,0.5,0.0013381261378526688,0.000872032658662647,0.01835513673722744,0.9794347286224365
VTM-005326,DG-e910e3f49fea,anatase,1,1,0.5,0.3099778890609741,0.661097526550293,0.0010147658176720142,0.02790980599820614
VTM-005331,DG-5f284b9ab285,anatase,1,1,0.5,0.00020489234884735197,0.6113345623016357,0.3655252158641815,0.022935347631573677
VTM-005340,DG-08fc7ca0ee43,anatase,1,1,0.5,0.09402386844158173,0.8817374110221863,0.009494399651885033,0.014744363725185394
VTM-005352,DG-d661883affb5,anatase,1,1,0.5,0.032885607331991196,0.9200388193130493,0.021726395934820175,0.025349203497171402
VTM-005390,DG-91ddb121536e,anatase,1,1,0.5,0.003321962896734476,0.9845730662345886,0.0043250396847724915,0.007779883686453104
VTM-005395,DG-eebed15869ea,anatase,1,1,0.5,0.005285196006298065,0.990835964679718,0.0006401447462849319,0.0032386616803705692
VTM-005428,DG-7ca04967fc70,anatase,1,1,0.5,0.003404560498893261,0.8106632232666016,0.16239768266677856,0.02353455312550068
VTM-005449,DG-b8a06e08904b,anatase,1,1,0.5,0.08733066916465759,0.4026193916797638,0.3628603219985962,0.14718961715698242
VTM-005453,DG-a05a1d13fa58,anatase,1,1,0.5,0.00012905981566291302,0.9948269724845886,0.0036734691821038723,0.0013705036835744977
VTM-005464,DG-8668abb677a8,anatase,1,1,0.5,0.39504966139793396,0.5500903129577637,0.022716084495186806,0.03214386850595474
VTM-005483,DG-08fd4e6eb819,anatase,1,3,0.5,0.0021147907245904207,0.17342853546142578,0.10734438896179199,0.7171123027801514
VTM-005486,DG-05835c7394fc,anatase,1,1,0.5,0.008238487876951694,0.9846827387809753,0.005083566531538963,0.001995222410187125
VTM-005489,DG-a933844c528e,anatase,1,1,0.5,0.00018710512085817754,0.9817153811454773,0.01801997795701027,7.754543185001239e-05
VTM-005492,DG-1e84688727c2,anatase,1,2,0.5,0.0002640916791278869,0.11237466335296631,0.8555254340171814,0.03183579072356224
VTM-005495,DG-35d05e76a1e4,anatase,1,1,0.5,0.005143026355654001,0.8002850413322449,0.006575019098818302,0.18799695372581482
VTM-005497,DG-2f7b734c4d3f,anatase,1,1,0.5,0.007620540447533131,0.6300761103630066,0.1322038173675537,0.23009951412677765
VTM-005502,DG-143164061d3f,anatase,1,2,0.5,1.6303705706377514e-05,0.1199549213051796,0.8788349628448486,0.001193784992210567
VTM-005503,DG-b2f7b89a5d59,anatase,1,1,0.5,0.0011581707512959838,0.9740099310874939,0.021991262212395668,0.0028406421188265085
VTM-005509,DG-1913cbe162bf,anatase,1,1,0.5,0.0006688949069939554,0.9984862208366394,7.899626507423818e-05,0.0007659078692086041
VTM-005524,DG-a6efa3a4bd5e,anatase,1,1,0.5,0.012189649045467377,0.8823878765106201,0.0792718157172203,0.02615060843527317
VTM-005526,DG-018f484e962b,anatase,1,1,0.5,0.0018712274031713605,0.7349293231964111,0.2574644088745117,0.005735049955546856
VTM-005535,DG-19630caf0210,anatase,1,1,0.5,0.006927409674972296,0.9844509363174438,0.004278108477592468,0.004343559965491295
VTM-005541,DG-437a22bd4b75,anatase,1,1,0.5,0.008948566392064095,0.9074301719665527,0.0798061415553093,0.0038151582702994347
VTM-005556,DG-5ac03a5b098a,anatase,1,1,0.5,0.007209595758467913,0.9899956583976746,0.0024702746886759996,0.00032448049751110375
VTM-005559,DG-5e649737437c,anatase,1,1,0.5,0.00025497289607301354,0.9230403304100037,0.06932713836431503,0.007377517409622669
VTM-005573,DG-95b3f913041d,anatase,1,1,0.5,0.0035149897448718548,0.9482837915420532,0.04583961144089699,0.002361552556976676
VTM-005587,DG-c05ff4d0658f,anatase,1,1,0.5,0.0386245958507061,0.850365400314331,0.04451775550842285,0.06649225205183029
VTM-005589,DG-6a87321591d3,anatase,1,3,0.5,0.006070558913052082,0.26837894320487976,0.061701055616140366,0.6638494729995728
VTM-005593,DG-0bb8a19fed9c,anatase,1,1,0.5,0.0027475664392113686,0.9945958256721497,0.0004675267555285245,0.0021891421638429165
VTM-005611,DG-0075b5b5203e,anatase,1,2,0.5,0.338750958442688,0.03129972517490387,0.598711371421814,0.031237997114658356
VTM-005616,DG-e8f3c4a4ddbe,anatase,1,1,0.5,0.001408538082614541,0.9956865310668945,0.002570059383288026,0.0003348920145072043
VTM-005627,DG-0918327ceb98,anatase,1,1,0.5,0.00025991100119426847,0.9944595694541931,0.005263910628855228,1.661118949414231e-05
VTM-005634,DG-ac174b3dacbd,anatase,1,1,0.5,0.04125664010643959,0.9163611531257629,0.009499942883849144,0.03288229554891586
VTM-005637,DG-6423433b4791,anatase,1,1,0.5,0.002306366106495261,0.8229074478149414,0.17006491124629974,0.004721290431916714
VTM-005644,DG-2e6ce45f5804,anatase,1,1,0.5,0.029454616829752922,0.8388206958770752,0.12646682560443878,0.005257910117506981
VTM-005650,DG-f4d96675fa63,anatase,1,1,0.5,0.005476275458931923,0.9853403568267822,0.00795886293053627,0.0012245217803865671
VTM-005694,DG-753f0a6acc81,anatase,1,1,0.5,0.0019319610437378287,0.9920899271965027,0.002829690231010318,0.0031484279315918684
VTM-005706,DG-c6cb0c15edb5,anatase,1,1,0.5,0.2062290459871292,0.7890782952308655,0.003993963822722435,0.0006987230735830963
VTM-005713,DG-c75e838a9a39,anatase,1,1,0.5,0.00367156183347106,0.9544820189476013,0.02432922087609768,0.01751723326742649
VTM-005714,DG-704e78d247cd,anatase,1,1,0.5,0.0002294020523549989,0.9970114827156067,0.0027308259159326553,2.8257640224182978e-05
VTM-005716,DG-2b7787fb7377,anatase,1,1,0.5,0.023270035162568092,0.7617676258087158,0.20844130218029022,0.0065210429020226
VTM-005719,DG-95a61af36fc5,anatase,1,1,0.5,0.13445404171943665,0.5172269940376282,0.31388723850250244,0.03443170711398125
VTM-005723,DG-0950b4611e57,anatase,1,1,0.5,0.0016211495967581868,0.9556929469108582,0.03036241978406906,0.012323488481342793
VTM-005729,DG-0138cb5de0f1,anatase,1,1,0.5,0.026195451617240906,0.8841967582702637,0.011797976680099964,0.07780980318784714
VTM-005737,DG-99d0a20e12b6,anatase,1,1,0.5,0.00414587976410985,0.9843394160270691,0.00604504207149148,0.00546971196308732
VTM-005738,DG-2dd4417a219b,anatase,1,1,0.5,0.07003419101238251,0.5721625089645386,0.09518284350633621,0.2626204490661621
VTM-005748,DG-4fe9810a7a49,anatase,1,1,0.5,0.011088475584983826,0.5974407196044922,0.35131171345710754,0.04015909135341644
VTM-005753,DG-9e611cf8cd76,anatase,1,1,0.5,0.005434830207377672,0.6492183208465576,0.2884855568408966,0.056861381977796555
VTM-005769,DG-6a683c4287f3,anatase,1,1,0.5,0.036103177815675735,0.9372910261154175,0.021797319874167442,0.004808456636965275
VTM-005778,DG-e8f5c39b1e5f,anatase,1,1,0.5,0.08043041825294495,0.8307724595069885,0.0018689204007387161,0.08692818880081177
VTM-005783,DG-b0eea1a8994e,anatase,1,0,0.5,0.6805096864700317,0.24933503568172455,0.003985007759183645,0.06617029011249542
VTM-005788,DG-caffc409a326,anatase,1,1,0.5,0.02265951782464981,0.9606274366378784,0.0018816461088135839,0.014831434935331345
VTM-005794,DG-5298828429ac,anatase,1,1,0.5,0.00030494850943796337,0.976707935333252,0.022518981248140335,0.00046816313988529146
VTM-005796,DG-cec129814706,anatase,1,1,0.5,0.016348231583833694,0.950572669506073,0.01872406341135502,0.014355015009641647
VTM-005800,DG-37d3baa89970,anatase,1,1,0.5,0.007153162732720375,0.9913364052772522,0.000539979082532227,0.0009703967371024191
VTM-005810,DG-fca86bffb33e,anatase,1,1,0.5,0.09493056684732437,0.8317278623580933,0.019550302997231483,0.05379130318760872
VTM-005821,DG-58eeb83a9c63,anatase,1,1,0.5,0.0002877918304875493,0.9932767152786255,0.005455965641885996,0.0009794891811907291
VTM-005827,DG-edc03d6ecb71,anatase,1,1,0.5,0.001126683782786131,0.9822120070457458,0.004063163883984089,0.012598112225532532
VTM-005851,DG-4f3271f89d95,anatase,1,1,0.5,0.002533624181523919,0.9305662512779236,0.046269740909338,0.020630432292819023
VTM-005855,DG-c74b93f18057,anatase,1,1,0.5,0.18481506407260895,0.6945689916610718,0.012475455179810524,0.10814052820205688
VTM-005861,DG-61d3d6c8c87c,anatase,1,1,0.5,0.004323297645896673,0.7742351293563843,0.13629122078418732,0.08515036106109619
VTM-005867,DG-3b43c5c2e58b,anatase,1,1,0.5,0.006513293832540512,0.9907615780830383,0.0005720459739677608,0.002153105800971389
VTM-005870,DG-97346d76139a,anatase,1,1,0.5,0.0026870695874094963,0.9859286546707153,0.003925371449440718,0.007458905689418316
VTM-005890,DG-46606a614238,anatase,1,1,0.5,0.0012133184354752302,0.928472101688385,0.06915789842605591,0.0011566468747332692
VTM-005902,DG-a8ac8ad14256,anatase,1,0,0.5,0.5564810633659363,0.4395039677619934,0.0018014966044574976,0.00221351464278996
VTM-005915,DG-4dc1bacef99f,anatase,1,1,0.5,0.0033739011269062757,0.9771913886070251,0.010231641121208668,0.009203094057738781
VTM-005920,DG-a68ef6de3d18,anatase,1,1,0.5,0.0008402871317230165,0.8605785965919495,0.00925417896360159,0.12932690978050232
VTM-005925,DG-33344f20b5a2,anatase,1,1,0.5,0.0001313718967139721,0.9962173104286194,0.0035540065728127956,9.733113256515935e-05
VTM-005933,DG-c818071813bf,anatase,1,3,0.5,0.0028995522297918797,0.23118525743484497,0.013833500444889069,0.7520816922187805
VTM-005944,DG-6efb26817eb7,anatase,1,1,0.5,0.004313838202506304,0.8054562211036682,0.15589375793933868,0.0343361459672451
VTM-005966,DG-28c08b04eb3c,anatase,1,1,0.5,0.011201892048120499,0.9842857718467712,0.0010135604534298182,0.003498789155855775
VTM-005981,DG-51bd1cbd4407,anatase,1,3,0.5,0.012483789585530758,0.3503488302230835,0.1355149894952774,0.5016523003578186
VTM-006016,DG-535997e25c60,anatase,1,1,0.5,0.001599339535459876,0.9651027917861938,0.030789148062467575,0.002508737612515688
VTM-006024,DG-af2c248871cb,anatase,1,2,0.5,0.0016705665038898587,0.27093106508255005,0.7233723402023315,0.004026027396321297
VTM-006053,DG-d78d2dfe2bcf,anatase,1,1,0.5,0.001613713800907135,0.937087893486023,0.05840365216135979,0.002894769422709942
VTM-006054,DG-50b9aa80cda0,anatase,1,1,0.5,0.02485547587275505,0.8472647070884705,0.07626672089099884,0.05161309987306595
VTM-006068,DG-c8fcb201edad,anatase,1,1,0.5,0.03663010522723198,0.698758602142334,0.19379425048828125,0.07081703841686249
VTM-006071,DG-ce7b9b5c89fb,anatase,1,1,0.5,0.20343054831027985,0.7617766261100769,0.008748529478907585,0.026044240221381187
VTM-006091,DG-15a1d3e070d6,anatase,1,3,0.5,0.00022959208581596613,0.007153285667300224,0.00032641267171129584,0.9922906756401062
VTM-006093,DG-124f665ca336,anatase,1,1,0.5,0.0018747203284874558,0.8587841391563416,0.1368609219789505,0.0024802410043776035
VTM-006102,DG-102cb58042c5,anatase,1,1,0.5,0.0010292159859091043,0.9969448447227478,0.0014579332200810313,0.0005680342437699437
VTM-006117,DG-c10118bf2fc4,anatase,1,1,0.5,0.0034787096083164215,0.9676286578178406,0.023092975839972496,0.005799674894660711
VTM-006124,DG-879e7de0c026,anatase,1,1,0.5,0.00041238017729483545,0.9793128371238708,0.018883099779486656,0.001391655532643199
VTM-006129,DG-41d7b86a478c,anatase,1,0,0.5,0.49241316318511963,0.4218183755874634,0.021103082224726677,0.06466533988714218
VTM-006142,DG-b4e542e9ac78,anatase,1,1,0.5,0.020158512517809868,0.9016380906105042,0.010661856271326542,0.06754152476787567
VTM-006182,DG-70a55a31be3a,anatase,1,1,0.5,0.002353946678340435,0.758470356464386,0.21541208028793335,0.023763591423630714
VTM-006183,DG-1c570684a421,anatase,1,3,0.5,0.038723625242710114,0.08438161015510559,0.05333585664629936,0.8235588669776917
VTM-006185,DG-6bd6b14c4c53,anatase,1,1,0.5,0.01797044649720192,0.9395211338996887,0.006881277542561293,0.035627152770757675
VTM-006190,DG-2e99b61428e0,anatase,1,0,0.5,0.6215912103652954,0.2850680351257324,0.013429960235953331,0.07991081476211548
VTM-006192,DG-62ef89151ec7,anatase,1,1,0.5,0.002143103862181306,0.9893989562988281,0.006281936075538397,0.0021759492810815573
VTM-006206,DG-c25a5b6d8dc2,anatase,1,1,0.5,0.00758205633610487,0.9904206991195679,0.0008326633251272142,0.001164604676887393
VTM-006208,DG-0bef47ac71ef,anatase,1,1,0.5,0.01177921425551176,0.9844451546669006,0.0007031089626252651,0.0030725342221558094
VTM-006212,DG-6305eb515c1f,anatase,1,1,0.5,9.961762407328933e-05,0.9995196461677551,0.0003551615518517792,2.557970947236754e-05
VTM-006213,DG-4cae2018f0f0,anatase,1,2,0.5,0.00012014225649181753,0.31106746196746826,0.6860311031341553,0.002781289629638195
VTM-006233,DG-108a7fa19e82,anatase,1,1,0.5,0.01070912554860115,0.9185299873352051,0.05473379045724869,0.016027051955461502
VTM-006235,DG-896bfb106724,anatase,1,1,0.5,0.0013763736933469772,0.991929292678833,0.003367679426446557,0.0033266581594944
VTM-006249,DG-422106ee301b,anatase,1,1,0.5,0.0012991740368306637,0.7253458499908447,0.26763367652893066,0.005721276625990868
VTM-006251,DG-e51486f34f05,anatase,1,1,0.5,0.0026681695599108934,0.961296558380127,0.03304469957947731,0.002990594832226634
VTM-006259,DG-c1c9a9676dc6,anatase,1,3,0.5,0.007048051804304123,0.33560895919799805,0.20095232129096985,0.4563905894756317
VTM-006262,DG-fbf7eb9f2758,anatase,1,1,0.5,0.029500139877200127,0.9352144598960876,0.013710755854845047,0.02157467044889927
VTM-006268,DG-b7ec71c2e85f,anatase,1,1,0.5,0.005503715947270393,0.983571469783783,0.010461173951625824,0.0004636544326785952
VTM-006279,DG-b90c71da1aa5,anatase,1,1,0.5,0.00017830191063694656,0.9984495639801025,0.0009698027861304581,0.00040234834887087345
VTM-006285,DG-8f5c4b4d6175,anatase,1,2,0.5,0.031147468835115433,0.410595178604126,0.5513255000114441,0.006931867450475693
VTM-006291,DG-02083579fa1d,anatase,1,1,0.5,0.001254161004908383,0.8542769551277161,0.1438055783510208,0.0006632909062318504
VTM-006298,DG-ffbaffb49a43,anatase,1,1,0.5,0.003245609113946557,0.5760419964790344,0.12140202522277832,0.2993103861808777
VTM-006321,DG-7b036add4354,anatase,1,3,0.5,0.0031935994047671556,0.07193836569786072,0.4612608551979065,0.46360719203948975
VTM-006322,DG-74cc152408e0,anatase,1,1,0.5,0.03140274062752724,0.968363881111145,8.028271986404434e-05,0.00015309604350477457
VTM-006327,DG-7e1396ca7a35,anatase,1,3,0.5,0.012716427445411682,0.035533517599105835,0.0785118043422699,0.8732382655143738
VTM-006347,DG-897e59b4cf20,anatase,1,1,0.5,0.0008531385101377964,0.9903338551521301,0.005375811830163002,0.003437177976593375
VTM-006357,DG-1b3ceae68f1f,anatase,1,1,0.5,0.010543578304350376,0.8260327577590942,0.15810559689998627,0.005318074952811003
VTM-006361,DG-338e12f998d7,anatase,1,1,0.5,0.15899500250816345,0.6239035129547119,0.025361698120832443,0.1917397826910019
VTM-006365,DG-323f826eaea6,anatase,1,1,0.5,0.002426185877993703,0.9745074510574341,0.004606835078448057,0.018459588289260864
VTM-006368,DG-b1eeff37b7fd,anatase,1,1,0.5,0.16732951998710632,0.8228757381439209,0.002243869239464402,0.007550824899226427
VTM-006375,DG-3c531322b93a,anatase,1,2,0.5,0.0004595648788381368,0.21292045712471008,0.7803601622581482,0.00625981530174613
VTM-006387,DG-9417fe92c8db,anatase,1,1,0.5,0.014677973464131355,0.5068086981773376,0.20242179930210114,0.2760915458202362
VTM-006393,DG-8974b0d72e55,anatase,1,2,0.5,0.00033241338678635657,0.04073762148618698,0.9544839859008789,0.004446019884198904
VTM-006417,DG-db452fb236d9,anatase,1,1,0.5,0.001518322853371501,0.8529837727546692,0.1223435029387474,0.02315441146492958
VTM-006453,DG-b9ab4dd8fb50,anatase,1,1,0.5,0.0001805174397304654,0.9301058650016785,0.05926408991217613,0.010449578985571861
VTM-006464,DG-ab9fc938710a,anatase,1,1,0.5,0.010908102616667747,0.9475595951080322,0.03840361908078194,0.0031286636367440224
VTM-006481,DG-05b3d79ae8b7,anatase,1,0,0.5,0.8959596157073975,0.0459921732544899,0.0007239534752443433,0.05732426792383194
VTM-006487,DG-6f2871ac92e1,anatase,1,1,0.5,0.007453558500856161,0.8919285535812378,0.09188738465309143,0.008730549365282059
VTM-006492,DG-cbd27693ee57,anatase,1,0,0.5,0.9062000513076782,0.08080308884382248,0.00200909492559731,0.010987784713506699
VTM-006493,DG-7999f931d5ba,anatase,1,1,0.5,0.14602409303188324,0.810032308101654,0.02649817429482937,0.017445417121052742
VTM-006494,DG-05c2991265ef,anatase,1,0,0.5,0.7770698666572571,0.22078165411949158,0.0004778577422257513,0.0016706271562725306
VTM-006497,DG-39ae48330312,anatase,1,1,0.5,0.0034793412778526545,0.9778280854225159,0.010523911565542221,0.008168675005435944
VTM-006518,DG-2676465b66af,perovskite,1,3,0.5,0.01768338307738304,0.2060829997062683,0.16431771218776703,0.6119159460067749
VTM-006522,DG-63a0ea025e3e,perovskite,1,3,0.5,0.0011670582462102175,0.09903669357299805,0.10659283399581909,0.7932033538818359
VTM-006528,DG-e01087093ce8,perovskite,1,1,0.5,0.0011865915730595589,0.9814255237579346,0.016126524657011032,0.0012613229919224977
VTM-006531,DG-26addbb97201,perovskite,1,3,0.5,0.006638628430664539,0.08136007934808731,0.08007892966270447,0.8319224119186401
VTM-006542,DG-d8e7ee065cb5,perovskite,1,1,0.5,0.043020863085985184,0.6815606951713562,0.2666332423686981,0.008785218000411987
VTM-006551,DG-b747ce216092,perovskite,1,3,0.5,0.1292264312505722,0.16377820074558258,0.04209337756037712,0.6649020314216614
VTM-006571,DG-28a47dc4856c,perovskite,1,1,0.5,0.0010780086740851402,0.9913302659988403,0.007497777231037617,9.3955582997296e-05
VTM-006572,DG-c0bbfe1a7c56,perovskite,1,0,0.5,0.8091128468513489,0.14311634004116058,0.027560530230402946,0.020210305228829384
VTM-006586,DG-6ee1f44d1bfd,perovskite,1,3,0.5,0.20025312900543213,0.22817085683345795,0.038055483251810074,0.5335206389427185
VTM-006597,DG-e8acbc88b6b1,perovskite,1,1,0.5,0.010626970790326595,0.6002541780471802,0.3833540976047516,0.005764753092080355
VTM-006603,DG-2996b3918309,perovskite,1,1,0.5,0.001933865831233561,0.9672031998634338,0.03037283569574356,0.000490109552629292
VTM-006608,DG-52df5dde0067,perovskite,1,1,0.5,0.4953506290912628,0.5040722489356995,0.00028888092492707074,0.0002882230037357658
VTM-006610,DG-424dffb4d12f,perovskite,1,0,0.5,0.8821013569831848,0.0666171982884407,0.0011504581198096275,0.05013100430369377
VTM-006632,DG-7d8f733ea114,perovskite,1,1,0.5,0.2202293425798416,0.7746656537055969,0.0005587968043982983,0.004546213895082474
VTM-006634,DG-8769ac73102b,perovskite,1,1,0.5,0.01677050068974495,0.9179307818412781,0.040983136743307114,0.02431558631360531
VTM-006640,DG-b2e0b9a9e609,perovskite,1,1,0.5,0.11340421438217163,0.6958913207054138,0.047119416296482086,0.1435849666595459
VTM-006650,DG-9774b36a4d98,perovskite,1,2,0.5,0.0025016851723194122,0.24911130964756012,0.7457269430160522,0.0026600430719554424
VTM-006664,DG-f693bb8f8322,perovskite,1,1,0.5,0.21857158839702606,0.6921011209487915,0.07252848893404007,0.01679878495633602
VTM-006684,DG-ecd11b19f85b,perovskite,1,1,0.5,0.004695873241871595,0.5665525197982788,0.21322526037693024,0.21552634239196777
VTM-006691,DG-bd7181e57e75,perovskite,1,1,0.5,0.004140021745115519,0.9442200660705566,0.041208524256944656,0.010431393049657345
VTM-006701,DG-445c33c368a2,perovskite,1,1,0.5,0.06785497069358826,0.8967803716659546,0.007290949579328299,0.02807367779314518
VTM-006709,DG-c109ef508679,perovskite,1,1,0.5,0.011941500008106232,0.9823938012123108,0.0013520970242097974,0.004312586504966021
VTM-006724,DG-b6d16c8156c3,perovskite,1,1,0.5,0.0813433974981308,0.9097247123718262,0.006052143406122923,0.002879716921597719
VTM-006728,DG-54098345499f,perovskite,1,1,0.5,0.00023975520161911845,0.5723012685775757,0.0018658802146092057,0.4255931079387665
VTM-006743,DG-8c42a130c03c,perovskite,1,1,0.5,0.21116992831230164,0.774243175983429,0.004363708198070526,0.01022316049784422
VTM-006749,DG-3dbaf3a5ceae,perovskite,1,0,0.5,0.9201213121414185,0.07352945953607559,0.001173672848381102,0.005175581201910973
VTM-006758,DG-631dba844d66,perovskite,1,1,0.5,0.07938408106565475,0.8565186262130737,0.002324971603229642,0.06177232414484024
VTM-006787,DG-2eeb761325f0,perovskite,1,2,0.5,0.2449483573436737,0.0725877583026886,0.6734946966171265,0.008969144895672798
VTM-006803,DG-7f2edf2bb05a,perovskite,1,0,0.5,0.4883638918399811,0.45481571555137634,0.02999391220510006,0.026826517656445503
VTM-006813,DG-5e9556247882,perovskite,1,1,0.5,0.0036566276103258133,0.8723812699317932,0.12148541212081909,0.0024767115246504545
VTM-006816,DG-48639e0e780e,perovskite,1,1,0.5,0.018676957115530968,0.9702345728874207,0.006603483110666275,0.004485023207962513
VTM-006825,DG-162fd13f9aa1,perovskite,1,1,0.5,0.010804726742208004,0.9825142621994019,0.005887348670512438,0.0007936559850350022
VTM-006832,DG-2bdc8e99e86c,perovskite,1,1,0.5,0.13672305643558502,0.8229969143867493,0.020444726571440697,0.019835254177451134
VTM-006851,DG-44d70a6edaff,perovskite,1,1,0.5,0.19089408218860626,0.7978190183639526,0.01101598609238863,0.0002709080872591585
VTM-006857,DG-80ecad8594fb,perovskite,1,1,0.5,0.000492724240757525,0.8349546790122986,0.16366997361183167,0.0008825701079331338
VTM-006861,DG-14e9cb9d296e,perovskite,1,1,0.5,0.005885134916752577,0.984528660774231,0.005119051784276962,0.0044671716168522835
VTM-006863,DG-c7c1fd656b76,perovskite,1,1,0.5,0.1098342016339302,0.5740388631820679,0.2702155113220215,0.04591144993901253
VTM-006876,DG-d722aacc00e6,perovskite,1,1,0.5,0.43703192472457886,0.5352725982666016,0.0007631168118678033,0.026932382956147194
VTM-006886,DG-6a30a901d3d6,perovskite,1,1,0.5,0.011710043996572495,0.9827234148979187,0.004879617132246494,0.0006869361968711019
VTM-006900,DG-ffe4b9e0e07f,rutile,1,1,0.5,0.34187063574790955,0.5521531701087952,0.04046601057052612,0.06551013886928558
VTM-006907,DG-8a8d74cb9b22,rutile,1,0,0.5,0.5091611742973328,0.44804051518440247,0.02794775180518627,0.014850589446723461
VTM-006921,DG-43c5c620e5f8,rutile,1,3,0.5,0.01343942154198885,0.2860891819000244,0.20945881307125092,0.4910125434398651
VTM-006925,DG-2e4c5e64b2c7,rutile,1,3,0.5,0.0020537003874778748,0.10953152924776077,0.008428663946688175,0.8799861073493958
VTM-006927,DG-715c1a669dc5,rutile,1,2,0.5,0.0011842703679576516,0.03299959376454353,0.961194634437561,0.004621528089046478
VTM-006937,DG-ff8b96ebca77,rutile,1,1,0.5,0.0067374808713793755,0.7519699335098267,0.13037468492984772,0.11091788113117218
VTM-006942,DG-14d465340fd2,rutile,1,1,0.5,0.004424079786986113,0.9488168954849243,0.030728228390216827,0.016030829399824142
VTM-006958,DG-0e7cb96e3008,rutile,1,1,0.5,0.0019064740044996142,0.9636530876159668,0.027288878336548805,0.007151548285037279
VTM-006964,DG-9a6db654cf83,rutile,1,1,0.5,0.0005163238383829594,0.9763920903205872,0.01216196920722723,0.010929636657238007
VTM-006993,DG-fc94c8d6a511,rutile,1,1,0.5,5.065133882453665e-05,0.9991655945777893,0.00022986762633081526,0.0005539087578654289
VTM-006997,DG-3210510c03ac,rutile,1,1,0.5,0.002961166203022003,0.6655322909355164,0.030147898942232132,0.3013586401939392
VTM-006999,DG-67c4cb87ba6d,rutile,1,1,0.5,0.012480517849326134,0.7245955467224121,0.0047424002550542355,0.25818154215812683
VTM-007000,DG-cb8394f349bd,rutile,1,1,0.5,0.000663654413074255,0.8970263600349426,0.10154692828655243,0.0007630730979144573
VTM-007003,DG-d4bd8511f2dc,rutile,1,1,0.5,0.0026064212433993816,0.9673466086387634,0.018676677718758583,0.011370280757546425
VTM-007016,DG-852ef39aee31,rutile,1,1,0.5,0.011152914725244045,0.8574387431144714,0.126714825630188,0.00469348905608058
VTM-007019,DG-2c7bf1dac137,rutile,1,1,0.5,9.361009688291233e-06,0.9992015957832336,0.00042202690383419394,0.00036697732866741717
VTM-007020,DG-6dadea707760,rutile,1,1,0.5,0.015444856137037277,0.7721421718597412,0.20437896251678467,0.008033988066017628
VTM-007021,DG-0cb808e4d44c,rutile,1,3,0.5,6.767936429241672e-05,0.017159750685095787,0.018407799303531647,0.964364767074585
VTM-007033,DG-59ba6e165a41,rutile,1,1,0.5,0.0389041006565094,0.6605827212333679,0.014816712588071823,0.28569650650024414
VTM-007036,DG-a6b0c64e9f4d,rutile,1,2,0.5,0.007898088544607162,0.4020683169364929,0.5886117815971375,0.0014218472642824054
VTM-007046,DG-0c07312b0be0,rutile,1,1,0.5,0.00041810012771748006,0.9912555813789368,0.0005239425227046013,0.00780236953869462
VTM-007056,DG-c937488cd9f4,rutile,1,2,0.5,0.00026033559697680175,0.4458625018596649,0.5295031070709229,0.024374013766646385
VTM-007073,DG-408bf3f465f4,rutile,1,1,0.5,9.072814282262698e-05,0.9983028173446655,0.0015051495283842087,0.00010134921467397362
VTM-007085,DG-2888a0c25838,rutile,1,1,0.5,0.0004301413719076663,0.5379828214645386,0.4614150822162628,0.00017193082021549344
VTM-007087,DG-6d984a5d73d6,rutile,1,1,0.5,0.0023446308914572,0.9854189157485962,0.008562004193663597,0.003674423322081566
VTM-007095,DG-ad37acc6ccfc,rutile,1,2,0.5,0.348665714263916,0.21825803816318512,0.35616645216941833,0.07690979540348053
VTM-007098,DG-22291fe8f8dd,rutile,1,1,0.5,0.0013160832459107041,0.9848395586013794,0.0005786939291283488,0.013265629298985004
VTM-007099,DG-56fe18c68eeb,rutile,1,2,0.5,0.016010707244277,0.06848212331533432,0.8319655060768127,0.08354169130325317
VTM-007105,DG-2f7620e4780c,rutile,1,1,0.5,0.0041219377890229225,0.844784677028656,0.041167326271533966,0.10992608219385147
VTM-007149,DG-0b1d7bd7951b,rutile,1,0,0.5,0.468864768743515,0.12722815573215485,0.39416542649269104,0.009741676039993763
VTM-007164,DG-5b8d51428770,rutile,1,1,0.5,0.003805934451520443,0.9894954562187195,0.005573570262640715,0.0011250649113208055
VTM-007165,DG-322a36a2f334,rutile,1,1,0.5,0.0005054290522821248,0.9832583069801331,0.0009390703635290265,0.015297150239348412
VTM-007166,DG-1d36d06af42d,rutile,1,1,0.5,0.0054160612635314465,0.9257906675338745,0.060707174241542816,0.008086058311164379
VTM-007176,DG-e8ca41604711,rutile,1,1,0.5,0.0020593409426510334,0.7922497987747192,0.2018277794122696,0.0038631220813840628
VTM-007181,DG-8811686b2d28,rutile,1,2,0.5,0.0007252315990626812,0.10463322699069977,0.8903997540473938,0.004241777118295431
VTM-007186,DG-2389a7d9a905,rutile,1,1,0.5,0.34979647397994995,0.3791098892688751,0.16216298937797546,0.10893065482378006
VTM-007193,DG-b2626767fa0a,rutile,1,1,0.5,0.05714242905378342,0.5209115743637085,0.39086151123046875,0.031084420159459114
VTM-007196,DG-20fdc744e5bb,rutile,1,1,0.5,0.007213528733700514,0.8926287889480591,0.0006839954876340926,0.09947367757558823
VTM-007201,DG-fbd4e827ad27,rutile,1,3,0.5,0.06413282454013824,0.07009873539209366,0.12451254576444626,0.7412558794021606
VTM-007213,DG-aca26e27c569,rutile,1,1,0.5,0.25657567381858826,0.7290419340133667,0.0027873350773006678,0.011595017276704311
VTM-007220,DG-50099618518d,rutile,1,1,0.5,0.012232417240738869,0.9410139322280884,0.0031774439848959446,0.04357623681426048
VTM-007236,DG-b2cd8d07c3f0,rutile,1,0,0.5,0.7584809064865112,0.08062385022640228,0.018919188529253006,0.14197605848312378
VTM-007240,DG-c8f09985c1be,rutile,1,0,0.5,0.6944565176963806,0.11840367317199707,0.01319543831050396,0.173944354057312
VTM-007245,DG-81422215b21f,rutile,1,0,0.5,0.692389965057373,0.1267993301153183,0.10047251731157303,0.08033820986747742
VTM-007253,DG-4cbb2583aed0,rutile,1,1,0.5,0.0009270136943086982,0.9049747586250305,0.025441845878958702,0.06865639239549637
VTM-007254,DG-dd0d4cfd9ac1,rutile,1,1,0.5,0.03049542009830475,0.9156302809715271,0.030499450862407684,0.02337483875453472
VTM-007255,DG-4ed42c6f009b,rutile,1,0,0.5,0.6792392730712891,0.2656170129776001,0.047063231468200684,0.008080491796135902
VTM-007267,DG-de1d96d11d9b,rutile,1,1,0.5,0.0010708533227443695,0.7503587603569031,0.22074125707149506,0.027829181402921677
VTM-007275,DG-38ac20f26b75,rutile,1,0,0.5,0.8759982585906982,0.123045414686203,0.0005085163284093142,0.0004478306509554386
VTM-007288,DG-eaf1d6e05d87,rutile,1,0,0.5,0.5912880301475525,0.272668719291687,0.01916155032813549,0.11688175797462463
VTM-007289,DG-2c4bb16b01a6,rutile,1,1,0.5,0.0041772136464715,0.7812713980674744,0.21282616257667542,0.0017252314137294888
VTM-007290,DG-c8fa370ebb81,rutile,1,1,0.5,0.0019280774286016822,0.8021285533905029,0.03693585842847824,0.1590074747800827
VTM-007294,DG-dfd6d11f4897,rutile,1,1,0.5,0.0009023569873534143,0.7473674416542053,0.25131890177726746,0.0004113117465749383
VTM-007321,DG-4333b71779ff,rutile,1,1,0.5,0.03238936886191368,0.9666411876678467,0.0006134260329417884,0.0003560710756573826
VTM-007339,DG-0ee74fe9a852,rutile,1,1,0.5,0.007817517034709454,0.944258451461792,0.0018138018203899264,0.04611022397875786
VTM-007355,DG-1d353f1aa1f3,rutile,1,1,0.5,0.0011755116283893585,0.6488140821456909,0.32973790168762207,0.02027251198887825
VTM-007384,DG-24c510bcbca7,rutile,1,2,0.5,0.00020941215916536748,0.09262701123952866,0.9068151712417603,0.0003484373155515641
VTM-007387,DG-64e565a92e23,rutile,1,1,0.5,0.009690848179161549,0.929063618183136,0.033635303378105164,0.02761024795472622
VTM-007405,DG-4588c0cae059,rutile,1,1,0.5,0.03495461121201515,0.9237396717071533,0.006901025306433439,0.034404654055833817
VTM-007421,DG-7ae3034c3673,rutile,1,2,0.5,0.0004424836952239275,0.0856005996465683,0.8957902789115906,0.018166640773415565
VTM-007424,DG-edaed25bd48d,rutile,1,1,0.5,0.0029252166859805584,0.5776789784431458,0.30902016162872314,0.11037570983171463
VTM-007426,DG-143bf5680ba9,rutile,1,1,0.5,0.00013423743075691164,0.5754266977310181,0.42421793937683105,0.0002211939136032015
VTM-007439,DG-1ccd81fbcd86,rutile,1,2,0.5,0.000641605700366199,0.13699598610401154,0.8585175275802612,0.003844855586066842
VTM-007440,DG-d204ab09731c,rutile,1,1,0.5,0.001906160730868578,0.9681991338729858,0.021474123001098633,0.008420560508966446
VTM-007443,DG-0a3b6d2c584b,rutile,1,1,0.5,0.002102792961522937,0.4291980564594269,0.39366695284843445,0.17503221333026886
VTM-007472,DG-0144f325e475,rutile,1,2,0.5,0.0009702940005809069,0.06460310518741608,0.910430371761322,0.023996198549866676
VTM-007500,DG-2248787e4a99,rutile,1,1,0.5,0.0005066753947176039,0.8457366228103638,0.004545729607343674,0.14921097457408905
VTM-007502,DG-40122b21b668,rutile,1,3,0.5,0.005152036901563406,0.041257478296756744,0.0346180759370327,0.9189724326133728
VTM-007507,DG-07ba58f6c8e6,rutile,1,1,0.5,0.0029731933027505875,0.9887563586235046,0.004609602969139814,0.0036608302034437656
VTM-007511,DG-ee64c1e9b7ae,rutile,1,1,0.5,0.0047376216389238834,0.8670138716697693,0.061117008328437805,0.06713148206472397
VTM-007518,DG-bf5da77fdfc4,rutile,1,1,0.5,0.014690636657178402,0.9412573575973511,0.025943191722035408,0.018108775839209557
VTM-007520,DG-999767261867,rutile,1,1,0.5,7.424417708534747e-05,0.9840508699417114,0.01575237512588501,0.00012248328130226582
VTM-007543,DG-b8a15ebcb160,rutile,1,3,0.5,0.004837244749069214,0.16852162778377533,0.0005017758230678737,0.8261393904685974
VTM-007550,DG-89b97ed8459c,rutile,1,1,0.5,0.074125736951828,0.8555393815040588,0.0023750539403408766,0.06795980781316757
VTM-007552,DG-b9390d7bfca8,rutile,1,1,0.5,0.014800358563661575,0.9771565198898315,0.0035102376714348793,0.004532882943749428
VTM-007554,DG-09ea0a858e04,rutile,1,1,0.5,0.01316008996218443,0.972377359867096,0.010636487044394016,0.0038260919973254204
VTM-007559,DG-b21d90bc4b33,rutile,1,2,0.5,0.12287794798612595,0.3675106465816498,0.47622841596603394,0.03338298201560974
VTM-007560,DG-01766a6276d7,rutile,1,0,0.5,0.870597243309021,0.12756071984767914,0.0015397993847727776,0.0003022259916178882
VTM-007571,DG-07e454f9029d,rutile,1,2,0.5,0.002623702632263303,0.2525859773159027,0.6858289837837219,0.058961376547813416
VTM-007575,DG-fbd2c27d0a56,rutile,1,1,0.5,0.002236682455986738,0.9020087122917175,0.05945132300257683,0.0363033264875412
VTM-007581,DG-4a9bb931071c,rutile,1,1,0.5,0.15720129013061523,0.8000534176826477,0.0225200317800045,0.020225264132022858
VTM-007585,DG-941a829fd7aa,rutile,1,1,0.5,0.01149317342787981,0.6333327293395996,0.023775817826390266,0.33139821887016296
VTM-007599,DG-2e12f01042cf,rutile,1,1,0.5,0.062131840735673904,0.9246705770492554,0.00605323351919651,0.007144321221858263
VTM-007629,DG-d6e94e89c8d7,rutile,1,1,0.5,0.06373801082372665,0.9352100491523743,0.00010510663560125977,0.0009468504576943815
VTM-007664,DG-508dbf90e213,rutile,1,1,0.5,0.07563606649637222,0.630040168762207,0.05349099636077881,0.24083270132541656
VTM-007676,DG-d68e9ed8b464,rutile,1,1,0.5,0.004213796462863684,0.9591649174690247,0.03544456884264946,0.0011767164105549455
VTM-007690,DG-72f4c4b7720d,rutile,1,1,0.5,0.03625895082950592,0.9540319442749023,0.002805499592795968,0.00690365070477128
VTM-007717,DG-06c7fb994d30,rutile,1,1,0.5,0.002307675778865814,0.9943462610244751,0.0005083964206278324,0.00283765303902328
VTM-007729,DG-918a6d0500ca,rutile,1,3,0.5,0.04015837609767914,0.33982256054878235,0.04212280735373497,0.577896237373352
VTM-007737,DG-2772a0787aac,rutile,1,2,0.5,0.06209380924701691,0.2651744782924652,0.5834864974021912,0.0892452597618103
VTM-007742,DG-06075c2663ba,rutile,1,0,0.5,0.5120233297348022,0.4649013876914978,0.011495775543153286,0.011579522863030434
VTM-007744,DG-6c3fdd27f0d7,rutile,1,1,0.5,0.0029900665394961834,0.45774102210998535,0.10464955866336823,0.43461939692497253
VTM-007769,DG-7783d1eb7e2b,rutile,1,2,0.5,0.0014024418778717518,0.07834921032190323,0.9185234308242798,0.0017248864751309156
VTM-007770,DG-4e72c1481a58,rutile,1,2,0.5,0.0016304190503433347,0.14509056508541107,0.8485519289970398,0.004727099556475878
VTM-007772,DG-d922f973fbea,rutile,1,0,0.5,0.8873733878135681,0.10714545845985413,0.004227533470839262,0.0012536532012745738
VTM-007776,DG-7fd7f52e46c6,rutile,1,1,0.5,0.0003263246326241642,0.9988396167755127,0.0006224094540812075,0.00021166657097637653
VTM-007781,DG-99de372173d9,rutile,1,0,0.5,0.5063770413398743,0.2751103639602661,0.18523523211479187,0.033277370035648346
VTM-007785,DG-dd6c9fe7ceb8,rutile,1,1,0.5,0.049548663198947906,0.764410674571991,0.003468772629275918,0.1825718730688095
VTM-007808,DG-842d6962d527,rutile,1,1,0.5,0.0009521775646135211,0.9979544878005981,0.0009570713737048209,0.0001362573093501851
VTM-007810,DG-c21fdb00571a,rutile,1,1,0.5,0.012144122272729874,0.8365060091018677,0.0954340249300003,0.05591583997011185
VTM-007818,DG-4bb220f6b606,rutile,1,1,0.5,0.14439909160137177,0.7064865827560425,0.1473938524723053,0.001720517291687429
VTM-007825,DG-e214f68fdf49,rutile,1,0,0.5,0.9416652321815491,0.0363222137093544,0.011263048276305199,0.010749531909823418
VTM-007853,DG-d4b40b74ebfa,rutile,1,1,0.5,0.00012283120304346085,0.9520857334136963,0.0016849435633048415,0.04610647261142731
VTM-007868,DG-a2f920f286aa,rutile,1,0,0.5,0.9956935048103333,0.003690107259899378,0.00017567227769177407,0.00044075545156374574
VTM-007874,DG-33a1e3e9d1b0,rutile,1,1,0.5,0.0063951811753213406,0.6707512736320496,0.021351363509893417,0.30150213837623596
VTM-007904,DG-92edea4b7ce2,rutile,1,1,0.5,0.0004923995584249496,0.9923554062843323,0.004553212318569422,0.0025989592541009188
VTM-007920,DG-afe8bd531267,rutile,1,1,0.5,0.004529781173914671,0.879569411277771,0.10571540147066116,0.010185410268604755
VTM-007926,DG-59cbf3101c8a,rutile,1,1,0.5,0.0006168524269014597,0.6603319048881531,0.22354909777641296,0.11550219357013702
VTM-007927,DG-1f28dc20ffb5,rutile,1,1,0.5,0.0023647192865610123,0.9844843149185181,0.006381878163665533,0.006769051309674978
VTM-007941,DG-84f5cbd5d534,rutile,1,1,0.5,0.10179536789655685,0.6496976613998413,0.20869795978069305,0.03980903699994087
VTM-007946,DG-fcca23e495eb,rutile,1,1,0.5,0.004305103328078985,0.9951322078704834,0.0004969371948391199,6.575440056622028e-05
VTM-007959,DG-5088c4fceb2d,rutile,1,1,0.5,0.024607697501778603,0.9406968355178833,0.013725192286074162,0.02097027190029621
VTM-007964,DG-13b289d67ee7,rutile,1,1,0.5,0.0010068053379654884,0.9954491257667542,0.0019341796869412065,0.001609896426089108
VTM-007971,DG-86ace21c89cd,rutile,1,0,0.5,0.8267743587493896,0.1545618176460266,0.014642065390944481,0.004021741449832916
VTM-007972,DG-ca53ea5ff064,rutile,1,1,0.5,0.0003001635195687413,0.7684654593467712,0.16393038630485535,0.06730404496192932
VTM-007983,DG-9e6b7bd121b3,rutile,1,0,0.5,0.9641500115394592,0.033330224454402924,0.0006931518437340856,0.0018266045954078436
VTM-007987,DG-893cead3977a,rutile,1,1,0.5,0.0032466016709804535,0.9507189393043518,0.02165328338742256,0.024381225928664207
VTM-007990,DG-4c3c3495fd64,rutile,1,1,0.5,0.0002844913105946034,0.8335520625114441,0.1656952202320099,0.00046818554983474314
VTM-008004,DG-7600f3fdf664,rutile,1,1,0.5,0.35316190123558044,0.45235487818717957,0.09469255059957504,0.09979065507650375
VTM-008005,DG-6274573a2579,rutile,1,1,0.5,0.008892805315554142,0.9596320390701294,0.010091380216181278,0.021383779123425484
VTM-008034,DG-60a8e8e0cdf8,rutile,1,1,0.5,0.019473720341920853,0.9722224473953247,0.0075478400103747845,0.0007559725199826062
VTM-008041,DG-9f9b1a014ec5,rutile,1,0,0.5,0.8214094042778015,0.09627720713615417,0.011598203331232071,0.07071514427661896
VTM-008043,DG-4c7e20a8a769,rutile,1,0,0.5,0.9384087324142456,0.05720268562436104,0.0021375976502895355,0.0022509766276925802
VTM-008049,DG-a1eb88917e54,rutile,1,1,0.5,0.09415525943040848,0.8898245692253113,0.0029622449073940516,0.013057973235845566
VTM-008074,DG-f1380c8df9aa,rutile,1,1,0.5,0.02432366833090782,0.9527960419654846,0.02261052466928959,0.0002697158488444984
VTM-008090,DG-7329854023a8,rutile,1,2,0.5,1.9056673409068026e-05,0.01048764493316412,0.9891542792320251,0.00033895924570970237
VTM-008092,DG-4c545fde3573,rutile,1,1,0.5,0.0013259644620120525,0.9937215447425842,0.0012703564716503024,0.0036821409594267607
VTM-008099,DG-4acd8d17f353,rutile,1,1,0.5,0.008772344328463078,0.6228768825531006,0.14645612239837646,0.22189462184906006
VTM-008111,DG-edb500254d09,rutile,1,1,0.5,0.007489282637834549,0.992132842540741,0.00026645444449968636,0.00011139282287331298
VTM-008124,DG-019fcbef0096,rutile,1,0,0.5,0.9584941267967224,0.036534976214170456,0.003952736966311932,0.0010181801626458764
VTM-008125,DG-b4335b06ae78,rutile,1,0,0.5,0.9557139873504639,0.00884452648460865,0.011304203420877457,0.024137334898114204
VTM-008130,DG-137871ad1419,rutile,1,1,0.5,0.0064208535477519035,0.890084981918335,0.10238341242074966,0.0011107143945991993
VTM-008152,DG-4bf70d177966,rutile,1,3,0.5,0.030794689431786537,0.39309415221214294,0.04469125717878342,0.5314199328422546
VTM-008158,DG-9a452b373039,rutile,1,1,0.5,0.002140457509085536,0.997363269329071,0.00023564901493955404,0.00026060480740852654
VTM-008165,DG-6aa9c82f8079,rutile,1,2,0.5,0.0006527260411530733,0.4765143096446991,0.5022310018539429,0.020601948723196983
VTM-008181,DG-eb6fe2378553,rutile,1,1,0.5,0.004323232918977737,0.838398277759552,0.15106408298015594,0.006214432418346405
VTM-008189,DG-030e5255acd9,rutile,1,1,0.5,0.03945919871330261,0.9602031111717224,8.248651283793151e-05,0.00025525919045321643
VTM-008190,DG-ac27b4489841,rutile,1,1,0.5,0.013867916539311409,0.9847524166107178,0.0006617070757783949,0.0007179466192610562
VTM-008205,DG-c68fd3c56ba9,rutile,1,1,0.5,0.0008762476500123739,0.9873044490814209,0.010006014257669449,0.001813274808228016
VTM-008207,DG-27dfc6f3ff7b,rutile,1,1,0.5,0.002685369225218892,0.9200014472007751,0.06390809267759323,0.013405143283307552
VTM-008234,DG-13fedd1164ad,rutile,1,1,0.5,0.004081239923834801,0.984856903553009,0.009779497049748898,0.001282373326830566
VTM-008250,DG-c8fa3dd2aad8,rutile,1,1,0.5,0.04685617983341217,0.8179476261138916,0.0045282430946826935,0.13066798448562622
VTM-008263,DG-b4411174c5c2,titanite,1,3,0.5,0.10121656209230423,0.11650820076465607,0.26880863308906555,0.5134665369987488
VTM-008273,DG-4b55fbcc34db,titanite,1,1,0.5,0.004571962635964155,0.8398154973983765,0.12046904116868973,0.035143472254276276
VTM-008288,DG-2dc8a5fba980,titanite,1,1,0.5,0.0011710551334545016,0.8704627752304077,0.06660501658916473,0.06176111847162247
VTM-008290,DG-5d1aafa5656e,titanite,1,1,0.5,0.03278322517871857,0.9483091235160828,0.014261364005506039,0.004646313842386007
VTM-008297,DG-f33934c9c324,titanite,1,1,0.5,0.0011534960940480232,0.9964582324028015,0.0019898265600204468,0.00039839791133999825
VTM-008298,DG-c3b0652e16fa,titanite,1,1,0.5,0.0041786800138652325,0.9765761494636536,0.01704401709139347,0.002201181137934327
VTM-008326,DG-6c73a6a48602,titanite,1,1,0.5,0.08564135432243347,0.8512542843818665,0.01227868814021349,0.05082564800977707
VTM-008333,DG-217d06d8daf9,titanite,1,1,0.5,0.008489677682518959,0.9856545329093933,0.0014564750017598271,0.004399310331791639
VTM-008339,DG-7c3d27a74d81,titanite,1,1,0.5,0.00019662408158183098,0.6492490172386169,0.3501861095428467,0.0003682203823700547
VTM-008348,DG-5a41bafd6b8a,titanite,1,1,0.5,0.03841615095734596,0.9599910378456116,0.0007734912796877325,0.000819323817268014
VTM-008361,DG-c691c430db30,titanite,1,1,0.5,0.002178728114813566,0.9302198886871338,0.05917845293879509,0.00842288602143526
VTM-008363,DG-99a82fc55364,titanite,1,3,0.5,0.09543588012456894,0.37592950463294983,0.02508915215730667,0.5035455226898193
VTM-008383,DG-b4edd28a83f8,titanite,1,2,0.5,0.002821429166942835,0.08614909648895264,0.9065827131271362,0.004446728155016899
VTM-008396,DG-7264b05a2cd3,titanite,1,1,0.5,0.3736889958381653,0.5864583253860474,0.03418952226638794,0.005663119722157717
VTM-008402,DG-ec7c76603eb7,titanite,1,1,0.5,0.21721574664115906,0.48951491713523865,0.2017238736152649,0.0915454551577568
VTM-008407,DG-a4b1f3bd04d2,titanite,1,0,0.5,0.5542235374450684,0.3354424834251404,0.0649142861366272,0.04541971534490585
VTM-008409,DG-d9f4ce6d4e16,titanite,1,1,0.5,0.0006529978709295392,0.983969509601593,0.015161357820034027,0.00021612057753372937
VTM-008415,DG-3e5b9a0f027c,titanite,1,1,0.5,0.0006325606955215335,0.9765862226486206,0.021152732893824577,0.001628508442081511
VTM-008419,DG-d069c0d46a7a,titanite,1,2,0.5,0.002031701384112239,0.08694889396429062,0.7796229720115662,0.13139644265174866
VTM-008425,DG-fbdc5bbd3b97,titanite,1,2,0.5,0.03342042490839958,0.3268234431743622,0.4036501944065094,0.23610596358776093
VTM-008426,DG-90023628542f,titanite,1,1,0.5,0.0003081578470300883,0.740953803062439,0.12219320982694626,0.13654480874538422
VTM-008436,DG-a1f43aed5dc4,titanite,1,2,0.5,0.12604565918445587,0.3575551509857178,0.40894970297813416,0.10744952410459518
VTM-008440,DG-9b574921ddc4,titanite,1,1,0.5,0.00040726165752857924,0.6613388657569885,0.32033059000968933,0.01792330853641033
VTM-008448,DG-13b2b6a82465,titanite,1,1,0.5,0.0628204420208931,0.6921023726463318,0.2053762525320053,0.03970098868012428
VTM-008451,DG-1698f9f3ef39,titanite,1,1,0.5,0.01188666932284832,0.9627133011817932,0.007056484464555979,0.018343543633818626
VTM-008467,DG-289371dc1155,titanite,1,1,0.5,0.012845044024288654,0.8387407660484314,0.055334340780973434,0.0930798351764679
VTM-008473,DG-84b91db281e3,titanite,1,1,0.5,0.007145156618207693,0.69019615650177,0.3006564974784851,0.002002186607569456
VTM-008474,DG-4c3b3f758782,titanite,1,1,0.5,9.142343333223835e-05,0.9830771684646606,0.013400220312178135,0.003431169083341956
VTM-008502,DG-b2e2cc981023,titanite,1,2,0.5,0.010715228505432606,0.04071423038840294,0.9353840947151184,0.01318641658872366
VTM-008503,DG-03c884a3c8ed,titanite,1,3,0.5,9.901569865178317e-05,0.04326985031366348,0.02427416294813156,0.9323570132255554
VTM-008527,DG-f81097827445,titanite,1,1,0.5,0.0038636878598481417,0.7955226898193359,0.14009951055049896,0.060514114797115326
VTM-008530,DG-b2900e703877,titanite,1,1,0.5,0.1985783576965332,0.7883188724517822,0.007773262914270163,0.005329503212124109
VTM-008561,DG-2c33adc639e8,titanite,1,1,0.5,0.0008005292620509863,0.9816694855690002,0.016127048060297966,0.0014030062593519688
VTM-008570,DG-9b9496836f1f,titanite,1,1,0.5,0.0033065280877053738,0.9765448570251465,0.01795877516269684,0.002189866965636611
VTM-008601,DG-deb465c57e11,titanite,1,0,0.5,0.6556724309921265,0.1309690922498703,0.07620692253112793,0.13715152442455292
VTM-008604,DG-a59983b06fbf,titanite,1,0,0.5,0.5803471803665161,0.16136041283607483,0.13820409774780273,0.1200883537530899
