image_id,relative_path,mineral_label,four_class_label,four_class_id,mindat_photo_id,split_group_id,split,experiment_subset
VTM-000004,raw_positive/ilmenite_ti_mineral/ilmenite_mindat_p002530_046_raw.jpg,ilmenite,target_mineral,0,2530,DG-93711816d7a2,train,expert_fit
VTM-000005,raw_positive/ilmenite_ti_mineral/ilmenite_mindat_p004285_047_raw.jpg,ilmenite,target_mineral,0,4285,DG-c56c77bc69b9,train,expert_fit
VTM-000006,raw_positive/ilmenite_ti_mineral/ilmenite_mindat_p004315_052_raw.jpg,ilmenite,target_mineral,0,4315,DG-329265e8e87c,train,expert_fit
VTM-000008,raw_positive/ilmenite_ti_mineral/ilmenite_mindat_p004514_051_raw.jpg,ilmenite,target_mineral,0,4514,DG-866dc24795ee,train,expert_fit
VTM-000011,raw_positive/ilmenite_ti_mineral/ilmenite_mindat_p014419_039_raw.jpg,ilmenite,target_mineral,0,14419,DG-67537256c2c8,train,expert_fit
VTM-000012,raw_positive/ilmenite_ti_mineral/ilmenite_mindat_p016201_061_raw.jpg,ilmenite,target_mineral,0,16201,DG-d55a08de460c,train,expert_fit
VTM-000013,raw_positive/ilmenite_ti_mineral/ilmenite_mindat_p023681_038_raw.jpg,ilmenite,target_mineral,0,23681,DG-6fe0031f6ce0,val,expert_stop
VTM-000017,raw_positive/ilmenite_ti_mineral/ilmenite_mindat_p039117_057_raw.jpg,ilmenite,target_mineral,0,39117,DG-ac7eee422e34,train,expert_fit
VTM-000018,raw_positive/ilmenite_ti_mineral/ilmenite_mindat_p039732_066_raw.jpg,ilmenite,target_mineral,0,39732,DG-43315a4123ba,val,expert_stop
VTM-000019,raw_positive/ilmenite_ti_mineral/ilmenite_mindat_p048013_036_raw.jpg,ilmenite,target_mineral,0,48013,DG-1f6c9a170d0a,train,expert_fit
VTM-000020,raw_positive/ilmenite_ti_mineral/ilmenite_mindat_p051664_048_raw.jpg,ilmenite,target_mineral,0,51664,DG-6bc7ec0a0d3e,train,expert_fit
VTM-000022,raw_positive/ilmenite_ti_mineral/ilmenite_mindat_p054998_074_raw.jpg,ilmenite,target_mineral,0,54998,DG-f06e5066d583,train,expert_fit
VTM-000023,raw_positive/ilmenite_ti_mineral/ilmenite_mindat_p055691_188_raw.jpg,ilmenite,target_mineral,0,55691,DG-57c8be1f1a44,train,expert_fit
VTM-000026,raw_positive/ilmenite_ti_mineral/ilmenite_mindat_p065675_062_raw.jpg,ilmenite,target_mineral,0,65675,DG-0cb281befc77,train,expert_fit
VTM-000029,raw_positive/ilmenite_ti_mineral/ilmenite_mindat_p068281_274_raw.jpg,ilmenite,target_mineral,0,68281,DG-9f879b68f7a9,train,expert_fit
VTM-000031,raw_positive/ilmenite_ti_mineral/ilmenite_mindat_p068643_266_raw.jpg,ilmenite,target_mineral,0,68643,DG-d7115b5d6740,train,expert_fit
VTM-000032,raw_positive/ilmenite_ti_mineral/ilmenite_mindat_p074476_093_raw.jpg,ilmenite,target_mineral,0,74476,DG-a4d032ac7c43,train,expert_fit
VTM-000033,raw_positive/ilmenite_ti_mineral/ilmenite_mindat_p075558_050_raw.jpg,ilmenite,target_mineral,0,75558,DG-835a9a31582b,train,expert_fit
VTM-000034,raw_positive/ilmenite_ti_mineral/ilmenite_mindat_p075966_056_raw.jpg,ilmenite,target_mineral,0,75966,DG-79783c002b65,train,expert_fit
VTM-000035,raw_positive/ilmenite_ti_mineral/ilmenite_mindat_p080646_073_raw.jpg,ilmenite,target_mineral,0,80646,DG-dbffa0d0fee0,train,expert_fit
VTM-000036,raw_positive/ilmenite_ti_mineral/ilmenite_mindat_p081337_024_raw.jpg,ilmenite,target_mineral,0,81337,DG-ceb98676b869,train,expert_fit
VTM-000037,raw_positive/ilmenite_ti_mineral/ilmenite_mindat_p081338_025_raw.jpg,ilmenite,target_mineral,0,81338,DG-134533c2ee9a,train,expert_fit
VTM-000038,raw_positive/ilmenite_ti_mineral/ilmenite_mindat_p081586_049_raw.jpg,ilmenite,target_mineral,0,81586,DG-1ee5bef13bea,train,expert_fit
VTM-000039,raw_positive/ilmenite_ti_mineral/ilmenite_mindat_p083427_060_raw.jpg,ilmenite,target_mineral,0,83427,DG-3cf624d4ada7,val,expert_stop
VTM-000041,raw_positive/ilmenite_ti_mineral/ilmenite_mindat_p1023552_299_raw.jpg,ilmenite,target_mineral,0,1023552,DG-19654d297b51,train,expert_fit
VTM-000042,raw_positive/ilmenite_ti_mineral/ilmenite_mindat_p1023553_293_raw.jpg,ilmenite,target_mineral,0,1023553,DG-dd60957cc98f,val,expert_stop
VTM-000043,raw_positive/ilmenite_ti_mineral/ilmenite_mindat_p1024039_102_raw.jpg,ilmenite,target_mineral,0,1024039,DG-4e8fc512ead5,train,expert_fit
VTM-000045,raw_positive/ilmenite_ti_mineral/ilmenite_mindat_p1047579_231_raw.jpg,ilmenite,target_mineral,0,1047579,DG-e57922e4a4ef,train,expert_fit
VTM-000046,raw_positive/ilmenite_ti_mineral/ilmenite_mindat_p1053297_103_raw.jpg,ilmenite,target_mineral,0,1053297,DG-8ca8a880111d,train,expert_fit
VTM-000047,raw_positive/ilmenite_ti_mineral/ilmenite_mindat_p1053340_104_raw.jpg,ilmenite,target_mineral,0,1053340,DG-0b8c9d675dcb,train,expert_fit
VTM-000048,raw_positive/ilmenite_ti_mineral/ilmenite_mindat_p105371_269_raw.jpg,ilmenite,target_mineral,0,105371,DG-0f8409a21a22,val,expert_stop
VTM-000050,raw_positive/ilmenite_ti_mineral/ilmenite_mindat_p1073133_020_raw.jpg,ilmenite,target_mineral,0,1073133,DG-5ce3c43f0026,train,expert_fit
VTM-000051,raw_positive/ilmenite_ti_mineral/ilmenite_mindat_p107490_075_raw.jpg,ilmenite,target_mineral,0,107490,DG-0f2238eb4dbb,train,expert_fit
VTM-000052,raw_positive/ilmenite_ti_mineral/ilmenite_mindat_p1096377_183_raw.jpg,ilmenite,target_mineral,0,1096377,DG-c77341bb0bdd,train,expert_fit
VTM-000053,raw_positive/ilmenite_ti_mineral/ilmenite_mindat_p1097814_294_raw.jpg,ilmenite,target_mineral,0,1097814,DG-0c19a5da525e,train,expert_fit
VTM-000054,raw_positive/ilmenite_ti_mineral/ilmenite_mindat_p1098646_276_raw.jpg,ilmenite,target_mineral,0,1098646,DG-4dc01708b6c1,train,expert_fit
VTM-000055,raw_positive/ilmenite_ti_mineral/ilmenite_mindat_p1116495_343_raw.jpg,ilmenite,target_mineral,0,1116495,DG-3cad097ede55,train,expert_fit
VTM-000056,raw_positive/ilmenite_ti_mineral/ilmenite_mindat_p112789_044_raw.jpg,ilmenite,target_mineral,0,112789,DG-9bdcc1194231,train,expert_fit
VTM-000058,raw_positive/ilmenite_ti_mineral/ilmenite_mindat_p1141176_015_raw.jpg,ilmenite,target_mineral,0,1141176,DG-5e73760da06b,train,expert_fit
VTM-000060,raw_positive/ilmenite_ti_mineral/ilmenite_mindat_p1149599_002_raw.jpg,ilmenite,target_mineral,0,1149599,DG-9b262ffa3aac,train,expert_fit
VTM-000061,raw_positive/ilmenite_ti_mineral/ilmenite_mindat_p1152328_146_raw.jpg,ilmenite,target_mineral,0,1152328,DG-42b3197b773f,train,expert_fit
VTM-000063,raw_positive/ilmenite_ti_mineral/ilmenite_mindat_p1159316_232_raw.jpg,ilmenite,target_mineral,0,1159316,DG-a13316fbba17,train,expert_fit
VTM-000064,raw_positive/ilmenite_ti_mineral/ilmenite_mindat_p119088_064_raw.jpg,ilmenite,target_mineral,0,119088,DG-cbbeb875d4d7,train,expert_fit
VTM-000066,raw_positive/ilmenite_ti_mineral/ilmenite_mindat_p119522_279_raw.jpg,ilmenite,target_mineral,0,119522,DG-adaa70b8da44,train,expert_fit
VTM-000067,raw_positive/ilmenite_ti_mineral/ilmenite_mindat_p119531_267_raw.jpg,ilmenite,target_mineral,0,119531,DG-5e3c1a734ecf,train,expert_fit
VTM-000069,raw_positive/ilmenite_ti_mineral/ilmenite_mindat_p1205969_245_raw.jpg,ilmenite,target_mineral,0,1205969,DG-acd49a666aae,train,expert_fit
VTM-000071,raw_positive/ilmenite_ti_mineral/ilmenite_mindat_p1228510_255_raw.jpg,ilmenite,target_mineral,0,1228510,DG-43ff4b7e71d7,train,expert_fit
VTM-000073,raw_positive/ilmenite_ti_mineral/ilmenite_mindat_p1270142_179_raw.jpg,ilmenite,target_mineral,0,1270142,DG-84bf0036b89d,val,expert_stop
VTM-000074,raw_positive/ilmenite_ti_mineral/ilmenite_mindat_p1286577_297_raw.jpg,ilmenite,target_mineral,0,1286577,DG-05c8d12a3443,train,expert_fit
VTM-000075,raw_positive/ilmenite_ti_mineral/ilmenite_mindat_p1289101_307_raw.jpg,ilmenite,target_mineral,0,1289101,DG-065ff316e883,train,expert_fit
VTM-000078,raw_positive/ilmenite_ti_mineral/ilmenite_mindat_p1298636_159_raw.jpg,ilmenite,target_mineral,0,1298636,DG-6cfccac709da,train,expert_fit
VTM-000080,raw_positive/ilmenite_ti_mineral/ilmenite_mindat_p1298638_168_raw.jpg,ilmenite,target_mineral,0,1298638,DG-7e62cc22da7f,train,expert_fit
VTM-000082,raw_positive/ilmenite_ti_mineral/ilmenite_mindat_p1298642_163_raw.jpg,ilmenite,target_mineral,0,1298642,DG-de208172c6cc,train,expert_fit
VTM-000083,raw_positive/ilmenite_ti_mineral/ilmenite_mindat_p1298645_176_raw.jpg,ilmenite,target_mineral,0,1298645,DG-e67e7310d83e,train,expert_fit
VTM-000085,raw_positive/ilmenite_ti_mineral/ilmenite_mindat_p1298649_160_raw.jpg,ilmenite,target_mineral,0,1298649,DG-7abf9c44f08e,val,expert_stop
VTM-000087,raw_positive/ilmenite_ti_mineral/ilmenite_mindat_p129865_017_raw.jpg,ilmenite,target_mineral,0,129865,DG-9eeca622f783,train,expert_fit
VTM-000089,raw_positive/ilmenite_ti_mineral/ilmenite_mindat_p1298698_172_raw.jpg,ilmenite,target_mineral,0,1298698,DG-cb1397a58072,train,expert_fit
VTM-000091,raw_positive/ilmenite_ti_mineral/ilmenite_mindat_p1298715_178_raw.jpg,ilmenite,target_mineral,0,1298715,DG-7fc56bd7b2ef,train,expert_fit
VTM-000092,raw_positive/ilmenite_ti_mineral/ilmenite_mindat_p1298716_167_raw.jpg,ilmenite,target_mineral,0,1298716,DG-be802058248e,train,expert_fit
VTM-000093,raw_positive/ilmenite_ti_mineral/ilmenite_mindat_p130335_045_raw.jpg,ilmenite,target_mineral,0,130335,DG-6fac7c12364b,train,expert_fit
VTM-000095,raw_positive/ilmenite_ti_mineral/ilmenite_mindat_p130337_087_raw.jpg,ilmenite,target_mineral,0,130337,DG-96eee34c08c3,val,expert_stop
VTM-000096,raw_positive/ilmenite_ti_mineral/ilmenite_mindat_p1307692_253_raw.jpg,ilmenite,target_mineral,0,1307692,DG-7201fdbc3683,train,expert_fit
VTM-000097,raw_positive/ilmenite_ti_mineral/ilmenite_mindat_p1311296_341_raw.jpg,ilmenite,target_mineral,0,1311296,DG-52dbc2d87ae6,train,expert_fit
VTM-000101,raw_positive/ilmenite_ti_mineral/ilmenite_mindat_p1335723_333_raw.jpg,ilmenite,target_mineral,0,1335723,DG-3819820fd404,val,expert_stop
VTM-000107,raw_positive/ilmenite_ti_mineral/ilmenite_mindat_p1343492_101_raw.jpg,ilmenite,target_mineral,0,1343492,DG-2643e93c71a5,train,expert_fit
VTM-000109,raw_positive/ilmenite_ti_mineral/ilmenite_mindat_p1346184_169_raw.jpg,ilmenite,target_mineral,0,1346184,DG-45cfbbb23bdc,train,expert_fit
VTM-000110,raw_positive/ilmenite_ti_mineral/ilmenite_mindat_p1371272_158_raw.jpg,ilmenite,target_mineral,0,1371272,DG-0021ee407da2,train,expert_fit
VTM-000111,raw_positive/ilmenite_ti_mineral/ilmenite_mindat_p1371565_336_raw.jpg,ilmenite,target_mineral,0,1371565,DG-1b680e3165a6,train,expert_fit
VTM-000112,raw_positive/ilmenite_ti_mineral/ilmenite_mindat_p1373672_330_raw.jpg,ilmenite,target_mineral,0,1373672,DG-933cd53e8de7,train,expert_fit
VTM-000113,raw_positive/ilmenite_ti_mineral/ilmenite_mindat_p1373673_329_raw.jpg,ilmenite,target_mineral,0,1373673,DG-e8234023ec6d,val,expert_stop
VTM-000114,raw_positive/ilmenite_ti_mineral/ilmenite_mindat_p1379001_021_raw.jpg,ilmenite,target_mineral,0,1379001,DG-fc3a66d13a58,val,expert_stop
VTM-000116,raw_positive/ilmenite_ti_mineral/ilmenite_mindat_p1388824_181_raw.jpg,ilmenite,target_mineral,0,1388824,DG-ba14978c38b0,train,expert_fit
VTM-000117,raw_positive/ilmenite_ti_mineral/ilmenite_mindat_p1412054_106_raw.jpg,ilmenite,target_mineral,0,1412054,DG-413bf8b882be,train,expert_fit
VTM-000119,raw_positive/ilmenite_ti_mineral/ilmenite_mindat_p1412207_092_raw.jpg,ilmenite,target_mineral,0,1412207,DG-fb23410b9ff9,train,expert_fit
VTM-000120,raw_positive/ilmenite_ti_mineral/ilmenite_mindat_p144995_127_raw.jpg,ilmenite,target_mineral,0,144995,DG-3e885422ff43,train,expert_fit
VTM-000123,raw_positive/ilmenite_ti_mineral/ilmenite_mindat_p1469044_346_raw.jpg,ilmenite,target_mineral,0,1469044,DG-f7048b8cdbe5,train,expert_fit
VTM-000126,raw_positive/ilmenite_ti_mineral/ilmenite_mindat_p155036_312_raw.jpg,ilmenite,target_mineral,0,155036,DG-c9aba633a410,train,expert_fit
VTM-000129,raw_positive/ilmenite_ti_mineral/ilmenite_mindat_p1573748_107_raw.jpg,ilmenite,target_mineral,0,1573748,DG-70edfcef8486,val,expert_stop
VTM-000130,raw_positive/ilmenite_ti_mineral/ilmenite_mindat_p157697_349_raw.jpg,ilmenite,target_mineral,0,157697,DG-c93fa69bd002,train,expert_fit
VTM-000131,raw_positive/ilmenite_ti_mineral/ilmenite_mindat_p163176_089_raw.jpg,ilmenite,target_mineral,0,163176,DG-c23afe0b7ee3,train,expert_fit
VTM-000134,raw_positive/ilmenite_ti_mineral/ilmenite_mindat_p1654020_345_raw.jpg,ilmenite,target_mineral,0,1654020,DG-93503f79d4d9,val,expert_stop
VTM-000135,raw_positive/ilmenite_ti_mineral/ilmenite_mindat_p166360_271_raw.jpg,ilmenite,target_mineral,0,166360,DG-d7c826c0b971,train,expert_fit
VTM-000136,raw_positive/ilmenite_ti_mineral/ilmenite_mindat_p1665120_108_raw.jpg,ilmenite,target_mineral,0,1665120,DG-7d68bf215ad3,train,expert_fit
VTM-000138,raw_positive/ilmenite_ti_mineral/ilmenite_mindat_p168119_275_raw.jpg,ilmenite,target_mineral,0,168119,DG-6cfde0785f0c,val,expert_stop
VTM-000139,raw_positive/ilmenite_ti_mineral/ilmenite_mindat_p1701918_110_raw.jpg,ilmenite,target_mineral,0,1701918,DG-12575b2ba68a,train,expert_fit
VTM-000142,raw_positive/ilmenite_ti_mineral/ilmenite_mindat_p173091_315_raw.jpg,ilmenite,target_mineral,0,173091,DG-6f8fb1c77e4c,val,expert_stop
VTM-000143,raw_positive/ilmenite_ti_mineral/ilmenite_mindat_p173093_058_raw.jpg,ilmenite,target_mineral,0,173093,DG-9af7bd61913c,train,expert_fit
VTM-000146,raw_positive/ilmenite_ti_mineral/ilmenite_mindat_p173666_014_raw.jpg,ilmenite,target_mineral,0,173666,DG-6ea19c736013,train,expert_fit
VTM-000149,raw_positive/ilmenite_ti_mineral/ilmenite_mindat_p185318_277_raw.jpg,ilmenite,target_mineral,0,185318,DG-4a5c55941f28,train,expert_fit
VTM-000152,raw_positive/ilmenite_ti_mineral/ilmenite_mindat_p188330_190_raw.jpg,ilmenite,target_mineral,0,188330,DG-03a3f84a104f,val,expert_stop
VTM-000153,raw_positive/ilmenite_ti_mineral/ilmenite_mindat_p188806_054_raw.jpg,ilmenite,target_mineral,0,188806,DG-44fdd9e1e28e,train,expert_fit
VTM-000156,raw_positive/ilmenite_ti_mineral/ilmenite_mindat_p190044_281_raw.jpg,ilmenite,target_mineral,0,190044,DG-b07c5902c813,train,expert_fit
VTM-000157,raw_positive/ilmenite_ti_mineral/ilmenite_mindat_p190143_270_raw.jpg,ilmenite,target_mineral,0,190143,DG-91303cef6949,train,expert_fit
VTM-000159,raw_positive/ilmenite_ti_mineral/ilmenite_mindat_p191761_288_raw.jpg,ilmenite,target_mineral,0,191761,DG-0710f7fdded7,train,expert_fit
VTM-000160,raw_positive/ilmenite_ti_mineral/ilmenite_mindat_p200491_193_raw.jpg,ilmenite,target_mineral,0,200491,DG-59d8b07cf8d3,train,expert_fit
VTM-000161,raw_positive/ilmenite_ti_mineral/ilmenite_mindat_p200895_289_raw.jpg,ilmenite,target_mineral,0,200895,DG-6129cc4983de,train,expert_fit
VTM-000163,raw_positive/ilmenite_ti_mineral/ilmenite_mindat_p204691_314_raw.jpg,ilmenite,target_mineral,0,204691,DG-429ac430ac4d,train,expert_fit
VTM-000164,raw_positive/ilmenite_ti_mineral/ilmenite_mindat_p207537_192_raw.jpg,ilmenite,target_mineral,0,207537,DG-188a4021410f,train,expert_fit
VTM-000165,raw_positive/ilmenite_ti_mineral/ilmenite_mindat_p217187_094_raw.jpg,ilmenite,target_mineral,0,217187,DG-75d2ba28f5d4,train,expert_fit
VTM-000167,raw_positive/ilmenite_ti_mineral/ilmenite_mindat_p225440_008_raw.jpg,ilmenite,target_mineral,0,225440,DG-063b1b3fcaa7,train,expert_fit
VTM-000169,raw_positive/ilmenite_ti_mineral/ilmenite_mindat_p227275_043_raw.jpg,ilmenite,target_mineral,0,227275,DG-882efade704c,val,expert_stop
VTM-000171,raw_positive/ilmenite_ti_mineral/ilmenite_mindat_p244426_090_raw.jpg,ilmenite,target_mineral,0,244426,DG-53fc877654ca,train,expert_fit
VTM-000172,raw_positive/ilmenite_ti_mineral/ilmenite_mindat_p244894_196_raw.jpg,ilmenite,target_mineral,0,244894,DG-333e6b3c7da9,train,expert_fit
VTM-000176,raw_positive/ilmenite_ti_mineral/ilmenite_mindat_p282593_027_raw.jpg,ilmenite,target_mineral,0,282593,DG-b3499d2a428c,train,expert_fit
VTM-000179,raw_positive/ilmenite_ti_mineral/ilmenite_mindat_p283003_350_raw.jpg,ilmenite,target_mineral,0,283003,DG-568d20da8f76,train,expert_fit
VTM-000180,raw_positive/ilmenite_ti_mineral/ilmenite_mindat_p285547_129_raw.jpg,ilmenite,target_mineral,0,285547,DG-697e51ad4956,val,expert_stop
VTM-000182,raw_positive/ilmenite_ti_mineral/ilmenite_mindat_p298835_201_raw.jpg,ilmenite,target_mineral,0,298835,DG-1336fe4a4d32,train,expert_fit
VTM-000183,raw_positive/ilmenite_ti_mineral/ilmenite_mindat_p298836_212_raw.jpg,ilmenite,target_mineral,0,298836,DG-ebc8a7e5c710,train,expert_fit
VTM-000184,raw_positive/ilmenite_ti_mineral/ilmenite_mindat_p298837_205_raw.jpg,ilmenite,target_mineral,0,298837,DG-696fc150c9b0,train,expert_fit
VTM-000187,raw_positive/ilmenite_ti_mineral/ilmenite_mindat_p299272_199_raw.jpg,ilmenite,target_mineral,0,299272,DG-366b48f151c2,train,expert_fit
VTM-000188,raw_positive/ilmenite_ti_mineral/ilmenite_mindat_p313892_210_raw.jpg,ilmenite,target_mineral,0,313892,DG-71f6613e2b17,train,expert_fit
VTM-000189,raw_positive/ilmenite_ti_mineral/ilmenite_mindat_p313893_228_raw.jpg,ilmenite,target_mineral,0,313893,DG-0ae807fbb06c,train,expert_fit
VTM-000192,raw_positive/ilmenite_ti_mineral/ilmenite_mindat_p318009_208_raw.jpg,ilmenite,target_mineral,0,318009,DG-367f67f123bc,val,expert_stop
VTM-000196,raw_positive/ilmenite_ti_mineral/ilmenite_mindat_p326801_059_raw.jpg,ilmenite,target_mineral,0,326801,DG-7327ff5c7b8d,train,expert_fit
VTM-000199,raw_positive/ilmenite_ti_mineral/ilmenite_mindat_p337890_019_raw.jpg,ilmenite,target_mineral,0,337890,DG-c725c58e3f4e,train,expert_fit
VTM-000200,raw_positive/ilmenite_ti_mineral/ilmenite_mindat_p338188_137_raw.jpg,ilmenite,target_mineral,0,338188,DG-f7bf5dd6b7ac,train,expert_fit
VTM-000201,raw_positive/ilmenite_ti_mineral/ilmenite_mindat_p340659_203_raw.jpg,ilmenite,target_mineral,0,340659,DG-aa0fa95971fe,train,expert_fit
VTM-000202,raw_positive/ilmenite_ti_mineral/ilmenite_mindat_p340712_318_raw.jpg,ilmenite,target_mineral,0,340712,DG-cb8736d521be,train,expert_fit
VTM-000203,raw_positive/ilmenite_ti_mineral/ilmenite_mindat_p340713_325_raw.jpg,ilmenite,target_mineral,0,340713,DG-c9a72486b1ef,train,expert_fit
VTM-000204,raw_positive/ilmenite_ti_mineral/ilmenite_mindat_p340714_324_raw.jpg,ilmenite,target_mineral,0,340714,DG-7d9cd3ff4e34,train,expert_fit
VTM-000205,raw_positive/ilmenite_ti_mineral/ilmenite_mindat_p348779_077_raw.jpg,ilmenite,target_mineral,0,348779,DG-f238da749e97,val,expert_stop
VTM-000206,raw_positive/ilmenite_ti_mineral/ilmenite_mindat_p360348_214_raw.jpg,ilmenite,target_mineral,0,360348,DG-eb1d50649b6e,train,expert_fit
VTM-000209,raw_positive/ilmenite_ti_mineral/ilmenite_mindat_p368289_035_raw.jpg,ilmenite,target_mineral,0,368289,DG-a2bc6dce5c87,train,expert_fit
VTM-000210,raw_positive/ilmenite_ti_mineral/ilmenite_mindat_p368290_068_raw.jpg,ilmenite,target_mineral,0,368290,DG-3d63ccadf9a9,train,expert_fit
VTM-000212,raw_positive/ilmenite_ti_mineral/ilmenite_mindat_p384798_211_raw.jpg,ilmenite,target_mineral,0,384798,DG-a9d34317443f,train,expert_fit
VTM-000214,raw_positive/ilmenite_ti_mineral/ilmenite_mindat_p384800_233_raw.jpg,ilmenite,target_mineral,0,384800,DG-e243cfd0a50c,train,expert_fit
VTM-000215,raw_positive/ilmenite_ti_mineral/ilmenite_mindat_p389147_213_raw.jpg,ilmenite,target_mineral,0,389147,DG-ae6566d890f4,train,expert_fit
VTM-000216,raw_positive/ilmenite_ti_mineral/ilmenite_mindat_p405338_135_raw.jpg,ilmenite,target_mineral,0,405338,DG-89f8774a7c9a,val,expert_stop
VTM-000217,raw_positive/ilmenite_ti_mineral/ilmenite_mindat_p411733_139_raw.jpg,ilmenite,target_mineral,0,411733,DG-aaf59fa905f6,train,expert_fit
VTM-000218,raw_positive/ilmenite_ti_mineral/ilmenite_mindat_p414756_152_raw.jpg,ilmenite,target_mineral,0,414756,DG-41e90832367c,train,expert_fit
VTM-000221,raw_positive/ilmenite_ti_mineral/ilmenite_mindat_p429245_249_raw.jpg,ilmenite,target_mineral,0,429245,DG-a4bd6daf961b,train,expert_fit
VTM-000223,raw_positive/ilmenite_ti_mineral/ilmenite_mindat_p440669_221_raw.jpg,ilmenite,target_mineral,0,440669,DG-b169140ce291,train,expert_fit
VTM-000224,raw_positive/ilmenite_ti_mineral/ilmenite_mindat_p440672_256_raw.jpg,ilmenite,target_mineral,0,440672,DG-c28cd4195bb9,val,expert_stop
VTM-000225,raw_positive/ilmenite_ti_mineral/ilmenite_mindat_p443655_235_raw.jpg,ilmenite,target_mineral,0,443655,DG-2d76882980c9,train,expert_fit
VTM-000226,raw_positive/ilmenite_ti_mineral/ilmenite_mindat_p444061_029_raw.jpg,ilmenite,target_mineral,0,444061,DG-f38e353637cc,train,expert_fit
VTM-000228,raw_positive/ilmenite_ti_mineral/ilmenite_mindat_p453515_136_raw.jpg,ilmenite,target_mineral,0,453515,DG-a75d88a1a508,train,expert_fit
VTM-000229,raw_positive/ilmenite_ti_mineral/ilmenite_mindat_p457391_296_raw.jpg,ilmenite,target_mineral,0,457391,DG-e706154f9e0f,train,expert_fit
VTM-000231,raw_positive/ilmenite_ti_mineral/ilmenite_mindat_p474177_078_raw.jpg,ilmenite,target_mineral,0,474177,DG-fdf9ad8ee57f,train,expert_fit
VTM-000232,raw_positive/ilmenite_ti_mineral/ilmenite_mindat_p474178_080_raw.jpg,ilmenite,target_mineral,0,474178,DG-15267d05dc6e,train,expert_fit
VTM-000233,raw_positive/ilmenite_ti_mineral/ilmenite_mindat_p502906_283_raw.jpg,ilmenite,target_mineral,0,502906,DG-32c842af1cd2,val,expert_stop
VTM-000234,raw_positive/ilmenite_ti_mineral/ilmenite_mindat_p506982_331_raw.jpg,ilmenite,target_mineral,0,506982,DG-adee160c2dad,train,expert_fit
VTM-000236,raw_positive/ilmenite_ti_mineral/ilmenite_mindat_p511310_303_raw.jpg,ilmenite,target_mineral,0,511310,DG-b4b2034de1fa,train,expert_fit
VTM-000242,raw_positive/ilmenite_ti_mineral/ilmenite_mindat_p529147_148_raw.jpg,ilmenite,target_mineral,0,529147,DG-4a27f89e504e,train,expert_fit
VTM-000243,raw_positive/ilmenite_ti_mineral/ilmenite_mindat_p537437_317_raw.jpg,ilmenite,target_mineral,0,537437,DG-c791ad823e9c,train,expert_fit
VTM-000244,raw_positive/ilmenite_ti_mineral/ilmenite_mindat_p552069_154_raw.jpg,ilmenite,target_mineral,0,552069,DG-ba95ac85aaaa,val,expert_stop
VTM-000247,raw_positive/ilmenite_ti_mineral/ilmenite_mindat_p578963_225_raw.jpg,ilmenite,target_mineral,0,578963,DG-1d85bd9b85f1,train,expert_fit
VTM-000248,raw_positive/ilmenite_ti_mineral/ilmenite_mindat_p578967_229_raw.jpg,ilmenite,target_mineral,0,578967,DG-91ad4e26f829,train,expert_fit
VTM-000249,raw_positive/ilmenite_ti_mineral/ilmenite_mindat_p593120_001_raw.jpg,ilmenite,target_mineral,0,593120,DG-b2860bfb1647,train,expert_fit
VTM-000251,raw_positive/ilmenite_ti_mineral/ilmenite_mindat_p612262_145_raw.jpg,ilmenite,target_mineral,0,612262,DG-1c52bd720944,train,expert_fit
VTM-000252,raw_positive/ilmenite_ti_mineral/ilmenite_mindat_p616120_246_raw.jpg,ilmenite,target_mineral,0,616120,DG-ed7133e0dd49,train,expert_fit
VTM-000254,raw_positive/ilmenite_ti_mineral/ilmenite_mindat_p631689_161_raw.jpg,ilmenite,target_mineral,0,631689,DG-84d3b541b6a9,train,expert_fit
VTM-000258,raw_positive/ilmenite_ti_mineral/ilmenite_mindat_p653556_258_raw.jpg,ilmenite,target_mineral,0,653556,DG-795a8bc1fa12,val,expert_stop
VTM-000259,raw_positive/ilmenite_ti_mineral/ilmenite_mindat_p653557_248_raw.jpg,ilmenite,target_mineral,0,653557,DG-348f786c580d,train,expert_fit
VTM-000260,raw_positive/ilmenite_ti_mineral/ilmenite_mindat_p657012_302_raw.jpg,ilmenite,target_mineral,0,657012,DG-47fb07b24b4b,train,expert_fit
VTM-000261,raw_positive/ilmenite_ti_mineral/ilmenite_mindat_p657303_236_raw.jpg,ilmenite,target_mineral,0,657303,DG-e311be893061,val,expert_stop
VTM-000263,raw_positive/ilmenite_ti_mineral/ilmenite_mindat_p666067_184_raw.jpg,ilmenite,target_mineral,0,666067,DG-de4a2f879beb,train,expert_fit
VTM-000265,raw_positive/ilmenite_ti_mineral/ilmenite_mindat_p672263_222_raw.jpg,ilmenite,target_mineral,0,672263,DG-d503d286be4e,train,expert_fit
VTM-000266,raw_positive/ilmenite_ti_mineral/ilmenite_mindat_p672264_247_raw.jpg,ilmenite,target_mineral,0,672264,DG-6c6e0f3a903d,train,expert_fit
VTM-000267,raw_positive/ilmenite_ti_mineral/ilmenite_mindat_p674016_244_raw.jpg,ilmenite,target_mineral,0,674016,DG-7beb9122cff9,train,expert_fit
VTM-000268,raw_positive/ilmenite_ti_mineral/ilmenite_mindat_p676752_034_raw.jpg,ilmenite,target_mineral,0,676752,DG-ffc518265518,val,expert_stop
VTM-000270,raw_positive/ilmenite_ti_mineral/ilmenite_mindat_p677155_032_raw.jpg,ilmenite,target_mineral,0,677155,DG-884962e327f9,train,expert_fit
VTM-000276,raw_positive/ilmenite_ti_mineral/ilmenite_mindat_p690597_237_raw.jpg,ilmenite,target_mineral,0,690597,DG-a8354183856e,val,expert_stop
VTM-000280,raw_positive/ilmenite_ti_mineral/ilmenite_mindat_p708141_234_raw.jpg,ilmenite,target_mineral,0,708141,DG-d28666dbe553,train,expert_fit
VTM-000281,raw_positive/ilmenite_ti_mineral/ilmenite_mindat_p708562_098_raw.jpg,ilmenite,target_mineral,0,708562,DG-84fcc1d3f52a,val,expert_stop
VTM-000282,raw_positive/ilmenite_ti_mineral/ilmenite_mindat_p714175_243_raw.jpg,ilmenite,target_mineral,0,714175,DG-40aa4d6edc70,train,expert_fit
VTM-000283,raw_positive/ilmenite_ti_mineral/ilmenite_mindat_p717037_240_raw.jpg,ilmenite,target_mineral,0,717037,DG-0d5911cba632,train,expert_fit
VTM-000285,raw_positive/ilmenite_ti_mineral/ilmenite_mindat_p734633_241_raw.jpg,ilmenite,target_mineral,0,734633,DG-acd642196a86,train,expert_fit
VTM-000287,raw_positive/ilmenite_ti_mineral/ilmenite_mindat_p737349_295_raw.jpg,ilmenite,target_mineral,0,737349,DG-99c7bbd36469,train,expert_fit
VTM-000288,raw_positive/ilmenite_ti_mineral/ilmenite_mindat_p737974_305_raw.jpg,ilmenite,target_mineral,0,737974,DG-3587dab97d70,train,expert_fit
VTM-000290,raw_positive/ilmenite_ti_mineral/ilmenite_mindat_p751708_126_raw.jpg,ilmenite,target_mineral,0,751708,DG-51aa7aceda75,train,expert_fit
VTM-000292,raw_positive/ilmenite_ti_mineral/ilmenite_mindat_p756752_291_raw.jpg,ilmenite,target_mineral,0,756752,DG-345c8aeebf6a,val,expert_stop
VTM-000293,raw_positive/ilmenite_ti_mineral/ilmenite_mindat_p757543_133_raw.jpg,ilmenite,target_mineral,0,757543,DG-dd670319af72,train,expert_fit
VTM-000294,raw_positive/ilmenite_ti_mineral/ilmenite_mindat_p764686_026_raw.jpg,ilmenite,target_mineral,0,764686,DG-964e0d7fd6bb,train,expert_fit
VTM-000298,raw_positive/ilmenite_ti_mineral/ilmenite_mindat_p778043_238_raw.jpg,ilmenite,target_mineral,0,778043,DG-92e88f8c1435,train,expert_fit
VTM-000299,raw_positive/ilmenite_ti_mineral/ilmenite_mindat_p788054_207_raw.jpg,ilmenite,target_mineral,0,788054,DG-4acd172d5c76,train,expert_fit
VTM-000300,raw_positive/ilmenite_ti_mineral/ilmenite_mindat_p788056_217_raw.jpg,ilmenite,target_mineral,0,788056,DG-9fa8ee676d8e,train,expert_fit
VTM-000301,raw_positive/ilmenite_ti_mineral/ilmenite_mindat_p788057_226_raw.jpg,ilmenite,target_mineral,0,788057,DG-10ca9bdb3163,train,expert_fit
VTM-000304,raw_positive/ilmenite_ti_mineral/ilmenite_mindat_p796184_156_raw.jpg,ilmenite,target_mineral,0,796184,DG-edde79bcdad4,train,expert_fit
VTM-000305,raw_positive/ilmenite_ti_mineral/ilmenite_mindat_p797648_083_raw.jpg,ilmenite,target_mineral,0,797648,DG-3227a1266fb9,train,expert_fit
VTM-000306,raw_positive/ilmenite_ti_mineral/ilmenite_mindat_p797650_085_raw.jpg,ilmenite,target_mineral,0,797650,DG-870b4e8c4b66,train,expert_fit
VTM-000307,raw_positive/ilmenite_ti_mineral/ilmenite_mindat_p801385_006_raw.jpg,ilmenite,target_mineral,0,801385,DG-a7eccdebae54,val,expert_stop
VTM-000308,raw_positive/ilmenite_ti_mineral/ilmenite_mindat_p806497_096_raw.jpg,ilmenite,target_mineral,0,806497,DG-653233a1d69c,train,expert_fit
VTM-000309,raw_positive/ilmenite_ti_mineral/ilmenite_mindat_p844064_301_raw.jpg,ilmenite,target_mineral,0,844064,DG-c0cdc88e13b5,val,expert_stop
VTM-000314,raw_positive/ilmenite_ti_mineral/ilmenite_mindat_p857362_323_raw.jpg,ilmenite,target_mineral,0,857362,DG-acd3b489592a,train,expert_fit
VTM-000316,raw_positive/ilmenite_ti_mineral/ilmenite_mindat_p858319_097_raw.jpg,ilmenite,target_mineral,0,858319,DG-c8ae06855609,train,expert_fit
VTM-000321,raw_positive/ilmenite_ti_mineral/ilmenite_mindat_p897666_079_raw.jpg,ilmenite,target_mineral,0,897666,DG-6c6ae20368bf,train,expert_fit
VTM-000323,raw_positive/ilmenite_ti_mineral/ilmenite_mindat_p905771_081_raw.jpg,ilmenite,target_mineral,0,905771,DG-8b1bb30dd6dc,train,expert_fit
VTM-000326,raw_positive/ilmenite_ti_mineral/ilmenite_mindat_p922895_242_raw.jpg,ilmenite,target_mineral,0,922895,DG-328ad092690f,train,expert_fit
VTM-000328,raw_positive/ilmenite_ti_mineral/ilmenite_mindat_p930529_298_raw.jpg,ilmenite,target_mineral,0,930529,DG-b92bf0a3d3da,val,expert_stop
VTM-000329,raw_positive/ilmenite_ti_mineral/ilmenite_mindat_p931658_164_raw.jpg,ilmenite,target_mineral,0,931658,DG-75bc1d6bd4d4,train,expert_fit
VTM-000331,raw_positive/magnetite_proxy/magnetite_mindat_p000189_1303_raw.jpg,magnetite,target_mineral,0,189,DG-2ee9abf9c081,train,expert_fit
VTM-000334,raw_positive/magnetite_proxy/magnetite_mindat_p000728_1305_raw.jpg,magnetite,target_mineral,0,728,DG-c5258aa42a32,train,expert_fit
VTM-000337,raw_positive/magnetite_proxy/magnetite_mindat_p001260_1320_raw.jpg,magnetite,target_mineral,0,1260,DG-d28e450bd039,train,expert_fit
VTM-000340,raw_positive/magnetite_proxy/magnetite_mindat_p001839_1308_raw.jpg,magnetite,target_mineral,0,1839,DG-d5390af5bbbe,val,expert_stop
VTM-000342,raw_positive/magnetite_proxy/magnetite_mindat_p001919_1318_raw.jpg,magnetite,target_mineral,0,1919,DG-3d91fefd53d4,train,expert_fit
VTM-000343,raw_positive/magnetite_proxy/magnetite_mindat_p002790_080_raw.jpg,magnetite,target_mineral,0,2790,DG-385678a99654,val,expert_stop
VTM-000345,raw_positive/magnetite_proxy/magnetite_mindat_p003067_1326_raw.jpg,magnetite,target_mineral,0,3067,DG-425f13bef01f,train,expert_fit
VTM-000346,raw_positive/magnetite_proxy/magnetite_mindat_p003448_1230_raw.jpg,magnetite,target_mineral,0,3448,DG-876052eaaf61,train,expert_fit
VTM-000349,raw_positive/magnetite_proxy/magnetite_mindat_p003875_016_raw.jpg,magnetite,target_mineral,0,3875,DG-7481d8c0d8a5,train,expert_fit
VTM-000350,raw_positive/magnetite_proxy/magnetite_mindat_p004490_1317_raw.jpg,magnetite,target_mineral,0,4490,DG-ccb54a78f52c,train,expert_fit
VTM-000353,raw_positive/magnetite_proxy/magnetite_mindat_p008570_356_raw.jpg,magnetite,target_mineral,0,8570,DG-13c8d4b197f2,train,expert_fit
VTM-000357,raw_positive/magnetite_proxy/magnetite_mindat_p009909_480_raw.jpg,magnetite,target_mineral,0,9909,DG-23f512d86480,train,expert_fit
VTM-000361,raw_positive/magnetite_proxy/magnetite_mindat_p010401_1155_raw.jpg,magnetite,target_mineral,0,10401,DG-fddee73a85bf,train,expert_fit
VTM-000362,raw_positive/magnetite_proxy/magnetite_mindat_p010603_871_raw.jpg,magnetite,target_mineral,0,10603,DG-a03abcd13fa1,train,expert_fit
VTM-000365,raw_positive/magnetite_proxy/magnetite_mindat_p014934_1309_raw.jpg,magnetite,target_mineral,0,14934,DG-403301c9b56e,train,expert_fit
VTM-000367,raw_positive/magnetite_proxy/magnetite_mindat_p016241_872_raw.jpg,magnetite,target_mineral,0,16241,DG-391dc67c5904,train,expert_fit
VTM-000368,raw_positive/magnetite_proxy/magnetite_mindat_p016332_1162_raw.jpg,magnetite,target_mineral,0,16332,DG-5ec9d3b3f9d9,train,expert_fit
VTM-000372,raw_positive/magnetite_proxy/magnetite_mindat_p019137_487_raw.jpg,magnetite,target_mineral,0,19137,DG-9660c1d3adab,train,expert_fit
VTM-000373,raw_positive/magnetite_proxy/magnetite_mindat_p020623_472_raw.jpg,magnetite,target_mineral,0,20623,DG-6c34e052f2ec,train,expert_fit
VTM-000374,raw_positive/magnetite_proxy/magnetite_mindat_p020778_257_raw.jpg,magnetite,target_mineral,0,20778,DG-f4e221fe8b8b,val,expert_stop
VTM-000378,raw_positive/magnetite_proxy/magnetite_mindat_p022271_485_raw.jpg,magnetite,target_mineral,0,22271,DG-261dfd301bb1,train,expert_fit
VTM-000379,raw_positive/magnetite_proxy/magnetite_mindat_p022964_1325_raw.jpg,magnetite,target_mineral,0,22964,DG-d5032af262ad,val,expert_stop
VTM-000381,raw_positive/magnetite_proxy/magnetite_mindat_p023041_1313_raw.jpg,magnetite,target_mineral,0,23041,DG-32afcf6adb10,train,expert_fit
VTM-000384,raw_positive/magnetite_proxy/magnetite_mindat_p024661_873_raw.jpg,magnetite,target_mineral,0,24661,DG-15f64d115742,train,expert_fit
VTM-000385,raw_positive/magnetite_proxy/magnetite_mindat_p025397_1331_raw.jpg,magnetite,target_mineral,0,25397,DG-061393da1ed4,train,expert_fit
VTM-000386,raw_positive/magnetite_proxy/magnetite_mindat_p026571_553_raw.jpg,magnetite,target_mineral,0,26571,DG-91f72814cd8f,train,expert_fit
VTM-000387,raw_positive/magnetite_proxy/magnetite_mindat_p027086_1340_raw.jpg,magnetite,target_mineral,0,27086,DG-5041ac9db730,train,expert_fit
VTM-000388,raw_positive/magnetite_proxy/magnetite_mindat_p027158_1321_raw.jpg,magnetite,target_mineral,0,27158,DG-83059a0f229f,train,expert_fit
VTM-000390,raw_positive/magnetite_proxy/magnetite_mindat_p029754_256_raw.jpg,magnetite,target_mineral,0,29754,DG-a7c289a17ddf,train,expert_fit
VTM-000391,raw_positive/magnetite_proxy/magnetite_mindat_p031273_962_raw.jpg,magnetite,target_mineral,0,31273,DG-27088166b111,train,expert_fit
VTM-000398,raw_positive/magnetite_proxy/magnetite_mindat_p037344_416_raw.jpg,magnetite,target_mineral,0,37344,DG-a438eff7787c,val,expert_stop
VTM-000400,raw_positive/magnetite_proxy/magnetite_mindat_p037701_488_raw.jpg,magnetite,target_mineral,0,37701,DG-8e132efe57df,train,expert_fit
VTM-000401,raw_positive/magnetite_proxy/magnetite_mindat_p037787_1156_raw.jpg,magnetite,target_mineral,0,37787,DG-1b2524fd0729,train,expert_fit
VTM-000403,raw_positive/magnetite_proxy/magnetite_mindat_p038138_064_raw.jpg,magnetite,target_mineral,0,38138,DG-6365ef6796fd,train,expert_fit
VTM-000404,raw_positive/magnetite_proxy/magnetite_mindat_p038516_036_raw.jpg,magnetite,target_mineral,0,38516,DG-3f327924f3a6,val,expert_stop
VTM-000407,raw_positive/magnetite_proxy/magnetite_mindat_p040458_065_raw.jpg,magnetite,target_mineral,0,40458,DG-b34933b09131,train,expert_fit
VTM-000411,raw_positive/magnetite_proxy/magnetite_mindat_p042807_079_raw.jpg,magnetite,target_mineral,0,42807,DG-69391acf6d19,train,expert_fit
VTM-000417,raw_positive/magnetite_proxy/magnetite_mindat_p043575_1163_raw.jpg,magnetite,target_mineral,0,43575,DG-d1165a605e01,val,expert_stop
VTM-000418,raw_positive/magnetite_proxy/magnetite_mindat_p043577_083_raw.jpg,magnetite,target_mineral,0,43577,DG-8825e70be57d,train,expert_fit
VTM-000419,raw_positive/magnetite_proxy/magnetite_mindat_p044820_082_raw.jpg,magnetite,target_mineral,0,44820,DG-d335465b98d0,train,expert_fit
VTM-000420,raw_positive/magnetite_proxy/magnetite_mindat_p045200_1010_raw.jpg,magnetite,target_mineral,0,45200,DG-bea3245792a5,val,expert_stop
VTM-000421,raw_positive/magnetite_proxy/magnetite_mindat_p045244_086_raw.jpg,magnetite,target_mineral,0,45244,DG-74bfd6871e69,train,expert_fit
VTM-000423,raw_positive/magnetite_proxy/magnetite_mindat_p045321_421_raw.jpg,magnetite,target_mineral,0,45321,DG-d6a4196115d8,train,expert_fit
VTM-000424,raw_positive/magnetite_proxy/magnetite_mindat_p045590_088_raw.jpg,magnetite,target_mineral,0,45590,DG-bf000ef4445e,train,expert_fit
VTM-000425,raw_positive/magnetite_proxy/magnetite_mindat_p047225_1323_raw.jpg,magnetite,target_mineral,0,47225,DG-255b8042624f,train,expert_fit
VTM-000427,raw_positive/magnetite_proxy/magnetite_mindat_p047466_008_raw.jpg,magnetite,target_mineral,0,47466,DG-57e06782a16b,train,expert_fit
VTM-000429,raw_positive/magnetite_proxy/magnetite_mindat_p047598_362_raw.jpg,magnetite,target_mineral,0,47598,DG-d23d93fd0519,train,expert_fit
VTM-000430,raw_positive/magnetite_proxy/magnetite_mindat_p047950_797_raw.jpg,magnetite,target_mineral,0,47950,DG-738136c77e0f,train,expert_fit
VTM-000431,raw_positive/magnetite_proxy/magnetite_mindat_p048106_085_raw.jpg,magnetite,target_mineral,0,48106,DG-bee4bd2943fe,train,expert_fit
VTM-000435,raw_positive/magnetite_proxy/magnetite_mindat_p049106_1087_raw.jpg,magnetite,target_mineral,0,49106,DG-cdac5b53685c,val,expert_stop
VTM-000438,raw_positive/magnetite_proxy/magnetite_mindat_p051721_370_raw.jpg,magnetite,target_mineral,0,51721,DG-d17039b52939,train,expert_fit
VTM-000442,raw_positive/magnetite_proxy/magnetite_mindat_p055407_006_raw.jpg,magnetite,target_mineral,0,55407,DG-7331416cea59,train,expert_fit
VTM-000444,raw_positive/magnetite_proxy/magnetite_mindat_p058476_328_raw.jpg,magnetite,target_mineral,0,58476,DG-ce12d30fa21f,val,expert_stop
VTM-000445,raw_positive/magnetite_proxy/magnetite_mindat_p058933_1334_raw.jpg,magnetite,target_mineral,0,58933,DG-135b572fdce3,val,expert_stop
VTM-000448,raw_positive/magnetite_proxy/magnetite_mindat_p062600_053_raw.jpg,magnetite,target_mineral,0,62600,DG-8d22be96451b,train,expert_fit
VTM-000449,raw_positive/magnetite_proxy/magnetite_mindat_p062684_798_raw.jpg,magnetite,target_mineral,0,62684,DG-f157fe6a84d8,train,expert_fit
VTM-000450,raw_positive/magnetite_proxy/magnetite_mindat_p062827_023_raw.jpg,magnetite,target_mineral,0,62827,DG-ab76d72b567c,train,expert_fit
VTM-000452,raw_positive/magnetite_proxy/magnetite_mindat_p066671_056_raw.jpg,magnetite,target_mineral,0,66671,DG-fa5effe98d9e,train,expert_fit
VTM-000455,raw_positive/magnetite_proxy/magnetite_mindat_p067363_1161_raw.jpg,magnetite,target_mineral,0,67363,DG-07eed7826155,val,expert_stop
VTM-000457,raw_positive/magnetite_proxy/magnetite_mindat_p069341_357_raw.jpg,magnetite,target_mineral,0,69341,DG-da2371bedc70,train,expert_fit
VTM-000459,raw_positive/magnetite_proxy/magnetite_mindat_p070340_511_raw.jpg,magnetite,target_mineral,0,70340,DG-8f86ca807d93,train,expert_fit
VTM-000460,raw_positive/magnetite_proxy/magnetite_mindat_p070826_067_raw.jpg,magnetite,target_mineral,0,70826,DG-685b688f62e3,train,expert_fit
VTM-000463,raw_positive/magnetite_proxy/magnetite_mindat_p071322_1013_raw.jpg,magnetite,target_mineral,0,71322,DG-bac5bb0c0daf,train,expert_fit
VTM-000464,raw_positive/magnetite_proxy/magnetite_mindat_p071356_490_raw.jpg,magnetite,target_mineral,0,71356,DG-2d7adf4c3825,val,expert_stop
VTM-000465,raw_positive/magnetite_proxy/magnetite_mindat_p073137_1017_raw.jpg,magnetite,target_mineral,0,73137,DG-5d8be5aba542,train,expert_fit
VTM-000466,raw_positive/magnetite_proxy/magnetite_mindat_p073138_1015_raw.jpg,magnetite,target_mineral,0,73138,DG-cc133e156077,val,expert_stop
VTM-000467,raw_positive/magnetite_proxy/magnetite_mindat_p073139_1009_raw.jpg,magnetite,target_mineral,0,73139,DG-e9e5df82ffcb,train,expert_fit
VTM-000468,raw_positive/magnetite_proxy/magnetite_mindat_p073212_1020_raw.jpg,magnetite,target_mineral,0,73212,DG-106aa7dc4b8b,train,expert_fit
VTM-000469,raw_positive/magnetite_proxy/magnetite_mindat_p073213_1021_raw.jpg,magnetite,target_mineral,0,73213,DG-55628b24d169,train,expert_fit
VTM-000471,raw_positive/magnetite_proxy/magnetite_mindat_p074178_041_raw.jpg,magnetite,target_mineral,0,74178,DG-cea97ec6d8bc,train,expert_fit
VTM-000472,raw_positive/magnetite_proxy/magnetite_mindat_p074377_364_raw.jpg,magnetite,target_mineral,0,74377,DG-a9c3b6abbd97,train,expert_fit
VTM-000474,raw_positive/magnetite_proxy/magnetite_mindat_p074544_387_raw.jpg,magnetite,target_mineral,0,74544,DG-c128dd034cca,train,expert_fit
VTM-000475,raw_positive/magnetite_proxy/magnetite_mindat_p074545_340_raw.jpg,magnetite,target_mineral,0,74545,DG-8ccebb8113c3,train,expert_fit
VTM-000476,raw_positive/magnetite_proxy/magnetite_mindat_p074546_384_raw.jpg,magnetite,target_mineral,0,74546,DG-59d980326e53,train,expert_fit
VTM-000477,raw_positive/magnetite_proxy/magnetite_mindat_p075469_018_raw.jpg,magnetite,target_mineral,0,75469,DG-76149324bcd3,train,expert_fit
VTM-000478,raw_positive/magnetite_proxy/magnetite_mindat_p076003_423_raw.jpg,magnetite,target_mineral,0,76003,DG-1bdb3af54a65,train,expert_fit
VTM-000481,raw_positive/magnetite_proxy/magnetite_mindat_p079444_063_raw.jpg,magnetite,target_mineral,0,79444,DG-bd2d632589ac,val,expert_stop
VTM-000482,raw_positive/magnetite_proxy/magnetite_mindat_p079521_020_raw.jpg,magnetite,target_mineral,0,79521,DG-252e52464d94,train,expert_fit
VTM-000484,raw_positive/magnetite_proxy/magnetite_mindat_p080066_1018_raw.jpg,magnetite,target_mineral,0,80066,DG-f6cdfd76d655,train,expert_fit
VTM-000487,raw_positive/magnetite_proxy/magnetite_mindat_p082071_1332_raw.jpg,magnetite,target_mineral,0,82071,DG-fa21589d0eae,train,expert_fit
VTM-000488,raw_positive/magnetite_proxy/magnetite_mindat_p082240_1322_raw.jpg,magnetite,target_mineral,0,82240,DG-4c58be6039ce,train,expert_fit
VTM-000490,raw_positive/magnetite_proxy/magnetite_mindat_p084570_1008_raw.jpg,magnetite,target_mineral,0,84570,DG-43477d7a0ba9,val,expert_stop
VTM-000491,raw_positive/magnetite_proxy/magnetite_mindat_p086019_554_raw.jpg,magnetite,target_mineral,0,86019,DG-aa241856708e,train,expert_fit
VTM-000492,raw_positive/magnetite_proxy/magnetite_mindat_p089549_433_raw.jpg,magnetite,target_mineral,0,89549,DG-6ba52cbd319a,train,expert_fit
VTM-000493,raw_positive/magnetite_proxy/magnetite_mindat_p091043_265_raw.jpg,magnetite,target_mineral,0,91043,DG-764669a98d25,train,expert_fit
VTM-000494,raw_positive/magnetite_proxy/magnetite_mindat_p091044_279_raw.jpg,magnetite,target_mineral,0,91044,DG-2a5290c5d7d8,train,expert_fit
VTM-000498,raw_positive/magnetite_proxy/magnetite_mindat_p092330_1330_raw.jpg,magnetite,target_mineral,0,92330,DG-d0d8d1193f14,train,expert_fit
VTM-000500,raw_positive/magnetite_proxy/magnetite_mindat_p093878_931_raw.jpg,magnetite,target_mineral,0,93878,DG-b0f7675d286d,train,expert_fit
VTM-000502,raw_positive/magnetite_proxy/magnetite_mindat_p095715_804_raw.jpg,magnetite,target_mineral,0,95715,DG-798518079cf8,train,expert_fit
VTM-000503,raw_positive/magnetite_proxy/magnetite_mindat_p096662_442_raw.jpg,magnetite,target_mineral,0,96662,DG-572766d5cc60,val,expert_stop
VTM-000504,raw_positive/magnetite_proxy/magnetite_mindat_p096663_451_raw.jpg,magnetite,target_mineral,0,96663,DG-bb27983bc666,val,expert_stop
VTM-000506,raw_positive/magnetite_proxy/magnetite_mindat_p097134_268_raw.jpg,magnetite,target_mineral,0,97134,DG-0ed458c7a67f,train,expert_fit
VTM-000507,raw_positive/magnetite_proxy/magnetite_mindat_p097135_258_raw.jpg,magnetite,target_mineral,0,97135,DG-ab23a7ae7b4a,val,expert_stop
VTM-000508,raw_positive/magnetite_proxy/magnetite_mindat_p097256_560_raw.jpg,magnetite,target_mineral,0,97256,DG-2db55b805efd,train,expert_fit
VTM-000509,raw_positive/magnetite_proxy/magnetite_mindat_p097372_260_raw.jpg,magnetite,target_mineral,0,97372,DG-c4c2974889e2,val,expert_stop
VTM-000510,raw_positive/magnetite_proxy/magnetite_mindat_p097376_273_raw.jpg,magnetite,target_mineral,0,97376,DG-275f9a2086b7,train,expert_fit
VTM-000511,raw_positive/magnetite_proxy/magnetite_mindat_p097379_276_raw.jpg,magnetite,target_mineral,0,97379,DG-810c02dbca34,val,expert_stop
VTM-000512,raw_positive/magnetite_proxy/magnetite_mindat_p097405_281_raw.jpg,magnetite,target_mineral,0,97405,DG-629e0d098a8e,train,expert_fit
VTM-000514,raw_positive/magnetite_proxy/magnetite_mindat_p097467_527_raw.jpg,magnetite,target_mineral,0,97467,DG-0795f955937a,train,expert_fit
VTM-000517,raw_positive/magnetite_proxy/magnetite_mindat_p098475_1310_raw.jpg,magnetite,target_mineral,0,98475,DG-97ecead930d7,train,expert_fit
VTM-000518,raw_positive/magnetite_proxy/magnetite_mindat_p099032_1184_raw.jpg,magnetite,target_mineral,0,99032,DG-85333005c1cb,train,expert_fit
VTM-000521,raw_positive/magnetite_proxy/magnetite_mindat_p099329_1085_raw.jpg,magnetite,target_mineral,0,99329,DG-a364591e5a94,train,expert_fit
VTM-000522,raw_positive/magnetite_proxy/magnetite_mindat_p100516_127_raw.jpg,magnetite,target_mineral,0,100516,DG-8d216dcbe52c,train,expert_fit
VTM-000524,raw_positive/magnetite_proxy/magnetite_mindat_p1007754_106_raw.jpg,magnetite,target_mineral,0,1007754,DG-c17be4bb822a,val,expert_stop
VTM-000525,raw_positive/magnetite_proxy/magnetite_mindat_p1007755_105_raw.jpg,magnetite,target_mineral,0,1007755,DG-82fecec84b49,val,expert_stop
VTM-000526,raw_positive/magnetite_proxy/magnetite_mindat_p1010154_407_raw.jpg,magnetite,target_mineral,0,1010154,DG-0e1dac20bf87,train,expert_fit
VTM-000528,raw_positive/magnetite_proxy/magnetite_mindat_p1010156_408_raw.jpg,magnetite,target_mineral,0,1010156,DG-5c4892601427,train,expert_fit
VTM-000529,raw_positive/magnetite_proxy/magnetite_mindat_p101298_331_raw.jpg,magnetite,target_mineral,0,101298,DG-aac951887630,train,expert_fit
VTM-000531,raw_positive/magnetite_proxy/magnetite_mindat_p101816_1235_raw.jpg,magnetite,target_mineral,0,101816,DG-f79e95555def,train,expert_fit
VTM-000533,raw_positive/magnetite_proxy/magnetite_mindat_p1019667_892_raw.jpg,magnetite,target_mineral,0,1019667,DG-13e216bf967a,train,expert_fit
VTM-000535,raw_positive/magnetite_proxy/magnetite_mindat_p1020705_685_raw.jpg,magnetite,target_mineral,0,1020705,DG-af31db207d3e,train,expert_fit
VTM-000537,raw_positive/magnetite_proxy/magnetite_mindat_p1021034_218_raw.jpg,magnetite,target_mineral,0,1021034,DG-7da574bee125,train,expert_fit
VTM-000538,raw_positive/magnetite_proxy/magnetite_mindat_p1022659_684_raw.jpg,magnetite,target_mineral,0,1022659,DG-5288ef555d8f,train,expert_fit
VTM-000539,raw_positive/magnetite_proxy/magnetite_mindat_p102378_812_raw.jpg,magnetite,target_mineral,0,102378,DG-911e40726482,train,expert_fit
VTM-000542,raw_positive/magnetite_proxy/magnetite_mindat_p103197_1081_raw.jpg,magnetite,target_mineral,0,103197,DG-abef6c79e38a,train,expert_fit
VTM-000544,raw_positive/magnetite_proxy/magnetite_mindat_p1034596_638_raw.jpg,magnetite,target_mineral,0,1034596,DG-8b5c29f84b3e,train,expert_fit
VTM-000547,raw_positive/magnetite_proxy/magnetite_mindat_p1040277_1048_raw.jpg,magnetite,target_mineral,0,1040277,DG-575100d9511f,train,expert_fit
VTM-000548,raw_positive/magnetite_proxy/magnetite_mindat_p1040662_785_raw.jpg,magnetite,target_mineral,0,1040662,DG-712b40b536f4,train,expert_fit
VTM-000549,raw_positive/magnetite_proxy/magnetite_mindat_p1040903_952_raw.jpg,magnetite,target_mineral,0,1040903,DG-ecd00147484f,train,expert_fit
VTM-000550,raw_positive/magnetite_proxy/magnetite_mindat_p1043041_791_raw.jpg,magnetite,target_mineral,0,1043041,DG-d6c4964bebe0,train,expert_fit
VTM-000551,raw_positive/magnetite_proxy/magnetite_mindat_p1043043_790_raw.jpg,magnetite,target_mineral,0,1043043,DG-217497736bb3,train,expert_fit
VTM-000552,raw_positive/magnetite_proxy/magnetite_mindat_p1043045_787_raw.jpg,magnetite,target_mineral,0,1043045,DG-ab97e2c9aa10,train,expert_fit
VTM-000553,raw_positive/magnetite_proxy/magnetite_mindat_p1046038_206_raw.jpg,magnetite,target_mineral,0,1046038,DG-2a97609617c5,train,expert_fit
VTM-000554,raw_positive/magnetite_proxy/magnetite_mindat_p1048337_829_raw.jpg,magnetite,target_mineral,0,1048337,DG-d69aeb666d37,train,expert_fit
VTM-000555,raw_positive/magnetite_proxy/magnetite_mindat_p1048341_841_raw.jpg,magnetite,target_mineral,0,1048341,DG-cdab4db59c42,train,expert_fit
VTM-000556,raw_positive/magnetite_proxy/magnetite_mindat_p1048344_850_raw.jpg,magnetite,target_mineral,0,1048344,DG-991ddd9c9167,train,expert_fit
VTM-000557,raw_positive/magnetite_proxy/magnetite_mindat_p1049994_955_raw.jpg,magnetite,target_mineral,0,1049994,DG-918dc308ac82,train,expert_fit
VTM-000558,raw_positive/magnetite_proxy/magnetite_mindat_p1050207_1226_raw.jpg,magnetite,target_mineral,0,1050207,DG-a27446662ac3,train,expert_fit
VTM-000561,raw_positive/magnetite_proxy/magnetite_mindat_p1052597_868_raw.jpg,magnetite,target_mineral,0,1052597,DG-90ed9625cbcc,train,expert_fit
VTM-000564,raw_positive/magnetite_proxy/magnetite_mindat_p105362_813_raw.jpg,magnetite,target_mineral,0,105362,DG-9677c1139cce,train,expert_fit
VTM-000566,raw_positive/magnetite_proxy/magnetite_mindat_p105450_809_raw.jpg,magnetite,target_mineral,0,105450,DG-88a8c17089a3,train,expert_fit
VTM-000568,raw_positive/magnetite_proxy/magnetite_mindat_p1058943_1298_raw.jpg,magnetite,target_mineral,0,1058943,DG-23a16a9b5450,train,expert_fit
VTM-000571,raw_positive/magnetite_proxy/magnetite_mindat_p1060637_1268_raw.jpg,magnetite,target_mineral,0,1060637,DG-badeafbc76d2,train,expert_fit
VTM-000573,raw_positive/magnetite_proxy/magnetite_mindat_p106822_929_raw.jpg,magnetite,target_mineral,0,106822,DG-b952a38d1b02,train,expert_fit
VTM-000574,raw_positive/magnetite_proxy/magnetite_mindat_p1069607_539_raw.jpg,magnetite,target_mineral,0,1069607,DG-d2a6f15126ec,val,expert_stop
VTM-000576,raw_positive/magnetite_proxy/magnetite_mindat_p1072086_657_raw.jpg,magnetite,target_mineral,0,1072086,DG-3ee9897d28ac,train,expert_fit
VTM-000577,raw_positive/magnetite_proxy/magnetite_mindat_p1073450_720_raw.jpg,magnetite,target_mineral,0,1073450,DG-ad0ad30958cd,train,expert_fit
VTM-000579,raw_positive/magnetite_proxy/magnetite_mindat_p109290_402_raw.jpg,magnetite,target_mineral,0,109290,DG-508b157a199b,train,expert_fit
VTM-000580,raw_positive/magnetite_proxy/magnetite_mindat_p1093550_671_raw.jpg,magnetite,target_mineral,0,1093550,DG-6d19f0d06ebd,val,expert_stop
VTM-000581,raw_positive/magnetite_proxy/magnetite_mindat_p109535_359_raw.jpg,magnetite,target_mineral,0,109535,DG-671065b203d4,train,expert_fit
VTM-000583,raw_positive/magnetite_proxy/magnetite_mindat_p1097179_1252_raw.jpg,magnetite,target_mineral,0,1097179,DG-74a678c2a4f2,train,expert_fit
VTM-000584,raw_positive/magnetite_proxy/magnetite_mindat_p1097464_120_raw.jpg,magnetite,target_mineral,0,1097464,DG-f734cca44fe3,train,expert_fit
VTM-000586,raw_positive/magnetite_proxy/magnetite_mindat_p1098975_308_raw.jpg,magnetite,target_mineral,0,1098975,DG-6fbe87ab05b1,train,expert_fit
VTM-000587,raw_positive/magnetite_proxy/magnetite_mindat_p1100225_352_raw.jpg,magnetite,target_mineral,0,1100225,DG-31b430d1c5ca,train,expert_fit
VTM-000588,raw_positive/magnetite_proxy/magnetite_mindat_p110483_264_raw.jpg,magnetite,target_mineral,0,110483,DG-4c5775325f1b,train,expert_fit
VTM-000589,raw_positive/magnetite_proxy/magnetite_mindat_p1105611_1251_raw.jpg,magnetite,target_mineral,0,1105611,DG-c6e2ad323460,train,expert_fit
VTM-000590,raw_positive/magnetite_proxy/magnetite_mindat_p110594_341_raw.jpg,magnetite,target_mineral,0,110594,DG-c990436be263,train,expert_fit
VTM-000591,raw_positive/magnetite_proxy/magnetite_mindat_p110595_333_raw.jpg,magnetite,target_mineral,0,110595,DG-1cdb016d90ca,train,expert_fit
VTM-000592,raw_positive/magnetite_proxy/magnetite_mindat_p110596_350_raw.jpg,magnetite,target_mineral,0,110596,DG-2f16b91edc4a,train,expert_fit
VTM-000593,raw_positive/magnetite_proxy/magnetite_mindat_p110597_330_raw.jpg,magnetite,target_mineral,0,110597,DG-9efb787355bb,train,expert_fit
VTM-000594,raw_positive/magnetite_proxy/magnetite_mindat_p110598_346_raw.jpg,magnetite,target_mineral,0,110598,DG-652cb2e58470,val,expert_stop
VTM-000599,raw_positive/magnetite_proxy/magnetite_mindat_p1112796_647_raw.jpg,magnetite,target_mineral,0,1112796,DG-1798cb9ea7ad,val,expert_stop
VTM-000603,raw_positive/magnetite_proxy/magnetite_mindat_p1116425_656_raw.jpg,magnetite,target_mineral,0,1116425,DG-7e036b7a8081,train,expert_fit
VTM-000605,raw_positive/magnetite_proxy/magnetite_mindat_p1117586_897_raw.jpg,magnetite,target_mineral,0,1117586,DG-522b735eeab1,train,expert_fit
VTM-000606,raw_positive/magnetite_proxy/magnetite_mindat_p1119289_305_raw.jpg,magnetite,target_mineral,0,1119289,DG-8453249814c4,val,expert_stop
VTM-000608,raw_positive/magnetite_proxy/magnetite_mindat_p112099_344_raw.jpg,magnetite,target_mineral,0,112099,DG-92320352b480,train,expert_fit
VTM-000610,raw_positive/magnetite_proxy/magnetite_mindat_p1121619_432_raw.jpg,magnetite,target_mineral,0,1121619,DG-00fde2871d4b,train,expert_fit
VTM-000611,raw_positive/magnetite_proxy/magnetite_mindat_p1123180_1079_raw.jpg,magnetite,target_mineral,0,1123180,DG-8aca82ee2d9a,train,expert_fit
VTM-000612,raw_positive/magnetite_proxy/magnetite_mindat_p1124826_851_raw.jpg,magnetite,target_mineral,0,1124826,DG-62a96a313966,train,expert_fit
VTM-000614,raw_positive/magnetite_proxy/magnetite_mindat_p112745_556_raw.jpg,magnetite,target_mineral,0,112745,DG-a68783d9878c,val,expert_stop
VTM-000615,raw_positive/magnetite_proxy/magnetite_mindat_p1128067_927_raw.jpg,magnetite,target_mineral,0,1128067,DG-98b200053a88,train,expert_fit
VTM-000616,raw_positive/magnetite_proxy/magnetite_mindat_p1130270_1297_raw.jpg,magnetite,target_mineral,0,1130270,DG-8627d5243277,train,expert_fit
VTM-000620,raw_positive/magnetite_proxy/magnetite_mindat_p113698_007_raw.jpg,magnetite,target_mineral,0,113698,DG-dc6502d23098,val,expert_stop
VTM-000622,raw_positive/magnetite_proxy/magnetite_mindat_p113777_367_raw.jpg,magnetite,target_mineral,0,113777,DG-5b0ea69b1dfc,train,expert_fit
VTM-000625,raw_positive/magnetite_proxy/magnetite_mindat_p114113_069_raw.jpg,magnetite,target_mineral,0,114113,DG-addb5464be08,train,expert_fit
VTM-000627,raw_positive/magnetite_proxy/magnetite_mindat_p1147001_1223_raw.jpg,magnetite,target_mineral,0,1147001,DG-915428cedd5a,train,expert_fit
VTM-000628,raw_positive/magnetite_proxy/magnetite_mindat_p1149437_669_raw.jpg,magnetite,target_mineral,0,1149437,DG-8929c9bd7626,train,expert_fit
VTM-000630,raw_positive/magnetite_proxy/magnetite_mindat_p1150856_908_raw.jpg,magnetite,target_mineral,0,1150856,DG-4d3c9beb5824,val,expert_stop
VTM-000631,raw_positive/magnetite_proxy/magnetite_mindat_p1151551_590_raw.jpg,magnetite,target_mineral,0,1151551,DG-5bc7af12d7a1,train,expert_fit
VTM-000633,raw_positive/magnetite_proxy/magnetite_mindat_p1156927_750_raw.jpg,magnetite,target_mineral,0,1156927,DG-6b47596344a6,train,expert_fit
VTM-000634,raw_positive/magnetite_proxy/magnetite_mindat_p1156929_753_raw.jpg,magnetite,target_mineral,0,1156929,DG-2be631e5a94b,train,expert_fit
VTM-000635,raw_positive/magnetite_proxy/magnetite_mindat_p1156930_754_raw.jpg,magnetite,target_mineral,0,1156930,DG-0a7197b1c473,train,expert_fit
VTM-000637,raw_positive/magnetite_proxy/magnetite_mindat_p1160941_118_raw.jpg,magnetite,target_mineral,0,1160941,DG-9632525a2dbe,train,expert_fit
VTM-000639,raw_positive/magnetite_proxy/magnetite_mindat_p1161551_940_raw.jpg,magnetite,target_mineral,0,1161551,DG-c124903734d0,train,expert_fit
VTM-000640,raw_positive/magnetite_proxy/magnetite_mindat_p1163154_936_raw.jpg,magnetite,target_mineral,0,1163154,DG-fc64e5f4d543,train,expert_fit
VTM-000643,raw_positive/magnetite_proxy/magnetite_mindat_p1164205_666_raw.jpg,magnetite,target_mineral,0,1164205,DG-2523c6ff20cc,train,expert_fit
VTM-000644,raw_positive/magnetite_proxy/magnetite_mindat_p1166872_579_raw.jpg,magnetite,target_mineral,0,1166872,DG-5f2a9cfc90f1,train,expert_fit
VTM-000645,raw_positive/magnetite_proxy/magnetite_mindat_p1166874_585_raw.jpg,magnetite,target_mineral,0,1166874,DG-1e092660f768,train,expert_fit
VTM-000646,raw_positive/magnetite_proxy/magnetite_mindat_p1167368_675_raw.jpg,magnetite,target_mineral,0,1167368,DG-71448f2bc871,train,expert_fit
VTM-000648,raw_positive/magnetite_proxy/magnetite_mindat_p1169087_899_raw.jpg,magnetite,target_mineral,0,1169087,DG-1819f878d7b7,train,expert_fit
VTM-000649,raw_positive/magnetite_proxy/magnetite_mindat_p1169089_915_raw.jpg,magnetite,target_mineral,0,1169089,DG-4d4e149abdad,val,expert_stop
VTM-000653,raw_positive/magnetite_proxy/magnetite_mindat_p1170345_1209_raw.jpg,magnetite,target_mineral,0,1170345,DG-43118d65bbc5,train,expert_fit
VTM-000654,raw_positive/magnetite_proxy/magnetite_mindat_p1172673_668_raw.jpg,magnetite,target_mineral,0,1172673,DG-870455a260e3,val,expert_stop
VTM-000656,raw_positive/magnetite_proxy/magnetite_mindat_p1174149_663_raw.jpg,magnetite,target_mineral,0,1174149,DG-01cd589e7be5,train,expert_fit
VTM-000657,raw_positive/magnetite_proxy/magnetite_mindat_p1175116_1260_raw.jpg,magnetite,target_mineral,0,1175116,DG-1beca935d1a2,val,expert_stop
VTM-000658,raw_positive/magnetite_proxy/magnetite_mindat_p1175117_1262_raw.jpg,magnetite,target_mineral,0,1175117,DG-03c011117a93,train,expert_fit
VTM-000660,raw_positive/magnetite_proxy/magnetite_mindat_p1178596_326_raw.jpg,magnetite,target_mineral,0,1178596,DG-ad58ef2bbda3,train,expert_fit
VTM-000661,raw_positive/magnetite_proxy/magnetite_mindat_p1179687_942_raw.jpg,magnetite,target_mineral,0,1179687,DG-c0c36b3071a9,train,expert_fit
VTM-000663,raw_positive/magnetite_proxy/magnetite_mindat_p1184897_674_raw.jpg,magnetite,target_mineral,0,1184897,DG-539d9d2e2678,train,expert_fit
VTM-000665,raw_positive/magnetite_proxy/magnetite_mindat_p118736_004_raw.jpg,magnetite,target_mineral,0,118736,DG-1d62c3c75310,train,expert_fit
VTM-000666,raw_positive/magnetite_proxy/magnetite_mindat_p1191555_121_raw.jpg,magnetite,target_mineral,0,1191555,DG-42d073c596a6,train,expert_fit
VTM-000667,raw_positive/magnetite_proxy/magnetite_mindat_p1192158_1069_raw.jpg,magnetite,target_mineral,0,1192158,DG-d281a50059a7,train,expert_fit
VTM-000668,raw_positive/magnetite_proxy/magnetite_mindat_p1193100_236_raw.jpg,magnetite,target_mineral,0,1193100,DG-8ede4cd6bd3f,train,expert_fit
VTM-000669,raw_positive/magnetite_proxy/magnetite_mindat_p1193616_591_raw.jpg,magnetite,target_mineral,0,1193616,DG-ad29183b0834,train,expert_fit
VTM-000673,raw_positive/magnetite_proxy/magnetite_mindat_p1197056_1261_raw.jpg,magnetite,target_mineral,0,1197056,DG-c2c603b9e3a0,train,expert_fit
VTM-000675,raw_positive/magnetite_proxy/magnetite_mindat_p1200392_725_raw.jpg,magnetite,target_mineral,0,1200392,DG-a74f36131fe6,train,expert_fit
VTM-000676,raw_positive/magnetite_proxy/magnetite_mindat_p1200425_718_raw.jpg,magnetite,target_mineral,0,1200425,DG-e251b23c1eba,train,expert_fit
VTM-000679,raw_positive/magnetite_proxy/magnetite_mindat_p1207560_828_raw.jpg,magnetite,target_mineral,0,1207560,DG-1b90ed208216,train,expert_fit
VTM-000681,raw_positive/magnetite_proxy/magnetite_mindat_p1209355_917_raw.jpg,magnetite,target_mineral,0,1209355,DG-35c7c8b5abb3,train,expert_fit
VTM-000683,raw_positive/magnetite_proxy/magnetite_mindat_p1209357_921_raw.jpg,magnetite,target_mineral,0,1209357,DG-3cb662723d66,train,expert_fit
VTM-000684,raw_positive/magnetite_proxy/magnetite_mindat_p1210261_664_raw.jpg,magnetite,target_mineral,0,1210261,DG-e860e48560ef,train,expert_fit
VTM-000686,raw_positive/magnetite_proxy/magnetite_mindat_p1210292_650_raw.jpg,magnetite,target_mineral,0,1210292,DG-19225ef14261,train,expert_fit
VTM-000690,raw_positive/magnetite_proxy/magnetite_mindat_p1216453_739_raw.jpg,magnetite,target_mineral,0,1216453,DG-14a18702e306,train,expert_fit
VTM-000691,raw_positive/magnetite_proxy/magnetite_mindat_p1216989_589_raw.jpg,magnetite,target_mineral,0,1216989,DG-9ddb0bea1139,train,expert_fit
VTM-000693,raw_positive/magnetite_proxy/magnetite_mindat_p1217402_687_raw.jpg,magnetite,target_mineral,0,1217402,DG-215e87cde7ce,train,expert_fit
VTM-000694,raw_positive/magnetite_proxy/magnetite_mindat_p1217403_659_raw.jpg,magnetite,target_mineral,0,1217403,DG-1bf50f8d6297,val,expert_stop
VTM-000695,raw_positive/magnetite_proxy/magnetite_mindat_p121853_460_raw.jpg,magnetite,target_mineral,0,121853,DG-23db2eab5a9a,train,expert_fit
VTM-000696,raw_positive/magnetite_proxy/magnetite_mindat_p1219924_598_raw.jpg,magnetite,target_mineral,0,1219924,DG-94e7272483fd,train,expert_fit
VTM-000697,raw_positive/magnetite_proxy/magnetite_mindat_p1219973_683_raw.jpg,magnetite,target_mineral,0,1219973,DG-2717dffb1268,train,expert_fit
VTM-000699,raw_positive/magnetite_proxy/magnetite_mindat_p1220105_688_raw.jpg,magnetite,target_mineral,0,1220105,DG-d6ab0dc0699c,train,expert_fit
VTM-000700,raw_positive/magnetite_proxy/magnetite_mindat_p1223445_219_raw.jpg,magnetite,target_mineral,0,1223445,DG-7efe5967fd99,train,expert_fit
VTM-000702,raw_positive/magnetite_proxy/magnetite_mindat_p122815_019_raw.jpg,magnetite,target_mineral,0,122815,DG-3532e3ae46c0,train,expert_fit
VTM-000703,raw_positive/magnetite_proxy/magnetite_mindat_p1230429_1278_raw.jpg,magnetite,target_mineral,0,1230429,DG-9ec0553dd14a,train,expert_fit
VTM-000705,raw_positive/magnetite_proxy/magnetite_mindat_p1235489_592_raw.jpg,magnetite,target_mineral,0,1235489,DG-4c8ab3ce779e,train,expert_fit
VTM-000707,raw_positive/magnetite_proxy/magnetite_mindat_p1239290_534_raw.jpg,magnetite,target_mineral,0,1239290,DG-4ffcdb1d0ece,train,expert_fit
VTM-000710,raw_positive/magnetite_proxy/magnetite_mindat_p1240303_506_raw.jpg,magnetite,target_mineral,0,1240303,DG-73f5251f3a0d,train,expert_fit
VTM-000711,raw_positive/magnetite_proxy/magnetite_mindat_p1240912_351_raw.jpg,magnetite,target_mineral,0,1240912,DG-94a4562acff5,train,expert_fit
VTM-000713,raw_positive/magnetite_proxy/magnetite_mindat_p1255335_588_raw.jpg,magnetite,target_mineral,0,1255335,DG-e7526efc7838,train,expert_fit
VTM-000714,raw_positive/magnetite_proxy/magnetite_mindat_p1256514_848_raw.jpg,magnetite,target_mineral,0,1256514,DG-d5b2d2d0f47d,val,expert_stop
VTM-000715,raw_positive/magnetite_proxy/magnetite_mindat_p1256515_836_raw.jpg,magnetite,target_mineral,0,1256515,DG-be8070b556ad,train,expert_fit
VTM-000716,raw_positive/magnetite_proxy/magnetite_mindat_p1257277_437_raw.jpg,magnetite,target_mineral,0,1257277,DG-34dcba9f319d,train,expert_fit
VTM-000717,raw_positive/magnetite_proxy/magnetite_mindat_p1261545_680_raw.jpg,magnetite,target_mineral,0,1261545,DG-2b2907dc1360,train,expert_fit
VTM-000719,raw_positive/magnetite_proxy/magnetite_mindat_p1261758_249_raw.jpg,magnetite,target_mineral,0,1261758,DG-4b0e141be02b,val,expert_stop
VTM-000721,raw_positive/magnetite_proxy/magnetite_mindat_p1268664_1108_raw.jpg,magnetite,target_mineral,0,1268664,DG-8dc9ee883d17,train,expert_fit
VTM-000723,raw_positive/magnetite_proxy/magnetite_mindat_p1281771_110_raw.jpg,magnetite,target_mineral,0,1281771,DG-511bc90a21cd,train,expert_fit
VTM-000724,raw_positive/magnetite_proxy/magnetite_mindat_p1281772_113_raw.jpg,magnetite,target_mineral,0,1281772,DG-71445ecdb56e,train,expert_fit
VTM-000727,raw_positive/magnetite_proxy/magnetite_mindat_p1284498_1153_raw.jpg,magnetite,target_mineral,0,1284498,DG-3b8b3a2d2b24,train,expert_fit
VTM-000729,raw_positive/magnetite_proxy/magnetite_mindat_p1289917_989_raw.jpg,magnetite,target_mineral,0,1289917,DG-d003f10e6a17,train,expert_fit
VTM-000732,raw_positive/magnetite_proxy/magnetite_mindat_p1294803_1121_raw.jpg,magnetite,target_mineral,0,1294803,DG-0413edf6bbfa,train,expert_fit
VTM-000733,raw_positive/magnetite_proxy/magnetite_mindat_p1300101_107_raw.jpg,magnetite,target_mineral,0,1300101,DG-2e91c819e226,train,expert_fit
VTM-000734,raw_positive/magnetite_proxy/magnetite_mindat_p1300900_546_raw.jpg,magnetite,target_mineral,0,1300900,DG-7943e07eda8b,train,expert_fit
VTM-000737,raw_positive/magnetite_proxy/magnetite_mindat_p1303011_730_raw.jpg,magnetite,target_mineral,0,1303011,DG-bdde6af78cd5,train,expert_fit
VTM-000738,raw_positive/magnetite_proxy/magnetite_mindat_p1303012_726_raw.jpg,magnetite,target_mineral,0,1303012,DG-acfec52406c0,train,expert_fit
VTM-000740,raw_positive/magnetite_proxy/magnetite_mindat_p1313667_1255_raw.jpg,magnetite,target_mineral,0,1313667,DG-be20a789f2d6,train,expert_fit
VTM-000741,raw_positive/magnetite_proxy/magnetite_mindat_p131530_1025_raw.jpg,magnetite,target_mineral,0,131530,DG-6d75fcffa01b,train,expert_fit
VTM-000742,raw_positive/magnetite_proxy/magnetite_mindat_p131586_542_raw.jpg,magnetite,target_mineral,0,131586,DG-e9fe98c5ef26,train,expert_fit
VTM-000743,raw_positive/magnetite_proxy/magnetite_mindat_p131587_545_raw.jpg,magnetite,target_mineral,0,131587,DG-8e03db519343,train,expert_fit
VTM-000744,raw_positive/magnetite_proxy/magnetite_mindat_p1316443_399_raw.jpg,magnetite,target_mineral,0,1316443,DG-51c20dbdad13,train,expert_fit
VTM-000745,raw_positive/magnetite_proxy/magnetite_mindat_p1317547_914_raw.jpg,magnetite,target_mineral,0,1317547,DG-ffae84effe1f,train,expert_fit
VTM-000746,raw_positive/magnetite_proxy/magnetite_mindat_p131883_1157_raw.jpg,magnetite,target_mineral,0,131883,DG-edb187b2348f,train,expert_fit
VTM-000749,raw_positive/magnetite_proxy/magnetite_mindat_p1323569_1295_raw.jpg,magnetite,target_mineral,0,1323569,DG-9d6f8b7cd056,train,expert_fit
VTM-000750,raw_positive/magnetite_proxy/magnetite_mindat_p132475_042_raw.jpg,magnetite,target_mineral,0,132475,DG-a1ca1e131bfd,train,expert_fit
VTM-000751,raw_positive/magnetite_proxy/magnetite_mindat_p1324907_578_raw.jpg,magnetite,target_mineral,0,1324907,DG-3d9dc0979618,train,expert_fit
VTM-000753,raw_positive/magnetite_proxy/magnetite_mindat_p1325763_1112_raw.jpg,magnetite,target_mineral,0,1325763,DG-7598f8d56a09,train,expert_fit
VTM-000754,raw_positive/magnetite_proxy/magnetite_mindat_p1326329_551_raw.jpg,magnetite,target_mineral,0,1326329,DG-a5308d80eb1e,train,expert_fit
VTM-000755,raw_positive/magnetite_proxy/magnetite_mindat_p1327113_994_raw.jpg,magnetite,target_mineral,0,1327113,DG-0a97a24d561e,train,expert_fit
VTM-000756,raw_positive/magnetite_proxy/magnetite_mindat_p1327114_1000_raw.jpg,magnetite,target_mineral,0,1327114,DG-77c1cbcf10bc,train,expert_fit
VTM-000757,raw_positive/magnetite_proxy/magnetite_mindat_p1327137_996_raw.jpg,magnetite,target_mineral,0,1327137,DG-fb2d7c9ea735,train,expert_fit
VTM-000758,raw_positive/magnetite_proxy/magnetite_mindat_p1327138_1001_raw.jpg,magnetite,target_mineral,0,1327138,DG-9cdd8f83ad65,val,expert_stop
VTM-000764,raw_positive/magnetite_proxy/magnetite_mindat_p1328488_788_raw.jpg,magnetite,target_mineral,0,1328488,DG-f1908d5df853,train,expert_fit
VTM-000765,raw_positive/magnetite_proxy/magnetite_mindat_p1329849_852_raw.jpg,magnetite,target_mineral,0,1329849,DG-3ce0b36731d7,train,expert_fit
VTM-000766,raw_positive/magnetite_proxy/magnetite_mindat_p1330686_665_raw.jpg,magnetite,target_mineral,0,1330686,DG-dbe67ebecc29,val,expert_stop
VTM-000767,raw_positive/magnetite_proxy/magnetite_mindat_p1330735_686_raw.jpg,magnetite,target_mineral,0,1330735,DG-b58c9f9e67a7,train,expert_fit
VTM-000768,raw_positive/magnetite_proxy/magnetite_mindat_p133096_376_raw.jpg,magnetite,target_mineral,0,133096,DG-cda73f14469e,train,expert_fit
VTM-000770,raw_positive/magnetite_proxy/magnetite_mindat_p1331621_581_raw.jpg,magnetite,target_mineral,0,1331621,DG-ddef072441c7,train,expert_fit
VTM-000771,raw_positive/magnetite_proxy/magnetite_mindat_p1331623_583_raw.jpg,magnetite,target_mineral,0,1331623,DG-b5f1feb4a960,train,expert_fit
VTM-000772,raw_positive/magnetite_proxy/magnetite_mindat_p1331893_789_raw.jpg,magnetite,target_mineral,0,1331893,DG-c3c48efc1988,val,expert_stop
VTM-000774,raw_positive/magnetite_proxy/magnetite_mindat_p1334231_920_raw.jpg,magnetite,target_mineral,0,1334231,DG-4344ec37eaf0,train,expert_fit
VTM-000775,raw_positive/magnetite_proxy/magnetite_mindat_p1335709_901_raw.jpg,magnetite,target_mineral,0,1335709,DG-6f2973a60b03,train,expert_fit
VTM-000776,raw_positive/magnetite_proxy/magnetite_mindat_p1335710_905_raw.jpg,magnetite,target_mineral,0,1335710,DG-c51cf9d0838a,val,expert_stop
VTM-000777,raw_positive/magnetite_proxy/magnetite_mindat_p1335717_900_raw.jpg,magnetite,target_mineral,0,1335717,DG-4f341665aec6,train,expert_fit
VTM-000778,raw_positive/magnetite_proxy/magnetite_mindat_p1335719_910_raw.jpg,magnetite,target_mineral,0,1335719,DG-513d8ddf7dcf,train,expert_fit
VTM-000780,raw_positive/magnetite_proxy/magnetite_mindat_p1338541_1221_raw.jpg,magnetite,target_mineral,0,1338541,DG-a79c8336c383,train,expert_fit
VTM-000781,raw_positive/magnetite_proxy/magnetite_mindat_p133975_093_raw.jpg,magnetite,target_mineral,0,133975,DG-61bd58fdfe6f,train,expert_fit
VTM-000782,raw_positive/magnetite_proxy/magnetite_mindat_p1344547_679_raw.jpg,magnetite,target_mineral,0,1344547,DG-c2d5781a014e,val,expert_stop
VTM-000784,raw_positive/magnetite_proxy/magnetite_mindat_p1347417_1070_raw.jpg,magnetite,target_mineral,0,1347417,DG-dee47a6e3020,train,expert_fit
VTM-000785,raw_positive/magnetite_proxy/magnetite_mindat_p1347768_1078_raw.jpg,magnetite,target_mineral,0,1347768,DG-63c201539c7b,train,expert_fit
VTM-000787,raw_positive/magnetite_proxy/magnetite_mindat_p1349670_945_raw.jpg,magnetite,target_mineral,0,1349670,DG-c6f678882da1,train,expert_fit
VTM-000788,raw_positive/magnetite_proxy/magnetite_mindat_p135026_562_raw.jpg,magnetite,target_mineral,0,135026,DG-95ce869eb316,val,expert_stop
VTM-000789,raw_positive/magnetite_proxy/magnetite_mindat_p1351774_1253_raw.jpg,magnetite,target_mineral,0,1351774,DG-1c975bac96ef,val,expert_stop
VTM-000790,raw_positive/magnetite_proxy/magnetite_mindat_p1356010_990_raw.jpg,magnetite,target_mineral,0,1356010,DG-542951096235,train,expert_fit
VTM-000791,raw_positive/magnetite_proxy/magnetite_mindat_p1356252_1077_raw.jpg,magnetite,target_mineral,0,1356252,DG-71fa8931270d,train,expert_fit
VTM-000792,raw_positive/magnetite_proxy/magnetite_mindat_p1356289_1072_raw.jpg,magnetite,target_mineral,0,1356289,DG-b2d688332ed1,train,expert_fit
VTM-000794,raw_positive/magnetite_proxy/magnetite_mindat_p1357406_959_raw.jpg,magnetite,target_mineral,0,1357406,DG-aad495d205e9,train,expert_fit
VTM-000795,raw_positive/magnetite_proxy/magnetite_mindat_p135941_267_raw.jpg,magnetite,target_mineral,0,135941,DG-47a44768c3c9,train,expert_fit
VTM-000797,raw_positive/magnetite_proxy/magnetite_mindat_p135943_272_raw.jpg,magnetite,target_mineral,0,135943,DG-c7ce5a7b78aa,val,expert_stop
VTM-000799,raw_positive/magnetite_proxy/magnetite_mindat_p1365922_727_raw.jpg,magnetite,target_mineral,0,1365922,DG-f930d46f6c20,train,expert_fit
VTM-000801,raw_positive/magnetite_proxy/magnetite_mindat_p1366638_1225_raw.jpg,magnetite,target_mineral,0,1366638,DG-e9839908fe36,train,expert_fit
VTM-000803,raw_positive/magnetite_proxy/magnetite_mindat_p1370619_840_raw.jpg,magnetite,target_mineral,0,1370619,DG-9a9234085770,train,expert_fit
VTM-000804,raw_positive/magnetite_proxy/magnetite_mindat_p1370620_847_raw.jpg,magnetite,target_mineral,0,1370620,DG-36f41fac9a42,train,expert_fit
VTM-000806,raw_positive/magnetite_proxy/magnetite_mindat_p1373662_904_raw.jpg,magnetite,target_mineral,0,1373662,DG-14863fef1d86,train,expert_fit
VTM-000807,raw_positive/magnetite_proxy/magnetite_mindat_p1373663_911_raw.jpg,magnetite,target_mineral,0,1373663,DG-d3f9ff862eca,train,expert_fit
VTM-000811,raw_positive/magnetite_proxy/magnetite_mindat_p1374706_504_raw.jpg,magnetite,target_mineral,0,1374706,DG-1220f8569f0c,val,expert_stop
VTM-000818,raw_positive/magnetite_proxy/magnetite_mindat_p1378980_1134_raw.jpg,magnetite,target_mineral,0,1378980,DG-718a7afb3e49,train,expert_fit
VTM-000820,raw_positive/magnetite_proxy/magnetite_mindat_p1379006_1124_raw.jpg,magnetite,target_mineral,0,1379006,DG-cb62257007e8,train,expert_fit
VTM-000821,raw_positive/magnetite_proxy/magnetite_mindat_p1379007_1149_raw.jpg,magnetite,target_mineral,0,1379007,DG-1057be1a7c8a,train,expert_fit
VTM-000823,raw_positive/magnetite_proxy/magnetite_mindat_p1381221_895_raw.jpg,magnetite,target_mineral,0,1381221,DG-6a5974d3226f,train,expert_fit
VTM-000826,raw_positive/magnetite_proxy/magnetite_mindat_p1382416_957_raw.jpg,magnetite,target_mineral,0,1382416,DG-9c76f6c542bd,val,expert_stop
VTM-000828,raw_positive/magnetite_proxy/magnetite_mindat_p1383915_676_raw.jpg,magnetite,target_mineral,0,1383915,DG-7c561f5d11ca,train,expert_fit
VTM-000829,raw_positive/magnetite_proxy/magnetite_mindat_p1385495_1122_raw.jpg,magnetite,target_mineral,0,1385495,DG-3a19371a5a2f,train,expert_fit
VTM-000831,raw_positive/magnetite_proxy/magnetite_mindat_p1385521_1127_raw.jpg,magnetite,target_mineral,0,1385521,DG-4e4b2e424277,train,expert_fit
VTM-000834,raw_positive/magnetite_proxy/magnetite_mindat_p1385791_162_raw.jpg,magnetite,target_mineral,0,1385791,DG-4fd36e28095f,val,expert_stop
VTM-000835,raw_positive/magnetite_proxy/magnetite_mindat_p1386183_1218_raw.jpg,magnetite,target_mineral,0,1386183,DG-fe366f967f82,train,expert_fit
VTM-000836,raw_positive/magnetite_proxy/magnetite_mindat_p1386545_853_raw.jpg,magnetite,target_mineral,0,1386545,DG-51179cf77d6f,train,expert_fit
VTM-000837,raw_positive/magnetite_proxy/magnetite_mindat_p138675_1165_raw.jpg,magnetite,target_mineral,0,138675,DG-a13661592619,train,expert_fit
VTM-000839,raw_positive/magnetite_proxy/magnetite_mindat_p1389830_1146_raw.jpg,magnetite,target_mineral,0,1389830,DG-8b31000f61dc,train,expert_fit
VTM-000840,raw_positive/magnetite_proxy/magnetite_mindat_p1396890_116_raw.jpg,magnetite,target_mineral,0,1396890,DG-9d9779dc1298,train,expert_fit
VTM-000841,raw_positive/magnetite_proxy/magnetite_mindat_p1398304_596_raw.jpg,magnetite,target_mineral,0,1398304,DG-cafaabafe611,train,expert_fit
VTM-000842,raw_positive/magnetite_proxy/magnetite_mindat_p1399728_1219_raw.jpg,magnetite,target_mineral,0,1399728,DG-c74887b4285c,train,expert_fit
VTM-000843,raw_positive/magnetite_proxy/magnetite_mindat_p1399744_1227_raw.jpg,magnetite,target_mineral,0,1399744,DG-6efd90c3e13c,train,expert_fit
VTM-000845,raw_positive/magnetite_proxy/magnetite_mindat_p1403785_1142_raw.jpg,magnetite,target_mineral,0,1403785,DG-6ad6d6153ffe,train,expert_fit
VTM-000846,raw_positive/magnetite_proxy/magnetite_mindat_p1404172_411_raw.jpg,magnetite,target_mineral,0,1404172,DG-df1c722de400,val,expert_stop
VTM-000847,raw_positive/magnetite_proxy/magnetite_mindat_p1406820_1129_raw.jpg,magnetite,target_mineral,0,1406820,DG-dd94c98fb4ba,val,expert_stop
VTM-000852,raw_positive/magnetite_proxy/magnetite_mindat_p141086_011_raw.jpg,magnetite,target_mineral,0,141086,DG-5d917c5ebd3b,val,expert_stop
VTM-000855,raw_positive/magnetite_proxy/magnetite_mindat_p1414508_503_raw.jpg,magnetite,target_mineral,0,1414508,DG-bd37ade00a53,val,expert_stop
VTM-000856,raw_positive/magnetite_proxy/magnetite_mindat_p1416862_729_raw.jpg,magnetite,target_mineral,0,1416862,DG-6e5994ad4ca2,train,expert_fit
VTM-000858,raw_positive/magnetite_proxy/magnetite_mindat_p142271_262_raw.jpg,magnetite,target_mineral,0,142271,DG-d5dbb212e8df,val,expert_stop
VTM-000860,raw_positive/magnetite_proxy/magnetite_mindat_p1430009_524_raw.jpg,magnetite,target_mineral,0,1430009,DG-eb5b42e3110a,train,expert_fit
VTM-000861,raw_positive/magnetite_proxy/magnetite_mindat_p1430012_519_raw.jpg,magnetite,target_mineral,0,1430012,DG-559a40d1ab5a,train,expert_fit
VTM-000862,raw_positive/magnetite_proxy/magnetite_mindat_p1430015_522_raw.jpg,magnetite,target_mineral,0,1430015,DG-5373cced5aab,train,expert_fit
VTM-000863,raw_positive/magnetite_proxy/magnetite_mindat_p1430024_517_raw.jpg,magnetite,target_mineral,0,1430024,DG-0b903be94c42,train,expert_fit
VTM-000865,raw_positive/magnetite_proxy/magnetite_mindat_p1430036_518_raw.jpg,magnetite,target_mineral,0,1430036,DG-702af6de56ce,train,expert_fit
VTM-000866,raw_positive/magnetite_proxy/magnetite_mindat_p1430039_525_raw.jpg,magnetite,target_mineral,0,1430039,DG-d22a2e17b857,train,expert_fit
VTM-000868,raw_positive/magnetite_proxy/magnetite_mindat_p1430045_521_raw.jpg,magnetite,target_mineral,0,1430045,DG-ba5b102d3faf,train,expert_fit
VTM-000869,raw_positive/magnetite_proxy/magnetite_mindat_p143176_1016_raw.jpg,magnetite,target_mineral,0,143176,DG-7175b98d96bc,train,expert_fit
VTM-000870,raw_positive/magnetite_proxy/magnetite_mindat_p143178_1011_raw.jpg,magnetite,target_mineral,0,143178,DG-499f33781720,val,expert_stop
VTM-000872,raw_positive/magnetite_proxy/magnetite_mindat_p143629_1019_raw.jpg,magnetite,target_mineral,0,143629,DG-91b45f78d2ca,train,expert_fit
VTM-000873,raw_positive/magnetite_proxy/magnetite_mindat_p1438300_514_raw.jpg,magnetite,target_mineral,0,1438300,DG-4732be8b04f9,train,expert_fit
VTM-000874,raw_positive/magnetite_proxy/magnetite_mindat_p1440697_1133_raw.jpg,magnetite,target_mineral,0,1440697,DG-a7d122d49764,train,expert_fit
VTM-000876,raw_positive/magnetite_proxy/magnetite_mindat_p1440727_1138_raw.jpg,magnetite,target_mineral,0,1440727,DG-1f9b1f9113dd,train,expert_fit
VTM-000878,raw_positive/magnetite_proxy/magnetite_mindat_p1452918_354_raw.jpg,magnetite,target_mineral,0,1452918,DG-b4b902bcc281,train,expert_fit
VTM-000879,raw_positive/magnetite_proxy/magnetite_mindat_p145611_1024_raw.jpg,magnetite,target_mineral,0,145611,DG-3d7eadac6d8d,train,expert_fit
VTM-000880,raw_positive/magnetite_proxy/magnetite_mindat_p1458997_721_raw.jpg,magnetite,target_mineral,0,1458997,DG-dc2928f84fef,train,expert_fit
VTM-000883,raw_positive/magnetite_proxy/magnetite_mindat_p1460848_1074_raw.jpg,magnetite,target_mineral,0,1460848,DG-235488269109,val,expert_stop
VTM-000885,raw_positive/magnetite_proxy/magnetite_mindat_p146643_1029_raw.jpg,magnetite,target_mineral,0,146643,DG-9319b9a792f1,train,expert_fit
VTM-000890,raw_positive/magnetite_proxy/magnetite_mindat_p1470530_438_raw.jpg,magnetite,target_mineral,0,1470530,DG-3de73ca8073a,train,expert_fit
VTM-000892,raw_positive/magnetite_proxy/magnetite_mindat_p148004_468_raw.jpg,magnetite,target_mineral,0,148004,DG-c3abb5c8c502,val,expert_stop
VTM-000893,raw_positive/magnetite_proxy/magnetite_mindat_p1482220_353_raw.jpg,magnetite,target_mineral,0,1482220,DG-dfe6d03394c5,train,expert_fit
VTM-000896,raw_positive/magnetite_proxy/magnetite_mindat_p148472_457_raw.jpg,magnetite,target_mineral,0,148472,DG-031f3b0c48c1,val,expert_stop
VTM-000899,raw_positive/magnetite_proxy/magnetite_mindat_p1486655_1128_raw.jpg,magnetite,target_mineral,0,1486655,DG-8dab9197caa1,train,expert_fit
VTM-000900,raw_positive/magnetite_proxy/magnetite_mindat_p1486667_1132_raw.jpg,magnetite,target_mineral,0,1486667,DG-ddcab949b3c9,train,expert_fit
VTM-000904,raw_positive/magnetite_proxy/magnetite_mindat_p149352_454_raw.jpg,magnetite,target_mineral,0,149352,DG-07ad539d2e2a,train,expert_fit
VTM-000906,raw_positive/magnetite_proxy/magnetite_mindat_p1499145_724_raw.jpg,magnetite,target_mineral,0,1499145,DG-fe30e68f161c,train,expert_fit
VTM-000907,raw_positive/magnetite_proxy/magnetite_mindat_p1500132_723_raw.jpg,magnetite,target_mineral,0,1500132,DG-66b5dcf8a468,train,expert_fit
VTM-000908,raw_positive/magnetite_proxy/magnetite_mindat_p1500165_1067_raw.jpg,magnetite,target_mineral,0,1500165,DG-5d2bbde2b427,train,expert_fit
VTM-000909,raw_positive/magnetite_proxy/magnetite_mindat_p1500417_1109_raw.jpg,magnetite,target_mineral,0,1500417,DG-20ed5b8b820c,train,expert_fit
VTM-000910,raw_positive/magnetite_proxy/magnetite_mindat_p150581_854_raw.jpg,magnetite,target_mineral,0,150581,DG-a56372500be0,train,expert_fit
VTM-000911,raw_positive/magnetite_proxy/magnetite_mindat_p150587_860_raw.jpg,magnetite,target_mineral,0,150587,DG-fcd10f6fe6ef,train,expert_fit
VTM-000912,raw_positive/magnetite_proxy/magnetite_mindat_p150588_859_raw.jpg,magnetite,target_mineral,0,150588,DG-06fccb2adcda,train,expert_fit
VTM-000916,raw_positive/magnetite_proxy/magnetite_mindat_p150592_863_raw.jpg,magnetite,target_mineral,0,150592,DG-c36987988ec5,train,expert_fit
VTM-000917,raw_positive/magnetite_proxy/magnetite_mindat_p150594_862_raw.jpg,magnetite,target_mineral,0,150594,DG-7e4620e7d677,val,expert_stop
VTM-000919,raw_positive/magnetite_proxy/magnetite_mindat_p151437_1307_raw.jpg,magnetite,target_mineral,0,151437,DG-e093a55c5608,train,expert_fit
VTM-000920,raw_positive/magnetite_proxy/magnetite_mindat_p1514675_599_raw.jpg,magnetite,target_mineral,0,1514675,DG-669c2b12b481,train,expert_fit
VTM-000921,raw_positive/magnetite_proxy/magnetite_mindat_p1514678_600_raw.jpg,magnetite,target_mineral,0,1514678,DG-95cbae7597bf,train,expert_fit
VTM-000922,raw_positive/magnetite_proxy/magnetite_mindat_p1517530_1145_raw.jpg,magnetite,target_mineral,0,1517530,DG-41bccaff0bbe,train,expert_fit
VTM-000925,raw_positive/magnetite_proxy/magnetite_mindat_p152231_009_raw.jpg,magnetite,target_mineral,0,152231,DG-7bde1cba2701,val,expert_stop
VTM-000926,raw_positive/magnetite_proxy/magnetite_mindat_p1529471_1144_raw.jpg,magnetite,target_mineral,0,1529471,DG-42e9164b4f2a,train,expert_fit
VTM-000927,raw_positive/magnetite_proxy/magnetite_mindat_p155328_470_raw.jpg,magnetite,target_mineral,0,155328,DG-2d91e78bf98a,train,expert_fit
VTM-000929,raw_positive/magnetite_proxy/magnetite_mindat_p155474_1027_raw.jpg,magnetite,target_mineral,0,155474,DG-406cf7d02787,train,expert_fit
VTM-000930,raw_positive/magnetite_proxy/magnetite_mindat_p1562285_355_raw.jpg,magnetite,target_mineral,0,1562285,DG-a39cd1739153,train,expert_fit
VTM-000931,raw_positive/magnetite_proxy/magnetite_mindat_p156694_875_raw.jpg,magnetite,target_mineral,0,156694,DG-b8e13ca0cc72,train,expert_fit
VTM-000932,raw_positive/magnetite_proxy/magnetite_mindat_p1569503_1237_raw.jpg,magnetite,target_mineral,0,1569503,DG-3f110e162673,train,expert_fit
VTM-000933,raw_positive/magnetite_proxy/magnetite_mindat_p1569671_1247_raw.jpg,magnetite,target_mineral,0,1569671,DG-0b4f7dfe471e,train,expert_fit
VTM-000936,raw_positive/magnetite_proxy/magnetite_mindat_p1577261_943_raw.jpg,magnetite,target_mineral,0,1577261,DG-ec4735c918e8,val,expert_stop
VTM-000940,raw_positive/magnetite_proxy/magnetite_mindat_p159810_1269_raw.jpg,magnetite,target_mineral,0,159810,DG-dcc3ee1f5386,train,expert_fit
VTM-000941,raw_positive/magnetite_proxy/magnetite_mindat_p160304_132_raw.jpg,magnetite,target_mineral,0,160304,DG-fd253a7c389e,val,expert_stop
VTM-000943,raw_positive/magnetite_proxy/magnetite_mindat_p162169_029_raw.jpg,magnetite,target_mineral,0,162169,DG-fa80e1516072,train,expert_fit
VTM-000944,raw_positive/magnetite_proxy/magnetite_mindat_p162171_002_raw.jpg,magnetite,target_mineral,0,162171,DG-66dc07bea47e,train,expert_fit
VTM-000947,raw_positive/magnetite_proxy/magnetite_mindat_p163179_084_raw.jpg,magnetite,target_mineral,0,163179,DG-406629f8c4d5,train,expert_fit
VTM-000952,raw_positive/magnetite_proxy/magnetite_mindat_p166830_473_raw.jpg,magnetite,target_mineral,0,166830,DG-7df6e028eace,train,expert_fit
VTM-000956,raw_positive/magnetite_proxy/magnetite_mindat_p167455_426_raw.jpg,magnetite,target_mineral,0,167455,DG-d1c217138732,train,expert_fit
VTM-000958,raw_positive/magnetite_proxy/magnetite_mindat_p1683330_221_raw.jpg,magnetite,target_mineral,0,1683330,DG-8b9c4fb72168,train,expert_fit
VTM-000960,raw_positive/magnetite_proxy/magnetite_mindat_p1702476_222_raw.jpg,magnetite,target_mineral,0,1702476,DG-cf54d4446135,val,expert_stop
VTM-000964,raw_positive/magnetite_proxy/magnetite_mindat_p172109_072_raw.jpg,magnetite,target_mineral,0,172109,DG-bf33035fb162,val,expert_stop
VTM-000965,raw_positive/magnetite_proxy/magnetite_mindat_p1726970_622_raw.jpg,magnetite,target_mineral,0,1726970,DG-40f5d74273eb,train,expert_fit
VTM-000968,raw_positive/magnetite_proxy/magnetite_mindat_p175989_371_raw.jpg,magnetite,target_mineral,0,175989,DG-4504ea2bbae4,train,expert_fit
VTM-000969,raw_positive/magnetite_proxy/magnetite_mindat_p176755_131_raw.jpg,magnetite,target_mineral,0,176755,DG-ce6c2900638e,val,expert_stop
VTM-000970,raw_positive/magnetite_proxy/magnetite_mindat_p176756_175_raw.jpg,magnetite,target_mineral,0,176756,DG-444b324739f5,train,expert_fit
VTM-000971,raw_positive/magnetite_proxy/magnetite_mindat_p177636_135_raw.jpg,magnetite,target_mineral,0,177636,DG-d53135807382,train,expert_fit
VTM-000972,raw_positive/magnetite_proxy/magnetite_mindat_p177637_177_raw.jpg,magnetite,target_mineral,0,177637,DG-d46fe4ce2bc4,train,expert_fit
VTM-000973,raw_positive/magnetite_proxy/magnetite_mindat_p178124_466_raw.jpg,magnetite,target_mineral,0,178124,DG-0b135def70f5,train,expert_fit
VTM-000975,raw_positive/magnetite_proxy/magnetite_mindat_p180443_802_raw.jpg,magnetite,target_mineral,0,180443,DG-322e5cd29fe8,train,expert_fit
VTM-000976,raw_positive/magnetite_proxy/magnetite_mindat_p180444_801_raw.jpg,magnetite,target_mineral,0,180444,DG-06a92d93983c,train,expert_fit
VTM-000978,raw_positive/magnetite_proxy/magnetite_mindat_p183637_141_raw.jpg,magnetite,target_mineral,0,183637,DG-399b083c6db7,train,expert_fit
VTM-000979,raw_positive/magnetite_proxy/magnetite_mindat_p183638_182_raw.jpg,magnetite,target_mineral,0,183638,DG-c34b51fe7901,train,expert_fit
VTM-000981,raw_positive/magnetite_proxy/magnetite_mindat_p183640_179_raw.jpg,magnetite,target_mineral,0,183640,DG-7618d529f7f5,train,expert_fit
VTM-000982,raw_positive/magnetite_proxy/magnetite_mindat_p184394_543_raw.jpg,magnetite,target_mineral,0,184394,DG-a6431bed4d70,val,expert_stop
VTM-000984,raw_positive/magnetite_proxy/magnetite_mindat_p188390_617_raw.jpg,magnetite,target_mineral,0,188390,DG-20a1ed1c7f25,val,expert_stop
VTM-000985,raw_positive/magnetite_proxy/magnetite_mindat_p189862_1306_raw.jpg,magnetite,target_mineral,0,189862,DG-19db477b9487,train,expert_fit
VTM-000987,raw_positive/magnetite_proxy/magnetite_mindat_p193148_1038_raw.jpg,magnetite,target_mineral,0,193148,DG-903f97fc0367,train,expert_fit
VTM-000988,raw_positive/magnetite_proxy/magnetite_mindat_p193152_1042_raw.jpg,magnetite,target_mineral,0,193152,DG-9909953eb71a,train,expert_fit
VTM-000989,raw_positive/magnetite_proxy/magnetite_mindat_p194663_1316_raw.jpg,magnetite,target_mineral,0,194663,DG-fa188846922f,train,expert_fit
VTM-000996,raw_positive/magnetite_proxy/magnetite_mindat_p199295_158_raw.jpg,magnetite,target_mineral,0,199295,DG-97181aeb27fc,train,expert_fit
VTM-000999,raw_positive/magnetite_proxy/magnetite_mindat_p204763_430_raw.jpg,magnetite,target_mineral,0,204763,DG-d9cb3882af34,train,expert_fit
VTM-001000,raw_positive/magnetite_proxy/magnetite_mindat_p206471_1336_raw.jpg,magnetite,target_mineral,0,206471,DG-3000ad73fa01,train,expert_fit
VTM-001004,raw_positive/magnetite_proxy/magnetite_mindat_p209371_484_raw.jpg,magnetite,target_mineral,0,209371,DG-e1959575f8dd,train,expert_fit
VTM-001005,raw_positive/magnetite_proxy/magnetite_mindat_p209398_699_raw.jpg,magnetite,target_mineral,0,209398,DG-b0b3b6f0ffc3,train,expert_fit
VTM-001009,raw_positive/magnetite_proxy/magnetite_mindat_p217481_070_raw.jpg,magnetite,target_mineral,0,217481,DG-3a6609277b62,train,expert_fit
VTM-001012,raw_positive/magnetite_proxy/magnetite_mindat_p224033_799_raw.jpg,magnetite,target_mineral,0,224033,DG-2c6dec8ca7f9,train,expert_fit
VTM-001015,raw_positive/magnetite_proxy/magnetite_mindat_p225578_365_raw.jpg,magnetite,target_mineral,0,225578,DG-1770fac6d784,train,expert_fit
VTM-001017,raw_positive/magnetite_proxy/magnetite_mindat_p226161_270_raw.jpg,magnetite,target_mineral,0,226161,DG-aa250e46435d,train,expert_fit
VTM-001018,raw_positive/magnetite_proxy/magnetite_mindat_p229464_482_raw.jpg,magnetite,target_mineral,0,229464,DG-2311ed9c9552,train,expert_fit
VTM-001019,raw_positive/magnetite_proxy/magnetite_mindat_p231953_156_raw.jpg,magnetite,target_mineral,0,231953,DG-7bd1b6bc7ec6,train,expert_fit
VTM-001020,raw_positive/magnetite_proxy/magnetite_mindat_p232063_161_raw.jpg,magnetite,target_mineral,0,232063,DG-cefb919e874c,train,expert_fit
VTM-001021,raw_positive/magnetite_proxy/magnetite_mindat_p232065_148_raw.jpg,magnetite,target_mineral,0,232065,DG-5aa237ea1fa2,train,expert_fit
VTM-001023,raw_positive/magnetite_proxy/magnetite_mindat_p234406_445_raw.jpg,magnetite,target_mineral,0,234406,DG-6cbfbc274c66,train,expert_fit
VTM-001027,raw_positive/magnetite_proxy/magnetite_mindat_p238374_168_raw.jpg,magnetite,target_mineral,0,238374,DG-86b4eadd331c,train,expert_fit
VTM-001029,raw_positive/magnetite_proxy/magnetite_mindat_p240606_968_raw.jpg,magnetite,target_mineral,0,240606,DG-9033b8dfa588,train,expert_fit
VTM-001030,raw_positive/magnetite_proxy/magnetite_mindat_p240722_1271_raw.jpg,magnetite,target_mineral,0,240722,DG-f8f4554509c3,val,expert_stop
VTM-001032,raw_positive/magnetite_proxy/magnetite_mindat_p242868_1084_raw.jpg,magnetite,target_mineral,0,242868,DG-e8a4e7f08a76,train,expert_fit
VTM-001034,raw_positive/magnetite_proxy/magnetite_mindat_p244475_967_raw.jpg,magnetite,target_mineral,0,244475,DG-d94b5df3ca8d,train,expert_fit
VTM-001036,raw_positive/magnetite_proxy/magnetite_mindat_p244496_010_raw.jpg,magnetite,target_mineral,0,244496,DG-2e9fb03bc4e2,train,expert_fit
VTM-001037,raw_positive/magnetite_proxy/magnetite_mindat_p244918_1089_raw.jpg,magnetite,target_mineral,0,244918,DG-78c7d8b1005e,val,expert_stop
VTM-001039,raw_positive/magnetite_proxy/magnetite_mindat_p248556_138_raw.jpg,magnetite,target_mineral,0,248556,DG-d959d5c602cb,train,expert_fit
VTM-001041,raw_positive/magnetite_proxy/magnetite_mindat_p250538_883_raw.jpg,magnetite,target_mineral,0,250538,DG-e50d9188d429,train,expert_fit
VTM-001042,raw_positive/magnetite_proxy/magnetite_mindat_p250650_440_raw.jpg,magnetite,target_mineral,0,250650,DG-c37b534b6448,train,expert_fit
VTM-001046,raw_positive/magnetite_proxy/magnetite_mindat_p251633_925_raw.jpg,magnetite,target_mineral,0,251633,DG-02686e525e12,train,expert_fit
VTM-001048,raw_positive/magnetite_proxy/magnetite_mindat_p252296_884_raw.jpg,magnetite,target_mineral,0,252296,DG-294a75101264,val,expert_stop
VTM-001049,raw_positive/magnetite_proxy/magnetite_mindat_p253531_136_raw.jpg,magnetite,target_mineral,0,253531,DG-fd9699cff34d,train,expert_fit
VTM-001051,raw_positive/magnetite_proxy/magnetite_mindat_p255908_1007_raw.jpg,magnetite,target_mineral,0,255908,DG-9b6e3d836bda,train,expert_fit
VTM-001054,raw_positive/magnetite_proxy/magnetite_mindat_p258158_1006_raw.jpg,magnetite,target_mineral,0,258158,DG-1f96467e385e,train,expert_fit
VTM-001055,raw_positive/magnetite_proxy/magnetite_mindat_p261173_343_raw.jpg,magnetite,target_mineral,0,261173,DG-cc8a31d9a8d1,train,expert_fit
VTM-001056,raw_positive/magnetite_proxy/magnetite_mindat_p261175_374_raw.jpg,magnetite,target_mineral,0,261175,DG-ba5ec5b88c08,train,expert_fit
VTM-001057,raw_positive/magnetite_proxy/magnetite_mindat_p261847_702_raw.jpg,magnetite,target_mineral,0,261847,DG-21ea50fc5028,train,expert_fit
VTM-001059,raw_positive/magnetite_proxy/magnetite_mindat_p264391_1055_raw.jpg,magnetite,target_mineral,0,264391,DG-1af9933b349a,train,expert_fit
VTM-001067,raw_positive/magnetite_proxy/magnetite_mindat_p274285_496_raw.jpg,magnetite,target_mineral,0,274285,DG-f54efc24a0ef,train,expert_fit
VTM-001069,raw_positive/magnetite_proxy/magnetite_mindat_p274532_1175_raw.jpg,magnetite,target_mineral,0,274532,DG-062abef62047,train,expert_fit
VTM-001070,raw_positive/magnetite_proxy/magnetite_mindat_p274870_467_raw.jpg,magnetite,target_mineral,0,274870,DG-02185085c8ae,train,expert_fit
VTM-001071,raw_positive/magnetite_proxy/magnetite_mindat_p275100_061_raw.jpg,magnetite,target_mineral,0,275100,DG-87a01d60685b,train,expert_fit
VTM-001073,raw_positive/magnetite_proxy/magnetite_mindat_p275678_1173_raw.jpg,magnetite,target_mineral,0,275678,DG-9ce73c987366,train,expert_fit
VTM-001074,raw_positive/magnetite_proxy/magnetite_mindat_p277399_877_raw.jpg,magnetite,target_mineral,0,277399,DG-87d7e67c25f9,train,expert_fit
VTM-001075,raw_positive/magnetite_proxy/magnetite_mindat_p277434_698_raw.jpg,magnetite,target_mineral,0,277434,DG-b84a61ad978e,train,expert_fit
VTM-001076,raw_positive/magnetite_proxy/magnetite_mindat_p281926_441_raw.jpg,magnetite,target_mineral,0,281926,DG-5d50abc742d1,val,expert_stop
VTM-001077,raw_positive/magnetite_proxy/magnetite_mindat_p282435_464_raw.jpg,magnetite,target_mineral,0,282435,DG-72d512370a51,train,expert_fit
VTM-001080,raw_positive/magnetite_proxy/magnetite_mindat_p284006_043_raw.jpg,magnetite,target_mineral,0,284006,DG-2ced1c21c3c2,train,expert_fit
VTM-001081,raw_positive/magnetite_proxy/magnetite_mindat_p285888_693_raw.jpg,magnetite,target_mineral,0,285888,DG-4f93b5615506,train,expert_fit
VTM-001082,raw_positive/magnetite_proxy/magnetite_mindat_p287270_1037_raw.jpg,magnetite,target_mineral,0,287270,DG-2fe97bbf8b69,train,expert_fit
VTM-001084,raw_positive/magnetite_proxy/magnetite_mindat_p287619_1181_raw.jpg,magnetite,target_mineral,0,287619,DG-0e9d9a99571e,train,expert_fit
VTM-001085,raw_positive/magnetite_proxy/magnetite_mindat_p289086_369_raw.jpg,magnetite,target_mineral,0,289086,DG-19c424eee0e6,train,expert_fit
VTM-001086,raw_positive/magnetite_proxy/magnetite_mindat_p289087_386_raw.jpg,magnetite,target_mineral,0,289087,DG-4e2428adb821,train,expert_fit
VTM-001088,raw_positive/magnetite_proxy/magnetite_mindat_p289205_856_raw.jpg,magnetite,target_mineral,0,289205,DG-911b44d80283,train,expert_fit
VTM-001090,raw_positive/magnetite_proxy/magnetite_mindat_p289903_090_raw.jpg,magnetite,target_mineral,0,289903,DG-42ea8e76a008,train,expert_fit
VTM-001091,raw_positive/magnetite_proxy/magnetite_mindat_p289904_102_raw.jpg,magnetite,target_mineral,0,289904,DG-563bc2aa7361,train,expert_fit
VTM-001092,raw_positive/magnetite_proxy/magnetite_mindat_p289987_092_raw.jpg,magnetite,target_mineral,0,289987,DG-127a2c5a1c69,train,expert_fit
VTM-001093,raw_positive/magnetite_proxy/magnetite_mindat_p290143_970_raw.jpg,magnetite,target_mineral,0,290143,DG-4ef76170e059,train,expert_fit
VTM-001094,raw_positive/magnetite_proxy/magnetite_mindat_p290144_974_raw.jpg,magnetite,target_mineral,0,290144,DG-4c493c986ea7,val,expert_stop
VTM-001095,raw_positive/magnetite_proxy/magnetite_mindat_p290146_976_raw.jpg,magnetite,target_mineral,0,290146,DG-caaccc43116b,train,expert_fit
VTM-001096,raw_positive/magnetite_proxy/magnetite_mindat_p294400_196_raw.jpg,magnetite,target_mineral,0,294400,DG-c0e19fef8e58,train,expert_fit
VTM-001098,raw_positive/magnetite_proxy/magnetite_mindat_p298096_1335_raw.jpg,magnetite,target_mineral,0,298096,DG-c07dcd8aeadf,train,expert_fit
VTM-001099,raw_positive/magnetite_proxy/magnetite_mindat_p298990_033_raw.jpg,magnetite,target_mineral,0,298990,DG-31592bb32597,train,expert_fit
VTM-001100,raw_positive/magnetite_proxy/magnetite_mindat_p301533_758_raw.jpg,magnetite,target_mineral,0,301533,DG-c70e89535782,train,expert_fit
VTM-001101,raw_positive/magnetite_proxy/magnetite_mindat_p301896_380_raw.jpg,magnetite,target_mineral,0,301896,DG-308848cdb01d,train,expert_fit
VTM-001102,raw_positive/magnetite_proxy/magnetite_mindat_p302786_096_raw.jpg,magnetite,target_mineral,0,302786,DG-d106697a7181,train,expert_fit
VTM-001105,raw_positive/magnetite_proxy/magnetite_mindat_p302845_1164_raw.jpg,magnetite,target_mineral,0,302845,DG-a4f589be876a,train,expert_fit
VTM-001106,raw_positive/magnetite_proxy/magnetite_mindat_p302846_1168_raw.jpg,magnetite,target_mineral,0,302846,DG-875f97ea9cfa,train,expert_fit
VTM-001107,raw_positive/magnetite_proxy/magnetite_mindat_p303017_1338_raw.jpg,magnetite,target_mineral,0,303017,DG-ceb789ebbe88,train,expert_fit
VTM-001111,raw_positive/magnetite_proxy/magnetite_mindat_p305010_401_raw.jpg,magnetite,target_mineral,0,305010,DG-25ca3871af31,val,expert_stop
VTM-001113,raw_positive/magnetite_proxy/magnetite_mindat_p312329_071_raw.jpg,magnetite,target_mineral,0,312329,DG-301aafd99b38,train,expert_fit
VTM-001114,raw_positive/magnetite_proxy/magnetite_mindat_p312769_1158_raw.jpg,magnetite,target_mineral,0,312769,DG-b1837ec85f5d,train,expert_fit
VTM-001115,raw_positive/magnetite_proxy/magnetite_mindat_p314548_1178_raw.jpg,magnetite,target_mineral,0,314548,DG-d10e0d8eec07,train,expert_fit
VTM-001117,raw_positive/magnetite_proxy/magnetite_mindat_p315659_081_raw.jpg,magnetite,target_mineral,0,315659,DG-9646bdd090a8,val,expert_stop
VTM-001120,raw_positive/magnetite_proxy/magnetite_mindat_p318869_736_raw.jpg,magnetite,target_mineral,0,318869,DG-0dacad7f7ee9,train,expert_fit
VTM-001124,raw_positive/magnetite_proxy/magnetite_mindat_p319288_074_raw.jpg,magnetite,target_mineral,0,319288,DG-bf40fd4a2b51,val,expert_stop
VTM-001126,raw_positive/magnetite_proxy/magnetite_mindat_p323902_555_raw.jpg,magnetite,target_mineral,0,323902,DG-3a24d1c0c844,train,expert_fit
VTM-001127,raw_positive/magnetite_proxy/magnetite_mindat_p323903_569_raw.jpg,magnetite,target_mineral,0,323903,DG-9ea5ea2040e1,val,expert_stop
VTM-001128,raw_positive/magnetite_proxy/magnetite_mindat_p324989_557_raw.jpg,magnetite,target_mineral,0,324989,DG-0ad958cdf304,val,expert_stop
VTM-001130,raw_positive/magnetite_proxy/magnetite_mindat_p330393_549_raw.jpg,magnetite,target_mineral,0,330393,DG-c5a6af6065c0,train,expert_fit
VTM-001132,raw_positive/magnetite_proxy/magnetite_mindat_p331992_946_raw.jpg,magnetite,target_mineral,0,331992,DG-e9dcbdd2dbb3,train,expert_fit
VTM-001134,raw_positive/magnetite_proxy/magnetite_mindat_p333665_153_raw.jpg,magnetite,target_mineral,0,333665,DG-6bcb24e29cb0,train,expert_fit
VTM-001135,raw_positive/magnetite_proxy/magnetite_mindat_p334498_254_raw.jpg,magnetite,target_mineral,0,334498,DG-929ae7d5a34a,val,expert_stop
VTM-001136,raw_positive/magnetite_proxy/magnetite_mindat_p335839_618_raw.jpg,magnetite,target_mineral,0,335839,DG-990af2f0ca17,train,expert_fit
VTM-001138,raw_positive/magnetite_proxy/magnetite_mindat_p338153_818_raw.jpg,magnetite,target_mineral,0,338153,DG-c7b6dbdaf306,train,expert_fit
VTM-001139,raw_positive/magnetite_proxy/magnetite_mindat_p338291_808_raw.jpg,magnetite,target_mineral,0,338291,DG-5519ad9648bd,train,expert_fit
VTM-001140,raw_positive/magnetite_proxy/magnetite_mindat_p338511_025_raw.jpg,magnetite,target_mineral,0,338511,DG-cebb57320b27,train,expert_fit
VTM-001141,raw_positive/magnetite_proxy/magnetite_mindat_p345166_975_raw.jpg,magnetite,target_mineral,0,345166,DG-1b743fe3b133,train,expert_fit
VTM-001142,raw_positive/magnetite_proxy/magnetite_mindat_p345167_978_raw.jpg,magnetite,target_mineral,0,345167,DG-8c52049fed71,val,expert_stop
VTM-001143,raw_positive/magnetite_proxy/magnetite_mindat_p346396_137_raw.jpg,magnetite,target_mineral,0,346396,DG-32261429f75b,val,expert_stop
VTM-001147,raw_positive/magnetite_proxy/magnetite_mindat_p346608_706_raw.jpg,magnetite,target_mineral,0,346608,DG-72f7b121d4b3,train,expert_fit
VTM-001148,raw_positive/magnetite_proxy/magnetite_mindat_p346609_711_raw.jpg,magnetite,target_mineral,0,346609,DG-fef0381b1e15,train,expert_fit
VTM-001149,raw_positive/magnetite_proxy/magnetite_mindat_p347390_816_raw.jpg,magnetite,target_mineral,0,347390,DG-6a130679f5a6,train,expert_fit
VTM-001152,raw_positive/magnetite_proxy/magnetite_mindat_p351076_1187_raw.jpg,magnetite,target_mineral,0,351076,DG-b4000b2fa9fc,train,expert_fit
VTM-001153,raw_positive/magnetite_proxy/magnetite_mindat_p351317_379_raw.jpg,magnetite,target_mineral,0,351317,DG-65acd4222cf0,val,expert_stop
VTM-001156,raw_positive/magnetite_proxy/magnetite_mindat_p355014_878_raw.jpg,magnetite,target_mineral,0,355014,DG-634890ede108,val,expert_stop
VTM-001157,raw_positive/magnetite_proxy/magnetite_mindat_p355015_891_raw.jpg,magnetite,target_mineral,0,355015,DG-2941afb34a16,val,expert_stop
VTM-001158,raw_positive/magnetite_proxy/magnetite_mindat_p356205_1193_raw.jpg,magnetite,target_mineral,0,356205,DG-1de4dc8fec97,train,expert_fit
VTM-001159,raw_positive/magnetite_proxy/magnetite_mindat_p356207_1207_raw.jpg,magnetite,target_mineral,0,356207,DG-5a4ebb61334d,val,expert_stop
VTM-001160,raw_positive/magnetite_proxy/magnetite_mindat_p357000_044_raw.jpg,magnetite,target_mineral,0,357000,DG-8ef4cee6d2ab,train,expert_fit
VTM-001161,raw_positive/magnetite_proxy/magnetite_mindat_p357355_150_raw.jpg,magnetite,target_mineral,0,357355,DG-c57e59035121,train,expert_fit
VTM-001162,raw_positive/magnetite_proxy/magnetite_mindat_p357602_211_raw.jpg,magnetite,target_mineral,0,357602,DG-de4e00a07c62,train,expert_fit
VTM-001164,raw_positive/magnetite_proxy/magnetite_mindat_p358665_887_raw.jpg,magnetite,target_mineral,0,358665,DG-a3b1959b14cb,train,expert_fit
VTM-001166,raw_positive/magnetite_proxy/magnetite_mindat_p358812_046_raw.jpg,magnetite,target_mineral,0,358812,DG-ff39aa7ef84a,val,expert_stop
VTM-001169,raw_positive/magnetite_proxy/magnetite_mindat_p363589_428_raw.jpg,magnetite,target_mineral,0,363589,DG-f7dd87750c37,train,expert_fit
VTM-001170,raw_positive/magnetite_proxy/magnetite_mindat_p366677_481_raw.jpg,magnetite,target_mineral,0,366677,DG-a2cbd2de0461,train,expert_fit
VTM-001175,raw_positive/magnetite_proxy/magnetite_mindat_p372389_497_raw.jpg,magnetite,target_mineral,0,372389,DG-fdd72133346b,train,expert_fit
VTM-001176,raw_positive/magnetite_proxy/magnetite_mindat_p374041_288_raw.jpg,magnetite,target_mineral,0,374041,DG-e38384be402e,train,expert_fit
VTM-001180,raw_positive/magnetite_proxy/magnetite_mindat_p376267_1290_raw.jpg,magnetite,target_mineral,0,376267,DG-6d1f18362f24,train,expert_fit
VTM-001181,raw_positive/magnetite_proxy/magnetite_mindat_p379232_510_raw.jpg,magnetite,target_mineral,0,379232,DG-cd17d016b4ae,val,expert_stop
VTM-001182,raw_positive/magnetite_proxy/magnetite_mindat_p379406_888_raw.jpg,magnetite,target_mineral,0,379406,DG-f78cf8579796,train,expert_fit
VTM-001184,raw_positive/magnetite_proxy/magnetite_mindat_p379929_290_raw.jpg,magnetite,target_mineral,0,379929,DG-23e51a1ae8a9,train,expert_fit
VTM-001186,raw_positive/magnetite_proxy/magnetite_mindat_p381941_1166_raw.jpg,magnetite,target_mineral,0,381941,DG-c14145244dbe,train,expert_fit
VTM-001188,raw_positive/magnetite_proxy/magnetite_mindat_p382310_568_raw.jpg,magnetite,target_mineral,0,382310,DG-f6f8d37839ed,train,expert_fit
VTM-001189,raw_positive/magnetite_proxy/magnetite_mindat_p384335_385_raw.jpg,magnetite,target_mineral,0,384335,DG-a7a68f3ca8e8,train,expert_fit
VTM-001193,raw_positive/magnetite_proxy/magnetite_mindat_p387997_1285_raw.jpg,magnetite,target_mineral,0,387997,DG-be73f8e30ba1,train,expert_fit
VTM-001194,raw_positive/magnetite_proxy/magnetite_mindat_p388154_803_raw.jpg,magnetite,target_mineral,0,388154,DG-d745a36f7dc6,train,expert_fit
VTM-001195,raw_positive/magnetite_proxy/magnetite_mindat_p389915_1035_raw.jpg,magnetite,target_mineral,0,389915,DG-6912a7671e54,train,expert_fit
VTM-001197,raw_positive/magnetite_proxy/magnetite_mindat_p390546_154_raw.jpg,magnetite,target_mineral,0,390546,DG-7c359d457714,train,expert_fit
VTM-001198,raw_positive/magnetite_proxy/magnetite_mindat_p390776_700_raw.jpg,magnetite,target_mineral,0,390776,DG-1c9aa3086524,train,expert_fit
VTM-001199,raw_positive/magnetite_proxy/magnetite_mindat_p392098_1276_raw.jpg,magnetite,target_mineral,0,392098,DG-5483150cec3c,train,expert_fit
VTM-001201,raw_positive/magnetite_proxy/magnetite_mindat_p393517_866_raw.jpg,magnetite,target_mineral,0,393517,DG-0ad0d3e7666b,train,expert_fit
VTM-001202,raw_positive/magnetite_proxy/magnetite_mindat_p394688_1036_raw.jpg,magnetite,target_mineral,0,394688,DG-adfa41dcb198,train,expert_fit
VTM-001203,raw_positive/magnetite_proxy/magnetite_mindat_p394689_1030_raw.jpg,magnetite,target_mineral,0,394689,DG-7c411471435c,train,expert_fit
VTM-001204,raw_positive/magnetite_proxy/magnetite_mindat_p395433_1031_raw.jpg,magnetite,target_mineral,0,395433,DG-3b085c271712,train,expert_fit
VTM-001206,raw_positive/magnetite_proxy/magnetite_mindat_p396602_1188_raw.jpg,magnetite,target_mineral,0,396602,DG-1b0ed4f60c4e,train,expert_fit
VTM-001208,raw_positive/magnetite_proxy/magnetite_mindat_p399095_1202_raw.jpg,magnetite,target_mineral,0,399095,DG-85edd83dff71,val,expert_stop
VTM-001210,raw_positive/magnetite_proxy/magnetite_mindat_p404610_760_raw.jpg,magnetite,target_mineral,0,404610,DG-3a89d85ccde3,val,expert_stop
VTM-001211,raw_positive/magnetite_proxy/magnetite_mindat_p404974_1239_raw.jpg,magnetite,target_mineral,0,404974,DG-d3bcaed802ae,train,expert_fit
VTM-001212,raw_positive/magnetite_proxy/magnetite_mindat_p404976_1232_raw.jpg,magnetite,target_mineral,0,404976,DG-993fdf7feb7f,train,expert_fit
VTM-001213,raw_positive/magnetite_proxy/magnetite_mindat_p405190_171_raw.jpg,magnetite,target_mineral,0,405190,DG-c08d45836fcd,val,expert_stop
VTM-001215,raw_positive/magnetite_proxy/magnetite_mindat_p406134_286_raw.jpg,magnetite,target_mineral,0,406134,DG-505fc8c4862f,train,expert_fit
VTM-001216,raw_positive/magnetite_proxy/magnetite_mindat_p407782_977_raw.jpg,magnetite,target_mineral,0,407782,DG-a0b56d2c7eb4,train,expert_fit
VTM-001217,raw_positive/magnetite_proxy/magnetite_mindat_p407783_980_raw.jpg,magnetite,target_mineral,0,407783,DG-368188f9c46d,train,expert_fit
VTM-001218,raw_positive/magnetite_proxy/magnetite_mindat_p411712_817_raw.jpg,magnetite,target_mineral,0,411712,DG-6c11acdff542,train,expert_fit
VTM-001219,raw_positive/magnetite_proxy/magnetite_mindat_p411737_691_raw.jpg,magnetite,target_mineral,0,411737,DG-8d0601622450,train,expert_fit
VTM-001224,raw_positive/magnetite_proxy/magnetite_mindat_p415965_094_raw.jpg,magnetite,target_mineral,0,415965,DG-72553de686c0,train,expert_fit
VTM-001225,raw_positive/magnetite_proxy/magnetite_mindat_p418090_820_raw.jpg,magnetite,target_mineral,0,418090,DG-41b2ce0dd60a,train,expert_fit
VTM-001226,raw_positive/magnetite_proxy/magnetite_mindat_p424965_1234_raw.jpg,magnetite,target_mineral,0,424965,DG-4e9a6e64a55f,train,expert_fit
VTM-001228,raw_positive/magnetite_proxy/magnetite_mindat_p428105_155_raw.jpg,magnetite,target_mineral,0,428105,DG-4c1622dc3dcd,train,expert_fit
VTM-001231,raw_positive/magnetite_proxy/magnetite_mindat_p429590_197_raw.jpg,magnetite,target_mineral,0,429590,DG-0d3eb9899a40,train,expert_fit
VTM-001232,raw_positive/magnetite_proxy/magnetite_mindat_p432997_336_raw.jpg,magnetite,target_mineral,0,432997,DG-ee7b571fac16,train,expert_fit
VTM-001233,raw_positive/magnetite_proxy/magnetite_mindat_p433245_1028_raw.jpg,magnetite,target_mineral,0,433245,DG-6c42bba1681b,train,expert_fit
VTM-001234,raw_positive/magnetite_proxy/magnetite_mindat_p437207_146_raw.jpg,magnetite,target_mineral,0,437207,DG-cf75256b5a08,train,expert_fit
VTM-001235,raw_positive/magnetite_proxy/magnetite_mindat_p441381_898_raw.jpg,magnetite,target_mineral,0,441381,DG-9ef39c882f85,val,expert_stop
VTM-001236,raw_positive/magnetite_proxy/magnetite_mindat_p442180_463_raw.jpg,magnetite,target_mineral,0,442180,DG-2e49a2b873b5,val,expert_stop
VTM-001238,raw_positive/magnetite_proxy/magnetite_mindat_p444581_572_raw.jpg,magnetite,target_mineral,0,444581,DG-cc1498d4b189,train,expert_fit
VTM-001239,raw_positive/magnetite_proxy/magnetite_mindat_p444582_580_raw.jpg,magnetite,target_mineral,0,444582,DG-b98644637813,train,expert_fit
VTM-001240,raw_positive/magnetite_proxy/magnetite_mindat_p446151_705_raw.jpg,magnetite,target_mineral,0,446151,DG-95563b5891d1,train,expert_fit
VTM-001242,raw_positive/magnetite_proxy/magnetite_mindat_p449628_710_raw.jpg,magnetite,target_mineral,0,449628,DG-40ce2a937e56,val,expert_stop
VTM-001243,raw_positive/magnetite_proxy/magnetite_mindat_p450232_1204_raw.jpg,magnetite,target_mineral,0,450232,DG-8ba6353e9b7a,train,expert_fit
VTM-001244,raw_positive/magnetite_proxy/magnetite_mindat_p450233_1213_raw.jpg,magnetite,target_mineral,0,450233,DG-457d8a796c8e,train,expert_fit
VTM-001246,raw_positive/magnetite_proxy/magnetite_mindat_p455520_1057_raw.jpg,magnetite,target_mineral,0,455520,DG-7fd1f47999b4,val,expert_stop
VTM-001247,raw_positive/magnetite_proxy/magnetite_mindat_p455523_1047_raw.jpg,magnetite,target_mineral,0,455523,DG-fa5b00803530,train,expert_fit
VTM-001248,raw_positive/magnetite_proxy/magnetite_mindat_p457276_824_raw.jpg,magnetite,target_mineral,0,457276,DG-54453e287950,train,expert_fit
VTM-001250,raw_positive/magnetite_proxy/magnetite_mindat_p459795_1246_raw.jpg,magnetite,target_mineral,0,459795,DG-c57d1c48d110,train,expert_fit
VTM-001251,raw_positive/magnetite_proxy/magnetite_mindat_p460910_212_raw.jpg,magnetite,target_mineral,0,460910,DG-474eaf357291,train,expert_fit
VTM-001252,raw_positive/magnetite_proxy/magnetite_mindat_p460973_1043_raw.jpg,magnetite,target_mineral,0,460973,DG-77a24993f0c3,train,expert_fit
VTM-001253,raw_positive/magnetite_proxy/magnetite_mindat_p461128_300_raw.jpg,magnetite,target_mineral,0,461128,DG-06bfd56e789a,train,expert_fit
VTM-001255,raw_positive/magnetite_proxy/magnetite_mindat_p465505_166_raw.jpg,magnetite,target_mineral,0,465505,DG-f79b71711907,train,expert_fit
VTM-001256,raw_positive/magnetite_proxy/magnetite_mindat_p465541_1177_raw.jpg,magnetite,target_mineral,0,465541,DG-94f2108ea2b7,train,expert_fit
VTM-001258,raw_positive/magnetite_proxy/magnetite_mindat_p467974_419_raw.jpg,magnetite,target_mineral,0,467974,DG-a7a945c476ce,train,expert_fit
VTM-001259,raw_positive/magnetite_proxy/magnetite_mindat_p469796_373_raw.jpg,magnetite,target_mineral,0,469796,DG-0cea73103dae,train,expert_fit
VTM-001264,raw_positive/magnetite_proxy/magnetite_mindat_p471122_398_raw.jpg,magnetite,target_mineral,0,471122,DG-14f0b8da519b,train,expert_fit
VTM-001265,raw_positive/magnetite_proxy/magnetite_mindat_p473273_935_raw.jpg,magnetite,target_mineral,0,473273,DG-70deda7181de,train,expert_fit
VTM-001267,raw_positive/magnetite_proxy/magnetite_mindat_p481572_389_raw.jpg,magnetite,target_mineral,0,481572,DG-acf7bc6d5b10,val,expert_stop
VTM-001272,raw_positive/magnetite_proxy/magnetite_mindat_p490509_307_raw.jpg,magnetite,target_mineral,0,490509,DG-30fb826ec5dd,train,expert_fit
VTM-001274,raw_positive/magnetite_proxy/magnetite_mindat_p494354_316_raw.jpg,magnetite,target_mineral,0,494354,DG-79259dff6552,val,expert_stop
VTM-001275,raw_positive/magnetite_proxy/magnetite_mindat_p494355_309_raw.jpg,magnetite,target_mineral,0,494355,DG-dcfd4084a64d,val,expert_stop
VTM-001276,raw_positive/magnetite_proxy/magnetite_mindat_p494364_253_raw.jpg,magnetite,target_mineral,0,494364,DG-ed5f37afc816,val,expert_stop
VTM-001277,raw_positive/magnetite_proxy/magnetite_mindat_p494651_1244_raw.jpg,magnetite,target_mineral,0,494651,DG-9aa6cf537ad2,train,expert_fit
VTM-001278,raw_positive/magnetite_proxy/magnetite_mindat_p494654_1236_raw.jpg,magnetite,target_mineral,0,494654,DG-83b2d732c7e4,val,expert_stop
VTM-001279,raw_positive/magnetite_proxy/magnetite_mindat_p494699_289_raw.jpg,magnetite,target_mineral,0,494699,DG-1b3bc4362fe0,val,expert_stop
VTM-001281,raw_positive/magnetite_proxy/magnetite_mindat_p499192_728_raw.jpg,magnetite,target_mineral,0,499192,DG-26334a9ab37c,train,expert_fit
VTM-001283,raw_positive/magnetite_proxy/magnetite_mindat_p502051_227_raw.jpg,magnetite,target_mineral,0,502051,DG-f241854c4277,train,expert_fit
VTM-001285,raw_positive/magnetite_proxy/magnetite_mindat_p505054_886_raw.jpg,magnetite,target_mineral,0,505054,DG-be177d4296ea,val,expert_stop
VTM-001286,raw_positive/magnetite_proxy/magnetite_mindat_p505058_885_raw.jpg,magnetite,target_mineral,0,505058,DG-221639135ea1,train,expert_fit
VTM-001290,raw_positive/magnetite_proxy/magnetite_mindat_p511298_512_raw.jpg,magnetite,target_mineral,0,511298,DG-c43d9dd738d6,train,expert_fit
VTM-001293,raw_positive/magnetite_proxy/magnetite_mindat_p515867_297_raw.jpg,magnetite,target_mineral,0,515867,DG-4a5557a56c44,train,expert_fit
VTM-001297,raw_positive/magnetite_proxy/magnetite_mindat_p516652_303_raw.jpg,magnetite,target_mineral,0,516652,DG-8c0c76db7f0b,train,expert_fit
VTM-001300,raw_positive/magnetite_proxy/magnetite_mindat_p518521_199_raw.jpg,magnetite,target_mineral,0,518521,DG-0f74b6d82880,train,expert_fit
VTM-001302,raw_positive/magnetite_proxy/magnetite_mindat_p520297_1032_raw.jpg,magnetite,target_mineral,0,520297,DG-20cb482c4341,train,expert_fit
VTM-001305,raw_positive/magnetite_proxy/magnetite_mindat_p522708_577_raw.jpg,magnetite,target_mineral,0,522708,DG-ad49a9cbae05,val,expert_stop
VTM-001306,raw_positive/magnetite_proxy/magnetite_mindat_p522709_582_raw.jpg,magnetite,target_mineral,0,522709,DG-1f48e96fd1d8,train,expert_fit
VTM-001307,raw_positive/magnetite_proxy/magnetite_mindat_p523669_619_raw.jpg,magnetite,target_mineral,0,523669,DG-38c46e999df4,train,expert_fit
VTM-001308,raw_positive/magnetite_proxy/magnetite_mindat_p524259_1093_raw.jpg,magnetite,target_mineral,0,524259,DG-092381139175,train,expert_fit
VTM-001309,raw_positive/magnetite_proxy/magnetite_mindat_p524336_224_raw.jpg,magnetite,target_mineral,0,524336,DG-79cbfb1a67f8,val,expert_stop
VTM-001310,raw_positive/magnetite_proxy/magnetite_mindat_p524343_225_raw.jpg,magnetite,target_mineral,0,524343,DG-f601fe548fe1,train,expert_fit
VTM-001311,raw_positive/magnetite_proxy/magnetite_mindat_p524345_226_raw.jpg,magnetite,target_mineral,0,524345,DG-1936b5493f0b,train,expert_fit
VTM-001312,raw_positive/magnetite_proxy/magnetite_mindat_p525780_1094_raw.jpg,magnetite,target_mineral,0,525780,DG-060ca0c5c72d,train,expert_fit
VTM-001314,raw_positive/magnetite_proxy/magnetite_mindat_p526554_991_raw.jpg,magnetite,target_mineral,0,526554,DG-b7f859fcb495,train,expert_fit
VTM-001315,raw_positive/magnetite_proxy/magnetite_mindat_p526555_992_raw.jpg,magnetite,target_mineral,0,526555,DG-d4eeab096a52,train,expert_fit
VTM-001316,raw_positive/magnetite_proxy/magnetite_mindat_p526887_292_raw.jpg,magnetite,target_mineral,0,526887,DG-b041bd5a4223,train,expert_fit
VTM-001317,raw_positive/magnetite_proxy/magnetite_mindat_p527872_393_raw.jpg,magnetite,target_mineral,0,527872,DG-2ce9b104a4d9,train,expert_fit
VTM-001320,raw_positive/magnetite_proxy/magnetite_mindat_p531268_145_raw.jpg,magnetite,target_mineral,0,531268,DG-ca6a621c508b,train,expert_fit
VTM-001321,raw_positive/magnetite_proxy/magnetite_mindat_p532966_708_raw.jpg,magnetite,target_mineral,0,532966,DG-e7411971efd2,val,expert_stop
VTM-001322,raw_positive/magnetite_proxy/magnetite_mindat_p534043_237_raw.jpg,magnetite,target_mineral,0,534043,DG-49c3fd163ea4,train,expert_fit
VTM-001324,raw_positive/magnetite_proxy/magnetite_mindat_p535936_982_raw.jpg,magnetite,target_mineral,0,535936,DG-e33c315431f7,train,expert_fit
VTM-001326,raw_positive/magnetite_proxy/magnetite_mindat_p539692_383_raw.jpg,magnetite,target_mineral,0,539692,DG-fba34990debc,train,expert_fit
VTM-001327,raw_positive/magnetite_proxy/magnetite_mindat_p541974_238_raw.jpg,magnetite,target_mineral,0,541974,DG-642c9a4e12c8,train,expert_fit
VTM-001328,raw_positive/magnetite_proxy/magnetite_mindat_p542770_1046_raw.jpg,magnetite,target_mineral,0,542770,DG-a9437641f549,train,expert_fit
VTM-001330,raw_positive/magnetite_proxy/magnetite_mindat_p543280_576_raw.jpg,magnetite,target_mineral,0,543280,DG-cb2866ff68c8,train,expert_fit
VTM-001333,raw_positive/magnetite_proxy/magnetite_mindat_p546743_422_raw.jpg,magnetite,target_mineral,0,546743,DG-53e70c37ebfa,train,expert_fit
VTM-001334,raw_positive/magnetite_proxy/magnetite_mindat_p546761_446_raw.jpg,magnetite,target_mineral,0,546761,DG-a4546bbfbf01,val,expert_stop
VTM-001335,raw_positive/magnetite_proxy/magnetite_mindat_p547572_239_raw.jpg,magnetite,target_mineral,0,547572,DG-72c75b0d27f5,train,expert_fit
VTM-001336,raw_positive/magnetite_proxy/magnetite_mindat_p547612_548_raw.jpg,magnetite,target_mineral,0,547612,DG-cb86682d091d,train,expert_fit
VTM-001337,raw_positive/magnetite_proxy/magnetite_mindat_p547613_547_raw.jpg,magnetite,target_mineral,0,547613,DG-1e7eab3d7eec,train,expert_fit
VTM-001339,raw_positive/magnetite_proxy/magnetite_mindat_p552131_564_raw.jpg,magnetite,target_mineral,0,552131,DG-ed71d5eca4be,train,expert_fit
VTM-001342,raw_positive/magnetite_proxy/magnetite_mindat_p552397_528_raw.jpg,magnetite,target_mineral,0,552397,DG-4329fd0fa254,val,expert_stop
VTM-001343,raw_positive/magnetite_proxy/magnetite_mindat_p552647_287_raw.jpg,magnetite,target_mineral,0,552647,DG-f687bb16577d,train,expert_fit
VTM-001344,raw_positive/magnetite_proxy/magnetite_mindat_p552649_310_raw.jpg,magnetite,target_mineral,0,552649,DG-81a4fee94b84,val,expert_stop
VTM-001345,raw_positive/magnetite_proxy/magnetite_mindat_p552793_1100_raw.jpg,magnetite,target_mineral,0,552793,DG-dc02ff5add68,train,expert_fit
VTM-001348,raw_positive/magnetite_proxy/magnetite_mindat_p558773_933_raw.jpg,magnetite,target_mineral,0,558773,DG-fb7b2d0f0bd7,train,expert_fit
VTM-001349,raw_positive/magnetite_proxy/magnetite_mindat_p559445_985_raw.jpg,magnetite,target_mineral,0,559445,DG-3419ff8591dc,train,expert_fit
VTM-001350,raw_positive/magnetite_proxy/magnetite_mindat_p560052_825_raw.jpg,magnetite,target_mineral,0,560052,DG-4e95768d3cd5,train,expert_fit
VTM-001352,raw_positive/magnetite_proxy/magnetite_mindat_p560863_1176_raw.jpg,magnetite,target_mineral,0,560863,DG-ec3babb402e9,val,expert_stop
VTM-001353,raw_positive/magnetite_proxy/magnetite_mindat_p562317_050_raw.jpg,magnetite,target_mineral,0,562317,DG-0c74cb81739d,train,expert_fit
VTM-001356,raw_positive/magnetite_proxy/magnetite_mindat_p566325_388_raw.jpg,magnetite,target_mineral,0,566325,DG-5ec6f1d0767e,train,expert_fit
VTM-001357,raw_positive/magnetite_proxy/magnetite_mindat_p567717_756_raw.jpg,magnetite,target_mineral,0,567717,DG-7f4dc6574ffe,train,expert_fit
VTM-001358,raw_positive/magnetite_proxy/magnetite_mindat_p567782_822_raw.jpg,magnetite,target_mineral,0,567782,DG-dc86d652d8d5,train,expert_fit
VTM-001360,raw_positive/magnetite_proxy/magnetite_mindat_p569080_104_raw.jpg,magnetite,target_mineral,0,569080,DG-06e482e4a9b5,train,expert_fit
VTM-001362,raw_positive/magnetite_proxy/magnetite_mindat_p569082_109_raw.jpg,magnetite,target_mineral,0,569082,DG-d76f1b228ed8,train,expert_fit
VTM-001364,raw_positive/magnetite_proxy/magnetite_mindat_p571607_325_raw.jpg,magnetite,target_mineral,0,571607,DG-2ba5b917d366,train,expert_fit
VTM-001366,raw_positive/magnetite_proxy/magnetite_mindat_p575579_623_raw.jpg,magnetite,target_mineral,0,575579,DG-0df11cb7037f,train,expert_fit
VTM-001369,raw_positive/magnetite_proxy/magnetite_mindat_p582332_459_raw.jpg,magnetite,target_mineral,0,582332,DG-758603aa8c1a,train,expert_fit
VTM-001372,raw_positive/magnetite_proxy/magnetite_mindat_p587828_035_raw.jpg,magnetite,target_mineral,0,587828,DG-0640f28ab5e0,train,expert_fit
VTM-001373,raw_positive/magnetite_proxy/magnetite_mindat_p589989_744_raw.jpg,magnetite,target_mineral,0,589989,DG-1e43abaf49da,train,expert_fit
VTM-001375,raw_positive/magnetite_proxy/magnetite_mindat_p592105_123_raw.jpg,magnetite,target_mineral,0,592105,DG-25c9d1334ba7,val,expert_stop
VTM-001378,raw_positive/magnetite_proxy/magnetite_mindat_p594367_241_raw.jpg,magnetite,target_mineral,0,594367,DG-28273d8c2e74,train,expert_fit
VTM-001379,raw_positive/magnetite_proxy/magnetite_mindat_p594368_245_raw.jpg,magnetite,target_mineral,0,594368,DG-09f401514ecd,val,expert_stop
VTM-001380,raw_positive/magnetite_proxy/magnetite_mindat_p594369_243_raw.jpg,magnetite,target_mineral,0,594369,DG-9d2b1edb5225,train,expert_fit
VTM-001382,raw_positive/magnetite_proxy/magnetite_mindat_p599582_397_raw.jpg,magnetite,target_mineral,0,599582,DG-1509292b6cc8,val,expert_stop
VTM-001386,raw_positive/magnetite_proxy/magnetite_mindat_p603644_1242_raw.jpg,magnetite,target_mineral,0,603644,DG-3350774214ba,train,expert_fit
VTM-001387,raw_positive/magnetite_proxy/magnetite_mindat_p604433_280_raw.jpg,magnetite,target_mineral,0,604433,DG-fc913b00d54e,train,expert_fit
VTM-001388,raw_positive/magnetite_proxy/magnetite_mindat_p604828_926_raw.jpg,magnetite,target_mineral,0,604828,DG-cddd6c072072,train,expert_fit
VTM-001389,raw_positive/magnetite_proxy/magnetite_mindat_p604930_390_raw.jpg,magnetite,target_mineral,0,604930,DG-b72f30e8d6a7,val,expert_stop
VTM-001391,raw_positive/magnetite_proxy/magnetite_mindat_p612912_498_raw.jpg,magnetite,target_mineral,0,612912,DG-0124d9c49c8e,train,expert_fit
VTM-001392,raw_positive/magnetite_proxy/magnetite_mindat_p616889_493_raw.jpg,magnetite,target_mineral,0,616889,DG-f3cf499f9364,train,expert_fit
VTM-001394,raw_positive/magnetite_proxy/magnetite_mindat_p621765_302_raw.jpg,magnetite,target_mineral,0,621765,DG-4dacfe3a288c,val,expert_stop
VTM-001396,raw_positive/magnetite_proxy/magnetite_mindat_p622096_742_raw.jpg,magnetite,target_mineral,0,622096,DG-a150f7a82498,val,expert_stop
VTM-001398,raw_positive/magnetite_proxy/magnetite_mindat_p628855_189_raw.jpg,magnetite,target_mineral,0,628855,DG-33af98df91a0,train,expert_fit
VTM-001399,raw_positive/magnetite_proxy/magnetite_mindat_p629378_406_raw.jpg,magnetite,target_mineral,0,629378,DG-41d0e5580b6a,val,expert_stop
VTM-001401,raw_positive/magnetite_proxy/magnetite_mindat_p629440_184_raw.jpg,magnetite,target_mineral,0,629440,DG-153fe14c9b29,train,expert_fit
VTM-001405,raw_positive/magnetite_proxy/magnetite_mindat_p630618_748_raw.jpg,magnetite,target_mineral,0,630618,DG-44e03514a31f,train,expert_fit
VTM-001407,raw_positive/magnetite_proxy/magnetite_mindat_p631140_1091_raw.jpg,magnetite,target_mineral,0,631140,DG-4fa6df91d021,train,expert_fit
VTM-001409,raw_positive/magnetite_proxy/magnetite_mindat_p634397_103_raw.jpg,magnetite,target_mineral,0,634397,DG-edfb3a045137,train,expert_fit
VTM-001411,raw_positive/magnetite_proxy/magnetite_mindat_p637522_187_raw.jpg,magnetite,target_mineral,0,637522,DG-691f76272560,train,expert_fit
VTM-001412,raw_positive/magnetite_proxy/magnetite_mindat_p638059_049_raw.jpg,magnetite,target_mineral,0,638059,DG-9300491d708f,train,expert_fit
VTM-001413,raw_positive/magnetite_proxy/magnetite_mindat_p641979_382_raw.jpg,magnetite,target_mineral,0,641979,DG-ab9ff321dd4f,train,expert_fit
VTM-001414,raw_positive/magnetite_proxy/magnetite_mindat_p642262_348_raw.jpg,magnetite,target_mineral,0,642262,DG-3bf3daded208,train,expert_fit
VTM-001416,raw_positive/magnetite_proxy/magnetite_mindat_p644224_1044_raw.jpg,magnetite,target_mineral,0,644224,DG-c71d381e6767,train,expert_fit
VTM-001418,raw_positive/magnetite_proxy/magnetite_mindat_p647465_563_raw.jpg,magnetite,target_mineral,0,647465,DG-d741ccacf1b1,train,expert_fit
VTM-001422,raw_positive/magnetite_proxy/magnetite_mindat_p655631_574_raw.jpg,magnetite,target_mineral,0,655631,DG-4951c0589100,train,expert_fit
VTM-001424,raw_positive/magnetite_proxy/magnetite_mindat_p656607_1286_raw.jpg,magnetite,target_mineral,0,656607,DG-7c7c210176e8,train,expert_fit
VTM-001425,raw_positive/magnetite_proxy/magnetite_mindat_p658921_743_raw.jpg,magnetite,target_mineral,0,658921,DG-923ca75edc88,train,expert_fit
VTM-001427,raw_positive/magnetite_proxy/magnetite_mindat_p658941_751_raw.jpg,magnetite,target_mineral,0,658941,DG-8e08059bd85d,train,expert_fit
VTM-001429,raw_positive/magnetite_proxy/magnetite_mindat_p660698_624_raw.jpg,magnetite,target_mineral,0,660698,DG-86818542e567,train,expert_fit
VTM-001430,raw_positive/magnetite_proxy/magnetite_mindat_p660849_646_raw.jpg,magnetite,target_mineral,0,660849,DG-d46d32a2cefe,train,expert_fit
VTM-001434,raw_positive/magnetite_proxy/magnetite_mindat_p670215_240_raw.jpg,magnetite,target_mineral,0,670215,DG-14bdf3991e1b,train,expert_fit
VTM-001435,raw_positive/magnetite_proxy/magnetite_mindat_p676423_732_raw.jpg,magnetite,target_mineral,0,676423,DG-ead9dd3dd581,train,expert_fit
VTM-001436,raw_positive/magnetite_proxy/magnetite_mindat_p677815_1053_raw.jpg,magnetite,target_mineral,0,677815,DG-7b12906d788f,val,expert_stop
VTM-001437,raw_positive/magnetite_proxy/magnetite_mindat_p677816_1058_raw.jpg,magnetite,target_mineral,0,677816,DG-fc134e33d3dc,train,expert_fit
VTM-001438,raw_positive/magnetite_proxy/magnetite_mindat_p677818_1068_raw.jpg,magnetite,target_mineral,0,677818,DG-7255a46e94a7,val,expert_stop
VTM-001441,raw_positive/magnetite_proxy/magnetite_mindat_p677894_1066_raw.jpg,magnetite,target_mineral,0,677894,DG-b8b2c4f178aa,val,expert_stop
VTM-001442,raw_positive/magnetite_proxy/magnetite_mindat_p678030_1061_raw.jpg,magnetite,target_mineral,0,678030,DG-4f64e73b32f9,train,expert_fit
VTM-001443,raw_positive/magnetite_proxy/magnetite_mindat_p678078_167_raw.jpg,magnetite,target_mineral,0,678078,DG-fa46b6de6494,train,expert_fit
VTM-001450,raw_positive/magnetite_proxy/magnetite_mindat_p688492_435_raw.jpg,magnetite,target_mineral,0,688492,DG-0e4c4508a46c,train,expert_fit
VTM-001451,raw_positive/magnetite_proxy/magnetite_mindat_p689497_775_raw.jpg,magnetite,target_mineral,0,689497,DG-dc276d394e2e,train,expert_fit
VTM-001452,raw_positive/magnetite_proxy/magnetite_mindat_p689498_780_raw.jpg,magnetite,target_mineral,0,689498,DG-bdcde94a85b5,val,expert_stop
VTM-001456,raw_positive/magnetite_proxy/magnetite_mindat_p689504_745_raw.jpg,magnetite,target_mineral,0,689504,DG-c9fe2196694d,train,expert_fit
VTM-001457,raw_positive/magnetite_proxy/magnetite_mindat_p692449_185_raw.jpg,magnetite,target_mineral,0,692449,DG-42ecb1464c64,train,expert_fit
VTM-001458,raw_positive/magnetite_proxy/magnetite_mindat_p692800_764_raw.jpg,magnetite,target_mineral,0,692800,DG-c677941df08e,train,expert_fit
VTM-001460,raw_positive/magnetite_proxy/magnetite_mindat_p698013_988_raw.jpg,magnetite,target_mineral,0,698013,DG-713e92433867,train,expert_fit
VTM-001461,raw_positive/magnetite_proxy/magnetite_mindat_p698015_997_raw.jpg,magnetite,target_mineral,0,698015,DG-fdfdf93d8ad2,train,expert_fit
VTM-001462,raw_positive/magnetite_proxy/magnetite_mindat_p698016_969_raw.jpg,magnetite,target_mineral,0,698016,DG-808d97578000,train,expert_fit
VTM-001463,raw_positive/magnetite_proxy/magnetite_mindat_p698171_201_raw.jpg,magnetite,target_mineral,0,698171,DG-c1fd2a72d79c,train,expert_fit
VTM-001464,raw_positive/magnetite_proxy/magnetite_mindat_p698282_715_raw.jpg,magnetite,target_mineral,0,698282,DG-5c5fcf00cd54,train,expert_fit
VTM-001466,raw_positive/magnetite_proxy/magnetite_mindat_p708538_625_raw.jpg,magnetite,target_mineral,0,708538,DG-43f42fac07e9,val,expert_stop
VTM-001467,raw_positive/magnetite_proxy/magnetite_mindat_p708567_621_raw.jpg,magnetite,target_mineral,0,708567,DG-6ca2ae245829,train,expert_fit
VTM-001468,raw_positive/magnetite_proxy/magnetite_mindat_p709062_117_raw.jpg,magnetite,target_mineral,0,709062,DG-da0861cea29e,train,expert_fit
VTM-001469,raw_positive/magnetite_proxy/magnetite_mindat_p709782_882_raw.jpg,magnetite,target_mineral,0,709782,DG-60b2e7cc4d00,train,expert_fit
VTM-001471,raw_positive/magnetite_proxy/magnetite_mindat_p710906_248_raw.jpg,magnetite,target_mineral,0,710906,DG-127eae5e258a,train,expert_fit
VTM-001472,raw_positive/magnetite_proxy/magnetite_mindat_p712393_163_raw.jpg,magnetite,target_mineral,0,712393,DG-b11033c578df,train,expert_fit
VTM-001474,raw_positive/magnetite_proxy/magnetite_mindat_p713683_391_raw.jpg,magnetite,target_mineral,0,713683,DG-1f01f25e5d8f,train,expert_fit
VTM-001475,raw_positive/magnetite_proxy/magnetite_mindat_p718236_1033_raw.jpg,magnetite,target_mineral,0,718236,DG-1f95b3501cd8,train,expert_fit
VTM-001476,raw_positive/magnetite_proxy/magnetite_mindat_p718786_1249_raw.jpg,magnetite,target_mineral,0,718786,DG-4d0a046e701d,train,expert_fit
VTM-001477,raw_positive/magnetite_proxy/magnetite_mindat_p719617_425_raw.jpg,magnetite,target_mineral,0,719617,DG-b732b0ff638a,train,expert_fit
VTM-001478,raw_positive/magnetite_proxy/magnetite_mindat_p719636_471_raw.jpg,magnetite,target_mineral,0,719636,DG-58262c85df83,val,expert_stop
VTM-001480,raw_positive/magnetite_proxy/magnetite_mindat_p720512_205_raw.jpg,magnetite,target_mineral,0,720512,DG-79909d5f8fc7,train,expert_fit
VTM-001481,raw_positive/magnetite_proxy/magnetite_mindat_p724319_616_raw.jpg,magnetite,target_mineral,0,724319,DG-9028d210b513,train,expert_fit
VTM-001482,raw_positive/magnetite_proxy/magnetite_mindat_p724512_1056_raw.jpg,magnetite,target_mineral,0,724512,DG-04b85f13742f,train,expert_fit
VTM-001483,raw_positive/magnetite_proxy/magnetite_mindat_p725310_842_raw.jpg,magnetite,target_mineral,0,725310,DG-b222156e6d5a,train,expert_fit
VTM-001484,raw_positive/magnetite_proxy/magnetite_mindat_p727346_015_raw.jpg,magnetite,target_mineral,0,727346,DG-d59fcb9222f2,val,expert_stop
VTM-001485,raw_positive/magnetite_proxy/magnetite_mindat_p727360_048_raw.jpg,magnetite,target_mineral,0,727360,DG-a2b94815594a,val,expert_stop
VTM-001487,raw_positive/magnetite_proxy/magnetite_mindat_p729876_1116_raw.jpg,magnetite,target_mineral,0,729876,DG-9785201ed410,val,expert_stop
VTM-001488,raw_positive/magnetite_proxy/magnetite_mindat_p729877_1118_raw.jpg,magnetite,target_mineral,0,729877,DG-4bb523166eaa,train,expert_fit
VTM-001489,raw_positive/magnetite_proxy/magnetite_mindat_p729878_1123_raw.jpg,magnetite,target_mineral,0,729878,DG-23a7ab10b23b,val,expert_stop
VTM-001490,raw_positive/magnetite_proxy/magnetite_mindat_p729879_1140_raw.jpg,magnetite,target_mineral,0,729879,DG-1f6a237de4b4,train,expert_fit
VTM-001492,raw_positive/magnetite_proxy/magnetite_mindat_p733549_443_raw.jpg,magnetite,target_mineral,0,733549,DG-1dca19335664,val,expert_stop
VTM-001495,raw_positive/magnetite_proxy/magnetite_mindat_p742664_403_raw.jpg,magnetite,target_mineral,0,742664,DG-18d9d165cd74,train,expert_fit
VTM-001497,raw_positive/magnetite_proxy/magnetite_mindat_p745571_610_raw.jpg,magnetite,target_mineral,0,745571,DG-58104a6ef56a,train,expert_fit
VTM-001498,raw_positive/magnetite_proxy/magnetite_mindat_p747396_584_raw.jpg,magnetite,target_mineral,0,747396,DG-7843e4ee19c4,train,expert_fit
VTM-001499,raw_positive/magnetite_proxy/magnetite_mindat_p747591_769_raw.jpg,magnetite,target_mineral,0,747591,DG-06ddc65a7f20,train,expert_fit
VTM-001501,raw_positive/magnetite_proxy/magnetite_mindat_p747843_763_raw.jpg,magnetite,target_mineral,0,747843,DG-c0b8914f591f,train,expert_fit
VTM-001502,raw_positive/magnetite_proxy/magnetite_mindat_p747844_778_raw.jpg,magnetite,target_mineral,0,747844,DG-4731480706ec,val,expert_stop
VTM-001503,raw_positive/magnetite_proxy/magnetite_mindat_p747845_766_raw.jpg,magnetite,target_mineral,0,747845,DG-ca6328c44469,train,expert_fit
VTM-001505,raw_positive/magnetite_proxy/magnetite_mindat_p750206_821_raw.jpg,magnetite,target_mineral,0,750206,DG-0734caba8ba3,train,expert_fit
VTM-001509,raw_positive/magnetite_proxy/magnetite_mindat_p757477_609_raw.jpg,magnetite,target_mineral,0,757477,DG-e325dc5be40a,train,expert_fit
VTM-001510,raw_positive/magnetite_proxy/magnetite_mindat_p758537_191_raw.jpg,magnetite,target_mineral,0,758537,DG-699c67788d10,train,expert_fit
VTM-001511,raw_positive/magnetite_proxy/magnetite_mindat_p759655_1250_raw.jpg,magnetite,target_mineral,0,759655,DG-0a48ffc30225,train,expert_fit
VTM-001512,raw_positive/magnetite_proxy/magnetite_mindat_p760266_322_raw.jpg,magnetite,target_mineral,0,760266,DG-8127b0f8cf80,train,expert_fit
VTM-001513,raw_positive/magnetite_proxy/magnetite_mindat_p761810_746_raw.jpg,magnetite,target_mineral,0,761810,DG-69d353cb0f4b,train,expert_fit
VTM-001515,raw_positive/magnetite_proxy/magnetite_mindat_p765022_392_raw.jpg,magnetite,target_mineral,0,765022,DG-65e61fbef50a,train,expert_fit
VTM-001516,raw_positive/magnetite_proxy/magnetite_mindat_p771280_964_raw.jpg,magnetite,target_mineral,0,771280,DG-8dc3a22ee342,train,expert_fit
VTM-001519,raw_positive/magnetite_proxy/magnetite_mindat_p776338_1283_raw.jpg,magnetite,target_mineral,0,776338,DG-747199ca4761,train,expert_fit
VTM-001520,raw_positive/magnetite_proxy/magnetite_mindat_p780230_1291_raw.jpg,magnetite,target_mineral,0,780230,DG-c862f13dc29b,train,expert_fit
VTM-001522,raw_positive/magnetite_proxy/magnetite_mindat_p781379_1064_raw.jpg,magnetite,target_mineral,0,781379,DG-0d493dc0202b,train,expert_fit
VTM-001524,raw_positive/magnetite_proxy/magnetite_mindat_p783173_1248_raw.jpg,magnetite,target_mineral,0,783173,DG-41d01b68412c,train,expert_fit
VTM-001526,raw_positive/magnetite_proxy/magnetite_mindat_p783175_1259_raw.jpg,magnetite,target_mineral,0,783175,DG-d0f2130afba1,train,expert_fit
VTM-001527,raw_positive/magnetite_proxy/magnetite_mindat_p783419_499_raw.jpg,magnetite,target_mineral,0,783419,DG-6d1b32b7d8e6,train,expert_fit
VTM-001529,raw_positive/magnetite_proxy/magnetite_mindat_p791979_1199_raw.jpg,magnetite,target_mineral,0,791979,DG-c875743d382f,train,expert_fit
VTM-001530,raw_positive/magnetite_proxy/magnetite_mindat_p792985_1203_raw.jpg,magnetite,target_mineral,0,792985,DG-61cd5e270c58,train,expert_fit
VTM-001531,raw_positive/magnetite_proxy/magnetite_mindat_p793062_1194_raw.jpg,magnetite,target_mineral,0,793062,DG-ccbc689da548,train,expert_fit
VTM-001532,raw_positive/magnetite_proxy/magnetite_mindat_p793480_431_raw.jpg,magnetite,target_mineral,0,793480,DG-76c38dfb7927,train,expert_fit
VTM-001534,raw_positive/magnetite_proxy/magnetite_mindat_p794278_1254_raw.jpg,magnetite,target_mineral,0,794278,DG-510672da1050,train,expert_fit
VTM-001537,raw_positive/magnetite_proxy/magnetite_mindat_p795427_1274_raw.jpg,magnetite,target_mineral,0,795427,DG-9fdec7ac08c3,train,expert_fit
VTM-001538,raw_positive/magnetite_proxy/magnetite_mindat_p797962_215_raw.jpg,magnetite,target_mineral,0,797962,DG-7fac339e4292,train,expert_fit
VTM-001539,raw_positive/magnetite_proxy/magnetite_mindat_p799749_1062_raw.jpg,magnetite,target_mineral,0,799749,DG-9043a7af155d,train,expert_fit
VTM-001540,raw_positive/magnetite_proxy/magnetite_mindat_p801463_838_raw.jpg,magnetite,target_mineral,0,801463,DG-8e35d0435c17,train,expert_fit
VTM-001541,raw_positive/magnetite_proxy/magnetite_mindat_p802155_304_raw.jpg,magnetite,target_mineral,0,802155,DG-42d7049a2254,train,expert_fit
VTM-001542,raw_positive/magnetite_proxy/magnetite_mindat_p803075_550_raw.jpg,magnetite,target_mineral,0,803075,DG-5d9bb0931076,val,expert_stop
VTM-001545,raw_positive/magnetite_proxy/magnetite_mindat_p805618_645_raw.jpg,magnetite,target_mineral,0,805618,DG-2e1e043a8b58,train,expert_fit
VTM-001547,raw_positive/magnetite_proxy/magnetite_mindat_p805632_662_raw.jpg,magnetite,target_mineral,0,805632,DG-6d07e1f37cee,train,expert_fit
VTM-001551,raw_positive/magnetite_proxy/magnetite_mindat_p811339_627_raw.jpg,magnetite,target_mineral,0,811339,DG-05595eff1ad3,val,expert_stop
VTM-001553,raw_positive/magnetite_proxy/magnetite_mindat_p812855_1050_raw.jpg,magnetite,target_mineral,0,812855,DG-d6e92e9385f2,train,expert_fit
VTM-001556,raw_positive/magnetite_proxy/magnetite_mindat_p827806_1052_raw.jpg,magnetite,target_mineral,0,827806,DG-329943ef1dad,val,expert_stop
VTM-001558,raw_positive/magnetite_proxy/magnetite_mindat_p830577_1098_raw.jpg,magnetite,target_mineral,0,830577,DG-bf91f591545e,train,expert_fit
VTM-001561,raw_positive/magnetite_proxy/magnetite_mindat_p834777_1215_raw.jpg,magnetite,target_mineral,0,834777,DG-14e05d89aaca,train,expert_fit
VTM-001563,raw_positive/magnetite_proxy/magnetite_mindat_p835500_299_raw.jpg,magnetite,target_mineral,0,835500,DG-7ffb464966b5,train,expert_fit
VTM-001565,raw_positive/magnetite_proxy/magnetite_mindat_p837359_1102_raw.jpg,magnetite,target_mineral,0,837359,DG-d89c238ecb5d,train,expert_fit
VTM-001566,raw_positive/magnetite_proxy/magnetite_mindat_p837360_1114_raw.jpg,magnetite,target_mineral,0,837360,DG-f945f9ea2c9d,train,expert_fit
VTM-001571,raw_positive/magnetite_proxy/magnetite_mindat_p851393_1117_raw.jpg,magnetite,target_mineral,0,851393,DG-eee01346f14d,val,expert_stop
VTM-001573,raw_positive/magnetite_proxy/magnetite_mindat_p854310_784_raw.jpg,magnetite,target_mineral,0,854310,DG-870586b0725b,train,expert_fit
VTM-001575,raw_positive/magnetite_proxy/magnetite_mindat_p854312_793_raw.jpg,magnetite,target_mineral,0,854312,DG-2904bf1245ef,train,expert_fit
VTM-001577,raw_positive/magnetite_proxy/magnetite_mindat_p855322_228_raw.jpg,magnetite,target_mineral,0,855322,DG-d7517209d587,train,expert_fit
VTM-001578,raw_positive/magnetite_proxy/magnetite_mindat_p855381_631_raw.jpg,magnetite,target_mineral,0,855381,DG-fbbd06ea7225,train,expert_fit
VTM-001579,raw_positive/magnetite_proxy/magnetite_mindat_p858019_640_raw.jpg,magnetite,target_mineral,0,858019,DG-8806d0c4c47f,train,expert_fit
VTM-001580,raw_positive/magnetite_proxy/magnetite_mindat_p858198_1097_raw.jpg,magnetite,target_mineral,0,858198,DG-27b3ee05192d,train,expert_fit
VTM-001582,raw_positive/magnetite_proxy/magnetite_mindat_p861151_452_raw.jpg,magnetite,target_mineral,0,861151,DG-3683c61ded87,train,expert_fit
VTM-001584,raw_positive/magnetite_proxy/magnetite_mindat_p862801_655_raw.jpg,magnetite,target_mineral,0,862801,DG-6a6f327c0c54,train,expert_fit
VTM-001585,raw_positive/magnetite_proxy/magnetite_mindat_p864052_954_raw.jpg,magnetite,target_mineral,0,864052,DG-d29af017305e,val,expert_stop
VTM-001586,raw_positive/magnetite_proxy/magnetite_mindat_p864143_315_raw.jpg,magnetite,target_mineral,0,864143,DG-a208f903a925,train,expert_fit
VTM-001587,raw_positive/magnetite_proxy/magnetite_mindat_p865592_296_raw.jpg,magnetite,target_mineral,0,865592,DG-af1e89dbf5d8,train,expert_fit
VTM-001588,raw_positive/magnetite_proxy/magnetite_mindat_p865631_1071_raw.jpg,magnetite,target_mineral,0,865631,DG-09b8229a8b12,train,expert_fit
VTM-001590,raw_positive/magnetite_proxy/magnetite_mindat_p869499_114_raw.jpg,magnetite,target_mineral,0,869499,DG-53944a1a1fc4,train,expert_fit
VTM-001591,raw_positive/magnetite_proxy/magnetite_mindat_p870026_639_raw.jpg,magnetite,target_mineral,0,870026,DG-448520b067e0,train,expert_fit
VTM-001592,raw_positive/magnetite_proxy/magnetite_mindat_p870482_637_raw.jpg,magnetite,target_mineral,0,870482,DG-9022176e8dbe,train,expert_fit
VTM-001593,raw_positive/magnetite_proxy/magnetite_mindat_p870661_953_raw.jpg,magnetite,target_mineral,0,870661,DG-72c414a78151,train,expert_fit
VTM-001594,raw_positive/magnetite_proxy/magnetite_mindat_p871328_1220_raw.jpg,magnetite,target_mineral,0,871328,DG-a4c62bed652d,train,expert_fit
VTM-001595,raw_positive/magnetite_proxy/magnetite_mindat_p877278_951_raw.jpg,magnetite,target_mineral,0,877278,DG-17dce3fe1856,train,expert_fit
VTM-001596,raw_positive/magnetite_proxy/magnetite_mindat_p877279_949_raw.jpg,magnetite,target_mineral,0,877279,DG-16f34a5aac84,train,expert_fit
VTM-001598,raw_positive/magnetite_proxy/magnetite_mindat_p880392_516_raw.jpg,magnetite,target_mineral,0,880392,DG-82d557dd1e71,train,expert_fit
VTM-001599,raw_positive/magnetite_proxy/magnetite_mindat_p880393_515_raw.jpg,magnetite,target_mineral,0,880393,DG-13ca51062b7f,train,expert_fit
VTM-001600,raw_positive/magnetite_proxy/magnetite_mindat_p881327_298_raw.jpg,magnetite,target_mineral,0,881327,DG-ed58393ac6b4,train,expert_fit
VTM-001601,raw_positive/magnetite_proxy/magnetite_mindat_p881747_973_raw.jpg,magnetite,target_mineral,0,881747,DG-ae967c51b89b,train,expert_fit
VTM-001602,raw_positive/magnetite_proxy/magnetite_mindat_p882265_1243_raw.jpg,magnetite,target_mineral,0,882265,DG-13f8a822dbfc,val,expert_stop
VTM-001605,raw_positive/magnetite_proxy/magnetite_mindat_p882895_1211_raw.jpg,magnetite,target_mineral,0,882895,DG-dd6c54a5e1b4,train,expert_fit
VTM-001606,raw_positive/magnetite_proxy/magnetite_mindat_p882896_1210_raw.jpg,magnetite,target_mineral,0,882896,DG-f2b0d8788c86,train,expert_fit
VTM-001607,raw_positive/magnetite_proxy/magnetite_mindat_p882897_1217_raw.jpg,magnetite,target_mineral,0,882897,DG-080fb8d0d108,train,expert_fit
VTM-001608,raw_positive/magnetite_proxy/magnetite_mindat_p882898_1214_raw.jpg,magnetite,target_mineral,0,882898,DG-c12cc4bec9e4,train,expert_fit
VTM-001610,raw_positive/magnetite_proxy/magnetite_mindat_p884251_673_raw.jpg,magnetite,target_mineral,0,884251,DG-d76cae0825a8,train,expert_fit
VTM-001612,raw_positive/magnetite_proxy/magnetite_mindat_p884253_672_raw.jpg,magnetite,target_mineral,0,884253,DG-ac26e312fdec,train,expert_fit
VTM-001613,raw_positive/magnetite_proxy/magnetite_mindat_p884254_661_raw.jpg,magnetite,target_mineral,0,884254,DG-9ea805a5c9d8,val,expert_stop
VTM-001614,raw_positive/magnetite_proxy/magnetite_mindat_p885312_1092_raw.jpg,magnetite,target_mineral,0,885312,DG-84504a7012b9,val,expert_stop
VTM-001616,raw_positive/magnetite_proxy/magnetite_mindat_p885314_1096_raw.jpg,magnetite,target_mineral,0,885314,DG-b1ce3f58146b,train,expert_fit
VTM-001617,raw_positive/magnetite_proxy/magnetite_mindat_p885315_1099_raw.jpg,magnetite,target_mineral,0,885315,DG-b1f18f1f37fb,val,expert_stop
VTM-001619,raw_positive/magnetite_proxy/magnetite_mindat_p885317_1106_raw.jpg,magnetite,target_mineral,0,885317,DG-8a235f0d54a4,train,expert_fit
VTM-001624,raw_positive/magnetite_proxy/magnetite_mindat_p888503_630_raw.jpg,magnetite,target_mineral,0,888503,DG-82e1ce080808,train,expert_fit
VTM-001625,raw_positive/magnetite_proxy/magnetite_mindat_p891847_476_raw.jpg,magnetite,target_mineral,0,891847,DG-b33d4d886cf1,train,expert_fit
VTM-001629,raw_positive/magnetite_proxy/magnetite_mindat_p898932_717_raw.jpg,magnetite,target_mineral,0,898932,DG-b771911d1db9,train,expert_fit
VTM-001631,raw_positive/magnetite_proxy/magnetite_mindat_p899502_327_raw.jpg,magnetite,target_mineral,0,899502,DG-42529c9edd64,train,expert_fit
VTM-001632,raw_positive/magnetite_proxy/magnetite_mindat_p899769_319_raw.jpg,magnetite,target_mineral,0,899769,DG-34e20a4b6942,train,expert_fit
VTM-001633,raw_positive/magnetite_proxy/magnetite_mindat_p900471_776_raw.jpg,magnetite,target_mineral,0,900471,DG-f73cde629454,train,expert_fit
VTM-001634,raw_positive/magnetite_proxy/magnetite_mindat_p900744_771_raw.jpg,magnetite,target_mineral,0,900744,DG-0c63e63f6fa7,train,expert_fit
VTM-001635,raw_positive/magnetite_proxy/magnetite_mindat_p901136_318_raw.jpg,magnetite,target_mineral,0,901136,DG-244307d1d268,val,expert_stop
VTM-001636,raw_positive/magnetite_proxy/magnetite_mindat_p901508_768_raw.jpg,magnetite,target_mineral,0,901508,DG-32a067b2d07a,train,expert_fit
VTM-001637,raw_positive/magnetite_proxy/magnetite_mindat_p905583_324_raw.jpg,magnetite,target_mineral,0,905583,DG-2e173d381d10,train,expert_fit
VTM-001638,raw_positive/magnetite_proxy/magnetite_mindat_p910328_1136_raw.jpg,magnetite,target_mineral,0,910328,DG-6e15b91e67e9,train,expert_fit
VTM-001639,raw_positive/magnetite_proxy/magnetite_mindat_p911000_770_raw.jpg,magnetite,target_mineral,0,911000,DG-80634835977f,train,expert_fit
VTM-001642,raw_positive/magnetite_proxy/magnetite_mindat_p914661_575_raw.jpg,magnetite,target_mineral,0,914661,DG-0cd61033186c,train,expert_fit
VTM-001643,raw_positive/magnetite_proxy/magnetite_mindat_p915779_1189_raw.jpg,magnetite,target_mineral,0,915779,DG-af8573ad7ec4,train,expert_fit
VTM-001644,raw_positive/magnetite_proxy/magnetite_mindat_p916301_635_raw.jpg,magnetite,target_mineral,0,916301,DG-85bdd9be320a,val,expert_stop
VTM-001648,raw_positive/magnetite_proxy/magnetite_mindat_p925124_034_raw.jpg,magnetite,target_mineral,0,925124,DG-03780d42ec62,train,expert_fit
VTM-001649,raw_positive/magnetite_proxy/magnetite_mindat_p932218_312_raw.jpg,magnetite,target_mineral,0,932218,DG-89f24a8b6ab6,val,expert_stop
VTM-001652,raw_positive/magnetite_proxy/magnetite_mindat_p938347_774_raw.jpg,magnetite,target_mineral,0,938347,DG-0ded931af025,train,expert_fit
VTM-001653,raw_positive/magnetite_proxy/magnetite_mindat_p942453_1076_raw.jpg,magnetite,target_mineral,0,942453,DG-a4444abf9a4a,train,expert_fit
VTM-001654,raw_positive/magnetite_proxy/magnetite_mindat_p944049_317_raw.jpg,magnetite,target_mineral,0,944049,DG-0fb018725bc0,train,expert_fit
VTM-001655,raw_positive/magnetite_proxy/magnetite_mindat_p945061_458_raw.jpg,magnetite,target_mineral,0,945061,DG-ffd90f8c496f,train,expert_fit
VTM-001656,raw_positive/magnetite_proxy/magnetite_mindat_p945107_830_raw.jpg,magnetite,target_mineral,0,945107,DG-cae810603d55,train,expert_fit
VTM-001657,raw_positive/magnetite_proxy/magnetite_mindat_p945282_313_raw.jpg,magnetite,target_mineral,0,945282,DG-2f80e32c376c,train,expert_fit
VTM-001658,raw_positive/magnetite_proxy/magnetite_mindat_p947283_839_raw.jpg,magnetite,target_mineral,0,947283,DG-f99c4c58414d,train,expert_fit
VTM-001660,raw_positive/magnetite_proxy/magnetite_mindat_p953320_919_raw.jpg,magnetite,target_mineral,0,953320,DG-d3caffd4d715,train,expert_fit
VTM-001661,raw_positive/magnetite_proxy/magnetite_mindat_p953865_311_raw.jpg,magnetite,target_mineral,0,953865,DG-2e96be8541ff,val,expert_stop
VTM-001663,raw_positive/magnetite_proxy/magnetite_mindat_p962257_777_raw.jpg,magnetite,target_mineral,0,962257,DG-9659592b06c2,train,expert_fit
VTM-001665,raw_positive/magnetite_proxy/magnetite_mindat_p965371_867_raw.jpg,magnetite,target_mineral,0,965371,DG-d0899a659a5a,train,expert_fit
VTM-001667,raw_positive/magnetite_proxy/magnetite_mindat_p965842_1224_raw.jpg,magnetite,target_mineral,0,965842,DG-e44e79cf0d0e,train,expert_fit
VTM-001669,raw_positive/magnetite_proxy/magnetite_mindat_p967904_060_raw.jpg,magnetite,target_mineral,0,967904,DG-06d7598c15c7,train,expert_fit
VTM-001671,raw_positive/titanomagnetite_core/titanomagnetite_mindat_p079662_005_raw.jpg,titanomagnetite,target_mineral,0,79662,DG-a5ee170f9ded,train,expert_fit
VTM-001678,raw_positive/titanomagnetite_core/titanomagnetite_mindat_p1203762_017_raw.jpg,titanomagnetite,target_mineral,0,1203762,DG-8c5926202ac3,train,expert_fit
VTM-001679,raw_positive/titanomagnetite_core/titanomagnetite_mindat_p1204304_024_raw.jpg,titanomagnetite,target_mineral,0,1204304,DG-f5c3df527ae6,train,expert_fit
VTM-001680,raw_positive/titanomagnetite_core/titanomagnetite_mindat_p1204725_023_raw.jpg,titanomagnetite,target_mineral,0,1204725,DG-c02cfb574768,train,expert_fit
VTM-001681,raw_positive/titanomagnetite_core/titanomagnetite_mindat_p1212765_018_raw.jpg,titanomagnetite,target_mineral,0,1212765,DG-0599e375e123,train,expert_fit
VTM-001689,raw_positive/titanomagnetite_core/titanomagnetite_mindat_p1593449_033_raw.jpg,titanomagnetite,target_mineral,0,1593449,DG-9aa7389de686,train,expert_fit
VTM-001690,raw_positive/titanomagnetite_core/titanomagnetite_mindat_p1606751_032_raw.jpg,titanomagnetite,target_mineral,0,1606751,DG-b0fe7cb99124,val,expert_stop
VTM-001692,raw_positive/titanomagnetite_core/titanomagnetite_mindat_p1690580_035_raw.jpg,titanomagnetite,target_mineral,0,1690580,DG-bf707c55247a,train,expert_fit
VTM-001694,raw_positive/titanomagnetite_core/titanomagnetite_mindat_p212600_006_raw.jpg,titanomagnetite,target_mineral,0,212600,DG-97f74c72b5b7,val,expert_stop
VTM-001696,raw_positive/titanomagnetite_core/titanomagnetite_mindat_p303828_010_raw.jpg,titanomagnetite,target_mineral,0,303828,DG-cd596e924528,train,expert_fit
VTM-001697,raw_positive/titanomagnetite_core/titanomagnetite_mindat_p446868_009_raw.jpg,titanomagnetite,target_mineral,0,446868,DG-a84937488bab,train,expert_fit
VTM-001698,raw_positive/titanomagnetite_core/titanomagnetite_mindat_p459021_012_raw.jpg,titanomagnetite,target_mineral,0,459021,DG-181b7f3e8822,train,expert_fit
VTM-001703,raw_positive/titanomagnetite_core/titanomagnetite_mindat_p765016_015_raw.jpg,titanomagnetite,target_mineral,0,765016,DG-0bb94c7f846a,train,expert_fit
VTM-001706,raw_negative/gangue_negative/calcite/calcite_mindat_p000181_page9_017_raw.jpg,calcite,gangue_negative,2,181,DG-09c9971334d4,train,expert_fit
VTM-001708,raw_negative/gangue_negative/calcite/calcite_mindat_p001831_page1_061_raw.jpg,calcite,gangue_negative,2,1831,DG-7ca8671e0077,train,expert_fit
VTM-001709,raw_negative/gangue_negative/calcite/calcite_mindat_p002084_page1_029_raw.jpg,calcite,gangue_negative,2,2084,DG-5667dcfe048e,val,expert_stop
VTM-001710,raw_negative/gangue_negative/calcite/calcite_mindat_p002859_page1_042_raw.jpg,calcite,gangue_negative,2,2859,DG-3ebacc9068ca,train,expert_fit
VTM-001711,raw_negative/gangue_negative/calcite/calcite_mindat_p006197_page8_014_raw.jpg,calcite,gangue_negative,2,6197,DG-80c4293e4bd1,train,expert_fit
VTM-001713,raw_negative/gangue_negative/calcite/calcite_mindat_p007429_page1_031_raw.jpg,calcite,gangue_negative,2,7429,DG-a31daab35958,val,expert_stop
VTM-001714,raw_negative/gangue_negative/calcite/calcite_mindat_p010020_page1_068_raw.jpg,calcite,gangue_negative,2,10020,DG-b9e3271ea71f,train,expert_fit
VTM-001716,raw_negative/gangue_negative/calcite/calcite_mindat_p013907_page1_028_raw.jpg,calcite,gangue_negative,2,13907,DG-0ab95e23aa67,train,expert_fit
VTM-001718,raw_negative/gangue_negative/calcite/calcite_mindat_p015032_page6_003_raw.jpg,calcite,gangue_negative,2,15032,DG-76d30c6c5612,val,expert_stop
VTM-001719,raw_negative/gangue_negative/calcite/calcite_mindat_p018554_page1_040_raw.jpg,calcite,gangue_negative,2,18554,DG-71efe00888af,val,expert_stop
VTM-001721,raw_negative/gangue_negative/calcite/calcite_mindat_p019624_page6_006_raw.jpg,calcite,gangue_negative,2,19624,DG-edb9ff8989ea,train,expert_fit
VTM-001722,raw_negative/gangue_negative/calcite/calcite_mindat_p019697_page1_043_raw.jpg,calcite,gangue_negative,2,19697,DG-a89abcbcecd2,train,expert_fit
VTM-001723,raw_negative/gangue_negative/calcite/calcite_mindat_p020144_page1_070_raw.jpg,calcite,gangue_negative,2,20144,DG-c7d436783a4b,train,expert_fit
VTM-001724,raw_negative/gangue_negative/calcite/calcite_mindat_p020188_page1_039_raw.jpg,calcite,gangue_negative,2,20188,DG-5f0dcddd611c,train,expert_fit
VTM-001725,raw_negative/gangue_negative/calcite/calcite_mindat_p023157_page8_016_raw.jpg,calcite,gangue_negative,2,23157,DG-11f6d031d07e,train,expert_fit
VTM-001726,raw_negative/gangue_negative/calcite/calcite_mindat_p023446_page8_005_raw.jpg,calcite,gangue_negative,2,23446,DG-5043e5f0b3db,train,expert_fit
VTM-001727,raw_negative/gangue_negative/calcite/calcite_mindat_p024936_page8_062_raw.jpg,calcite,gangue_negative,2,24936,DG-4b37a2da8e94,train,expert_fit
VTM-001728,raw_negative/gangue_negative/calcite/calcite_mindat_p026120_page8_026_raw.jpg,calcite,gangue_negative,2,26120,DG-df4c8a563a24,train,expert_fit
VTM-001729,raw_negative/gangue_negative/calcite/calcite_mindat_p026234_page8_029_raw.jpg,calcite,gangue_negative,2,26234,DG-5635cbf5730b,train,expert_fit
VTM-001730,raw_negative/gangue_negative/calcite/calcite_mindat_p026240_page8_038_raw.jpg,calcite,gangue_negative,2,26240,DG-d136755d2dca,train,expert_fit
VTM-001731,raw_negative/gangue_negative/calcite/calcite_mindat_p026241_page8_055_raw.jpg,calcite,gangue_negative,2,26241,DG-d2725a33a5d1,train,expert_fit
VTM-001732,raw_negative/gangue_negative/calcite/calcite_mindat_p027299_page8_012_raw.jpg,calcite,gangue_negative,2,27299,DG-591b08c9e873,train,expert_fit
VTM-001734,raw_negative/gangue_negative/calcite/calcite_mindat_p029079_page8_028_raw.jpg,calcite,gangue_negative,2,29079,DG-a139c32410c3,val,expert_stop
VTM-001735,raw_negative/gangue_negative/calcite/calcite_mindat_p032314_page6_009_raw.jpg,calcite,gangue_negative,2,32314,DG-4e517a9a2ba6,train,expert_fit
VTM-001736,raw_negative/gangue_negative/calcite/calcite_mindat_p032496_page6_014_raw.jpg,calcite,gangue_negative,2,32496,DG-a69a03d4cc5e,val,expert_stop
VTM-001737,raw_negative/gangue_negative/calcite/calcite_mindat_p032497_page6_011_raw.jpg,calcite,gangue_negative,2,32497,DG-1c464613c264,train,expert_fit
VTM-001738,raw_negative/gangue_negative/calcite/calcite_mindat_p033103_page7_001_raw.jpg,calcite,gangue_negative,2,33103,DG-9d4bfe3643d2,train,expert_fit
VTM-001740,raw_negative/gangue_negative/calcite/calcite_mindat_p034553_page1_038_raw.jpg,calcite,gangue_negative,2,34553,DG-4b56e6a07cac,val,expert_stop
VTM-001741,raw_negative/gangue_negative/calcite/calcite_mindat_p034922_page8_006_raw.jpg,calcite,gangue_negative,2,34922,DG-2884eda5c063,train,expert_fit
VTM-001742,raw_negative/gangue_negative/calcite/calcite_mindat_p035903_page8_015_raw.jpg,calcite,gangue_negative,2,35903,DG-8edc256b042d,train,expert_fit
VTM-001747,raw_negative/gangue_negative/calcite/calcite_mindat_p044631_page8_011_raw.jpg,calcite,gangue_negative,2,44631,DG-58a2a7202e9b,train,expert_fit
VTM-001755,raw_negative/gangue_negative/calcite/calcite_mindat_p047215_page1_006_raw.jpg,calcite,gangue_negative,2,47215,DG-efa042f20c01,train,expert_fit
VTM-001757,raw_negative/gangue_negative/calcite/calcite_mindat_p047716_page8_074_raw.jpg,calcite,gangue_negative,2,47716,DG-3063633380b6,train,expert_fit
VTM-001759,raw_negative/gangue_negative/calcite/calcite_mindat_p049798_page1_030_raw.jpg,calcite,gangue_negative,2,49798,DG-3d9e7ed01efa,train,expert_fit
VTM-001760,raw_negative/gangue_negative/calcite/calcite_mindat_p050234_page4_005_raw.jpg,calcite,gangue_negative,2,50234,DG-f752992c17e8,train,expert_fit
VTM-001761,raw_negative/gangue_negative/calcite/calcite_mindat_p051954_page8_072_raw.jpg,calcite,gangue_negative,2,51954,DG-b6ebf47aa9c7,train,expert_fit
VTM-001762,raw_negative/gangue_negative/calcite/calcite_mindat_p054297_page1_050_raw.jpg,calcite,gangue_negative,2,54297,DG-1e46c2309262,train,expert_fit
VTM-001765,raw_negative/gangue_negative/calcite/calcite_mindat_p054942_page1_062_raw.jpg,calcite,gangue_negative,2,54942,DG-d9f0353a1d8a,train,expert_fit
VTM-001767,raw_negative/gangue_negative/calcite/calcite_mindat_p057609_page1_024_raw.jpg,calcite,gangue_negative,2,57609,DG-dc4471ec2abc,train,expert_fit
VTM-001768,raw_negative/gangue_negative/calcite/calcite_mindat_p058155_page6_012_raw.jpg,calcite,gangue_negative,2,58155,DG-75417b9a70a2,train,expert_fit
VTM-001770,raw_negative/gangue_negative/calcite/calcite_mindat_p059723_page6_013_raw.jpg,calcite,gangue_negative,2,59723,DG-6c0ebc885248,train,expert_fit
VTM-001773,raw_negative/gangue_negative/calcite/calcite_mindat_p060852_page8_064_raw.jpg,calcite,gangue_negative,2,60852,DG-8d30df6419c9,train,expert_fit
VTM-001775,raw_negative/gangue_negative/calcite/calcite_mindat_p062424_page1_067_raw.jpg,calcite,gangue_negative,2,62424,DG-8e3da4981bde,val,expert_stop
VTM-001777,raw_negative/gangue_negative/calcite/calcite_mindat_p064961_page1_075_raw.jpg,calcite,gangue_negative,2,64961,DG-ac56c77a4896,train,expert_fit
VTM-001778,raw_negative/gangue_negative/calcite/calcite_mindat_p066223_page4_001_raw.jpg,calcite,gangue_negative,2,66223,DG-08bb995679af,train,expert_fit
VTM-001781,raw_negative/gangue_negative/calcite/calcite_mindat_p068199_page9_042_raw.jpg,calcite,gangue_negative,2,68199,DG-eb9cf64254b4,train,expert_fit
VTM-001782,raw_negative/gangue_negative/calcite/calcite_mindat_p069286_page1_071_raw.jpg,calcite,gangue_negative,2,69286,DG-de0e8dce6176,train,expert_fit
VTM-001784,raw_negative/gangue_negative/calcite/calcite_mindat_p071530_page1_063_raw.jpg,calcite,gangue_negative,2,71530,DG-afafc051d015,train,expert_fit
VTM-001786,raw_negative/gangue_negative/calcite/calcite_mindat_p073787_page9_060_raw.jpg,calcite,gangue_negative,2,73787,DG-820150bafcf8,train,expert_fit
VTM-001788,raw_negative/gangue_negative/calcite/calcite_mindat_p076408_page1_009_raw.jpg,calcite,gangue_negative,2,76408,DG-0250f079fbce,train,expert_fit
VTM-001790,raw_negative/gangue_negative/calcite/calcite_mindat_p076931_page8_010_raw.jpg,calcite,gangue_negative,2,76931,DG-541cbc0ffd09,train,expert_fit
VTM-001791,raw_negative/gangue_negative/calcite/calcite_mindat_p076934_page8_058_raw.jpg,calcite,gangue_negative,2,76934,DG-0b72cf593431,train,expert_fit
VTM-001795,raw_negative/gangue_negative/calcite/calcite_mindat_p083254_page1_022_raw.jpg,calcite,gangue_negative,2,83254,DG-bd288e4af5ab,train,expert_fit
VTM-001797,raw_negative/gangue_negative/calcite/calcite_mindat_p083477_page8_044_raw.jpg,calcite,gangue_negative,2,83477,DG-ce3b7b06c712,train,expert_fit
VTM-001798,raw_negative/gangue_negative/calcite/calcite_mindat_p083500_page8_068_raw.jpg,calcite,gangue_negative,2,83500,DG-a97ca58f8f4c,train,expert_fit
VTM-001801,raw_negative/gangue_negative/calcite/calcite_mindat_p083955_page8_041_raw.jpg,calcite,gangue_negative,2,83955,DG-5ed230bcaeae,val,expert_stop
VTM-001802,raw_negative/gangue_negative/calcite/calcite_mindat_p085228_page8_018_raw.jpg,calcite,gangue_negative,2,85228,DG-1aaac953af1b,train,expert_fit
VTM-001803,raw_negative/gangue_negative/calcite/calcite_mindat_p085364_page8_039_raw.jpg,calcite,gangue_negative,2,85364,DG-287c6c8b574c,train,expert_fit
VTM-001804,raw_negative/gangue_negative/calcite/calcite_mindat_p085432_page8_049_raw.jpg,calcite,gangue_negative,2,85432,DG-dbdac47e8afd,train,expert_fit
VTM-001805,raw_negative/gangue_negative/calcite/calcite_mindat_p086731_page1_047_raw.jpg,calcite,gangue_negative,2,86731,DG-f25931e566b3,train,expert_fit
VTM-001808,raw_negative/gangue_negative/calcite/calcite_mindat_p089091_page1_054_raw.jpg,calcite,gangue_negative,2,89091,DG-d55d7d3c197a,train,expert_fit
VTM-001810,raw_negative/gangue_negative/calcite/calcite_mindat_p090009_page1_020_raw.jpg,calcite,gangue_negative,2,90009,DG-61f5809a780d,train,expert_fit
VTM-001811,raw_negative/gangue_negative/calcite/calcite_mindat_p091369_page8_061_raw.jpg,calcite,gangue_negative,2,91369,DG-3b279559bd03,train,expert_fit
VTM-001814,raw_negative/gangue_negative/calcite/calcite_mindat_p095961_page1_021_raw.jpg,calcite,gangue_negative,2,95961,DG-143cd66e2b2a,train,expert_fit
VTM-001815,raw_negative/gangue_negative/calcite/calcite_mindat_p098993_page8_037_raw.jpg,calcite,gangue_negative,2,98993,DG-fab154955a5a,train,expert_fit
VTM-001819,raw_negative/gangue_negative/calcite/calcite_mindat_p101678_page8_032_raw.jpg,calcite,gangue_negative,2,101678,DG-920e5ba4edb6,train,expert_fit
VTM-001820,raw_negative/gangue_negative/calcite/calcite_mindat_p103100_page4_004_raw.jpg,calcite,gangue_negative,2,103100,DG-61e09b39b1db,train,expert_fit
VTM-001822,raw_negative/gangue_negative/calcite/calcite_mindat_p1065872_page3_006_raw.jpg,calcite,gangue_negative,2,1065872,DG-099f9cd73fd2,train,expert_fit
VTM-001823,raw_negative/gangue_negative/calcite/calcite_mindat_p108794_page8_043_raw.jpg,calcite,gangue_negative,2,108794,DG-b79ed099eb59,train,expert_fit
VTM-001825,raw_negative/gangue_negative/calcite/calcite_mindat_p111780_page1_011_raw.jpg,calcite,gangue_negative,2,111780,DG-0be1a7cb809b,val,expert_stop
VTM-001827,raw_negative/gangue_negative/calcite/calcite_mindat_p114997_page1_034_raw.jpg,calcite,gangue_negative,2,114997,DG-633fa2f6211f,val,expert_stop
VTM-001828,raw_negative/gangue_negative/calcite/calcite_mindat_p115418_page1_033_raw.jpg,calcite,gangue_negative,2,115418,DG-9bfd3944e97e,train,expert_fit
VTM-001830,raw_negative/gangue_negative/calcite/calcite_mindat_p116021_page1_010_raw.jpg,calcite,gangue_negative,2,116021,DG-0ab0b9aba8e3,train,expert_fit
VTM-001831,raw_negative/gangue_negative/calcite/calcite_mindat_p116106_page8_066_raw.jpg,calcite,gangue_negative,2,116106,DG-31912d161108,train,expert_fit
VTM-001833,raw_negative/gangue_negative/calcite/calcite_mindat_p116383_page6_025_raw.jpg,calcite,gangue_negative,2,116383,DG-7b3c768155c3,train,expert_fit
VTM-001834,raw_negative/gangue_negative/calcite/calcite_mindat_p116385_page1_025_raw.jpg,calcite,gangue_negative,2,116385,DG-ef83fc7b1744,val,expert_stop
VTM-001836,raw_negative/gangue_negative/calcite/calcite_mindat_p117688_page1_073_raw.jpg,calcite,gangue_negative,2,117688,DG-115e5815fd01,train,expert_fit
VTM-001837,raw_negative/gangue_negative/calcite/calcite_mindat_p118674_page1_055_raw.jpg,calcite,gangue_negative,2,118674,DG-222b321c749f,train,expert_fit
VTM-001838,raw_negative/gangue_negative/calcite/calcite_mindat_p1189085_page5_001_raw.jpg,calcite,gangue_negative,2,1189085,DG-4c513116e77e,train,expert_fit
VTM-001839,raw_negative/gangue_negative/calcite/calcite_mindat_p1191942_page5_002_raw.jpg,calcite,gangue_negative,2,1191942,DG-9a5c0c5a1717,val,expert_stop
VTM-001841,raw_negative/gangue_negative/calcite/calcite_mindat_p120396_page8_052_raw.jpg,calcite,gangue_negative,2,120396,DG-bda089ae873e,train,expert_fit
VTM-001843,raw_negative/gangue_negative/calcite/calcite_mindat_p1208968_page5_004_raw.jpg,calcite,gangue_negative,2,1208968,DG-f77f26be144c,val,expert_stop
VTM-001849,raw_negative/gangue_negative/calcite/calcite_mindat_p122354_page6_017_raw.jpg,calcite,gangue_negative,2,122354,DG-55f6c7371d43,val,expert_stop
VTM-001850,raw_negative/gangue_negative/calcite/calcite_mindat_p122361_page6_007_raw.jpg,calcite,gangue_negative,2,122361,DG-f632bf61fddb,train,expert_fit
VTM-001853,raw_negative/gangue_negative/calcite/calcite_mindat_p122561_page6_002_raw.jpg,calcite,gangue_negative,2,122561,DG-8301bd33edfc,train,expert_fit
VTM-001854,raw_negative/gangue_negative/calcite/calcite_mindat_p122637_page6_015_raw.jpg,calcite,gangue_negative,2,122637,DG-dbe2173949bf,train,expert_fit
VTM-001856,raw_negative/gangue_negative/calcite/calcite_mindat_p122652_page6_004_raw.jpg,calcite,gangue_negative,2,122652,DG-d0ae9de522c3,val,expert_stop
VTM-001861,raw_negative/gangue_negative/calcite/calcite_mindat_p1254596_page2_002_raw.jpg,calcite,gangue_negative,2,1254596,DG-36af760283be,train,expert_fit
VTM-001862,raw_negative/gangue_negative/calcite/calcite_mindat_p1256656_page9_015_raw.jpg,calcite,gangue_negative,2,1256656,DG-3cbe78ac7f28,val,expert_stop
VTM-001863,raw_negative/gangue_negative/calcite/calcite_mindat_p1256661_page9_012_raw.jpg,calcite,gangue_negative,2,1256661,DG-bc17718cd3d5,train,expert_fit
VTM-001864,raw_negative/gangue_negative/calcite/calcite_mindat_p1258774_page9_013_raw.jpg,calcite,gangue_negative,2,1258774,DG-50fc318b299b,train,expert_fit
VTM-001865,raw_negative/gangue_negative/calcite/calcite_mindat_p1258777_page9_011_raw.jpg,calcite,gangue_negative,2,1258777,DG-a1eae64f6041,train,expert_fit
VTM-001866,raw_negative/gangue_negative/calcite/calcite_mindat_p1261745_page3_008_raw.jpg,calcite,gangue_negative,2,1261745,DG-d825a835d4bf,train,expert_fit
VTM-001867,raw_negative/gangue_negative/calcite/calcite_mindat_p1288108_page3_003_raw.jpg,calcite,gangue_negative,2,1288108,DG-bb0c6c9154c2,train,expert_fit
VTM-001868,raw_negative/gangue_negative/calcite/calcite_mindat_p1292493_page3_005_raw.jpg,calcite,gangue_negative,2,1292493,DG-1a20fac9e758,train,expert_fit
VTM-001869,raw_negative/gangue_negative/calcite/calcite_mindat_p131507_page1_036_raw.jpg,calcite,gangue_negative,2,131507,DG-e811b714b7c7,train,expert_fit
VTM-001870,raw_negative/gangue_negative/calcite/calcite_mindat_p1320472_page2_014_raw.jpg,calcite,gangue_negative,2,1320472,DG-8ad7e95d79c6,train,expert_fit
VTM-001871,raw_negative/gangue_negative/calcite/calcite_mindat_p1323318_page2_004_raw.jpg,calcite,gangue_negative,2,1323318,DG-2afc41e00fc4,train,expert_fit
VTM-001872,raw_negative/gangue_negative/calcite/calcite_mindat_p1341257_page6_068_raw.jpg,calcite,gangue_negative,2,1341257,DG-a7f02c31703d,train,expert_fit
VTM-001873,raw_negative/gangue_negative/calcite/calcite_mindat_p134360_page1_003_raw.jpg,calcite,gangue_negative,2,134360,DG-2fc4fa8ac5ba,train,expert_fit
VTM-001874,raw_negative/gangue_negative/calcite/calcite_mindat_p134470_page1_005_raw.jpg,calcite,gangue_negative,2,134470,DG-f5ba30b5b037,train,expert_fit
VTM-001875,raw_negative/gangue_negative/calcite/calcite_mindat_p134483_page1_001_raw.jpg,calcite,gangue_negative,2,134483,DG-082d60591008,train,expert_fit
VTM-001877,raw_negative/gangue_negative/calcite/calcite_mindat_p142432_page9_044_raw.jpg,calcite,gangue_negative,2,142432,DG-6e433790b79a,train,expert_fit
VTM-001878,raw_negative/gangue_negative/calcite/calcite_mindat_p142630_page8_017_raw.jpg,calcite,gangue_negative,2,142630,DG-8d19eac451bc,train,expert_fit
VTM-001889,raw_negative/gangue_negative/calcite/calcite_mindat_p1452504_page2_008_raw.jpg,calcite,gangue_negative,2,1452504,DG-3e55fcbac659,train,expert_fit
VTM-001890,raw_negative/gangue_negative/calcite/calcite_mindat_p1457496_page6_067_raw.jpg,calcite,gangue_negative,2,1457496,DG-e7739cc50cbd,train,expert_fit
VTM-001891,raw_negative/gangue_negative/calcite/calcite_mindat_p1457499_page6_071_raw.jpg,calcite,gangue_negative,2,1457499,DG-a35ac479557c,val,expert_stop
VTM-001892,raw_negative/gangue_negative/calcite/calcite_mindat_p1457502_page6_072_raw.jpg,calcite,gangue_negative,2,1457502,DG-6d64aa466eec,train,expert_fit
VTM-001893,raw_negative/gangue_negative/calcite/calcite_mindat_p1457505_page6_070_raw.jpg,calcite,gangue_negative,2,1457505,DG-62fa650154a4,train,expert_fit
VTM-001895,raw_negative/gangue_negative/calcite/calcite_mindat_p147821_page9_052_raw.jpg,calcite,gangue_negative,2,147821,DG-9858479a52dd,train,expert_fit
VTM-001896,raw_negative/gangue_negative/calcite/calcite_mindat_p149068_page8_047_raw.jpg,calcite,gangue_negative,2,149068,DG-d693f4254662,train,expert_fit
VTM-001897,raw_negative/gangue_negative/calcite/calcite_mindat_p150798_page9_001_raw.jpg,calcite,gangue_negative,2,150798,DG-cae4c10c6d2e,val,expert_stop
VTM-001899,raw_negative/gangue_negative/calcite/calcite_mindat_p152988_page9_035_raw.jpg,calcite,gangue_negative,2,152988,DG-ca8046e7c9e9,train,expert_fit
VTM-001900,raw_negative/gangue_negative/calcite/calcite_mindat_p154970_page8_048_raw.jpg,calcite,gangue_negative,2,154970,DG-b5bca816ebc6,train,expert_fit
VTM-001901,raw_negative/gangue_negative/calcite/calcite_mindat_p155603_page9_065_raw.jpg,calcite,gangue_negative,2,155603,DG-4a6bfaa38669,train,expert_fit
VTM-001902,raw_negative/gangue_negative/calcite/calcite_mindat_p155775_page9_066_raw.jpg,calcite,gangue_negative,2,155775,DG-6ed8b183b368,train,expert_fit
VTM-001903,raw_negative/gangue_negative/calcite/calcite_mindat_p155776_page9_032_raw.jpg,calcite,gangue_negative,2,155776,DG-b18b7a8c6075,train,expert_fit
VTM-001904,raw_negative/gangue_negative/calcite/calcite_mindat_p156632_page9_047_raw.jpg,calcite,gangue_negative,2,156632,DG-79624400fc84,train,expert_fit
VTM-001905,raw_negative/gangue_negative/calcite/calcite_mindat_p156720_page9_038_raw.jpg,calcite,gangue_negative,2,156720,DG-3f2eab309b73,train,expert_fit
VTM-001906,raw_negative/gangue_negative/calcite/calcite_mindat_p157047_page9_057_raw.jpg,calcite,gangue_negative,2,157047,DG-328464a820cf,train,expert_fit
VTM-001908,raw_negative/gangue_negative/calcite/calcite_mindat_p1575479_page9_002_raw.jpg,calcite,gangue_negative,2,1575479,DG-c402f65cd9d2,train,expert_fit
VTM-001909,raw_negative/gangue_negative/calcite/calcite_mindat_p157915_page9_020_raw.jpg,calcite,gangue_negative,2,157915,DG-1a7b849d8231,val,expert_stop
VTM-001911,raw_negative/gangue_negative/calcite/calcite_mindat_p1595339_page6_069_raw.jpg,calcite,gangue_negative,2,1595339,DG-4992f8434a77,val,expert_stop
VTM-001913,raw_negative/gangue_negative/calcite/calcite_mindat_p1597424_page6_074_raw.jpg,calcite,gangue_negative,2,1597424,DG-3707ecbb95e5,val,expert_stop
VTM-001914,raw_negative/gangue_negative/calcite/calcite_mindat_p1597427_page6_075_raw.jpg,calcite,gangue_negative,2,1597427,DG-7f08ec4eb407,train,expert_fit
VTM-001915,raw_negative/gangue_negative/calcite/calcite_mindat_p159976_page8_027_raw.jpg,calcite,gangue_negative,2,159976,DG-06cd442d5c0c,train,expert_fit
VTM-001916,raw_negative/gangue_negative/calcite/calcite_mindat_p160283_page9_063_raw.jpg,calcite,gangue_negative,2,160283,DG-86a6e0d73d54,train,expert_fit
VTM-001919,raw_negative/gangue_negative/calcite/calcite_mindat_p166193_page1_013_raw.jpg,calcite,gangue_negative,2,166193,DG-558f3fc1c774,train,expert_fit
VTM-001920,raw_negative/gangue_negative/calcite/calcite_mindat_p1675817_page2_013_raw.jpg,calcite,gangue_negative,2,1675817,DG-c70c5779a71a,val,expert_stop
VTM-001921,raw_negative/gangue_negative/calcite/calcite_mindat_p168644_page1_057_raw.jpg,calcite,gangue_negative,2,168644,DG-71f7e49f8b59,train,expert_fit
VTM-001925,raw_negative/gangue_negative/calcite/calcite_mindat_p1706567_page3_007_raw.jpg,calcite,gangue_negative,2,1706567,DG-617cdf38dd9a,train,expert_fit
VTM-001935,raw_negative/gangue_negative/calcite/calcite_mindat_p187283_page9_028_raw.jpg,calcite,gangue_negative,2,187283,DG-0741a0495184,train,expert_fit
VTM-001936,raw_negative/gangue_negative/calcite/calcite_mindat_p187356_page9_049_raw.jpg,calcite,gangue_negative,2,187356,DG-eeae9d39a9dc,train,expert_fit
VTM-001937,raw_negative/gangue_negative/calcite/calcite_mindat_p189602_page1_004_raw.jpg,calcite,gangue_negative,2,189602,DG-b32e540931b7,train,expert_fit
VTM-001938,raw_negative/gangue_negative/calcite/calcite_mindat_p193605_page8_070_raw.jpg,calcite,gangue_negative,2,193605,DG-b3d7bf80d2a2,val,expert_stop
VTM-001939,raw_negative/gangue_negative/calcite/calcite_mindat_p205988_page1_069_raw.jpg,calcite,gangue_negative,2,205988,DG-208e0026de52,train,expert_fit
VTM-001941,raw_negative/gangue_negative/calcite/calcite_mindat_p210189_page9_019_raw.jpg,calcite,gangue_negative,2,210189,DG-4f0b00e58bde,train,expert_fit
VTM-001944,raw_negative/gangue_negative/calcite/calcite_mindat_p232309_page9_041_raw.jpg,calcite,gangue_negative,2,232309,DG-18972f69b9bb,train,expert_fit
VTM-001945,raw_negative/gangue_negative/calcite/calcite_mindat_p243954_page9_071_raw.jpg,calcite,gangue_negative,2,243954,DG-f1862c7db275,train,expert_fit
VTM-001946,raw_negative/gangue_negative/calcite/calcite_mindat_p252755_page8_020_raw.jpg,calcite,gangue_negative,2,252755,DG-eda8ba2e978a,val,expert_stop
VTM-001947,raw_negative/gangue_negative/calcite/calcite_mindat_p262838_page7_003_raw.jpg,calcite,gangue_negative,2,262838,DG-bd6fad8b3ec3,train,expert_fit
VTM-001949,raw_negative/gangue_negative/calcite/calcite_mindat_p269608_page9_029_raw.jpg,calcite,gangue_negative,2,269608,DG-407a74f71db2,train,expert_fit
VTM-001950,raw_negative/gangue_negative/calcite/calcite_mindat_p275192_page4_003_raw.jpg,calcite,gangue_negative,2,275192,DG-5184be6e3f43,train,expert_fit
VTM-001951,raw_negative/gangue_negative/calcite/calcite_mindat_p278689_page9_069_raw.jpg,calcite,gangue_negative,2,278689,DG-51ad9099a53f,train,expert_fit
VTM-001953,raw_negative/gangue_negative/calcite/calcite_mindat_p312376_page9_034_raw.jpg,calcite,gangue_negative,2,312376,DG-b3d73e512381,train,expert_fit
VTM-001954,raw_negative/gangue_negative/calcite/calcite_mindat_p336207_page9_053_raw.jpg,calcite,gangue_negative,2,336207,DG-30341d03a931,train,expert_fit
VTM-001955,raw_negative/gangue_negative/calcite/calcite_mindat_p350583_page1_002_raw.jpg,calcite,gangue_negative,2,350583,DG-3376dde08b37,train,expert_fit
VTM-001956,raw_negative/gangue_negative/calcite/calcite_mindat_p355245_page7_005_raw.jpg,calcite,gangue_negative,2,355245,DG-cac2e6eb0f46,train,expert_fit
VTM-001958,raw_negative/gangue_negative/calcite/calcite_mindat_p385844_page7_002_raw.jpg,calcite,gangue_negative,2,385844,DG-38c7067d021b,train,expert_fit
VTM-001959,raw_negative/gangue_negative/calcite/calcite_mindat_p387405_page7_006_raw.jpg,calcite,gangue_negative,2,387405,DG-7b3cde349dd2,val,expert_stop
VTM-001962,raw_negative/gangue_negative/calcite/calcite_mindat_p398365_page1_058_raw.jpg,calcite,gangue_negative,2,398365,DG-cae5140d5d04,train,expert_fit
VTM-001963,raw_negative/gangue_negative/calcite/calcite_mindat_p398381_page1_008_raw.jpg,calcite,gangue_negative,2,398381,DG-b51f8446301b,train,expert_fit
VTM-001966,raw_negative/gangue_negative/calcite/calcite_mindat_p427735_page9_064_raw.jpg,calcite,gangue_negative,2,427735,DG-dd004fef834a,train,expert_fit
VTM-001967,raw_negative/gangue_negative/calcite/calcite_mindat_p437832_page8_007_raw.jpg,calcite,gangue_negative,2,437832,DG-91b97aea3daf,train,expert_fit
VTM-001968,raw_negative/gangue_negative/calcite/calcite_mindat_p454592_page9_031_raw.jpg,calcite,gangue_negative,2,454592,DG-dd5d129ba4f9,train,expert_fit
VTM-001969,raw_negative/gangue_negative/calcite/calcite_mindat_p454653_page9_026_raw.jpg,calcite,gangue_negative,2,454653,DG-3996bf01109f,val,expert_stop
VTM-001970,raw_negative/gangue_negative/calcite/calcite_mindat_p460213_page9_043_raw.jpg,calcite,gangue_negative,2,460213,DG-9832d0d63a24,train,expert_fit
VTM-001971,raw_negative/gangue_negative/calcite/calcite_mindat_p467689_page6_020_raw.jpg,calcite,gangue_negative,2,467689,DG-e8b349f69d0f,train,expert_fit
VTM-001972,raw_negative/gangue_negative/calcite/calcite_mindat_p468739_page9_075_raw.jpg,calcite,gangue_negative,2,468739,DG-87f47806a6ee,val,expert_stop
VTM-001975,raw_negative/gangue_negative/calcite/calcite_mindat_p472844_page6_041_raw.jpg,calcite,gangue_negative,2,472844,DG-ee19746cff09,train,expert_fit
VTM-001977,raw_negative/gangue_negative/calcite/calcite_mindat_p474855_page6_030_raw.jpg,calcite,gangue_negative,2,474855,DG-54d52050d318,train,expert_fit
VTM-001983,raw_negative/gangue_negative/calcite/calcite_mindat_p486976_page6_038_raw.jpg,calcite,gangue_negative,2,486976,DG-dada7ee7c7b7,val,expert_stop
VTM-001984,raw_negative/gangue_negative/calcite/calcite_mindat_p486978_page6_035_raw.jpg,calcite,gangue_negative,2,486978,DG-89652f612d09,train,expert_fit
VTM-001987,raw_negative/gangue_negative/calcite/calcite_mindat_p489453_page6_034_raw.jpg,calcite,gangue_negative,2,489453,DG-2bd03ef1f80d,val,expert_stop
VTM-001988,raw_negative/gangue_negative/calcite/calcite_mindat_p489454_page6_036_raw.jpg,calcite,gangue_negative,2,489454,DG-ae3bb3a73540,train,expert_fit
VTM-001989,raw_negative/gangue_negative/calcite/calcite_mindat_p491041_page6_033_raw.jpg,calcite,gangue_negative,2,491041,DG-8d551872427d,train,expert_fit
VTM-001991,raw_negative/gangue_negative/calcite/calcite_mindat_p491046_page6_039_raw.jpg,calcite,gangue_negative,2,491046,DG-898fe2810e90,train,expert_fit
VTM-001994,raw_negative/gangue_negative/calcite/calcite_mindat_p507950_page8_042_raw.jpg,calcite,gangue_negative,2,507950,DG-ddb1c58d72c6,train,expert_fit
VTM-001995,raw_negative/gangue_negative/calcite/calcite_mindat_p508377_page9_067_raw.jpg,calcite,gangue_negative,2,508377,DG-a819eca5f78b,train,expert_fit
VTM-001996,raw_negative/gangue_negative/calcite/calcite_mindat_p508378_page9_072_raw.jpg,calcite,gangue_negative,2,508378,DG-3cab4b23e7e2,train,expert_fit
VTM-001997,raw_negative/gangue_negative/calcite/calcite_mindat_p508419_page9_008_raw.jpg,calcite,gangue_negative,2,508419,DG-9e06bcbc3761,val,expert_stop
VTM-001998,raw_negative/gangue_negative/calcite/calcite_mindat_p508420_page9_070_raw.jpg,calcite,gangue_negative,2,508420,DG-2c0e69601f5e,train,expert_fit
VTM-002000,raw_negative/gangue_negative/calcite/calcite_mindat_p520131_page9_051_raw.jpg,calcite,gangue_negative,2,520131,DG-ad41f6cfd8c0,train,expert_fit
VTM-002001,raw_negative/gangue_negative/calcite/calcite_mindat_p521694_page9_024_raw.jpg,calcite,gangue_negative,2,521694,DG-87e6b895d9f2,train,expert_fit
VTM-002004,raw_negative/gangue_negative/calcite/calcite_mindat_p533057_page6_061_raw.jpg,calcite,gangue_negative,2,533057,DG-fc86d1207a8c,val,expert_stop
VTM-002005,raw_negative/gangue_negative/calcite/calcite_mindat_p533060_page6_050_raw.jpg,calcite,gangue_negative,2,533060,DG-3adb5fd6b8db,train,expert_fit
VTM-002007,raw_negative/gangue_negative/calcite/calcite_mindat_p533062_page6_062_raw.jpg,calcite,gangue_negative,2,533062,DG-6be2781f2133,train,expert_fit
VTM-002008,raw_negative/gangue_negative/calcite/calcite_mindat_p533064_page6_063_raw.jpg,calcite,gangue_negative,2,533064,DG-d4a1091cab58,train,expert_fit
VTM-002009,raw_negative/gangue_negative/calcite/calcite_mindat_p533065_page6_058_raw.jpg,calcite,gangue_negative,2,533065,DG-c0c494ce0a83,train,expert_fit
VTM-002010,raw_negative/gangue_negative/calcite/calcite_mindat_p534506_page6_065_raw.jpg,calcite,gangue_negative,2,534506,DG-3738ebb23911,val,expert_stop
VTM-002012,raw_negative/gangue_negative/calcite/calcite_mindat_p583787_page7_007_raw.jpg,calcite,gangue_negative,2,583787,DG-74b63d2735cc,train,expert_fit
VTM-002013,raw_negative/gangue_negative/calcite/calcite_mindat_p592345_page1_014_raw.jpg,calcite,gangue_negative,2,592345,DG-e759b87cec15,train,expert_fit
VTM-002016,raw_negative/gangue_negative/calcite/calcite_mindat_p609446_page6_031_raw.jpg,calcite,gangue_negative,2,609446,DG-e57e9fee57f3,train,expert_fit
VTM-002018,raw_negative/gangue_negative/calcite/calcite_mindat_p644809_page6_064_raw.jpg,calcite,gangue_negative,2,644809,DG-c2299ae73b20,val,expert_stop
VTM-002019,raw_negative/gangue_negative/calcite/calcite_mindat_p644810_page6_057_raw.jpg,calcite,gangue_negative,2,644810,DG-3271d47128c6,train,expert_fit
VTM-002020,raw_negative/gangue_negative/calcite/calcite_mindat_p644811_page6_059_raw.jpg,calcite,gangue_negative,2,644811,DG-834b079e218f,train,expert_fit
VTM-002021,raw_negative/gangue_negative/calcite/calcite_mindat_p644817_page6_048_raw.jpg,calcite,gangue_negative,2,644817,DG-b2e3f2dd4fbe,train,expert_fit
VTM-002022,raw_negative/gangue_negative/calcite/calcite_mindat_p654974_page6_029_raw.jpg,calcite,gangue_negative,2,654974,DG-0c7ea8890f2c,train,expert_fit
VTM-002024,raw_negative/gangue_negative/calcite/calcite_mindat_p654977_page6_047_raw.jpg,calcite,gangue_negative,2,654977,DG-f27e59284db3,val,expert_stop
VTM-002025,raw_negative/gangue_negative/calcite/calcite_mindat_p654988_page6_043_raw.jpg,calcite,gangue_negative,2,654988,DG-bf2ebb1198da,train,expert_fit
VTM-002027,raw_negative/gangue_negative/calcite/calcite_mindat_p655422_page6_045_raw.jpg,calcite,gangue_negative,2,655422,DG-379514379dde,train,expert_fit
VTM-002028,raw_negative/gangue_negative/calcite/calcite_mindat_p655423_page6_054_raw.jpg,calcite,gangue_negative,2,655423,DG-946770892149,train,expert_fit
VTM-002029,raw_negative/gangue_negative/calcite/calcite_mindat_p655493_page6_066_raw.jpg,calcite,gangue_negative,2,655493,DG-6c0c92ceb5e6,train,expert_fit
VTM-002031,raw_negative/gangue_negative/calcite/calcite_mindat_p664291_page9_003_raw.jpg,calcite,gangue_negative,2,664291,DG-c0fd9b4ad1f3,train,expert_fit
VTM-002032,raw_negative/gangue_negative/calcite/calcite_mindat_p665656_page9_009_raw.jpg,calcite,gangue_negative,2,665656,DG-fbd9427b3bd6,train,expert_fit
VTM-002033,raw_negative/gangue_negative/calcite/calcite_mindat_p666983_page9_004_raw.jpg,calcite,gangue_negative,2,666983,DG-fb8b73e9eed1,train,expert_fit
VTM-002036,raw_negative/gangue_negative/calcite/calcite_mindat_p752672_page8_002_raw.jpg,calcite,gangue_negative,2,752672,DG-d05b7db8a03a,val,expert_stop
VTM-002038,raw_negative/gangue_negative/calcite/calcite_mindat_p791006_page9_033_raw.jpg,calcite,gangue_negative,2,791006,DG-e22c7a8ad53f,train,expert_fit
VTM-002040,raw_negative/gangue_negative/calcite/calcite_mindat_p806155_page3_004_raw.jpg,calcite,gangue_negative,2,806155,DG-e69c3cb2f2a9,train,expert_fit
VTM-002042,raw_negative/gangue_negative/calcite/calcite_mindat_p814963_page9_006_raw.jpg,calcite,gangue_negative,2,814963,DG-6b0f78e524ac,train,expert_fit
VTM-002044,raw_negative/gangue_negative/calcite/calcite_mindat_p938425_page7_008_raw.jpg,calcite,gangue_negative,2,938425,DG-6975427a2b00,train,expert_fit
VTM-002047,raw_negative/gangue_negative/feldspar/feldspar_mindat_p018620_page5_031_raw.jpg,feldspar,gangue_negative,2,18620,DG-a5a67670b9c2,train,expert_fit
VTM-002049,raw_negative/gangue_negative/feldspar/feldspar_mindat_p018717_page5_006_raw.jpg,feldspar,gangue_negative,2,18717,DG-cfcc87ff9ae6,train,expert_fit
VTM-002050,raw_negative/gangue_negative/feldspar/feldspar_mindat_p020850_page6_015_raw.jpg,feldspar,gangue_negative,2,20850,DG-b3c27b551590,train,expert_fit
VTM-002051,raw_negative/gangue_negative/feldspar/feldspar_mindat_p023744_page6_024_raw.jpg,feldspar,gangue_negative,2,23744,DG-18f7eb45bc18,train,expert_fit
VTM-002053,raw_negative/gangue_negative/feldspar/feldspar_mindat_p029142_page5_026_raw.jpg,feldspar,gangue_negative,2,29142,DG-fd56db2790f4,train,expert_fit
VTM-002056,raw_negative/gangue_negative/feldspar/feldspar_mindat_p033066_page5_021_raw.jpg,feldspar,gangue_negative,2,33066,DG-f9c76eb1affa,train,expert_fit
VTM-002057,raw_negative/gangue_negative/feldspar/feldspar_mindat_p033102_page1_011_raw.jpg,feldspar,gangue_negative,2,33102,DG-69efed462ca5,train,expert_fit
VTM-002058,raw_negative/gangue_negative/feldspar/feldspar_mindat_p036971_page1_016_raw.jpg,feldspar,gangue_negative,2,36971,DG-92f5f13947b3,train,expert_fit
VTM-002059,raw_negative/gangue_negative/feldspar/feldspar_mindat_p038975_page1_004_raw.jpg,feldspar,gangue_negative,2,38975,DG-7a4ef2336533,val,expert_stop
VTM-002063,raw_negative/gangue_negative/feldspar/feldspar_mindat_p041039_page1_043_raw.jpg,feldspar,gangue_negative,2,41039,DG-703e09832e66,train,expert_fit
VTM-002065,raw_negative/gangue_negative/feldspar/feldspar_mindat_p041605_page5_029_raw.jpg,feldspar,gangue_negative,2,41605,DG-da3cfad91132,train,expert_fit
VTM-002066,raw_negative/gangue_negative/feldspar/feldspar_mindat_p044212_page1_023_raw.jpg,feldspar,gangue_negative,2,44212,DG-1a29328ea087,train,expert_fit
VTM-002067,raw_negative/gangue_negative/feldspar/feldspar_mindat_p045068_page1_035_raw.jpg,feldspar,gangue_negative,2,45068,DG-c518f5543b12,train,expert_fit
VTM-002068,raw_negative/gangue_negative/feldspar/feldspar_mindat_p045069_page1_041_raw.jpg,feldspar,gangue_negative,2,45069,DG-a935bf04c969,train,expert_fit
VTM-002070,raw_negative/gangue_negative/feldspar/feldspar_mindat_p047554_page1_036_raw.jpg,feldspar,gangue_negative,2,47554,DG-4d2397e45b8d,val,expert_stop
VTM-002072,raw_negative/gangue_negative/feldspar/feldspar_mindat_p048658_page1_032_raw.jpg,feldspar,gangue_negative,2,48658,DG-527cdfca6bd0,train,expert_fit
VTM-002074,raw_negative/gangue_negative/feldspar/feldspar_mindat_p052804_page1_028_raw.jpg,feldspar,gangue_negative,2,52804,DG-8d1bab30b0b2,val,expert_stop
VTM-002077,raw_negative/gangue_negative/feldspar/feldspar_mindat_p061794_page1_034_raw.jpg,feldspar,gangue_negative,2,61794,DG-7b65be4b9679,val,expert_stop
VTM-002078,raw_negative/gangue_negative/feldspar/feldspar_mindat_p061795_page1_009_raw.jpg,feldspar,gangue_negative,2,61795,DG-2e9f8b729e25,train,expert_fit
VTM-002079,raw_negative/gangue_negative/feldspar/feldspar_mindat_p063866_page4_006_raw.jpg,feldspar,gangue_negative,2,63866,DG-2c4553d781e1,train,expert_fit
VTM-002082,raw_negative/gangue_negative/feldspar/feldspar_mindat_p065392_page5_005_raw.jpg,feldspar,gangue_negative,2,65392,DG-d0959830fc3d,train,expert_fit
VTM-002084,raw_negative/gangue_negative/feldspar/feldspar_mindat_p065401_page5_011_raw.jpg,feldspar,gangue_negative,2,65401,DG-b23707fdada7,train,expert_fit
VTM-002085,raw_negative/gangue_negative/feldspar/feldspar_mindat_p065403_page5_043_raw.jpg,feldspar,gangue_negative,2,65403,DG-93dd367747d7,val,expert_stop
VTM-002086,raw_negative/gangue_negative/feldspar/feldspar_mindat_p065404_page5_004_raw.jpg,feldspar,gangue_negative,2,65404,DG-a8a66cab92d9,train,expert_fit
VTM-002091,raw_negative/gangue_negative/feldspar/feldspar_mindat_p083863_page1_030_raw.jpg,feldspar,gangue_negative,2,83863,DG-cfb5f2037272,train,expert_fit
VTM-002092,raw_negative/gangue_negative/feldspar/feldspar_mindat_p088319_page6_027_raw.jpg,feldspar,gangue_negative,2,88319,DG-29e618915675,train,expert_fit
VTM-002093,raw_negative/gangue_negative/feldspar/feldspar_mindat_p089666_page6_029_raw.jpg,feldspar,gangue_negative,2,89666,DG-41defb57d166,val,expert_stop
VTM-002095,raw_negative/gangue_negative/feldspar/feldspar_mindat_p1002442_page6_012_raw.jpg,feldspar,gangue_negative,2,1002442,DG-eba38ff4d979,train,expert_fit
VTM-002096,raw_negative/gangue_negative/feldspar/feldspar_mindat_p1011151_page1_003_raw.jpg,feldspar,gangue_negative,2,1011151,DG-47a3decdba46,train,expert_fit
VTM-002098,raw_negative/gangue_negative/feldspar/feldspar_mindat_p1038138_page4_030_raw.jpg,feldspar,gangue_negative,2,1038138,DG-5f080264a9e9,train,expert_fit
VTM-002099,raw_negative/gangue_negative/feldspar/feldspar_mindat_p1060593_page4_022_raw.jpg,feldspar,gangue_negative,2,1060593,DG-ca4676ee122b,val,expert_stop
VTM-002101,raw_negative/gangue_negative/feldspar/feldspar_mindat_p1117573_page6_011_raw.jpg,feldspar,gangue_negative,2,1117573,DG-090ddd4bbf2c,train,expert_fit
VTM-002102,raw_negative/gangue_negative/feldspar/feldspar_mindat_p1118110_page4_024_raw.jpg,feldspar,gangue_negative,2,1118110,DG-a59d4b03bde4,train,expert_fit
VTM-002103,raw_negative/gangue_negative/feldspar/feldspar_mindat_p1127770_page3_052_raw.jpg,feldspar,gangue_negative,2,1127770,DG-074c071753a6,train,expert_fit
VTM-002105,raw_negative/gangue_negative/feldspar/feldspar_mindat_p114098_page5_025_raw.jpg,feldspar,gangue_negative,2,114098,DG-51d39850f9eb,train,expert_fit
VTM-002106,raw_negative/gangue_negative/feldspar/feldspar_mindat_p116150_page5_017_raw.jpg,feldspar,gangue_negative,2,116150,DG-77e04d086838,train,expert_fit
VTM-002107,raw_negative/gangue_negative/feldspar/feldspar_mindat_p116155_page5_007_raw.jpg,feldspar,gangue_negative,2,116155,DG-ac7a6b0963f8,train,expert_fit
VTM-002110,raw_negative/gangue_negative/feldspar/feldspar_mindat_p1187103_page4_026_raw.jpg,feldspar,gangue_negative,2,1187103,DG-990227084f9a,train,expert_fit
VTM-002111,raw_negative/gangue_negative/feldspar/feldspar_mindat_p1188472_page4_025_raw.jpg,feldspar,gangue_negative,2,1188472,DG-c547e96f8a5e,train,expert_fit
VTM-002112,raw_negative/gangue_negative/feldspar/feldspar_mindat_p119460_page4_003_raw.jpg,feldspar,gangue_negative,2,119460,DG-3234543a8023,train,expert_fit
VTM-002113,raw_negative/gangue_negative/feldspar/feldspar_mindat_p1203821_page3_049_raw.jpg,feldspar,gangue_negative,2,1203821,DG-065892749628,train,expert_fit
VTM-002116,raw_negative/gangue_negative/feldspar/feldspar_mindat_p122919_page3_021_raw.jpg,feldspar,gangue_negative,2,122919,DG-d7bb03bef65f,train,expert_fit
VTM-002117,raw_negative/gangue_negative/feldspar/feldspar_mindat_p1254889_page3_054_raw.jpg,feldspar,gangue_negative,2,1254889,DG-20e63845d1c5,train,expert_fit
VTM-002119,raw_negative/gangue_negative/feldspar/feldspar_mindat_p1260031_page6_003_raw.jpg,feldspar,gangue_negative,2,1260031,DG-f6cfc775e0f7,val,expert_stop
VTM-002122,raw_negative/gangue_negative/feldspar/feldspar_mindat_p1364073_page3_060_raw.jpg,feldspar,gangue_negative,2,1364073,DG-e3fd0082ebbc,val,expert_stop
VTM-002125,raw_negative/gangue_negative/feldspar/feldspar_mindat_p1390818_page6_004_raw.jpg,feldspar,gangue_negative,2,1390818,DG-38ecb3b17658,val,expert_stop
VTM-002127,raw_negative/gangue_negative/feldspar/feldspar_mindat_p141259_page5_009_raw.jpg,feldspar,gangue_negative,2,141259,DG-d9d6e684a78e,train,expert_fit
VTM-002134,raw_negative/gangue_negative/feldspar/feldspar_mindat_p143856_page1_008_raw.jpg,feldspar,gangue_negative,2,143856,DG-c952eb56f637,train,expert_fit
VTM-002135,raw_negative/gangue_negative/feldspar/feldspar_mindat_p1489836_page4_023_raw.jpg,feldspar,gangue_negative,2,1489836,DG-d4bf152bc099,train,expert_fit
VTM-002136,raw_negative/gangue_negative/feldspar/feldspar_mindat_p1489845_page4_033_raw.jpg,feldspar,gangue_negative,2,1489845,DG-69558725141a,train,expert_fit
VTM-002137,raw_negative/gangue_negative/feldspar/feldspar_mindat_p1492817_page3_001_raw.jpg,feldspar,gangue_negative,2,1492817,DG-d17fb3fe6588,train,expert_fit
VTM-002138,raw_negative/gangue_negative/feldspar/feldspar_mindat_p1492820_page3_018_raw.jpg,feldspar,gangue_negative,2,1492820,DG-d10ab92f8c49,train,expert_fit
VTM-002144,raw_negative/gangue_negative/feldspar/feldspar_mindat_p1492838_page3_007_raw.jpg,feldspar,gangue_negative,2,1492838,DG-d6dd4352276f,train,expert_fit
VTM-002146,raw_negative/gangue_negative/feldspar/feldspar_mindat_p1492844_page3_017_raw.jpg,feldspar,gangue_negative,2,1492844,DG-b61f7916473e,val,expert_stop
VTM-002147,raw_negative/gangue_negative/feldspar/feldspar_mindat_p1492847_page3_004_raw.jpg,feldspar,gangue_negative,2,1492847,DG-7f2ad78c41ae,train,expert_fit
VTM-002148,raw_negative/gangue_negative/feldspar/feldspar_mindat_p1492850_page3_008_raw.jpg,feldspar,gangue_negative,2,1492850,DG-8c8100639791,val,expert_stop
VTM-002152,raw_negative/gangue_negative/feldspar/feldspar_mindat_p1492862_page3_009_raw.jpg,feldspar,gangue_negative,2,1492862,DG-55b27010f7b1,train,expert_fit
VTM-002153,raw_negative/gangue_negative/feldspar/feldspar_mindat_p1492865_page3_006_raw.jpg,feldspar,gangue_negative,2,1492865,DG-67800f19fd6d,train,expert_fit
VTM-002155,raw_negative/gangue_negative/feldspar/feldspar_mindat_p1492871_page3_016_raw.jpg,feldspar,gangue_negative,2,1492871,DG-c631bbaa6bfa,train,expert_fit
VTM-002156,raw_negative/gangue_negative/feldspar/feldspar_mindat_p150040_page5_016_raw.jpg,feldspar,gangue_negative,2,150040,DG-7a1ad7931b41,train,expert_fit
VTM-002158,raw_negative/gangue_negative/feldspar/feldspar_mindat_p1549748_page2_006_raw.jpg,feldspar,gangue_negative,2,1549748,DG-9eb87ca31495,train,expert_fit
VTM-002160,raw_negative/gangue_negative/feldspar/feldspar_mindat_p1614736_page6_006_raw.jpg,feldspar,gangue_negative,2,1614736,DG-c721d9903034,val,expert_stop
VTM-002161,raw_negative/gangue_negative/feldspar/feldspar_mindat_p161833_page1_007_raw.jpg,feldspar,gangue_negative,2,161833,DG-317a262e2e4e,train,expert_fit
VTM-002162,raw_negative/gangue_negative/feldspar/feldspar_mindat_p1635099_page3_061_raw.jpg,feldspar,gangue_negative,2,1635099,DG-58e9a9e63982,val,expert_stop
VTM-002164,raw_negative/gangue_negative/feldspar/feldspar_mindat_p1680024_page1_005_raw.jpg,feldspar,gangue_negative,2,1680024,DG-ad735c7f337e,train,expert_fit
VTM-002165,raw_negative/gangue_negative/feldspar/feldspar_mindat_p170604_page6_017_raw.jpg,feldspar,gangue_negative,2,170604,DG-7131f40426fd,train,expert_fit
VTM-002168,raw_negative/gangue_negative/feldspar/feldspar_mindat_p1721316_page4_034_raw.jpg,feldspar,gangue_negative,2,1721316,DG-2e5c91a57bab,train,expert_fit
VTM-002169,raw_negative/gangue_negative/feldspar/feldspar_mindat_p174099_page1_044_raw.jpg,feldspar,gangue_negative,2,174099,DG-f258f8619fff,train,expert_fit
VTM-002170,raw_negative/gangue_negative/feldspar/feldspar_mindat_p179619_page5_058_raw.jpg,feldspar,gangue_negative,2,179619,DG-8735f3b5117b,val,expert_stop
VTM-002174,raw_negative/gangue_negative/feldspar/feldspar_mindat_p188004_page6_019_raw.jpg,feldspar,gangue_negative,2,188004,DG-39980dca072f,train,expert_fit
VTM-002176,raw_negative/gangue_negative/feldspar/feldspar_mindat_p197132_page1_027_raw.jpg,feldspar,gangue_negative,2,197132,DG-6e31a3638f5b,train,expert_fit
VTM-002178,raw_negative/gangue_negative/feldspar/feldspar_mindat_p201883_page5_070_raw.jpg,feldspar,gangue_negative,2,201883,DG-db3b3795090a,train,expert_fit
VTM-002181,raw_negative/gangue_negative/feldspar/feldspar_mindat_p202845_page1_031_raw.jpg,feldspar,gangue_negative,2,202845,DG-d7019067d0cc,train,expert_fit
VTM-002182,raw_negative/gangue_negative/feldspar/feldspar_mindat_p202847_page1_039_raw.jpg,feldspar,gangue_negative,2,202847,DG-b8ef0ff6473f,train,expert_fit
VTM-002183,raw_negative/gangue_negative/feldspar/feldspar_mindat_p205097_page5_014_raw.jpg,feldspar,gangue_negative,2,205097,DG-2c21f60b687f,train,expert_fit
VTM-002184,raw_negative/gangue_negative/feldspar/feldspar_mindat_p207257_page5_054_raw.jpg,feldspar,gangue_negative,2,207257,DG-41d3557f934b,train,expert_fit
VTM-002186,raw_negative/gangue_negative/feldspar/feldspar_mindat_p207891_page6_033_raw.jpg,feldspar,gangue_negative,2,207891,DG-5b6c384e8c53,train,expert_fit
VTM-002187,raw_negative/gangue_negative/feldspar/feldspar_mindat_p208824_page1_013_raw.jpg,feldspar,gangue_negative,2,208824,DG-d31fa807352a,train,expert_fit
VTM-002189,raw_negative/gangue_negative/feldspar/feldspar_mindat_p212506_page6_066_raw.jpg,feldspar,gangue_negative,2,212506,DG-653d9c9014db,train,expert_fit
VTM-002190,raw_negative/gangue_negative/feldspar/feldspar_mindat_p213218_page5_051_raw.jpg,feldspar,gangue_negative,2,213218,DG-970982c8d5ca,train,expert_fit
VTM-002193,raw_negative/gangue_negative/feldspar/feldspar_mindat_p213503_page6_052_raw.jpg,feldspar,gangue_negative,2,213503,DG-c794c43abb0b,val,expert_stop
VTM-002194,raw_negative/gangue_negative/feldspar/feldspar_mindat_p215536_page1_047_raw.jpg,feldspar,gangue_negative,2,215536,DG-cc3b6ae01c51,train,expert_fit
VTM-002196,raw_negative/gangue_negative/feldspar/feldspar_mindat_p216549_page5_064_raw.jpg,feldspar,gangue_negative,2,216549,DG-d9f272320af0,train,expert_fit
VTM-002197,raw_negative/gangue_negative/feldspar/feldspar_mindat_p216971_page6_021_raw.jpg,feldspar,gangue_negative,2,216971,DG-3283712210b1,train,expert_fit
VTM-002198,raw_negative/gangue_negative/feldspar/feldspar_mindat_p219058_page4_007_raw.jpg,feldspar,gangue_negative,2,219058,DG-41c1fd800583,train,expert_fit
VTM-002199,raw_negative/gangue_negative/feldspar/feldspar_mindat_p221139_page5_049_raw.jpg,feldspar,gangue_negative,2,221139,DG-8fe7a31a8b8a,train,expert_fit
VTM-002200,raw_negative/gangue_negative/feldspar/feldspar_mindat_p221481_page6_030_raw.jpg,feldspar,gangue_negative,2,221481,DG-4d249ffaf8fc,train,expert_fit
VTM-002201,raw_negative/gangue_negative/feldspar/feldspar_mindat_p227542_page5_053_raw.jpg,feldspar,gangue_negative,2,227542,DG-69f32fd0a13b,train,expert_fit
VTM-002202,raw_negative/gangue_negative/feldspar/feldspar_mindat_p229101_page1_046_raw.jpg,feldspar,gangue_negative,2,229101,DG-c04e2225b9a5,train,expert_fit
VTM-002205,raw_negative/gangue_negative/feldspar/feldspar_mindat_p232538_page5_020_raw.jpg,feldspar,gangue_negative,2,232538,DG-024f820c5d42,train,expert_fit
VTM-002206,raw_negative/gangue_negative/feldspar/feldspar_mindat_p235775_page6_028_raw.jpg,feldspar,gangue_negative,2,235775,DG-014dcb6a9f62,train,expert_fit
VTM-002207,raw_negative/gangue_negative/feldspar/feldspar_mindat_p235776_page6_072_raw.jpg,feldspar,gangue_negative,2,235776,DG-7ba780e4f075,train,expert_fit
VTM-002208,raw_negative/gangue_negative/feldspar/feldspar_mindat_p235777_page6_064_raw.jpg,feldspar,gangue_negative,2,235777,DG-8a9eea001fb7,train,expert_fit
VTM-002209,raw_negative/gangue_negative/feldspar/feldspar_mindat_p236823_page6_046_raw.jpg,feldspar,gangue_negative,2,236823,DG-013a772a41b4,train,expert_fit
VTM-002211,raw_negative/gangue_negative/feldspar/feldspar_mindat_p252721_page1_033_raw.jpg,feldspar,gangue_negative,2,252721,DG-59bf77a1bee2,train,expert_fit
VTM-002212,raw_negative/gangue_negative/feldspar/feldspar_mindat_p255659_page4_014_raw.jpg,feldspar,gangue_negative,2,255659,DG-47fc26f33286,train,expert_fit
VTM-002213,raw_negative/gangue_negative/feldspar/feldspar_mindat_p255660_page4_015_raw.jpg,feldspar,gangue_negative,2,255660,DG-75999ba8fca6,train,expert_fit
VTM-002215,raw_negative/gangue_negative/feldspar/feldspar_mindat_p255663_page4_009_raw.jpg,feldspar,gangue_negative,2,255663,DG-7f5f37a85907,val,expert_stop
VTM-002216,raw_negative/gangue_negative/feldspar/feldspar_mindat_p255664_page4_012_raw.jpg,feldspar,gangue_negative,2,255664,DG-43da8351f430,val,expert_stop
VTM-002217,raw_negative/gangue_negative/feldspar/feldspar_mindat_p271664_page5_062_raw.jpg,feldspar,gangue_negative,2,271664,DG-7575d56e708e,train,expert_fit
VTM-002218,raw_negative/gangue_negative/feldspar/feldspar_mindat_p275896_page5_015_raw.jpg,feldspar,gangue_negative,2,275896,DG-2c3950bc4ff9,val,expert_stop
VTM-002220,raw_negative/gangue_negative/feldspar/feldspar_mindat_p282871_page5_068_raw.jpg,feldspar,gangue_negative,2,282871,DG-fc54eb00b4ca,train,expert_fit
VTM-002221,raw_negative/gangue_negative/feldspar/feldspar_mindat_p282916_page5_003_raw.jpg,feldspar,gangue_negative,2,282916,DG-2a6cfd65840f,train,expert_fit
VTM-002223,raw_negative/gangue_negative/feldspar/feldspar_mindat_p283085_page6_023_raw.jpg,feldspar,gangue_negative,2,283085,DG-bf150830f0c2,train,expert_fit
VTM-002224,raw_negative/gangue_negative/feldspar/feldspar_mindat_p283086_page6_040_raw.jpg,feldspar,gangue_negative,2,283086,DG-fc46afd88745,train,expert_fit
VTM-002226,raw_negative/gangue_negative/feldspar/feldspar_mindat_p285009_page5_074_raw.jpg,feldspar,gangue_negative,2,285009,DG-52f301fc41cb,train,expert_fit
VTM-002230,raw_negative/gangue_negative/feldspar/feldspar_mindat_p311300_page4_008_raw.jpg,feldspar,gangue_negative,2,311300,DG-640fabb985c0,train,expert_fit
VTM-002231,raw_negative/gangue_negative/feldspar/feldspar_mindat_p318025_page3_040_raw.jpg,feldspar,gangue_negative,2,318025,DG-ba4d9ceceece,train,expert_fit
VTM-002232,raw_negative/gangue_negative/feldspar/feldspar_mindat_p318029_page3_022_raw.jpg,feldspar,gangue_negative,2,318029,DG-16abb377dbd7,train,expert_fit
VTM-002233,raw_negative/gangue_negative/feldspar/feldspar_mindat_p318033_page3_020_raw.jpg,feldspar,gangue_negative,2,318033,DG-cc17d605eb84,train,expert_fit
VTM-002235,raw_negative/gangue_negative/feldspar/feldspar_mindat_p319879_page6_053_raw.jpg,feldspar,gangue_negative,2,319879,DG-f481aeeafce1,train,expert_fit
VTM-002239,raw_negative/gangue_negative/feldspar/feldspar_mindat_p328020_page6_032_raw.jpg,feldspar,gangue_negative,2,328020,DG-46c8aa472fb3,train,expert_fit
VTM-002240,raw_negative/gangue_negative/feldspar/feldspar_mindat_p329978_page4_016_raw.jpg,feldspar,gangue_negative,2,329978,DG-d34d770ebe13,train,expert_fit
VTM-002241,raw_negative/gangue_negative/feldspar/feldspar_mindat_p332150_page4_005_raw.jpg,feldspar,gangue_negative,2,332150,DG-bc19e24ff0e7,train,expert_fit
VTM-002242,raw_negative/gangue_negative/feldspar/feldspar_mindat_p332658_page2_001_raw.jpg,feldspar,gangue_negative,2,332658,DG-46eb074b82a5,train,expert_fit
VTM-002243,raw_negative/gangue_negative/feldspar/feldspar_mindat_p333547_page4_004_raw.jpg,feldspar,gangue_negative,2,333547,DG-6818c6de34f1,train,expert_fit
VTM-002244,raw_negative/gangue_negative/feldspar/feldspar_mindat_p337982_page6_048_raw.jpg,feldspar,gangue_negative,2,337982,DG-dd983ea4596e,val,expert_stop
VTM-002246,raw_negative/gangue_negative/feldspar/feldspar_mindat_p355110_page5_072_raw.jpg,feldspar,gangue_negative,2,355110,DG-1323ace755bf,train,expert_fit
VTM-002247,raw_negative/gangue_negative/feldspar/feldspar_mindat_p356707_page6_041_raw.jpg,feldspar,gangue_negative,2,356707,DG-42eab221d0cd,train,expert_fit
VTM-002249,raw_negative/gangue_negative/feldspar/feldspar_mindat_p366009_page4_011_raw.jpg,feldspar,gangue_negative,2,366009,DG-81a78418fcb4,train,expert_fit
VTM-002251,raw_negative/gangue_negative/feldspar/feldspar_mindat_p372554_page6_038_raw.jpg,feldspar,gangue_negative,2,372554,DG-eee866698909,train,expert_fit
VTM-002252,raw_negative/gangue_negative/feldspar/feldspar_mindat_p375559_page6_045_raw.jpg,feldspar,gangue_negative,2,375559,DG-7046cfa2b01c,train,expert_fit
VTM-002256,raw_negative/gangue_negative/feldspar/feldspar_mindat_p380284_page5_075_raw.jpg,feldspar,gangue_negative,2,380284,DG-546013cd7c9b,train,expert_fit
VTM-002257,raw_negative/gangue_negative/feldspar/feldspar_mindat_p380621_page3_026_raw.jpg,feldspar,gangue_negative,2,380621,DG-f048671a52b3,train,expert_fit
VTM-002259,raw_negative/gangue_negative/feldspar/feldspar_mindat_p392828_page6_049_raw.jpg,feldspar,gangue_negative,2,392828,DG-e4ff8cdf5b02,val,expert_stop
VTM-002264,raw_negative/gangue_negative/feldspar/feldspar_mindat_p473645_page5_047_raw.jpg,feldspar,gangue_negative,2,473645,DG-a509241f8ec8,train,expert_fit
VTM-002267,raw_negative/gangue_negative/feldspar/feldspar_mindat_p474093_page6_044_raw.jpg,feldspar,gangue_negative,2,474093,DG-b6b3dc6cb54a,val,expert_stop
VTM-002268,raw_negative/gangue_negative/feldspar/feldspar_mindat_p478030_page5_044_raw.jpg,feldspar,gangue_negative,2,478030,DG-dd1f06f7d431,train,expert_fit
VTM-002269,raw_negative/gangue_negative/feldspar/feldspar_mindat_p482833_page3_030_raw.jpg,feldspar,gangue_negative,2,482833,DG-1c17ceac47ca,train,expert_fit
VTM-002270,raw_negative/gangue_negative/feldspar/feldspar_mindat_p483138_page6_061_raw.jpg,feldspar,gangue_negative,2,483138,DG-20fd5166bb61,val,expert_stop
VTM-002271,raw_negative/gangue_negative/feldspar/feldspar_mindat_p483390_page6_058_raw.jpg,feldspar,gangue_negative,2,483390,DG-ffa5569ffcfd,train,expert_fit
VTM-002272,raw_negative/gangue_negative/feldspar/feldspar_mindat_p487959_page5_039_raw.jpg,feldspar,gangue_negative,2,487959,DG-8ee7a09610fa,val,expert_stop
VTM-002273,raw_negative/gangue_negative/feldspar/feldspar_mindat_p489403_page5_036_raw.jpg,feldspar,gangue_negative,2,489403,DG-088a8e179730,train,expert_fit
VTM-002275,raw_negative/gangue_negative/feldspar/feldspar_mindat_p489502_page3_035_raw.jpg,feldspar,gangue_negative,2,489502,DG-9db1cdeffbcd,train,expert_fit
VTM-002276,raw_negative/gangue_negative/feldspar/feldspar_mindat_p491113_page3_042_raw.jpg,feldspar,gangue_negative,2,491113,DG-419ba4b696ff,val,expert_stop
VTM-002277,raw_negative/gangue_negative/feldspar/feldspar_mindat_p512597_page6_056_raw.jpg,feldspar,gangue_negative,2,512597,DG-35824c2ee6e2,train,expert_fit
VTM-002280,raw_negative/gangue_negative/feldspar/feldspar_mindat_p514227_page6_069_raw.jpg,feldspar,gangue_negative,2,514227,DG-e292617e247c,train,expert_fit
VTM-002283,raw_negative/gangue_negative/feldspar/feldspar_mindat_p531066_page6_036_raw.jpg,feldspar,gangue_negative,2,531066,DG-77613c441ca2,train,expert_fit
VTM-002284,raw_negative/gangue_negative/feldspar/feldspar_mindat_p531138_page6_055_raw.jpg,feldspar,gangue_negative,2,531138,DG-a4adf6b946ad,train,expert_fit
VTM-002285,raw_negative/gangue_negative/feldspar/feldspar_mindat_p531914_page5_057_raw.jpg,feldspar,gangue_negative,2,531914,DG-dd2052ca10f5,train,expert_fit
VTM-002286,raw_negative/gangue_negative/feldspar/feldspar_mindat_p531941_page5_065_raw.jpg,feldspar,gangue_negative,2,531941,DG-68bc250cc9a1,val,expert_stop
VTM-002287,raw_negative/gangue_negative/feldspar/feldspar_mindat_p532011_page5_069_raw.jpg,feldspar,gangue_negative,2,532011,DG-dd17d29cc531,train,expert_fit
VTM-002288,raw_negative/gangue_negative/feldspar/feldspar_mindat_p535828_page3_032_raw.jpg,feldspar,gangue_negative,2,535828,DG-1a0b8779fb47,train,expert_fit
VTM-002289,raw_negative/gangue_negative/feldspar/feldspar_mindat_p535832_page3_029_raw.jpg,feldspar,gangue_negative,2,535832,DG-6ccea0618f3e,train,expert_fit
VTM-002290,raw_negative/gangue_negative/feldspar/feldspar_mindat_p537939_page6_070_raw.jpg,feldspar,gangue_negative,2,537939,DG-3961b2f3475e,train,expert_fit
VTM-002291,raw_negative/gangue_negative/feldspar/feldspar_mindat_p538422_page5_055_raw.jpg,feldspar,gangue_negative,2,538422,DG-aac96cc1c2f8,train,expert_fit
VTM-002292,raw_negative/gangue_negative/feldspar/feldspar_mindat_p541719_page3_037_raw.jpg,feldspar,gangue_negative,2,541719,DG-aec648ea2cdc,train,expert_fit
VTM-002293,raw_negative/gangue_negative/feldspar/feldspar_mindat_p541720_page3_046_raw.jpg,feldspar,gangue_negative,2,541720,DG-100441ccbb89,train,expert_fit
VTM-002294,raw_negative/gangue_negative/feldspar/feldspar_mindat_p542116_page6_068_raw.jpg,feldspar,gangue_negative,2,542116,DG-5e6a7ac8882a,train,expert_fit
VTM-002300,raw_negative/gangue_negative/feldspar/feldspar_mindat_p586646_page3_025_raw.jpg,feldspar,gangue_negative,2,586646,DG-43c02b5ca89f,train,expert_fit
VTM-002301,raw_negative/gangue_negative/feldspar/feldspar_mindat_p586647_page3_038_raw.jpg,feldspar,gangue_negative,2,586647,DG-22e177bc3108,train,expert_fit
VTM-002302,raw_negative/gangue_negative/feldspar/feldspar_mindat_p589341_page4_019_raw.jpg,feldspar,gangue_negative,2,589341,DG-271de854f074,train,expert_fit
VTM-002304,raw_negative/gangue_negative/feldspar/feldspar_mindat_p589403_page6_063_raw.jpg,feldspar,gangue_negative,2,589403,DG-d300e922c382,train,expert_fit
VTM-002305,raw_negative/gangue_negative/feldspar/feldspar_mindat_p597480_page3_039_raw.jpg,feldspar,gangue_negative,2,597480,DG-389c57060916,train,expert_fit
VTM-002306,raw_negative/gangue_negative/feldspar/feldspar_mindat_p599544_page6_001_raw.jpg,feldspar,gangue_negative,2,599544,DG-cadcfaa04270,train,expert_fit
VTM-002307,raw_negative/gangue_negative/feldspar/feldspar_mindat_p601726_page5_061_raw.jpg,feldspar,gangue_negative,2,601726,DG-dd9a8c5d9f57,val,expert_stop
VTM-002309,raw_negative/gangue_negative/feldspar/feldspar_mindat_p610901_page6_057_raw.jpg,feldspar,gangue_negative,2,610901,DG-ac3f257e3422,train,expert_fit
VTM-002312,raw_negative/gangue_negative/feldspar/feldspar_mindat_p634911_page4_017_raw.jpg,feldspar,gangue_negative,2,634911,DG-30ddba3da988,train,expert_fit
VTM-002313,raw_negative/gangue_negative/feldspar/feldspar_mindat_p634912_page4_020_raw.jpg,feldspar,gangue_negative,2,634912,DG-cdc53ce04de7,train,expert_fit
VTM-002315,raw_negative/gangue_negative/feldspar/feldspar_mindat_p655425_page6_010_raw.jpg,feldspar,gangue_negative,2,655425,DG-f8dfab12293c,train,expert_fit
VTM-002317,raw_negative/gangue_negative/feldspar/feldspar_mindat_p665832_page6_025_raw.jpg,feldspar,gangue_negative,2,665832,DG-c4186ede5ac8,train,expert_fit
VTM-002319,raw_negative/gangue_negative/feldspar/feldspar_mindat_p684766_page2_002_raw.jpg,feldspar,gangue_negative,2,684766,DG-096e6302dea3,val,expert_stop
VTM-002321,raw_negative/gangue_negative/feldspar/feldspar_mindat_p685874_page3_047_raw.jpg,feldspar,gangue_negative,2,685874,DG-00c37aac97db,train,expert_fit
VTM-002322,raw_negative/gangue_negative/feldspar/feldspar_mindat_p685875_page3_048_raw.jpg,feldspar,gangue_negative,2,685875,DG-2c899b501f1d,train,expert_fit
VTM-002324,raw_negative/gangue_negative/feldspar/feldspar_mindat_p695312_page5_028_raw.jpg,feldspar,gangue_negative,2,695312,DG-e24f2813b7f9,train,expert_fit
VTM-002326,raw_negative/gangue_negative/feldspar/feldspar_mindat_p712402_page6_042_raw.jpg,feldspar,gangue_negative,2,712402,DG-853de03960dc,train,expert_fit
VTM-002327,raw_negative/gangue_negative/feldspar/feldspar_mindat_p713123_page6_074_raw.jpg,feldspar,gangue_negative,2,713123,DG-aa1a9a0b233e,train,expert_fit
VTM-002328,raw_negative/gangue_negative/feldspar/feldspar_mindat_p719414_page6_031_raw.jpg,feldspar,gangue_negative,2,719414,DG-19dbdc53bcd4,val,expert_stop
VTM-002330,raw_negative/gangue_negative/feldspar/feldspar_mindat_p762952_page3_055_raw.jpg,feldspar,gangue_negative,2,762952,DG-161eec94e6b5,train,expert_fit
VTM-002331,raw_negative/gangue_negative/feldspar/feldspar_mindat_p774268_page1_002_raw.jpg,feldspar,gangue_negative,2,774268,DG-bdfbd80f95da,val,expert_stop
VTM-002334,raw_negative/gangue_negative/feldspar/feldspar_mindat_p798207_page3_050_raw.jpg,feldspar,gangue_negative,2,798207,DG-856685443b2c,val,expert_stop
VTM-002335,raw_negative/gangue_negative/feldspar/feldspar_mindat_p800023_page6_071_raw.jpg,feldspar,gangue_negative,2,800023,DG-30c595ffee50,val,expert_stop
VTM-002336,raw_negative/gangue_negative/feldspar/feldspar_mindat_p804086_page1_029_raw.jpg,feldspar,gangue_negative,2,804086,DG-250b8f826db8,train,expert_fit
VTM-002339,raw_negative/gangue_negative/feldspar/feldspar_mindat_p851936_page3_053_raw.jpg,feldspar,gangue_negative,2,851936,DG-1a583f6c95e0,train,expert_fit
VTM-002341,raw_negative/gangue_negative/feldspar/feldspar_mindat_p851939_page3_056_raw.jpg,feldspar,gangue_negative,2,851939,DG-cda3cd06b7da,train,expert_fit
VTM-002342,raw_negative/gangue_negative/feldspar/feldspar_mindat_p851940_page3_058_raw.jpg,feldspar,gangue_negative,2,851940,DG-5f759f5b136c,train,expert_fit
VTM-002344,raw_negative/gangue_negative/feldspar/feldspar_mindat_p885710_page4_021_raw.jpg,feldspar,gangue_negative,2,885710,DG-222b59d6878e,train,expert_fit
VTM-002345,raw_negative/gangue_negative/feldspar/feldspar_mindat_p901788_page3_051_raw.jpg,feldspar,gangue_negative,2,901788,DG-b851572a511e,train,expert_fit
VTM-002347,raw_negative/gangue_negative/fluorapatite/fluorapatite_mindat_p000214_page2_007_raw.jpg,fluorapatite,gangue_negative,2,214,DG-ac060371d1da,train,expert_fit
VTM-002348,raw_negative/gangue_negative/fluorapatite/fluorapatite_mindat_p000709_page2_005_raw.jpg,fluorapatite,gangue_negative,2,709,DG-824bf788c86c,train,expert_fit
VTM-002349,raw_negative/gangue_negative/fluorapatite/fluorapatite_mindat_p000998_page9_054_raw.jpg,fluorapatite,gangue_negative,2,998,DG-895178d79e4d,train,expert_fit
VTM-002350,raw_negative/gangue_negative/fluorapatite/fluorapatite_mindat_p001534_page1_058_raw.jpg,fluorapatite,gangue_negative,2,1534,DG-44cb49f4c0db,train,expert_fit
VTM-002351,raw_negative/gangue_negative/fluorapatite/fluorapatite_mindat_p001541_page9_008_raw.jpg,fluorapatite,gangue_negative,2,1541,DG-1b5611cea2b8,train,expert_fit
VTM-002352,raw_negative/gangue_negative/fluorapatite/fluorapatite_mindat_p001542_page1_029_raw.jpg,fluorapatite,gangue_negative,2,1542,DG-67924b922ac6,train,expert_fit
VTM-002355,raw_negative/gangue_negative/fluorapatite/fluorapatite_mindat_p004526_page2_009_raw.jpg,fluorapatite,gangue_negative,2,4526,DG-c7a69b83ab2c,train,expert_fit
VTM-002356,raw_negative/gangue_negative/fluorapatite/fluorapatite_mindat_p005873_page9_067_raw.jpg,fluorapatite,gangue_negative,2,5873,DG-f28cda30033c,train,expert_fit
VTM-002360,raw_negative/gangue_negative/fluorapatite/fluorapatite_mindat_p006885_page1_006_raw.jpg,fluorapatite,gangue_negative,2,6885,DG-632a18d12072,train,expert_fit
VTM-002361,raw_negative/gangue_negative/fluorapatite/fluorapatite_mindat_p006917_page1_042_raw.jpg,fluorapatite,gangue_negative,2,6917,DG-0b9d5f8e5df5,train,expert_fit
VTM-002362,raw_negative/gangue_negative/fluorapatite/fluorapatite_mindat_p008957_page1_064_raw.jpg,fluorapatite,gangue_negative,2,8957,DG-2fc831ca9581,train,expert_fit
VTM-002363,raw_negative/gangue_negative/fluorapatite/fluorapatite_mindat_p009638_page9_058_raw.jpg,fluorapatite,gangue_negative,2,9638,DG-4d61e2e8c9ea,train,expert_fit
VTM-002365,raw_negative/gangue_negative/fluorapatite/fluorapatite_mindat_p009807_page1_056_raw.jpg,fluorapatite,gangue_negative,2,9807,DG-3ecaa03370c3,train,expert_fit
VTM-002366,raw_negative/gangue_negative/fluorapatite/fluorapatite_mindat_p010015_page8_047_raw.jpg,fluorapatite,gangue_negative,2,10015,DG-3291192561e3,train,expert_fit
VTM-002368,raw_negative/gangue_negative/fluorapatite/fluorapatite_mindat_p010336_page3_003_raw.jpg,fluorapatite,gangue_negative,2,10336,DG-feb38cf001e7,train,expert_fit
VTM-002372,raw_negative/gangue_negative/fluorapatite/fluorapatite_mindat_p018065_page2_011_raw.jpg,fluorapatite,gangue_negative,2,18065,DG-8c516806dace,val,expert_stop
VTM-002374,raw_negative/gangue_negative/fluorapatite/fluorapatite_mindat_p018440_page1_063_raw.jpg,fluorapatite,gangue_negative,2,18440,DG-c760616f33f2,train,expert_fit
VTM-002376,raw_negative/gangue_negative/fluorapatite/fluorapatite_mindat_p023223_page8_013_raw.jpg,fluorapatite,gangue_negative,2,23223,DG-6990fca3f9fd,val,expert_stop
VTM-002377,raw_negative/gangue_negative/fluorapatite/fluorapatite_mindat_p024034_page9_065_raw.jpg,fluorapatite,gangue_negative,2,24034,DG-4949a603ee5a,train,expert_fit
VTM-002378,raw_negative/gangue_negative/fluorapatite/fluorapatite_mindat_p025622_page8_022_raw.jpg,fluorapatite,gangue_negative,2,25622,DG-cbe3f5d12560,train,expert_fit
VTM-002379,raw_negative/gangue_negative/fluorapatite/fluorapatite_mindat_p026473_page9_060_raw.jpg,fluorapatite,gangue_negative,2,26473,DG-7f8c0c5a6496,train,expert_fit
VTM-002384,raw_negative/gangue_negative/fluorapatite/fluorapatite_mindat_p033095_page9_075_raw.jpg,fluorapatite,gangue_negative,2,33095,DG-0980dea5bbcb,val,expert_stop
VTM-002386,raw_negative/gangue_negative/fluorapatite/fluorapatite_mindat_p034360_page1_023_raw.jpg,fluorapatite,gangue_negative,2,34360,DG-a38499df1260,train,expert_fit
VTM-002387,raw_negative/gangue_negative/fluorapatite/fluorapatite_mindat_p034362_page1_003_raw.jpg,fluorapatite,gangue_negative,2,34362,DG-cc6f4c221300,train,expert_fit
VTM-002388,raw_negative/gangue_negative/fluorapatite/fluorapatite_mindat_p034542_page1_031_raw.jpg,fluorapatite,gangue_negative,2,34542,DG-7927329cc85d,train,expert_fit
VTM-002389,raw_negative/gangue_negative/fluorapatite/fluorapatite_mindat_p036901_page1_041_raw.jpg,fluorapatite,gangue_negative,2,36901,DG-836e57d238df,train,expert_fit
VTM-002390,raw_negative/gangue_negative/fluorapatite/fluorapatite_mindat_p037024_page2_010_raw.jpg,fluorapatite,gangue_negative,2,37024,DG-88ef07d9d7f2,train,expert_fit
VTM-002391,raw_negative/gangue_negative/fluorapatite/fluorapatite_mindat_p037149_page1_070_raw.jpg,fluorapatite,gangue_negative,2,37149,DG-ebc7edc66f19,train,expert_fit
VTM-002392,raw_negative/gangue_negative/fluorapatite/fluorapatite_mindat_p037471_page8_032_raw.jpg,fluorapatite,gangue_negative,2,37471,DG-5f88d7dfbcd3,train,expert_fit
VTM-002394,raw_negative/gangue_negative/fluorapatite/fluorapatite_mindat_p038667_page4_016_raw.jpg,fluorapatite,gangue_negative,2,38667,DG-fd091724d542,train,expert_fit
VTM-002398,raw_negative/gangue_negative/fluorapatite/fluorapatite_mindat_p042341_page8_037_raw.jpg,fluorapatite,gangue_negative,2,42341,DG-8b0f6c6f3aed,val,expert_stop
VTM-002399,raw_negative/gangue_negative/fluorapatite/fluorapatite_mindat_p042342_page8_046_raw.jpg,fluorapatite,gangue_negative,2,42342,DG-c45b552351d5,train,expert_fit
VTM-002400,raw_negative/gangue_negative/fluorapatite/fluorapatite_mindat_p044168_page5_006_raw.jpg,fluorapatite,gangue_negative,2,44168,DG-c32801d353dd,train,expert_fit
VTM-002402,raw_negative/gangue_negative/fluorapatite/fluorapatite_mindat_p045141_page8_023_raw.jpg,fluorapatite,gangue_negative,2,45141,DG-d0393f4f6983,train,expert_fit
VTM-002405,raw_negative/gangue_negative/fluorapatite/fluorapatite_mindat_p046641_page8_036_raw.jpg,fluorapatite,gangue_negative,2,46641,DG-4a708cdd7319,train,expert_fit
VTM-002406,raw_negative/gangue_negative/fluorapatite/fluorapatite_mindat_p046859_page9_018_raw.jpg,fluorapatite,gangue_negative,2,46859,DG-a52784f671eb,train,expert_fit
VTM-002407,raw_negative/gangue_negative/fluorapatite/fluorapatite_mindat_p047491_page8_003_raw.jpg,fluorapatite,gangue_negative,2,47491,DG-0dd02f3efca5,val,expert_stop
VTM-002409,raw_negative/gangue_negative/fluorapatite/fluorapatite_mindat_p049593_page8_024_raw.jpg,fluorapatite,gangue_negative,2,49593,DG-0fd392a51bf0,val,expert_stop
VTM-002410,raw_negative/gangue_negative/fluorapatite/fluorapatite_mindat_p050256_page1_046_raw.jpg,fluorapatite,gangue_negative,2,50256,DG-e4e94a87f937,val,expert_stop
VTM-002411,raw_negative/gangue_negative/fluorapatite/fluorapatite_mindat_p050970_page8_034_raw.jpg,fluorapatite,gangue_negative,2,50970,DG-aa3adabce6ec,train,expert_fit
VTM-002412,raw_negative/gangue_negative/fluorapatite/fluorapatite_mindat_p052000_page8_031_raw.jpg,fluorapatite,gangue_negative,2,52000,DG-7fc555835020,train,expert_fit
VTM-002413,raw_negative/gangue_negative/fluorapatite/fluorapatite_mindat_p055711_page8_058_raw.jpg,fluorapatite,gangue_negative,2,55711,DG-6bfdf641660f,train,expert_fit
VTM-002414,raw_negative/gangue_negative/fluorapatite/fluorapatite_mindat_p056079_page1_067_raw.jpg,fluorapatite,gangue_negative,2,56079,DG-f210014d31a7,train,expert_fit
VTM-002416,raw_negative/gangue_negative/fluorapatite/fluorapatite_mindat_p056613_page1_010_raw.jpg,fluorapatite,gangue_negative,2,56613,DG-931673004572,val,expert_stop
VTM-002417,raw_negative/gangue_negative/fluorapatite/fluorapatite_mindat_p057828_page1_039_raw.jpg,fluorapatite,gangue_negative,2,57828,DG-f9adc9f5407b,train,expert_fit
VTM-002419,raw_negative/gangue_negative/fluorapatite/fluorapatite_mindat_p059398_page9_013_raw.jpg,fluorapatite,gangue_negative,2,59398,DG-2e0b86d9ee85,train,expert_fit
VTM-002420,raw_negative/gangue_negative/fluorapatite/fluorapatite_mindat_p059418_page8_019_raw.jpg,fluorapatite,gangue_negative,2,59418,DG-622eabcfac74,train,expert_fit
VTM-002425,raw_negative/gangue_negative/fluorapatite/fluorapatite_mindat_p067491_page4_015_raw.jpg,fluorapatite,gangue_negative,2,67491,DG-72bb26f4ed2f,val,expert_stop
VTM-002426,raw_negative/gangue_negative/fluorapatite/fluorapatite_mindat_p067537_page4_046_raw.jpg,fluorapatite,gangue_negative,2,67537,DG-70ae871f721c,val,expert_stop
VTM-002428,raw_negative/gangue_negative/fluorapatite/fluorapatite_mindat_p068075_page1_008_raw.jpg,fluorapatite,gangue_negative,2,68075,DG-9798e0b5fde6,train,expert_fit
VTM-002429,raw_negative/gangue_negative/fluorapatite/fluorapatite_mindat_p068147_page9_034_raw.jpg,fluorapatite,gangue_negative,2,68147,DG-8205ac659861,train,expert_fit
VTM-002430,raw_negative/gangue_negative/fluorapatite/fluorapatite_mindat_p068149_page9_033_raw.jpg,fluorapatite,gangue_negative,2,68149,DG-9ecca878d569,train,expert_fit
VTM-002431,raw_negative/gangue_negative/fluorapatite/fluorapatite_mindat_p069720_page8_051_raw.jpg,fluorapatite,gangue_negative,2,69720,DG-0eb898a1b254,train,expert_fit
VTM-002433,raw_negative/gangue_negative/fluorapatite/fluorapatite_mindat_p071389_page1_007_raw.jpg,fluorapatite,gangue_negative,2,71389,DG-fbaa772afdb1,val,expert_stop
VTM-002435,raw_negative/gangue_negative/fluorapatite/fluorapatite_mindat_p071890_page9_036_raw.jpg,fluorapatite,gangue_negative,2,71890,DG-e579e6d2957d,train,expert_fit
VTM-002437,raw_negative/gangue_negative/fluorapatite/fluorapatite_mindat_p073915_page1_073_raw.jpg,fluorapatite,gangue_negative,2,73915,DG-bbcd16908d86,train,expert_fit
VTM-002438,raw_negative/gangue_negative/fluorapatite/fluorapatite_mindat_p074774_page8_043_raw.jpg,fluorapatite,gangue_negative,2,74774,DG-86d5432fe9c6,val,expert_stop
VTM-002440,raw_negative/gangue_negative/fluorapatite/fluorapatite_mindat_p076367_page9_017_raw.jpg,fluorapatite,gangue_negative,2,76367,DG-157a7f6e370f,train,expert_fit
VTM-002441,raw_negative/gangue_negative/fluorapatite/fluorapatite_mindat_p079307_page1_069_raw.jpg,fluorapatite,gangue_negative,2,79307,DG-186a6d3e9dbe,train,expert_fit
VTM-002442,raw_negative/gangue_negative/fluorapatite/fluorapatite_mindat_p080248_page9_037_raw.jpg,fluorapatite,gangue_negative,2,80248,DG-d78775d83699,train,expert_fit
VTM-002443,raw_negative/gangue_negative/fluorapatite/fluorapatite_mindat_p080506_page9_029_raw.jpg,fluorapatite,gangue_negative,2,80506,DG-94c04c108a15,train,expert_fit
VTM-002444,raw_negative/gangue_negative/fluorapatite/fluorapatite_mindat_p082283_page4_050_raw.jpg,fluorapatite,gangue_negative,2,82283,DG-e64228a627d7,train,expert_fit
VTM-002446,raw_negative/gangue_negative/fluorapatite/fluorapatite_mindat_p090445_page1_074_raw.jpg,fluorapatite,gangue_negative,2,90445,DG-b686b2ab094b,train,expert_fit
VTM-002449,raw_negative/gangue_negative/fluorapatite/fluorapatite_mindat_p090486_page1_037_raw.jpg,fluorapatite,gangue_negative,2,90486,DG-89eb6a8ca65b,train,expert_fit
VTM-002450,raw_negative/gangue_negative/fluorapatite/fluorapatite_mindat_p094753_page1_068_raw.jpg,fluorapatite,gangue_negative,2,94753,DG-de244edc3466,train,expert_fit
VTM-002451,raw_negative/gangue_negative/fluorapatite/fluorapatite_mindat_p095155_page1_004_raw.jpg,fluorapatite,gangue_negative,2,95155,DG-c9f661bdfc44,train,expert_fit
VTM-002452,raw_negative/gangue_negative/fluorapatite/fluorapatite_mindat_p095295_page9_010_raw.jpg,fluorapatite,gangue_negative,2,95295,DG-6f4aea9c0e28,train,expert_fit
VTM-002453,raw_negative/gangue_negative/fluorapatite/fluorapatite_mindat_p097442_page1_071_raw.jpg,fluorapatite,gangue_negative,2,97442,DG-d81a26fc98cc,val,expert_stop
VTM-002457,raw_negative/gangue_negative/fluorapatite/fluorapatite_mindat_p101944_page1_033_raw.jpg,fluorapatite,gangue_negative,2,101944,DG-db032e994ef4,train,expert_fit
VTM-002459,raw_negative/gangue_negative/fluorapatite/fluorapatite_mindat_p1019877_page7_027_raw.jpg,fluorapatite,gangue_negative,2,1019877,DG-9bbb9ce55e0b,val,expert_stop
VTM-002460,raw_negative/gangue_negative/fluorapatite/fluorapatite_mindat_p1033492_page7_065_raw.jpg,fluorapatite,gangue_negative,2,1033492,DG-ad918fb714a2,train,expert_fit
VTM-002465,raw_negative/gangue_negative/fluorapatite/fluorapatite_mindat_p1066293_page3_034_raw.jpg,fluorapatite,gangue_negative,2,1066293,DG-c6e686d5bace,train,expert_fit
VTM-002466,raw_negative/gangue_negative/fluorapatite/fluorapatite_mindat_p109147_page1_045_raw.jpg,fluorapatite,gangue_negative,2,109147,DG-7e0145e05115,train,expert_fit
VTM-002467,raw_negative/gangue_negative/fluorapatite/fluorapatite_mindat_p109148_page1_019_raw.jpg,fluorapatite,gangue_negative,2,109148,DG-df56414c7ac1,train,expert_fit
VTM-002468,raw_negative/gangue_negative/fluorapatite/fluorapatite_mindat_p1096427_page9_015_raw.jpg,fluorapatite,gangue_negative,2,1096427,DG-4b5608916bb1,train,expert_fit
VTM-002469,raw_negative/gangue_negative/fluorapatite/fluorapatite_mindat_p109768_page8_057_raw.jpg,fluorapatite,gangue_negative,2,109768,DG-b59757c1dd9b,train,expert_fit
VTM-002475,raw_negative/gangue_negative/fluorapatite/fluorapatite_mindat_p112656_page1_032_raw.jpg,fluorapatite,gangue_negative,2,112656,DG-9091fc6cb922,train,expert_fit
VTM-002476,raw_negative/gangue_negative/fluorapatite/fluorapatite_mindat_p1127790_page2_064_raw.jpg,fluorapatite,gangue_negative,2,1127790,DG-da22a21e2a37,train,expert_fit
VTM-002477,raw_negative/gangue_negative/fluorapatite/fluorapatite_mindat_p1127791_page2_067_raw.jpg,fluorapatite,gangue_negative,2,1127791,DG-3cb38ff90f45,train,expert_fit
VTM-002478,raw_negative/gangue_negative/fluorapatite/fluorapatite_mindat_p1129493_page2_070_raw.jpg,fluorapatite,gangue_negative,2,1129493,DG-d9ff5afa4677,train,expert_fit
VTM-002479,raw_negative/gangue_negative/fluorapatite/fluorapatite_mindat_p1135027_page3_044_raw.jpg,fluorapatite,gangue_negative,2,1135027,DG-75fffc92d672,train,expert_fit
VTM-002484,raw_negative/gangue_negative/fluorapatite/fluorapatite_mindat_p1145417_page3_064_raw.jpg,fluorapatite,gangue_negative,2,1145417,DG-b689aa9a20d4,train,expert_fit
VTM-002486,raw_negative/gangue_negative/fluorapatite/fluorapatite_mindat_p1145579_page3_039_raw.jpg,fluorapatite,gangue_negative,2,1145579,DG-a5424ad614df,train,expert_fit
VTM-002487,raw_negative/gangue_negative/fluorapatite/fluorapatite_mindat_p1150200_page7_024_raw.jpg,fluorapatite,gangue_negative,2,1150200,DG-bd4bbfdb547b,train,expert_fit
VTM-002488,raw_negative/gangue_negative/fluorapatite/fluorapatite_mindat_p1150227_page7_045_raw.jpg,fluorapatite,gangue_negative,2,1150227,DG-1fbba0246cb5,val,expert_stop
VTM-002489,raw_negative/gangue_negative/fluorapatite/fluorapatite_mindat_p115339_page4_038_raw.jpg,fluorapatite,gangue_negative,2,115339,DG-9b19fad14e22,train,expert_fit
VTM-002492,raw_negative/gangue_negative/fluorapatite/fluorapatite_mindat_p1169578_page2_062_raw.jpg,fluorapatite,gangue_negative,2,1169578,DG-bca1b9ac8053,val,expert_stop
VTM-002494,raw_negative/gangue_negative/fluorapatite/fluorapatite_mindat_p1176628_page9_051_raw.jpg,fluorapatite,gangue_negative,2,1176628,DG-0b1798750509,val,expert_stop
VTM-002495,raw_negative/gangue_negative/fluorapatite/fluorapatite_mindat_p118100_page4_025_raw.jpg,fluorapatite,gangue_negative,2,118100,DG-73c150be8bd8,train,expert_fit
VTM-002496,raw_negative/gangue_negative/fluorapatite/fluorapatite_mindat_p1182353_page2_004_raw.jpg,fluorapatite,gangue_negative,2,1182353,DG-adcdea791dd5,train,expert_fit
VTM-002498,raw_negative/gangue_negative/fluorapatite/fluorapatite_mindat_p1194372_page1_011_raw.jpg,fluorapatite,gangue_negative,2,1194372,DG-ba77c7896a2e,val,expert_stop
VTM-002499,raw_negative/gangue_negative/fluorapatite/fluorapatite_mindat_p119860_page9_028_raw.jpg,fluorapatite,gangue_negative,2,119860,DG-9c474ff091b8,train,expert_fit
VTM-002501,raw_negative/gangue_negative/fluorapatite/fluorapatite_mindat_p1198859_page7_075_raw.jpg,fluorapatite,gangue_negative,2,1198859,DG-d2f3fad193f6,train,expert_fit
VTM-002502,raw_negative/gangue_negative/fluorapatite/fluorapatite_mindat_p1204323_page2_002_raw.jpg,fluorapatite,gangue_negative,2,1204323,DG-691af9ea3c83,train,expert_fit
VTM-002503,raw_negative/gangue_negative/fluorapatite/fluorapatite_mindat_p1204653_page2_066_raw.jpg,fluorapatite,gangue_negative,2,1204653,DG-f5410e9ec300,train,expert_fit
VTM-002504,raw_negative/gangue_negative/fluorapatite/fluorapatite_mindat_p1207028_page7_037_raw.jpg,fluorapatite,gangue_negative,2,1207028,DG-8c80b5ed5745,train,expert_fit
VTM-002505,raw_negative/gangue_negative/fluorapatite/fluorapatite_mindat_p1207119_page5_004_raw.jpg,fluorapatite,gangue_negative,2,1207119,DG-5b0a2e0176f5,train,expert_fit
VTM-002508,raw_negative/gangue_negative/fluorapatite/fluorapatite_mindat_p1218953_page9_016_raw.jpg,fluorapatite,gangue_negative,2,1218953,DG-290ae7f2f62f,train,expert_fit
VTM-002510,raw_negative/gangue_negative/fluorapatite/fluorapatite_mindat_p1239099_page6_002_raw.jpg,fluorapatite,gangue_negative,2,1239099,DG-9656bae5de3d,train,expert_fit
VTM-002511,raw_negative/gangue_negative/fluorapatite/fluorapatite_mindat_p1239100_page6_003_raw.jpg,fluorapatite,gangue_negative,2,1239100,DG-acfa5bbc9fc2,train,expert_fit
VTM-002512,raw_negative/gangue_negative/fluorapatite/fluorapatite_mindat_p1239211_page6_007_raw.jpg,fluorapatite,gangue_negative,2,1239211,DG-c2a4b5202826,train,expert_fit
VTM-002518,raw_negative/gangue_negative/fluorapatite/fluorapatite_mindat_p1262688_page3_052_raw.jpg,fluorapatite,gangue_negative,2,1262688,DG-f17c54399b5a,train,expert_fit
VTM-002519,raw_negative/gangue_negative/fluorapatite/fluorapatite_mindat_p1262875_page9_050_raw.jpg,fluorapatite,gangue_negative,2,1262875,DG-429781daa88f,train,expert_fit
VTM-002521,raw_negative/gangue_negative/fluorapatite/fluorapatite_mindat_p1269193_page7_074_raw.jpg,fluorapatite,gangue_negative,2,1269193,DG-9a2c41549880,train,expert_fit
VTM-002524,raw_negative/gangue_negative/fluorapatite/fluorapatite_mindat_p1295103_page3_023_raw.jpg,fluorapatite,gangue_negative,2,1295103,DG-e7ea14e488c5,val,expert_stop
VTM-002525,raw_negative/gangue_negative/fluorapatite/fluorapatite_mindat_p1295207_page3_030_raw.jpg,fluorapatite,gangue_negative,2,1295207,DG-dabc93460fe3,train,expert_fit
VTM-002527,raw_negative/gangue_negative/fluorapatite/fluorapatite_mindat_p1295231_page3_035_raw.jpg,fluorapatite,gangue_negative,2,1295231,DG-99e92516480e,train,expert_fit
VTM-002528,raw_negative/gangue_negative/fluorapatite/fluorapatite_mindat_p1295232_page3_027_raw.jpg,fluorapatite,gangue_negative,2,1295232,DG-ed2777a70763,train,expert_fit
VTM-002530,raw_negative/gangue_negative/fluorapatite/fluorapatite_mindat_p129726_page3_019_raw.jpg,fluorapatite,gangue_negative,2,129726,DG-8b08316d8e8a,train,expert_fit
VTM-002531,raw_negative/gangue_negative/fluorapatite/fluorapatite_mindat_p129834_page1_075_raw.jpg,fluorapatite,gangue_negative,2,129834,DG-6b7b56376b97,train,expert_fit
VTM-002532,raw_negative/gangue_negative/fluorapatite/fluorapatite_mindat_p1304798_page8_017_raw.jpg,fluorapatite,gangue_negative,2,1304798,DG-f5727e40eaf0,val,expert_stop
VTM-002533,raw_negative/gangue_negative/fluorapatite/fluorapatite_mindat_p130886_page7_004_raw.jpg,fluorapatite,gangue_negative,2,130886,DG-b3d54423379a,val,expert_stop
VTM-002534,raw_negative/gangue_negative/fluorapatite/fluorapatite_mindat_p1310497_page3_065_raw.jpg,fluorapatite,gangue_negative,2,1310497,DG-31681b9e171b,train,expert_fit
VTM-002535,raw_negative/gangue_negative/fluorapatite/fluorapatite_mindat_p131150_page8_063_raw.jpg,fluorapatite,gangue_negative,2,131150,DG-4a0123fe1eb9,train,expert_fit
VTM-002536,raw_negative/gangue_negative/fluorapatite/fluorapatite_mindat_p1313455_page3_062_raw.jpg,fluorapatite,gangue_negative,2,1313455,DG-a37b09f7e394,train,expert_fit
VTM-002539,raw_negative/gangue_negative/fluorapatite/fluorapatite_mindat_p132043_page8_050_raw.jpg,fluorapatite,gangue_negative,2,132043,DG-9840407bf324,train,expert_fit
VTM-002540,raw_negative/gangue_negative/fluorapatite/fluorapatite_mindat_p1321853_page7_033_raw.jpg,fluorapatite,gangue_negative,2,1321853,DG-0918bf701a82,train,expert_fit
VTM-002544,raw_negative/gangue_negative/fluorapatite/fluorapatite_mindat_p132531_page3_006_raw.jpg,fluorapatite,gangue_negative,2,132531,DG-e4b93cc51e74,train,expert_fit
VTM-002546,raw_negative/gangue_negative/fluorapatite/fluorapatite_mindat_p1334284_page6_006_raw.jpg,fluorapatite,gangue_negative,2,1334284,DG-d8882497b6ac,train,expert_fit
VTM-002547,raw_negative/gangue_negative/fluorapatite/fluorapatite_mindat_p1338376_page2_069_raw.jpg,fluorapatite,gangue_negative,2,1338376,DG-b69dc469a9d2,train,expert_fit
VTM-002548,raw_negative/gangue_negative/fluorapatite/fluorapatite_mindat_p1346741_page3_043_raw.jpg,fluorapatite,gangue_negative,2,1346741,DG-c4348d91f361,train,expert_fit
VTM-002550,raw_negative/gangue_negative/fluorapatite/fluorapatite_mindat_p1346749_page3_056_raw.jpg,fluorapatite,gangue_negative,2,1346749,DG-d2db00e64eab,train,expert_fit
VTM-002551,raw_negative/gangue_negative/fluorapatite/fluorapatite_mindat_p1346750_page3_055_raw.jpg,fluorapatite,gangue_negative,2,1346750,DG-b4df31af3ff3,train,expert_fit
VTM-002553,raw_negative/gangue_negative/fluorapatite/fluorapatite_mindat_p1346755_page3_050_raw.jpg,fluorapatite,gangue_negative,2,1346755,DG-ebc844601fc2,val,expert_stop
VTM-002554,raw_negative/gangue_negative/fluorapatite/fluorapatite_mindat_p1346757_page3_048_raw.jpg,fluorapatite,gangue_negative,2,1346757,DG-7fad6521201d,train,expert_fit
VTM-002556,raw_negative/gangue_negative/fluorapatite/fluorapatite_mindat_p1346760_page3_063_raw.jpg,fluorapatite,gangue_negative,2,1346760,DG-8038caa5c793,train,expert_fit
VTM-002557,raw_negative/gangue_negative/fluorapatite/fluorapatite_mindat_p1351360_page3_069_raw.jpg,fluorapatite,gangue_negative,2,1351360,DG-95bd2551be4c,train,expert_fit
VTM-002559,raw_negative/gangue_negative/fluorapatite/fluorapatite_mindat_p1364566_page7_021_raw.jpg,fluorapatite,gangue_negative,2,1364566,DG-b40096cb2674,train,expert_fit
VTM-002560,raw_negative/gangue_negative/fluorapatite/fluorapatite_mindat_p137046_page8_028_raw.jpg,fluorapatite,gangue_negative,2,137046,DG-fce16a9389ed,val,expert_stop
VTM-002562,raw_negative/gangue_negative/fluorapatite/fluorapatite_mindat_p138175_page1_013_raw.jpg,fluorapatite,gangue_negative,2,138175,DG-6caae9acb9f7,val,expert_stop
VTM-002563,raw_negative/gangue_negative/fluorapatite/fluorapatite_mindat_p138179_page1_025_raw.jpg,fluorapatite,gangue_negative,2,138179,DG-a21c45d1f079,train,expert_fit
VTM-002570,raw_negative/gangue_negative/fluorapatite/fluorapatite_mindat_p142657_page4_023_raw.jpg,fluorapatite,gangue_negative,2,142657,DG-06b7293c4bf4,train,expert_fit
VTM-002571,raw_negative/gangue_negative/fluorapatite/fluorapatite_mindat_p143840_page3_005_raw.jpg,fluorapatite,gangue_negative,2,143840,DG-e380d9b35fe0,train,expert_fit
VTM-002574,raw_negative/gangue_negative/fluorapatite/fluorapatite_mindat_p149360_page8_030_raw.jpg,fluorapatite,gangue_negative,2,149360,DG-5d5ed2ac4514,train,expert_fit
VTM-002575,raw_negative/gangue_negative/fluorapatite/fluorapatite_mindat_p1500744_page8_012_raw.jpg,fluorapatite,gangue_negative,2,1500744,DG-65c4ca7be5f7,train,expert_fit
VTM-002576,raw_negative/gangue_negative/fluorapatite/fluorapatite_mindat_p150120_page4_019_raw.jpg,fluorapatite,gangue_negative,2,150120,DG-22de3ca6e696,train,expert_fit
VTM-002577,raw_negative/gangue_negative/fluorapatite/fluorapatite_mindat_p150375_page4_022_raw.jpg,fluorapatite,gangue_negative,2,150375,DG-a6dc8eb14bc3,train,expert_fit
VTM-002579,raw_negative/gangue_negative/fluorapatite/fluorapatite_mindat_p150681_page1_035_raw.jpg,fluorapatite,gangue_negative,2,150681,DG-906b844b6f34,train,expert_fit
VTM-002580,raw_negative/gangue_negative/fluorapatite/fluorapatite_mindat_p151390_page4_018_raw.jpg,fluorapatite,gangue_negative,2,151390,DG-e3d751c5769d,train,expert_fit
VTM-002581,raw_negative/gangue_negative/fluorapatite/fluorapatite_mindat_p153880_page8_035_raw.jpg,fluorapatite,gangue_negative,2,153880,DG-f47265c51350,train,expert_fit
VTM-002583,raw_negative/gangue_negative/fluorapatite/fluorapatite_mindat_p1542094_page6_008_raw.jpg,fluorapatite,gangue_negative,2,1542094,DG-ff706c74bd2a,train,expert_fit
VTM-002584,raw_negative/gangue_negative/fluorapatite/fluorapatite_mindat_p156367_page4_065_raw.jpg,fluorapatite,gangue_negative,2,156367,DG-ad6e3cb93a53,train,expert_fit
VTM-002586,raw_negative/gangue_negative/fluorapatite/fluorapatite_mindat_p156894_page1_061_raw.jpg,fluorapatite,gangue_negative,2,156894,DG-1d926f95ceb5,train,expert_fit
VTM-002588,raw_negative/gangue_negative/fluorapatite/fluorapatite_mindat_p157261_page4_028_raw.jpg,fluorapatite,gangue_negative,2,157261,DG-bf1e0b7b2b2d,val,expert_stop
VTM-002590,raw_negative/gangue_negative/fluorapatite/fluorapatite_mindat_p157456_page4_040_raw.jpg,fluorapatite,gangue_negative,2,157456,DG-d8bac07451c4,train,expert_fit
VTM-002593,raw_negative/gangue_negative/fluorapatite/fluorapatite_mindat_p157785_page4_066_raw.jpg,fluorapatite,gangue_negative,2,157785,DG-c13a0134cef1,train,expert_fit
VTM-002594,raw_negative/gangue_negative/fluorapatite/fluorapatite_mindat_p157786_page9_070_raw.jpg,fluorapatite,gangue_negative,2,157786,DG-173a6b0ad21a,val,expert_stop
VTM-002596,raw_negative/gangue_negative/fluorapatite/fluorapatite_mindat_p158274_page4_035_raw.jpg,fluorapatite,gangue_negative,2,158274,DG-6357e7195437,train,expert_fit
VTM-002597,raw_negative/gangue_negative/fluorapatite/fluorapatite_mindat_p158792_page9_012_raw.jpg,fluorapatite,gangue_negative,2,158792,DG-cc5e27ccf24b,train,expert_fit
VTM-002598,raw_negative/gangue_negative/fluorapatite/fluorapatite_mindat_p158998_page3_002_raw.jpg,fluorapatite,gangue_negative,2,158998,DG-d985a9e434b7,train,expert_fit
VTM-002599,raw_negative/gangue_negative/fluorapatite/fluorapatite_mindat_p159232_page8_053_raw.jpg,fluorapatite,gangue_negative,2,159232,DG-3bd28fe7329e,train,expert_fit
VTM-002602,raw_negative/gangue_negative/fluorapatite/fluorapatite_mindat_p1645416_page3_075_raw.jpg,fluorapatite,gangue_negative,2,1645416,DG-0414ed37c80e,train,expert_fit
VTM-002603,raw_negative/gangue_negative/fluorapatite/fluorapatite_mindat_p1645419_page3_074_raw.jpg,fluorapatite,gangue_negative,2,1645419,DG-720ed7cb2810,train,expert_fit
VTM-002604,raw_negative/gangue_negative/fluorapatite/fluorapatite_mindat_p164910_page8_010_raw.jpg,fluorapatite,gangue_negative,2,164910,DG-d7cb36b37ed3,train,expert_fit
VTM-002605,raw_negative/gangue_negative/fluorapatite/fluorapatite_mindat_p167969_page9_021_raw.jpg,fluorapatite,gangue_negative,2,167969,DG-0f47d6b5986a,val,expert_stop
VTM-002607,raw_negative/gangue_negative/fluorapatite/fluorapatite_mindat_p169207_page2_014_raw.jpg,fluorapatite,gangue_negative,2,169207,DG-8fe6033ae663,train,expert_fit
VTM-002610,raw_negative/gangue_negative/fluorapatite/fluorapatite_mindat_p1703141_page5_010_raw.jpg,fluorapatite,gangue_negative,2,1703141,DG-41bbe58aa022,val,expert_stop
VTM-002611,raw_negative/gangue_negative/fluorapatite/fluorapatite_mindat_p1705262_page3_038_raw.jpg,fluorapatite,gangue_negative,2,1705262,DG-c5130ece1099,train,expert_fit
VTM-002614,raw_negative/gangue_negative/fluorapatite/fluorapatite_mindat_p174863_page4_055_raw.jpg,fluorapatite,gangue_negative,2,174863,DG-6bdfbc0a01c9,train,expert_fit
VTM-002615,raw_negative/gangue_negative/fluorapatite/fluorapatite_mindat_p177118_page9_069_raw.jpg,fluorapatite,gangue_negative,2,177118,DG-937456083f0f,train,expert_fit
VTM-002620,raw_negative/gangue_negative/fluorapatite/fluorapatite_mindat_p182480_page9_053_raw.jpg,fluorapatite,gangue_negative,2,182480,DG-2f0ec9964ed1,val,expert_stop
VTM-002621,raw_negative/gangue_negative/fluorapatite/fluorapatite_mindat_p185870_page3_007_raw.jpg,fluorapatite,gangue_negative,2,185870,DG-8d9b7a2a8efe,train,expert_fit
VTM-002622,raw_negative/gangue_negative/fluorapatite/fluorapatite_mindat_p186251_page8_045_raw.jpg,fluorapatite,gangue_negative,2,186251,DG-fd6fd9c713d4,train,expert_fit
VTM-002624,raw_negative/gangue_negative/fluorapatite/fluorapatite_mindat_p187386_page9_066_raw.jpg,fluorapatite,gangue_negative,2,187386,DG-ebe5477d9d4e,val,expert_stop
VTM-002627,raw_negative/gangue_negative/fluorapatite/fluorapatite_mindat_p194403_page4_049_raw.jpg,fluorapatite,gangue_negative,2,194403,DG-987c1808820d,train,expert_fit
VTM-002628,raw_negative/gangue_negative/fluorapatite/fluorapatite_mindat_p196087_page9_019_raw.jpg,fluorapatite,gangue_negative,2,196087,DG-c6ec5c2e68fa,train,expert_fit
VTM-002629,raw_negative/gangue_negative/fluorapatite/fluorapatite_mindat_p198027_page8_040_raw.jpg,fluorapatite,gangue_negative,2,198027,DG-c049ed768645,train,expert_fit
VTM-002630,raw_negative/gangue_negative/fluorapatite/fluorapatite_mindat_p198029_page8_074_raw.jpg,fluorapatite,gangue_negative,2,198029,DG-026485c426c4,train,expert_fit
VTM-002632,raw_negative/gangue_negative/fluorapatite/fluorapatite_mindat_p200482_page8_033_raw.jpg,fluorapatite,gangue_negative,2,200482,DG-5d9da2570cc2,train,expert_fit
VTM-002633,raw_negative/gangue_negative/fluorapatite/fluorapatite_mindat_p204614_page4_034_raw.jpg,fluorapatite,gangue_negative,2,204614,DG-90bbebd261ac,train,expert_fit
VTM-002635,raw_negative/gangue_negative/fluorapatite/fluorapatite_mindat_p208193_page4_052_raw.jpg,fluorapatite,gangue_negative,2,208193,DG-08ba49dd32f8,val,expert_stop
VTM-002637,raw_negative/gangue_negative/fluorapatite/fluorapatite_mindat_p210264_page3_012_raw.jpg,fluorapatite,gangue_negative,2,210264,DG-49f9ce893fdb,val,expert_stop
VTM-002639,raw_negative/gangue_negative/fluorapatite/fluorapatite_mindat_p213315_page4_012_raw.jpg,fluorapatite,gangue_negative,2,213315,DG-d59be955cb06,train,expert_fit
VTM-002640,raw_negative/gangue_negative/fluorapatite/fluorapatite_mindat_p213516_page8_072_raw.jpg,fluorapatite,gangue_negative,2,213516,DG-d4803a2c4e5b,train,expert_fit
VTM-002642,raw_negative/gangue_negative/fluorapatite/fluorapatite_mindat_p216892_page2_021_raw.jpg,fluorapatite,gangue_negative,2,216892,DG-458ad01f99c5,val,expert_stop
VTM-002644,raw_negative/gangue_negative/fluorapatite/fluorapatite_mindat_p217377_page7_012_raw.jpg,fluorapatite,gangue_negative,2,217377,DG-ffef48913792,train,expert_fit
VTM-002645,raw_negative/gangue_negative/fluorapatite/fluorapatite_mindat_p217381_page8_004_raw.jpg,fluorapatite,gangue_negative,2,217381,DG-f0f99ba01883,train,expert_fit
VTM-002647,raw_negative/gangue_negative/fluorapatite/fluorapatite_mindat_p228826_page4_036_raw.jpg,fluorapatite,gangue_negative,2,228826,DG-f658e8a5e441,train,expert_fit
VTM-002648,raw_negative/gangue_negative/fluorapatite/fluorapatite_mindat_p244297_page2_022_raw.jpg,fluorapatite,gangue_negative,2,244297,DG-54d5b5680e91,train,expert_fit
VTM-002649,raw_negative/gangue_negative/fluorapatite/fluorapatite_mindat_p251947_page8_070_raw.jpg,fluorapatite,gangue_negative,2,251947,DG-395e92d026dd,train,expert_fit
VTM-002653,raw_negative/gangue_negative/fluorapatite/fluorapatite_mindat_p257846_page1_050_raw.jpg,fluorapatite,gangue_negative,2,257846,DG-85c929fb0dc9,train,expert_fit
VTM-002654,raw_negative/gangue_negative/fluorapatite/fluorapatite_mindat_p258580_page4_043_raw.jpg,fluorapatite,gangue_negative,2,258580,DG-6502fdc0c8c8,train,expert_fit
VTM-002661,raw_negative/gangue_negative/fluorapatite/fluorapatite_mindat_p270373_page3_024_raw.jpg,fluorapatite,gangue_negative,2,270373,DG-61345b77860e,train,expert_fit
VTM-002666,raw_negative/gangue_negative/fluorapatite/fluorapatite_mindat_p287018_page4_029_raw.jpg,fluorapatite,gangue_negative,2,287018,DG-d6154b10f9cc,train,expert_fit
VTM-002667,raw_negative/gangue_negative/fluorapatite/fluorapatite_mindat_p288506_page4_008_raw.jpg,fluorapatite,gangue_negative,2,288506,DG-f757c41d7081,train,expert_fit
VTM-002669,raw_negative/gangue_negative/fluorapatite/fluorapatite_mindat_p296372_page7_043_raw.jpg,fluorapatite,gangue_negative,2,296372,DG-94d163b6955c,val,expert_stop
VTM-002670,raw_negative/gangue_negative/fluorapatite/fluorapatite_mindat_p298278_page7_020_raw.jpg,fluorapatite,gangue_negative,2,298278,DG-0691cb88a482,train,expert_fit
VTM-002671,raw_negative/gangue_negative/fluorapatite/fluorapatite_mindat_p298279_page7_036_raw.jpg,fluorapatite,gangue_negative,2,298279,DG-db9e8bd2951d,train,expert_fit
VTM-002672,raw_negative/gangue_negative/fluorapatite/fluorapatite_mindat_p300698_page5_005_raw.jpg,fluorapatite,gangue_negative,2,300698,DG-541249a33c15,train,expert_fit
VTM-002673,raw_negative/gangue_negative/fluorapatite/fluorapatite_mindat_p300835_page2_017_raw.jpg,fluorapatite,gangue_negative,2,300835,DG-9e11dd174d13,train,expert_fit
VTM-002674,raw_negative/gangue_negative/fluorapatite/fluorapatite_mindat_p300836_page2_015_raw.jpg,fluorapatite,gangue_negative,2,300836,DG-841a4800341f,train,expert_fit
VTM-002677,raw_negative/gangue_negative/fluorapatite/fluorapatite_mindat_p310323_page8_060_raw.jpg,fluorapatite,gangue_negative,2,310323,DG-edddd0879fc7,train,expert_fit
VTM-002679,raw_negative/gangue_negative/fluorapatite/fluorapatite_mindat_p310699_page7_025_raw.jpg,fluorapatite,gangue_negative,2,310699,DG-2014c751bd2e,train,expert_fit
VTM-002680,raw_negative/gangue_negative/fluorapatite/fluorapatite_mindat_p310702_page8_075_raw.jpg,fluorapatite,gangue_negative,2,310702,DG-47a86bb0dab5,train,expert_fit
VTM-002681,raw_negative/gangue_negative/fluorapatite/fluorapatite_mindat_p313396_page8_009_raw.jpg,fluorapatite,gangue_negative,2,313396,DG-1d70d716bd80,train,expert_fit
VTM-002682,raw_negative/gangue_negative/fluorapatite/fluorapatite_mindat_p315997_page3_013_raw.jpg,fluorapatite,gangue_negative,2,315997,DG-899b21bec40d,train,expert_fit
VTM-002684,raw_negative/gangue_negative/fluorapatite/fluorapatite_mindat_p316318_page9_024_raw.jpg,fluorapatite,gangue_negative,2,316318,DG-d01a6509ec5e,train,expert_fit
VTM-002685,raw_negative/gangue_negative/fluorapatite/fluorapatite_mindat_p316617_page7_023_raw.jpg,fluorapatite,gangue_negative,2,316617,DG-2371f5e69821,val,expert_stop
VTM-002686,raw_negative/gangue_negative/fluorapatite/fluorapatite_mindat_p316618_page7_032_raw.jpg,fluorapatite,gangue_negative,2,316618,DG-3253ab837262,train,expert_fit
VTM-002687,raw_negative/gangue_negative/fluorapatite/fluorapatite_mindat_p321900_page4_037_raw.jpg,fluorapatite,gangue_negative,2,321900,DG-283391bf5821,train,expert_fit
VTM-002688,raw_negative/gangue_negative/fluorapatite/fluorapatite_mindat_p322878_page9_020_raw.jpg,fluorapatite,gangue_negative,2,322878,DG-d521b626258d,train,expert_fit
VTM-002690,raw_negative/gangue_negative/fluorapatite/fluorapatite_mindat_p324123_page7_015_raw.jpg,fluorapatite,gangue_negative,2,324123,DG-2e3b35e0a62a,train,expert_fit
VTM-002691,raw_negative/gangue_negative/fluorapatite/fluorapatite_mindat_p324126_page7_029_raw.jpg,fluorapatite,gangue_negative,2,324126,DG-949d61a3561e,train,expert_fit
VTM-002692,raw_negative/gangue_negative/fluorapatite/fluorapatite_mindat_p324127_page7_044_raw.jpg,fluorapatite,gangue_negative,2,324127,DG-cdf7d6c07e83,train,expert_fit
VTM-002695,raw_negative/gangue_negative/fluorapatite/fluorapatite_mindat_p329364_page4_067_raw.jpg,fluorapatite,gangue_negative,2,329364,DG-3f7ce17a1b52,train,expert_fit
VTM-002696,raw_negative/gangue_negative/fluorapatite/fluorapatite_mindat_p332058_page7_005_raw.jpg,fluorapatite,gangue_negative,2,332058,DG-970b77135cc8,train,expert_fit
VTM-002697,raw_negative/gangue_negative/fluorapatite/fluorapatite_mindat_p332082_page2_001_raw.jpg,fluorapatite,gangue_negative,2,332082,DG-18f828d9814e,train,expert_fit
VTM-002699,raw_negative/gangue_negative/fluorapatite/fluorapatite_mindat_p340101_page9_040_raw.jpg,fluorapatite,gangue_negative,2,340101,DG-6455db2f607c,train,expert_fit
VTM-002700,raw_negative/gangue_negative/fluorapatite/fluorapatite_mindat_p340259_page4_063_raw.jpg,fluorapatite,gangue_negative,2,340259,DG-5a9a649090e8,val,expert_stop
VTM-002701,raw_negative/gangue_negative/fluorapatite/fluorapatite_mindat_p340607_page8_016_raw.jpg,fluorapatite,gangue_negative,2,340607,DG-a4daf9c45a67,val,expert_stop
VTM-002704,raw_negative/gangue_negative/fluorapatite/fluorapatite_mindat_p345477_page8_026_raw.jpg,fluorapatite,gangue_negative,2,345477,DG-9bfa46d0788d,train,expert_fit
VTM-002705,raw_negative/gangue_negative/fluorapatite/fluorapatite_mindat_p346630_page4_048_raw.jpg,fluorapatite,gangue_negative,2,346630,DG-a45e2458cc11,val,expert_stop
VTM-002706,raw_negative/gangue_negative/fluorapatite/fluorapatite_mindat_p348906_page7_002_raw.jpg,fluorapatite,gangue_negative,2,348906,DG-0d92fb7cb95e,val,expert_stop
VTM-002708,raw_negative/gangue_negative/fluorapatite/fluorapatite_mindat_p352724_page7_035_raw.jpg,fluorapatite,gangue_negative,2,352724,DG-e6a42d9d99b7,train,expert_fit
VTM-002709,raw_negative/gangue_negative/fluorapatite/fluorapatite_mindat_p352726_page7_062_raw.jpg,fluorapatite,gangue_negative,2,352726,DG-f9d90ea3eb02,train,expert_fit
VTM-002712,raw_negative/gangue_negative/fluorapatite/fluorapatite_mindat_p361407_page8_008_raw.jpg,fluorapatite,gangue_negative,2,361407,DG-7306db6b5311,val,expert_stop
VTM-002713,raw_negative/gangue_negative/fluorapatite/fluorapatite_mindat_p362742_page8_067_raw.jpg,fluorapatite,gangue_negative,2,362742,DG-f9ddda4e534a,train,expert_fit
VTM-002715,raw_negative/gangue_negative/fluorapatite/fluorapatite_mindat_p365540_page8_062_raw.jpg,fluorapatite,gangue_negative,2,365540,DG-d6a49c8f1849,train,expert_fit
VTM-002716,raw_negative/gangue_negative/fluorapatite/fluorapatite_mindat_p368352_page2_023_raw.jpg,fluorapatite,gangue_negative,2,368352,DG-2cfb90213ded,val,expert_stop
VTM-002717,raw_negative/gangue_negative/fluorapatite/fluorapatite_mindat_p373437_page8_005_raw.jpg,fluorapatite,gangue_negative,2,373437,DG-3e6877aaa98b,train,expert_fit
VTM-002718,raw_negative/gangue_negative/fluorapatite/fluorapatite_mindat_p373438_page2_026_raw.jpg,fluorapatite,gangue_negative,2,373438,DG-d20c64f46ebb,train,expert_fit
VTM-002721,raw_negative/gangue_negative/fluorapatite/fluorapatite_mindat_p377897_page2_006_raw.jpg,fluorapatite,gangue_negative,2,377897,DG-c37da979c6a0,train,expert_fit
VTM-002722,raw_negative/gangue_negative/fluorapatite/fluorapatite_mindat_p381161_page7_046_raw.jpg,fluorapatite,gangue_negative,2,381161,DG-0691cb88a482,train,expert_fit
VTM-002725,raw_negative/gangue_negative/fluorapatite/fluorapatite_mindat_p385783_page1_047_raw.jpg,fluorapatite,gangue_negative,2,385783,DG-622d88fc52a1,train,expert_fit
VTM-002726,raw_negative/gangue_negative/fluorapatite/fluorapatite_mindat_p391678_page4_062_raw.jpg,fluorapatite,gangue_negative,2,391678,DG-83cfe2ace11e,train,expert_fit
VTM-002727,raw_negative/gangue_negative/fluorapatite/fluorapatite_mindat_p392216_page4_047_raw.jpg,fluorapatite,gangue_negative,2,392216,DG-c3b7204f25c6,train,expert_fit
VTM-002728,raw_negative/gangue_negative/fluorapatite/fluorapatite_mindat_p395063_page3_017_raw.jpg,fluorapatite,gangue_negative,2,395063,DG-85256a8dc87c,val,expert_stop
VTM-002731,raw_negative/gangue_negative/fluorapatite/fluorapatite_mindat_p397776_page2_020_raw.jpg,fluorapatite,gangue_negative,2,397776,DG-3edc0f696a60,train,expert_fit
VTM-002732,raw_negative/gangue_negative/fluorapatite/fluorapatite_mindat_p397786_page1_030_raw.jpg,fluorapatite,gangue_negative,2,397786,DG-3fde00040150,val,expert_stop
VTM-002733,raw_negative/gangue_negative/fluorapatite/fluorapatite_mindat_p402584_page4_061_raw.jpg,fluorapatite,gangue_negative,2,402584,DG-da2ce27c52e8,train,expert_fit
VTM-002734,raw_negative/gangue_negative/fluorapatite/fluorapatite_mindat_p402585_page4_041_raw.jpg,fluorapatite,gangue_negative,2,402585,DG-d7b7ee90f035,train,expert_fit
VTM-002735,raw_negative/gangue_negative/fluorapatite/fluorapatite_mindat_p403325_page8_025_raw.jpg,fluorapatite,gangue_negative,2,403325,DG-8a8a435e8e4b,train,expert_fit
VTM-002736,raw_negative/gangue_negative/fluorapatite/fluorapatite_mindat_p406127_page4_044_raw.jpg,fluorapatite,gangue_negative,2,406127,DG-7c1b30efe9b2,train,expert_fit
VTM-002741,raw_negative/gangue_negative/fluorapatite/fluorapatite_mindat_p408467_page7_070_raw.jpg,fluorapatite,gangue_negative,2,408467,DG-b7f56304181f,train,expert_fit
VTM-002743,raw_negative/gangue_negative/fluorapatite/fluorapatite_mindat_p412595_page9_030_raw.jpg,fluorapatite,gangue_negative,2,412595,DG-99025d3d8d5d,train,expert_fit
VTM-002745,raw_negative/gangue_negative/fluorapatite/fluorapatite_mindat_p412918_page9_059_raw.jpg,fluorapatite,gangue_negative,2,412918,DG-21cf25dd1974,train,expert_fit
VTM-002746,raw_negative/gangue_negative/fluorapatite/fluorapatite_mindat_p414556_page4_032_raw.jpg,fluorapatite,gangue_negative,2,414556,DG-c06e2c0d2b91,train,expert_fit
VTM-002747,raw_negative/gangue_negative/fluorapatite/fluorapatite_mindat_p415859_page8_006_raw.jpg,fluorapatite,gangue_negative,2,415859,DG-28816c31cbef,train,expert_fit
VTM-002748,raw_negative/gangue_negative/fluorapatite/fluorapatite_mindat_p417026_page9_055_raw.jpg,fluorapatite,gangue_negative,2,417026,DG-afec5814433b,train,expert_fit
VTM-002750,raw_negative/gangue_negative/fluorapatite/fluorapatite_mindat_p424544_page3_031_raw.jpg,fluorapatite,gangue_negative,2,424544,DG-1b5a4a187e76,train,expert_fit
VTM-002751,raw_negative/gangue_negative/fluorapatite/fluorapatite_mindat_p425143_page1_009_raw.jpg,fluorapatite,gangue_negative,2,425143,DG-d8ba622fb9e6,train,expert_fit
VTM-002752,raw_negative/gangue_negative/fluorapatite/fluorapatite_mindat_p428296_page9_068_raw.jpg,fluorapatite,gangue_negative,2,428296,DG-43133dfa71c9,train,expert_fit
VTM-002753,raw_negative/gangue_negative/fluorapatite/fluorapatite_mindat_p428697_page8_073_raw.jpg,fluorapatite,gangue_negative,2,428697,DG-14675da71f30,val,expert_stop
VTM-002755,raw_negative/gangue_negative/fluorapatite/fluorapatite_mindat_p438057_page9_044_raw.jpg,fluorapatite,gangue_negative,2,438057,DG-2f869e76a756,train,expert_fit
VTM-002756,raw_negative/gangue_negative/fluorapatite/fluorapatite_mindat_p441743_page2_036_raw.jpg,fluorapatite,gangue_negative,2,441743,DG-00632725c3bd,train,expert_fit
VTM-002757,raw_negative/gangue_negative/fluorapatite/fluorapatite_mindat_p447511_page2_039_raw.jpg,fluorapatite,gangue_negative,2,447511,DG-92a6cda372d9,val,expert_stop
VTM-002763,raw_negative/gangue_negative/fluorapatite/fluorapatite_mindat_p458472_page9_043_raw.jpg,fluorapatite,gangue_negative,2,458472,DG-617149045788,val,expert_stop
VTM-002764,raw_negative/gangue_negative/fluorapatite/fluorapatite_mindat_p463523_page7_068_raw.jpg,fluorapatite,gangue_negative,2,463523,DG-776225aa1e4c,train,expert_fit
VTM-002765,raw_negative/gangue_negative/fluorapatite/fluorapatite_mindat_p465569_page9_074_raw.jpg,fluorapatite,gangue_negative,2,465569,DG-04feb0d85ca2,val,expert_stop
VTM-002766,raw_negative/gangue_negative/fluorapatite/fluorapatite_mindat_p470297_page5_003_raw.jpg,fluorapatite,gangue_negative,2,470297,DG-ff21086b640f,train,expert_fit
VTM-002767,raw_negative/gangue_negative/fluorapatite/fluorapatite_mindat_p471870_page7_019_raw.jpg,fluorapatite,gangue_negative,2,471870,DG-9d024c10251f,train,expert_fit
VTM-002768,raw_negative/gangue_negative/fluorapatite/fluorapatite_mindat_p471871_page7_034_raw.jpg,fluorapatite,gangue_negative,2,471871,DG-52de2c6ae450,train,expert_fit
VTM-002771,raw_negative/gangue_negative/fluorapatite/fluorapatite_mindat_p471874_page7_039_raw.jpg,fluorapatite,gangue_negative,2,471874,DG-272c62f09ed9,train,expert_fit
VTM-002772,raw_negative/gangue_negative/fluorapatite/fluorapatite_mindat_p471875_page7_056_raw.jpg,fluorapatite,gangue_negative,2,471875,DG-be4ab2bcc955,val,expert_stop
VTM-002776,raw_negative/gangue_negative/fluorapatite/fluorapatite_mindat_p478722_page2_025_raw.jpg,fluorapatite,gangue_negative,2,478722,DG-5c94400a79b8,train,expert_fit
VTM-002777,raw_negative/gangue_negative/fluorapatite/fluorapatite_mindat_p487507_page2_035_raw.jpg,fluorapatite,gangue_negative,2,487507,DG-3b4086da1f44,train,expert_fit
VTM-002778,raw_negative/gangue_negative/fluorapatite/fluorapatite_mindat_p493175_page2_013_raw.jpg,fluorapatite,gangue_negative,2,493175,DG-06b16132942b,train,expert_fit
VTM-002781,raw_negative/gangue_negative/fluorapatite/fluorapatite_mindat_p503583_page9_046_raw.jpg,fluorapatite,gangue_negative,2,503583,DG-46e771570fcc,val,expert_stop
VTM-002782,raw_negative/gangue_negative/fluorapatite/fluorapatite_mindat_p505290_page5_002_raw.jpg,fluorapatite,gangue_negative,2,505290,DG-a72f1c091d84,train,expert_fit
VTM-002784,raw_negative/gangue_negative/fluorapatite/fluorapatite_mindat_p520907_page1_055_raw.jpg,fluorapatite,gangue_negative,2,520907,DG-25ad1511006d,train,expert_fit
VTM-002785,raw_negative/gangue_negative/fluorapatite/fluorapatite_mindat_p521705_page4_069_raw.jpg,fluorapatite,gangue_negative,2,521705,DG-4469f02a60a8,train,expert_fit
VTM-002786,raw_negative/gangue_negative/fluorapatite/fluorapatite_mindat_p521754_page7_048_raw.jpg,fluorapatite,gangue_negative,2,521754,DG-59a43ddd0711,train,expert_fit
VTM-002790,raw_negative/gangue_negative/fluorapatite/fluorapatite_mindat_p527849_page8_014_raw.jpg,fluorapatite,gangue_negative,2,527849,DG-e68a1a5c5b3a,train,expert_fit
VTM-002793,raw_negative/gangue_negative/fluorapatite/fluorapatite_mindat_p544093_page9_038_raw.jpg,fluorapatite,gangue_negative,2,544093,DG-42f6736028f3,train,expert_fit
VTM-002794,raw_negative/gangue_negative/fluorapatite/fluorapatite_mindat_p545013_page8_068_raw.jpg,fluorapatite,gangue_negative,2,545013,DG-d1af5a71acb3,train,expert_fit
VTM-002795,raw_negative/gangue_negative/fluorapatite/fluorapatite_mindat_p549165_page2_047_raw.jpg,fluorapatite,gangue_negative,2,549165,DG-b7c190b1baf9,train,expert_fit
VTM-002798,raw_negative/gangue_negative/fluorapatite/fluorapatite_mindat_p560995_page4_064_raw.jpg,fluorapatite,gangue_negative,2,560995,DG-2fc3c91217fd,val,expert_stop
VTM-002799,raw_negative/gangue_negative/fluorapatite/fluorapatite_mindat_p562270_page7_014_raw.jpg,fluorapatite,gangue_negative,2,562270,DG-4864a923b670,train,expert_fit
VTM-002800,raw_negative/gangue_negative/fluorapatite/fluorapatite_mindat_p562787_page2_040_raw.jpg,fluorapatite,gangue_negative,2,562787,DG-f511b9cade4e,train,expert_fit
VTM-002806,raw_negative/gangue_negative/fluorapatite/fluorapatite_mindat_p567567_page7_063_raw.jpg,fluorapatite,gangue_negative,2,567567,DG-3d5a9eabb73c,train,expert_fit
VTM-002807,raw_negative/gangue_negative/fluorapatite/fluorapatite_mindat_p567568_page7_060_raw.jpg,fluorapatite,gangue_negative,2,567568,DG-69def72eb9e9,train,expert_fit
VTM-002809,raw_negative/gangue_negative/fluorapatite/fluorapatite_mindat_p571993_page5_008_raw.jpg,fluorapatite,gangue_negative,2,571993,DG-1ca5b5a489d2,train,expert_fit
VTM-002810,raw_negative/gangue_negative/fluorapatite/fluorapatite_mindat_p572058_page8_011_raw.jpg,fluorapatite,gangue_negative,2,572058,DG-c7cefc4405fa,val,expert_stop
VTM-002811,raw_negative/gangue_negative/fluorapatite/fluorapatite_mindat_p576373_page4_056_raw.jpg,fluorapatite,gangue_negative,2,576373,DG-ec27a8165513,train,expert_fit
VTM-002817,raw_negative/gangue_negative/fluorapatite/fluorapatite_mindat_p586388_page7_013_raw.jpg,fluorapatite,gangue_negative,2,586388,DG-72e46144068c,val,expert_stop
VTM-002818,raw_negative/gangue_negative/fluorapatite/fluorapatite_mindat_p589107_page3_026_raw.jpg,fluorapatite,gangue_negative,2,589107,DG-8ea8283029de,train,expert_fit
VTM-002819,raw_negative/gangue_negative/fluorapatite/fluorapatite_mindat_p589979_page2_051_raw.jpg,fluorapatite,gangue_negative,2,589979,DG-207d43453b30,train,expert_fit
VTM-002823,raw_negative/gangue_negative/fluorapatite/fluorapatite_mindat_p603627_page5_001_raw.jpg,fluorapatite,gangue_negative,2,603627,DG-2736a493772c,train,expert_fit
VTM-002824,raw_negative/gangue_negative/fluorapatite/fluorapatite_mindat_p609359_page1_062_raw.jpg,fluorapatite,gangue_negative,2,609359,DG-0ab91c5ad34d,train,expert_fit
VTM-002825,raw_negative/gangue_negative/fluorapatite/fluorapatite_mindat_p613034_page7_067_raw.jpg,fluorapatite,gangue_negative,2,613034,DG-72c1ed9d3742,train,expert_fit
VTM-002826,raw_negative/gangue_negative/fluorapatite/fluorapatite_mindat_p616614_page2_058_raw.jpg,fluorapatite,gangue_negative,2,616614,DG-4771fd6ffcfd,train,expert_fit
VTM-002829,raw_negative/gangue_negative/fluorapatite/fluorapatite_mindat_p622934_page4_072_raw.jpg,fluorapatite,gangue_negative,2,622934,DG-3d34698f6679,train,expert_fit
VTM-002831,raw_negative/gangue_negative/fluorapatite/fluorapatite_mindat_p628819_page3_037_raw.jpg,fluorapatite,gangue_negative,2,628819,DG-6c45faaeb70b,train,expert_fit
VTM-002832,raw_negative/gangue_negative/fluorapatite/fluorapatite_mindat_p630744_page2_073_raw.jpg,fluorapatite,gangue_negative,2,630744,DG-eb506c3cccbb,train,expert_fit
VTM-002833,raw_negative/gangue_negative/fluorapatite/fluorapatite_mindat_p633906_page9_045_raw.jpg,fluorapatite,gangue_negative,2,633906,DG-6627657d7937,train,expert_fit
VTM-002834,raw_negative/gangue_negative/fluorapatite/fluorapatite_mindat_p639278_page2_042_raw.jpg,fluorapatite,gangue_negative,2,639278,DG-638ed1ad3c68,train,expert_fit
VTM-002835,raw_negative/gangue_negative/fluorapatite/fluorapatite_mindat_p640841_page7_016_raw.jpg,fluorapatite,gangue_negative,2,640841,DG-0c5f67d4567f,train,expert_fit
VTM-002837,raw_negative/gangue_negative/fluorapatite/fluorapatite_mindat_p651122_page2_044_raw.jpg,fluorapatite,gangue_negative,2,651122,DG-80b30b3877a9,train,expert_fit
VTM-002838,raw_negative/gangue_negative/fluorapatite/fluorapatite_mindat_p655334_page8_052_raw.jpg,fluorapatite,gangue_negative,2,655334,DG-626f201437a9,train,expert_fit
VTM-002839,raw_negative/gangue_negative/fluorapatite/fluorapatite_mindat_p655336_page2_029_raw.jpg,fluorapatite,gangue_negative,2,655336,DG-cc6dea240596,val,expert_stop
VTM-002840,raw_negative/gangue_negative/fluorapatite/fluorapatite_mindat_p659043_page2_038_raw.jpg,fluorapatite,gangue_negative,2,659043,DG-f328a324a285,train,expert_fit
VTM-002841,raw_negative/gangue_negative/fluorapatite/fluorapatite_mindat_p659044_page2_046_raw.jpg,fluorapatite,gangue_negative,2,659044,DG-6c3015bf0dd0,train,expert_fit
VTM-002842,raw_negative/gangue_negative/fluorapatite/fluorapatite_mindat_p663025_page7_026_raw.jpg,fluorapatite,gangue_negative,2,663025,DG-90adf83c726e,train,expert_fit
VTM-002843,raw_negative/gangue_negative/fluorapatite/fluorapatite_mindat_p663027_page7_052_raw.jpg,fluorapatite,gangue_negative,2,663027,DG-6cf9e43f18ec,train,expert_fit
VTM-002844,raw_negative/gangue_negative/fluorapatite/fluorapatite_mindat_p663028_page7_053_raw.jpg,fluorapatite,gangue_negative,2,663028,DG-1d5829ec757c,train,expert_fit
VTM-002846,raw_negative/gangue_negative/fluorapatite/fluorapatite_mindat_p682847_page4_068_raw.jpg,fluorapatite,gangue_negative,2,682847,DG-eb56c8127d3f,train,expert_fit
VTM-002848,raw_negative/gangue_negative/fluorapatite/fluorapatite_mindat_p694739_page7_042_raw.jpg,fluorapatite,gangue_negative,2,694739,DG-9438a8d01734,val,expert_stop
VTM-002849,raw_negative/gangue_negative/fluorapatite/fluorapatite_mindat_p696320_page2_048_raw.jpg,fluorapatite,gangue_negative,2,696320,DG-841a09e8ae94,train,expert_fit
VTM-002853,raw_negative/gangue_negative/fluorapatite/fluorapatite_mindat_p717780_page9_042_raw.jpg,fluorapatite,gangue_negative,2,717780,DG-ba099fca09fc,train,expert_fit
VTM-002854,raw_negative/gangue_negative/fluorapatite/fluorapatite_mindat_p723167_page2_071_raw.jpg,fluorapatite,gangue_negative,2,723167,DG-27812b02f1ff,train,expert_fit
VTM-002857,raw_negative/gangue_negative/fluorapatite/fluorapatite_mindat_p725497_page9_041_raw.jpg,fluorapatite,gangue_negative,2,725497,DG-305115badd02,train,expert_fit
VTM-002858,raw_negative/gangue_negative/fluorapatite/fluorapatite_mindat_p736983_page3_047_raw.jpg,fluorapatite,gangue_negative,2,736983,DG-910532b1a55a,train,expert_fit
VTM-002859,raw_negative/gangue_negative/fluorapatite/fluorapatite_mindat_p738008_page3_029_raw.jpg,fluorapatite,gangue_negative,2,738008,DG-ea24da9af73a,train,expert_fit
VTM-002860,raw_negative/gangue_negative/fluorapatite/fluorapatite_mindat_p742648_page3_060_raw.jpg,fluorapatite,gangue_negative,2,742648,DG-c256a200d15c,val,expert_stop
VTM-002862,raw_negative/gangue_negative/fluorapatite/fluorapatite_mindat_p745519_page2_030_raw.jpg,fluorapatite,gangue_negative,2,745519,DG-6f0ab1b06293,train,expert_fit
VTM-002865,raw_negative/gangue_negative/fluorapatite/fluorapatite_mindat_p761820_page2_057_raw.jpg,fluorapatite,gangue_negative,2,761820,DG-63815aa98013,train,expert_fit
VTM-002866,raw_negative/gangue_negative/fluorapatite/fluorapatite_mindat_p772073_page2_074_raw.jpg,fluorapatite,gangue_negative,2,772073,DG-11ea8ec2cdd6,train,expert_fit
VTM-002868,raw_negative/gangue_negative/fluorapatite/fluorapatite_mindat_p793785_page2_059_raw.jpg,fluorapatite,gangue_negative,2,793785,DG-36c6aeaf573b,train,expert_fit
VTM-002869,raw_negative/gangue_negative/fluorapatite/fluorapatite_mindat_p814471_page1_044_raw.jpg,fluorapatite,gangue_negative,2,814471,DG-3b4e36a4741e,train,expert_fit
VTM-002871,raw_negative/gangue_negative/fluorapatite/fluorapatite_mindat_p814916_page4_075_raw.jpg,fluorapatite,gangue_negative,2,814916,DG-df382346e67f,train,expert_fit
VTM-002873,raw_negative/gangue_negative/fluorapatite/fluorapatite_mindat_p823369_page2_052_raw.jpg,fluorapatite,gangue_negative,2,823369,DG-79d8cb85cb6c,train,expert_fit
VTM-002874,raw_negative/gangue_negative/fluorapatite/fluorapatite_mindat_p848599_page2_056_raw.jpg,fluorapatite,gangue_negative,2,848599,DG-24114fe5f830,train,expert_fit
VTM-002876,raw_negative/gangue_negative/fluorapatite/fluorapatite_mindat_p863882_page2_060_raw.jpg,fluorapatite,gangue_negative,2,863882,DG-b9538958ce5c,val,expert_stop
VTM-002877,raw_negative/gangue_negative/fluorapatite/fluorapatite_mindat_p885432_page2_032_raw.jpg,fluorapatite,gangue_negative,2,885432,DG-8a907223c66e,train,expert_fit
VTM-002878,raw_negative/gangue_negative/fluorapatite/fluorapatite_mindat_p906325_page4_002_raw.jpg,fluorapatite,gangue_negative,2,906325,DG-b13147319dc3,train,expert_fit
VTM-002879,raw_negative/gangue_negative/fluorapatite/fluorapatite_mindat_p954586_page3_041_raw.jpg,fluorapatite,gangue_negative,2,954586,DG-64dfc25577e2,train,expert_fit
VTM-002880,raw_negative/gangue_negative/fluorapatite/fluorapatite_mindat_p960120_page2_045_raw.jpg,fluorapatite,gangue_negative,2,960120,DG-e98be63306ad,train,expert_fit
VTM-002881,raw_negative/gangue_negative/fluorapatite/fluorapatite_mindat_p965003_page2_072_raw.jpg,fluorapatite,gangue_negative,2,965003,DG-c10158ddaf9a,train,expert_fit
VTM-002883,raw_negative/gangue_negative/pyroxene/pyroxene_mindat_p000734_page2_051_raw.jpg,pyroxene,gangue_negative,2,734,DG-36aae56870fe,train,expert_fit
VTM-002885,raw_negative/gangue_negative/pyroxene/pyroxene_mindat_p001244_page8_011_raw.jpg,pyroxene,gangue_negative,2,1244,DG-233969308359,train,expert_fit
VTM-002886,raw_negative/gangue_negative/pyroxene/pyroxene_mindat_p001471_page8_013_raw.jpg,pyroxene,gangue_negative,2,1471,DG-647b3958ab20,train,expert_fit
VTM-002887,raw_negative/gangue_negative/pyroxene/pyroxene_mindat_p003837_page2_017_raw.jpg,pyroxene,gangue_negative,2,3837,DG-667b41e291d7,train,expert_fit
VTM-002889,raw_negative/gangue_negative/pyroxene/pyroxene_mindat_p011037_page10_071_raw.jpg,pyroxene,gangue_negative,2,11037,DG-eab811b126b9,train,expert_fit
VTM-002890,raw_negative/gangue_negative/pyroxene/pyroxene_mindat_p011791_page7_022_raw.jpg,pyroxene,gangue_negative,2,11791,DG-11491d7706ee,train,expert_fit
VTM-002893,raw_negative/gangue_negative/pyroxene/pyroxene_mindat_p022982_page8_030_raw.jpg,pyroxene,gangue_negative,2,22982,DG-0b934d904951,train,expert_fit
VTM-002894,raw_negative/gangue_negative/pyroxene/pyroxene_mindat_p022991_page2_003_raw.jpg,pyroxene,gangue_negative,2,22991,DG-3cd03ff1f86f,train,expert_fit
VTM-002895,raw_negative/gangue_negative/pyroxene/pyroxene_mindat_p022997_page7_026_raw.jpg,pyroxene,gangue_negative,2,22997,DG-49e24966d221,train,expert_fit
VTM-002896,raw_negative/gangue_negative/pyroxene/pyroxene_mindat_p023685_page4_001_raw.jpg,pyroxene,gangue_negative,2,23685,DG-ff8305188dc6,train,expert_fit
VTM-002897,raw_negative/gangue_negative/pyroxene/pyroxene_mindat_p023975_page8_038_raw.jpg,pyroxene,gangue_negative,2,23975,DG-2d0fc3c5c9d3,train,expert_fit
VTM-002898,raw_negative/gangue_negative/pyroxene/pyroxene_mindat_p025080_page1_048_raw.jpg,pyroxene,gangue_negative,2,25080,DG-0d2d3f5a6575,train,expert_fit
VTM-002899,raw_negative/gangue_negative/pyroxene/pyroxene_mindat_p025081_page1_064_raw.jpg,pyroxene,gangue_negative,2,25081,DG-9aa0f6f11f4d,train,expert_fit
VTM-002900,raw_negative/gangue_negative/pyroxene/pyroxene_mindat_p025832_page2_028_raw.jpg,pyroxene,gangue_negative,2,25832,DG-1db9b6a05f29,train,expert_fit
VTM-002902,raw_negative/gangue_negative/pyroxene/pyroxene_mindat_p033930_page2_054_raw.jpg,pyroxene,gangue_negative,2,33930,DG-a9adab69d5d9,train,expert_fit
VTM-002904,raw_negative/gangue_negative/pyroxene/pyroxene_mindat_p036776_page8_042_raw.jpg,pyroxene,gangue_negative,2,36776,DG-fed12e3d93d5,train,expert_fit
VTM-002905,raw_negative/gangue_negative/pyroxene/pyroxene_mindat_p040009_page6_018_raw.jpg,pyroxene,gangue_negative,2,40009,DG-e77a1968fdac,train,expert_fit
VTM-002906,raw_negative/gangue_negative/pyroxene/pyroxene_mindat_p040214_page10_075_raw.jpg,pyroxene,gangue_negative,2,40214,DG-b16fad4d3847,train,expert_fit
VTM-002908,raw_negative/gangue_negative/pyroxene/pyroxene_mindat_p040782_page3_003_raw.jpg,pyroxene,gangue_negative,2,40782,DG-4cb62f3b3d05,train,expert_fit
VTM-002909,raw_negative/gangue_negative/pyroxene/pyroxene_mindat_p040967_page8_055_raw.jpg,pyroxene,gangue_negative,2,40967,DG-9bbfec4037a2,val,expert_stop
VTM-002910,raw_negative/gangue_negative/pyroxene/pyroxene_mindat_p041064_page2_014_raw.jpg,pyroxene,gangue_negative,2,41064,DG-7b0342e1fa2c,train,expert_fit
VTM-002914,raw_negative/gangue_negative/pyroxene/pyroxene_mindat_p044349_page2_009_raw.jpg,pyroxene,gangue_negative,2,44349,DG-ecd4fac4287f,val,expert_stop
VTM-002916,raw_negative/gangue_negative/pyroxene/pyroxene_mindat_p044674_page8_012_raw.jpg,pyroxene,gangue_negative,2,44674,DG-1c7371bdcb66,train,expert_fit
VTM-002917,raw_negative/gangue_negative/pyroxene/pyroxene_mindat_p045367_page10_059_raw.jpg,pyroxene,gangue_negative,2,45367,DG-8e44cb4d6a4b,train,expert_fit
VTM-002919,raw_negative/gangue_negative/pyroxene/pyroxene_mindat_p046934_page8_029_raw.jpg,pyroxene,gangue_negative,2,46934,DG-356ea2090c53,val,expert_stop
VTM-002920,raw_negative/gangue_negative/pyroxene/pyroxene_mindat_p047481_page8_033_raw.jpg,pyroxene,gangue_negative,2,47481,DG-7879a2b4b0de,train,expert_fit
VTM-002922,raw_negative/gangue_negative/pyroxene/pyroxene_mindat_p047992_page8_039_raw.jpg,pyroxene,gangue_negative,2,47992,DG-fd106879bbaf,train,expert_fit
VTM-002923,raw_negative/gangue_negative/pyroxene/pyroxene_mindat_p048624_page1_055_raw.jpg,pyroxene,gangue_negative,2,48624,DG-7caa2a775a1a,train,expert_fit
VTM-002924,raw_negative/gangue_negative/pyroxene/pyroxene_mindat_p049576_page2_063_raw.jpg,pyroxene,gangue_negative,2,49576,DG-2df79f16c566,train,expert_fit
VTM-002925,raw_negative/gangue_negative/pyroxene/pyroxene_mindat_p049691_page8_024_raw.jpg,pyroxene,gangue_negative,2,49691,DG-be861e30956d,train,expert_fit
VTM-002929,raw_negative/gangue_negative/pyroxene/pyroxene_mindat_p055875_page2_053_raw.jpg,pyroxene,gangue_negative,2,55875,DG-ee0637d89c24,train,expert_fit
VTM-002931,raw_negative/gangue_negative/pyroxene/pyroxene_mindat_p057223_page2_019_raw.jpg,pyroxene,gangue_negative,2,57223,DG-4b287bf51a6f,val,expert_stop
VTM-002932,raw_negative/gangue_negative/pyroxene/pyroxene_mindat_p057478_page8_031_raw.jpg,pyroxene,gangue_negative,2,57478,DG-2c26f97e5fb9,train,expert_fit
VTM-002933,raw_negative/gangue_negative/pyroxene/pyroxene_mindat_p058485_page1_016_raw.jpg,pyroxene,gangue_negative,2,58485,DG-3a4b9df88872,train,expert_fit
VTM-002934,raw_negative/gangue_negative/pyroxene/pyroxene_mindat_p058486_page1_030_raw.jpg,pyroxene,gangue_negative,2,58486,DG-2ed01f8ef8d1,train,expert_fit
VTM-002935,raw_negative/gangue_negative/pyroxene/pyroxene_mindat_p058487_page1_019_raw.jpg,pyroxene,gangue_negative,2,58487,DG-40a550d7f4bf,train,expert_fit
VTM-002936,raw_negative/gangue_negative/pyroxene/pyroxene_mindat_p058784_page1_023_raw.jpg,pyroxene,gangue_negative,2,58784,DG-f2341a4eb33d,val,expert_stop
VTM-002938,raw_negative/gangue_negative/pyroxene/pyroxene_mindat_p061589_page1_067_raw.jpg,pyroxene,gangue_negative,2,61589,DG-bc185c527a55,val,expert_stop
VTM-002940,raw_negative/gangue_negative/pyroxene/pyroxene_mindat_p062776_page1_020_raw.jpg,pyroxene,gangue_negative,2,62776,DG-549fc5a84cd4,train,expert_fit
VTM-002942,raw_negative/gangue_negative/pyroxene/pyroxene_mindat_p063262_page6_017_raw.jpg,pyroxene,gangue_negative,2,63262,DG-618a9ab1f8b5,train,expert_fit
VTM-002943,raw_negative/gangue_negative/pyroxene/pyroxene_mindat_p063263_page6_019_raw.jpg,pyroxene,gangue_negative,2,63263,DG-07330e94de70,train,expert_fit
VTM-002944,raw_negative/gangue_negative/pyroxene/pyroxene_mindat_p063273_page1_058_raw.jpg,pyroxene,gangue_negative,2,63273,DG-b8a1ecd98f5a,train,expert_fit
VTM-002945,raw_negative/gangue_negative/pyroxene/pyroxene_mindat_p063276_page1_059_raw.jpg,pyroxene,gangue_negative,2,63276,DG-a3da53eac318,train,expert_fit
VTM-002948,raw_negative/gangue_negative/pyroxene/pyroxene_mindat_p063848_page8_035_raw.jpg,pyroxene,gangue_negative,2,63848,DG-c8c2af62c64d,train,expert_fit
VTM-002950,raw_negative/gangue_negative/pyroxene/pyroxene_mindat_p067305_page8_040_raw.jpg,pyroxene,gangue_negative,2,67305,DG-3d20cc00fc0d,train,expert_fit
VTM-002952,raw_negative/gangue_negative/pyroxene/pyroxene_mindat_p069110_page8_026_raw.jpg,pyroxene,gangue_negative,2,69110,DG-188c4dc528eb,train,expert_fit
VTM-002954,raw_negative/gangue_negative/pyroxene/pyroxene_mindat_p074541_page1_004_raw.jpg,pyroxene,gangue_negative,2,74541,DG-752db4c96d17,train,expert_fit
VTM-002956,raw_negative/gangue_negative/pyroxene/pyroxene_mindat_p075511_page1_060_raw.jpg,pyroxene,gangue_negative,2,75511,DG-dc014e2f645a,train,expert_fit
VTM-002957,raw_negative/gangue_negative/pyroxene/pyroxene_mindat_p076131_page2_040_raw.jpg,pyroxene,gangue_negative,2,76131,DG-86606245582b,train,expert_fit
VTM-002959,raw_negative/gangue_negative/pyroxene/pyroxene_mindat_p078814_page1_050_raw.jpg,pyroxene,gangue_negative,2,78814,DG-3e022997c6a8,train,expert_fit
VTM-002960,raw_negative/gangue_negative/pyroxene/pyroxene_mindat_p084460_page10_064_raw.jpg,pyroxene,gangue_negative,2,84460,DG-b4542bbe4f72,train,expert_fit
VTM-002962,raw_negative/gangue_negative/pyroxene/pyroxene_mindat_p087001_page8_052_raw.jpg,pyroxene,gangue_negative,2,87001,DG-ad3f71e68a7b,train,expert_fit
VTM-002963,raw_negative/gangue_negative/pyroxene/pyroxene_mindat_p088972_page8_062_raw.jpg,pyroxene,gangue_negative,2,88972,DG-aa11865f51c0,train,expert_fit
VTM-002965,raw_negative/gangue_negative/pyroxene/pyroxene_mindat_p092020_page8_034_raw.jpg,pyroxene,gangue_negative,2,92020,DG-39c6e752f427,val,expert_stop
VTM-002966,raw_negative/gangue_negative/pyroxene/pyroxene_mindat_p094890_page1_034_raw.jpg,pyroxene,gangue_negative,2,94890,DG-c5b146ea09f7,train,expert_fit
VTM-002967,raw_negative/gangue_negative/pyroxene/pyroxene_mindat_p094891_page1_025_raw.jpg,pyroxene,gangue_negative,2,94891,DG-14999e51fe9c,train,expert_fit
VTM-002968,raw_negative/gangue_negative/pyroxene/pyroxene_mindat_p094892_page1_024_raw.jpg,pyroxene,gangue_negative,2,94892,DG-88a12c89209d,train,expert_fit
VTM-002969,raw_negative/gangue_negative/pyroxene/pyroxene_mindat_p094893_page1_005_raw.jpg,pyroxene,gangue_negative,2,94893,DG-106bf07ba94e,train,expert_fit
VTM-002970,raw_negative/gangue_negative/pyroxene/pyroxene_mindat_p095079_page1_011_raw.jpg,pyroxene,gangue_negative,2,95079,DG-9017ab1d9737,train,expert_fit
VTM-002971,raw_negative/gangue_negative/pyroxene/pyroxene_mindat_p095080_page1_037_raw.jpg,pyroxene,gangue_negative,2,95080,DG-be618f087da3,train,expert_fit
VTM-002972,raw_negative/gangue_negative/pyroxene/pyroxene_mindat_p095081_page1_010_raw.jpg,pyroxene,gangue_negative,2,95081,DG-3856433628dd,train,expert_fit
VTM-002975,raw_negative/gangue_negative/pyroxene/pyroxene_mindat_p097381_page1_035_raw.jpg,pyroxene,gangue_negative,2,97381,DG-54c904e58e80,train,expert_fit
VTM-002976,raw_negative/gangue_negative/pyroxene/pyroxene_mindat_p097382_page1_069_raw.jpg,pyroxene,gangue_negative,2,97382,DG-cdaffff70d2b,train,expert_fit
VTM-002977,raw_negative/gangue_negative/pyroxene/pyroxene_mindat_p097386_page1_007_raw.jpg,pyroxene,gangue_negative,2,97386,DG-34b381a0603f,train,expert_fit
VTM-002978,raw_negative/gangue_negative/pyroxene/pyroxene_mindat_p1013343_page6_012_raw.jpg,pyroxene,gangue_negative,2,1013343,DG-a582d7501e6f,train,expert_fit
VTM-002979,raw_negative/gangue_negative/pyroxene/pyroxene_mindat_p1021706_page1_043_raw.jpg,pyroxene,gangue_negative,2,1021706,DG-95797b253842,train,expert_fit
VTM-002980,raw_negative/gangue_negative/pyroxene/pyroxene_mindat_p1021707_page1_018_raw.jpg,pyroxene,gangue_negative,2,1021707,DG-e16a6abaf9b2,train,expert_fit
VTM-002982,raw_negative/gangue_negative/pyroxene/pyroxene_mindat_p1024500_page8_072_raw.jpg,pyroxene,gangue_negative,2,1024500,DG-2f45f8a0936b,val,expert_stop
VTM-002984,raw_negative/gangue_negative/pyroxene/pyroxene_mindat_p105801_page8_059_raw.jpg,pyroxene,gangue_negative,2,105801,DG-12e46649f5c8,train,expert_fit
VTM-002986,raw_negative/gangue_negative/pyroxene/pyroxene_mindat_p109138_page10_063_raw.jpg,pyroxene,gangue_negative,2,109138,DG-68836918c845,train,expert_fit
VTM-002990,raw_negative/gangue_negative/pyroxene/pyroxene_mindat_p112220_page6_024_raw.jpg,pyroxene,gangue_negative,2,112220,DG-3b33867e6177,train,expert_fit
VTM-002991,raw_negative/gangue_negative/pyroxene/pyroxene_mindat_p112775_page1_070_raw.jpg,pyroxene,gangue_negative,2,112775,DG-88622df50a54,train,expert_fit
VTM-002993,raw_negative/gangue_negative/pyroxene/pyroxene_mindat_p1133737_page7_014_raw.jpg,pyroxene,gangue_negative,2,1133737,DG-c2c02d350098,train,expert_fit
VTM-002994,raw_negative/gangue_negative/pyroxene/pyroxene_mindat_p113796_page7_015_raw.jpg,pyroxene,gangue_negative,2,113796,DG-844c37912472,train,expert_fit
VTM-002995,raw_negative/gangue_negative/pyroxene/pyroxene_mindat_p1145334_page7_021_raw.jpg,pyroxene,gangue_negative,2,1145334,DG-224b2fda42b0,train,expert_fit
VTM-002996,raw_negative/gangue_negative/pyroxene/pyroxene_mindat_p114618_page2_031_raw.jpg,pyroxene,gangue_negative,2,114618,DG-13cf358d7fec,train,expert_fit
VTM-003000,raw_negative/gangue_negative/pyroxene/pyroxene_mindat_p116307_page1_013_raw.jpg,pyroxene,gangue_negative,2,116307,DG-ca7739728c21,val,expert_stop
VTM-003001,raw_negative/gangue_negative/pyroxene/pyroxene_mindat_p118153_page2_013_raw.jpg,pyroxene,gangue_negative,2,118153,DG-83d2bf0fab9e,val,expert_stop
VTM-003004,raw_negative/gangue_negative/pyroxene/pyroxene_mindat_p1188692_page4_008_raw.jpg,pyroxene,gangue_negative,2,1188692,DG-06d08f9dea64,train,expert_fit
VTM-003005,raw_negative/gangue_negative/pyroxene/pyroxene_mindat_p1188871_page4_007_raw.jpg,pyroxene,gangue_negative,2,1188871,DG-6e6ba758e9a7,train,expert_fit
VTM-003007,raw_negative/gangue_negative/pyroxene/pyroxene_mindat_p1189122_page4_006_raw.jpg,pyroxene,gangue_negative,2,1189122,DG-ed77bf2b2e2c,train,expert_fit
VTM-003012,raw_negative/gangue_negative/pyroxene/pyroxene_mindat_p1212775_page6_014_raw.jpg,pyroxene,gangue_negative,2,1212775,DG-2673c062e46a,train,expert_fit
VTM-003013,raw_negative/gangue_negative/pyroxene/pyroxene_mindat_p1214128_page1_029_raw.jpg,pyroxene,gangue_negative,2,1214128,DG-f1006f008707,train,expert_fit
VTM-003014,raw_negative/gangue_negative/pyroxene/pyroxene_mindat_p121976_page2_011_raw.jpg,pyroxene,gangue_negative,2,121976,DG-260af5a4ce61,train,expert_fit
VTM-003016,raw_negative/gangue_negative/pyroxene/pyroxene_mindat_p1253513_page10_047_raw.jpg,pyroxene,gangue_negative,2,1253513,DG-e8780ab87562,train,expert_fit
VTM-003018,raw_negative/gangue_negative/pyroxene/pyroxene_mindat_p1279127_page10_031_raw.jpg,pyroxene,gangue_negative,2,1279127,DG-6a899d32c512,val,expert_stop
VTM-003021,raw_negative/gangue_negative/pyroxene/pyroxene_mindat_p131613_page2_022_raw.jpg,pyroxene,gangue_negative,2,131613,DG-36932a249f8e,train,expert_fit
VTM-003022,raw_negative/gangue_negative/pyroxene/pyroxene_mindat_p131727_page8_044_raw.jpg,pyroxene,gangue_negative,2,131727,DG-36d27ee1f175,train,expert_fit
VTM-003023,raw_negative/gangue_negative/pyroxene/pyroxene_mindat_p1320556_page10_037_raw.jpg,pyroxene,gangue_negative,2,1320556,DG-798643d13cc6,train,expert_fit
VTM-003025,raw_negative/gangue_negative/pyroxene/pyroxene_mindat_p1326021_page10_035_raw.jpg,pyroxene,gangue_negative,2,1326021,DG-27782542d229,train,expert_fit
VTM-003030,raw_negative/gangue_negative/pyroxene/pyroxene_mindat_p1329390_page10_046_raw.jpg,pyroxene,gangue_negative,2,1329390,DG-e7d96cc4860e,train,expert_fit
VTM-003031,raw_negative/gangue_negative/pyroxene/pyroxene_mindat_p1329395_page10_040_raw.jpg,pyroxene,gangue_negative,2,1329395,DG-7d95cd5f2601,train,expert_fit
VTM-003032,raw_negative/gangue_negative/pyroxene/pyroxene_mindat_p133348_page2_057_raw.jpg,pyroxene,gangue_negative,2,133348,DG-9b6b7039f87d,train,expert_fit
VTM-003034,raw_negative/gangue_negative/pyroxene/pyroxene_mindat_p1336490_page10_041_raw.jpg,pyroxene,gangue_negative,2,1336490,DG-00b42aa15c42,train,expert_fit
VTM-003036,raw_negative/gangue_negative/pyroxene/pyroxene_mindat_p1364667_page1_042_raw.jpg,pyroxene,gangue_negative,2,1364667,DG-43f779e8ec78,train,expert_fit
VTM-003039,raw_negative/gangue_negative/pyroxene/pyroxene_mindat_p1396613_page10_033_raw.jpg,pyroxene,gangue_negative,2,1396613,DG-565b3d8df2b1,train,expert_fit
VTM-003040,raw_negative/gangue_negative/pyroxene/pyroxene_mindat_p1409093_page10_054_raw.jpg,pyroxene,gangue_negative,2,1409093,DG-fea5d767b540,train,expert_fit
VTM-003041,raw_negative/gangue_negative/pyroxene/pyroxene_mindat_p141832_page2_073_raw.jpg,pyroxene,gangue_negative,2,141832,DG-da0e75aeb461,train,expert_fit
VTM-003044,raw_negative/gangue_negative/pyroxene/pyroxene_mindat_p142805_page1_014_raw.jpg,pyroxene,gangue_negative,2,142805,DG-4a915517d425,train,expert_fit
VTM-003045,raw_negative/gangue_negative/pyroxene/pyroxene_mindat_p142806_page1_026_raw.jpg,pyroxene,gangue_negative,2,142806,DG-c0ef0ccd74dd,train,expert_fit
VTM-003049,raw_negative/gangue_negative/pyroxene/pyroxene_mindat_p143146_page8_015_raw.jpg,pyroxene,gangue_negative,2,143146,DG-4d3059f55084,val,expert_stop
VTM-003050,raw_negative/gangue_negative/pyroxene/pyroxene_mindat_p143209_page8_056_raw.jpg,pyroxene,gangue_negative,2,143209,DG-a8ccd74c97e8,train,expert_fit
VTM-003052,raw_negative/gangue_negative/pyroxene/pyroxene_mindat_p1439365_page2_050_raw.jpg,pyroxene,gangue_negative,2,1439365,DG-85795c0d6b16,train,expert_fit
VTM-003053,raw_negative/gangue_negative/pyroxene/pyroxene_mindat_p145026_page8_070_raw.jpg,pyroxene,gangue_negative,2,145026,DG-11d143b1abc8,train,expert_fit
VTM-003054,raw_negative/gangue_negative/pyroxene/pyroxene_mindat_p147796_page7_011_raw.jpg,pyroxene,gangue_negative,2,147796,DG-f565f1f89460,train,expert_fit
VTM-003055,raw_negative/gangue_negative/pyroxene/pyroxene_mindat_p148376_page1_068_raw.jpg,pyroxene,gangue_negative,2,148376,DG-593b1da49274,train,expert_fit
VTM-003056,raw_negative/gangue_negative/pyroxene/pyroxene_mindat_p151591_page8_066_raw.jpg,pyroxene,gangue_negative,2,151591,DG-0754c755a8ab,train,expert_fit
VTM-003060,raw_negative/gangue_negative/pyroxene/pyroxene_mindat_p157797_page1_044_raw.jpg,pyroxene,gangue_negative,2,157797,DG-d276aea623d9,train,expert_fit
VTM-003061,raw_negative/gangue_negative/pyroxene/pyroxene_mindat_p1578680_page10_034_raw.jpg,pyroxene,gangue_negative,2,1578680,DG-02721674da63,train,expert_fit
VTM-003063,raw_negative/gangue_negative/pyroxene/pyroxene_mindat_p1578689_page10_045_raw.jpg,pyroxene,gangue_negative,2,1578689,DG-511bc518eefd,train,expert_fit
VTM-003064,raw_negative/gangue_negative/pyroxene/pyroxene_mindat_p1578692_page10_052_raw.jpg,pyroxene,gangue_negative,2,1578692,DG-b7f4a5c233c8,train,expert_fit
VTM-003065,raw_negative/gangue_negative/pyroxene/pyroxene_mindat_p1578932_page10_042_raw.jpg,pyroxene,gangue_negative,2,1578932,DG-d07ead84c7a2,val,expert_stop
VTM-003067,raw_negative/gangue_negative/pyroxene/pyroxene_mindat_p1579562_page10_026_raw.jpg,pyroxene,gangue_negative,2,1579562,DG-2634c9e90787,train,expert_fit
VTM-003070,raw_negative/gangue_negative/pyroxene/pyroxene_mindat_p1580156_page10_036_raw.jpg,pyroxene,gangue_negative,2,1580156,DG-316331c5fc65,val,expert_stop
VTM-003071,raw_negative/gangue_negative/pyroxene/pyroxene_mindat_p1580279_page10_056_raw.jpg,pyroxene,gangue_negative,2,1580279,DG-72b89c61515e,train,expert_fit
VTM-003073,raw_negative/gangue_negative/pyroxene/pyroxene_mindat_p1616305_page6_075_raw.jpg,pyroxene,gangue_negative,2,1616305,DG-53909db5f730,val,expert_stop
VTM-003075,raw_negative/gangue_negative/pyroxene/pyroxene_mindat_p162694_page2_069_raw.jpg,pyroxene,gangue_negative,2,162694,DG-ba0752659635,train,expert_fit
VTM-003076,raw_negative/gangue_negative/pyroxene/pyroxene_mindat_p1647438_page3_002_raw.jpg,pyroxene,gangue_negative,2,1647438,DG-27c27a638953,val,expert_stop
VTM-003078,raw_negative/gangue_negative/pyroxene/pyroxene_mindat_p165678_page10_062_raw.jpg,pyroxene,gangue_negative,2,165678,DG-9bec23dcb15f,train,expert_fit
VTM-003079,raw_negative/gangue_negative/pyroxene/pyroxene_mindat_p166104_page1_045_raw.jpg,pyroxene,gangue_negative,2,166104,DG-5e46fbd860b7,train,expert_fit
VTM-003081,raw_negative/gangue_negative/pyroxene/pyroxene_mindat_p167001_page2_039_raw.jpg,pyroxene,gangue_negative,2,167001,DG-57c3496aabcc,train,expert_fit
VTM-003082,raw_negative/gangue_negative/pyroxene/pyroxene_mindat_p167492_page10_060_raw.jpg,pyroxene,gangue_negative,2,167492,DG-c0e74af687b9,train,expert_fit
VTM-003084,raw_negative/gangue_negative/pyroxene/pyroxene_mindat_p1679030_page10_057_raw.jpg,pyroxene,gangue_negative,2,1679030,DG-08f941b3adbe,train,expert_fit
VTM-003085,raw_negative/gangue_negative/pyroxene/pyroxene_mindat_p1679504_page10_058_raw.jpg,pyroxene,gangue_negative,2,1679504,DG-448fd62e45b6,train,expert_fit
VTM-003086,raw_negative/gangue_negative/pyroxene/pyroxene_mindat_p168221_page8_074_raw.jpg,pyroxene,gangue_negative,2,168221,DG-7ca64cc7944a,train,expert_fit
VTM-003088,raw_negative/gangue_negative/pyroxene/pyroxene_mindat_p168699_page2_030_raw.jpg,pyroxene,gangue_negative,2,168699,DG-84f2ccc22215,train,expert_fit
VTM-003089,raw_negative/gangue_negative/pyroxene/pyroxene_mindat_p1689228_page3_005_raw.jpg,pyroxene,gangue_negative,2,1689228,DG-6e83ee1cd5c2,val,expert_stop
VTM-003091,raw_negative/gangue_negative/pyroxene/pyroxene_mindat_p170825_page8_037_raw.jpg,pyroxene,gangue_negative,2,170825,DG-141157379f48,train,expert_fit
VTM-003095,raw_negative/gangue_negative/pyroxene/pyroxene_mindat_p1727569_page1_075_raw.jpg,pyroxene,gangue_negative,2,1727569,DG-af10249a69e3,train,expert_fit
VTM-003096,raw_negative/gangue_negative/pyroxene/pyroxene_mindat_p173573_page8_009_raw.jpg,pyroxene,gangue_negative,2,173573,DG-dc6048c8c6a4,train,expert_fit
VTM-003098,raw_negative/gangue_negative/pyroxene/pyroxene_mindat_p173940_page8_001_raw.jpg,pyroxene,gangue_negative,2,173940,DG-ed9a16dba0ad,train,expert_fit
VTM-003099,raw_negative/gangue_negative/pyroxene/pyroxene_mindat_p174436_page8_067_raw.jpg,pyroxene,gangue_negative,2,174436,DG-caffb8d03ce7,train,expert_fit
VTM-003101,raw_negative/gangue_negative/pyroxene/pyroxene_mindat_p177638_page1_046_raw.jpg,pyroxene,gangue_negative,2,177638,DG-270a257d6333,val,expert_stop
VTM-003102,raw_negative/gangue_negative/pyroxene/pyroxene_mindat_p177639_page10_014_raw.jpg,pyroxene,gangue_negative,2,177639,DG-eb49f9733f96,val,expert_stop
VTM-003103,raw_negative/gangue_negative/pyroxene/pyroxene_mindat_p177640_page1_051_raw.jpg,pyroxene,gangue_negative,2,177640,DG-874d195ada94,train,expert_fit
VTM-003106,raw_negative/gangue_negative/pyroxene/pyroxene_mindat_p180707_page8_064_raw.jpg,pyroxene,gangue_negative,2,180707,DG-c340f81cc765,train,expert_fit
VTM-003107,raw_negative/gangue_negative/pyroxene/pyroxene_mindat_p185775_page2_037_raw.jpg,pyroxene,gangue_negative,2,185775,DG-eb291857b5f2,val,expert_stop
VTM-003108,raw_negative/gangue_negative/pyroxene/pyroxene_mindat_p186226_page1_056_raw.jpg,pyroxene,gangue_negative,2,186226,DG-8e63d42ac29e,val,expert_stop
VTM-003109,raw_negative/gangue_negative/pyroxene/pyroxene_mindat_p188368_page6_032_raw.jpg,pyroxene,gangue_negative,2,188368,DG-5009da639d73,val,expert_stop
VTM-003110,raw_negative/gangue_negative/pyroxene/pyroxene_mindat_p188433_page2_006_raw.jpg,pyroxene,gangue_negative,2,188433,DG-480f994028c5,train,expert_fit
VTM-003111,raw_negative/gangue_negative/pyroxene/pyroxene_mindat_p190340_page6_029_raw.jpg,pyroxene,gangue_negative,2,190340,DG-3585b8f3ca2e,train,expert_fit
VTM-003114,raw_negative/gangue_negative/pyroxene/pyroxene_mindat_p196207_page6_023_raw.jpg,pyroxene,gangue_negative,2,196207,DG-c1c2c556a27f,train,expert_fit
VTM-003115,raw_negative/gangue_negative/pyroxene/pyroxene_mindat_p196429_page2_066_raw.jpg,pyroxene,gangue_negative,2,196429,DG-1515abbb052e,train,expert_fit
VTM-003118,raw_negative/gangue_negative/pyroxene/pyroxene_mindat_p202888_page8_027_raw.jpg,pyroxene,gangue_negative,2,202888,DG-2755ec7b9d3b,train,expert_fit
VTM-003119,raw_negative/gangue_negative/pyroxene/pyroxene_mindat_p203675_page10_068_raw.jpg,pyroxene,gangue_negative,2,203675,DG-7c00e528bd8a,train,expert_fit
VTM-003121,raw_negative/gangue_negative/pyroxene/pyroxene_mindat_p212638_page1_074_raw.jpg,pyroxene,gangue_negative,2,212638,DG-4a2a9de238bd,train,expert_fit
VTM-003122,raw_negative/gangue_negative/pyroxene/pyroxene_mindat_p212988_page6_020_raw.jpg,pyroxene,gangue_negative,2,212988,DG-e3cdd9392b5d,train,expert_fit
VTM-003123,raw_negative/gangue_negative/pyroxene/pyroxene_mindat_p212989_page6_047_raw.jpg,pyroxene,gangue_negative,2,212989,DG-4769b5641f77,train,expert_fit
VTM-003127,raw_negative/gangue_negative/pyroxene/pyroxene_mindat_p216961_page10_065_raw.jpg,pyroxene,gangue_negative,2,216961,DG-28bc7f457226,train,expert_fit
VTM-003129,raw_negative/gangue_negative/pyroxene/pyroxene_mindat_p217881_page4_002_raw.jpg,pyroxene,gangue_negative,2,217881,DG-7bb56407ea85,train,expert_fit
VTM-003130,raw_negative/gangue_negative/pyroxene/pyroxene_mindat_p218922_page8_021_raw.jpg,pyroxene,gangue_negative,2,218922,DG-65e305e9a731,val,expert_stop
VTM-003131,raw_negative/gangue_negative/pyroxene/pyroxene_mindat_p222643_page6_031_raw.jpg,pyroxene,gangue_negative,2,222643,DG-3879cfb76799,train,expert_fit
VTM-003133,raw_negative/gangue_negative/pyroxene/pyroxene_mindat_p225004_page6_030_raw.jpg,pyroxene,gangue_negative,2,225004,DG-1d3fba811a11,train,expert_fit
VTM-003134,raw_negative/gangue_negative/pyroxene/pyroxene_mindat_p226651_page6_036_raw.jpg,pyroxene,gangue_negative,2,226651,DG-d21176b4a338,train,expert_fit
VTM-003135,raw_negative/gangue_negative/pyroxene/pyroxene_mindat_p228916_page6_043_raw.jpg,pyroxene,gangue_negative,2,228916,DG-12fa4efe713b,train,expert_fit
VTM-003136,raw_negative/gangue_negative/pyroxene/pyroxene_mindat_p230449_page2_041_raw.jpg,pyroxene,gangue_negative,2,230449,DG-5b84681da663,val,expert_stop
VTM-003137,raw_negative/gangue_negative/pyroxene/pyroxene_mindat_p230453_page8_071_raw.jpg,pyroxene,gangue_negative,2,230453,DG-8ff769650c04,val,expert_stop
VTM-003138,raw_negative/gangue_negative/pyroxene/pyroxene_mindat_p233188_page6_004_raw.jpg,pyroxene,gangue_negative,2,233188,DG-1c3426d57d0e,train,expert_fit
VTM-003143,raw_negative/gangue_negative/pyroxene/pyroxene_mindat_p244511_page2_038_raw.jpg,pyroxene,gangue_negative,2,244511,DG-697a0e5f8655,train,expert_fit
VTM-003147,raw_negative/gangue_negative/pyroxene/pyroxene_mindat_p252167_page1_038_raw.jpg,pyroxene,gangue_negative,2,252167,DG-ac54427293e7,train,expert_fit
VTM-003150,raw_negative/gangue_negative/pyroxene/pyroxene_mindat_p259193_page7_024_raw.jpg,pyroxene,gangue_negative,2,259193,DG-a4568071fec7,val,expert_stop
VTM-003151,raw_negative/gangue_negative/pyroxene/pyroxene_mindat_p259194_page7_028_raw.jpg,pyroxene,gangue_negative,2,259194,DG-b43f3934bb4c,train,expert_fit
VTM-003152,raw_negative/gangue_negative/pyroxene/pyroxene_mindat_p263785_page2_020_raw.jpg,pyroxene,gangue_negative,2,263785,DG-9c840e161e3d,train,expert_fit
VTM-003153,raw_negative/gangue_negative/pyroxene/pyroxene_mindat_p271365_page2_021_raw.jpg,pyroxene,gangue_negative,2,271365,DG-09bec96d834d,train,expert_fit
VTM-003154,raw_negative/gangue_negative/pyroxene/pyroxene_mindat_p272939_page2_058_raw.jpg,pyroxene,gangue_negative,2,272939,DG-9d952651e316,train,expert_fit
VTM-003155,raw_negative/gangue_negative/pyroxene/pyroxene_mindat_p272984_page2_060_raw.jpg,pyroxene,gangue_negative,2,272984,DG-82eaf07a7bdb,val,expert_stop
VTM-003156,raw_negative/gangue_negative/pyroxene/pyroxene_mindat_p275813_page8_005_raw.jpg,pyroxene,gangue_negative,2,275813,DG-c3a02c9c6a0c,train,expert_fit
VTM-003157,raw_negative/gangue_negative/pyroxene/pyroxene_mindat_p276229_page11_002_raw.jpg,pyroxene,gangue_negative,2,276229,DG-66b9ad6c6148,train,expert_fit
VTM-003158,raw_negative/gangue_negative/pyroxene/pyroxene_mindat_p280443_page2_061_raw.jpg,pyroxene,gangue_negative,2,280443,DG-80ba1339b890,train,expert_fit
VTM-003160,raw_negative/gangue_negative/pyroxene/pyroxene_mindat_p284604_page1_057_raw.jpg,pyroxene,gangue_negative,2,284604,DG-42c5982d528d,train,expert_fit
VTM-003161,raw_negative/gangue_negative/pyroxene/pyroxene_mindat_p288524_page8_003_raw.jpg,pyroxene,gangue_negative,2,288524,DG-f9eebbbfa68a,train,expert_fit
VTM-003164,raw_negative/gangue_negative/pyroxene/pyroxene_mindat_p293401_page6_040_raw.jpg,pyroxene,gangue_negative,2,293401,DG-7bc5f4203f23,train,expert_fit
VTM-003165,raw_negative/gangue_negative/pyroxene/pyroxene_mindat_p308020_page2_045_raw.jpg,pyroxene,gangue_negative,2,308020,DG-78af7f9ebac1,train,expert_fit
VTM-003166,raw_negative/gangue_negative/pyroxene/pyroxene_mindat_p311147_page2_005_raw.jpg,pyroxene,gangue_negative,2,311147,DG-fefad8b6e176,val,expert_stop
VTM-003167,raw_negative/gangue_negative/pyroxene/pyroxene_mindat_p311412_page7_057_raw.jpg,pyroxene,gangue_negative,2,311412,DG-fde5f2d58bd6,val,expert_stop
VTM-003170,raw_negative/gangue_negative/pyroxene/pyroxene_mindat_p318963_page1_063_raw.jpg,pyroxene,gangue_negative,2,318963,DG-3c9a42ca69c4,train,expert_fit
VTM-003171,raw_negative/gangue_negative/pyroxene/pyroxene_mindat_p326802_page10_011_raw.jpg,pyroxene,gangue_negative,2,326802,DG-462d909e6446,val,expert_stop
VTM-003172,raw_negative/gangue_negative/pyroxene/pyroxene_mindat_p332163_page8_007_raw.jpg,pyroxene,gangue_negative,2,332163,DG-de8624b5213f,val,expert_stop
VTM-003177,raw_negative/gangue_negative/pyroxene/pyroxene_mindat_p353537_page8_002_raw.jpg,pyroxene,gangue_negative,2,353537,DG-490ca7f8b15a,train,expert_fit
VTM-003178,raw_negative/gangue_negative/pyroxene/pyroxene_mindat_p355456_page7_012_raw.jpg,pyroxene,gangue_negative,2,355456,DG-794312806f16,train,expert_fit
VTM-003180,raw_negative/gangue_negative/pyroxene/pyroxene_mindat_p358245_page6_022_raw.jpg,pyroxene,gangue_negative,2,358245,DG-cc8b7babfac4,train,expert_fit
VTM-003181,raw_negative/gangue_negative/pyroxene/pyroxene_mindat_p358246_page6_028_raw.jpg,pyroxene,gangue_negative,2,358246,DG-b1d6d146f73f,train,expert_fit
VTM-003184,raw_negative/gangue_negative/pyroxene/pyroxene_mindat_p372327_page8_051_raw.jpg,pyroxene,gangue_negative,2,372327,DG-ce96664994ce,train,expert_fit
VTM-003186,raw_negative/gangue_negative/pyroxene/pyroxene_mindat_p375702_page2_067_raw.jpg,pyroxene,gangue_negative,2,375702,DG-f84f5b035ab4,train,expert_fit
VTM-003187,raw_negative/gangue_negative/pyroxene/pyroxene_mindat_p376316_page6_006_raw.jpg,pyroxene,gangue_negative,2,376316,DG-20fae7745a04,val,expert_stop
VTM-003188,raw_negative/gangue_negative/pyroxene/pyroxene_mindat_p388828_page6_035_raw.jpg,pyroxene,gangue_negative,2,388828,DG-76cd041b718d,train,expert_fit
VTM-003190,raw_negative/gangue_negative/pyroxene/pyroxene_mindat_p391611_page1_052_raw.jpg,pyroxene,gangue_negative,2,391611,DG-95f9589a4c5f,val,expert_stop
VTM-003191,raw_negative/gangue_negative/pyroxene/pyroxene_mindat_p394836_page7_030_raw.jpg,pyroxene,gangue_negative,2,394836,DG-771a6afc0275,val,expert_stop
VTM-003192,raw_negative/gangue_negative/pyroxene/pyroxene_mindat_p400189_page8_006_raw.jpg,pyroxene,gangue_negative,2,400189,DG-3d7227aa9b91,val,expert_stop
VTM-003194,raw_negative/gangue_negative/pyroxene/pyroxene_mindat_p400816_page2_048_raw.jpg,pyroxene,gangue_negative,2,400816,DG-aa5a0a987491,train,expert_fit
VTM-003195,raw_negative/gangue_negative/pyroxene/pyroxene_mindat_p401313_page8_043_raw.jpg,pyroxene,gangue_negative,2,401313,DG-9c3b22aefc04,val,expert_stop
VTM-003196,raw_negative/gangue_negative/pyroxene/pyroxene_mindat_p402227_page7_034_raw.jpg,pyroxene,gangue_negative,2,402227,DG-00e1e7a9cabb,train,expert_fit
VTM-003197,raw_negative/gangue_negative/pyroxene/pyroxene_mindat_p405236_page2_046_raw.jpg,pyroxene,gangue_negative,2,405236,DG-3beb2817eac1,train,expert_fit
VTM-003201,raw_negative/gangue_negative/pyroxene/pyroxene_mindat_p414089_page6_052_raw.jpg,pyroxene,gangue_negative,2,414089,DG-1dd2f524e776,val,expert_stop
VTM-003204,raw_negative/gangue_negative/pyroxene/pyroxene_mindat_p420821_page10_017_raw.jpg,pyroxene,gangue_negative,2,420821,DG-856bb9735d7a,train,expert_fit
VTM-003205,raw_negative/gangue_negative/pyroxene/pyroxene_mindat_p425804_page2_024_raw.jpg,pyroxene,gangue_negative,2,425804,DG-de3a05801248,train,expert_fit
VTM-003206,raw_negative/gangue_negative/pyroxene/pyroxene_mindat_p428613_page6_067_raw.jpg,pyroxene,gangue_negative,2,428613,DG-22c07204cbd1,train,expert_fit
VTM-003209,raw_negative/gangue_negative/pyroxene/pyroxene_mindat_p432517_page6_041_raw.jpg,pyroxene,gangue_negative,2,432517,DG-46362c1b22e2,train,expert_fit
VTM-003210,raw_negative/gangue_negative/pyroxene/pyroxene_mindat_p434824_page1_036_raw.jpg,pyroxene,gangue_negative,2,434824,DG-89f5c9cca930,val,expert_stop
VTM-003212,raw_negative/gangue_negative/pyroxene/pyroxene_mindat_p440930_page7_075_raw.jpg,pyroxene,gangue_negative,2,440930,DG-1f9988a126e0,train,expert_fit
VTM-003213,raw_negative/gangue_negative/pyroxene/pyroxene_mindat_p440931_page7_045_raw.jpg,pyroxene,gangue_negative,2,440931,DG-560d0dea0375,train,expert_fit
VTM-003214,raw_negative/gangue_negative/pyroxene/pyroxene_mindat_p443802_page7_053_raw.jpg,pyroxene,gangue_negative,2,443802,DG-a100a5d98221,train,expert_fit
VTM-003216,raw_negative/gangue_negative/pyroxene/pyroxene_mindat_p449232_page10_024_raw.jpg,pyroxene,gangue_negative,2,449232,DG-8597fbb0c063,train,expert_fit
VTM-003217,raw_negative/gangue_negative/pyroxene/pyroxene_mindat_p450528_page6_061_raw.jpg,pyroxene,gangue_negative,2,450528,DG-589a19f16dbe,val,expert_stop
VTM-003218,raw_negative/gangue_negative/pyroxene/pyroxene_mindat_p452393_page7_023_raw.jpg,pyroxene,gangue_negative,2,452393,DG-6a0fe6019816,val,expert_stop
VTM-003219,raw_negative/gangue_negative/pyroxene/pyroxene_mindat_p458547_page7_046_raw.jpg,pyroxene,gangue_negative,2,458547,DG-76e82040c404,train,expert_fit
VTM-003221,raw_negative/gangue_negative/pyroxene/pyroxene_mindat_p466775_page7_044_raw.jpg,pyroxene,gangue_negative,2,466775,DG-16e7c1126e9f,train,expert_fit
VTM-003222,raw_negative/gangue_negative/pyroxene/pyroxene_mindat_p469181_page7_032_raw.jpg,pyroxene,gangue_negative,2,469181,DG-8288d203dff6,train,expert_fit
VTM-003223,raw_negative/gangue_negative/pyroxene/pyroxene_mindat_p469844_page10_015_raw.jpg,pyroxene,gangue_negative,2,469844,DG-ab7eefd4077b,train,expert_fit
VTM-003224,raw_negative/gangue_negative/pyroxene/pyroxene_mindat_p471611_page5_016_raw.jpg,pyroxene,gangue_negative,2,471611,DG-206d0740857a,train,expert_fit
VTM-003225,raw_negative/gangue_negative/pyroxene/pyroxene_mindat_p472487_page8_058_raw.jpg,pyroxene,gangue_negative,2,472487,DG-cc36e9bd9bf8,train,expert_fit
VTM-003226,raw_negative/gangue_negative/pyroxene/pyroxene_mindat_p474299_page2_016_raw.jpg,pyroxene,gangue_negative,2,474299,DG-554d6670e9b4,train,expert_fit
VTM-003227,raw_negative/gangue_negative/pyroxene/pyroxene_mindat_p474378_page6_059_raw.jpg,pyroxene,gangue_negative,2,474378,DG-04c20cda0e71,train,expert_fit
VTM-003228,raw_negative/gangue_negative/pyroxene/pyroxene_mindat_p477425_page7_035_raw.jpg,pyroxene,gangue_negative,2,477425,DG-f7485785bb60,train,expert_fit
VTM-003229,raw_negative/gangue_negative/pyroxene/pyroxene_mindat_p478002_page5_014_raw.jpg,pyroxene,gangue_negative,2,478002,DG-06a33ebefcf2,train,expert_fit
VTM-003234,raw_negative/gangue_negative/pyroxene/pyroxene_mindat_p480829_page5_005_raw.jpg,pyroxene,gangue_negative,2,480829,DG-3d3392c2e5f0,train,expert_fit
VTM-003235,raw_negative/gangue_negative/pyroxene/pyroxene_mindat_p480834_page5_020_raw.jpg,pyroxene,gangue_negative,2,480834,DG-1793687c7efc,val,expert_stop
VTM-003237,raw_negative/gangue_negative/pyroxene/pyroxene_mindat_p484811_page7_031_raw.jpg,pyroxene,gangue_negative,2,484811,DG-14ea4ea1ba5a,train,expert_fit
VTM-003239,raw_negative/gangue_negative/pyroxene/pyroxene_mindat_p488631_page5_010_raw.jpg,pyroxene,gangue_negative,2,488631,DG-13991e92ce5f,train,expert_fit
VTM-003241,raw_negative/gangue_negative/pyroxene/pyroxene_mindat_p490199_page5_018_raw.jpg,pyroxene,gangue_negative,2,490199,DG-95614b45fff9,train,expert_fit
VTM-003243,raw_negative/gangue_negative/pyroxene/pyroxene_mindat_p490210_page5_013_raw.jpg,pyroxene,gangue_negative,2,490210,DG-1a574af924f0,train,expert_fit
VTM-003244,raw_negative/gangue_negative/pyroxene/pyroxene_mindat_p496601_page6_027_raw.jpg,pyroxene,gangue_negative,2,496601,DG-7c42bdabb0b5,train,expert_fit
VTM-003245,raw_negative/gangue_negative/pyroxene/pyroxene_mindat_p498859_page8_014_raw.jpg,pyroxene,gangue_negative,2,498859,DG-c8f1bf1f629f,train,expert_fit
VTM-003247,raw_negative/gangue_negative/pyroxene/pyroxene_mindat_p502632_page7_062_raw.jpg,pyroxene,gangue_negative,2,502632,DG-338ead0166e2,train,expert_fit
VTM-003250,raw_negative/gangue_negative/pyroxene/pyroxene_mindat_p504337_page6_039_raw.jpg,pyroxene,gangue_negative,2,504337,DG-18740d3fe08a,train,expert_fit
VTM-003252,raw_negative/gangue_negative/pyroxene/pyroxene_mindat_p506677_page6_053_raw.jpg,pyroxene,gangue_negative,2,506677,DG-c2662337c3f4,val,expert_stop
VTM-003255,raw_negative/gangue_negative/pyroxene/pyroxene_mindat_p508093_page5_024_raw.jpg,pyroxene,gangue_negative,2,508093,DG-75889ba42e57,train,expert_fit
VTM-003256,raw_negative/gangue_negative/pyroxene/pyroxene_mindat_p508095_page5_026_raw.jpg,pyroxene,gangue_negative,2,508095,DG-0c786d411cfc,train,expert_fit
VTM-003257,raw_negative/gangue_negative/pyroxene/pyroxene_mindat_p508096_page5_029_raw.jpg,pyroxene,gangue_negative,2,508096,DG-1b195b5c368f,train,expert_fit
VTM-003259,raw_negative/gangue_negative/pyroxene/pyroxene_mindat_p508100_page5_011_raw.jpg,pyroxene,gangue_negative,2,508100,DG-e9eb3050e694,train,expert_fit
VTM-003260,raw_negative/gangue_negative/pyroxene/pyroxene_mindat_p508154_page7_066_raw.jpg,pyroxene,gangue_negative,2,508154,DG-88a40d491940,val,expert_stop
VTM-003261,raw_negative/gangue_negative/pyroxene/pyroxene_mindat_p508176_page5_015_raw.jpg,pyroxene,gangue_negative,2,508176,DG-235d1d1c4da8,train,expert_fit
VTM-003262,raw_negative/gangue_negative/pyroxene/pyroxene_mindat_p508177_page5_021_raw.jpg,pyroxene,gangue_negative,2,508177,DG-ce582e0b163d,train,expert_fit
VTM-003263,raw_negative/gangue_negative/pyroxene/pyroxene_mindat_p508179_page5_023_raw.jpg,pyroxene,gangue_negative,2,508179,DG-6965691b2848,train,expert_fit
VTM-003266,raw_negative/gangue_negative/pyroxene/pyroxene_mindat_p508230_page9_003_raw.jpg,pyroxene,gangue_negative,2,508230,DG-0a136c262291,train,expert_fit
VTM-003268,raw_negative/gangue_negative/pyroxene/pyroxene_mindat_p509651_page8_028_raw.jpg,pyroxene,gangue_negative,2,509651,DG-48a0db03c2b6,train,expert_fit
VTM-003269,raw_negative/gangue_negative/pyroxene/pyroxene_mindat_p511318_page6_064_raw.jpg,pyroxene,gangue_negative,2,511318,DG-f222d5e496ed,train,expert_fit
VTM-003270,raw_negative/gangue_negative/pyroxene/pyroxene_mindat_p512531_page2_036_raw.jpg,pyroxene,gangue_negative,2,512531,DG-1f5a0b16a3ed,train,expert_fit
VTM-003271,raw_negative/gangue_negative/pyroxene/pyroxene_mindat_p512553_page10_013_raw.jpg,pyroxene,gangue_negative,2,512553,DG-8ebff64cb761,train,expert_fit
VTM-003272,raw_negative/gangue_negative/pyroxene/pyroxene_mindat_p512557_page10_021_raw.jpg,pyroxene,gangue_negative,2,512557,DG-10f6123231d7,train,expert_fit
VTM-003273,raw_negative/gangue_negative/pyroxene/pyroxene_mindat_p512570_page10_023_raw.jpg,pyroxene,gangue_negative,2,512570,DG-76e28f3af166,train,expert_fit
VTM-003274,raw_negative/gangue_negative/pyroxene/pyroxene_mindat_p512695_page1_072_raw.jpg,pyroxene,gangue_negative,2,512695,DG-66e6fbd39ec0,val,expert_stop
VTM-003277,raw_negative/gangue_negative/pyroxene/pyroxene_mindat_p520610_page6_009_raw.jpg,pyroxene,gangue_negative,2,520610,DG-b0db8052adc1,train,expert_fit
VTM-003278,raw_negative/gangue_negative/pyroxene/pyroxene_mindat_p523375_page9_001_raw.jpg,pyroxene,gangue_negative,2,523375,DG-3c6a6909d89a,train,expert_fit
VTM-003279,raw_negative/gangue_negative/pyroxene/pyroxene_mindat_p523683_page6_048_raw.jpg,pyroxene,gangue_negative,2,523683,DG-97709600fe49,train,expert_fit
VTM-003283,raw_negative/gangue_negative/pyroxene/pyroxene_mindat_p534536_page5_019_raw.jpg,pyroxene,gangue_negative,2,534536,DG-a3d10cf5ba30,train,expert_fit
VTM-003284,raw_negative/gangue_negative/pyroxene/pyroxene_mindat_p535038_page7_049_raw.jpg,pyroxene,gangue_negative,2,535038,DG-1a5bbc9c7623,train,expert_fit
VTM-003285,raw_negative/gangue_negative/pyroxene/pyroxene_mindat_p535041_page7_072_raw.jpg,pyroxene,gangue_negative,2,535041,DG-1ff1ce12d66b,train,expert_fit
VTM-003286,raw_negative/gangue_negative/pyroxene/pyroxene_mindat_p535101_page7_013_raw.jpg,pyroxene,gangue_negative,2,535101,DG-e8ae61f6ec60,train,expert_fit
VTM-003288,raw_negative/gangue_negative/pyroxene/pyroxene_mindat_p535193_page7_043_raw.jpg,pyroxene,gangue_negative,2,535193,DG-bd2202dcb2d1,train,expert_fit
VTM-003291,raw_negative/gangue_negative/pyroxene/pyroxene_mindat_p541112_page7_068_raw.jpg,pyroxene,gangue_negative,2,541112,DG-30721725b06e,train,expert_fit
VTM-003292,raw_negative/gangue_negative/pyroxene/pyroxene_mindat_p541904_page6_062_raw.jpg,pyroxene,gangue_negative,2,541904,DG-eddf3fe91859,train,expert_fit
VTM-003293,raw_negative/gangue_negative/pyroxene/pyroxene_mindat_p545053_page2_072_raw.jpg,pyroxene,gangue_negative,2,545053,DG-b2299612ef84,train,expert_fit
VTM-003295,raw_negative/gangue_negative/pyroxene/pyroxene_mindat_p558123_page2_008_raw.jpg,pyroxene,gangue_negative,2,558123,DG-d59fd9a05c51,train,expert_fit
VTM-003296,raw_negative/gangue_negative/pyroxene/pyroxene_mindat_p565361_page1_040_raw.jpg,pyroxene,gangue_negative,2,565361,DG-b2dfb9b480a7,train,expert_fit
VTM-003297,raw_negative/gangue_negative/pyroxene/pyroxene_mindat_p567270_page1_027_raw.jpg,pyroxene,gangue_negative,2,567270,DG-530a2884dc4c,train,expert_fit
VTM-003299,raw_negative/gangue_negative/pyroxene/pyroxene_mindat_p571044_page6_055_raw.jpg,pyroxene,gangue_negative,2,571044,DG-876b60276a74,val,expert_stop
VTM-003302,raw_negative/gangue_negative/pyroxene/pyroxene_mindat_p572942_page7_052_raw.jpg,pyroxene,gangue_negative,2,572942,DG-772534a4f5c4,train,expert_fit
VTM-003306,raw_negative/gangue_negative/pyroxene/pyroxene_mindat_p587673_page8_048_raw.jpg,pyroxene,gangue_negative,2,587673,DG-1ee4428aac3b,val,expert_stop
VTM-003307,raw_negative/gangue_negative/pyroxene/pyroxene_mindat_p587675_page8_053_raw.jpg,pyroxene,gangue_negative,2,587675,DG-38f00c502b7d,train,expert_fit
VTM-003309,raw_negative/gangue_negative/pyroxene/pyroxene_mindat_p588474_page7_047_raw.jpg,pyroxene,gangue_negative,2,588474,DG-e1bcd22c8f88,train,expert_fit
VTM-003310,raw_negative/gangue_negative/pyroxene/pyroxene_mindat_p589372_page6_070_raw.jpg,pyroxene,gangue_negative,2,589372,DG-1b4c1aa9a9fe,train,expert_fit
VTM-003311,raw_negative/gangue_negative/pyroxene/pyroxene_mindat_p606550_page7_060_raw.jpg,pyroxene,gangue_negative,2,606550,DG-e85c640a9c96,train,expert_fit
VTM-003315,raw_negative/gangue_negative/pyroxene/pyroxene_mindat_p606567_page7_001_raw.jpg,pyroxene,gangue_negative,2,606567,DG-74e3049fc5be,train,expert_fit
VTM-003316,raw_negative/gangue_negative/pyroxene/pyroxene_mindat_p606948_page7_009_raw.jpg,pyroxene,gangue_negative,2,606948,DG-8a5ae1d39e37,val,expert_stop
VTM-003317,raw_negative/gangue_negative/pyroxene/pyroxene_mindat_p606956_page7_008_raw.jpg,pyroxene,gangue_negative,2,606956,DG-0d894807161b,val,expert_stop
VTM-003320,raw_negative/gangue_negative/pyroxene/pyroxene_mindat_p607064_page10_022_raw.jpg,pyroxene,gangue_negative,2,607064,DG-22b3614d5d80,train,expert_fit
VTM-003321,raw_negative/gangue_negative/pyroxene/pyroxene_mindat_p610109_page5_003_raw.jpg,pyroxene,gangue_negative,2,610109,DG-075236194b84,train,expert_fit
VTM-003322,raw_negative/gangue_negative/pyroxene/pyroxene_mindat_p610110_page5_001_raw.jpg,pyroxene,gangue_negative,2,610110,DG-8d21849b9968,train,expert_fit
VTM-003324,raw_negative/gangue_negative/pyroxene/pyroxene_mindat_p610396_page3_004_raw.jpg,pyroxene,gangue_negative,2,610396,DG-fb79e61382bc,train,expert_fit
VTM-003326,raw_negative/gangue_negative/pyroxene/pyroxene_mindat_p613449_page5_012_raw.jpg,pyroxene,gangue_negative,2,613449,DG-0de282cf4a43,val,expert_stop
VTM-003333,raw_negative/gangue_negative/pyroxene/pyroxene_mindat_p647235_page7_036_raw.jpg,pyroxene,gangue_negative,2,647235,DG-661055fb0015,train,expert_fit
VTM-003334,raw_negative/gangue_negative/pyroxene/pyroxene_mindat_p648475_page10_020_raw.jpg,pyroxene,gangue_negative,2,648475,DG-a710b9a2298b,train,expert_fit
VTM-003337,raw_negative/gangue_negative/pyroxene/pyroxene_mindat_p654327_page10_038_raw.jpg,pyroxene,gangue_negative,2,654327,DG-8b5a4b530d80,train,expert_fit
VTM-003338,raw_negative/gangue_negative/pyroxene/pyroxene_mindat_p654328_page10_048_raw.jpg,pyroxene,gangue_negative,2,654328,DG-cdfb9c9f9be3,train,expert_fit
VTM-003339,raw_negative/gangue_negative/pyroxene/pyroxene_mindat_p654329_page10_049_raw.jpg,pyroxene,gangue_negative,2,654329,DG-4035b23cd25e,train,expert_fit
VTM-003340,raw_negative/gangue_negative/pyroxene/pyroxene_mindat_p665586_page2_007_raw.jpg,pyroxene,gangue_negative,2,665586,DG-501855c6880c,train,expert_fit
VTM-003342,raw_negative/gangue_negative/pyroxene/pyroxene_mindat_p685434_page7_041_raw.jpg,pyroxene,gangue_negative,2,685434,DG-4f484134272f,train,expert_fit
VTM-003345,raw_negative/gangue_negative/pyroxene/pyroxene_mindat_p690971_page10_016_raw.jpg,pyroxene,gangue_negative,2,690971,DG-9c58387a1341,train,expert_fit
VTM-003346,raw_negative/gangue_negative/pyroxene/pyroxene_mindat_p692820_page6_026_raw.jpg,pyroxene,gangue_negative,2,692820,DG-ee78988ee792,val,expert_stop
VTM-003347,raw_negative/gangue_negative/pyroxene/pyroxene_mindat_p692821_page6_051_raw.jpg,pyroxene,gangue_negative,2,692821,DG-8e73f47e0006,train,expert_fit
VTM-003348,raw_negative/gangue_negative/pyroxene/pyroxene_mindat_p695353_page6_063_raw.jpg,pyroxene,gangue_negative,2,695353,DG-c2032ab13bfa,train,expert_fit
VTM-003349,raw_negative/gangue_negative/pyroxene/pyroxene_mindat_p699122_page10_025_raw.jpg,pyroxene,gangue_negative,2,699122,DG-a0069817896e,val,expert_stop
VTM-003350,raw_negative/gangue_negative/pyroxene/pyroxene_mindat_p701622_page7_048_raw.jpg,pyroxene,gangue_negative,2,701622,DG-0690521d9dd1,train,expert_fit
VTM-003353,raw_negative/gangue_negative/pyroxene/pyroxene_mindat_p732937_page1_039_raw.jpg,pyroxene,gangue_negative,2,732937,DG-c361bc48bae2,train,expert_fit
VTM-003356,raw_negative/gangue_negative/pyroxene/pyroxene_mindat_p769291_page7_055_raw.jpg,pyroxene,gangue_negative,2,769291,DG-50579f46b9f9,train,expert_fit
VTM-003359,raw_negative/gangue_negative/pyroxene/pyroxene_mindat_p784744_page10_032_raw.jpg,pyroxene,gangue_negative,2,784744,DG-2b9a60c26b69,train,expert_fit
VTM-003361,raw_negative/gangue_negative/pyroxene/pyroxene_mindat_p792769_page7_073_raw.jpg,pyroxene,gangue_negative,2,792769,DG-444d8b54b554,train,expert_fit
VTM-003365,raw_negative/gangue_negative/pyroxene/pyroxene_mindat_p811868_page8_075_raw.jpg,pyroxene,gangue_negative,2,811868,DG-9024f403e746,train,expert_fit
VTM-003368,raw_negative/gangue_negative/pyroxene/pyroxene_mindat_p857756_page6_068_raw.jpg,pyroxene,gangue_negative,2,857756,DG-5c008822d96c,train,expert_fit
VTM-003370,raw_negative/gangue_negative/pyroxene/pyroxene_mindat_p948631_page7_056_raw.jpg,pyroxene,gangue_negative,2,948631,DG-337b00831871,train,expert_fit
VTM-003372,raw_negative/gangue_negative/pyroxene/pyroxene_mindat_p957006_page1_062_raw.jpg,pyroxene,gangue_negative,2,957006,DG-9a2260bd7fa8,train,expert_fit
VTM-003374,raw_negative/gangue_negative/quartz/quartz_mindat_p003569_page3_045_raw.jpg,quartz,gangue_negative,2,3569,DG-1df76314dbac,train,expert_fit
VTM-003375,raw_negative/gangue_negative/quartz/quartz_mindat_p003570_page3_046_raw.jpg,quartz,gangue_negative,2,3570,DG-257747e2a50a,train,expert_fit
VTM-003376,raw_negative/gangue_negative/quartz/quartz_mindat_p004245_page3_002_raw.jpg,quartz,gangue_negative,2,4245,DG-377a00333bb0,train,expert_fit
VTM-003377,raw_negative/gangue_negative/quartz/quartz_mindat_p005610_page3_040_raw.jpg,quartz,gangue_negative,2,5610,DG-097f1d18428b,val,expert_stop
VTM-003382,raw_negative/gangue_negative/quartz/quartz_mindat_p035690_page1_026_raw.jpg,quartz,gangue_negative,2,35690,DG-158ff5dc1237,train,expert_fit
VTM-003383,raw_negative/gangue_negative/quartz/quartz_mindat_p036102_page3_044_raw.jpg,quartz,gangue_negative,2,36102,DG-c72da3fde139,train,expert_fit
VTM-003384,raw_negative/gangue_negative/quartz/quartz_mindat_p036631_page1_041_raw.jpg,quartz,gangue_negative,2,36631,DG-0eb7767ce0ba,val,expert_stop
VTM-003385,raw_negative/gangue_negative/quartz/quartz_mindat_p036825_page1_062_raw.jpg,quartz,gangue_negative,2,36825,DG-ea65739cc711,train,expert_fit
VTM-003389,raw_negative/gangue_negative/quartz/quartz_mindat_p044485_page6_005_raw.jpg,quartz,gangue_negative,2,44485,DG-b1744c7cf0c2,val,expert_stop
VTM-003392,raw_negative/gangue_negative/quartz/quartz_mindat_p046621_page1_010_raw.jpg,quartz,gangue_negative,2,46621,DG-adb8ff4a3305,train,expert_fit
VTM-003393,raw_negative/gangue_negative/quartz/quartz_mindat_p046940_page6_003_raw.jpg,quartz,gangue_negative,2,46940,DG-0aeef8e1e284,train,expert_fit
VTM-003394,raw_negative/gangue_negative/quartz/quartz_mindat_p046951_page6_004_raw.jpg,quartz,gangue_negative,2,46951,DG-167449254eec,val,expert_stop
VTM-003395,raw_negative/gangue_negative/quartz/quartz_mindat_p046954_page6_006_raw.jpg,quartz,gangue_negative,2,46954,DG-cfec957ffd99,train,expert_fit
VTM-003403,raw_negative/gangue_negative/quartz/quartz_mindat_p051515_page1_066_raw.jpg,quartz,gangue_negative,2,51515,DG-63aee8bc16a5,train,expert_fit
VTM-003404,raw_negative/gangue_negative/quartz/quartz_mindat_p052778_page1_059_raw.jpg,quartz,gangue_negative,2,52778,DG-7657d0e328c4,train,expert_fit
VTM-003405,raw_negative/gangue_negative/quartz/quartz_mindat_p052998_page1_039_raw.jpg,quartz,gangue_negative,2,52998,DG-dfd374274483,train,expert_fit
VTM-003407,raw_negative/gangue_negative/quartz/quartz_mindat_p055132_page1_064_raw.jpg,quartz,gangue_negative,2,55132,DG-0b23ba5e06e0,train,expert_fit
VTM-003409,raw_negative/gangue_negative/quartz/quartz_mindat_p059852_page1_071_raw.jpg,quartz,gangue_negative,2,59852,DG-f0a359abe3c4,train,expert_fit
VTM-003410,raw_negative/gangue_negative/quartz/quartz_mindat_p061266_page6_007_raw.jpg,quartz,gangue_negative,2,61266,DG-7c7d670e261b,train,expert_fit
VTM-003411,raw_negative/gangue_negative/quartz/quartz_mindat_p063818_page1_038_raw.jpg,quartz,gangue_negative,2,63818,DG-07115f81dfcd,train,expert_fit
VTM-003412,raw_negative/gangue_negative/quartz/quartz_mindat_p064644_page3_041_raw.jpg,quartz,gangue_negative,2,64644,DG-e41b22a0fa60,train,expert_fit
VTM-003413,raw_negative/gangue_negative/quartz/quartz_mindat_p066220_page6_028_raw.jpg,quartz,gangue_negative,2,66220,DG-824db2e21f39,train,expert_fit
VTM-003414,raw_negative/gangue_negative/quartz/quartz_mindat_p066221_page6_027_raw.jpg,quartz,gangue_negative,2,66221,DG-a3d6f99fcc3a,train,expert_fit
VTM-003416,raw_negative/gangue_negative/quartz/quartz_mindat_p066725_page6_024_raw.jpg,quartz,gangue_negative,2,66725,DG-0b638c363e60,val,expert_stop
VTM-003417,raw_negative/gangue_negative/quartz/quartz_mindat_p068667_page6_012_raw.jpg,quartz,gangue_negative,2,68667,DG-0353e3fc5926,train,expert_fit
VTM-003419,raw_negative/gangue_negative/quartz/quartz_mindat_p068878_page3_001_raw.jpg,quartz,gangue_negative,2,68878,DG-de2486e323f4,train,expert_fit
VTM-003421,raw_negative/gangue_negative/quartz/quartz_mindat_p071615_page6_010_raw.jpg,quartz,gangue_negative,2,71615,DG-4abd43475340,train,expert_fit
VTM-003424,raw_negative/gangue_negative/quartz/quartz_mindat_p075049_page1_025_raw.jpg,quartz,gangue_negative,2,75049,DG-7f0121f17922,val,expert_stop
VTM-003425,raw_negative/gangue_negative/quartz/quartz_mindat_p076908_page3_042_raw.jpg,quartz,gangue_negative,2,76908,DG-4c963889181a,train,expert_fit
VTM-003427,raw_negative/gangue_negative/quartz/quartz_mindat_p081984_page1_074_raw.jpg,quartz,gangue_negative,2,81984,DG-82c681cda48f,train,expert_fit
VTM-003428,raw_negative/gangue_negative/quartz/quartz_mindat_p089786_page6_014_raw.jpg,quartz,gangue_negative,2,89786,DG-758e8a72a2b0,train,expert_fit
VTM-003430,raw_negative/gangue_negative/quartz/quartz_mindat_p089789_page6_009_raw.jpg,quartz,gangue_negative,2,89789,DG-d2cc19a75028,train,expert_fit
VTM-003433,raw_negative/gangue_negative/quartz/quartz_mindat_p092948_page1_017_raw.jpg,quartz,gangue_negative,2,92948,DG-87504348e0d8,train,expert_fit
VTM-003436,raw_negative/gangue_negative/quartz/quartz_mindat_p097724_page3_050_raw.jpg,quartz,gangue_negative,2,97724,DG-f690a11241c6,train,expert_fit
VTM-003438,raw_negative/gangue_negative/quartz/quartz_mindat_p098965_page1_047_raw.jpg,quartz,gangue_negative,2,98965,DG-c257f06511b6,val,expert_stop
VTM-003440,raw_negative/gangue_negative/quartz/quartz_mindat_p102036_page1_075_raw.jpg,quartz,gangue_negative,2,102036,DG-261ea5b34997,train,expert_fit
VTM-003441,raw_negative/gangue_negative/quartz/quartz_mindat_p1021582_page2_030_raw.jpg,quartz,gangue_negative,2,1021582,DG-488912c437fc,train,expert_fit
VTM-003444,raw_negative/gangue_negative/quartz/quartz_mindat_p105175_page1_014_raw.jpg,quartz,gangue_negative,2,105175,DG-1efb39b0c44e,train,expert_fit
VTM-003449,raw_negative/gangue_negative/quartz/quartz_mindat_p109543_page1_052_raw.jpg,quartz,gangue_negative,2,109543,DG-16b8d9127ed1,train,expert_fit
VTM-003451,raw_negative/gangue_negative/quartz/quartz_mindat_p110149_page1_028_raw.jpg,quartz,gangue_negative,2,110149,DG-674fff0b6b30,train,expert_fit
VTM-003453,raw_negative/gangue_negative/quartz/quartz_mindat_p110516_page1_068_raw.jpg,quartz,gangue_negative,2,110516,DG-9375ba7a4534,train,expert_fit
VTM-003454,raw_negative/gangue_negative/quartz/quartz_mindat_p110963_page1_046_raw.jpg,quartz,gangue_negative,2,110963,DG-6bd160447dec,train,expert_fit
VTM-003457,raw_negative/gangue_negative/quartz/quartz_mindat_p1112764_page3_020_raw.jpg,quartz,gangue_negative,2,1112764,DG-378f2bf3c56d,train,expert_fit
VTM-003458,raw_negative/gangue_negative/quartz/quartz_mindat_p111513_page1_050_raw.jpg,quartz,gangue_negative,2,111513,DG-8c83b89f5586,train,expert_fit
VTM-003459,raw_negative/gangue_negative/quartz/quartz_mindat_p112388_page1_019_raw.jpg,quartz,gangue_negative,2,112388,DG-38eaf93373e9,train,expert_fit
VTM-003461,raw_negative/gangue_negative/quartz/quartz_mindat_p112839_page3_053_raw.jpg,quartz,gangue_negative,2,112839,DG-d3a537a397ff,train,expert_fit
VTM-003465,raw_negative/gangue_negative/quartz/quartz_mindat_p1135278_page7_005_raw.jpg,quartz,gangue_negative,2,1135278,DG-c7491a8989bf,train,expert_fit
VTM-003466,raw_negative/gangue_negative/quartz/quartz_mindat_p114234_page1_011_raw.jpg,quartz,gangue_negative,2,114234,DG-aa46a7de04fc,train,expert_fit
VTM-003467,raw_negative/gangue_negative/quartz/quartz_mindat_p114377_page1_067_raw.jpg,quartz,gangue_negative,2,114377,DG-429d37c43d66,train,expert_fit
VTM-003469,raw_negative/gangue_negative/quartz/quartz_mindat_p114389_page1_027_raw.jpg,quartz,gangue_negative,2,114389,DG-8e7d2619575d,train,expert_fit
VTM-003471,raw_negative/gangue_negative/quartz/quartz_mindat_p115861_page6_025_raw.jpg,quartz,gangue_negative,2,115861,DG-d05efbc57529,train,expert_fit
VTM-003472,raw_negative/gangue_negative/quartz/quartz_mindat_p1171891_page2_026_raw.jpg,quartz,gangue_negative,2,1171891,DG-b4d9cc3f1723,train,expert_fit
VTM-003473,raw_negative/gangue_negative/quartz/quartz_mindat_p117586_page1_049_raw.jpg,quartz,gangue_negative,2,117586,DG-0bfd13e84a38,val,expert_stop
VTM-003474,raw_negative/gangue_negative/quartz/quartz_mindat_p1181226_page2_041_raw.jpg,quartz,gangue_negative,2,1181226,DG-fa2ffff0f841,train,expert_fit
VTM-003475,raw_negative/gangue_negative/quartz/quartz_mindat_p118374_page1_060_raw.jpg,quartz,gangue_negative,2,118374,DG-e328fd2bbe15,train,expert_fit
VTM-003476,raw_negative/gangue_negative/quartz/quartz_mindat_p1190043_page5_004_raw.jpg,quartz,gangue_negative,2,1190043,DG-4d05d84fa0ad,train,expert_fit
VTM-003477,raw_negative/gangue_negative/quartz/quartz_mindat_p1202683_page3_017_raw.jpg,quartz,gangue_negative,2,1202683,DG-f28348c535fc,train,expert_fit
VTM-003479,raw_negative/gangue_negative/quartz/quartz_mindat_p120500_page1_070_raw.jpg,quartz,gangue_negative,2,120500,DG-bb7f0eb66163,train,expert_fit
VTM-003480,raw_negative/gangue_negative/quartz/quartz_mindat_p1209109_page2_024_raw.jpg,quartz,gangue_negative,2,1209109,DG-3d3d9d2099e2,train,expert_fit
VTM-003481,raw_negative/gangue_negative/quartz/quartz_mindat_p1209183_page2_010_raw.jpg,quartz,gangue_negative,2,1209183,DG-b0c72947b938,train,expert_fit
VTM-003482,raw_negative/gangue_negative/quartz/quartz_mindat_p1209184_page2_012_raw.jpg,quartz,gangue_negative,2,1209184,DG-bfed05c4de06,train,expert_fit
VTM-003483,raw_negative/gangue_negative/quartz/quartz_mindat_p1209185_page2_011_raw.jpg,quartz,gangue_negative,2,1209185,DG-63fdcaf52323,train,expert_fit
VTM-003485,raw_negative/gangue_negative/quartz/quartz_mindat_p1237290_page3_013_raw.jpg,quartz,gangue_negative,2,1237290,DG-c49144539e70,train,expert_fit
VTM-003487,raw_negative/gangue_negative/quartz/quartz_mindat_p1277359_page2_037_raw.jpg,quartz,gangue_negative,2,1277359,DG-5906bab20952,train,expert_fit
VTM-003488,raw_negative/gangue_negative/quartz/quartz_mindat_p1277361_page2_053_raw.jpg,quartz,gangue_negative,2,1277361,DG-920d18c7cd9b,train,expert_fit
VTM-003490,raw_negative/gangue_negative/quartz/quartz_mindat_p1277364_page2_052_raw.jpg,quartz,gangue_negative,2,1277364,DG-cf859eff6b10,train,expert_fit
VTM-003491,raw_negative/gangue_negative/quartz/quartz_mindat_p1277372_page2_057_raw.jpg,quartz,gangue_negative,2,1277372,DG-d3548175b837,train,expert_fit
VTM-003493,raw_negative/gangue_negative/quartz/quartz_mindat_p1303951_page3_036_raw.jpg,quartz,gangue_negative,2,1303951,DG-52defffa941a,val,expert_stop
VTM-003494,raw_negative/gangue_negative/quartz/quartz_mindat_p1317337_page3_022_raw.jpg,quartz,gangue_negative,2,1317337,DG-72216b530afd,train,expert_fit
VTM-003497,raw_negative/gangue_negative/quartz/quartz_mindat_p1329789_page4_006_raw.jpg,quartz,gangue_negative,2,1329789,DG-60a63d00b63c,val,expert_stop
VTM-003499,raw_negative/gangue_negative/quartz/quartz_mindat_p1344851_page3_025_raw.jpg,quartz,gangue_negative,2,1344851,DG-bb9f609ccdc9,train,expert_fit
VTM-003501,raw_negative/gangue_negative/quartz/quartz_mindat_p1349441_page3_026_raw.jpg,quartz,gangue_negative,2,1349441,DG-30d1f0a170ee,train,expert_fit
VTM-003502,raw_negative/gangue_negative/quartz/quartz_mindat_p1360941_page3_029_raw.jpg,quartz,gangue_negative,2,1360941,DG-cdc331c3acc7,train,expert_fit
VTM-003503,raw_negative/gangue_negative/quartz/quartz_mindat_p1360942_page3_032_raw.jpg,quartz,gangue_negative,2,1360942,DG-90fc1e002379,train,expert_fit
VTM-003505,raw_negative/gangue_negative/quartz/quartz_mindat_p1360945_page3_028_raw.jpg,quartz,gangue_negative,2,1360945,DG-7173d65b2ce7,val,expert_stop
VTM-003506,raw_negative/gangue_negative/quartz/quartz_mindat_p1360946_page3_031_raw.jpg,quartz,gangue_negative,2,1360946,DG-e33088583ef2,train,expert_fit
VTM-003508,raw_negative/gangue_negative/quartz/quartz_mindat_p1361484_page4_007_raw.jpg,quartz,gangue_negative,2,1361484,DG-a38b0a9744eb,train,expert_fit
VTM-003509,raw_negative/gangue_negative/quartz/quartz_mindat_p1364909_page3_071_raw.jpg,quartz,gangue_negative,2,1364909,DG-e1ddce8c445d,train,expert_fit
VTM-003510,raw_negative/gangue_negative/quartz/quartz_mindat_p1371887_page2_013_raw.jpg,quartz,gangue_negative,2,1371887,DG-e3326e99d12e,train,expert_fit
VTM-003511,raw_negative/gangue_negative/quartz/quartz_mindat_p1372368_page2_016_raw.jpg,quartz,gangue_negative,2,1372368,DG-f72b8cc0acd6,train,expert_fit
VTM-003512,raw_negative/gangue_negative/quartz/quartz_mindat_p1372369_page2_054_raw.jpg,quartz,gangue_negative,2,1372369,DG-f9160b87266c,val,expert_stop
VTM-003513,raw_negative/gangue_negative/quartz/quartz_mindat_p1373020_page3_016_raw.jpg,quartz,gangue_negative,2,1373020,DG-cf3123da1ef5,val,expert_stop
VTM-003514,raw_negative/gangue_negative/quartz/quartz_mindat_p1377388_page2_014_raw.jpg,quartz,gangue_negative,2,1377388,DG-5d64041a405b,train,expert_fit
VTM-003515,raw_negative/gangue_negative/quartz/quartz_mindat_p1387768_page3_075_raw.jpg,quartz,gangue_negative,2,1387768,DG-fdf1c1df71f3,train,expert_fit
VTM-003516,raw_negative/gangue_negative/quartz/quartz_mindat_p138914_page1_020_raw.jpg,quartz,gangue_negative,2,138914,DG-4026c5251868,val,expert_stop
VTM-003517,raw_negative/gangue_negative/quartz/quartz_mindat_p139700_page1_033_raw.jpg,quartz,gangue_negative,2,139700,DG-6696b17501e5,train,expert_fit
VTM-003518,raw_negative/gangue_negative/quartz/quartz_mindat_p139703_page1_048_raw.jpg,quartz,gangue_negative,2,139703,DG-33709dc84d0e,train,expert_fit
VTM-003521,raw_negative/gangue_negative/quartz/quartz_mindat_p1411436_page2_021_raw.jpg,quartz,gangue_negative,2,1411436,DG-042bc6fffc31,train,expert_fit
VTM-003522,raw_negative/gangue_negative/quartz/quartz_mindat_p141430_page1_030_raw.jpg,quartz,gangue_negative,2,141430,DG-910752bb3793,train,expert_fit
VTM-003523,raw_negative/gangue_negative/quartz/quartz_mindat_p142177_page1_055_raw.jpg,quartz,gangue_negative,2,142177,DG-b5f833eb1d9e,train,expert_fit
VTM-003524,raw_negative/gangue_negative/quartz/quartz_mindat_p1423192_page1_035_raw.jpg,quartz,gangue_negative,2,1423192,DG-be614c901c26,train,expert_fit
VTM-003525,raw_negative/gangue_negative/quartz/quartz_mindat_p1429282_page3_019_raw.jpg,quartz,gangue_negative,2,1429282,DG-ac33ddbd658c,train,expert_fit
VTM-003526,raw_negative/gangue_negative/quartz/quartz_mindat_p1442959_page3_073_raw.jpg,quartz,gangue_negative,2,1442959,DG-cd5ad83e643f,train,expert_fit
VTM-003527,raw_negative/gangue_negative/quartz/quartz_mindat_p144730_page1_051_raw.jpg,quartz,gangue_negative,2,144730,DG-875a8bbe2ff4,val,expert_stop
VTM-003529,raw_negative/gangue_negative/quartz/quartz_mindat_p148072_page1_063_raw.jpg,quartz,gangue_negative,2,148072,DG-e5a471320004,train,expert_fit
VTM-003530,raw_negative/gangue_negative/quartz/quartz_mindat_p148895_page1_001_raw.jpg,quartz,gangue_negative,2,148895,DG-d73f924bae0b,train,expert_fit
VTM-003531,raw_negative/gangue_negative/quartz/quartz_mindat_p148980_page1_006_raw.jpg,quartz,gangue_negative,2,148980,DG-2044b773bca3,train,expert_fit
VTM-003532,raw_negative/gangue_negative/quartz/quartz_mindat_p151005_page1_072_raw.jpg,quartz,gangue_negative,2,151005,DG-03b82eb36253,train,expert_fit
VTM-003533,raw_negative/gangue_negative/quartz/quartz_mindat_p151637_page1_073_raw.jpg,quartz,gangue_negative,2,151637,DG-fe261ae27bba,train,expert_fit
VTM-003536,raw_negative/gangue_negative/quartz/quartz_mindat_p162949_page5_002_raw.jpg,quartz,gangue_negative,2,162949,DG-c2c58253d08c,train,expert_fit
VTM-003537,raw_negative/gangue_negative/quartz/quartz_mindat_p1635957_page3_033_raw.jpg,quartz,gangue_negative,2,1635957,DG-d643dd941494,train,expert_fit
VTM-003538,raw_negative/gangue_negative/quartz/quartz_mindat_p169224_page1_034_raw.jpg,quartz,gangue_negative,2,169224,DG-054617dc39e3,train,expert_fit
VTM-003540,raw_negative/gangue_negative/quartz/quartz_mindat_p1706564_page3_034_raw.jpg,quartz,gangue_negative,2,1706564,DG-85d229ae14b7,train,expert_fit
VTM-003544,raw_negative/gangue_negative/quartz/quartz_mindat_p183762_page1_009_raw.jpg,quartz,gangue_negative,2,183762,DG-b0f0502de98e,train,expert_fit
VTM-003546,raw_negative/gangue_negative/quartz/quartz_mindat_p185755_page3_055_raw.jpg,quartz,gangue_negative,2,185755,DG-235bdf78292f,train,expert_fit
VTM-003549,raw_negative/gangue_negative/quartz/quartz_mindat_p220903_page1_003_raw.jpg,quartz,gangue_negative,2,220903,DG-25715dcbbdb0,val,expert_stop
VTM-003550,raw_negative/gangue_negative/quartz/quartz_mindat_p243294_page3_005_raw.jpg,quartz,gangue_negative,2,243294,DG-89773fbc8e7a,train,expert_fit
VTM-003553,raw_negative/gangue_negative/quartz/quartz_mindat_p263266_page3_004_raw.jpg,quartz,gangue_negative,2,263266,DG-e8333fefa708,train,expert_fit
VTM-003554,raw_negative/gangue_negative/quartz/quartz_mindat_p263267_page3_008_raw.jpg,quartz,gangue_negative,2,263267,DG-f0ce4e81bd3e,train,expert_fit
VTM-003555,raw_negative/gangue_negative/quartz/quartz_mindat_p266432_page3_051_raw.jpg,quartz,gangue_negative,2,266432,DG-8e8e41ab8e34,train,expert_fit
VTM-003556,raw_negative/gangue_negative/quartz/quartz_mindat_p277299_page4_003_raw.jpg,quartz,gangue_negative,2,277299,DG-b3d5d411a98f,train,expert_fit
VTM-003557,raw_negative/gangue_negative/quartz/quartz_mindat_p283669_page4_010_raw.jpg,quartz,gangue_negative,2,283669,DG-13ac6c1297ba,train,expert_fit
VTM-003559,raw_negative/gangue_negative/quartz/quartz_mindat_p336085_page4_011_raw.jpg,quartz,gangue_negative,2,336085,DG-3e05d4b1ed58,train,expert_fit
VTM-003560,raw_negative/gangue_negative/quartz/quartz_mindat_p342138_page3_054_raw.jpg,quartz,gangue_negative,2,342138,DG-dc04b90b90db,train,expert_fit
VTM-003562,raw_negative/gangue_negative/quartz/quartz_mindat_p347519_page3_056_raw.jpg,quartz,gangue_negative,2,347519,DG-537b7d49f26f,val,expert_stop
VTM-003564,raw_negative/gangue_negative/quartz/quartz_mindat_p362193_page2_031_raw.jpg,quartz,gangue_negative,2,362193,DG-a4814902cc5e,train,expert_fit
VTM-003566,raw_negative/gangue_negative/quartz/quartz_mindat_p368060_page3_060_raw.jpg,quartz,gangue_negative,2,368060,DG-4defa7fa3a5e,val,expert_stop
VTM-003567,raw_negative/gangue_negative/quartz/quartz_mindat_p369248_page4_004_raw.jpg,quartz,gangue_negative,2,369248,DG-7e9e27e48328,val,expert_stop
VTM-003568,raw_negative/gangue_negative/quartz/quartz_mindat_p372175_page3_058_raw.jpg,quartz,gangue_negative,2,372175,DG-e3ccf6d9ccfd,train,expert_fit
VTM-003569,raw_negative/gangue_negative/quartz/quartz_mindat_p375760_page3_064_raw.jpg,quartz,gangue_negative,2,375760,DG-53a4f289f76f,val,expert_stop
VTM-003571,raw_negative/gangue_negative/quartz/quartz_mindat_p402236_page6_031_raw.jpg,quartz,gangue_negative,2,402236,DG-fa7eefafeca1,train,expert_fit
VTM-003572,raw_negative/gangue_negative/quartz/quartz_mindat_p402238_page6_029_raw.jpg,quartz,gangue_negative,2,402238,DG-49c8acb8810b,train,expert_fit
VTM-003575,raw_negative/gangue_negative/quartz/quartz_mindat_p437276_page3_063_raw.jpg,quartz,gangue_negative,2,437276,DG-8e1404ad1726,train,expert_fit
VTM-003577,raw_negative/gangue_negative/quartz/quartz_mindat_p441962_page3_067_raw.jpg,quartz,gangue_negative,2,441962,DG-22dd8e7760ba,val,expert_stop
VTM-003578,raw_negative/gangue_negative/quartz/quartz_mindat_p451472_page1_056_raw.jpg,quartz,gangue_negative,2,451472,DG-be3c25ce8dc0,train,expert_fit
VTM-003583,raw_negative/gangue_negative/quartz/quartz_mindat_p486761_page3_007_raw.jpg,quartz,gangue_negative,2,486761,DG-3941e9fbcca1,train,expert_fit
VTM-003585,raw_negative/gangue_negative/quartz/quartz_mindat_p494694_page2_003_raw.jpg,quartz,gangue_negative,2,494694,DG-a35274b5a6d9,train,expert_fit
VTM-003586,raw_negative/gangue_negative/quartz/quartz_mindat_p505535_page3_010_raw.jpg,quartz,gangue_negative,2,505535,DG-70bb8d5054ed,train,expert_fit
VTM-003589,raw_negative/gangue_negative/quartz/quartz_mindat_p519537_page2_055_raw.jpg,quartz,gangue_negative,2,519537,DG-bfce40ac1278,train,expert_fit
VTM-003590,raw_negative/gangue_negative/quartz/quartz_mindat_p519538_page2_056_raw.jpg,quartz,gangue_negative,2,519538,DG-e77a97e4ff35,train,expert_fit
VTM-003591,raw_negative/gangue_negative/quartz/quartz_mindat_p520830_page3_011_raw.jpg,quartz,gangue_negative,2,520830,DG-ddbf75ddcd6e,train,expert_fit
VTM-003592,raw_negative/gangue_negative/quartz/quartz_mindat_p520996_page3_069_raw.jpg,quartz,gangue_negative,2,520996,DG-90875cf12f0b,train,expert_fit
VTM-003593,raw_negative/gangue_negative/quartz/quartz_mindat_p520997_page3_070_raw.jpg,quartz,gangue_negative,2,520997,DG-013eb48bba8e,val,expert_stop
VTM-003598,raw_negative/gangue_negative/quartz/quartz_mindat_p636073_page2_046_raw.jpg,quartz,gangue_negative,2,636073,DG-9bcead480c48,train,expert_fit
VTM-003602,raw_negative/gangue_negative/quartz/quartz_mindat_p700061_page2_036_raw.jpg,quartz,gangue_negative,2,700061,DG-0c8e223a4767,train,expert_fit
VTM-003603,raw_negative/gangue_negative/quartz/quartz_mindat_p700062_page2_033_raw.jpg,quartz,gangue_negative,2,700062,DG-90e2b90bb2ec,val,expert_stop
VTM-003605,raw_negative/gangue_negative/quartz/quartz_mindat_p712960_page2_047_raw.jpg,quartz,gangue_negative,2,712960,DG-a2a50d19ed1e,train,expert_fit
VTM-003608,raw_negative/gangue_negative/quartz/quartz_mindat_p756967_page3_012_raw.jpg,quartz,gangue_negative,2,756967,DG-94110dba0611,train,expert_fit
VTM-003610,raw_negative/gangue_negative/quartz/quartz_mindat_p756969_page3_024_raw.jpg,quartz,gangue_negative,2,756969,DG-d551c2a1ee4f,train,expert_fit
VTM-003611,raw_negative/gangue_negative/quartz/quartz_mindat_p756972_page3_021_raw.jpg,quartz,gangue_negative,2,756972,DG-c2f28b733e44,val,expert_stop
VTM-003613,raw_negative/gangue_negative/quartz/quartz_mindat_p785260_page3_068_raw.jpg,quartz,gangue_negative,2,785260,DG-4e32ba353abf,val,expert_stop
VTM-003615,raw_negative/gangue_negative/quartz/quartz_mindat_p824851_page2_034_raw.jpg,quartz,gangue_negative,2,824851,DG-453cb9c5bd9f,train,expert_fit
VTM-003616,raw_negative/gangue_negative/quartz/quartz_mindat_p824852_page2_040_raw.jpg,quartz,gangue_negative,2,824852,DG-abad6d7d8080,train,expert_fit
VTM-003618,raw_negative/gangue_negative/quartz/quartz_mindat_p829550_page3_072_raw.jpg,quartz,gangue_negative,2,829550,DG-96498eebcd64,val,expert_stop
VTM-003620,raw_negative/gangue_negative/quartz/quartz_mindat_p838023_page2_017_raw.jpg,quartz,gangue_negative,2,838023,DG-91e27b457d02,train,expert_fit
VTM-003621,raw_negative/gangue_negative/quartz/quartz_mindat_p838024_page2_015_raw.jpg,quartz,gangue_negative,2,838024,DG-775ff89ce72f,train,expert_fit
VTM-003622,raw_negative/gangue_negative/quartz/quartz_mindat_p838025_page2_019_raw.jpg,quartz,gangue_negative,2,838025,DG-9a994e08cc43,train,expert_fit
VTM-003627,raw_negative/gangue_negative/quartz/quartz_mindat_p882199_page2_018_raw.jpg,quartz,gangue_negative,2,882199,DG-250b978331a9,train,expert_fit
VTM-003628,raw_negative/gangue_negative/quartz/quartz_mindat_p898966_page2_002_raw.jpg,quartz,gangue_negative,2,898966,DG-4b4ec821a324,train,expert_fit
VTM-003629,raw_negative/gangue_negative/quartz/quartz_mindat_p939326_page2_039_raw.jpg,quartz,gangue_negative,2,939326,DG-a95fa2858248,train,expert_fit
VTM-003631,raw_negative/gangue_negative/quartz/quartz_mindat_p939328_page2_045_raw.jpg,quartz,gangue_negative,2,939328,DG-f57c1cd2acff,train,expert_fit
VTM-003633,raw_negative/gangue_negative/quartz/quartz_mindat_p942859_page2_042_raw.jpg,quartz,gangue_negative,2,942859,DG-70dd9e62b8ab,val,expert_stop
VTM-003634,raw_negative/gangue_negative/quartz/quartz_mindat_p942861_page2_044_raw.jpg,quartz,gangue_negative,2,942861,DG-198ae0a6221b,train,expert_fit
VTM-003637,raw_negative/gangue_negative/vesuvianite/vesuvianite_mindat_p005601_page9_001_raw.jpg,vesuvianite,gangue_negative,2,5601,DG-1414789608d0,train,expert_fit
VTM-003638,raw_negative/gangue_negative/vesuvianite/vesuvianite_mindat_p006721_page6_067_raw.jpg,vesuvianite,gangue_negative,2,6721,DG-3f6e67869303,val,expert_stop
VTM-003640,raw_negative/gangue_negative/vesuvianite/vesuvianite_mindat_p008538_page1_026_raw.jpg,vesuvianite,gangue_negative,2,8538,DG-92b9ab8ad16a,train,expert_fit
VTM-003641,raw_negative/gangue_negative/vesuvianite/vesuvianite_mindat_p008541_page1_049_raw.jpg,vesuvianite,gangue_negative,2,8541,DG-46a3c925a5d0,train,expert_fit
VTM-003642,raw_negative/gangue_negative/vesuvianite/vesuvianite_mindat_p011266_page1_005_raw.jpg,vesuvianite,gangue_negative,2,11266,DG-c9d40fc7fa7a,train,expert_fit
VTM-003647,raw_negative/gangue_negative/vesuvianite/vesuvianite_mindat_p019433_page18_019_raw.jpg,vesuvianite,gangue_negative,2,19433,DG-93b69e415a92,train,expert_fit
VTM-003649,raw_negative/gangue_negative/vesuvianite/vesuvianite_mindat_p030633_page9_002_raw.jpg,vesuvianite,gangue_negative,2,30633,DG-2e6c89c5b3ae,train,expert_fit
VTM-003651,raw_negative/gangue_negative/vesuvianite/vesuvianite_mindat_p032425_page6_064_raw.jpg,vesuvianite,gangue_negative,2,32425,DG-7a4174dbcf91,train,expert_fit
VTM-003652,raw_negative/gangue_negative/vesuvianite/vesuvianite_mindat_p036969_page18_024_raw.jpg,vesuvianite,gangue_negative,2,36969,DG-ba8788e19b6d,train,expert_fit
VTM-003653,raw_negative/gangue_negative/vesuvianite/vesuvianite_mindat_p037791_page1_010_raw.jpg,vesuvianite,gangue_negative,2,37791,DG-3ab34db7bfd1,train,expert_fit
VTM-003654,raw_negative/gangue_negative/vesuvianite/vesuvianite_mindat_p039523_page18_021_raw.jpg,vesuvianite,gangue_negative,2,39523,DG-70c02cf51a2e,train,expert_fit
VTM-003655,raw_negative/gangue_negative/vesuvianite/vesuvianite_mindat_p040019_page1_025_raw.jpg,vesuvianite,gangue_negative,2,40019,DG-4fc0c7c8c1fe,train,expert_fit
VTM-003656,raw_negative/gangue_negative/vesuvianite/vesuvianite_mindat_p042630_page1_057_raw.jpg,vesuvianite,gangue_negative,2,42630,DG-190999b9116a,train,expert_fit
VTM-003659,raw_negative/gangue_negative/vesuvianite/vesuvianite_mindat_p044786_page1_002_raw.jpg,vesuvianite,gangue_negative,2,44786,DG-b5a93f538e7c,train,expert_fit
VTM-003662,raw_negative/gangue_negative/vesuvianite/vesuvianite_mindat_p046197_page18_027_raw.jpg,vesuvianite,gangue_negative,2,46197,DG-bb227bfb3420,train,expert_fit
VTM-003665,raw_negative/gangue_negative/vesuvianite/vesuvianite_mindat_p047180_page18_025_raw.jpg,vesuvianite,gangue_negative,2,47180,DG-27d1ae22678e,train,expert_fit
VTM-003669,raw_negative/gangue_negative/vesuvianite/vesuvianite_mindat_p055307_page6_073_raw.jpg,vesuvianite,gangue_negative,2,55307,DG-7394ef5eb67b,train,expert_fit
VTM-003671,raw_negative/gangue_negative/vesuvianite/vesuvianite_mindat_p056535_page6_068_raw.jpg,vesuvianite,gangue_negative,2,56535,DG-3e00c1c23538,train,expert_fit
VTM-003672,raw_negative/gangue_negative/vesuvianite/vesuvianite_mindat_p056650_page6_040_raw.jpg,vesuvianite,gangue_negative,2,56650,DG-822cf8738f5d,train,expert_fit
VTM-003674,raw_negative/gangue_negative/vesuvianite/vesuvianite_mindat_p060592_page6_071_raw.jpg,vesuvianite,gangue_negative,2,60592,DG-4edb6d8469ab,val,expert_stop
VTM-003675,raw_negative/gangue_negative/vesuvianite/vesuvianite_mindat_p062521_page1_038_raw.jpg,vesuvianite,gangue_negative,2,62521,DG-63275627a9ea,val,expert_stop
VTM-003676,raw_negative/gangue_negative/vesuvianite/vesuvianite_mindat_p063410_page1_012_raw.jpg,vesuvianite,gangue_negative,2,63410,DG-33d14e76a5db,train,expert_fit
VTM-003678,raw_negative/gangue_negative/vesuvianite/vesuvianite_mindat_p069538_page6_075_raw.jpg,vesuvianite,gangue_negative,2,69538,DG-f017062f737e,train,expert_fit
VTM-003679,raw_negative/gangue_negative/vesuvianite/vesuvianite_mindat_p076016_page6_041_raw.jpg,vesuvianite,gangue_negative,2,76016,DG-3081f989f6b7,train,expert_fit
VTM-003681,raw_negative/gangue_negative/vesuvianite/vesuvianite_mindat_p079826_page1_028_raw.jpg,vesuvianite,gangue_negative,2,79826,DG-6ca56a4d7446,val,expert_stop
VTM-003682,raw_negative/gangue_negative/vesuvianite/vesuvianite_mindat_p082552_page1_037_raw.jpg,vesuvianite,gangue_negative,2,82552,DG-31e8497079c7,train,expert_fit
VTM-003684,raw_negative/gangue_negative/vesuvianite/vesuvianite_mindat_p084403_page7_004_raw.jpg,vesuvianite,gangue_negative,2,84403,DG-9143c728f2e4,val,expert_stop
VTM-003686,raw_negative/gangue_negative/vesuvianite/vesuvianite_mindat_p086712_page8_001_raw.jpg,vesuvianite,gangue_negative,2,86712,DG-f11c31142702,val,expert_stop
VTM-003687,raw_negative/gangue_negative/vesuvianite/vesuvianite_mindat_p088598_page12_001_raw.jpg,vesuvianite,gangue_negative,2,88598,DG-41072e499761,train,expert_fit
VTM-003689,raw_negative/gangue_negative/vesuvianite/vesuvianite_mindat_p088600_page12_002_raw.jpg,vesuvianite,gangue_negative,2,88600,DG-c3f58842267c,train,expert_fit
VTM-003691,raw_negative/gangue_negative/vesuvianite/vesuvianite_mindat_p1008603_page18_016_raw.jpg,vesuvianite,gangue_negative,2,1008603,DG-44a7cf6b6b7e,train,expert_fit
VTM-003692,raw_negative/gangue_negative/vesuvianite/vesuvianite_mindat_p1011161_page18_014_raw.jpg,vesuvianite,gangue_negative,2,1011161,DG-edda346fa569,train,expert_fit
VTM-003695,raw_negative/gangue_negative/vesuvianite/vesuvianite_mindat_p1040298_page15_057_raw.jpg,vesuvianite,gangue_negative,2,1040298,DG-5bdf929db622,train,expert_fit
VTM-003696,raw_negative/gangue_negative/vesuvianite/vesuvianite_mindat_p1046445_page7_071_raw.jpg,vesuvianite,gangue_negative,2,1046445,DG-69988ebf57fd,train,expert_fit
VTM-003698,raw_negative/gangue_negative/vesuvianite/vesuvianite_mindat_p105794_page1_013_raw.jpg,vesuvianite,gangue_negative,2,105794,DG-4cee298501dd,train,expert_fit
VTM-003699,raw_negative/gangue_negative/vesuvianite/vesuvianite_mindat_p1058957_page7_069_raw.jpg,vesuvianite,gangue_negative,2,1058957,DG-6fc8c9dd46c2,val,expert_stop
VTM-003703,raw_negative/gangue_negative/vesuvianite/vesuvianite_mindat_p1100836_page4_021_raw.jpg,vesuvianite,gangue_negative,2,1100836,DG-4b6f3648f005,train,expert_fit
VTM-003704,raw_negative/gangue_negative/vesuvianite/vesuvianite_mindat_p1103785_page7_074_raw.jpg,vesuvianite,gangue_negative,2,1103785,DG-3462001fa780,train,expert_fit
VTM-003706,raw_negative/gangue_negative/vesuvianite/vesuvianite_mindat_p1106015_page4_045_raw.jpg,vesuvianite,gangue_negative,2,1106015,DG-60720f34ca06,train,expert_fit
VTM-003707,raw_negative/gangue_negative/vesuvianite/vesuvianite_mindat_p1106016_page4_038_raw.jpg,vesuvianite,gangue_negative,2,1106016,DG-250910b17e29,train,expert_fit
VTM-003708,raw_negative/gangue_negative/vesuvianite/vesuvianite_mindat_p1106017_page4_035_raw.jpg,vesuvianite,gangue_negative,2,1106017,DG-17a3d2fa8295,train,expert_fit
VTM-003709,raw_negative/gangue_negative/vesuvianite/vesuvianite_mindat_p1106018_page4_034_raw.jpg,vesuvianite,gangue_negative,2,1106018,DG-7ab9f8718c59,train,expert_fit
VTM-003710,raw_negative/gangue_negative/vesuvianite/vesuvianite_mindat_p1106019_page4_046_raw.jpg,vesuvianite,gangue_negative,2,1106019,DG-2dd24a7e74de,train,expert_fit
VTM-003711,raw_negative/gangue_negative/vesuvianite/vesuvianite_mindat_p1107139_page7_053_raw.jpg,vesuvianite,gangue_negative,2,1107139,DG-2b70027d83ee,train,expert_fit
VTM-003713,raw_negative/gangue_negative/vesuvianite/vesuvianite_mindat_p1112938_page4_016_raw.jpg,vesuvianite,gangue_negative,2,1112938,DG-9a0dffb9303d,val,expert_stop
VTM-003714,raw_negative/gangue_negative/vesuvianite/vesuvianite_mindat_p1119286_page10_024_raw.jpg,vesuvianite,gangue_negative,2,1119286,DG-10893e86d676,train,expert_fit
VTM-003715,raw_negative/gangue_negative/vesuvianite/vesuvianite_mindat_p1121006_page18_009_raw.jpg,vesuvianite,gangue_negative,2,1121006,DG-790bac0f861f,train,expert_fit
VTM-003716,raw_negative/gangue_negative/vesuvianite/vesuvianite_mindat_p1127265_page18_015_raw.jpg,vesuvianite,gangue_negative,2,1127265,DG-fec0e3ebe36c,train,expert_fit
VTM-003719,raw_negative/gangue_negative/vesuvianite/vesuvianite_mindat_p113769_page11_001_raw.jpg,vesuvianite,gangue_negative,2,113769,DG-053a53d412d3,train,expert_fit
VTM-003720,raw_negative/gangue_negative/vesuvianite/vesuvianite_mindat_p1141208_page15_032_raw.jpg,vesuvianite,gangue_negative,2,1141208,DG-f29984ccdfbc,train,expert_fit
VTM-003721,raw_negative/gangue_negative/vesuvianite/vesuvianite_mindat_p114159_page1_001_raw.jpg,vesuvianite,gangue_negative,2,114159,DG-450b654cca09,val,expert_stop
VTM-003722,raw_negative/gangue_negative/vesuvianite/vesuvianite_mindat_p1142341_page7_043_raw.jpg,vesuvianite,gangue_negative,2,1142341,DG-36c1b91e92c4,val,expert_stop
VTM-003723,raw_negative/gangue_negative/vesuvianite/vesuvianite_mindat_p1147551_page17_022_raw.jpg,vesuvianite,gangue_negative,2,1147551,DG-9ac1992626f5,train,expert_fit
VTM-003726,raw_negative/gangue_negative/vesuvianite/vesuvianite_mindat_p1151774_page10_028_raw.jpg,vesuvianite,gangue_negative,2,1151774,DG-1c23cbc91ffb,train,expert_fit
VTM-003727,raw_negative/gangue_negative/vesuvianite/vesuvianite_mindat_p1152173_page10_029_raw.jpg,vesuvianite,gangue_negative,2,1152173,DG-037e4175ca20,train,expert_fit
VTM-003728,raw_negative/gangue_negative/vesuvianite/vesuvianite_mindat_p1152175_page10_021_raw.jpg,vesuvianite,gangue_negative,2,1152175,DG-6545286a3764,train,expert_fit
VTM-003729,raw_negative/gangue_negative/vesuvianite/vesuvianite_mindat_p1156298_page17_012_raw.jpg,vesuvianite,gangue_negative,2,1156298,DG-eae070f6d413,val,expert_stop
VTM-003730,raw_negative/gangue_negative/vesuvianite/vesuvianite_mindat_p1156301_page17_014_raw.jpg,vesuvianite,gangue_negative,2,1156301,DG-2a71e1dd984b,train,expert_fit
VTM-003731,raw_negative/gangue_negative/vesuvianite/vesuvianite_mindat_p1156331_page17_016_raw.jpg,vesuvianite,gangue_negative,2,1156331,DG-203527ab6025,train,expert_fit
VTM-003732,raw_negative/gangue_negative/vesuvianite/vesuvianite_mindat_p115810_page7_009_raw.jpg,vesuvianite,gangue_negative,2,115810,DG-4da9660a3e4a,train,expert_fit
VTM-003733,raw_negative/gangue_negative/vesuvianite/vesuvianite_mindat_p1168940_page10_039_raw.jpg,vesuvianite,gangue_negative,2,1168940,DG-01bda451d9d8,train,expert_fit
VTM-003734,raw_negative/gangue_negative/vesuvianite/vesuvianite_mindat_p1168967_page10_040_raw.jpg,vesuvianite,gangue_negative,2,1168967,DG-f4757a09ca77,train,expert_fit
VTM-003735,raw_negative/gangue_negative/vesuvianite/vesuvianite_mindat_p1170524_page10_034_raw.jpg,vesuvianite,gangue_negative,2,1170524,DG-380ca55f9b3a,train,expert_fit
VTM-003736,raw_negative/gangue_negative/vesuvianite/vesuvianite_mindat_p1173927_page15_068_raw.jpg,vesuvianite,gangue_negative,2,1173927,DG-098cd3520726,val,expert_stop
VTM-003737,raw_negative/gangue_negative/vesuvianite/vesuvianite_mindat_p1173949_page15_067_raw.jpg,vesuvianite,gangue_negative,2,1173949,DG-3d4afa630ebe,train,expert_fit
VTM-003738,raw_negative/gangue_negative/vesuvianite/vesuvianite_mindat_p1173951_page18_001_raw.jpg,vesuvianite,gangue_negative,2,1173951,DG-3fcc6443e50b,train,expert_fit
VTM-003740,raw_negative/gangue_negative/vesuvianite/vesuvianite_mindat_p1173953_page15_065_raw.jpg,vesuvianite,gangue_negative,2,1173953,DG-27aea3fc2159,train,expert_fit
VTM-003741,raw_negative/gangue_negative/vesuvianite/vesuvianite_mindat_p1174063_page6_035_raw.jpg,vesuvianite,gangue_negative,2,1174063,DG-964867134f8a,train,expert_fit
VTM-003742,raw_negative/gangue_negative/vesuvianite/vesuvianite_mindat_p1174064_page7_072_raw.jpg,vesuvianite,gangue_negative,2,1174064,DG-cfdb42f8df73,train,expert_fit
VTM-003743,raw_negative/gangue_negative/vesuvianite/vesuvianite_mindat_p1174131_page10_035_raw.jpg,vesuvianite,gangue_negative,2,1174131,DG-e4bdf2e46adc,train,expert_fit
VTM-003745,raw_negative/gangue_negative/vesuvianite/vesuvianite_mindat_p1180000_page4_024_raw.jpg,vesuvianite,gangue_negative,2,1180000,DG-ad9859357844,train,expert_fit
VTM-003747,raw_negative/gangue_negative/vesuvianite/vesuvianite_mindat_p1181690_page4_042_raw.jpg,vesuvianite,gangue_negative,2,1181690,DG-ae99722885fd,train,expert_fit
VTM-003748,raw_negative/gangue_negative/vesuvianite/vesuvianite_mindat_p1181698_page4_041_raw.jpg,vesuvianite,gangue_negative,2,1181698,DG-433a6f5e44f1,train,expert_fit
VTM-003750,raw_negative/gangue_negative/vesuvianite/vesuvianite_mindat_p1184557_page8_017_raw.jpg,vesuvianite,gangue_negative,2,1184557,DG-515956afdf20,val,expert_stop
VTM-003752,raw_negative/gangue_negative/vesuvianite/vesuvianite_mindat_p1196295_page18_002_raw.jpg,vesuvianite,gangue_negative,2,1196295,DG-69039dd6b808,train,expert_fit
VTM-003753,raw_negative/gangue_negative/vesuvianite/vesuvianite_mindat_p1197105_page15_061_raw.jpg,vesuvianite,gangue_negative,2,1197105,DG-f6d60a625935,val,expert_stop
VTM-003755,raw_negative/gangue_negative/vesuvianite/vesuvianite_mindat_p1198260_page4_026_raw.jpg,vesuvianite,gangue_negative,2,1198260,DG-bbd6d521a8e3,train,expert_fit
VTM-003756,raw_negative/gangue_negative/vesuvianite/vesuvianite_mindat_p1198261_page4_003_raw.jpg,vesuvianite,gangue_negative,2,1198261,DG-92ec902d3a06,train,expert_fit
VTM-003757,raw_negative/gangue_negative/vesuvianite/vesuvianite_mindat_p1198262_page4_019_raw.jpg,vesuvianite,gangue_negative,2,1198262,DG-d452f36e0df9,val,expert_stop
VTM-003762,raw_negative/gangue_negative/vesuvianite/vesuvianite_mindat_p120994_page6_042_raw.jpg,vesuvianite,gangue_negative,2,120994,DG-348935b60a14,train,expert_fit
VTM-003767,raw_negative/gangue_negative/vesuvianite/vesuvianite_mindat_p1213038_page4_043_raw.jpg,vesuvianite,gangue_negative,2,1213038,DG-d712b95e8d03,val,expert_stop
VTM-003772,raw_negative/gangue_negative/vesuvianite/vesuvianite_mindat_p1230341_page11_031_raw.jpg,vesuvianite,gangue_negative,2,1230341,DG-4755415e8730,train,expert_fit
VTM-003773,raw_negative/gangue_negative/vesuvianite/vesuvianite_mindat_p1238165_page18_010_raw.jpg,vesuvianite,gangue_negative,2,1238165,DG-ea49bad247e6,train,expert_fit
VTM-003774,raw_negative/gangue_negative/vesuvianite/vesuvianite_mindat_p1238618_page3_010_raw.jpg,vesuvianite,gangue_negative,2,1238618,DG-d1bfbb45f49d,val,expert_stop
VTM-003775,raw_negative/gangue_negative/vesuvianite/vesuvianite_mindat_p1239284_page17_025_raw.jpg,vesuvianite,gangue_negative,2,1239284,DG-f183b737ae64,train,expert_fit
VTM-003776,raw_negative/gangue_negative/vesuvianite/vesuvianite_mindat_p1246233_page17_021_raw.jpg,vesuvianite,gangue_negative,2,1246233,DG-83f75e39147a,train,expert_fit
VTM-003778,raw_negative/gangue_negative/vesuvianite/vesuvianite_mindat_p1249120_page3_009_raw.jpg,vesuvianite,gangue_negative,2,1249120,DG-7f2184139b4e,train,expert_fit
VTM-003779,raw_negative/gangue_negative/vesuvianite/vesuvianite_mindat_p1250338_page7_073_raw.jpg,vesuvianite,gangue_negative,2,1250338,DG-9bc86022cf40,train,expert_fit
VTM-003780,raw_negative/gangue_negative/vesuvianite/vesuvianite_mindat_p1250672_page17_020_raw.jpg,vesuvianite,gangue_negative,2,1250672,DG-8ebb65dd880e,train,expert_fit
VTM-003781,raw_negative/gangue_negative/vesuvianite/vesuvianite_mindat_p1251476_page12_007_raw.jpg,vesuvianite,gangue_negative,2,1251476,DG-a453b1efc70f,val,expert_stop
VTM-003785,raw_negative/gangue_negative/vesuvianite/vesuvianite_mindat_p1270375_page5_008_raw.jpg,vesuvianite,gangue_negative,2,1270375,DG-d92bab69494e,train,expert_fit
VTM-003787,raw_negative/gangue_negative/vesuvianite/vesuvianite_mindat_p1273825_page6_072_raw.jpg,vesuvianite,gangue_negative,2,1273825,DG-a57f7ec315c0,val,expert_stop
VTM-003788,raw_negative/gangue_negative/vesuvianite/vesuvianite_mindat_p1276922_page18_013_raw.jpg,vesuvianite,gangue_negative,2,1276922,DG-046f096f1511,train,expert_fit
VTM-003789,raw_negative/gangue_negative/vesuvianite/vesuvianite_mindat_p1280105_page15_033_raw.jpg,vesuvianite,gangue_negative,2,1280105,DG-b4475582d029,train,expert_fit
VTM-003790,raw_negative/gangue_negative/vesuvianite/vesuvianite_mindat_p1318770_page11_012_raw.jpg,vesuvianite,gangue_negative,2,1318770,DG-a2fb63856b79,train,expert_fit
VTM-003791,raw_negative/gangue_negative/vesuvianite/vesuvianite_mindat_p132935_page18_003_raw.jpg,vesuvianite,gangue_negative,2,132935,DG-9dff8031a414,train,expert_fit
VTM-003795,raw_negative/gangue_negative/vesuvianite/vesuvianite_mindat_p1361959_page11_015_raw.jpg,vesuvianite,gangue_negative,2,1361959,DG-9447598af4cc,train,expert_fit
VTM-003796,raw_negative/gangue_negative/vesuvianite/vesuvianite_mindat_p1373357_page4_037_raw.jpg,vesuvianite,gangue_negative,2,1373357,DG-4ec837d93f83,train,expert_fit
VTM-003797,raw_negative/gangue_negative/vesuvianite/vesuvianite_mindat_p1373358_page4_047_raw.jpg,vesuvianite,gangue_negative,2,1373358,DG-091779a17ba1,train,expert_fit
VTM-003799,raw_negative/gangue_negative/vesuvianite/vesuvianite_mindat_p1379371_page8_018_raw.jpg,vesuvianite,gangue_negative,2,1379371,DG-962f4c8523bc,train,expert_fit
VTM-003801,raw_negative/gangue_negative/vesuvianite/vesuvianite_mindat_p1394608_page16_005_raw.jpg,vesuvianite,gangue_negative,2,1394608,DG-c55753fc49af,train,expert_fit
VTM-003802,raw_negative/gangue_negative/vesuvianite/vesuvianite_mindat_p1435738_page3_011_raw.jpg,vesuvianite,gangue_negative,2,1435738,DG-3863669a4ac6,train,expert_fit
VTM-003804,raw_negative/gangue_negative/vesuvianite/vesuvianite_mindat_p146155_page1_019_raw.jpg,vesuvianite,gangue_negative,2,146155,DG-b953120817de,train,expert_fit
VTM-003805,raw_negative/gangue_negative/vesuvianite/vesuvianite_mindat_p1468295_page11_025_raw.jpg,vesuvianite,gangue_negative,2,1468295,DG-78baa91d3b62,train,expert_fit
VTM-003807,raw_negative/gangue_negative/vesuvianite/vesuvianite_mindat_p1487675_page17_026_raw.jpg,vesuvianite,gangue_negative,2,1487675,DG-ffb1301309a4,train,expert_fit
VTM-003809,raw_negative/gangue_negative/vesuvianite/vesuvianite_mindat_p149330_page15_049_raw.jpg,vesuvianite,gangue_negative,2,149330,DG-cedd921dd4ec,train,expert_fit
VTM-003810,raw_negative/gangue_negative/vesuvianite/vesuvianite_mindat_p149332_page1_014_raw.jpg,vesuvianite,gangue_negative,2,149332,DG-b4aae2ea6684,train,expert_fit
VTM-003812,raw_negative/gangue_negative/vesuvianite/vesuvianite_mindat_p1501164_page11_046_raw.jpg,vesuvianite,gangue_negative,2,1501164,DG-7b4a7d871533,train,expert_fit
VTM-003813,raw_negative/gangue_negative/vesuvianite/vesuvianite_mindat_p1503765_page4_040_raw.jpg,vesuvianite,gangue_negative,2,1503765,DG-49391b2e04a9,train,expert_fit
VTM-003814,raw_negative/gangue_negative/vesuvianite/vesuvianite_mindat_p1509747_page8_019_raw.jpg,vesuvianite,gangue_negative,2,1509747,DG-947f07df57f9,val,expert_stop
VTM-003816,raw_negative/gangue_negative/vesuvianite/vesuvianite_mindat_p158023_page7_018_raw.jpg,vesuvianite,gangue_negative,2,158023,DG-7ed07056e72b,train,expert_fit
VTM-003817,raw_negative/gangue_negative/vesuvianite/vesuvianite_mindat_p1582910_page4_033_raw.jpg,vesuvianite,gangue_negative,2,1582910,DG-bdbd224e45a1,train,expert_fit
VTM-003820,raw_negative/gangue_negative/vesuvianite/vesuvianite_mindat_p161860_page7_010_raw.jpg,vesuvianite,gangue_negative,2,161860,DG-0d25055806ab,train,expert_fit
VTM-003821,raw_negative/gangue_negative/vesuvianite/vesuvianite_mindat_p164564_page7_023_raw.jpg,vesuvianite,gangue_negative,2,164564,DG-216fe1db66db,train,expert_fit
VTM-003823,raw_negative/gangue_negative/vesuvianite/vesuvianite_mindat_p1663050_page16_006_raw.jpg,vesuvianite,gangue_negative,2,1663050,DG-761d07d6b728,train,expert_fit
VTM-003824,raw_negative/gangue_negative/vesuvianite/vesuvianite_mindat_p1663053_page16_007_raw.jpg,vesuvianite,gangue_negative,2,1663053,DG-9034054e323d,val,expert_stop
VTM-003825,raw_negative/gangue_negative/vesuvianite/vesuvianite_mindat_p1663056_page16_008_raw.jpg,vesuvianite,gangue_negative,2,1663056,DG-b2fbba78e76c,train,expert_fit
VTM-003826,raw_negative/gangue_negative/vesuvianite/vesuvianite_mindat_p1663059_page16_009_raw.jpg,vesuvianite,gangue_negative,2,1663059,DG-aa64a9902042,train,expert_fit
VTM-003827,raw_negative/gangue_negative/vesuvianite/vesuvianite_mindat_p1663062_page16_010_raw.jpg,vesuvianite,gangue_negative,2,1663062,DG-285a110f7562,train,expert_fit
VTM-003828,raw_negative/gangue_negative/vesuvianite/vesuvianite_mindat_p166375_page7_017_raw.jpg,vesuvianite,gangue_negative,2,166375,DG-b58992d77258,train,expert_fit
VTM-003829,raw_negative/gangue_negative/vesuvianite/vesuvianite_mindat_p173133_page15_074_raw.jpg,vesuvianite,gangue_negative,2,173133,DG-6fcfc3b59d0a,train,expert_fit
VTM-003830,raw_negative/gangue_negative/vesuvianite/vesuvianite_mindat_p176123_page7_014_raw.jpg,vesuvianite,gangue_negative,2,176123,DG-3e73cba1eba5,train,expert_fit
VTM-003831,raw_negative/gangue_negative/vesuvianite/vesuvianite_mindat_p180643_page7_015_raw.jpg,vesuvianite,gangue_negative,2,180643,DG-4be4d721e464,train,expert_fit
VTM-003832,raw_negative/gangue_negative/vesuvianite/vesuvianite_mindat_p184808_page7_027_raw.jpg,vesuvianite,gangue_negative,2,184808,DG-aedfdef6c9dd,val,expert_stop
VTM-003835,raw_negative/gangue_negative/vesuvianite/vesuvianite_mindat_p191679_page1_054_raw.jpg,vesuvianite,gangue_negative,2,191679,DG-1594c692d7f8,train,expert_fit
VTM-003837,raw_negative/gangue_negative/vesuvianite/vesuvianite_mindat_p195555_page15_051_raw.jpg,vesuvianite,gangue_negative,2,195555,DG-8fec7991bb34,train,expert_fit
VTM-003839,raw_negative/gangue_negative/vesuvianite/vesuvianite_mindat_p199353_page17_001_raw.jpg,vesuvianite,gangue_negative,2,199353,DG-2cb669ba54e8,train,expert_fit
VTM-003840,raw_negative/gangue_negative/vesuvianite/vesuvianite_mindat_p199446_page1_068_raw.jpg,vesuvianite,gangue_negative,2,199446,DG-3cf31fae6d23,train,expert_fit
VTM-003841,raw_negative/gangue_negative/vesuvianite/vesuvianite_mindat_p200430_page1_039_raw.jpg,vesuvianite,gangue_negative,2,200430,DG-c91b3abcd696,train,expert_fit
VTM-003842,raw_negative/gangue_negative/vesuvianite/vesuvianite_mindat_p200700_page1_015_raw.jpg,vesuvianite,gangue_negative,2,200700,DG-66ccc92610c5,val,expert_stop
VTM-003843,raw_negative/gangue_negative/vesuvianite/vesuvianite_mindat_p206637_page3_002_raw.jpg,vesuvianite,gangue_negative,2,206637,DG-e2df066724b5,train,expert_fit
VTM-003844,raw_negative/gangue_negative/vesuvianite/vesuvianite_mindat_p206641_page3_001_raw.jpg,vesuvianite,gangue_negative,2,206641,DG-5ece93b941e5,train,expert_fit
VTM-003846,raw_negative/gangue_negative/vesuvianite/vesuvianite_mindat_p208635_page15_050_raw.jpg,vesuvianite,gangue_negative,2,208635,DG-65ee9832cb87,val,expert_stop
VTM-003849,raw_negative/gangue_negative/vesuvianite/vesuvianite_mindat_p210538_page4_006_raw.jpg,vesuvianite,gangue_negative,2,210538,DG-f0c34ebf09d4,train,expert_fit
VTM-003850,raw_negative/gangue_negative/vesuvianite/vesuvianite_mindat_p210540_page4_004_raw.jpg,vesuvianite,gangue_negative,2,210540,DG-e94d11f17d33,train,expert_fit
VTM-003851,raw_negative/gangue_negative/vesuvianite/vesuvianite_mindat_p211813_page7_007_raw.jpg,vesuvianite,gangue_negative,2,211813,DG-1a9713d7c0ed,train,expert_fit
VTM-003855,raw_negative/gangue_negative/vesuvianite/vesuvianite_mindat_p226100_page1_055_raw.jpg,vesuvianite,gangue_negative,2,226100,DG-bba20012f7ff,train,expert_fit
VTM-003856,raw_negative/gangue_negative/vesuvianite/vesuvianite_mindat_p227083_page7_013_raw.jpg,vesuvianite,gangue_negative,2,227083,DG-d3e07d74dc04,train,expert_fit
VTM-003858,raw_negative/gangue_negative/vesuvianite/vesuvianite_mindat_p233623_page1_060_raw.jpg,vesuvianite,gangue_negative,2,233623,DG-5873d2ba762f,train,expert_fit
VTM-003859,raw_negative/gangue_negative/vesuvianite/vesuvianite_mindat_p240038_page13_002_raw.jpg,vesuvianite,gangue_negative,2,240038,DG-347607d0382b,train,expert_fit
VTM-003861,raw_negative/gangue_negative/vesuvianite/vesuvianite_mindat_p240720_page1_030_raw.jpg,vesuvianite,gangue_negative,2,240720,DG-4b5998612f30,val,expert_stop
VTM-003863,raw_negative/gangue_negative/vesuvianite/vesuvianite_mindat_p242360_page1_065_raw.jpg,vesuvianite,gangue_negative,2,242360,DG-187dda875561,val,expert_stop
VTM-003868,raw_negative/gangue_negative/vesuvianite/vesuvianite_mindat_p245031_page8_005_raw.jpg,vesuvianite,gangue_negative,2,245031,DG-988342957832,train,expert_fit
VTM-003871,raw_negative/gangue_negative/vesuvianite/vesuvianite_mindat_p251483_page1_040_raw.jpg,vesuvianite,gangue_negative,2,251483,DG-1f03c396a434,train,expert_fit
VTM-003872,raw_negative/gangue_negative/vesuvianite/vesuvianite_mindat_p252876_page9_007_raw.jpg,vesuvianite,gangue_negative,2,252876,DG-363bac7fa853,train,expert_fit
VTM-003873,raw_negative/gangue_negative/vesuvianite/vesuvianite_mindat_p252878_page9_008_raw.jpg,vesuvianite,gangue_negative,2,252878,DG-c4102cea5192,train,expert_fit
VTM-003874,raw_negative/gangue_negative/vesuvianite/vesuvianite_mindat_p254971_page15_037_raw.jpg,vesuvianite,gangue_negative,2,254971,DG-e2ecc0af409b,train,expert_fit
VTM-003875,raw_negative/gangue_negative/vesuvianite/vesuvianite_mindat_p260380_page8_007_raw.jpg,vesuvianite,gangue_negative,2,260380,DG-b9ac843632dd,val,expert_stop
VTM-003876,raw_negative/gangue_negative/vesuvianite/vesuvianite_mindat_p260813_page7_012_raw.jpg,vesuvianite,gangue_negative,2,260813,DG-f14959620d42,train,expert_fit
VTM-003877,raw_negative/gangue_negative/vesuvianite/vesuvianite_mindat_p262493_page7_016_raw.jpg,vesuvianite,gangue_negative,2,262493,DG-591abe10bfe5,val,expert_stop
VTM-003878,raw_negative/gangue_negative/vesuvianite/vesuvianite_mindat_p265755_page4_005_raw.jpg,vesuvianite,gangue_negative,2,265755,DG-811759214977,train,expert_fit
VTM-003882,raw_negative/gangue_negative/vesuvianite/vesuvianite_mindat_p274934_page6_053_raw.jpg,vesuvianite,gangue_negative,2,274934,DG-a2fa6725e7ca,train,expert_fit
VTM-003887,raw_negative/gangue_negative/vesuvianite/vesuvianite_mindat_p286716_page7_022_raw.jpg,vesuvianite,gangue_negative,2,286716,DG-64d015783567,train,expert_fit
VTM-003889,raw_negative/gangue_negative/vesuvianite/vesuvianite_mindat_p288163_page1_031_raw.jpg,vesuvianite,gangue_negative,2,288163,DG-e2f7b314b961,train,expert_fit
VTM-003890,raw_negative/gangue_negative/vesuvianite/vesuvianite_mindat_p291497_page13_001_raw.jpg,vesuvianite,gangue_negative,2,291497,DG-dba0cfd57266,train,expert_fit
VTM-003891,raw_negative/gangue_negative/vesuvianite/vesuvianite_mindat_p291498_page13_003_raw.jpg,vesuvianite,gangue_negative,2,291498,DG-382fc9f12b38,train,expert_fit
VTM-003895,raw_negative/gangue_negative/vesuvianite/vesuvianite_mindat_p297150_page15_055_raw.jpg,vesuvianite,gangue_negative,2,297150,DG-bcc95ade6281,train,expert_fit
VTM-003897,raw_negative/gangue_negative/vesuvianite/vesuvianite_mindat_p297423_page6_044_raw.jpg,vesuvianite,gangue_negative,2,297423,DG-3d1dcb27dad7,train,expert_fit
VTM-003900,raw_negative/gangue_negative/vesuvianite/vesuvianite_mindat_p310011_page18_022_raw.jpg,vesuvianite,gangue_negative,2,310011,DG-bfb2e8da7607,train,expert_fit
VTM-003902,raw_negative/gangue_negative/vesuvianite/vesuvianite_mindat_p316654_page6_052_raw.jpg,vesuvianite,gangue_negative,2,316654,DG-7f3d55a750b5,train,expert_fit
VTM-003903,raw_negative/gangue_negative/vesuvianite/vesuvianite_mindat_p323556_page2_001_raw.jpg,vesuvianite,gangue_negative,2,323556,DG-737047940f15,train,expert_fit
VTM-003906,raw_negative/gangue_negative/vesuvianite/vesuvianite_mindat_p323559_page2_003_raw.jpg,vesuvianite,gangue_negative,2,323559,DG-a823da2de383,train,expert_fit
VTM-003910,raw_negative/gangue_negative/vesuvianite/vesuvianite_mindat_p335781_page18_005_raw.jpg,vesuvianite,gangue_negative,2,335781,DG-c021cb3b26ec,train,expert_fit
VTM-003911,raw_negative/gangue_negative/vesuvianite/vesuvianite_mindat_p336169_page9_003_raw.jpg,vesuvianite,gangue_negative,2,336169,DG-329edd6f2b7c,train,expert_fit
VTM-003913,raw_negative/gangue_negative/vesuvianite/vesuvianite_mindat_p352805_page15_054_raw.jpg,vesuvianite,gangue_negative,2,352805,DG-640591c9866a,train,expert_fit
VTM-003914,raw_negative/gangue_negative/vesuvianite/vesuvianite_mindat_p354537_page7_026_raw.jpg,vesuvianite,gangue_negative,2,354537,DG-f00be2294a09,train,expert_fit
VTM-003919,raw_negative/gangue_negative/vesuvianite/vesuvianite_mindat_p366667_page15_042_raw.jpg,vesuvianite,gangue_negative,2,366667,DG-1bfbf1409727,train,expert_fit
VTM-003920,raw_negative/gangue_negative/vesuvianite/vesuvianite_mindat_p369681_page15_053_raw.jpg,vesuvianite,gangue_negative,2,369681,DG-5ea1b39f2ca7,train,expert_fit
VTM-003921,raw_negative/gangue_negative/vesuvianite/vesuvianite_mindat_p369682_page15_071_raw.jpg,vesuvianite,gangue_negative,2,369682,DG-d6f3bfcc82a3,train,expert_fit
VTM-003922,raw_negative/gangue_negative/vesuvianite/vesuvianite_mindat_p377823_page7_039_raw.jpg,vesuvianite,gangue_negative,2,377823,DG-5b2b21b375a3,train,expert_fit
VTM-003925,raw_negative/gangue_negative/vesuvianite/vesuvianite_mindat_p385825_page10_007_raw.jpg,vesuvianite,gangue_negative,2,385825,DG-403408a696da,train,expert_fit
VTM-003926,raw_negative/gangue_negative/vesuvianite/vesuvianite_mindat_p392777_page4_009_raw.jpg,vesuvianite,gangue_negative,2,392777,DG-66e1a06eb335,val,expert_stop
VTM-003927,raw_negative/gangue_negative/vesuvianite/vesuvianite_mindat_p393582_page4_007_raw.jpg,vesuvianite,gangue_negative,2,393582,DG-30aa90b1e374,train,expert_fit
VTM-003928,raw_negative/gangue_negative/vesuvianite/vesuvianite_mindat_p396810_page7_030_raw.jpg,vesuvianite,gangue_negative,2,396810,DG-7baf62e4bd78,val,expert_stop
VTM-003932,raw_negative/gangue_negative/vesuvianite/vesuvianite_mindat_p398219_page1_007_raw.jpg,vesuvianite,gangue_negative,2,398219,DG-41b2f1baf41a,train,expert_fit
VTM-003933,raw_negative/gangue_negative/vesuvianite/vesuvianite_mindat_p399570_page1_069_raw.jpg,vesuvianite,gangue_negative,2,399570,DG-292e31308efb,train,expert_fit
VTM-003934,raw_negative/gangue_negative/vesuvianite/vesuvianite_mindat_p410836_page16_001_raw.jpg,vesuvianite,gangue_negative,2,410836,DG-cde12f5c8a99,train,expert_fit
VTM-003935,raw_negative/gangue_negative/vesuvianite/vesuvianite_mindat_p430626_page6_048_raw.jpg,vesuvianite,gangue_negative,2,430626,DG-d80e49ba3f14,val,expert_stop
VTM-003936,raw_negative/gangue_negative/vesuvianite/vesuvianite_mindat_p434845_page6_057_raw.jpg,vesuvianite,gangue_negative,2,434845,DG-a5da20726561,train,expert_fit
VTM-003938,raw_negative/gangue_negative/vesuvianite/vesuvianite_mindat_p440439_page4_008_raw.jpg,vesuvianite,gangue_negative,2,440439,DG-d214ee6c3da9,train,expert_fit
VTM-003940,raw_negative/gangue_negative/vesuvianite/vesuvianite_mindat_p460302_page7_050_raw.jpg,vesuvianite,gangue_negative,2,460302,DG-c9713c9f54de,train,expert_fit
VTM-003941,raw_negative/gangue_negative/vesuvianite/vesuvianite_mindat_p465860_page7_034_raw.jpg,vesuvianite,gangue_negative,2,465860,DG-e2396c0d64f2,train,expert_fit
VTM-003942,raw_negative/gangue_negative/vesuvianite/vesuvianite_mindat_p465861_page7_040_raw.jpg,vesuvianite,gangue_negative,2,465861,DG-288158a36116,train,expert_fit
VTM-003943,raw_negative/gangue_negative/vesuvianite/vesuvianite_mindat_p468969_page17_023_raw.jpg,vesuvianite,gangue_negative,2,468969,DG-cf596840a2f2,train,expert_fit
VTM-003944,raw_negative/gangue_negative/vesuvianite/vesuvianite_mindat_p472594_page6_054_raw.jpg,vesuvianite,gangue_negative,2,472594,DG-b8bbdd672761,train,expert_fit
VTM-003945,raw_negative/gangue_negative/vesuvianite/vesuvianite_mindat_p477742_page1_008_raw.jpg,vesuvianite,gangue_negative,2,477742,DG-3ac78dba1e05,train,expert_fit
VTM-003946,raw_negative/gangue_negative/vesuvianite/vesuvianite_mindat_p479238_page16_002_raw.jpg,vesuvianite,gangue_negative,2,479238,DG-d67239230354,val,expert_stop
VTM-003954,raw_negative/gangue_negative/vesuvianite/vesuvianite_mindat_p501762_page17_003_raw.jpg,vesuvianite,gangue_negative,2,501762,DG-d3113b27d149,val,expert_stop
VTM-003955,raw_negative/gangue_negative/vesuvianite/vesuvianite_mindat_p509970_page1_074_raw.jpg,vesuvianite,gangue_negative,2,509970,DG-007cb8e0b58a,train,expert_fit
VTM-003957,raw_negative/gangue_negative/vesuvianite/vesuvianite_mindat_p512294_page6_058_raw.jpg,vesuvianite,gangue_negative,2,512294,DG-6837ec7f0cfb,train,expert_fit
VTM-003958,raw_negative/gangue_negative/vesuvianite/vesuvianite_mindat_p519092_page3_006_raw.jpg,vesuvianite,gangue_negative,2,519092,DG-e0a00790809c,train,expert_fit
VTM-003961,raw_negative/gangue_negative/vesuvianite/vesuvianite_mindat_p525435_page7_056_raw.jpg,vesuvianite,gangue_negative,2,525435,DG-e812bc569910,train,expert_fit
VTM-003962,raw_negative/gangue_negative/vesuvianite/vesuvianite_mindat_p530949_page7_021_raw.jpg,vesuvianite,gangue_negative,2,530949,DG-c5b5257cfa3d,val,expert_stop
VTM-003964,raw_negative/gangue_negative/vesuvianite/vesuvianite_mindat_p530998_page10_002_raw.jpg,vesuvianite,gangue_negative,2,530998,DG-22543172b0c1,train,expert_fit
VTM-003965,raw_negative/gangue_negative/vesuvianite/vesuvianite_mindat_p533187_page7_011_raw.jpg,vesuvianite,gangue_negative,2,533187,DG-bedd810d9200,train,expert_fit
VTM-003966,raw_negative/gangue_negative/vesuvianite/vesuvianite_mindat_p533188_page7_036_raw.jpg,vesuvianite,gangue_negative,2,533188,DG-d49aec26d57d,train,expert_fit
VTM-003971,raw_negative/gangue_negative/vesuvianite/vesuvianite_mindat_p539522_page6_060_raw.jpg,vesuvianite,gangue_negative,2,539522,DG-14f935be0016,val,expert_stop
VTM-003972,raw_negative/gangue_negative/vesuvianite/vesuvianite_mindat_p539773_page1_075_raw.jpg,vesuvianite,gangue_negative,2,539773,DG-7df29f37c067,train,expert_fit
VTM-003973,raw_negative/gangue_negative/vesuvianite/vesuvianite_mindat_p540214_page7_028_raw.jpg,vesuvianite,gangue_negative,2,540214,DG-14d7772a2cce,val,expert_stop
VTM-003974,raw_negative/gangue_negative/vesuvianite/vesuvianite_mindat_p540215_page7_060_raw.jpg,vesuvianite,gangue_negative,2,540215,DG-5ab3139737d3,train,expert_fit
VTM-003975,raw_negative/gangue_negative/vesuvianite/vesuvianite_mindat_p540840_page11_002_raw.jpg,vesuvianite,gangue_negative,2,540840,DG-e3ec539d209e,train,expert_fit
VTM-003976,raw_negative/gangue_negative/vesuvianite/vesuvianite_mindat_p543446_page4_020_raw.jpg,vesuvianite,gangue_negative,2,543446,DG-b65d96211393,train,expert_fit
VTM-003977,raw_negative/gangue_negative/vesuvianite/vesuvianite_mindat_p543447_page4_012_raw.jpg,vesuvianite,gangue_negative,2,543447,DG-6a976bfc399e,train,expert_fit
VTM-003984,raw_negative/gangue_negative/vesuvianite/vesuvianite_mindat_p552811_page1_063_raw.jpg,vesuvianite,gangue_negative,2,552811,DG-5daf5ec33c7d,train,expert_fit
VTM-003985,raw_negative/gangue_negative/vesuvianite/vesuvianite_mindat_p553656_page7_032_raw.jpg,vesuvianite,gangue_negative,2,553656,DG-2688d936572b,train,expert_fit
VTM-003987,raw_negative/gangue_negative/vesuvianite/vesuvianite_mindat_p553660_page7_058_raw.jpg,vesuvianite,gangue_negative,2,553660,DG-d2aa36cd4cad,train,expert_fit
VTM-003989,raw_negative/gangue_negative/vesuvianite/vesuvianite_mindat_p571953_page7_038_raw.jpg,vesuvianite,gangue_negative,2,571953,DG-2da0a4904941,train,expert_fit
VTM-003990,raw_negative/gangue_negative/vesuvianite/vesuvianite_mindat_p571956_page7_075_raw.jpg,vesuvianite,gangue_negative,2,571956,DG-067e404da2ae,train,expert_fit
VTM-003992,raw_negative/gangue_negative/vesuvianite/vesuvianite_mindat_p572479_page6_034_raw.jpg,vesuvianite,gangue_negative,2,572479,DG-664f9c926f0d,train,expert_fit
VTM-003993,raw_negative/gangue_negative/vesuvianite/vesuvianite_mindat_p577405_page8_010_raw.jpg,vesuvianite,gangue_negative,2,577405,DG-c8d252927af9,train,expert_fit
VTM-003994,raw_negative/gangue_negative/vesuvianite/vesuvianite_mindat_p578566_page1_034_raw.jpg,vesuvianite,gangue_negative,2,578566,DG-aa022bcd3af9,train,expert_fit
VTM-003995,raw_negative/gangue_negative/vesuvianite/vesuvianite_mindat_p583092_page7_047_raw.jpg,vesuvianite,gangue_negative,2,583092,DG-f23c0043579c,train,expert_fit
VTM-003996,raw_negative/gangue_negative/vesuvianite/vesuvianite_mindat_p587138_page4_018_raw.jpg,vesuvianite,gangue_negative,2,587138,DG-3669ab7c0ab5,train,expert_fit
VTM-003997,raw_negative/gangue_negative/vesuvianite/vesuvianite_mindat_p587140_page4_017_raw.jpg,vesuvianite,gangue_negative,2,587140,DG-eeb3e8e8bd96,train,expert_fit
VTM-003998,raw_negative/gangue_negative/vesuvianite/vesuvianite_mindat_p587979_page7_037_raw.jpg,vesuvianite,gangue_negative,2,587979,DG-dd6fab201e95,train,expert_fit
VTM-003999,raw_negative/gangue_negative/vesuvianite/vesuvianite_mindat_p591360_page18_008_raw.jpg,vesuvianite,gangue_negative,2,591360,DG-bc2c053410ba,train,expert_fit
VTM-004000,raw_negative/gangue_negative/vesuvianite/vesuvianite_mindat_p592737_page11_026_raw.jpg,vesuvianite,gangue_negative,2,592737,DG-02ba05b063b7,train,expert_fit
VTM-004003,raw_negative/gangue_negative/vesuvianite/vesuvianite_mindat_p592741_page11_020_raw.jpg,vesuvianite,gangue_negative,2,592741,DG-1ba10078971d,train,expert_fit
VTM-004004,raw_negative/gangue_negative/vesuvianite/vesuvianite_mindat_p592742_page11_010_raw.jpg,vesuvianite,gangue_negative,2,592742,DG-f8ce8cd92306,train,expert_fit
VTM-004005,raw_negative/gangue_negative/vesuvianite/vesuvianite_mindat_p592744_page11_028_raw.jpg,vesuvianite,gangue_negative,2,592744,DG-6fc92603d80b,train,expert_fit
VTM-004006,raw_negative/gangue_negative/vesuvianite/vesuvianite_mindat_p592745_page11_035_raw.jpg,vesuvianite,gangue_negative,2,592745,DG-2e79c7b33fc4,val,expert_stop
VTM-004007,raw_negative/gangue_negative/vesuvianite/vesuvianite_mindat_p592747_page11_032_raw.jpg,vesuvianite,gangue_negative,2,592747,DG-662b18f75ed5,val,expert_stop
VTM-004008,raw_negative/gangue_negative/vesuvianite/vesuvianite_mindat_p592748_page11_018_raw.jpg,vesuvianite,gangue_negative,2,592748,DG-3f99bb31fd11,train,expert_fit
VTM-004009,raw_negative/gangue_negative/vesuvianite/vesuvianite_mindat_p592751_page11_013_raw.jpg,vesuvianite,gangue_negative,2,592751,DG-970513572ad5,train,expert_fit
VTM-004012,raw_negative/gangue_negative/vesuvianite/vesuvianite_mindat_p592757_page11_042_raw.jpg,vesuvianite,gangue_negative,2,592757,DG-b6258a6f84ef,train,expert_fit
VTM-004015,raw_negative/gangue_negative/vesuvianite/vesuvianite_mindat_p592764_page11_005_raw.jpg,vesuvianite,gangue_negative,2,592764,DG-77454de7f884,train,expert_fit
VTM-004017,raw_negative/gangue_negative/vesuvianite/vesuvianite_mindat_p592767_page11_024_raw.jpg,vesuvianite,gangue_negative,2,592767,DG-bb59d8a61e69,train,expert_fit
VTM-004018,raw_negative/gangue_negative/vesuvianite/vesuvianite_mindat_p592768_page11_019_raw.jpg,vesuvianite,gangue_negative,2,592768,DG-9836822b50db,val,expert_stop
VTM-004019,raw_negative/gangue_negative/vesuvianite/vesuvianite_mindat_p592770_page11_007_raw.jpg,vesuvianite,gangue_negative,2,592770,DG-62ac0e476866,train,expert_fit
VTM-004021,raw_negative/gangue_negative/vesuvianite/vesuvianite_mindat_p592772_page11_037_raw.jpg,vesuvianite,gangue_negative,2,592772,DG-24b3f67f5541,train,expert_fit
VTM-004022,raw_negative/gangue_negative/vesuvianite/vesuvianite_mindat_p592774_page11_027_raw.jpg,vesuvianite,gangue_negative,2,592774,DG-5729472e6060,train,expert_fit
VTM-004023,raw_negative/gangue_negative/vesuvianite/vesuvianite_mindat_p592775_page11_034_raw.jpg,vesuvianite,gangue_negative,2,592775,DG-b626d61ca459,val,expert_stop
VTM-004024,raw_negative/gangue_negative/vesuvianite/vesuvianite_mindat_p592776_page11_039_raw.jpg,vesuvianite,gangue_negative,2,592776,DG-372e8bba0e98,train,expert_fit
VTM-004026,raw_negative/gangue_negative/vesuvianite/vesuvianite_mindat_p592779_page11_040_raw.jpg,vesuvianite,gangue_negative,2,592779,DG-59e18c2e392d,val,expert_stop
VTM-004027,raw_negative/gangue_negative/vesuvianite/vesuvianite_mindat_p592781_page11_044_raw.jpg,vesuvianite,gangue_negative,2,592781,DG-6b9df49cf5ae,train,expert_fit
VTM-004031,raw_negative/gangue_negative/vesuvianite/vesuvianite_mindat_p592788_page11_030_raw.jpg,vesuvianite,gangue_negative,2,592788,DG-3d1375b6a313,train,expert_fit
VTM-004032,raw_negative/gangue_negative/vesuvianite/vesuvianite_mindat_p607742_page10_012_raw.jpg,vesuvianite,gangue_negative,2,607742,DG-92c42313ca9e,train,expert_fit
VTM-004033,raw_negative/gangue_negative/vesuvianite/vesuvianite_mindat_p608149_page10_015_raw.jpg,vesuvianite,gangue_negative,2,608149,DG-06fa710908bb,val,expert_stop
VTM-004034,raw_negative/gangue_negative/vesuvianite/vesuvianite_mindat_p610773_page7_055_raw.jpg,vesuvianite,gangue_negative,2,610773,DG-2a3a7578bd5a,train,expert_fit
VTM-004037,raw_negative/gangue_negative/vesuvianite/vesuvianite_mindat_p622935_page15_070_raw.jpg,vesuvianite,gangue_negative,2,622935,DG-52ff5de8d475,train,expert_fit
VTM-004038,raw_negative/gangue_negative/vesuvianite/vesuvianite_mindat_p624733_page10_020_raw.jpg,vesuvianite,gangue_negative,2,624733,DG-8eea071c79a8,train,expert_fit
VTM-004039,raw_negative/gangue_negative/vesuvianite/vesuvianite_mindat_p624734_page10_019_raw.jpg,vesuvianite,gangue_negative,2,624734,DG-4db2d01ba6c5,train,expert_fit
VTM-004040,raw_negative/gangue_negative/vesuvianite/vesuvianite_mindat_p625135_page10_010_raw.jpg,vesuvianite,gangue_negative,2,625135,DG-195887bfa623,val,expert_stop
VTM-004042,raw_negative/gangue_negative/vesuvianite/vesuvianite_mindat_p632434_page10_014_raw.jpg,vesuvianite,gangue_negative,2,632434,DG-2d1974985d68,train,expert_fit
VTM-004044,raw_negative/gangue_negative/vesuvianite/vesuvianite_mindat_p634359_page4_011_raw.jpg,vesuvianite,gangue_negative,2,634359,DG-f9d12b79e75f,train,expert_fit
VTM-004047,raw_negative/gangue_negative/vesuvianite/vesuvianite_mindat_p636042_page6_047_raw.jpg,vesuvianite,gangue_negative,2,636042,DG-60aac4edb1a5,train,expert_fit
VTM-004048,raw_negative/gangue_negative/vesuvianite/vesuvianite_mindat_p636245_page10_011_raw.jpg,vesuvianite,gangue_negative,2,636245,DG-89bcc3c40a9f,train,expert_fit
VTM-004049,raw_negative/gangue_negative/vesuvianite/vesuvianite_mindat_p637735_page10_017_raw.jpg,vesuvianite,gangue_negative,2,637735,DG-362aecbb3a0a,train,expert_fit
VTM-004050,raw_negative/gangue_negative/vesuvianite/vesuvianite_mindat_p637737_page10_031_raw.jpg,vesuvianite,gangue_negative,2,637737,DG-8e13f5f8e20a,train,expert_fit
VTM-004051,raw_negative/gangue_negative/vesuvianite/vesuvianite_mindat_p638232_page6_039_raw.jpg,vesuvianite,gangue_negative,2,638232,DG-6956a5173f6d,train,expert_fit
VTM-004053,raw_negative/gangue_negative/vesuvianite/vesuvianite_mindat_p641985_page17_007_raw.jpg,vesuvianite,gangue_negative,2,641985,DG-1a0e890cb42c,train,expert_fit
VTM-004055,raw_negative/gangue_negative/vesuvianite/vesuvianite_mindat_p647149_page9_005_raw.jpg,vesuvianite,gangue_negative,2,647149,DG-e9120d8e1974,val,expert_stop
VTM-004056,raw_negative/gangue_negative/vesuvianite/vesuvianite_mindat_p649560_page5_004_raw.jpg,vesuvianite,gangue_negative,2,649560,DG-24d2c5f11552,train,expert_fit
VTM-004059,raw_negative/gangue_negative/vesuvianite/vesuvianite_mindat_p660119_page1_032_raw.jpg,vesuvianite,gangue_negative,2,660119,DG-fbac0c61b5c8,val,expert_stop
VTM-004060,raw_negative/gangue_negative/vesuvianite/vesuvianite_mindat_p660533_page7_033_raw.jpg,vesuvianite,gangue_negative,2,660533,DG-40cc236e2a0b,val,expert_stop
VTM-004061,raw_negative/gangue_negative/vesuvianite/vesuvianite_mindat_p661277_page15_044_raw.jpg,vesuvianite,gangue_negative,2,661277,DG-80e4299a55f2,train,expert_fit
VTM-004062,raw_negative/gangue_negative/vesuvianite/vesuvianite_mindat_p664038_page1_059_raw.jpg,vesuvianite,gangue_negative,2,664038,DG-fda72bb14ae7,train,expert_fit
VTM-004063,raw_negative/gangue_negative/vesuvianite/vesuvianite_mindat_p665707_page6_045_raw.jpg,vesuvianite,gangue_negative,2,665707,DG-94bb3086cbb8,train,expert_fit
VTM-004064,raw_negative/gangue_negative/vesuvianite/vesuvianite_mindat_p673529_page11_045_raw.jpg,vesuvianite,gangue_negative,2,673529,DG-24d450703173,val,expert_stop
VTM-004068,raw_negative/gangue_negative/vesuvianite/vesuvianite_mindat_p682173_page9_006_raw.jpg,vesuvianite,gangue_negative,2,682173,DG-ebc9ea804668,train,expert_fit
VTM-004069,raw_negative/gangue_negative/vesuvianite/vesuvianite_mindat_p682220_page17_008_raw.jpg,vesuvianite,gangue_negative,2,682220,DG-2fd3bf0b3927,train,expert_fit
VTM-004073,raw_negative/gangue_negative/vesuvianite/vesuvianite_mindat_p687067_page1_062_raw.jpg,vesuvianite,gangue_negative,2,687067,DG-0b4aaceca9a9,train,expert_fit
VTM-004074,raw_negative/gangue_negative/vesuvianite/vesuvianite_mindat_p693193_page18_007_raw.jpg,vesuvianite,gangue_negative,2,693193,DG-31c21bf0e9bc,train,expert_fit
VTM-004075,raw_negative/gangue_negative/vesuvianite/vesuvianite_mindat_p694234_page6_061_raw.jpg,vesuvianite,gangue_negative,2,694234,DG-4ad0528d18ac,train,expert_fit
VTM-004076,raw_negative/gangue_negative/vesuvianite/vesuvianite_mindat_p697343_page4_031_raw.jpg,vesuvianite,gangue_negative,2,697343,DG-628d38eee682,val,expert_stop
VTM-004077,raw_negative/gangue_negative/vesuvianite/vesuvianite_mindat_p697344_page4_025_raw.jpg,vesuvianite,gangue_negative,2,697344,DG-24d3ff29302c,train,expert_fit
VTM-004081,raw_negative/gangue_negative/vesuvianite/vesuvianite_mindat_p702920_page1_016_raw.jpg,vesuvianite,gangue_negative,2,702920,DG-8ac6e9f112e0,train,expert_fit
VTM-004084,raw_negative/gangue_negative/vesuvianite/vesuvianite_mindat_p711223_page1_066_raw.jpg,vesuvianite,gangue_negative,2,711223,DG-96c776d4eabe,train,expert_fit
VTM-004085,raw_negative/gangue_negative/vesuvianite/vesuvianite_mindat_p711890_page6_063_raw.jpg,vesuvianite,gangue_negative,2,711890,DG-34684666499d,val,expert_stop
VTM-004086,raw_negative/gangue_negative/vesuvianite/vesuvianite_mindat_p712831_page12_006_raw.jpg,vesuvianite,gangue_negative,2,712831,DG-3e4fe0644cf8,train,expert_fit
VTM-004088,raw_negative/gangue_negative/vesuvianite/vesuvianite_mindat_p718214_page14_002_raw.jpg,vesuvianite,gangue_negative,2,718214,DG-fb4578ab7c80,train,expert_fit
VTM-004091,raw_negative/gangue_negative/vesuvianite/vesuvianite_mindat_p725984_page17_018_raw.jpg,vesuvianite,gangue_negative,2,725984,DG-bb86e9bab954,train,expert_fit
VTM-004092,raw_negative/gangue_negative/vesuvianite/vesuvianite_mindat_p727113_page4_013_raw.jpg,vesuvianite,gangue_negative,2,727113,DG-01ecf59f1948,train,expert_fit
VTM-004095,raw_negative/gangue_negative/vesuvianite/vesuvianite_mindat_p751037_page7_041_raw.jpg,vesuvianite,gangue_negative,2,751037,DG-8f6244d288cf,train,expert_fit
VTM-004096,raw_negative/gangue_negative/vesuvianite/vesuvianite_mindat_p752677_page17_019_raw.jpg,vesuvianite,gangue_negative,2,752677,DG-fbf28e0ec8a5,train,expert_fit
VTM-004097,raw_negative/gangue_negative/vesuvianite/vesuvianite_mindat_p758383_page6_050_raw.jpg,vesuvianite,gangue_negative,2,758383,DG-aa684bb9f534,train,expert_fit
VTM-004098,raw_negative/gangue_negative/vesuvianite/vesuvianite_mindat_p761594_page7_049_raw.jpg,vesuvianite,gangue_negative,2,761594,DG-04a95a9c61f2,train,expert_fit
VTM-004102,raw_negative/gangue_negative/vesuvianite/vesuvianite_mindat_p806828_page11_003_raw.jpg,vesuvianite,gangue_negative,2,806828,DG-d229bb5b117b,val,expert_stop
VTM-004103,raw_negative/gangue_negative/vesuvianite/vesuvianite_mindat_p809537_page16_003_raw.jpg,vesuvianite,gangue_negative,2,809537,DG-e2ced24584b8,train,expert_fit
VTM-004104,raw_negative/gangue_negative/vesuvianite/vesuvianite_mindat_p812628_page10_016_raw.jpg,vesuvianite,gangue_negative,2,812628,DG-f9940d52117c,train,expert_fit
VTM-004106,raw_negative/gangue_negative/vesuvianite/vesuvianite_mindat_p812632_page10_027_raw.jpg,vesuvianite,gangue_negative,2,812632,DG-293f69987720,val,expert_stop
VTM-004108,raw_negative/gangue_negative/vesuvianite/vesuvianite_mindat_p819929_page1_033_raw.jpg,vesuvianite,gangue_negative,2,819929,DG-3cca43ecbc30,val,expert_stop
VTM-004109,raw_negative/gangue_negative/vesuvianite/vesuvianite_mindat_p826565_page15_034_raw.jpg,vesuvianite,gangue_negative,2,826565,DG-8e51afeeacec,train,expert_fit
VTM-004110,raw_negative/gangue_negative/vesuvianite/vesuvianite_mindat_p826894_page1_021_raw.jpg,vesuvianite,gangue_negative,2,826894,DG-de4a1c71f1f3,train,expert_fit
VTM-004113,raw_negative/gangue_negative/vesuvianite/vesuvianite_mindat_p837801_page15_066_raw.jpg,vesuvianite,gangue_negative,2,837801,DG-89a5aebd31ed,train,expert_fit
VTM-004114,raw_negative/gangue_negative/vesuvianite/vesuvianite_mindat_p838100_page15_048_raw.jpg,vesuvianite,gangue_negative,2,838100,DG-9f37082c98f9,train,expert_fit
VTM-004115,raw_negative/gangue_negative/vesuvianite/vesuvianite_mindat_p838199_page15_047_raw.jpg,vesuvianite,gangue_negative,2,838199,DG-1ff82603e405,train,expert_fit
VTM-004116,raw_negative/gangue_negative/vesuvianite/vesuvianite_mindat_p842329_page1_070_raw.jpg,vesuvianite,gangue_negative,2,842329,DG-62c3dea7d681,train,expert_fit
VTM-004118,raw_negative/gangue_negative/vesuvianite/vesuvianite_mindat_p852101_page2_005_raw.jpg,vesuvianite,gangue_negative,2,852101,DG-c598d42c9630,train,expert_fit
VTM-004119,raw_negative/gangue_negative/vesuvianite/vesuvianite_mindat_p855341_page7_062_raw.jpg,vesuvianite,gangue_negative,2,855341,DG-e7bd3fdf2d2b,train,expert_fit
VTM-004123,raw_negative/gangue_negative/vesuvianite/vesuvianite_mindat_p876408_page17_013_raw.jpg,vesuvianite,gangue_negative,2,876408,DG-d059c7aafe6b,train,expert_fit
VTM-004124,raw_negative/gangue_negative/vesuvianite/vesuvianite_mindat_p876422_page17_015_raw.jpg,vesuvianite,gangue_negative,2,876422,DG-523cedd66340,train,expert_fit
VTM-004125,raw_negative/gangue_negative/vesuvianite/vesuvianite_mindat_p883060_page10_022_raw.jpg,vesuvianite,gangue_negative,2,883060,DG-c66a54c24bfe,train,expert_fit
VTM-004128,raw_negative/gangue_negative/vesuvianite/vesuvianite_mindat_p905931_page4_015_raw.jpg,vesuvianite,gangue_negative,2,905931,DG-5aded02064b8,train,expert_fit
VTM-004129,raw_negative/gangue_negative/vesuvianite/vesuvianite_mindat_p917620_page7_008_raw.jpg,vesuvianite,gangue_negative,2,917620,DG-d3d52b406365,train,expert_fit
VTM-004131,raw_negative/gangue_negative/vesuvianite/vesuvianite_mindat_p928023_page5_003_raw.jpg,vesuvianite,gangue_negative,2,928023,DG-cbe20095ab05,train,expert_fit
VTM-004132,raw_negative/gangue_negative/vesuvianite/vesuvianite_mindat_p940952_page17_017_raw.jpg,vesuvianite,gangue_negative,2,940952,DG-bd296067adb7,train,expert_fit
VTM-004133,raw_negative/gangue_negative/vesuvianite/vesuvianite_mindat_p997527_page18_011_raw.jpg,vesuvianite,gangue_negative,2,997527,DG-9728002ed05f,train,expert_fit
VTM-004136,raw_negative/metallic_hard_negative/chalcopyrite/chalcopyrite_mindat_p003347_page1_061_raw.jpg,chalcopyrite,metallic_hard_negative,3,3347,DG-47ba63c76c07,train,expert_fit
VTM-004137,raw_negative/metallic_hard_negative/chalcopyrite/chalcopyrite_mindat_p003507_page1_020_raw.jpg,chalcopyrite,metallic_hard_negative,3,3507,DG-03cb4d8280c5,val,expert_stop
VTM-004138,raw_negative/metallic_hard_negative/chalcopyrite/chalcopyrite_mindat_p005181_page1_046_raw.jpg,chalcopyrite,metallic_hard_negative,3,5181,DG-30af0c962ad6,train,expert_fit
VTM-004141,raw_negative/metallic_hard_negative/chalcopyrite/chalcopyrite_mindat_p008998_page1_065_raw.jpg,chalcopyrite,metallic_hard_negative,3,8998,DG-dff7eac6cea4,train,expert_fit
VTM-004144,raw_negative/metallic_hard_negative/chalcopyrite/chalcopyrite_mindat_p010962_page1_062_raw.jpg,chalcopyrite,metallic_hard_negative,3,10962,DG-ff495648bcfe,train,expert_fit
VTM-004145,raw_negative/metallic_hard_negative/chalcopyrite/chalcopyrite_mindat_p016589_page1_037_raw.jpg,chalcopyrite,metallic_hard_negative,3,16589,DG-a5e8cf82e011,val,expert_stop
VTM-004146,raw_negative/metallic_hard_negative/chalcopyrite/chalcopyrite_mindat_p017254_page6_002_raw.jpg,chalcopyrite,metallic_hard_negative,3,17254,DG-a74b569732a4,train,expert_fit
VTM-004148,raw_negative/metallic_hard_negative/chalcopyrite/chalcopyrite_mindat_p023473_page1_038_raw.jpg,chalcopyrite,metallic_hard_negative,3,23473,DG-7a808857c1de,train,expert_fit
VTM-004150,raw_negative/metallic_hard_negative/chalcopyrite/chalcopyrite_mindat_p029373_page4_003_raw.jpg,chalcopyrite,metallic_hard_negative,3,29373,DG-72700ebf1a10,train,expert_fit
VTM-004152,raw_negative/metallic_hard_negative/chalcopyrite/chalcopyrite_mindat_p036645_page1_018_raw.jpg,chalcopyrite,metallic_hard_negative,3,36645,DG-b3ea3eabff40,val,expert_stop
VTM-004153,raw_negative/metallic_hard_negative/chalcopyrite/chalcopyrite_mindat_p037509_page1_014_raw.jpg,chalcopyrite,metallic_hard_negative,3,37509,DG-9fc1b8c7f218,train,expert_fit
VTM-004154,raw_negative/metallic_hard_negative/chalcopyrite/chalcopyrite_mindat_p045981_page4_004_raw.jpg,chalcopyrite,metallic_hard_negative,3,45981,DG-abc4ece41987,train,expert_fit
VTM-004155,raw_negative/metallic_hard_negative/chalcopyrite/chalcopyrite_mindat_p048009_page1_035_raw.jpg,chalcopyrite,metallic_hard_negative,3,48009,DG-a636b5037976,val,expert_stop
VTM-004156,raw_negative/metallic_hard_negative/chalcopyrite/chalcopyrite_mindat_p055594_page1_067_raw.jpg,chalcopyrite,metallic_hard_negative,3,55594,DG-6def294078cd,train,expert_fit
VTM-004158,raw_negative/metallic_hard_negative/chalcopyrite/chalcopyrite_mindat_p056385_page1_028_raw.jpg,chalcopyrite,metallic_hard_negative,3,56385,DG-93521f3682a4,train,expert_fit
VTM-004159,raw_negative/metallic_hard_negative/chalcopyrite/chalcopyrite_mindat_p056484_page1_002_raw.jpg,chalcopyrite,metallic_hard_negative,3,56484,DG-32645abe6c40,train,expert_fit
VTM-004161,raw_negative/metallic_hard_negative/chalcopyrite/chalcopyrite_mindat_p056819_page1_069_raw.jpg,chalcopyrite,metallic_hard_negative,3,56819,DG-ba6b7b5ebdb9,train,expert_fit
VTM-004166,raw_negative/metallic_hard_negative/chalcopyrite/chalcopyrite_mindat_p070327_page6_005_raw.jpg,chalcopyrite,metallic_hard_negative,3,70327,DG-4235c3636cfb,train,expert_fit
VTM-004167,raw_negative/metallic_hard_negative/chalcopyrite/chalcopyrite_mindat_p071817_page1_034_raw.jpg,chalcopyrite,metallic_hard_negative,3,71817,DG-1226b1f6ff21,train,expert_fit
VTM-004168,raw_negative/metallic_hard_negative/chalcopyrite/chalcopyrite_mindat_p073001_page1_032_raw.jpg,chalcopyrite,metallic_hard_negative,3,73001,DG-b2c30cdfb5d2,train,expert_fit
VTM-004171,raw_negative/metallic_hard_negative/chalcopyrite/chalcopyrite_mindat_p075671_page1_029_raw.jpg,chalcopyrite,metallic_hard_negative,3,75671,DG-d38a8f6caf2f,train,expert_fit
VTM-004173,raw_negative/metallic_hard_negative/chalcopyrite/chalcopyrite_mindat_p081848_page3_014_raw.jpg,chalcopyrite,metallic_hard_negative,3,81848,DG-d065df26b1de,train,expert_fit
VTM-004175,raw_negative/metallic_hard_negative/chalcopyrite/chalcopyrite_mindat_p083417_page1_036_raw.jpg,chalcopyrite,metallic_hard_negative,3,83417,DG-59972296a1e6,val,expert_stop
VTM-004179,raw_negative/metallic_hard_negative/chalcopyrite/chalcopyrite_mindat_p1000602_page3_075_raw.jpg,chalcopyrite,metallic_hard_negative,3,1000602,DG-cb7067e0a2de,train,expert_fit
VTM-004183,raw_negative/metallic_hard_negative/chalcopyrite/chalcopyrite_mindat_p1017690_page1_008_raw.jpg,chalcopyrite,metallic_hard_negative,3,1017690,DG-4ad5a7e7e695,train,expert_fit
VTM-004184,raw_negative/metallic_hard_negative/chalcopyrite/chalcopyrite_mindat_p102534_page1_041_raw.jpg,chalcopyrite,metallic_hard_negative,3,102534,DG-6e183f39b0f7,train,expert_fit
VTM-004185,raw_negative/metallic_hard_negative/chalcopyrite/chalcopyrite_mindat_p102951_page1_054_raw.jpg,chalcopyrite,metallic_hard_negative,3,102951,DG-8af24c38bfa8,train,expert_fit
VTM-004187,raw_negative/metallic_hard_negative/chalcopyrite/chalcopyrite_mindat_p107255_page1_052_raw.jpg,chalcopyrite,metallic_hard_negative,3,107255,DG-2b9d0cbe1018,train,expert_fit
VTM-004189,raw_negative/metallic_hard_negative/chalcopyrite/chalcopyrite_mindat_p1097086_page1_059_raw.jpg,chalcopyrite,metallic_hard_negative,3,1097086,DG-cbb6290e1f76,train,expert_fit
VTM-004190,raw_negative/metallic_hard_negative/chalcopyrite/chalcopyrite_mindat_p1100938_page4_045_raw.jpg,chalcopyrite,metallic_hard_negative,3,1100938,DG-dcee6fb17ddd,train,expert_fit
VTM-004191,raw_negative/metallic_hard_negative/chalcopyrite/chalcopyrite_mindat_p1103733_page1_044_raw.jpg,chalcopyrite,metallic_hard_negative,3,1103733,DG-f25f075f7ddc,train,expert_fit
VTM-004193,raw_negative/metallic_hard_negative/chalcopyrite/chalcopyrite_mindat_p1145506_page6_027_raw.jpg,chalcopyrite,metallic_hard_negative,3,1145506,DG-09ff52506cd7,train,expert_fit
VTM-004194,raw_negative/metallic_hard_negative/chalcopyrite/chalcopyrite_mindat_p114866_page1_011_raw.jpg,chalcopyrite,metallic_hard_negative,3,114866,DG-3be83e28c412,train,expert_fit
VTM-004195,raw_negative/metallic_hard_negative/chalcopyrite/chalcopyrite_mindat_p115227_page1_025_raw.jpg,chalcopyrite,metallic_hard_negative,3,115227,DG-fa817120e9a2,train,expert_fit
VTM-004196,raw_negative/metallic_hard_negative/chalcopyrite/chalcopyrite_mindat_p115228_page1_012_raw.jpg,chalcopyrite,metallic_hard_negative,3,115228,DG-466546dc0e93,train,expert_fit
VTM-004197,raw_negative/metallic_hard_negative/chalcopyrite/chalcopyrite_mindat_p1154921_page6_032_raw.jpg,chalcopyrite,metallic_hard_negative,3,1154921,DG-ff00c08bd107,train,expert_fit
VTM-004198,raw_negative/metallic_hard_negative/chalcopyrite/chalcopyrite_mindat_p1154922_page6_026_raw.jpg,chalcopyrite,metallic_hard_negative,3,1154922,DG-37f012c18419,train,expert_fit
VTM-004199,raw_negative/metallic_hard_negative/chalcopyrite/chalcopyrite_mindat_p116517_page1_048_raw.jpg,chalcopyrite,metallic_hard_negative,3,116517,DG-ffab15fd8963,val,expert_stop
VTM-004200,raw_negative/metallic_hard_negative/chalcopyrite/chalcopyrite_mindat_p120435_page1_070_raw.jpg,chalcopyrite,metallic_hard_negative,3,120435,DG-f51e3b6143c9,val,expert_stop
VTM-004201,raw_negative/metallic_hard_negative/chalcopyrite/chalcopyrite_mindat_p1206745_page3_070_raw.jpg,chalcopyrite,metallic_hard_negative,3,1206745,DG-0f59261d4d4f,val,expert_stop
VTM-004202,raw_negative/metallic_hard_negative/chalcopyrite/chalcopyrite_mindat_p1219375_page3_004_raw.jpg,chalcopyrite,metallic_hard_negative,3,1219375,DG-81189deed6ba,train,expert_fit
VTM-004204,raw_negative/metallic_hard_negative/chalcopyrite/chalcopyrite_mindat_p1268641_page1_060_raw.jpg,chalcopyrite,metallic_hard_negative,3,1268641,DG-b19f1dc1d9f6,train,expert_fit
VTM-004207,raw_negative/metallic_hard_negative/chalcopyrite/chalcopyrite_mindat_p1297369_page5_005_raw.jpg,chalcopyrite,metallic_hard_negative,3,1297369,DG-56e580b37e9f,val,expert_stop
VTM-004208,raw_negative/metallic_hard_negative/chalcopyrite/chalcopyrite_mindat_p129762_page3_012_raw.jpg,chalcopyrite,metallic_hard_negative,3,129762,DG-bfc092792a30,train,expert_fit
VTM-004210,raw_negative/metallic_hard_negative/chalcopyrite/chalcopyrite_mindat_p1301083_page7_003_raw.jpg,chalcopyrite,metallic_hard_negative,3,1301083,DG-5c225f863cd5,train,expert_fit
VTM-004211,raw_negative/metallic_hard_negative/chalcopyrite/chalcopyrite_mindat_p1342637_page7_012_raw.jpg,chalcopyrite,metallic_hard_negative,3,1342637,DG-1d36ceddf19c,train,expert_fit
VTM-004212,raw_negative/metallic_hard_negative/chalcopyrite/chalcopyrite_mindat_p1342639_page7_019_raw.jpg,chalcopyrite,metallic_hard_negative,3,1342639,DG-94683f2f8a87,train,expert_fit
VTM-004214,raw_negative/metallic_hard_negative/chalcopyrite/chalcopyrite_mindat_p1347660_page7_016_raw.jpg,chalcopyrite,metallic_hard_negative,3,1347660,DG-4d754843c8ee,train,expert_fit
VTM-004215,raw_negative/metallic_hard_negative/chalcopyrite/chalcopyrite_mindat_p1347778_page7_008_raw.jpg,chalcopyrite,metallic_hard_negative,3,1347778,DG-d0acb4073816,train,expert_fit
VTM-004217,raw_negative/metallic_hard_negative/chalcopyrite/chalcopyrite_mindat_p1348119_page7_010_raw.jpg,chalcopyrite,metallic_hard_negative,3,1348119,DG-645391bc1527,train,expert_fit
VTM-004218,raw_negative/metallic_hard_negative/chalcopyrite/chalcopyrite_mindat_p1348123_page7_018_raw.jpg,chalcopyrite,metallic_hard_negative,3,1348123,DG-de086bc576cf,train,expert_fit
VTM-004219,raw_negative/metallic_hard_negative/chalcopyrite/chalcopyrite_mindat_p1348594_page7_013_raw.jpg,chalcopyrite,metallic_hard_negative,3,1348594,DG-d4597052e10d,train,expert_fit
VTM-004220,raw_negative/metallic_hard_negative/chalcopyrite/chalcopyrite_mindat_p1348596_page7_020_raw.jpg,chalcopyrite,metallic_hard_negative,3,1348596,DG-89cdb51c4697,train,expert_fit
VTM-004221,raw_negative/metallic_hard_negative/chalcopyrite/chalcopyrite_mindat_p1360688_page2_008_raw.jpg,chalcopyrite,metallic_hard_negative,3,1360688,DG-22ef1eebfb8d,train,expert_fit
VTM-004222,raw_negative/metallic_hard_negative/chalcopyrite/chalcopyrite_mindat_p1360689_page2_010_raw.jpg,chalcopyrite,metallic_hard_negative,3,1360689,DG-1e0695c4192d,val,expert_stop
VTM-004224,raw_negative/metallic_hard_negative/chalcopyrite/chalcopyrite_mindat_p1361595_page7_028_raw.jpg,chalcopyrite,metallic_hard_negative,3,1361595,DG-e130c8625a9a,val,expert_stop
VTM-004225,raw_negative/metallic_hard_negative/chalcopyrite/chalcopyrite_mindat_p136721_page1_064_raw.jpg,chalcopyrite,metallic_hard_negative,3,136721,DG-fc9a0444f124,train,expert_fit
VTM-004226,raw_negative/metallic_hard_negative/chalcopyrite/chalcopyrite_mindat_p138837_page3_010_raw.jpg,chalcopyrite,metallic_hard_negative,3,138837,DG-5cfec6919979,train,expert_fit
VTM-004227,raw_negative/metallic_hard_negative/chalcopyrite/chalcopyrite_mindat_p1391761_page7_027_raw.jpg,chalcopyrite,metallic_hard_negative,3,1391761,DG-4ebe6c44e12a,train,expert_fit
VTM-004228,raw_negative/metallic_hard_negative/chalcopyrite/chalcopyrite_mindat_p1391763_page7_026_raw.jpg,chalcopyrite,metallic_hard_negative,3,1391763,DG-4db88c299408,train,expert_fit
VTM-004229,raw_negative/metallic_hard_negative/chalcopyrite/chalcopyrite_mindat_p1393039_page7_017_raw.jpg,chalcopyrite,metallic_hard_negative,3,1393039,DG-b2f380bd5029,train,expert_fit
VTM-004231,raw_negative/metallic_hard_negative/chalcopyrite/chalcopyrite_mindat_p1416681_page7_011_raw.jpg,chalcopyrite,metallic_hard_negative,3,1416681,DG-1abc445edc31,train,expert_fit
VTM-004234,raw_negative/metallic_hard_negative/chalcopyrite/chalcopyrite_mindat_p1416709_page7_015_raw.jpg,chalcopyrite,metallic_hard_negative,3,1416709,DG-caf779e86d6c,train,expert_fit
VTM-004235,raw_negative/metallic_hard_negative/chalcopyrite/chalcopyrite_mindat_p141910_page1_050_raw.jpg,chalcopyrite,metallic_hard_negative,3,141910,DG-4edb133736c6,train,expert_fit
VTM-004238,raw_negative/metallic_hard_negative/chalcopyrite/chalcopyrite_mindat_p142647_page4_005_raw.jpg,chalcopyrite,metallic_hard_negative,3,142647,DG-803fc23d05d7,train,expert_fit
VTM-004239,raw_negative/metallic_hard_negative/chalcopyrite/chalcopyrite_mindat_p1453528_page5_006_raw.jpg,chalcopyrite,metallic_hard_negative,3,1453528,DG-7569fb280464,val,expert_stop
VTM-004240,raw_negative/metallic_hard_negative/chalcopyrite/chalcopyrite_mindat_p145484_page4_013_raw.jpg,chalcopyrite,metallic_hard_negative,3,145484,DG-e7201c8d338c,train,expert_fit
VTM-004241,raw_negative/metallic_hard_negative/chalcopyrite/chalcopyrite_mindat_p147810_page4_007_raw.jpg,chalcopyrite,metallic_hard_negative,3,147810,DG-fedbc6acce93,train,expert_fit
VTM-004242,raw_negative/metallic_hard_negative/chalcopyrite/chalcopyrite_mindat_p148761_page1_039_raw.jpg,chalcopyrite,metallic_hard_negative,3,148761,DG-ada37eb037a8,train,expert_fit
VTM-004245,raw_negative/metallic_hard_negative/chalcopyrite/chalcopyrite_mindat_p1504890_page7_022_raw.jpg,chalcopyrite,metallic_hard_negative,3,1504890,DG-2060f9e29a23,train,expert_fit
VTM-004247,raw_negative/metallic_hard_negative/chalcopyrite/chalcopyrite_mindat_p1535654_page2_009_raw.jpg,chalcopyrite,metallic_hard_negative,3,1535654,DG-8adbbccdd724,train,expert_fit
VTM-004248,raw_negative/metallic_hard_negative/chalcopyrite/chalcopyrite_mindat_p1535669_page2_013_raw.jpg,chalcopyrite,metallic_hard_negative,3,1535669,DG-e250671dc3de,val,expert_stop
VTM-004250,raw_negative/metallic_hard_negative/chalcopyrite/chalcopyrite_mindat_p1535741_page2_012_raw.jpg,chalcopyrite,metallic_hard_negative,3,1535741,DG-07719d84ae22,train,expert_fit
VTM-004252,raw_negative/metallic_hard_negative/chalcopyrite/chalcopyrite_mindat_p1614424_page2_015_raw.jpg,chalcopyrite,metallic_hard_negative,3,1614424,DG-09a432e2b831,train,expert_fit
VTM-004253,raw_negative/metallic_hard_negative/chalcopyrite/chalcopyrite_mindat_p163051_page4_010_raw.jpg,chalcopyrite,metallic_hard_negative,3,163051,DG-6da7c57e58dd,train,expert_fit
VTM-004254,raw_negative/metallic_hard_negative/chalcopyrite/chalcopyrite_mindat_p1633846_page3_069_raw.jpg,chalcopyrite,metallic_hard_negative,3,1633846,DG-791f22659a0e,val,expert_stop
VTM-004255,raw_negative/metallic_hard_negative/chalcopyrite/chalcopyrite_mindat_p1648239_page3_049_raw.jpg,chalcopyrite,metallic_hard_negative,3,1648239,DG-b60bfc2e32cb,train,expert_fit
VTM-004256,raw_negative/metallic_hard_negative/chalcopyrite/chalcopyrite_mindat_p1671185_page5_003_raw.jpg,chalcopyrite,metallic_hard_negative,3,1671185,DG-8141d6e2efa8,train,expert_fit
VTM-004263,raw_negative/metallic_hard_negative/chalcopyrite/chalcopyrite_mindat_p1694265_page7_031_raw.jpg,chalcopyrite,metallic_hard_negative,3,1694265,DG-88ebd0f115f1,train,expert_fit
VTM-004267,raw_negative/metallic_hard_negative/chalcopyrite/chalcopyrite_mindat_p177862_page6_006_raw.jpg,chalcopyrite,metallic_hard_negative,3,177862,DG-d925da51e984,train,expert_fit
VTM-004273,raw_negative/metallic_hard_negative/chalcopyrite/chalcopyrite_mindat_p201059_page4_012_raw.jpg,chalcopyrite,metallic_hard_negative,3,201059,DG-5690cde545be,train,expert_fit
VTM-004274,raw_negative/metallic_hard_negative/chalcopyrite/chalcopyrite_mindat_p210265_page3_016_raw.jpg,chalcopyrite,metallic_hard_negative,3,210265,DG-773a7fc80693,train,expert_fit
VTM-004277,raw_negative/metallic_hard_negative/chalcopyrite/chalcopyrite_mindat_p220490_page3_027_raw.jpg,chalcopyrite,metallic_hard_negative,3,220490,DG-46ae48273298,train,expert_fit
VTM-004278,raw_negative/metallic_hard_negative/chalcopyrite/chalcopyrite_mindat_p220491_page3_051_raw.jpg,chalcopyrite,metallic_hard_negative,3,220491,DG-6d3ffb9c1414,train,expert_fit
VTM-004279,raw_negative/metallic_hard_negative/chalcopyrite/chalcopyrite_mindat_p220632_page3_022_raw.jpg,chalcopyrite,metallic_hard_negative,3,220632,DG-13dbc7077595,train,expert_fit
VTM-004280,raw_negative/metallic_hard_negative/chalcopyrite/chalcopyrite_mindat_p231312_page3_024_raw.jpg,chalcopyrite,metallic_hard_negative,3,231312,DG-36131b0470bb,train,expert_fit
VTM-004281,raw_negative/metallic_hard_negative/chalcopyrite/chalcopyrite_mindat_p235824_page3_011_raw.jpg,chalcopyrite,metallic_hard_negative,3,235824,DG-2443ef981653,train,expert_fit
VTM-004282,raw_negative/metallic_hard_negative/chalcopyrite/chalcopyrite_mindat_p237952_page3_020_raw.jpg,chalcopyrite,metallic_hard_negative,3,237952,DG-2c862106680b,train,expert_fit
VTM-004283,raw_negative/metallic_hard_negative/chalcopyrite/chalcopyrite_mindat_p255379_page1_019_raw.jpg,chalcopyrite,metallic_hard_negative,3,255379,DG-de01f8117480,train,expert_fit
VTM-004285,raw_negative/metallic_hard_negative/chalcopyrite/chalcopyrite_mindat_p262808_page3_009_raw.jpg,chalcopyrite,metallic_hard_negative,3,262808,DG-83d1266a050b,train,expert_fit
VTM-004287,raw_negative/metallic_hard_negative/chalcopyrite/chalcopyrite_mindat_p267655_page4_037_raw.jpg,chalcopyrite,metallic_hard_negative,3,267655,DG-2ab3ac641bbf,train,expert_fit
VTM-004289,raw_negative/metallic_hard_negative/chalcopyrite/chalcopyrite_mindat_p275735_page3_008_raw.jpg,chalcopyrite,metallic_hard_negative,3,275735,DG-1a0ff4cf7ad0,val,expert_stop
VTM-004291,raw_negative/metallic_hard_negative/chalcopyrite/chalcopyrite_mindat_p275848_page3_013_raw.jpg,chalcopyrite,metallic_hard_negative,3,275848,DG-edf0c2296ede,train,expert_fit
VTM-004294,raw_negative/metallic_hard_negative/chalcopyrite/chalcopyrite_mindat_p275946_page1_040_raw.jpg,chalcopyrite,metallic_hard_negative,3,275946,DG-d9feb4e78672,train,expert_fit
VTM-004295,raw_negative/metallic_hard_negative/chalcopyrite/chalcopyrite_mindat_p276434_page1_051_raw.jpg,chalcopyrite,metallic_hard_negative,3,276434,DG-e07f1c25b65b,val,expert_stop
VTM-004300,raw_negative/metallic_hard_negative/chalcopyrite/chalcopyrite_mindat_p315157_page3_036_raw.jpg,chalcopyrite,metallic_hard_negative,3,315157,DG-57a9dde3b5e2,val,expert_stop
VTM-004302,raw_negative/metallic_hard_negative/chalcopyrite/chalcopyrite_mindat_p331653_page3_021_raw.jpg,chalcopyrite,metallic_hard_negative,3,331653,DG-94de2956e423,train,expert_fit
VTM-004307,raw_negative/metallic_hard_negative/chalcopyrite/chalcopyrite_mindat_p356380_page1_021_raw.jpg,chalcopyrite,metallic_hard_negative,3,356380,DG-115678ab2998,train,expert_fit
VTM-004308,raw_negative/metallic_hard_negative/chalcopyrite/chalcopyrite_mindat_p357666_page1_015_raw.jpg,chalcopyrite,metallic_hard_negative,3,357666,DG-22eb61db09a9,val,expert_stop
VTM-004309,raw_negative/metallic_hard_negative/chalcopyrite/chalcopyrite_mindat_p357867_page4_028_raw.jpg,chalcopyrite,metallic_hard_negative,3,357867,DG-19a5411fbe48,train,expert_fit
VTM-004310,raw_negative/metallic_hard_negative/chalcopyrite/chalcopyrite_mindat_p360691_page1_024_raw.jpg,chalcopyrite,metallic_hard_negative,3,360691,DG-4f8172356be4,train,expert_fit
VTM-004314,raw_negative/metallic_hard_negative/chalcopyrite/chalcopyrite_mindat_p394888_page3_028_raw.jpg,chalcopyrite,metallic_hard_negative,3,394888,DG-ef688ad89ca9,train,expert_fit
VTM-004320,raw_negative/metallic_hard_negative/chalcopyrite/chalcopyrite_mindat_p422166_page4_029_raw.jpg,chalcopyrite,metallic_hard_negative,3,422166,DG-b7bf2f2e5a61,train,expert_fit
VTM-004321,raw_negative/metallic_hard_negative/chalcopyrite/chalcopyrite_mindat_p425344_page4_016_raw.jpg,chalcopyrite,metallic_hard_negative,3,425344,DG-3fd5a86d3dac,train,expert_fit
VTM-004322,raw_negative/metallic_hard_negative/chalcopyrite/chalcopyrite_mindat_p426226_page3_058_raw.jpg,chalcopyrite,metallic_hard_negative,3,426226,DG-f2f9d3926739,train,expert_fit
VTM-004323,raw_negative/metallic_hard_negative/chalcopyrite/chalcopyrite_mindat_p442883_page4_040_raw.jpg,chalcopyrite,metallic_hard_negative,3,442883,DG-78f090bd2c22,train,expert_fit
VTM-004325,raw_negative/metallic_hard_negative/chalcopyrite/chalcopyrite_mindat_p457402_page4_009_raw.jpg,chalcopyrite,metallic_hard_negative,3,457402,DG-b207741b0c14,val,expert_stop
VTM-004326,raw_negative/metallic_hard_negative/chalcopyrite/chalcopyrite_mindat_p457543_page4_033_raw.jpg,chalcopyrite,metallic_hard_negative,3,457543,DG-03d49fe9e970,train,expert_fit
VTM-004329,raw_negative/metallic_hard_negative/chalcopyrite/chalcopyrite_mindat_p467836_page2_001_raw.jpg,chalcopyrite,metallic_hard_negative,3,467836,DG-f4f4ec97614c,train,expert_fit
VTM-004331,raw_negative/metallic_hard_negative/chalcopyrite/chalcopyrite_mindat_p469282_page4_018_raw.jpg,chalcopyrite,metallic_hard_negative,3,469282,DG-4c443cc81bf7,train,expert_fit
VTM-004333,raw_negative/metallic_hard_negative/chalcopyrite/chalcopyrite_mindat_p472333_page4_032_raw.jpg,chalcopyrite,metallic_hard_negative,3,472333,DG-44d15721c9e7,train,expert_fit
VTM-004334,raw_negative/metallic_hard_negative/chalcopyrite/chalcopyrite_mindat_p472416_page3_029_raw.jpg,chalcopyrite,metallic_hard_negative,3,472416,DG-29fda21c9e78,train,expert_fit
VTM-004335,raw_negative/metallic_hard_negative/chalcopyrite/chalcopyrite_mindat_p472995_page1_030_raw.jpg,chalcopyrite,metallic_hard_negative,3,472995,DG-a68fde7659c5,train,expert_fit
VTM-004336,raw_negative/metallic_hard_negative/chalcopyrite/chalcopyrite_mindat_p478568_page4_030_raw.jpg,chalcopyrite,metallic_hard_negative,3,478568,DG-e78db8c7b51b,train,expert_fit
VTM-004337,raw_negative/metallic_hard_negative/chalcopyrite/chalcopyrite_mindat_p482912_page3_040_raw.jpg,chalcopyrite,metallic_hard_negative,3,482912,DG-40f5e70ee74e,val,expert_stop
VTM-004339,raw_negative/metallic_hard_negative/chalcopyrite/chalcopyrite_mindat_p485939_page6_021_raw.jpg,chalcopyrite,metallic_hard_negative,3,485939,DG-df0e950690cd,val,expert_stop
VTM-004340,raw_negative/metallic_hard_negative/chalcopyrite/chalcopyrite_mindat_p486998_page6_018_raw.jpg,chalcopyrite,metallic_hard_negative,3,486998,DG-4cf2c53aefa2,train,expert_fit
VTM-004343,raw_negative/metallic_hard_negative/chalcopyrite/chalcopyrite_mindat_p497584_page4_057_raw.jpg,chalcopyrite,metallic_hard_negative,3,497584,DG-f8502eda04e2,train,expert_fit
VTM-004345,raw_negative/metallic_hard_negative/chalcopyrite/chalcopyrite_mindat_p510625_page3_061_raw.jpg,chalcopyrite,metallic_hard_negative,3,510625,DG-558153121fa4,train,expert_fit
VTM-004346,raw_negative/metallic_hard_negative/chalcopyrite/chalcopyrite_mindat_p514015_page3_041_raw.jpg,chalcopyrite,metallic_hard_negative,3,514015,DG-f45c52c0e945,train,expert_fit
VTM-004347,raw_negative/metallic_hard_negative/chalcopyrite/chalcopyrite_mindat_p514079_page4_024_raw.jpg,chalcopyrite,metallic_hard_negative,3,514079,DG-f40746051508,val,expert_stop
VTM-004348,raw_negative/metallic_hard_negative/chalcopyrite/chalcopyrite_mindat_p516056_page4_026_raw.jpg,chalcopyrite,metallic_hard_negative,3,516056,DG-379e1a8b942d,train,expert_fit
VTM-004349,raw_negative/metallic_hard_negative/chalcopyrite/chalcopyrite_mindat_p519054_page3_037_raw.jpg,chalcopyrite,metallic_hard_negative,3,519054,DG-a9c3c1eafaed,train,expert_fit
VTM-004351,raw_negative/metallic_hard_negative/chalcopyrite/chalcopyrite_mindat_p519154_page6_010_raw.jpg,chalcopyrite,metallic_hard_negative,3,519154,DG-ef83122b59ea,train,expert_fit
VTM-004352,raw_negative/metallic_hard_negative/chalcopyrite/chalcopyrite_mindat_p529730_page1_042_raw.jpg,chalcopyrite,metallic_hard_negative,3,529730,DG-1699cb74b34e,train,expert_fit
VTM-004355,raw_negative/metallic_hard_negative/chalcopyrite/chalcopyrite_mindat_p543007_page2_003_raw.jpg,chalcopyrite,metallic_hard_negative,3,543007,DG-7319b7336f77,train,expert_fit
VTM-004356,raw_negative/metallic_hard_negative/chalcopyrite/chalcopyrite_mindat_p549168_page1_043_raw.jpg,chalcopyrite,metallic_hard_negative,3,549168,DG-52391854c813,train,expert_fit
VTM-004360,raw_negative/metallic_hard_negative/chalcopyrite/chalcopyrite_mindat_p561212_page3_072_raw.jpg,chalcopyrite,metallic_hard_negative,3,561212,DG-35d834451561,train,expert_fit
VTM-004363,raw_negative/metallic_hard_negative/chalcopyrite/chalcopyrite_mindat_p563082_page2_004_raw.jpg,chalcopyrite,metallic_hard_negative,3,563082,DG-19715fea6cb1,train,expert_fit
VTM-004365,raw_negative/metallic_hard_negative/chalcopyrite/chalcopyrite_mindat_p573796_page4_066_raw.jpg,chalcopyrite,metallic_hard_negative,3,573796,DG-f8ecb32d9fe4,train,expert_fit
VTM-004368,raw_negative/metallic_hard_negative/chalcopyrite/chalcopyrite_mindat_p578828_page3_045_raw.jpg,chalcopyrite,metallic_hard_negative,3,578828,DG-190a29f63412,val,expert_stop
VTM-004370,raw_negative/metallic_hard_negative/chalcopyrite/chalcopyrite_mindat_p586698_page4_063_raw.jpg,chalcopyrite,metallic_hard_negative,3,586698,DG-9910ec82dbc3,val,expert_stop
VTM-004373,raw_negative/metallic_hard_negative/chalcopyrite/chalcopyrite_mindat_p609035_page2_007_raw.jpg,chalcopyrite,metallic_hard_negative,3,609035,DG-f6aa30d8ae15,train,expert_fit
VTM-004374,raw_negative/metallic_hard_negative/chalcopyrite/chalcopyrite_mindat_p622334_page4_047_raw.jpg,chalcopyrite,metallic_hard_negative,3,622334,DG-eff36311887f,train,expert_fit
VTM-004378,raw_negative/metallic_hard_negative/chalcopyrite/chalcopyrite_mindat_p624796_page4_060_raw.jpg,chalcopyrite,metallic_hard_negative,3,624796,DG-55550ff2469b,train,expert_fit
VTM-004380,raw_negative/metallic_hard_negative/chalcopyrite/chalcopyrite_mindat_p626457_page4_038_raw.jpg,chalcopyrite,metallic_hard_negative,3,626457,DG-bfacba130f10,train,expert_fit
VTM-004384,raw_negative/metallic_hard_negative/chalcopyrite/chalcopyrite_mindat_p640055_page2_005_raw.jpg,chalcopyrite,metallic_hard_negative,3,640055,DG-51f41b821c62,train,expert_fit
VTM-004386,raw_negative/metallic_hard_negative/chalcopyrite/chalcopyrite_mindat_p645960_page4_034_raw.jpg,chalcopyrite,metallic_hard_negative,3,645960,DG-1b585ce795e1,train,expert_fit
VTM-004387,raw_negative/metallic_hard_negative/chalcopyrite/chalcopyrite_mindat_p649736_page6_019_raw.jpg,chalcopyrite,metallic_hard_negative,3,649736,DG-d3f20a2c33c6,train,expert_fit
VTM-004390,raw_negative/metallic_hard_negative/chalcopyrite/chalcopyrite_mindat_p657902_page4_074_raw.jpg,chalcopyrite,metallic_hard_negative,3,657902,DG-ea9c51520a5e,val,expert_stop
VTM-004391,raw_negative/metallic_hard_negative/chalcopyrite/chalcopyrite_mindat_p657906_page4_052_raw.jpg,chalcopyrite,metallic_hard_negative,3,657906,DG-230d0eeb0e22,train,expert_fit
VTM-004392,raw_negative/metallic_hard_negative/chalcopyrite/chalcopyrite_mindat_p662979_page3_065_raw.jpg,chalcopyrite,metallic_hard_negative,3,662979,DG-cd28b914392d,train,expert_fit
VTM-004393,raw_negative/metallic_hard_negative/chalcopyrite/chalcopyrite_mindat_p663338_page4_064_raw.jpg,chalcopyrite,metallic_hard_negative,3,663338,DG-f6de48be9d8a,train,expert_fit
VTM-004395,raw_negative/metallic_hard_negative/chalcopyrite/chalcopyrite_mindat_p663358_page4_058_raw.jpg,chalcopyrite,metallic_hard_negative,3,663358,DG-b3495bc08c3b,train,expert_fit
VTM-004397,raw_negative/metallic_hard_negative/chalcopyrite/chalcopyrite_mindat_p668101_page4_039_raw.jpg,chalcopyrite,metallic_hard_negative,3,668101,DG-61d7630e52cd,train,expert_fit
VTM-004398,raw_negative/metallic_hard_negative/chalcopyrite/chalcopyrite_mindat_p669982_page4_044_raw.jpg,chalcopyrite,metallic_hard_negative,3,669982,DG-e5eea438b686,val,expert_stop
VTM-004403,raw_negative/metallic_hard_negative/chalcopyrite/chalcopyrite_mindat_p681275_page3_050_raw.jpg,chalcopyrite,metallic_hard_negative,3,681275,DG-94ab2759d137,train,expert_fit
VTM-004404,raw_negative/metallic_hard_negative/chalcopyrite/chalcopyrite_mindat_p713662_page3_046_raw.jpg,chalcopyrite,metallic_hard_negative,3,713662,DG-47d8fd9dfca6,train,expert_fit
VTM-004405,raw_negative/metallic_hard_negative/chalcopyrite/chalcopyrite_mindat_p714832_page5_002_raw.jpg,chalcopyrite,metallic_hard_negative,3,714832,DG-95f1e7570074,train,expert_fit
VTM-004406,raw_negative/metallic_hard_negative/chalcopyrite/chalcopyrite_mindat_p716119_page4_055_raw.jpg,chalcopyrite,metallic_hard_negative,3,716119,DG-08cefa142ae3,train,expert_fit
VTM-004407,raw_negative/metallic_hard_negative/chalcopyrite/chalcopyrite_mindat_p716136_page4_053_raw.jpg,chalcopyrite,metallic_hard_negative,3,716136,DG-1bf3d3b7ae53,train,expert_fit
VTM-004408,raw_negative/metallic_hard_negative/chalcopyrite/chalcopyrite_mindat_p720707_page4_069_raw.jpg,chalcopyrite,metallic_hard_negative,3,720707,DG-b5fd4d2e4541,train,expert_fit
VTM-004409,raw_negative/metallic_hard_negative/chalcopyrite/chalcopyrite_mindat_p723237_page1_017_raw.jpg,chalcopyrite,metallic_hard_negative,3,723237,DG-bf342273c4ed,train,expert_fit
VTM-004410,raw_negative/metallic_hard_negative/chalcopyrite/chalcopyrite_mindat_p725238_page4_062_raw.jpg,chalcopyrite,metallic_hard_negative,3,725238,DG-8595231a9602,train,expert_fit
VTM-004412,raw_negative/metallic_hard_negative/chalcopyrite/chalcopyrite_mindat_p754328_page3_064_raw.jpg,chalcopyrite,metallic_hard_negative,3,754328,DG-9bef6018723c,val,expert_stop
VTM-004414,raw_negative/metallic_hard_negative/chalcopyrite/chalcopyrite_mindat_p759244_page1_055_raw.jpg,chalcopyrite,metallic_hard_negative,3,759244,DG-56a4cd02b9dc,train,expert_fit
VTM-004416,raw_negative/metallic_hard_negative/chalcopyrite/chalcopyrite_mindat_p770040_page6_025_raw.jpg,chalcopyrite,metallic_hard_negative,3,770040,DG-f4b897cc3bc8,train,expert_fit
VTM-004417,raw_negative/metallic_hard_negative/chalcopyrite/chalcopyrite_mindat_p787128_page3_056_raw.jpg,chalcopyrite,metallic_hard_negative,3,787128,DG-719d4b31ae6c,train,expert_fit
VTM-004418,raw_negative/metallic_hard_negative/chalcopyrite/chalcopyrite_mindat_p790663_page3_066_raw.jpg,chalcopyrite,metallic_hard_negative,3,790663,DG-9aae3020dd0b,val,expert_stop
VTM-004419,raw_negative/metallic_hard_negative/chalcopyrite/chalcopyrite_mindat_p791082_page4_072_raw.jpg,chalcopyrite,metallic_hard_negative,3,791082,DG-ce5675e7567f,train,expert_fit
VTM-004420,raw_negative/metallic_hard_negative/chalcopyrite/chalcopyrite_mindat_p792254_page3_059_raw.jpg,chalcopyrite,metallic_hard_negative,3,792254,DG-d531c03d0d41,val,expert_stop
VTM-004421,raw_negative/metallic_hard_negative/chalcopyrite/chalcopyrite_mindat_p794421_page1_058_raw.jpg,chalcopyrite,metallic_hard_negative,3,794421,DG-38ae21935f64,train,expert_fit
VTM-004422,raw_negative/metallic_hard_negative/chalcopyrite/chalcopyrite_mindat_p817468_page1_075_raw.jpg,chalcopyrite,metallic_hard_negative,3,817468,DG-379750c68c74,val,expert_stop
VTM-004424,raw_negative/metallic_hard_negative/chalcopyrite/chalcopyrite_mindat_p819604_page3_047_raw.jpg,chalcopyrite,metallic_hard_negative,3,819604,DG-186541d0e6f3,train,expert_fit
VTM-004425,raw_negative/metallic_hard_negative/chalcopyrite/chalcopyrite_mindat_p821917_page3_063_raw.jpg,chalcopyrite,metallic_hard_negative,3,821917,DG-7c94634ae6ef,train,expert_fit
VTM-004427,raw_negative/metallic_hard_negative/chalcopyrite/chalcopyrite_mindat_p840820_page3_062_raw.jpg,chalcopyrite,metallic_hard_negative,3,840820,DG-75743ce608f0,train,expert_fit
VTM-004428,raw_negative/metallic_hard_negative/chalcopyrite/chalcopyrite_mindat_p852552_page4_071_raw.jpg,chalcopyrite,metallic_hard_negative,3,852552,DG-b470b1746d67,val,expert_stop
VTM-004429,raw_negative/metallic_hard_negative/chalcopyrite/chalcopyrite_mindat_p858872_page1_003_raw.jpg,chalcopyrite,metallic_hard_negative,3,858872,DG-2b0e9254349c,train,expert_fit
VTM-004430,raw_negative/metallic_hard_negative/chalcopyrite/chalcopyrite_mindat_p874854_page3_057_raw.jpg,chalcopyrite,metallic_hard_negative,3,874854,DG-083f6a2ae98a,train,expert_fit
VTM-004431,raw_negative/metallic_hard_negative/chalcopyrite/chalcopyrite_mindat_p875184_page3_073_raw.jpg,chalcopyrite,metallic_hard_negative,3,875184,DG-268c07fc4456,train,expert_fit
VTM-004432,raw_negative/metallic_hard_negative/chalcopyrite/chalcopyrite_mindat_p883407_page3_032_raw.jpg,chalcopyrite,metallic_hard_negative,3,883407,DG-08799787483b,train,expert_fit
VTM-004434,raw_negative/metallic_hard_negative/chalcopyrite/chalcopyrite_mindat_p895250_page4_048_raw.jpg,chalcopyrite,metallic_hard_negative,3,895250,DG-c77be5eff59a,train,expert_fit
VTM-004435,raw_negative/metallic_hard_negative/chalcopyrite/chalcopyrite_mindat_p900764_page3_053_raw.jpg,chalcopyrite,metallic_hard_negative,3,900764,DG-ed4b18662114,train,expert_fit
VTM-004437,raw_negative/metallic_hard_negative/chalcopyrite/chalcopyrite_mindat_p909788_page4_049_raw.jpg,chalcopyrite,metallic_hard_negative,3,909788,DG-92f794159414,train,expert_fit
VTM-004439,raw_negative/metallic_hard_negative/chalcopyrite/chalcopyrite_mindat_p925344_page3_068_raw.jpg,chalcopyrite,metallic_hard_negative,3,925344,DG-c3d4fb4d54f4,train,expert_fit
VTM-004443,raw_negative/metallic_hard_negative/chalcopyrite/chalcopyrite_mindat_p957592_page7_002_raw.jpg,chalcopyrite,metallic_hard_negative,3,957592,DG-f81a10ce8a95,train,expert_fit
VTM-004444,raw_negative/metallic_hard_negative/chalcopyrite/chalcopyrite_mindat_p958115_page3_074_raw.jpg,chalcopyrite,metallic_hard_negative,3,958115,DG-23edd22db05f,train,expert_fit
VTM-004445,raw_negative/metallic_hard_negative/chalcopyrite/chalcopyrite_mindat_p958802_page6_031_raw.jpg,chalcopyrite,metallic_hard_negative,3,958802,DG-dacf3fd33f4b,train,expert_fit
VTM-004446,raw_negative/metallic_hard_negative/chalcopyrite/chalcopyrite_mindat_p983568_page5_004_raw.jpg,chalcopyrite,metallic_hard_negative,3,983568,DG-22db508a3ee0,val,expert_stop
VTM-004447,raw_negative/metallic_hard_negative/chalcopyrite/chalcopyrite_mindat_p994427_page1_027_raw.jpg,chalcopyrite,metallic_hard_negative,3,994427,DG-3344cf56f673,train,expert_fit
VTM-004449,raw_negative/metallic_hard_negative/goethite/goethite_mindat_p004013_page3_002_raw.jpg,goethite,metallic_hard_negative,3,4013,DG-5889b81635cb,train,expert_fit
VTM-004450,raw_negative/metallic_hard_negative/goethite/goethite_mindat_p011655_page1_005_raw.jpg,goethite,metallic_hard_negative,3,11655,DG-abcb9813a0f9,train,expert_fit
VTM-004451,raw_negative/metallic_hard_negative/goethite/goethite_mindat_p011656_page1_008_raw.jpg,goethite,metallic_hard_negative,3,11656,DG-41c292ffbe46,val,expert_stop
VTM-004453,raw_negative/metallic_hard_negative/goethite/goethite_mindat_p017116_page1_027_raw.jpg,goethite,metallic_hard_negative,3,17116,DG-ac0814e1d2ce,train,expert_fit
VTM-004455,raw_negative/metallic_hard_negative/goethite/goethite_mindat_p022400_page2_002_raw.jpg,goethite,metallic_hard_negative,3,22400,DG-f7a45655bc3c,train,expert_fit
VTM-004456,raw_negative/metallic_hard_negative/goethite/goethite_mindat_p023021_page2_006_raw.jpg,goethite,metallic_hard_negative,3,23021,DG-9bb8899d2da4,train,expert_fit
VTM-004458,raw_negative/metallic_hard_negative/goethite/goethite_mindat_p034883_page1_024_raw.jpg,goethite,metallic_hard_negative,3,34883,DG-8785833b19cc,train,expert_fit
VTM-004459,raw_negative/metallic_hard_negative/goethite/goethite_mindat_p042338_page1_011_raw.jpg,goethite,metallic_hard_negative,3,42338,DG-cabab94531cf,train,expert_fit
VTM-004461,raw_negative/metallic_hard_negative/goethite/goethite_mindat_p043185_page1_004_raw.jpg,goethite,metallic_hard_negative,3,43185,DG-b80d1a70b842,train,expert_fit
VTM-004462,raw_negative/metallic_hard_negative/goethite/goethite_mindat_p043186_page1_028_raw.jpg,goethite,metallic_hard_negative,3,43186,DG-bd1a42e1d4c1,train,expert_fit
VTM-004463,raw_negative/metallic_hard_negative/goethite/goethite_mindat_p043188_page1_006_raw.jpg,goethite,metallic_hard_negative,3,43188,DG-40c3929ff8a1,train,expert_fit
VTM-004464,raw_negative/metallic_hard_negative/goethite/goethite_mindat_p043537_page1_046_raw.jpg,goethite,metallic_hard_negative,3,43537,DG-065613283a37,train,expert_fit
VTM-004465,raw_negative/metallic_hard_negative/goethite/goethite_mindat_p044311_page1_047_raw.jpg,goethite,metallic_hard_negative,3,44311,DG-b25c7d12c261,val,expert_stop
VTM-004467,raw_negative/metallic_hard_negative/goethite/goethite_mindat_p047784_page3_001_raw.jpg,goethite,metallic_hard_negative,3,47784,DG-68dfbe9fc626,val,expert_stop
VTM-004468,raw_negative/metallic_hard_negative/goethite/goethite_mindat_p048105_page1_069_raw.jpg,goethite,metallic_hard_negative,3,48105,DG-596844157769,train,expert_fit
VTM-004469,raw_negative/metallic_hard_negative/goethite/goethite_mindat_p057312_page2_003_raw.jpg,goethite,metallic_hard_negative,3,57312,DG-a28e80b9f2c0,train,expert_fit
VTM-004474,raw_negative/metallic_hard_negative/goethite/goethite_mindat_p063235_page1_014_raw.jpg,goethite,metallic_hard_negative,3,63235,DG-04127e857354,train,expert_fit
VTM-004475,raw_negative/metallic_hard_negative/goethite/goethite_mindat_p063236_page1_031_raw.jpg,goethite,metallic_hard_negative,3,63236,DG-704bffc2fc01,train,expert_fit
VTM-004476,raw_negative/metallic_hard_negative/goethite/goethite_mindat_p063237_page1_001_raw.jpg,goethite,metallic_hard_negative,3,63237,DG-4c1d977bcd75,train,expert_fit
VTM-004477,raw_negative/metallic_hard_negative/goethite/goethite_mindat_p066556_page1_075_raw.jpg,goethite,metallic_hard_negative,3,66556,DG-6cb8a456f474,train,expert_fit
VTM-004479,raw_negative/metallic_hard_negative/goethite/goethite_mindat_p072660_page1_052_raw.jpg,goethite,metallic_hard_negative,3,72660,DG-5ca48597a013,train,expert_fit
VTM-004480,raw_negative/metallic_hard_negative/goethite/goethite_mindat_p080985_page1_071_raw.jpg,goethite,metallic_hard_negative,3,80985,DG-d999cbdf9b4b,train,expert_fit
VTM-004482,raw_negative/metallic_hard_negative/goethite/goethite_mindat_p088131_page1_013_raw.jpg,goethite,metallic_hard_negative,3,88131,DG-162780054af3,train,expert_fit
VTM-004483,raw_negative/metallic_hard_negative/goethite/goethite_mindat_p088133_page1_022_raw.jpg,goethite,metallic_hard_negative,3,88133,DG-3995978906a7,train,expert_fit
VTM-004485,raw_negative/metallic_hard_negative/goethite/goethite_mindat_p088309_page1_037_raw.jpg,goethite,metallic_hard_negative,3,88309,DG-33a4a9142c46,train,expert_fit
VTM-004487,raw_negative/metallic_hard_negative/goethite/goethite_mindat_p093088_page3_020_raw.jpg,goethite,metallic_hard_negative,3,93088,DG-9fff6f03fdf4,train,expert_fit
VTM-004488,raw_negative/metallic_hard_negative/goethite/goethite_mindat_p093090_page3_005_raw.jpg,goethite,metallic_hard_negative,3,93090,DG-2decccec0010,train,expert_fit
VTM-004497,raw_negative/metallic_hard_negative/goethite/goethite_mindat_p1019235_page1_003_raw.jpg,goethite,metallic_hard_negative,3,1019235,DG-80ad27786404,train,expert_fit
VTM-004498,raw_negative/metallic_hard_negative/goethite/goethite_mindat_p1021969_page1_010_raw.jpg,goethite,metallic_hard_negative,3,1021969,DG-bf44617a6ab2,train,expert_fit
VTM-004500,raw_negative/metallic_hard_negative/goethite/goethite_mindat_p1025419_page1_061_raw.jpg,goethite,metallic_hard_negative,3,1025419,DG-78cc5b879191,train,expert_fit
VTM-004502,raw_negative/metallic_hard_negative/goethite/goethite_mindat_p1035953_page3_075_raw.jpg,goethite,metallic_hard_negative,3,1035953,DG-3429de5fc4c9,train,expert_fit
VTM-004503,raw_negative/metallic_hard_negative/goethite/goethite_mindat_p1048709_page4_052_raw.jpg,goethite,metallic_hard_negative,3,1048709,DG-0a825a208653,val,expert_stop
VTM-004504,raw_negative/metallic_hard_negative/goethite/goethite_mindat_p1101981_page3_072_raw.jpg,goethite,metallic_hard_negative,3,1101981,DG-c1aa704d2a6e,val,expert_stop
VTM-004508,raw_negative/metallic_hard_negative/goethite/goethite_mindat_p1137098_page1_030_raw.jpg,goethite,metallic_hard_negative,3,1137098,DG-dac486af346c,train,expert_fit
VTM-004510,raw_negative/metallic_hard_negative/goethite/goethite_mindat_p116185_page2_007_raw.jpg,goethite,metallic_hard_negative,3,116185,DG-e4cde5512687,train,expert_fit
VTM-004513,raw_negative/metallic_hard_negative/goethite/goethite_mindat_p1184714_page3_073_raw.jpg,goethite,metallic_hard_negative,3,1184714,DG-b0d63e3d4115,val,expert_stop
VTM-004515,raw_negative/metallic_hard_negative/goethite/goethite_mindat_p1193287_page4_075_raw.jpg,goethite,metallic_hard_negative,3,1193287,DG-1c6542948e6f,train,expert_fit
VTM-004516,raw_negative/metallic_hard_negative/goethite/goethite_mindat_p1197957_page3_030_raw.jpg,goethite,metallic_hard_negative,3,1197957,DG-696a98255871,train,expert_fit
VTM-004517,raw_negative/metallic_hard_negative/goethite/goethite_mindat_p1198920_page1_062_raw.jpg,goethite,metallic_hard_negative,3,1198920,DG-72fcb936a4e8,train,expert_fit
VTM-004518,raw_negative/metallic_hard_negative/goethite/goethite_mindat_p1211224_page4_054_raw.jpg,goethite,metallic_hard_negative,3,1211224,DG-f9fe66c5becf,train,expert_fit
VTM-004519,raw_negative/metallic_hard_negative/goethite/goethite_mindat_p1215743_page4_059_raw.jpg,goethite,metallic_hard_negative,3,1215743,DG-1f687c2db65d,train,expert_fit
VTM-004522,raw_negative/metallic_hard_negative/goethite/goethite_mindat_p1251458_page1_026_raw.jpg,goethite,metallic_hard_negative,3,1251458,DG-67841859b974,train,expert_fit
VTM-004523,raw_negative/metallic_hard_negative/goethite/goethite_mindat_p1288974_page1_054_raw.jpg,goethite,metallic_hard_negative,3,1288974,DG-acd7674130ee,train,expert_fit
VTM-004524,raw_negative/metallic_hard_negative/goethite/goethite_mindat_p1289489_page1_068_raw.jpg,goethite,metallic_hard_negative,3,1289489,DG-f34d4718785f,val,expert_stop
VTM-004525,raw_negative/metallic_hard_negative/goethite/goethite_mindat_p1289543_page5_026_raw.jpg,goethite,metallic_hard_negative,3,1289543,DG-bbaadd195115,train,expert_fit
VTM-004530,raw_negative/metallic_hard_negative/goethite/goethite_mindat_p1336020_page4_063_raw.jpg,goethite,metallic_hard_negative,3,1336020,DG-cc712ac9c2d7,train,expert_fit
VTM-004531,raw_negative/metallic_hard_negative/goethite/goethite_mindat_p1341911_page4_055_raw.jpg,goethite,metallic_hard_negative,3,1341911,DG-9c05e9914f9a,train,expert_fit
VTM-004532,raw_negative/metallic_hard_negative/goethite/goethite_mindat_p134398_page1_016_raw.jpg,goethite,metallic_hard_negative,3,134398,DG-1958ad54fa3a,train,expert_fit
VTM-004533,raw_negative/metallic_hard_negative/goethite/goethite_mindat_p135202_page1_049_raw.jpg,goethite,metallic_hard_negative,3,135202,DG-9bd2111bf3d3,train,expert_fit
VTM-004535,raw_negative/metallic_hard_negative/goethite/goethite_mindat_p135686_page1_018_raw.jpg,goethite,metallic_hard_negative,3,135686,DG-c5ecc3a3de89,val,expert_stop
VTM-004536,raw_negative/metallic_hard_negative/goethite/goethite_mindat_p1360053_page1_066_raw.jpg,goethite,metallic_hard_negative,3,1360053,DG-cd5ac65925db,val,expert_stop
VTM-004539,raw_negative/metallic_hard_negative/goethite/goethite_mindat_p1444643_page3_019_raw.jpg,goethite,metallic_hard_negative,3,1444643,DG-2df5601df0a0,train,expert_fit
VTM-004540,raw_negative/metallic_hard_negative/goethite/goethite_mindat_p144479_page5_002_raw.jpg,goethite,metallic_hard_negative,3,144479,DG-af95c50fc051,train,expert_fit
VTM-004541,raw_negative/metallic_hard_negative/goethite/goethite_mindat_p1457256_page2_014_raw.jpg,goethite,metallic_hard_negative,3,1457256,DG-5544322fe5dc,val,expert_stop
VTM-004542,raw_negative/metallic_hard_negative/goethite/goethite_mindat_p1457259_page2_015_raw.jpg,goethite,metallic_hard_negative,3,1457259,DG-566bb1ba97ab,val,expert_stop
VTM-004543,raw_negative/metallic_hard_negative/goethite/goethite_mindat_p145814_page4_002_raw.jpg,goethite,metallic_hard_negative,3,145814,DG-70fd62b78c20,train,expert_fit
VTM-004544,raw_negative/metallic_hard_negative/goethite/goethite_mindat_p1459933_page3_037_raw.jpg,goethite,metallic_hard_negative,3,1459933,DG-5dee52144675,train,expert_fit
VTM-004545,raw_negative/metallic_hard_negative/goethite/goethite_mindat_p1464695_page1_042_raw.jpg,goethite,metallic_hard_negative,3,1464695,DG-739c86705d0d,train,expert_fit
VTM-004546,raw_negative/metallic_hard_negative/goethite/goethite_mindat_p146825_page5_003_raw.jpg,goethite,metallic_hard_negative,3,146825,DG-65709de5e0bc,train,expert_fit
VTM-004547,raw_negative/metallic_hard_negative/goethite/goethite_mindat_p148571_page3_003_raw.jpg,goethite,metallic_hard_negative,3,148571,DG-01ea05d4e823,train,expert_fit
VTM-004548,raw_negative/metallic_hard_negative/goethite/goethite_mindat_p1499517_page4_074_raw.jpg,goethite,metallic_hard_negative,3,1499517,DG-f6ee93e393f7,train,expert_fit
VTM-004549,raw_negative/metallic_hard_negative/goethite/goethite_mindat_p154986_page3_010_raw.jpg,goethite,metallic_hard_negative,3,154986,DG-a434ef073065,train,expert_fit
VTM-004550,raw_negative/metallic_hard_negative/goethite/goethite_mindat_p163178_page3_011_raw.jpg,goethite,metallic_hard_negative,3,163178,DG-7687844b929e,train,expert_fit
VTM-004551,raw_negative/metallic_hard_negative/goethite/goethite_mindat_p166216_page1_070_raw.jpg,goethite,metallic_hard_negative,3,166216,DG-790ba3916d97,val,expert_stop
VTM-004553,raw_negative/metallic_hard_negative/goethite/goethite_mindat_p1731177_page5_030_raw.jpg,goethite,metallic_hard_negative,3,1731177,DG-6a5ad30ce067,train,expert_fit
VTM-004554,raw_negative/metallic_hard_negative/goethite/goethite_mindat_p1731730_page5_031_raw.jpg,goethite,metallic_hard_negative,3,1731730,DG-d8c270e4d550,train,expert_fit
VTM-004555,raw_negative/metallic_hard_negative/goethite/goethite_mindat_p1738759_page5_029_raw.jpg,goethite,metallic_hard_negative,3,1738759,DG-6b39bbdc8ae5,train,expert_fit
VTM-004556,raw_negative/metallic_hard_negative/goethite/goethite_mindat_p175354_page1_058_raw.jpg,goethite,metallic_hard_negative,3,175354,DG-7d233596d418,train,expert_fit
VTM-004557,raw_negative/metallic_hard_negative/goethite/goethite_mindat_p175363_page1_057_raw.jpg,goethite,metallic_hard_negative,3,175363,DG-cc9475356267,train,expert_fit
VTM-004559,raw_negative/metallic_hard_negative/goethite/goethite_mindat_p189731_page3_016_raw.jpg,goethite,metallic_hard_negative,3,189731,DG-b95d3589758a,train,expert_fit
VTM-004560,raw_negative/metallic_hard_negative/goethite/goethite_mindat_p193334_page1_029_raw.jpg,goethite,metallic_hard_negative,3,193334,DG-89e313828f98,train,expert_fit
VTM-004561,raw_negative/metallic_hard_negative/goethite/goethite_mindat_p193894_page3_006_raw.jpg,goethite,metallic_hard_negative,3,193894,DG-615cac3f109d,train,expert_fit
VTM-004562,raw_negative/metallic_hard_negative/goethite/goethite_mindat_p202575_page3_008_raw.jpg,goethite,metallic_hard_negative,3,202575,DG-4b91e526bf3c,train,expert_fit
VTM-004564,raw_negative/metallic_hard_negative/goethite/goethite_mindat_p208408_page4_003_raw.jpg,goethite,metallic_hard_negative,3,208408,DG-51434bfb4254,train,expert_fit
VTM-004568,raw_negative/metallic_hard_negative/goethite/goethite_mindat_p235152_page4_004_raw.jpg,goethite,metallic_hard_negative,3,235152,DG-ea98ad0adeb4,train,expert_fit
VTM-004569,raw_negative/metallic_hard_negative/goethite/goethite_mindat_p248957_page3_038_raw.jpg,goethite,metallic_hard_negative,3,248957,DG-6f14e9b225e4,train,expert_fit
VTM-004570,raw_negative/metallic_hard_negative/goethite/goethite_mindat_p249552_page4_008_raw.jpg,goethite,metallic_hard_negative,3,249552,DG-9682827fe872,train,expert_fit
VTM-004571,raw_negative/metallic_hard_negative/goethite/goethite_mindat_p250393_page1_056_raw.jpg,goethite,metallic_hard_negative,3,250393,DG-e11f0c422035,val,expert_stop
VTM-004572,raw_negative/metallic_hard_negative/goethite/goethite_mindat_p254904_page1_074_raw.jpg,goethite,metallic_hard_negative,3,254904,DG-7a5dd27a3db7,train,expert_fit
VTM-004573,raw_negative/metallic_hard_negative/goethite/goethite_mindat_p265338_page3_026_raw.jpg,goethite,metallic_hard_negative,3,265338,DG-e0f5a9a819cf,train,expert_fit
VTM-004578,raw_negative/metallic_hard_negative/goethite/goethite_mindat_p299578_page1_015_raw.jpg,goethite,metallic_hard_negative,3,299578,DG-53312f8ab848,train,expert_fit
VTM-004585,raw_negative/metallic_hard_negative/goethite/goethite_mindat_p357759_page3_067_raw.jpg,goethite,metallic_hard_negative,3,357759,DG-ac7f3f5cc02a,train,expert_fit
VTM-004587,raw_negative/metallic_hard_negative/goethite/goethite_mindat_p373187_page3_013_raw.jpg,goethite,metallic_hard_negative,3,373187,DG-07eb5a5b3cc1,train,expert_fit
VTM-004589,raw_negative/metallic_hard_negative/goethite/goethite_mindat_p382903_page3_041_raw.jpg,goethite,metallic_hard_negative,3,382903,DG-16afa877e02b,train,expert_fit
VTM-004590,raw_negative/metallic_hard_negative/goethite/goethite_mindat_p394305_page4_007_raw.jpg,goethite,metallic_hard_negative,3,394305,DG-82a5d3fbebab,val,expert_stop
VTM-004591,raw_negative/metallic_hard_negative/goethite/goethite_mindat_p401655_page3_051_raw.jpg,goethite,metallic_hard_negative,3,401655,DG-9b5d4c76e13f,val,expert_stop
VTM-004592,raw_negative/metallic_hard_negative/goethite/goethite_mindat_p405816_page4_009_raw.jpg,goethite,metallic_hard_negative,3,405816,DG-96fe5955ff24,train,expert_fit
VTM-004594,raw_negative/metallic_hard_negative/goethite/goethite_mindat_p435846_page3_062_raw.jpg,goethite,metallic_hard_negative,3,435846,DG-5e455ae2a2e5,train,expert_fit
VTM-004595,raw_negative/metallic_hard_negative/goethite/goethite_mindat_p438081_page3_031_raw.jpg,goethite,metallic_hard_negative,3,438081,DG-e708d2eddf28,train,expert_fit
VTM-004596,raw_negative/metallic_hard_negative/goethite/goethite_mindat_p464565_page1_009_raw.jpg,goethite,metallic_hard_negative,3,464565,DG-ee811f7b2e16,val,expert_stop
VTM-004597,raw_negative/metallic_hard_negative/goethite/goethite_mindat_p469622_page2_009_raw.jpg,goethite,metallic_hard_negative,3,469622,DG-0d4f10dfda02,train,expert_fit
VTM-004598,raw_negative/metallic_hard_negative/goethite/goethite_mindat_p470173_page2_011_raw.jpg,goethite,metallic_hard_negative,3,470173,DG-4b6357964021,train,expert_fit
VTM-004600,raw_negative/metallic_hard_negative/goethite/goethite_mindat_p482918_page3_021_raw.jpg,goethite,metallic_hard_negative,3,482918,DG-d325b4dea695,train,expert_fit
VTM-004601,raw_negative/metallic_hard_negative/goethite/goethite_mindat_p483133_page3_049_raw.jpg,goethite,metallic_hard_negative,3,483133,DG-2821527f94da,train,expert_fit
VTM-004602,raw_negative/metallic_hard_negative/goethite/goethite_mindat_p483141_page3_074_raw.jpg,goethite,metallic_hard_negative,3,483141,DG-e3cb63300161,val,expert_stop
VTM-004603,raw_negative/metallic_hard_negative/goethite/goethite_mindat_p483142_page3_065_raw.jpg,goethite,metallic_hard_negative,3,483142,DG-4ec95c54e334,train,expert_fit
VTM-004607,raw_negative/metallic_hard_negative/goethite/goethite_mindat_p495521_page4_021_raw.jpg,goethite,metallic_hard_negative,3,495521,DG-05657d868634,train,expert_fit
VTM-004609,raw_negative/metallic_hard_negative/goethite/goethite_mindat_p503690_page3_035_raw.jpg,goethite,metallic_hard_negative,3,503690,DG-56f45c055aef,train,expert_fit
VTM-004611,raw_negative/metallic_hard_negative/goethite/goethite_mindat_p504681_page3_053_raw.jpg,goethite,metallic_hard_negative,3,504681,DG-a1546a58cd91,val,expert_stop
VTM-004613,raw_negative/metallic_hard_negative/goethite/goethite_mindat_p510568_page4_006_raw.jpg,goethite,metallic_hard_negative,3,510568,DG-89979111c25d,val,expert_stop
VTM-004614,raw_negative/metallic_hard_negative/goethite/goethite_mindat_p510712_page3_025_raw.jpg,goethite,metallic_hard_negative,3,510712,DG-56f2663d479d,train,expert_fit
VTM-004617,raw_negative/metallic_hard_negative/goethite/goethite_mindat_p518967_page5_006_raw.jpg,goethite,metallic_hard_negative,3,518967,DG-0c4f94a72cd2,train,expert_fit
VTM-004619,raw_negative/metallic_hard_negative/goethite/goethite_mindat_p525099_page4_030_raw.jpg,goethite,metallic_hard_negative,3,525099,DG-7124eccb0fa9,val,expert_stop
VTM-004630,raw_negative/metallic_hard_negative/goethite/goethite_mindat_p558017_page4_027_raw.jpg,goethite,metallic_hard_negative,3,558017,DG-210b75b316b3,train,expert_fit
VTM-004631,raw_negative/metallic_hard_negative/goethite/goethite_mindat_p560257_page5_004_raw.jpg,goethite,metallic_hard_negative,3,560257,DG-09bf4466051a,train,expert_fit
VTM-004632,raw_negative/metallic_hard_negative/goethite/goethite_mindat_p561529_page3_043_raw.jpg,goethite,metallic_hard_negative,3,561529,DG-93f0e31d6ca5,train,expert_fit
VTM-004633,raw_negative/metallic_hard_negative/goethite/goethite_mindat_p561751_page5_009_raw.jpg,goethite,metallic_hard_negative,3,561751,DG-7551d69f7293,val,expert_stop
VTM-004635,raw_negative/metallic_hard_negative/goethite/goethite_mindat_p561967_page5_014_raw.jpg,goethite,metallic_hard_negative,3,561967,DG-fdc355a7dec4,train,expert_fit
VTM-004636,raw_negative/metallic_hard_negative/goethite/goethite_mindat_p561969_page5_010_raw.jpg,goethite,metallic_hard_negative,3,561969,DG-09eba6a97247,train,expert_fit
VTM-004640,raw_negative/metallic_hard_negative/goethite/goethite_mindat_p564261_page5_012_raw.jpg,goethite,metallic_hard_negative,3,564261,DG-cb322e33f739,train,expert_fit
VTM-004641,raw_negative/metallic_hard_negative/goethite/goethite_mindat_p572181_page4_013_raw.jpg,goethite,metallic_hard_negative,3,572181,DG-863365ae316e,val,expert_stop
VTM-004642,raw_negative/metallic_hard_negative/goethite/goethite_mindat_p574017_page4_034_raw.jpg,goethite,metallic_hard_negative,3,574017,DG-78b46abc4f6e,train,expert_fit
VTM-004643,raw_negative/metallic_hard_negative/goethite/goethite_mindat_p576356_page4_036_raw.jpg,goethite,metallic_hard_negative,3,576356,DG-c44fd1e14bde,train,expert_fit
VTM-004644,raw_negative/metallic_hard_negative/goethite/goethite_mindat_p577013_page4_069_raw.jpg,goethite,metallic_hard_negative,3,577013,DG-3e4a9e2df8b3,train,expert_fit
VTM-004645,raw_negative/metallic_hard_negative/goethite/goethite_mindat_p577151_page4_072_raw.jpg,goethite,metallic_hard_negative,3,577151,DG-96279ebfb357,train,expert_fit
VTM-004647,raw_negative/metallic_hard_negative/goethite/goethite_mindat_p577203_page4_031_raw.jpg,goethite,metallic_hard_negative,3,577203,DG-0fba8dcb891f,train,expert_fit
VTM-004648,raw_negative/metallic_hard_negative/goethite/goethite_mindat_p577204_page4_032_raw.jpg,goethite,metallic_hard_negative,3,577204,DG-1e9e9230cbd5,train,expert_fit
VTM-004650,raw_negative/metallic_hard_negative/goethite/goethite_mindat_p581334_page3_039_raw.jpg,goethite,metallic_hard_negative,3,581334,DG-9815786e0c94,train,expert_fit
VTM-004652,raw_negative/metallic_hard_negative/goethite/goethite_mindat_p587937_page4_029_raw.jpg,goethite,metallic_hard_negative,3,587937,DG-62c305d2d8d1,train,expert_fit
VTM-004653,raw_negative/metallic_hard_negative/goethite/goethite_mindat_p592982_page4_022_raw.jpg,goethite,metallic_hard_negative,3,592982,DG-f2ba13e65fb0,train,expert_fit
VTM-004656,raw_negative/metallic_hard_negative/goethite/goethite_mindat_p605658_page3_052_raw.jpg,goethite,metallic_hard_negative,3,605658,DG-5d17ac15c3f5,train,expert_fit
VTM-004659,raw_negative/metallic_hard_negative/goethite/goethite_mindat_p615947_page4_025_raw.jpg,goethite,metallic_hard_negative,3,615947,DG-ec2dd91f462f,train,expert_fit
VTM-004661,raw_negative/metallic_hard_negative/goethite/goethite_mindat_p621597_page1_063_raw.jpg,goethite,metallic_hard_negative,3,621597,DG-c7e61f41eeb1,val,expert_stop
VTM-004662,raw_negative/metallic_hard_negative/goethite/goethite_mindat_p623585_page3_032_raw.jpg,goethite,metallic_hard_negative,3,623585,DG-ff3c831b2bc9,val,expert_stop
VTM-004663,raw_negative/metallic_hard_negative/goethite/goethite_mindat_p626361_page4_012_raw.jpg,goethite,metallic_hard_negative,3,626361,DG-a56f94524b55,train,expert_fit
VTM-004665,raw_negative/metallic_hard_negative/goethite/goethite_mindat_p631926_page4_035_raw.jpg,goethite,metallic_hard_negative,3,631926,DG-d672f6ddcf24,train,expert_fit
VTM-004667,raw_negative/metallic_hard_negative/goethite/goethite_mindat_p632244_page5_005_raw.jpg,goethite,metallic_hard_negative,3,632244,DG-77a872bcdde2,train,expert_fit
VTM-004668,raw_negative/metallic_hard_negative/goethite/goethite_mindat_p632256_page5_011_raw.jpg,goethite,metallic_hard_negative,3,632256,DG-ae858ed83a00,train,expert_fit
VTM-004669,raw_negative/metallic_hard_negative/goethite/goethite_mindat_p641611_page4_028_raw.jpg,goethite,metallic_hard_negative,3,641611,DG-e5b81cfa66e0,train,expert_fit
VTM-004670,raw_negative/metallic_hard_negative/goethite/goethite_mindat_p642098_page1_048_raw.jpg,goethite,metallic_hard_negative,3,642098,DG-ee8061b12d62,train,expert_fit
VTM-004672,raw_negative/metallic_hard_negative/goethite/goethite_mindat_p657367_page4_020_raw.jpg,goethite,metallic_hard_negative,3,657367,DG-1f38c61ec555,train,expert_fit
VTM-004677,raw_negative/metallic_hard_negative/goethite/goethite_mindat_p673713_page4_040_raw.jpg,goethite,metallic_hard_negative,3,673713,DG-7b1cc3374528,train,expert_fit
VTM-004678,raw_negative/metallic_hard_negative/goethite/goethite_mindat_p696814_page4_042_raw.jpg,goethite,metallic_hard_negative,3,696814,DG-d90cb4153a5b,train,expert_fit
VTM-004680,raw_negative/metallic_hard_negative/goethite/goethite_mindat_p697395_page4_039_raw.jpg,goethite,metallic_hard_negative,3,697395,DG-c885724d568f,val,expert_stop
VTM-004682,raw_negative/metallic_hard_negative/goethite/goethite_mindat_p703513_page5_016_raw.jpg,goethite,metallic_hard_negative,3,703513,DG-7645ba962935,train,expert_fit
VTM-004683,raw_negative/metallic_hard_negative/goethite/goethite_mindat_p707073_page1_039_raw.jpg,goethite,metallic_hard_negative,3,707073,DG-62ffe2cbfb7e,train,expert_fit
VTM-004684,raw_negative/metallic_hard_negative/goethite/goethite_mindat_p718262_page1_040_raw.jpg,goethite,metallic_hard_negative,3,718262,DG-ec048b20c678,train,expert_fit
VTM-004686,raw_negative/metallic_hard_negative/goethite/goethite_mindat_p720294_page4_073_raw.jpg,goethite,metallic_hard_negative,3,720294,DG-498985017e3d,train,expert_fit
VTM-004687,raw_negative/metallic_hard_negative/goethite/goethite_mindat_p722393_page3_058_raw.jpg,goethite,metallic_hard_negative,3,722393,DG-2eded55bf079,val,expert_stop
VTM-004688,raw_negative/metallic_hard_negative/goethite/goethite_mindat_p734964_page4_043_raw.jpg,goethite,metallic_hard_negative,3,734964,DG-e35afc208548,train,expert_fit
VTM-004691,raw_negative/metallic_hard_negative/goethite/goethite_mindat_p756152_page5_018_raw.jpg,goethite,metallic_hard_negative,3,756152,DG-531180648ef5,train,expert_fit
VTM-004692,raw_negative/metallic_hard_negative/goethite/goethite_mindat_p756153_page5_020_raw.jpg,goethite,metallic_hard_negative,3,756153,DG-598b1efa35ad,train,expert_fit
VTM-004693,raw_negative/metallic_hard_negative/goethite/goethite_mindat_p769727_page1_007_raw.jpg,goethite,metallic_hard_negative,3,769727,DG-dce52b73894c,train,expert_fit
VTM-004694,raw_negative/metallic_hard_negative/goethite/goethite_mindat_p770175_page3_060_raw.jpg,goethite,metallic_hard_negative,3,770175,DG-0008e0345f39,train,expert_fit
VTM-004695,raw_negative/metallic_hard_negative/goethite/goethite_mindat_p786783_page3_068_raw.jpg,goethite,metallic_hard_negative,3,786783,DG-064bd74f8d66,train,expert_fit
VTM-004696,raw_negative/metallic_hard_negative/goethite/goethite_mindat_p792080_page1_055_raw.jpg,goethite,metallic_hard_negative,3,792080,DG-0c9925831678,val,expert_stop
VTM-004699,raw_negative/metallic_hard_negative/goethite/goethite_mindat_p814920_page4_045_raw.jpg,goethite,metallic_hard_negative,3,814920,DG-4983712b4f53,train,expert_fit
VTM-004701,raw_negative/metallic_hard_negative/goethite/goethite_mindat_p830452_page4_051_raw.jpg,goethite,metallic_hard_negative,3,830452,DG-3634551650f6,val,expert_stop
VTM-004702,raw_negative/metallic_hard_negative/goethite/goethite_mindat_p853681_page4_041_raw.jpg,goethite,metallic_hard_negative,3,853681,DG-2388cefcbc69,train,expert_fit
VTM-004706,raw_negative/metallic_hard_negative/goethite/goethite_mindat_p900081_page4_050_raw.jpg,goethite,metallic_hard_negative,3,900081,DG-856ffc4ffd34,train,expert_fit
VTM-004707,raw_negative/metallic_hard_negative/goethite/goethite_mindat_p904669_page1_038_raw.jpg,goethite,metallic_hard_negative,3,904669,DG-169f1dd35e63,train,expert_fit
VTM-004708,raw_negative/metallic_hard_negative/goethite/goethite_mindat_p910045_page5_022_raw.jpg,goethite,metallic_hard_negative,3,910045,DG-669019ccd893,train,expert_fit
VTM-004709,raw_negative/metallic_hard_negative/goethite/goethite_mindat_p932310_page1_067_raw.jpg,goethite,metallic_hard_negative,3,932310,DG-43ea5277e87f,train,expert_fit
VTM-004710,raw_negative/metallic_hard_negative/goethite/goethite_mindat_p932406_page4_053_raw.jpg,goethite,metallic_hard_negative,3,932406,DG-5de1646fc38c,train,expert_fit
VTM-004711,raw_negative/metallic_hard_negative/goethite/goethite_mindat_p933905_page5_021_raw.jpg,goethite,metallic_hard_negative,3,933905,DG-1714e83b2d68,train,expert_fit
VTM-004712,raw_negative/metallic_hard_negative/goethite/goethite_mindat_p936319_page5_023_raw.jpg,goethite,metallic_hard_negative,3,936319,DG-d59d955b7917,train,expert_fit
VTM-004713,raw_negative/metallic_hard_negative/goethite/goethite_mindat_p937650_page5_025_raw.jpg,goethite,metallic_hard_negative,3,937650,DG-76a5d9ba4878,train,expert_fit
VTM-004715,raw_negative/metallic_hard_negative/goethite/goethite_mindat_p942344_page4_048_raw.jpg,goethite,metallic_hard_negative,3,942344,DG-a3e0a8f61ac9,train,expert_fit
VTM-004716,raw_negative/metallic_hard_negative/goethite/goethite_mindat_p942373_page4_049_raw.jpg,goethite,metallic_hard_negative,3,942373,DG-592f3955ebd2,train,expert_fit
VTM-004717,raw_negative/metallic_hard_negative/goethite/goethite_mindat_p957191_page1_019_raw.jpg,goethite,metallic_hard_negative,3,957191,DG-bac81edd48be,train,expert_fit
VTM-004720,raw_negative/metallic_hard_negative/hematite/hematite_mindat_p003344_page1_030_raw.jpg,hematite,metallic_hard_negative,3,3344,DG-c97f15322fc4,train,expert_fit
VTM-004721,raw_negative/metallic_hard_negative/hematite/hematite_mindat_p003346_page1_040_raw.jpg,hematite,metallic_hard_negative,3,3346,DG-74fb4361c489,train,expert_fit
VTM-004722,raw_negative/metallic_hard_negative/hematite/hematite_mindat_p003967_page4_005_raw.jpg,hematite,metallic_hard_negative,3,3967,DG-420c337bacad,train,expert_fit
VTM-004723,raw_negative/metallic_hard_negative/hematite/hematite_mindat_p004007_page4_006_raw.jpg,hematite,metallic_hard_negative,3,4007,DG-b28200684618,train,expert_fit
VTM-004725,raw_negative/metallic_hard_negative/hematite/hematite_mindat_p004555_page1_060_raw.jpg,hematite,metallic_hard_negative,3,4555,DG-db918e7bf2a1,train,expert_fit
VTM-004730,raw_negative/metallic_hard_negative/hematite/hematite_mindat_p046296_page1_071_raw.jpg,hematite,metallic_hard_negative,3,46296,DG-78b1059d0583,train,expert_fit
VTM-004731,raw_negative/metallic_hard_negative/hematite/hematite_mindat_p046676_page1_004_raw.jpg,hematite,metallic_hard_negative,3,46676,DG-2744cabbd30d,train,expert_fit
VTM-004734,raw_negative/metallic_hard_negative/hematite/hematite_mindat_p048076_page1_031_raw.jpg,hematite,metallic_hard_negative,3,48076,DG-dc119b0afa8f,train,expert_fit
VTM-004736,raw_negative/metallic_hard_negative/hematite/hematite_mindat_p056585_page1_021_raw.jpg,hematite,metallic_hard_negative,3,56585,DG-5065b4a871df,val,expert_stop
VTM-004738,raw_negative/metallic_hard_negative/hematite/hematite_mindat_p057087_page4_050_raw.jpg,hematite,metallic_hard_negative,3,57087,DG-112679cb75b5,train,expert_fit
VTM-004739,raw_negative/metallic_hard_negative/hematite/hematite_mindat_p057088_page1_022_raw.jpg,hematite,metallic_hard_negative,3,57088,DG-6d00a5116720,train,expert_fit
VTM-004742,raw_negative/metallic_hard_negative/hematite/hematite_mindat_p062762_page1_020_raw.jpg,hematite,metallic_hard_negative,3,62762,DG-56afffc2c4f3,train,expert_fit
VTM-004743,raw_negative/metallic_hard_negative/hematite/hematite_mindat_p062763_page1_068_raw.jpg,hematite,metallic_hard_negative,3,62763,DG-096a124d4a3f,train,expert_fit
VTM-004744,raw_negative/metallic_hard_negative/hematite/hematite_mindat_p062765_page1_065_raw.jpg,hematite,metallic_hard_negative,3,62765,DG-b3e8ca54e55b,train,expert_fit
VTM-004746,raw_negative/metallic_hard_negative/hematite/hematite_mindat_p063780_page6_003_raw.jpg,hematite,metallic_hard_negative,3,63780,DG-bb611c7b112e,train,expert_fit
VTM-004748,raw_negative/metallic_hard_negative/hematite/hematite_mindat_p065718_page1_012_raw.jpg,hematite,metallic_hard_negative,3,65718,DG-40e772b8c8e5,train,expert_fit
VTM-004751,raw_negative/metallic_hard_negative/hematite/hematite_mindat_p066181_page4_061_raw.jpg,hematite,metallic_hard_negative,3,66181,DG-3f9343259002,val,expert_stop
VTM-004752,raw_negative/metallic_hard_negative/hematite/hematite_mindat_p074869_page1_017_raw.jpg,hematite,metallic_hard_negative,3,74869,DG-c05dfd1427d0,train,expert_fit
VTM-004755,raw_negative/metallic_hard_negative/hematite/hematite_mindat_p094910_page1_033_raw.jpg,hematite,metallic_hard_negative,3,94910,DG-394454dfc75c,train,expert_fit
VTM-004759,raw_negative/metallic_hard_negative/hematite/hematite_mindat_p099631_page1_069_raw.jpg,hematite,metallic_hard_negative,3,99631,DG-b96470cf9061,train,expert_fit
VTM-004760,raw_negative/metallic_hard_negative/hematite/hematite_mindat_p1003912_page5_056_raw.jpg,hematite,metallic_hard_negative,3,1003912,DG-2f0255d211dc,train,expert_fit
VTM-004764,raw_negative/metallic_hard_negative/hematite/hematite_mindat_p1022758_page1_044_raw.jpg,hematite,metallic_hard_negative,3,1022758,DG-35a355eecef9,val,expert_stop
VTM-004765,raw_negative/metallic_hard_negative/hematite/hematite_mindat_p1026252_page4_021_raw.jpg,hematite,metallic_hard_negative,3,1026252,DG-9aafa4069410,train,expert_fit
VTM-004766,raw_negative/metallic_hard_negative/hematite/hematite_mindat_p1034794_page4_045_raw.jpg,hematite,metallic_hard_negative,3,1034794,DG-fd091f622a97,train,expert_fit
VTM-004768,raw_negative/metallic_hard_negative/hematite/hematite_mindat_p1044961_page4_043_raw.jpg,hematite,metallic_hard_negative,3,1044961,DG-ef8c2ff8e925,train,expert_fit
VTM-004770,raw_negative/metallic_hard_negative/hematite/hematite_mindat_p1050299_page5_053_raw.jpg,hematite,metallic_hard_negative,3,1050299,DG-6ac201f1fceb,train,expert_fit
VTM-004771,raw_negative/metallic_hard_negative/hematite/hematite_mindat_p1050307_page5_068_raw.jpg,hematite,metallic_hard_negative,3,1050307,DG-b56cc54d98d8,train,expert_fit
VTM-004772,raw_negative/metallic_hard_negative/hematite/hematite_mindat_p1093104_page1_008_raw.jpg,hematite,metallic_hard_negative,3,1093104,DG-49c8038bb4d4,train,expert_fit
VTM-004773,raw_negative/metallic_hard_negative/hematite/hematite_mindat_p1093826_page5_063_raw.jpg,hematite,metallic_hard_negative,3,1093826,DG-02848dc69614,train,expert_fit
VTM-004776,raw_negative/metallic_hard_negative/hematite/hematite_mindat_p110829_page1_010_raw.jpg,hematite,metallic_hard_negative,3,110829,DG-e649d7ebea33,val,expert_stop
VTM-004778,raw_negative/metallic_hard_negative/hematite/hematite_mindat_p1115394_page5_060_raw.jpg,hematite,metallic_hard_negative,3,1115394,DG-3b4847c6a9ba,train,expert_fit
VTM-004782,raw_negative/metallic_hard_negative/hematite/hematite_mindat_p1150576_page4_046_raw.jpg,hematite,metallic_hard_negative,3,1150576,DG-f56c45d152cc,train,expert_fit
VTM-004784,raw_negative/metallic_hard_negative/hematite/hematite_mindat_p116187_page4_052_raw.jpg,hematite,metallic_hard_negative,3,116187,DG-4c41fb92d363,train,expert_fit
VTM-004785,raw_negative/metallic_hard_negative/hematite/hematite_mindat_p1165706_page1_053_raw.jpg,hematite,metallic_hard_negative,3,1165706,DG-f0a32bf60919,train,expert_fit
VTM-004786,raw_negative/metallic_hard_negative/hematite/hematite_mindat_p1182324_page5_070_raw.jpg,hematite,metallic_hard_negative,3,1182324,DG-f3a4e0b6555c,val,expert_stop
VTM-004787,raw_negative/metallic_hard_negative/hematite/hematite_mindat_p118702_page1_005_raw.jpg,hematite,metallic_hard_negative,3,118702,DG-959d9ebba38f,train,expert_fit
VTM-004788,raw_negative/metallic_hard_negative/hematite/hematite_mindat_p1201827_page4_048_raw.jpg,hematite,metallic_hard_negative,3,1201827,DG-965b2bf1d78a,train,expert_fit
VTM-004789,raw_negative/metallic_hard_negative/hematite/hematite_mindat_p120643_page1_024_raw.jpg,hematite,metallic_hard_negative,3,120643,DG-04594b9157a2,train,expert_fit
VTM-004792,raw_negative/metallic_hard_negative/hematite/hematite_mindat_p1210241_page5_074_raw.jpg,hematite,metallic_hard_negative,3,1210241,DG-f77fc972ec8c,train,expert_fit
VTM-004793,raw_negative/metallic_hard_negative/hematite/hematite_mindat_p121587_page4_027_raw.jpg,hematite,metallic_hard_negative,3,121587,DG-0469e78bdfe2,train,expert_fit
VTM-004795,raw_negative/metallic_hard_negative/hematite/hematite_mindat_p122268_page1_034_raw.jpg,hematite,metallic_hard_negative,3,122268,DG-2103504c4bdb,val,expert_stop
VTM-004799,raw_negative/metallic_hard_negative/hematite/hematite_mindat_p1265989_page2_001_raw.jpg,hematite,metallic_hard_negative,3,1265989,DG-901bf4481356,train,expert_fit
VTM-004800,raw_negative/metallic_hard_negative/hematite/hematite_mindat_p1269842_page5_072_raw.jpg,hematite,metallic_hard_negative,3,1269842,DG-074382dae7ea,train,expert_fit
VTM-004801,raw_negative/metallic_hard_negative/hematite/hematite_mindat_p1286317_page6_001_raw.jpg,hematite,metallic_hard_negative,3,1286317,DG-aebe66ef7240,train,expert_fit
VTM-004806,raw_negative/metallic_hard_negative/hematite/hematite_mindat_p1303802_page2_003_raw.jpg,hematite,metallic_hard_negative,3,1303802,DG-fc9524d09b95,val,expert_stop
VTM-004809,raw_negative/metallic_hard_negative/hematite/hematite_mindat_p132740_page4_056_raw.jpg,hematite,metallic_hard_negative,3,132740,DG-a0cbe12073be,train,expert_fit
VTM-004812,raw_negative/metallic_hard_negative/hematite/hematite_mindat_p1334125_page5_062_raw.jpg,hematite,metallic_hard_negative,3,1334125,DG-1385db6cfef9,train,expert_fit
VTM-004817,raw_negative/metallic_hard_negative/hematite/hematite_mindat_p134893_page1_014_raw.jpg,hematite,metallic_hard_negative,3,134893,DG-e0efff6adfcd,train,expert_fit
VTM-004819,raw_negative/metallic_hard_negative/hematite/hematite_mindat_p1392079_page1_038_raw.jpg,hematite,metallic_hard_negative,3,1392079,DG-a5ff46780ee0,train,expert_fit
VTM-004820,raw_negative/metallic_hard_negative/hematite/hematite_mindat_p142226_page4_026_raw.jpg,hematite,metallic_hard_negative,3,142226,DG-042d7d6e9e9a,train,expert_fit
VTM-004822,raw_negative/metallic_hard_negative/hematite/hematite_mindat_p144884_page4_073_raw.jpg,hematite,metallic_hard_negative,3,144884,DG-d654285443e3,train,expert_fit
VTM-004823,raw_negative/metallic_hard_negative/hematite/hematite_mindat_p148102_page4_029_raw.jpg,hematite,metallic_hard_negative,3,148102,DG-8f3494190209,train,expert_fit
VTM-004825,raw_negative/metallic_hard_negative/hematite/hematite_mindat_p1502433_page5_012_raw.jpg,hematite,metallic_hard_negative,3,1502433,DG-80158b250c83,train,expert_fit
VTM-004826,raw_negative/metallic_hard_negative/hematite/hematite_mindat_p150888_page1_063_raw.jpg,hematite,metallic_hard_negative,3,150888,DG-b7a0b5815b3e,val,expert_stop
VTM-004827,raw_negative/metallic_hard_negative/hematite/hematite_mindat_p152018_page4_075_raw.jpg,hematite,metallic_hard_negative,3,152018,DG-aa3f97cddb4a,train,expert_fit
VTM-004829,raw_negative/metallic_hard_negative/hematite/hematite_mindat_p160164_page4_011_raw.jpg,hematite,metallic_hard_negative,3,160164,DG-f591186f588c,train,expert_fit
VTM-004830,raw_negative/metallic_hard_negative/hematite/hematite_mindat_p160166_page1_062_raw.jpg,hematite,metallic_hard_negative,3,160166,DG-62a3af97b3a6,train,expert_fit
VTM-004831,raw_negative/metallic_hard_negative/hematite/hematite_mindat_p160167_page4_010_raw.jpg,hematite,metallic_hard_negative,3,160167,DG-a8213982e46a,val,expert_stop
VTM-004832,raw_negative/metallic_hard_negative/hematite/hematite_mindat_p160168_page1_057_raw.jpg,hematite,metallic_hard_negative,3,160168,DG-ef8d7333e175,train,expert_fit
VTM-004833,raw_negative/metallic_hard_negative/hematite/hematite_mindat_p160169_page4_031_raw.jpg,hematite,metallic_hard_negative,3,160169,DG-d1878c1d81b1,train,expert_fit
VTM-004834,raw_negative/metallic_hard_negative/hematite/hematite_mindat_p160170_page4_025_raw.jpg,hematite,metallic_hard_negative,3,160170,DG-7d4d551559f3,train,expert_fit
VTM-004835,raw_negative/metallic_hard_negative/hematite/hematite_mindat_p160172_page4_008_raw.jpg,hematite,metallic_hard_negative,3,160172,DG-fec79f6d7821,train,expert_fit
VTM-004837,raw_negative/metallic_hard_negative/hematite/hematite_mindat_p160537_page6_032_raw.jpg,hematite,metallic_hard_negative,3,160537,DG-6956fcc63d56,train,expert_fit
VTM-004838,raw_negative/metallic_hard_negative/hematite/hematite_mindat_p162420_page4_053_raw.jpg,hematite,metallic_hard_negative,3,162420,DG-3f9b6d4b18df,train,expert_fit
VTM-004839,raw_negative/metallic_hard_negative/hematite/hematite_mindat_p163189_page6_011_raw.jpg,hematite,metallic_hard_negative,3,163189,DG-bcfdba1c3c5c,train,expert_fit
VTM-004844,raw_negative/metallic_hard_negative/hematite/hematite_mindat_p179362_page4_068_raw.jpg,hematite,metallic_hard_negative,3,179362,DG-52be6b100d6c,train,expert_fit
VTM-004845,raw_negative/metallic_hard_negative/hematite/hematite_mindat_p180698_page4_055_raw.jpg,hematite,metallic_hard_negative,3,180698,DG-3a7a27b4f2ac,train,expert_fit
VTM-004846,raw_negative/metallic_hard_negative/hematite/hematite_mindat_p184194_page6_002_raw.jpg,hematite,metallic_hard_negative,3,184194,DG-63b89c9f3af6,train,expert_fit
VTM-004849,raw_negative/metallic_hard_negative/hematite/hematite_mindat_p188372_page5_008_raw.jpg,hematite,metallic_hard_negative,3,188372,DG-18f3860bdb05,val,expert_stop
VTM-004850,raw_negative/metallic_hard_negative/hematite/hematite_mindat_p188439_page5_014_raw.jpg,hematite,metallic_hard_negative,3,188439,DG-06a98e11c795,train,expert_fit
VTM-004852,raw_negative/metallic_hard_negative/hematite/hematite_mindat_p195248_page4_059_raw.jpg,hematite,metallic_hard_negative,3,195248,DG-1b06392a3296,train,expert_fit
VTM-004854,raw_negative/metallic_hard_negative/hematite/hematite_mindat_p198112_page4_014_raw.jpg,hematite,metallic_hard_negative,3,198112,DG-69246049f0d8,train,expert_fit
VTM-004855,raw_negative/metallic_hard_negative/hematite/hematite_mindat_p198114_page4_013_raw.jpg,hematite,metallic_hard_negative,3,198114,DG-18aac18a56ef,train,expert_fit
VTM-004857,raw_negative/metallic_hard_negative/hematite/hematite_mindat_p198120_page4_012_raw.jpg,hematite,metallic_hard_negative,3,198120,DG-c54cd35230e0,train,expert_fit
VTM-004858,raw_negative/metallic_hard_negative/hematite/hematite_mindat_p198122_page4_054_raw.jpg,hematite,metallic_hard_negative,3,198122,DG-ceaef9a35d40,train,expert_fit
VTM-004859,raw_negative/metallic_hard_negative/hematite/hematite_mindat_p203918_page4_066_raw.jpg,hematite,metallic_hard_negative,3,203918,DG-36609173255a,val,expert_stop
VTM-004860,raw_negative/metallic_hard_negative/hematite/hematite_mindat_p211462_page1_025_raw.jpg,hematite,metallic_hard_negative,3,211462,DG-2778a0b9723d,train,expert_fit
VTM-004863,raw_negative/metallic_hard_negative/hematite/hematite_mindat_p213880_page1_036_raw.jpg,hematite,metallic_hard_negative,3,213880,DG-1b424fee3faf,train,expert_fit
VTM-004865,raw_negative/metallic_hard_negative/hematite/hematite_mindat_p215323_page5_016_raw.jpg,hematite,metallic_hard_negative,3,215323,DG-106363606d4d,train,expert_fit
VTM-004866,raw_negative/metallic_hard_negative/hematite/hematite_mindat_p216311_page6_006_raw.jpg,hematite,metallic_hard_negative,3,216311,DG-3154727bcb46,train,expert_fit
VTM-004867,raw_negative/metallic_hard_negative/hematite/hematite_mindat_p217016_page1_066_raw.jpg,hematite,metallic_hard_negative,3,217016,DG-82093b58250e,train,expert_fit
VTM-004869,raw_negative/metallic_hard_negative/hematite/hematite_mindat_p232922_page3_004_raw.jpg,hematite,metallic_hard_negative,3,232922,DG-4f7f500cdd02,train,expert_fit
VTM-004874,raw_negative/metallic_hard_negative/hematite/hematite_mindat_p237820_page1_013_raw.jpg,hematite,metallic_hard_negative,3,237820,DG-41d32052813f,train,expert_fit
VTM-004875,raw_negative/metallic_hard_negative/hematite/hematite_mindat_p239259_page1_006_raw.jpg,hematite,metallic_hard_negative,3,239259,DG-1d354621213a,train,expert_fit
VTM-004876,raw_negative/metallic_hard_negative/hematite/hematite_mindat_p239945_page4_064_raw.jpg,hematite,metallic_hard_negative,3,239945,DG-8ed5ca7176a8,train,expert_fit
VTM-004877,raw_negative/metallic_hard_negative/hematite/hematite_mindat_p242065_page1_052_raw.jpg,hematite,metallic_hard_negative,3,242065,DG-4967513704bf,val,expert_stop
VTM-004878,raw_negative/metallic_hard_negative/hematite/hematite_mindat_p244023_page6_009_raw.jpg,hematite,metallic_hard_negative,3,244023,DG-faf2e184df1b,train,expert_fit
VTM-004880,raw_negative/metallic_hard_negative/hematite/hematite_mindat_p247171_page1_056_raw.jpg,hematite,metallic_hard_negative,3,247171,DG-6ce5b842832c,train,expert_fit
VTM-004881,raw_negative/metallic_hard_negative/hematite/hematite_mindat_p261882_page1_049_raw.jpg,hematite,metallic_hard_negative,3,261882,DG-9bde80e0c14c,val,expert_stop
VTM-004882,raw_negative/metallic_hard_negative/hematite/hematite_mindat_p264121_page4_032_raw.jpg,hematite,metallic_hard_negative,3,264121,DG-769f57cd2cf8,val,expert_stop
VTM-004883,raw_negative/metallic_hard_negative/hematite/hematite_mindat_p266020_page4_033_raw.jpg,hematite,metallic_hard_negative,3,266020,DG-d8f9fa7c1040,val,expert_stop
VTM-004888,raw_negative/metallic_hard_negative/hematite/hematite_mindat_p273015_page4_040_raw.jpg,hematite,metallic_hard_negative,3,273015,DG-ad99a0f5aff2,train,expert_fit
VTM-004889,raw_negative/metallic_hard_negative/hematite/hematite_mindat_p274355_page6_015_raw.jpg,hematite,metallic_hard_negative,3,274355,DG-72eb4f739db8,train,expert_fit
VTM-004892,raw_negative/metallic_hard_negative/hematite/hematite_mindat_p292231_page1_048_raw.jpg,hematite,metallic_hard_negative,3,292231,DG-0b02904cd2d9,val,expert_stop
VTM-004893,raw_negative/metallic_hard_negative/hematite/hematite_mindat_p293161_page4_036_raw.jpg,hematite,metallic_hard_negative,3,293161,DG-0dd74fec7b9f,val,expert_stop
VTM-004896,raw_negative/metallic_hard_negative/hematite/hematite_mindat_p297979_page4_034_raw.jpg,hematite,metallic_hard_negative,3,297979,DG-e17f060ff120,train,expert_fit
VTM-004897,raw_negative/metallic_hard_negative/hematite/hematite_mindat_p299677_page4_019_raw.jpg,hematite,metallic_hard_negative,3,299677,DG-2c16ff8f2499,train,expert_fit
VTM-004899,raw_negative/metallic_hard_negative/hematite/hematite_mindat_p302935_page4_020_raw.jpg,hematite,metallic_hard_negative,3,302935,DG-578370b0d69b,train,expert_fit
VTM-004900,raw_negative/metallic_hard_negative/hematite/hematite_mindat_p302943_page4_035_raw.jpg,hematite,metallic_hard_negative,3,302943,DG-35e20867b96a,train,expert_fit
VTM-004901,raw_negative/metallic_hard_negative/hematite/hematite_mindat_p302953_page4_037_raw.jpg,hematite,metallic_hard_negative,3,302953,DG-253331404a11,train,expert_fit
VTM-004902,raw_negative/metallic_hard_negative/hematite/hematite_mindat_p310377_page4_067_raw.jpg,hematite,metallic_hard_negative,3,310377,DG-604f861a8a8c,train,expert_fit
VTM-004903,raw_negative/metallic_hard_negative/hematite/hematite_mindat_p318834_page6_010_raw.jpg,hematite,metallic_hard_negative,3,318834,DG-03ee3b4153cc,val,expert_stop
VTM-004904,raw_negative/metallic_hard_negative/hematite/hematite_mindat_p320942_page3_005_raw.jpg,hematite,metallic_hard_negative,3,320942,DG-057fea7c0b23,train,expert_fit
VTM-004906,raw_negative/metallic_hard_negative/hematite/hematite_mindat_p341592_page6_031_raw.jpg,hematite,metallic_hard_negative,3,341592,DG-95bf1947a845,train,expert_fit
VTM-004907,raw_negative/metallic_hard_negative/hematite/hematite_mindat_p361403_page1_037_raw.jpg,hematite,metallic_hard_negative,3,361403,DG-78b3d3ddbae7,val,expert_stop
VTM-004908,raw_negative/metallic_hard_negative/hematite/hematite_mindat_p363204_page6_038_raw.jpg,hematite,metallic_hard_negative,3,363204,DG-8549029ec9c5,train,expert_fit
VTM-004909,raw_negative/metallic_hard_negative/hematite/hematite_mindat_p363206_page6_020_raw.jpg,hematite,metallic_hard_negative,3,363206,DG-6f6e3906f3df,train,expert_fit
VTM-004911,raw_negative/metallic_hard_negative/hematite/hematite_mindat_p378575_page4_038_raw.jpg,hematite,metallic_hard_negative,3,378575,DG-74528a048bd6,train,expert_fit
VTM-004915,raw_negative/metallic_hard_negative/hematite/hematite_mindat_p410831_page6_025_raw.jpg,hematite,metallic_hard_negative,3,410831,DG-60040391d947,train,expert_fit
VTM-004916,raw_negative/metallic_hard_negative/hematite/hematite_mindat_p426215_page6_026_raw.jpg,hematite,metallic_hard_negative,3,426215,DG-fd4c1c90de47,train,expert_fit
VTM-004917,raw_negative/metallic_hard_negative/hematite/hematite_mindat_p433332_page1_055_raw.jpg,hematite,metallic_hard_negative,3,433332,DG-25d0a83898c6,train,expert_fit
VTM-004918,raw_negative/metallic_hard_negative/hematite/hematite_mindat_p457878_page6_036_raw.jpg,hematite,metallic_hard_negative,3,457878,DG-ccaf8e84f3cf,train,expert_fit
VTM-004919,raw_negative/metallic_hard_negative/hematite/hematite_mindat_p459708_page6_029_raw.jpg,hematite,metallic_hard_negative,3,459708,DG-f36a83941799,val,expert_stop
VTM-004920,raw_negative/metallic_hard_negative/hematite/hematite_mindat_p459858_page6_028_raw.jpg,hematite,metallic_hard_negative,3,459858,DG-07cbb5f19a24,train,expert_fit
VTM-004923,raw_negative/metallic_hard_negative/hematite/hematite_mindat_p478423_page6_041_raw.jpg,hematite,metallic_hard_negative,3,478423,DG-3fffef619485,train,expert_fit
VTM-004925,raw_negative/metallic_hard_negative/hematite/hematite_mindat_p482292_page5_037_raw.jpg,hematite,metallic_hard_negative,3,482292,DG-01b1cd8733a9,train,expert_fit
VTM-004926,raw_negative/metallic_hard_negative/hematite/hematite_mindat_p482306_page5_027_raw.jpg,hematite,metallic_hard_negative,3,482306,DG-8097974f3dde,val,expert_stop
VTM-004927,raw_negative/metallic_hard_negative/hematite/hematite_mindat_p482713_page5_023_raw.jpg,hematite,metallic_hard_negative,3,482713,DG-4a3fedd735f1,train,expert_fit
VTM-004929,raw_negative/metallic_hard_negative/hematite/hematite_mindat_p482911_page5_026_raw.jpg,hematite,metallic_hard_negative,3,482911,DG-8bdd6c1aed64,train,expert_fit
VTM-004932,raw_negative/metallic_hard_negative/hematite/hematite_mindat_p483423_page5_030_raw.jpg,hematite,metallic_hard_negative,3,483423,DG-a472be0e99d2,train,expert_fit
VTM-004936,raw_negative/metallic_hard_negative/hematite/hematite_mindat_p493966_page4_071_raw.jpg,hematite,metallic_hard_negative,3,493966,DG-a8b68565511e,val,expert_stop
VTM-004937,raw_negative/metallic_hard_negative/hematite/hematite_mindat_p499782_page6_019_raw.jpg,hematite,metallic_hard_negative,3,499782,DG-ab5809dd5da8,val,expert_stop
VTM-004939,raw_negative/metallic_hard_negative/hematite/hematite_mindat_p502470_page6_069_raw.jpg,hematite,metallic_hard_negative,3,502470,DG-c8e4fa42bc5c,train,expert_fit
VTM-004940,raw_negative/metallic_hard_negative/hematite/hematite_mindat_p504142_page4_041_raw.jpg,hematite,metallic_hard_negative,3,504142,DG-1db39b328050,train,expert_fit
VTM-004941,raw_negative/metallic_hard_negative/hematite/hematite_mindat_p506461_page6_021_raw.jpg,hematite,metallic_hard_negative,3,506461,DG-821d8a7f1feb,train,expert_fit
VTM-004943,raw_negative/metallic_hard_negative/hematite/hematite_mindat_p514445_page5_022_raw.jpg,hematite,metallic_hard_negative,3,514445,DG-d6e5c331f522,train,expert_fit
VTM-004944,raw_negative/metallic_hard_negative/hematite/hematite_mindat_p519781_page6_005_raw.jpg,hematite,metallic_hard_negative,3,519781,DG-d5e3b5ffa767,train,expert_fit
VTM-004949,raw_negative/metallic_hard_negative/hematite/hematite_mindat_p530109_page6_037_raw.jpg,hematite,metallic_hard_negative,3,530109,DG-67ac83c9bf21,train,expert_fit
VTM-004950,raw_negative/metallic_hard_negative/hematite/hematite_mindat_p531678_page6_030_raw.jpg,hematite,metallic_hard_negative,3,531678,DG-99abd46a80cb,train,expert_fit
VTM-004951,raw_negative/metallic_hard_negative/hematite/hematite_mindat_p535099_page6_042_raw.jpg,hematite,metallic_hard_negative,3,535099,DG-8c3dbde4dc22,val,expert_stop
VTM-004952,raw_negative/metallic_hard_negative/hematite/hematite_mindat_p540130_page5_052_raw.jpg,hematite,metallic_hard_negative,3,540130,DG-e44dc10e808d,train,expert_fit
VTM-004953,raw_negative/metallic_hard_negative/hematite/hematite_mindat_p541699_page5_018_raw.jpg,hematite,metallic_hard_negative,3,541699,DG-974ef309f918,train,expert_fit
VTM-004954,raw_negative/metallic_hard_negative/hematite/hematite_mindat_p560155_page6_017_raw.jpg,hematite,metallic_hard_negative,3,560155,DG-65c13edaf745,val,expert_stop
VTM-004955,raw_negative/metallic_hard_negative/hematite/hematite_mindat_p560371_page6_023_raw.jpg,hematite,metallic_hard_negative,3,560371,DG-6837f74a3d35,train,expert_fit
VTM-004956,raw_negative/metallic_hard_negative/hematite/hematite_mindat_p577586_page6_072_raw.jpg,hematite,metallic_hard_negative,3,577586,DG-5d3b8ae242a0,train,expert_fit
VTM-004957,raw_negative/metallic_hard_negative/hematite/hematite_mindat_p577587_page6_048_raw.jpg,hematite,metallic_hard_negative,3,577587,DG-cdebbcc0a265,train,expert_fit
VTM-004960,raw_negative/metallic_hard_negative/hematite/hematite_mindat_p600633_page5_028_raw.jpg,hematite,metallic_hard_negative,3,600633,DG-4bd8424d7cae,val,expert_stop
VTM-004963,raw_negative/metallic_hard_negative/hematite/hematite_mindat_p618031_page6_044_raw.jpg,hematite,metallic_hard_negative,3,618031,DG-d5537fa32175,train,expert_fit
VTM-004964,raw_negative/metallic_hard_negative/hematite/hematite_mindat_p618122_page6_049_raw.jpg,hematite,metallic_hard_negative,3,618122,DG-789f52be1e9c,val,expert_stop
VTM-004965,raw_negative/metallic_hard_negative/hematite/hematite_mindat_p622951_page6_054_raw.jpg,hematite,metallic_hard_negative,3,622951,DG-ec5605c40be2,val,expert_stop
VTM-004966,raw_negative/metallic_hard_negative/hematite/hematite_mindat_p626452_page6_027_raw.jpg,hematite,metallic_hard_negative,3,626452,DG-67f97c86afca,train,expert_fit
VTM-004967,raw_negative/metallic_hard_negative/hematite/hematite_mindat_p626454_page6_024_raw.jpg,hematite,metallic_hard_negative,3,626454,DG-4241e0e8b958,train,expert_fit
VTM-004968,raw_negative/metallic_hard_negative/hematite/hematite_mindat_p631642_page6_066_raw.jpg,hematite,metallic_hard_negative,3,631642,DG-788695589cae,train,expert_fit
VTM-004969,raw_negative/metallic_hard_negative/hematite/hematite_mindat_p632990_page5_034_raw.jpg,hematite,metallic_hard_negative,3,632990,DG-0552f6f86183,train,expert_fit
VTM-004970,raw_negative/metallic_hard_negative/hematite/hematite_mindat_p633552_page6_062_raw.jpg,hematite,metallic_hard_negative,3,633552,DG-5d84fd7431ec,train,expert_fit
VTM-004971,raw_negative/metallic_hard_negative/hematite/hematite_mindat_p635312_page6_035_raw.jpg,hematite,metallic_hard_negative,3,635312,DG-2cd0977fcd53,train,expert_fit
VTM-004974,raw_negative/metallic_hard_negative/hematite/hematite_mindat_p657423_page6_060_raw.jpg,hematite,metallic_hard_negative,3,657423,DG-f5799c8a833e,train,expert_fit
VTM-004976,raw_negative/metallic_hard_negative/hematite/hematite_mindat_p659306_page6_067_raw.jpg,hematite,metallic_hard_negative,3,659306,DG-a4f4617715e6,train,expert_fit
VTM-004977,raw_negative/metallic_hard_negative/hematite/hematite_mindat_p659618_page6_064_raw.jpg,hematite,metallic_hard_negative,3,659618,DG-57784ee11384,train,expert_fit
VTM-004978,raw_negative/metallic_hard_negative/hematite/hematite_mindat_p659952_page6_061_raw.jpg,hematite,metallic_hard_negative,3,659952,DG-c1d8c5df3846,val,expert_stop
VTM-004979,raw_negative/metallic_hard_negative/hematite/hematite_mindat_p661190_page6_063_raw.jpg,hematite,metallic_hard_negative,3,661190,DG-db3957cce7c6,train,expert_fit
VTM-004980,raw_negative/metallic_hard_negative/hematite/hematite_mindat_p681606_page5_057_raw.jpg,hematite,metallic_hard_negative,3,681606,DG-7d3162471b4a,train,expert_fit
VTM-004981,raw_negative/metallic_hard_negative/hematite/hematite_mindat_p681609_page5_038_raw.jpg,hematite,metallic_hard_negative,3,681609,DG-22744ff5e14b,train,expert_fit
VTM-004984,raw_negative/metallic_hard_negative/hematite/hematite_mindat_p709970_page5_035_raw.jpg,hematite,metallic_hard_negative,3,709970,DG-cc8c81808fd7,train,expert_fit
VTM-004985,raw_negative/metallic_hard_negative/hematite/hematite_mindat_p710961_page6_047_raw.jpg,hematite,metallic_hard_negative,3,710961,DG-11457cca95ac,train,expert_fit
VTM-004987,raw_negative/metallic_hard_negative/hematite/hematite_mindat_p714295_page5_044_raw.jpg,hematite,metallic_hard_negative,3,714295,DG-f49f996beda9,train,expert_fit
VTM-004993,raw_negative/metallic_hard_negative/hematite/hematite_mindat_p715999_page6_075_raw.jpg,hematite,metallic_hard_negative,3,715999,DG-acfb9bdcc3cf,train,expert_fit
VTM-004995,raw_negative/metallic_hard_negative/hematite/hematite_mindat_p722401_page5_041_raw.jpg,hematite,metallic_hard_negative,3,722401,DG-9e0b59f84add,train,expert_fit
VTM-004996,raw_negative/metallic_hard_negative/hematite/hematite_mindat_p722402_page5_050_raw.jpg,hematite,metallic_hard_negative,3,722402,DG-0090a1a626da,train,expert_fit
VTM-004997,raw_negative/metallic_hard_negative/hematite/hematite_mindat_p729808_page6_053_raw.jpg,hematite,metallic_hard_negative,3,729808,DG-2d836fca0f53,train,expert_fit
VTM-004998,raw_negative/metallic_hard_negative/hematite/hematite_mindat_p734514_page5_045_raw.jpg,hematite,metallic_hard_negative,3,734514,DG-a2b8bf8028b9,train,expert_fit
VTM-004999,raw_negative/metallic_hard_negative/hematite/hematite_mindat_p736544_page1_054_raw.jpg,hematite,metallic_hard_negative,3,736544,DG-1c729f279ce5,train,expert_fit
VTM-005002,raw_negative/metallic_hard_negative/hematite/hematite_mindat_p753386_page5_043_raw.jpg,hematite,metallic_hard_negative,3,753386,DG-4ebb7908e7cf,train,expert_fit
VTM-005003,raw_negative/metallic_hard_negative/hematite/hematite_mindat_p773843_page5_013_raw.jpg,hematite,metallic_hard_negative,3,773843,DG-5447e42b6406,train,expert_fit
VTM-005004,raw_negative/metallic_hard_negative/hematite/hematite_mindat_p784238_page6_074_raw.jpg,hematite,metallic_hard_negative,3,784238,DG-6adcd9622866,train,expert_fit
VTM-005005,raw_negative/metallic_hard_negative/hematite/hematite_mindat_p786779_page5_040_raw.jpg,hematite,metallic_hard_negative,3,786779,DG-6e60bb077167,train,expert_fit
VTM-005007,raw_negative/metallic_hard_negative/hematite/hematite_mindat_p791083_page6_046_raw.jpg,hematite,metallic_hard_negative,3,791083,DG-c33ec218e14c,train,expert_fit
VTM-005008,raw_negative/metallic_hard_negative/hematite/hematite_mindat_p793219_page6_052_raw.jpg,hematite,metallic_hard_negative,3,793219,DG-43f3abe5fe58,train,expert_fit
VTM-005009,raw_negative/metallic_hard_negative/hematite/hematite_mindat_p794637_page5_048_raw.jpg,hematite,metallic_hard_negative,3,794637,DG-80d9a06a5bdb,train,expert_fit
VTM-005011,raw_negative/metallic_hard_negative/hematite/hematite_mindat_p833676_page5_032_raw.jpg,hematite,metallic_hard_negative,3,833676,DG-9f846ac38613,val,expert_stop
VTM-005013,raw_negative/metallic_hard_negative/hematite/hematite_mindat_p859004_page5_066_raw.jpg,hematite,metallic_hard_negative,3,859004,DG-004213fd6a05,val,expert_stop
VTM-005014,raw_negative/metallic_hard_negative/hematite/hematite_mindat_p921977_page5_049_raw.jpg,hematite,metallic_hard_negative,3,921977,DG-02f65976cc5c,train,expert_fit
VTM-005015,raw_negative/metallic_hard_negative/hematite/hematite_mindat_p923990_page5_047_raw.jpg,hematite,metallic_hard_negative,3,923990,DG-b8ee37c13b84,val,expert_stop
VTM-005016,raw_negative/metallic_hard_negative/hematite/hematite_mindat_p926790_page6_070_raw.jpg,hematite,metallic_hard_negative,3,926790,DG-844028dd8403,train,expert_fit
VTM-005017,raw_negative/metallic_hard_negative/hematite/hematite_mindat_p929647_page5_061_raw.jpg,hematite,metallic_hard_negative,3,929647,DG-08624827eeb4,train,expert_fit
VTM-005019,raw_negative/metallic_hard_negative/hematite/hematite_mindat_p958121_page5_051_raw.jpg,hematite,metallic_hard_negative,3,958121,DG-8ff188388243,train,expert_fit
VTM-005020,raw_negative/metallic_hard_negative/hematite/hematite_mindat_p963321_page1_061_raw.jpg,hematite,metallic_hard_negative,3,963321,DG-8babe606446a,train,expert_fit
VTM-005021,raw_negative/metallic_hard_negative/hematite/hematite_mindat_p984230_page6_043_raw.jpg,hematite,metallic_hard_negative,3,984230,DG-5a0d013f29bc,train,expert_fit
VTM-005022,raw_negative/metallic_hard_negative/hematite/hematite_mindat_p996639_page6_073_raw.jpg,hematite,metallic_hard_negative,3,996639,DG-d8da498bf2c5,train,expert_fit
VTM-005025,raw_negative/metallic_hard_negative/pyrite/pyrite_mindat_p004061_page1_008_raw.jpg,pyrite,metallic_hard_negative,3,4061,DG-93d72e481d11,train,expert_fit
VTM-005031,raw_negative/metallic_hard_negative/pyrite/pyrite_mindat_p014417_page5_022_raw.jpg,pyrite,metallic_hard_negative,3,14417,DG-9482ce756d47,train,expert_fit
VTM-005032,raw_negative/metallic_hard_negative/pyrite/pyrite_mindat_p017063_page6_014_raw.jpg,pyrite,metallic_hard_negative,3,17063,DG-e68258975a20,train,expert_fit
VTM-005033,raw_negative/metallic_hard_negative/pyrite/pyrite_mindat_p017064_page6_018_raw.jpg,pyrite,metallic_hard_negative,3,17064,DG-48018e5e27ec,train,expert_fit
VTM-005034,raw_negative/metallic_hard_negative/pyrite/pyrite_mindat_p017692_page4_006_raw.jpg,pyrite,metallic_hard_negative,3,17692,DG-891230d82461,train,expert_fit
VTM-005037,raw_negative/metallic_hard_negative/pyrite/pyrite_mindat_p023180_page1_027_raw.jpg,pyrite,metallic_hard_negative,3,23180,DG-254019202fdb,val,expert_stop
VTM-005039,raw_negative/metallic_hard_negative/pyrite/pyrite_mindat_p026242_page4_014_raw.jpg,pyrite,metallic_hard_negative,3,26242,DG-1d2c37317895,train,expert_fit
VTM-005043,raw_negative/metallic_hard_negative/pyrite/pyrite_mindat_p030816_page6_019_raw.jpg,pyrite,metallic_hard_negative,3,30816,DG-1ae77cd6446f,train,expert_fit
VTM-005044,raw_negative/metallic_hard_negative/pyrite/pyrite_mindat_p030817_page6_015_raw.jpg,pyrite,metallic_hard_negative,3,30817,DG-885f1327cdad,train,expert_fit
VTM-005045,raw_negative/metallic_hard_negative/pyrite/pyrite_mindat_p030823_page6_016_raw.jpg,pyrite,metallic_hard_negative,3,30823,DG-bb5017e3764f,train,expert_fit
VTM-005046,raw_negative/metallic_hard_negative/pyrite/pyrite_mindat_p030824_page6_020_raw.jpg,pyrite,metallic_hard_negative,3,30824,DG-00f1b8ed170b,train,expert_fit
VTM-005050,raw_negative/metallic_hard_negative/pyrite/pyrite_mindat_p033219_page1_042_raw.jpg,pyrite,metallic_hard_negative,3,33219,DG-31a4bb081780,train,expert_fit
VTM-005052,raw_negative/metallic_hard_negative/pyrite/pyrite_mindat_p036105_page1_072_raw.jpg,pyrite,metallic_hard_negative,3,36105,DG-42cbbb7424aa,train,expert_fit
VTM-005053,raw_negative/metallic_hard_negative/pyrite/pyrite_mindat_p039345_page1_035_raw.jpg,pyrite,metallic_hard_negative,3,39345,DG-afdd2cebd5ad,train,expert_fit
VTM-005054,raw_negative/metallic_hard_negative/pyrite/pyrite_mindat_p039594_page4_013_raw.jpg,pyrite,metallic_hard_negative,3,39594,DG-bebe81210f06,train,expert_fit
VTM-005055,raw_negative/metallic_hard_negative/pyrite/pyrite_mindat_p039631_page4_012_raw.jpg,pyrite,metallic_hard_negative,3,39631,DG-9e10fc231ca0,train,expert_fit
VTM-005056,raw_negative/metallic_hard_negative/pyrite/pyrite_mindat_p040846_page4_011_raw.jpg,pyrite,metallic_hard_negative,3,40846,DG-93096a3f948d,train,expert_fit
VTM-005057,raw_negative/metallic_hard_negative/pyrite/pyrite_mindat_p040928_page4_007_raw.jpg,pyrite,metallic_hard_negative,3,40928,DG-99844870524b,val,expert_stop
VTM-005059,raw_negative/metallic_hard_negative/pyrite/pyrite_mindat_p045928_page5_026_raw.jpg,pyrite,metallic_hard_negative,3,45928,DG-58e451eb94e6,train,expert_fit
VTM-005060,raw_negative/metallic_hard_negative/pyrite/pyrite_mindat_p045961_page5_033_raw.jpg,pyrite,metallic_hard_negative,3,45961,DG-ef6144c5f019,train,expert_fit
VTM-005061,raw_negative/metallic_hard_negative/pyrite/pyrite_mindat_p045986_page5_023_raw.jpg,pyrite,metallic_hard_negative,3,45986,DG-5ea940153c87,train,expert_fit
VTM-005062,raw_negative/metallic_hard_negative/pyrite/pyrite_mindat_p046489_page1_032_raw.jpg,pyrite,metallic_hard_negative,3,46489,DG-3c5a676ef940,val,expert_stop
VTM-005064,raw_negative/metallic_hard_negative/pyrite/pyrite_mindat_p049253_page1_023_raw.jpg,pyrite,metallic_hard_negative,3,49253,DG-a27534501538,train,expert_fit
VTM-005065,raw_negative/metallic_hard_negative/pyrite/pyrite_mindat_p049354_page1_041_raw.jpg,pyrite,metallic_hard_negative,3,49354,DG-55b80ffd0a64,train,expert_fit
VTM-005067,raw_negative/metallic_hard_negative/pyrite/pyrite_mindat_p051561_page5_035_raw.jpg,pyrite,metallic_hard_negative,3,51561,DG-b4d0b6499ae1,val,expert_stop
VTM-005068,raw_negative/metallic_hard_negative/pyrite/pyrite_mindat_p051774_page5_021_raw.jpg,pyrite,metallic_hard_negative,3,51774,DG-bc5b1867624d,train,expert_fit
VTM-005069,raw_negative/metallic_hard_negative/pyrite/pyrite_mindat_p052211_page1_004_raw.jpg,pyrite,metallic_hard_negative,3,52211,DG-fa8b5bfd0ab3,train,expert_fit
VTM-005071,raw_negative/metallic_hard_negative/pyrite/pyrite_mindat_p057277_page1_055_raw.jpg,pyrite,metallic_hard_negative,3,57277,DG-a7caa392e17c,train,expert_fit
VTM-005074,raw_negative/metallic_hard_negative/pyrite/pyrite_mindat_p062713_page1_012_raw.jpg,pyrite,metallic_hard_negative,3,62713,DG-e676ba76f662,val,expert_stop
VTM-005075,raw_negative/metallic_hard_negative/pyrite/pyrite_mindat_p065073_page5_019_raw.jpg,pyrite,metallic_hard_negative,3,65073,DG-81dcb9b47254,train,expert_fit
VTM-005076,raw_negative/metallic_hard_negative/pyrite/pyrite_mindat_p066345_page1_066_raw.jpg,pyrite,metallic_hard_negative,3,66345,DG-281aee670108,train,expert_fit
VTM-005080,raw_negative/metallic_hard_negative/pyrite/pyrite_mindat_p069154_page1_005_raw.jpg,pyrite,metallic_hard_negative,3,69154,DG-2989287b2cbe,train,expert_fit
VTM-005081,raw_negative/metallic_hard_negative/pyrite/pyrite_mindat_p070328_page6_028_raw.jpg,pyrite,metallic_hard_negative,3,70328,DG-2cb1847dd588,train,expert_fit
VTM-005083,raw_negative/metallic_hard_negative/pyrite/pyrite_mindat_p070330_page6_022_raw.jpg,pyrite,metallic_hard_negative,3,70330,DG-999f78030c4b,train,expert_fit
VTM-005084,raw_negative/metallic_hard_negative/pyrite/pyrite_mindat_p072036_page6_024_raw.jpg,pyrite,metallic_hard_negative,3,72036,DG-6c407e904c0f,train,expert_fit
VTM-005085,raw_negative/metallic_hard_negative/pyrite/pyrite_mindat_p081644_page5_024_raw.jpg,pyrite,metallic_hard_negative,3,81644,DG-12fcd338d127,train,expert_fit
VTM-005087,raw_negative/metallic_hard_negative/pyrite/pyrite_mindat_p082723_page1_052_raw.jpg,pyrite,metallic_hard_negative,3,82723,DG-40b31d56e866,train,expert_fit
VTM-005088,raw_negative/metallic_hard_negative/pyrite/pyrite_mindat_p089831_page4_020_raw.jpg,pyrite,metallic_hard_negative,3,89831,DG-71831ec9281b,train,expert_fit
VTM-005089,raw_negative/metallic_hard_negative/pyrite/pyrite_mindat_p094543_page6_021_raw.jpg,pyrite,metallic_hard_negative,3,94543,DG-d8242605da4b,train,expert_fit
VTM-005090,raw_negative/metallic_hard_negative/pyrite/pyrite_mindat_p100017_page1_063_raw.jpg,pyrite,metallic_hard_negative,3,100017,DG-5e98aaec5277,train,expert_fit
VTM-005091,raw_negative/metallic_hard_negative/pyrite/pyrite_mindat_p100020_page1_014_raw.jpg,pyrite,metallic_hard_negative,3,100020,DG-870a4bdc65e1,train,expert_fit
VTM-005093,raw_negative/metallic_hard_negative/pyrite/pyrite_mindat_p100465_page1_047_raw.jpg,pyrite,metallic_hard_negative,3,100465,DG-6b1fb5251280,train,expert_fit
VTM-005095,raw_negative/metallic_hard_negative/pyrite/pyrite_mindat_p1060211_page3_021_raw.jpg,pyrite,metallic_hard_negative,3,1060211,DG-602bc3a6ae8e,train,expert_fit
VTM-005098,raw_negative/metallic_hard_negative/pyrite/pyrite_mindat_p1064910_page2_007_raw.jpg,pyrite,metallic_hard_negative,3,1064910,DG-501371f40309,train,expert_fit
VTM-005099,raw_negative/metallic_hard_negative/pyrite/pyrite_mindat_p1071309_page1_051_raw.jpg,pyrite,metallic_hard_negative,3,1071309,DG-7129d2615e7d,train,expert_fit
VTM-005100,raw_negative/metallic_hard_negative/pyrite/pyrite_mindat_p1099187_page5_012_raw.jpg,pyrite,metallic_hard_negative,3,1099187,DG-f9636ed410e6,train,expert_fit
VTM-005101,raw_negative/metallic_hard_negative/pyrite/pyrite_mindat_p1105242_page5_001_raw.jpg,pyrite,metallic_hard_negative,3,1105242,DG-90d1f8ac69ec,train,expert_fit
VTM-005102,raw_negative/metallic_hard_negative/pyrite/pyrite_mindat_p111786_page1_003_raw.jpg,pyrite,metallic_hard_negative,3,111786,DG-2b0ce78a18cf,val,expert_stop
VTM-005103,raw_negative/metallic_hard_negative/pyrite/pyrite_mindat_p1118667_page2_008_raw.jpg,pyrite,metallic_hard_negative,3,1118667,DG-ec13d88396e7,train,expert_fit
VTM-005104,raw_negative/metallic_hard_negative/pyrite/pyrite_mindat_p1129858_page5_014_raw.jpg,pyrite,metallic_hard_negative,3,1129858,DG-304532e046df,train,expert_fit
VTM-005105,raw_negative/metallic_hard_negative/pyrite/pyrite_mindat_p1129861_page5_005_raw.jpg,pyrite,metallic_hard_negative,3,1129861,DG-d953178c3ecc,train,expert_fit
VTM-005106,raw_negative/metallic_hard_negative/pyrite/pyrite_mindat_p1130457_page5_013_raw.jpg,pyrite,metallic_hard_negative,3,1130457,DG-edc03301ed52,val,expert_stop
VTM-005107,raw_negative/metallic_hard_negative/pyrite/pyrite_mindat_p113091_page1_062_raw.jpg,pyrite,metallic_hard_negative,3,113091,DG-61f5e77869ce,train,expert_fit
VTM-005108,raw_negative/metallic_hard_negative/pyrite/pyrite_mindat_p115050_page1_039_raw.jpg,pyrite,metallic_hard_negative,3,115050,DG-60845d11361a,train,expert_fit
VTM-005109,raw_negative/metallic_hard_negative/pyrite/pyrite_mindat_p115719_page1_025_raw.jpg,pyrite,metallic_hard_negative,3,115719,DG-a9fa486f4e05,train,expert_fit
VTM-005110,raw_negative/metallic_hard_negative/pyrite/pyrite_mindat_p115761_page1_046_raw.jpg,pyrite,metallic_hard_negative,3,115761,DG-86ac20a333a4,train,expert_fit
VTM-005111,raw_negative/metallic_hard_negative/pyrite/pyrite_mindat_p115782_page1_020_raw.jpg,pyrite,metallic_hard_negative,3,115782,DG-c9c7f1af00da,val,expert_stop
VTM-005112,raw_negative/metallic_hard_negative/pyrite/pyrite_mindat_p116176_page3_001_raw.jpg,pyrite,metallic_hard_negative,3,116176,DG-8b079de65f8a,train,expert_fit
VTM-005115,raw_negative/metallic_hard_negative/pyrite/pyrite_mindat_p117549_page4_019_raw.jpg,pyrite,metallic_hard_negative,3,117549,DG-c34d4792c592,train,expert_fit
VTM-005116,raw_negative/metallic_hard_negative/pyrite/pyrite_mindat_p118508_page1_013_raw.jpg,pyrite,metallic_hard_negative,3,118508,DG-bf8e5fdfdbbd,train,expert_fit
VTM-005123,raw_negative/metallic_hard_negative/pyrite/pyrite_mindat_p129680_page4_043_raw.jpg,pyrite,metallic_hard_negative,3,129680,DG-4b94ec7288ff,train,expert_fit
VTM-005125,raw_negative/metallic_hard_negative/pyrite/pyrite_mindat_p130014_page1_024_raw.jpg,pyrite,metallic_hard_negative,3,130014,DG-d0908f4d6dc2,train,expert_fit
VTM-005127,raw_negative/metallic_hard_negative/pyrite/pyrite_mindat_p135018_page1_037_raw.jpg,pyrite,metallic_hard_negative,3,135018,DG-71c080e081ea,train,expert_fit
VTM-005128,raw_negative/metallic_hard_negative/pyrite/pyrite_mindat_p1365006_page1_069_raw.jpg,pyrite,metallic_hard_negative,3,1365006,DG-4aa68311e4f9,train,expert_fit
VTM-005130,raw_negative/metallic_hard_negative/pyrite/pyrite_mindat_p140347_page4_048_raw.jpg,pyrite,metallic_hard_negative,3,140347,DG-834f56988167,train,expert_fit
VTM-005132,raw_negative/metallic_hard_negative/pyrite/pyrite_mindat_p141741_page6_033_raw.jpg,pyrite,metallic_hard_negative,3,141741,DG-db5c3921883f,val,expert_stop
VTM-005133,raw_negative/metallic_hard_negative/pyrite/pyrite_mindat_p141743_page6_034_raw.jpg,pyrite,metallic_hard_negative,3,141743,DG-efad1b632bec,train,expert_fit
VTM-005134,raw_negative/metallic_hard_negative/pyrite/pyrite_mindat_p141744_page6_012_raw.jpg,pyrite,metallic_hard_negative,3,141744,DG-323dc5689ea2,train,expert_fit
VTM-005136,raw_negative/metallic_hard_negative/pyrite/pyrite_mindat_p141751_page6_013_raw.jpg,pyrite,metallic_hard_negative,3,141751,DG-eab6e568fca2,val,expert_stop
VTM-005139,raw_negative/metallic_hard_negative/pyrite/pyrite_mindat_p142111_page6_004_raw.jpg,pyrite,metallic_hard_negative,3,142111,DG-015a32b12348,val,expert_stop
VTM-005140,raw_negative/metallic_hard_negative/pyrite/pyrite_mindat_p142116_page6_011_raw.jpg,pyrite,metallic_hard_negative,3,142116,DG-6f4d971971f8,train,expert_fit
VTM-005141,raw_negative/metallic_hard_negative/pyrite/pyrite_mindat_p142117_page6_008_raw.jpg,pyrite,metallic_hard_negative,3,142117,DG-8c934d87db0a,train,expert_fit
VTM-005144,raw_negative/metallic_hard_negative/pyrite/pyrite_mindat_p142159_page1_036_raw.jpg,pyrite,metallic_hard_negative,3,142159,DG-b447ded5a7f9,val,expert_stop
VTM-005145,raw_negative/metallic_hard_negative/pyrite/pyrite_mindat_p142160_page6_009_raw.jpg,pyrite,metallic_hard_negative,3,142160,DG-17eb62a05995,val,expert_stop
VTM-005148,raw_negative/metallic_hard_negative/pyrite/pyrite_mindat_p143453_page1_048_raw.jpg,pyrite,metallic_hard_negative,3,143453,DG-ccd0f38ea4fb,train,expert_fit
VTM-005150,raw_negative/metallic_hard_negative/pyrite/pyrite_mindat_p144471_page6_032_raw.jpg,pyrite,metallic_hard_negative,3,144471,DG-68b61c1855d0,train,expert_fit
VTM-005155,raw_negative/metallic_hard_negative/pyrite/pyrite_mindat_p1457247_page3_019_raw.jpg,pyrite,metallic_hard_negative,3,1457247,DG-1a35dfc5262e,train,expert_fit
VTM-005156,raw_negative/metallic_hard_negative/pyrite/pyrite_mindat_p1457250_page3_026_raw.jpg,pyrite,metallic_hard_negative,3,1457250,DG-584bc22b746e,train,expert_fit
VTM-005158,raw_negative/metallic_hard_negative/pyrite/pyrite_mindat_p1457413_page3_025_raw.jpg,pyrite,metallic_hard_negative,3,1457413,DG-57a469d30a7f,train,expert_fit
VTM-005160,raw_negative/metallic_hard_negative/pyrite/pyrite_mindat_p147817_page5_070_raw.jpg,pyrite,metallic_hard_negative,3,147817,DG-a853d9423f99,train,expert_fit
VTM-005164,raw_negative/metallic_hard_negative/pyrite/pyrite_mindat_p157049_page5_031_raw.jpg,pyrite,metallic_hard_negative,3,157049,DG-ed41685d2e0a,train,expert_fit
VTM-005165,raw_negative/metallic_hard_negative/pyrite/pyrite_mindat_p157091_page4_010_raw.jpg,pyrite,metallic_hard_negative,3,157091,DG-7e6024a3793f,train,expert_fit
VTM-005166,raw_negative/metallic_hard_negative/pyrite/pyrite_mindat_p158693_page5_032_raw.jpg,pyrite,metallic_hard_negative,3,158693,DG-ebd756f85140,train,expert_fit
VTM-005168,raw_negative/metallic_hard_negative/pyrite/pyrite_mindat_p160710_page1_075_raw.jpg,pyrite,metallic_hard_negative,3,160710,DG-0ef45beb4350,train,expert_fit
VTM-005171,raw_negative/metallic_hard_negative/pyrite/pyrite_mindat_p1614259_page3_028_raw.jpg,pyrite,metallic_hard_negative,3,1614259,DG-e887dd677c23,train,expert_fit
VTM-005172,raw_negative/metallic_hard_negative/pyrite/pyrite_mindat_p1614262_page3_029_raw.jpg,pyrite,metallic_hard_negative,3,1614262,DG-e25575bbef0a,train,expert_fit
VTM-005173,raw_negative/metallic_hard_negative/pyrite/pyrite_mindat_p161654_page5_051_raw.jpg,pyrite,metallic_hard_negative,3,161654,DG-026855434383,train,expert_fit
VTM-005174,raw_negative/metallic_hard_negative/pyrite/pyrite_mindat_p163237_page4_045_raw.jpg,pyrite,metallic_hard_negative,3,163237,DG-a499df07f08c,train,expert_fit
VTM-005175,raw_negative/metallic_hard_negative/pyrite/pyrite_mindat_p1648269_page4_041_raw.jpg,pyrite,metallic_hard_negative,3,1648269,DG-bd581c571442,train,expert_fit
VTM-005176,raw_negative/metallic_hard_negative/pyrite/pyrite_mindat_p168189_page1_034_raw.jpg,pyrite,metallic_hard_negative,3,168189,DG-beacb2779402,train,expert_fit
VTM-005178,raw_negative/metallic_hard_negative/pyrite/pyrite_mindat_p171185_page5_029_raw.jpg,pyrite,metallic_hard_negative,3,171185,DG-2d82b0c36628,val,expert_stop
VTM-005179,raw_negative/metallic_hard_negative/pyrite/pyrite_mindat_p171340_page4_017_raw.jpg,pyrite,metallic_hard_negative,3,171340,DG-22318c3695fc,train,expert_fit
VTM-005181,raw_negative/metallic_hard_negative/pyrite/pyrite_mindat_p182135_page1_050_raw.jpg,pyrite,metallic_hard_negative,3,182135,DG-8efcc62c64fd,train,expert_fit
VTM-005182,raw_negative/metallic_hard_negative/pyrite/pyrite_mindat_p185421_page1_059_raw.jpg,pyrite,metallic_hard_negative,3,185421,DG-b51949e7b2e2,val,expert_stop
VTM-005183,raw_negative/metallic_hard_negative/pyrite/pyrite_mindat_p186707_page5_048_raw.jpg,pyrite,metallic_hard_negative,3,186707,DG-a58f2e3e9368,train,expert_fit
VTM-005184,raw_negative/metallic_hard_negative/pyrite/pyrite_mindat_p188631_page1_053_raw.jpg,pyrite,metallic_hard_negative,3,188631,DG-20dc4e724938,val,expert_stop
VTM-005186,raw_negative/metallic_hard_negative/pyrite/pyrite_mindat_p191881_page5_044_raw.jpg,pyrite,metallic_hard_negative,3,191881,DG-133501d926ee,train,expert_fit
VTM-005187,raw_negative/metallic_hard_negative/pyrite/pyrite_mindat_p200432_page1_040_raw.jpg,pyrite,metallic_hard_negative,3,200432,DG-7514e9a5b38f,train,expert_fit
VTM-005188,raw_negative/metallic_hard_negative/pyrite/pyrite_mindat_p200876_page1_070_raw.jpg,pyrite,metallic_hard_negative,3,200876,DG-802cc7ed647a,train,expert_fit
VTM-005189,raw_negative/metallic_hard_negative/pyrite/pyrite_mindat_p201906_page5_040_raw.jpg,pyrite,metallic_hard_negative,3,201906,DG-7d07d7ad37f5,val,expert_stop
VTM-005190,raw_negative/metallic_hard_negative/pyrite/pyrite_mindat_p202214_page5_036_raw.jpg,pyrite,metallic_hard_negative,3,202214,DG-002d42194900,train,expert_fit
VTM-005192,raw_negative/metallic_hard_negative/pyrite/pyrite_mindat_p205514_page6_023_raw.jpg,pyrite,metallic_hard_negative,3,205514,DG-368e9820e2a8,train,expert_fit
VTM-005193,raw_negative/metallic_hard_negative/pyrite/pyrite_mindat_p210627_page5_017_raw.jpg,pyrite,metallic_hard_negative,3,210627,DG-d2ed5d9bd90f,train,expert_fit
VTM-005194,raw_negative/metallic_hard_negative/pyrite/pyrite_mindat_p210635_page5_056_raw.jpg,pyrite,metallic_hard_negative,3,210635,DG-fd4dfd469cf8,train,expert_fit
VTM-005196,raw_negative/metallic_hard_negative/pyrite/pyrite_mindat_p213985_page4_031_raw.jpg,pyrite,metallic_hard_negative,3,213985,DG-fc0168e73622,train,expert_fit
VTM-005197,raw_negative/metallic_hard_negative/pyrite/pyrite_mindat_p215325_page4_046_raw.jpg,pyrite,metallic_hard_negative,3,215325,DG-25c76a26571d,train,expert_fit
VTM-005198,raw_negative/metallic_hard_negative/pyrite/pyrite_mindat_p215591_page4_055_raw.jpg,pyrite,metallic_hard_negative,3,215591,DG-3633fe244d35,train,expert_fit
VTM-005201,raw_negative/metallic_hard_negative/pyrite/pyrite_mindat_p234304_page4_026_raw.jpg,pyrite,metallic_hard_negative,3,234304,DG-9012561f665c,train,expert_fit
VTM-005202,raw_negative/metallic_hard_negative/pyrite/pyrite_mindat_p240273_page4_035_raw.jpg,pyrite,metallic_hard_negative,3,240273,DG-017a1586ac26,val,expert_stop
VTM-005203,raw_negative/metallic_hard_negative/pyrite/pyrite_mindat_p240274_page4_058_raw.jpg,pyrite,metallic_hard_negative,3,240274,DG-313a67c087f3,train,expert_fit
VTM-005204,raw_negative/metallic_hard_negative/pyrite/pyrite_mindat_p242784_page1_007_raw.jpg,pyrite,metallic_hard_negative,3,242784,DG-60a1f0bfa07d,train,expert_fit
VTM-005205,raw_negative/metallic_hard_negative/pyrite/pyrite_mindat_p244131_page5_066_raw.jpg,pyrite,metallic_hard_negative,3,244131,DG-80b6cf13e55b,train,expert_fit
VTM-005207,raw_negative/metallic_hard_negative/pyrite/pyrite_mindat_p244544_page5_057_raw.jpg,pyrite,metallic_hard_negative,3,244544,DG-6017bfeda9e7,val,expert_stop
VTM-005208,raw_negative/metallic_hard_negative/pyrite/pyrite_mindat_p244910_page4_042_raw.jpg,pyrite,metallic_hard_negative,3,244910,DG-eb13f7efb6ef,train,expert_fit
VTM-005209,raw_negative/metallic_hard_negative/pyrite/pyrite_mindat_p248235_page5_038_raw.jpg,pyrite,metallic_hard_negative,3,248235,DG-4f00dd9faceb,train,expert_fit
VTM-005210,raw_negative/metallic_hard_negative/pyrite/pyrite_mindat_p251463_page4_028_raw.jpg,pyrite,metallic_hard_negative,3,251463,DG-6042ca49a613,train,expert_fit
VTM-005211,raw_negative/metallic_hard_negative/pyrite/pyrite_mindat_p251464_page4_075_raw.jpg,pyrite,metallic_hard_negative,3,251464,DG-1387f1c5cef6,val,expert_stop
VTM-005214,raw_negative/metallic_hard_negative/pyrite/pyrite_mindat_p260997_page4_025_raw.jpg,pyrite,metallic_hard_negative,3,260997,DG-dadf133cc975,train,expert_fit
VTM-005218,raw_negative/metallic_hard_negative/pyrite/pyrite_mindat_p266031_page5_003_raw.jpg,pyrite,metallic_hard_negative,3,266031,DG-0e7b04e1f7bd,train,expert_fit
VTM-005220,raw_negative/metallic_hard_negative/pyrite/pyrite_mindat_p266888_page4_069_raw.jpg,pyrite,metallic_hard_negative,3,266888,DG-5a2b081e0b1e,train,expert_fit
VTM-005225,raw_negative/metallic_hard_negative/pyrite/pyrite_mindat_p278184_page4_052_raw.jpg,pyrite,metallic_hard_negative,3,278184,DG-0e72aad99a8d,train,expert_fit
VTM-005227,raw_negative/metallic_hard_negative/pyrite/pyrite_mindat_p286776_page5_008_raw.jpg,pyrite,metallic_hard_negative,3,286776,DG-8998dcab4285,train,expert_fit
VTM-005229,raw_negative/metallic_hard_negative/pyrite/pyrite_mindat_p304818_page4_023_raw.jpg,pyrite,metallic_hard_negative,3,304818,DG-97123b8e5595,train,expert_fit
VTM-005231,raw_negative/metallic_hard_negative/pyrite/pyrite_mindat_p305628_page1_018_raw.jpg,pyrite,metallic_hard_negative,3,305628,DG-67b3b274b33d,train,expert_fit
VTM-005232,raw_negative/metallic_hard_negative/pyrite/pyrite_mindat_p318833_page5_069_raw.jpg,pyrite,metallic_hard_negative,3,318833,DG-dca0bf0df100,train,expert_fit
VTM-005233,raw_negative/metallic_hard_negative/pyrite/pyrite_mindat_p324775_page4_029_raw.jpg,pyrite,metallic_hard_negative,3,324775,DG-3f49b5293f42,train,expert_fit
VTM-005234,raw_negative/metallic_hard_negative/pyrite/pyrite_mindat_p328136_page5_071_raw.jpg,pyrite,metallic_hard_negative,3,328136,DG-d3b9b5d7fd7d,val,expert_stop
VTM-005236,raw_negative/metallic_hard_negative/pyrite/pyrite_mindat_p330000_page4_024_raw.jpg,pyrite,metallic_hard_negative,3,330000,DG-883a6f7cec3f,train,expert_fit
VTM-005237,raw_negative/metallic_hard_negative/pyrite/pyrite_mindat_p330001_page4_071_raw.jpg,pyrite,metallic_hard_negative,3,330001,DG-1ca72868977d,train,expert_fit
VTM-005240,raw_negative/metallic_hard_negative/pyrite/pyrite_mindat_p331663_page4_034_raw.jpg,pyrite,metallic_hard_negative,3,331663,DG-ccd77170ce69,train,expert_fit
VTM-005241,raw_negative/metallic_hard_negative/pyrite/pyrite_mindat_p332029_page4_037_raw.jpg,pyrite,metallic_hard_negative,3,332029,DG-bb537794a606,val,expert_stop
VTM-005245,raw_negative/metallic_hard_negative/pyrite/pyrite_mindat_p368315_page5_074_raw.jpg,pyrite,metallic_hard_negative,3,368315,DG-dcb832ddbd03,val,expert_stop
VTM-005246,raw_negative/metallic_hard_negative/pyrite/pyrite_mindat_p375134_page5_064_raw.jpg,pyrite,metallic_hard_negative,3,375134,DG-6cf1f58edb8e,train,expert_fit
VTM-005249,raw_negative/metallic_hard_negative/pyrite/pyrite_mindat_p381445_page5_075_raw.jpg,pyrite,metallic_hard_negative,3,381445,DG-58bedd854c09,train,expert_fit
VTM-005250,raw_negative/metallic_hard_negative/pyrite/pyrite_mindat_p386772_page5_063_raw.jpg,pyrite,metallic_hard_negative,3,386772,DG-362b1416f911,train,expert_fit
VTM-005252,raw_negative/metallic_hard_negative/pyrite/pyrite_mindat_p388836_page5_062_raw.jpg,pyrite,metallic_hard_negative,3,388836,DG-8e5b019a26ed,train,expert_fit
VTM-005254,raw_negative/metallic_hard_negative/pyrite/pyrite_mindat_p392714_page5_034_raw.jpg,pyrite,metallic_hard_negative,3,392714,DG-b366a9bbbfdc,val,expert_stop
VTM-005257,raw_negative/metallic_hard_negative/pyrite/pyrite_mindat_p412347_page5_067_raw.jpg,pyrite,metallic_hard_negative,3,412347,DG-94f7f62e4a46,train,expert_fit
VTM-005258,raw_negative/metallic_hard_negative/pyrite/pyrite_mindat_p416745_page4_047_raw.jpg,pyrite,metallic_hard_negative,3,416745,DG-a9d7119f0434,train,expert_fit
VTM-005259,raw_negative/metallic_hard_negative/pyrite/pyrite_mindat_p426251_page4_016_raw.jpg,pyrite,metallic_hard_negative,3,426251,DG-8458eda46a17,train,expert_fit
VTM-005260,raw_negative/metallic_hard_negative/pyrite/pyrite_mindat_p429056_page5_046_raw.jpg,pyrite,metallic_hard_negative,3,429056,DG-cf2b5b853f60,train,expert_fit
VTM-005261,raw_negative/metallic_hard_negative/pyrite/pyrite_mindat_p438052_page4_051_raw.jpg,pyrite,metallic_hard_negative,3,438052,DG-d67d0916e5ca,train,expert_fit
VTM-005263,raw_negative/metallic_hard_negative/pyrite/pyrite_mindat_p442397_page5_042_raw.jpg,pyrite,metallic_hard_negative,3,442397,DG-3081169c4d16,val,expert_stop
VTM-005264,raw_negative/metallic_hard_negative/pyrite/pyrite_mindat_p442896_page5_020_raw.jpg,pyrite,metallic_hard_negative,3,442896,DG-5202f1902f5f,train,expert_fit
VTM-005266,raw_negative/metallic_hard_negative/pyrite/pyrite_mindat_p454083_page4_053_raw.jpg,pyrite,metallic_hard_negative,3,454083,DG-7b433d040acf,train,expert_fit
VTM-005268,raw_negative/metallic_hard_negative/pyrite/pyrite_mindat_p467977_page3_004_raw.jpg,pyrite,metallic_hard_negative,3,467977,DG-4da10a842c0c,train,expert_fit
VTM-005269,raw_negative/metallic_hard_negative/pyrite/pyrite_mindat_p469429_page3_030_raw.jpg,pyrite,metallic_hard_negative,3,469429,DG-a1bd84c12e14,train,expert_fit
VTM-005273,raw_negative/metallic_hard_negative/pyrite/pyrite_mindat_p472841_page3_013_raw.jpg,pyrite,metallic_hard_negative,3,472841,DG-dc691654c9e4,train,expert_fit
VTM-005275,raw_negative/metallic_hard_negative/pyrite/pyrite_mindat_p472843_page3_005_raw.jpg,pyrite,metallic_hard_negative,3,472843,DG-3a4e65c23c9a,train,expert_fit
VTM-005278,raw_negative/metallic_hard_negative/pyrite/pyrite_mindat_p477602_page3_003_raw.jpg,pyrite,metallic_hard_negative,3,477602,DG-97483df71079,train,expert_fit
VTM-005279,raw_negative/metallic_hard_negative/pyrite/pyrite_mindat_p477603_page3_012_raw.jpg,pyrite,metallic_hard_negative,3,477603,DG-5efc7d4471ce,train,expert_fit
VTM-005280,raw_negative/metallic_hard_negative/pyrite/pyrite_mindat_p482281_page4_072_raw.jpg,pyrite,metallic_hard_negative,3,482281,DG-b24ae1531823,train,expert_fit
VTM-005281,raw_negative/metallic_hard_negative/pyrite/pyrite_mindat_p483130_page4_038_raw.jpg,pyrite,metallic_hard_negative,3,483130,DG-31cf2bbd23f5,train,expert_fit
VTM-005282,raw_negative/metallic_hard_negative/pyrite/pyrite_mindat_p483137_page4_049_raw.jpg,pyrite,metallic_hard_negative,3,483137,DG-2dd8ac8470e7,train,expert_fit
VTM-005283,raw_negative/metallic_hard_negative/pyrite/pyrite_mindat_p486979_page3_008_raw.jpg,pyrite,metallic_hard_negative,3,486979,DG-a457079ebc89,train,expert_fit
VTM-005284,raw_negative/metallic_hard_negative/pyrite/pyrite_mindat_p487810_page4_057_raw.jpg,pyrite,metallic_hard_negative,3,487810,DG-1b585a59ad79,val,expert_stop
VTM-005287,raw_negative/metallic_hard_negative/pyrite/pyrite_mindat_p494686_page2_005_raw.jpg,pyrite,metallic_hard_negative,3,494686,DG-821438e5afc8,val,expert_stop
VTM-005289,raw_negative/metallic_hard_negative/pyrite/pyrite_mindat_p494688_page2_001_raw.jpg,pyrite,metallic_hard_negative,3,494688,DG-2f8b0ab0f8ac,val,expert_stop
VTM-005290,raw_negative/metallic_hard_negative/pyrite/pyrite_mindat_p494689_page2_004_raw.jpg,pyrite,metallic_hard_negative,3,494689,DG-962f722c81b1,train,expert_fit
VTM-005295,raw_negative/metallic_hard_negative/pyrite/pyrite_mindat_p519189_page6_040_raw.jpg,pyrite,metallic_hard_negative,3,519189,DG-bca3e60a6645,train,expert_fit
VTM-005296,raw_negative/metallic_hard_negative/pyrite/pyrite_mindat_p527053_page6_036_raw.jpg,pyrite,metallic_hard_negative,3,527053,DG-62f666f1f7d4,train,expert_fit
VTM-005297,raw_negative/metallic_hard_negative/pyrite/pyrite_mindat_p543004_page3_014_raw.jpg,pyrite,metallic_hard_negative,3,543004,DG-fdedff800ed0,train,expert_fit
VTM-005299,raw_negative/metallic_hard_negative/pyrite/pyrite_mindat_p544960_page3_015_raw.jpg,pyrite,metallic_hard_negative,3,544960,DG-a2326fc94eee,train,expert_fit
VTM-005304,raw_negative/metallic_hard_negative/pyrite/pyrite_mindat_p548076_page3_035_raw.jpg,pyrite,metallic_hard_negative,3,548076,DG-3f3ea9638ade,val,expert_stop
VTM-005306,raw_negative/metallic_hard_negative/pyrite/pyrite_mindat_p548078_page3_033_raw.jpg,pyrite,metallic_hard_negative,3,548078,DG-2c35bfb41b6e,train,expert_fit
VTM-005307,raw_negative/metallic_hard_negative/pyrite/pyrite_mindat_p555994_page4_054_raw.jpg,pyrite,metallic_hard_negative,3,555994,DG-c6319307afd8,train,expert_fit
VTM-005308,raw_negative/metallic_hard_negative/pyrite/pyrite_mindat_p555996_page4_060_raw.jpg,pyrite,metallic_hard_negative,3,555996,DG-eeb85cb57c3a,train,expert_fit
VTM-005311,raw_negative/metallic_hard_negative/pyrite/pyrite_mindat_p563079_page3_007_raw.jpg,pyrite,metallic_hard_negative,3,563079,DG-f5b4026c0acd,train,expert_fit
VTM-005312,raw_negative/metallic_hard_negative/pyrite/pyrite_mindat_p563080_page3_011_raw.jpg,pyrite,metallic_hard_negative,3,563080,DG-1a4eaf3c5bfa,train,expert_fit
VTM-005313,raw_negative/metallic_hard_negative/pyrite/pyrite_mindat_p565424_page5_061_raw.jpg,pyrite,metallic_hard_negative,3,565424,DG-fbcedaa21a95,train,expert_fit
VTM-005314,raw_negative/metallic_hard_negative/pyrite/pyrite_mindat_p599410_page4_063_raw.jpg,pyrite,metallic_hard_negative,3,599410,DG-0d47cae31fd5,train,expert_fit
VTM-005316,raw_negative/metallic_hard_negative/pyrite/pyrite_mindat_p637791_page4_068_raw.jpg,pyrite,metallic_hard_negative,3,637791,DG-e1b5945c7f70,train,expert_fit
VTM-005319,raw_negative/metallic_hard_negative/pyrite/pyrite_mindat_p642605_page1_074_raw.jpg,pyrite,metallic_hard_negative,3,642605,DG-5e7536848ebf,val,expert_stop
VTM-005320,raw_negative/metallic_hard_negative/pyrite/pyrite_mindat_p647554_page4_073_raw.jpg,pyrite,metallic_hard_negative,3,647554,DG-137922b7ad51,train,expert_fit
VTM-005321,raw_negative/metallic_hard_negative/pyrite/pyrite_mindat_p706064_page5_045_raw.jpg,pyrite,metallic_hard_negative,3,706064,DG-90fc1041b1a1,train,expert_fit
VTM-005322,raw_negative/metallic_hard_negative/pyrite/pyrite_mindat_p718979_page4_065_raw.jpg,pyrite,metallic_hard_negative,3,718979,DG-0c3de4f93a38,train,expert_fit
VTM-005323,raw_negative/metallic_hard_negative/pyrite/pyrite_mindat_p794267_page6_007_raw.jpg,pyrite,metallic_hard_negative,3,794267,DG-624ea6fd1a89,val,expert_stop
VTM-005325,raw_negative/metallic_hard_negative/pyrite/pyrite_mindat_p998441_page5_028_raw.jpg,pyrite,metallic_hard_negative,3,998441,DG-12007c5eab6a,train,expert_fit
VTM-005326,raw_negative/ti_bearing_negative/anatase/anatase_mindat_p001568_019_raw.jpg,anatase,ti_bearing_negative,1,1568,DG-e910e3f49fea,train,expert_fit
VTM-005327,raw_negative/ti_bearing_negative/anatase/anatase_mindat_p001659_137_raw.jpg,anatase,ti_bearing_negative,1,1659,DG-4d242c0811d4,train,expert_fit
VTM-005328,raw_negative/ti_bearing_negative/anatase/anatase_mindat_p001691_133_raw.jpg,anatase,ti_bearing_negative,1,1691,DG-5fad50ff3fdf,train,expert_fit
VTM-005329,raw_negative/ti_bearing_negative/anatase/anatase_mindat_p002402_184_raw.jpg,anatase,ti_bearing_negative,1,2402,DG-5a520fb139ad,train,expert_fit
VTM-005330,raw_negative/ti_bearing_negative/anatase/anatase_mindat_p002613_138_raw.jpg,anatase,ti_bearing_negative,1,2613,DG-f6d3862025a9,train,expert_fit
VTM-005331,raw_negative/ti_bearing_negative/anatase/anatase_mindat_p002810_055_raw.jpg,anatase,ti_bearing_negative,1,2810,DG-5f284b9ab285,train,expert_fit
VTM-005332,raw_negative/ti_bearing_negative/anatase/anatase_mindat_p003267_052_raw.jpg,anatase,ti_bearing_negative,1,3267,DG-09cce3d50332,train,expert_fit
VTM-005333,raw_negative/ti_bearing_negative/anatase/anatase_mindat_p003360_187_raw.jpg,anatase,ti_bearing_negative,1,3360,DG-0074b2b9fa22,train,expert_fit
VTM-005335,raw_negative/ti_bearing_negative/anatase/anatase_mindat_p003407_049_raw.jpg,anatase,ti_bearing_negative,1,3407,DG-90c2e4fb3f94,train,expert_fit
VTM-005336,raw_negative/ti_bearing_negative/anatase/anatase_mindat_p003660_145_raw.jpg,anatase,ti_bearing_negative,1,3660,DG-3149ee858b1d,val,expert_stop
VTM-005337,raw_negative/ti_bearing_negative/anatase/anatase_mindat_p003661_119_raw.jpg,anatase,ti_bearing_negative,1,3661,DG-538a015de369,train,expert_fit
VTM-005340,raw_negative/ti_bearing_negative/anatase/anatase_mindat_p005309_193_raw.jpg,anatase,ti_bearing_negative,1,5309,DG-08fc7ca0ee43,train,expert_fit
VTM-005344,raw_negative/ti_bearing_negative/anatase/anatase_mindat_p006209_140_raw.jpg,anatase,ti_bearing_negative,1,6209,DG-2d1b9a2cf135,train,expert_fit
VTM-005345,raw_negative/ti_bearing_negative/anatase/anatase_mindat_p006678_238_raw.jpg,anatase,ti_bearing_negative,1,6678,DG-45550072e00d,train,expert_fit
VTM-005346,raw_negative/ti_bearing_negative/anatase/anatase_mindat_p006866_053_raw.jpg,anatase,ti_bearing_negative,1,6866,DG-a212476f0e24,val,expert_stop
VTM-005348,raw_negative/ti_bearing_negative/anatase/anatase_mindat_p008688_192_raw.jpg,anatase,ti_bearing_negative,1,8688,DG-54814a79b7f5,train,expert_fit
VTM-005349,raw_negative/ti_bearing_negative/anatase/anatase_mindat_p009903_194_raw.jpg,anatase,ti_bearing_negative,1,9903,DG-8fb50dfebaa4,train,expert_fit
VTM-005353,raw_negative/ti_bearing_negative/anatase/anatase_mindat_p010400_103_raw.jpg,anatase,ti_bearing_negative,1,10400,DG-2db85a438cbc,train,expert_fit
VTM-005361,raw_negative/ti_bearing_negative/anatase/anatase_mindat_p011131_189_raw.jpg,anatase,ti_bearing_negative,1,11131,DG-b149ba2cb086,val,expert_stop
VTM-005363,raw_negative/ti_bearing_negative/anatase/anatase_mindat_p011311_207_raw.jpg,anatase,ti_bearing_negative,1,11311,DG-1bc610756d5b,train,expert_fit
VTM-005365,raw_negative/ti_bearing_negative/anatase/anatase_mindat_p011452_222_raw.jpg,anatase,ti_bearing_negative,1,11452,DG-a1437ff40cf2,train,expert_fit
VTM-005366,raw_negative/ti_bearing_negative/anatase/anatase_mindat_p011813_200_raw.jpg,anatase,ti_bearing_negative,1,11813,DG-0d1b42e940ea,train,expert_fit
VTM-005367,raw_negative/ti_bearing_negative/anatase/anatase_mindat_p012157_014_raw.jpg,anatase,ti_bearing_negative,1,12157,DG-e545f2f4609b,train,expert_fit
VTM-005370,raw_negative/ti_bearing_negative/anatase/anatase_mindat_p012205_172_raw.jpg,anatase,ti_bearing_negative,1,12205,DG-8ca26c2d7ebb,train,expert_fit
VTM-005372,raw_negative/ti_bearing_negative/anatase/anatase_mindat_p012239_015_raw.jpg,anatase,ti_bearing_negative,1,12239,DG-b8c2d02d8565,train,expert_fit
VTM-005376,raw_negative/ti_bearing_negative/anatase/anatase_mindat_p014420_172_raw.jpg,anatase,ti_bearing_negative,1,14420,DG-30625b154404,train,expert_fit
VTM-005378,raw_negative/ti_bearing_negative/anatase/anatase_mindat_p014951_247_raw.jpg,anatase,ti_bearing_negative,1,14951,DG-5b021d05121c,val,expert_stop
VTM-005380,raw_negative/ti_bearing_negative/anatase/anatase_mindat_p015097_218_raw.jpg,anatase,ti_bearing_negative,1,15097,DG-f29079b5613c,val,expert_stop
VTM-005382,raw_negative/ti_bearing_negative/anatase/anatase_mindat_p015417_206_raw.jpg,anatase,ti_bearing_negative,1,15417,DG-91111bcc26c9,train,expert_fit
VTM-005383,raw_negative/ti_bearing_negative/anatase/anatase_mindat_p015634_245_raw.jpg,anatase,ti_bearing_negative,1,15634,DG-647629dbee07,train,expert_fit
VTM-005384,raw_negative/ti_bearing_negative/anatase/anatase_mindat_p016221_241_raw.jpg,anatase,ti_bearing_negative,1,16221,DG-eb6976b77e2d,train,expert_fit
VTM-005385,raw_negative/ti_bearing_negative/anatase/anatase_mindat_p016325_094_raw.jpg,anatase,ti_bearing_negative,1,16325,DG-2131992c4dec,val,expert_stop
VTM-005386,raw_negative/ti_bearing_negative/anatase/anatase_mindat_p016825_009_raw.jpg,anatase,ti_bearing_negative,1,16825,DG-9e3198cf05b8,val,expert_stop
VTM-005387,raw_negative/ti_bearing_negative/anatase/anatase_mindat_p017845_213_raw.jpg,anatase,ti_bearing_negative,1,17845,DG-80f391e1da4e,train,expert_fit
VTM-005388,raw_negative/ti_bearing_negative/anatase/anatase_mindat_p020513_055_raw.jpg,anatase,ti_bearing_negative,1,20513,DG-8ef512a9a491,train,expert_fit
VTM-005390,raw_negative/ti_bearing_negative/anatase/anatase_mindat_p021760_217_raw.jpg,anatase,ti_bearing_negative,1,21760,DG-91ddb121536e,train,expert_fit
VTM-005393,raw_negative/ti_bearing_negative/anatase/anatase_mindat_p023109_069_raw.jpg,anatase,ti_bearing_negative,1,23109,DG-53d538d2f02f,train,expert_fit
VTM-005394,raw_negative/ti_bearing_negative/anatase/anatase_mindat_p023514_235_raw.jpg,anatase,ti_bearing_negative,1,23514,DG-213eff94626c,val,expert_stop
VTM-005395,raw_negative/ti_bearing_negative/anatase/anatase_mindat_p025001_141_raw.jpg,anatase,ti_bearing_negative,1,25001,DG-eebed15869ea,train,expert_fit
VTM-005397,raw_negative/ti_bearing_negative/anatase/anatase_mindat_p025320_201_raw.jpg,anatase,ti_bearing_negative,1,25320,DG-d433d69a75eb,train,expert_fit
VTM-005398,raw_negative/ti_bearing_negative/anatase/anatase_mindat_p026186_195_raw.jpg,anatase,ti_bearing_negative,1,26186,DG-15429501b83e,train,expert_fit
VTM-005400,raw_negative/ti_bearing_negative/anatase/anatase_mindat_p026561_208_raw.jpg,anatase,ti_bearing_negative,1,26561,DG-d809e2f5870c,train,expert_fit
VTM-005401,raw_negative/ti_bearing_negative/anatase/anatase_mindat_p026562_214_raw.jpg,anatase,ti_bearing_negative,1,26562,DG-a38782d1a9f8,train,expert_fit
VTM-005404,raw_negative/ti_bearing_negative/anatase/anatase_mindat_p026565_219_raw.jpg,anatase,ti_bearing_negative,1,26565,DG-b9c06f4c6d67,train,expert_fit
VTM-005406,raw_negative/ti_bearing_negative/anatase/anatase_mindat_p026857_227_raw.jpg,anatase,ti_bearing_negative,1,26857,DG-dae8ad2f36ee,val,expert_stop
VTM-005407,raw_negative/ti_bearing_negative/anatase/anatase_mindat_p026859_229_raw.jpg,anatase,ti_bearing_negative,1,26859,DG-20b3976bd8e5,train,expert_fit
VTM-005408,raw_negative/ti_bearing_negative/anatase/anatase_mindat_p026861_228_raw.jpg,anatase,ti_bearing_negative,1,26861,DG-cb08d8ff5d8d,train,expert_fit
VTM-005409,raw_negative/ti_bearing_negative/anatase/anatase_mindat_p027274_007_raw.jpg,anatase,ti_bearing_negative,1,27274,DG-8bad2ba4fe15,train,expert_fit
VTM-005410,raw_negative/ti_bearing_negative/anatase/anatase_mindat_p028819_133_raw.jpg,anatase,ti_bearing_negative,1,28819,DG-8dee24d5e103,train,expert_fit
VTM-005413,raw_negative/ti_bearing_negative/anatase/anatase_mindat_p029452_007_raw.jpg,anatase,ti_bearing_negative,1,29452,DG-b7ba5434e7cc,train,expert_fit
VTM-005414,raw_negative/ti_bearing_negative/anatase/anatase_mindat_p029874_002_raw.jpg,anatase,ti_bearing_negative,1,29874,DG-d053a42b81b9,train,expert_fit
VTM-005415,raw_negative/ti_bearing_negative/anatase/anatase_mindat_p029876_006_raw.jpg,anatase,ti_bearing_negative,1,29876,DG-f9be190cdda3,val,expert_stop
VTM-005416,raw_negative/ti_bearing_negative/anatase/anatase_mindat_p030229_001_raw.jpg,anatase,ti_bearing_negative,1,30229,DG-485fcedd2e0e,train,expert_fit
VTM-005417,raw_negative/ti_bearing_negative/anatase/anatase_mindat_p030876_220_raw.jpg,anatase,ti_bearing_negative,1,30876,DG-c259932f598d,val,expert_stop
VTM-005418,raw_negative/ti_bearing_negative/anatase/anatase_mindat_p031238_010_raw.jpg,anatase,ti_bearing_negative,1,31238,DG-08e9f2c1dfba,val,expert_stop
VTM-005419,raw_negative/ti_bearing_negative/anatase/anatase_mindat_p031239_011_raw.jpg,anatase,ti_bearing_negative,1,31239,DG-c946b46376e0,train,expert_fit
VTM-005421,raw_negative/ti_bearing_negative/anatase/anatase_mindat_p031841_134_raw.jpg,anatase,ti_bearing_negative,1,31841,DG-0d28d8e0f7ee,train,expert_fit
VTM-005423,raw_negative/ti_bearing_negative/anatase/anatase_mindat_p032857_007_raw.jpg,anatase,ti_bearing_negative,1,32857,DG-4c7d5ac23365,train,expert_fit
VTM-005424,raw_negative/ti_bearing_negative/anatase/anatase_mindat_p033293_237_raw.jpg,anatase,ti_bearing_negative,1,33293,DG-aa409bc28e9b,train,expert_fit
VTM-005425,raw_negative/ti_bearing_negative/anatase/anatase_mindat_p033294_242_raw.jpg,anatase,ti_bearing_negative,1,33294,DG-853f462d934c,train,expert_fit
VTM-005426,raw_negative/ti_bearing_negative/anatase/anatase_mindat_p033296_240_raw.jpg,anatase,ti_bearing_negative,1,33296,DG-ee8f9ef44b62,train,expert_fit
VTM-005427,raw_negative/ti_bearing_negative/anatase/anatase_mindat_p033460_250_raw.jpg,anatase,ti_bearing_negative,1,33460,DG-591af32d9416,train,expert_fit
VTM-005428,raw_negative/ti_bearing_negative/anatase/anatase_mindat_p033958_016_raw.jpg,anatase,ti_bearing_negative,1,33958,DG-7ca04967fc70,train,expert_fit
VTM-005431,raw_negative/ti_bearing_negative/anatase/anatase_mindat_p035157_143_raw.jpg,anatase,ti_bearing_negative,1,35157,DG-9427a3d91985,train,expert_fit
VTM-005432,raw_negative/ti_bearing_negative/anatase/anatase_mindat_p035175_043_raw.jpg,anatase,ti_bearing_negative,1,35175,DG-39e25b010dc6,train,expert_fit
VTM-005433,raw_negative/ti_bearing_negative/anatase/anatase_mindat_p035406_141_raw.jpg,anatase,ti_bearing_negative,1,35406,DG-45f7b30a13f5,val,expert_stop
VTM-005436,raw_negative/ti_bearing_negative/anatase/anatase_mindat_p035481_183_raw.jpg,anatase,ti_bearing_negative,1,35481,DG-550766d37167,train,expert_fit
VTM-005440,raw_negative/ti_bearing_negative/anatase/anatase_mindat_p036025_205_raw.jpg,anatase,ti_bearing_negative,1,36025,DG-7247ba60c957,train,expert_fit
VTM-005441,raw_negative/ti_bearing_negative/anatase/anatase_mindat_p036026_189_raw.jpg,anatase,ti_bearing_negative,1,36026,DG-bd7b0b4b4801,train,expert_fit
VTM-005442,raw_negative/ti_bearing_negative/anatase/anatase_mindat_p036096_206_raw.jpg,anatase,ti_bearing_negative,1,36096,DG-f69862dc0fd6,train,expert_fit
VTM-005445,raw_negative/ti_bearing_negative/anatase/anatase_mindat_p036517_060_raw.jpg,anatase,ti_bearing_negative,1,36517,DG-b43ea7f3a313,val,expert_stop
VTM-005446,raw_negative/ti_bearing_negative/anatase/anatase_mindat_p036602_193_raw.jpg,anatase,ti_bearing_negative,1,36602,DG-2d5bc65f8efc,train,expert_fit
VTM-005447,raw_negative/ti_bearing_negative/anatase/anatase_mindat_p037811_211_raw.jpg,anatase,ti_bearing_negative,1,37811,DG-3c2fc1be9bfa,train,expert_fit
VTM-005448,raw_negative/ti_bearing_negative/anatase/anatase_mindat_p037814_225_raw.jpg,anatase,ti_bearing_negative,1,37814,DG-d41fda0ff8c6,train,expert_fit
VTM-005449,raw_negative/ti_bearing_negative/anatase/anatase_mindat_p038579_202_raw.jpg,anatase,ti_bearing_negative,1,38579,DG-b8a06e08904b,train,expert_fit
VTM-005452,raw_negative/ti_bearing_negative/anatase/anatase_mindat_p039049_005_raw.jpg,anatase,ti_bearing_negative,1,39049,DG-b398ad24632f,train,expert_fit
VTM-005453,raw_negative/ti_bearing_negative/anatase/anatase_mindat_p039657_239_raw.jpg,anatase,ti_bearing_negative,1,39657,DG-a05a1d13fa58,train,expert_fit
VTM-005454,raw_negative/ti_bearing_negative/anatase/anatase_mindat_p039960_063_raw.jpg,anatase,ti_bearing_negative,1,39960,DG-8b1979d8f9f6,train,expert_fit
VTM-005455,raw_negative/ti_bearing_negative/anatase/anatase_mindat_p040816_021_raw.jpg,anatase,ti_bearing_negative,1,40816,DG-5bb759787924,train,expert_fit
VTM-005457,raw_negative/ti_bearing_negative/anatase/anatase_mindat_p042143_246_raw.jpg,anatase,ti_bearing_negative,1,42143,DG-50ee51d89465,train,expert_fit
VTM-005458,raw_negative/ti_bearing_negative/anatase/anatase_mindat_p042645_098_raw.jpg,anatase,ti_bearing_negative,1,42645,DG-50f1e9505f76,val,expert_stop
VTM-005459,raw_negative/ti_bearing_negative/anatase/anatase_mindat_p042646_071_raw.jpg,anatase,ti_bearing_negative,1,42646,DG-1267086ce19b,train,expert_fit
VTM-005460,raw_negative/ti_bearing_negative/anatase/anatase_mindat_p043027_047_raw.jpg,anatase,ti_bearing_negative,1,43027,DG-53183cc0ba4f,train,expert_fit
VTM-005461,raw_negative/ti_bearing_negative/anatase/anatase_mindat_p043524_072_raw.jpg,anatase,ti_bearing_negative,1,43524,DG-369bb4ac15af,train,expert_fit
VTM-005462,raw_negative/ti_bearing_negative/anatase/anatase_mindat_p043629_102_raw.jpg,anatase,ti_bearing_negative,1,43629,DG-aa634baae4b1,train,expert_fit
VTM-005464,raw_negative/ti_bearing_negative/anatase/anatase_mindat_p043739_035_raw.jpg,anatase,ti_bearing_negative,1,43739,DG-8668abb677a8,train,expert_fit
VTM-005465,raw_negative/ti_bearing_negative/anatase/anatase_mindat_p043925_056_raw.jpg,anatase,ti_bearing_negative,1,43925,DG-28a3b618a89f,train,expert_fit
VTM-005467,raw_negative/ti_bearing_negative/anatase/anatase_mindat_p044300_050_raw.jpg,anatase,ti_bearing_negative,1,44300,DG-9c63372a2b99,val,expert_stop
VTM-005468,raw_negative/ti_bearing_negative/anatase/anatase_mindat_p044587_061_raw.jpg,anatase,ti_bearing_negative,1,44587,DG-bb408db9e142,train,expert_fit
VTM-005471,raw_negative/ti_bearing_negative/anatase/anatase_mindat_p045223_113_raw.jpg,anatase,ti_bearing_negative,1,45223,DG-1274d7ec101e,train,expert_fit
VTM-005472,raw_negative/ti_bearing_negative/anatase/anatase_mindat_p045733_120_raw.jpg,anatase,ti_bearing_negative,1,45733,DG-73c84d2d4a26,train,expert_fit
VTM-005475,raw_negative/ti_bearing_negative/anatase/anatase_mindat_p046432_068_raw.jpg,anatase,ti_bearing_negative,1,46432,DG-4c8156db96f6,train,expert_fit
VTM-005476,raw_negative/ti_bearing_negative/anatase/anatase_mindat_p046525_002_raw.jpg,anatase,ti_bearing_negative,1,46525,DG-a4c59b4ca93d,train,expert_fit
VTM-005477,raw_negative/ti_bearing_negative/anatase/anatase_mindat_p047287_006_raw.jpg,anatase,ti_bearing_negative,1,47287,DG-21950f69fdfe,train,expert_fit
VTM-005478,raw_negative/ti_bearing_negative/anatase/anatase_mindat_p047695_248_raw.jpg,anatase,ti_bearing_negative,1,47695,DG-dd5681c77e0c,train,expert_fit
VTM-005479,raw_negative/ti_bearing_negative/anatase/anatase_mindat_p047762_202_raw.jpg,anatase,ti_bearing_negative,1,47762,DG-b2b72fd84fec,train,expert_fit
VTM-005480,raw_negative/ti_bearing_negative/anatase/anatase_mindat_p048372_017_raw.jpg,anatase,ti_bearing_negative,1,48372,DG-50fcda063b53,train,expert_fit
VTM-005482,raw_negative/ti_bearing_negative/anatase/anatase_mindat_p048550_046_raw.jpg,anatase,ti_bearing_negative,1,48550,DG-659366388893,val,expert_stop
VTM-005483,raw_negative/ti_bearing_negative/anatase/anatase_mindat_p048646_003_raw.jpg,anatase,ti_bearing_negative,1,48646,DG-08fd4e6eb819,train,expert_fit
VTM-005484,raw_negative/ti_bearing_negative/anatase/anatase_mindat_p049032_307_raw.jpg,anatase,ti_bearing_negative,1,49032,DG-637e2ff90c73,train,expert_fit
VTM-005486,raw_negative/ti_bearing_negative/anatase/anatase_mindat_p050363_103_raw.jpg,anatase,ti_bearing_negative,1,50363,DG-05835c7394fc,val,expert_stop
VTM-005489,raw_negative/ti_bearing_negative/anatase/anatase_mindat_p050525_058_raw.jpg,anatase,ti_bearing_negative,1,50525,DG-a933844c528e,val,expert_stop
VTM-005494,raw_negative/ti_bearing_negative/anatase/anatase_mindat_p052504_076_raw.jpg,anatase,ti_bearing_negative,1,52504,DG-8d8a82e8221e,val,expert_stop
VTM-005495,raw_negative/ti_bearing_negative/anatase/anatase_mindat_p052949_032_raw.jpg,anatase,ti_bearing_negative,1,52949,DG-35d05e76a1e4,train,expert_fit
VTM-005497,raw_negative/ti_bearing_negative/anatase/anatase_mindat_p053722_074_raw.jpg,anatase,ti_bearing_negative,1,53722,DG-2f7b734c4d3f,train,expert_fit
VTM-005499,raw_negative/ti_bearing_negative/anatase/anatase_mindat_p054477_021_raw.jpg,anatase,ti_bearing_negative,1,54477,DG-6e0145992f89,train,expert_fit
VTM-005502,raw_negative/ti_bearing_negative/anatase/anatase_mindat_p055019_286_raw.jpg,anatase,ti_bearing_negative,1,55019,DG-143164061d3f,train,expert_fit
VTM-005506,raw_negative/ti_bearing_negative/anatase/anatase_mindat_p057238_126_raw.jpg,anatase,ti_bearing_negative,1,57238,DG-3f2c7de18e99,train,expert_fit
VTM-005507,raw_negative/ti_bearing_negative/anatase/anatase_mindat_p058286_276_raw.jpg,anatase,ti_bearing_negative,1,58286,DG-3900464f533f,val,expert_stop
VTM-005509,raw_negative/ti_bearing_negative/anatase/anatase_mindat_p059985_226_raw.jpg,anatase,ti_bearing_negative,1,59985,DG-1913cbe162bf,train,expert_fit
VTM-005512,raw_negative/ti_bearing_negative/anatase/anatase_mindat_p060956_231_raw.jpg,anatase,ti_bearing_negative,1,60956,DG-556cc408206b,train,expert_fit
VTM-005513,raw_negative/ti_bearing_negative/anatase/anatase_mindat_p061895_067_raw.jpg,anatase,ti_bearing_negative,1,61895,DG-0b7196629afe,train,expert_fit
VTM-005514,raw_negative/ti_bearing_negative/anatase/anatase_mindat_p062435_275_raw.jpg,anatase,ti_bearing_negative,1,62435,DG-9807d180c992,train,expert_fit
VTM-005515,raw_negative/ti_bearing_negative/anatase/anatase_mindat_p062905_068_raw.jpg,anatase,ti_bearing_negative,1,62905,DG-68f19589d14e,train,expert_fit
VTM-005516,raw_negative/ti_bearing_negative/anatase/anatase_mindat_p063326_265_raw.jpg,anatase,ti_bearing_negative,1,63326,DG-343ceddbe082,train,expert_fit
VTM-005518,raw_negative/ti_bearing_negative/anatase/anatase_mindat_p065767_050_raw.jpg,anatase,ti_bearing_negative,1,65767,DG-abb18c173502,train,expert_fit
VTM-005519,raw_negative/ti_bearing_negative/anatase/anatase_mindat_p066046_004_raw.jpg,anatase,ti_bearing_negative,1,66046,DG-bb2273a44b63,train,expert_fit
VTM-005521,raw_negative/ti_bearing_negative/anatase/anatase_mindat_p066311_212_raw.jpg,anatase,ti_bearing_negative,1,66311,DG-2737c9d421da,train,expert_fit
VTM-005524,raw_negative/ti_bearing_negative/anatase/anatase_mindat_p067534_163_raw.jpg,anatase,ti_bearing_negative,1,67534,DG-a6efa3a4bd5e,train,expert_fit
VTM-005527,raw_negative/ti_bearing_negative/anatase/anatase_mindat_p067643_121_raw.jpg,anatase,ti_bearing_negative,1,67643,DG-931f742fe6d8,train,expert_fit
VTM-005529,raw_negative/ti_bearing_negative/anatase/anatase_mindat_p068005_106_raw.jpg,anatase,ti_bearing_negative,1,68005,DG-cd3532b98dcd,train,expert_fit
VTM-005530,raw_negative/ti_bearing_negative/anatase/anatase_mindat_p068383_008_raw.jpg,anatase,ti_bearing_negative,1,68383,DG-c0386a4a37a3,train,expert_fit
VTM-005533,raw_negative/ti_bearing_negative/anatase/anatase_mindat_p068615_001_raw.jpg,anatase,ti_bearing_negative,1,68615,DG-12c55890ddbd,val,expert_stop
VTM-005535,raw_negative/ti_bearing_negative/anatase/anatase_mindat_p071107_011_raw.jpg,anatase,ti_bearing_negative,1,71107,DG-19630caf0210,train,expert_fit
VTM-005538,raw_negative/ti_bearing_negative/anatase/anatase_mindat_p072193_254_raw.jpg,anatase,ti_bearing_negative,1,72193,DG-21c371c33ed3,val,expert_stop
VTM-005539,raw_negative/ti_bearing_negative/anatase/anatase_mindat_p072460_162_raw.jpg,anatase,ti_bearing_negative,1,72460,DG-ab85e2f9e1e1,train,expert_fit
VTM-005540,raw_negative/ti_bearing_negative/anatase/anatase_mindat_p072609_140_raw.jpg,anatase,ti_bearing_negative,1,72609,DG-5197d7a3e07e,train,expert_fit
VTM-005541,raw_negative/ti_bearing_negative/anatase/anatase_mindat_p073788_187_raw.jpg,anatase,ti_bearing_negative,1,73788,DG-437a22bd4b75,val,expert_stop
VTM-005542,raw_negative/ti_bearing_negative/anatase/anatase_mindat_p075888_004_raw.jpg,anatase,ti_bearing_negative,1,75888,DG-ccbe15f7aec4,train,expert_fit
VTM-005543,raw_negative/ti_bearing_negative/anatase/anatase_mindat_p075916_110_raw.jpg,anatase,ti_bearing_negative,1,75916,DG-54baed70d497,train,expert_fit
VTM-005544,raw_negative/ti_bearing_negative/anatase/anatase_mindat_p075995_045_raw.jpg,anatase,ti_bearing_negative,1,75995,DG-e42568faf0c1,val,expert_stop
VTM-005545,raw_negative/ti_bearing_negative/anatase/anatase_mindat_p075996_092_raw.jpg,anatase,ti_bearing_negative,1,75996,DG-83710705536d,val,expert_stop
VTM-005547,raw_negative/ti_bearing_negative/anatase/anatase_mindat_p076291_292_raw.jpg,anatase,ti_bearing_negative,1,76291,DG-7ec473183a7f,train,expert_fit
VTM-005548,raw_negative/ti_bearing_negative/anatase/anatase_mindat_p076307_136_raw.jpg,anatase,ti_bearing_negative,1,76307,DG-c8ff3c90a5ea,train,expert_fit
VTM-005550,raw_negative/ti_bearing_negative/anatase/anatase_mindat_p076642_087_raw.jpg,anatase,ti_bearing_negative,1,76642,DG-c2c9dee110a6,train,expert_fit
VTM-005552,raw_negative/ti_bearing_negative/anatase/anatase_mindat_p076784_127_raw.jpg,anatase,ti_bearing_negative,1,76784,DG-4e499ebb87a9,train,expert_fit
VTM-005553,raw_negative/ti_bearing_negative/anatase/anatase_mindat_p076917_130_raw.jpg,anatase,ti_bearing_negative,1,76917,DG-9f9f6d63d58e,train,expert_fit
VTM-005554,raw_negative/ti_bearing_negative/anatase/anatase_mindat_p077759_034_raw.jpg,anatase,ti_bearing_negative,1,77759,DG-8fd973048d89,train,expert_fit
VTM-005555,raw_negative/ti_bearing_negative/anatase/anatase_mindat_p079022_221_raw.jpg,anatase,ti_bearing_negative,1,79022,DG-2431c71db8f9,train,expert_fit
VTM-005556,raw_negative/ti_bearing_negative/anatase/anatase_mindat_p079094_107_raw.jpg,anatase,ti_bearing_negative,1,79094,DG-5ac03a5b098a,train,expert_fit
VTM-005557,raw_negative/ti_bearing_negative/anatase/anatase_mindat_p079178_262_raw.jpg,anatase,ti_bearing_negative,1,79178,DG-48389a8acff9,train,expert_fit
VTM-005558,raw_negative/ti_bearing_negative/anatase/anatase_mindat_p079712_048_raw.jpg,anatase,ti_bearing_negative,1,79712,DG-1e86056ba2d6,train,expert_fit
VTM-005559,raw_negative/ti_bearing_negative/anatase/anatase_mindat_p079720_149_raw.jpg,anatase,ti_bearing_negative,1,79720,DG-5e649737437c,train,expert_fit
VTM-005561,raw_negative/ti_bearing_negative/anatase/anatase_mindat_p080804_030_raw.jpg,anatase,ti_bearing_negative,1,80804,DG-a8b28d967905,train,expert_fit
VTM-005562,raw_negative/ti_bearing_negative/anatase/anatase_mindat_p081429_125_raw.jpg,anatase,ti_bearing_negative,1,81429,DG-816718867a1a,train,expert_fit
VTM-005563,raw_negative/ti_bearing_negative/anatase/anatase_mindat_p081649_203_raw.jpg,anatase,ti_bearing_negative,1,81649,DG-72b70ff285e9,train,expert_fit
VTM-005564,raw_negative/ti_bearing_negative/anatase/anatase_mindat_p082477_271_raw.jpg,anatase,ti_bearing_negative,1,82477,DG-b6b206543214,val,expert_stop
VTM-005567,raw_negative/ti_bearing_negative/anatase/anatase_mindat_p083593_058_raw.jpg,anatase,ti_bearing_negative,1,83593,DG-8d80e65e3a70,train,expert_fit
VTM-005568,raw_negative/ti_bearing_negative/anatase/anatase_mindat_p083876_046_raw.jpg,anatase,ti_bearing_negative,1,83876,DG-a2ffe036094e,train,expert_fit
VTM-005569,raw_negative/ti_bearing_negative/anatase/anatase_mindat_p084465_104_raw.jpg,anatase,ti_bearing_negative,1,84465,DG-d331eac9870d,train,expert_fit
VTM-005571,raw_negative/ti_bearing_negative/anatase/anatase_mindat_p087505_041_raw.jpg,anatase,ti_bearing_negative,1,87505,DG-b5e491db2458,train,expert_fit
VTM-005572,raw_negative/ti_bearing_negative/anatase/anatase_mindat_p087520_236_raw.jpg,anatase,ti_bearing_negative,1,87520,DG-b1ac96405b6f,val,expert_stop
VTM-005573,raw_negative/ti_bearing_negative/anatase/anatase_mindat_p087555_132_raw.jpg,anatase,ti_bearing_negative,1,87555,DG-95b3f913041d,train,expert_fit
VTM-005575,raw_negative/ti_bearing_negative/anatase/anatase_mindat_p087608_039_raw.jpg,anatase,ti_bearing_negative,1,87608,DG-9a120f7050de,train,expert_fit
VTM-005579,raw_negative/ti_bearing_negative/anatase/anatase_mindat_p088500_024_raw.jpg,anatase,ti_bearing_negative,1,88500,DG-cb2002ddaa79,train,expert_fit
VTM-005580,raw_negative/ti_bearing_negative/anatase/anatase_mindat_p089240_014_raw.jpg,anatase,ti_bearing_negative,1,89240,DG-8cfcae94e1b9,train,expert_fit
VTM-005581,raw_negative/ti_bearing_negative/anatase/anatase_mindat_p089891_047_raw.jpg,anatase,ti_bearing_negative,1,89891,DG-524bc56b61d1,train,expert_fit
VTM-005582,raw_negative/ti_bearing_negative/anatase/anatase_mindat_p090055_037_raw.jpg,anatase,ti_bearing_negative,1,90055,DG-9396bdd17958,val,expert_stop
VTM-005583,raw_negative/ti_bearing_negative/anatase/anatase_mindat_p091266_013_raw.jpg,anatase,ti_bearing_negative,1,91266,DG-312837bb557b,train,expert_fit
VTM-005586,raw_negative/ti_bearing_negative/anatase/anatase_mindat_p091618_173_raw.jpg,anatase,ti_bearing_negative,1,91618,DG-4b15eba1dfab,train,expert_fit
VTM-005587,raw_negative/ti_bearing_negative/anatase/anatase_mindat_p091927_070_raw.jpg,anatase,ti_bearing_negative,1,91927,DG-c05ff4d0658f,val,expert_stop
VTM-005590,raw_negative/ti_bearing_negative/anatase/anatase_mindat_p093118_108_raw.jpg,anatase,ti_bearing_negative,1,93118,DG-5a91176642d7,train,expert_fit
VTM-005591,raw_negative/ti_bearing_negative/anatase/anatase_mindat_p093527_095_raw.jpg,anatase,ti_bearing_negative,1,93527,DG-ddeacfa06f62,train,expert_fit
VTM-005593,raw_negative/ti_bearing_negative/anatase/anatase_mindat_p093752_109_raw.jpg,anatase,ti_bearing_negative,1,93752,DG-0bb8a19fed9c,train,expert_fit
VTM-005594,raw_negative/ti_bearing_negative/anatase/anatase_mindat_p093753_131_raw.jpg,anatase,ti_bearing_negative,1,93753,DG-ad65af40f967,train,expert_fit
VTM-005596,raw_negative/ti_bearing_negative/anatase/anatase_mindat_p093761_111_raw.jpg,anatase,ti_bearing_negative,1,93761,DG-193eb29fc72e,train,expert_fit
VTM-005600,raw_negative/ti_bearing_negative/anatase/anatase_mindat_p094019_039_raw.jpg,anatase,ti_bearing_negative,1,94019,DG-45a989200905,train,expert_fit
VTM-005605,raw_negative/ti_bearing_negative/anatase/anatase_mindat_p097227_192_raw.jpg,anatase,ti_bearing_negative,1,97227,DG-6b3f3aec1405,val,expert_stop
VTM-005611,raw_negative/ti_bearing_negative/anatase/anatase_mindat_p1001182_019_raw.jpg,anatase,ti_bearing_negative,1,1001182,DG-0075b5b5203e,train,expert_fit
VTM-005613,raw_negative/ti_bearing_negative/anatase/anatase_mindat_p1006956_071_raw.jpg,anatase,ti_bearing_negative,1,1006956,DG-c34942d65172,train,expert_fit
VTM-005616,raw_negative/ti_bearing_negative/anatase/anatase_mindat_p1023516_005_raw.jpg,anatase,ti_bearing_negative,1,1023516,DG-e8f3c4a4ddbe,val,expert_stop
VTM-005618,raw_negative/ti_bearing_negative/anatase/anatase_mindat_p1029115_066_raw.jpg,anatase,ti_bearing_negative,1,1029115,DG-2e359b7e1db7,train,expert_fit
VTM-005619,raw_negative/ti_bearing_negative/anatase/anatase_mindat_p1029116_069_raw.jpg,anatase,ti_bearing_negative,1,1029116,DG-5e79b2cd6f57,train,expert_fit
VTM-005621,raw_negative/ti_bearing_negative/anatase/anatase_mindat_p102959_016_raw.jpg,anatase,ti_bearing_negative,1,102959,DG-b799dbed84bb,train,expert_fit
VTM-005622,raw_negative/ti_bearing_negative/anatase/anatase_mindat_p1032729_110_raw.jpg,anatase,ti_bearing_negative,1,1032729,DG-7de80ecb7118,train,expert_fit
VTM-005623,raw_negative/ti_bearing_negative/anatase/anatase_mindat_p1036705_130_raw.jpg,anatase,ti_bearing_negative,1,1036705,DG-3ce35705ae4e,train,expert_fit
VTM-005626,raw_negative/ti_bearing_negative/anatase/anatase_mindat_p104212_184_raw.jpg,anatase,ti_bearing_negative,1,104212,DG-ced3f034947d,train,expert_fit
VTM-005628,raw_negative/ti_bearing_negative/anatase/anatase_mindat_p1043559_024_raw.jpg,anatase,ti_bearing_negative,1,1043559,DG-634b39b48dc3,train,expert_fit
VTM-005629,raw_negative/ti_bearing_negative/anatase/anatase_mindat_p104455_042_raw.jpg,anatase,ti_bearing_negative,1,104455,DG-ed2f2deb6fd7,val,expert_stop
VTM-005634,raw_negative/ti_bearing_negative/anatase/anatase_mindat_p1049031_061_raw.jpg,anatase,ti_bearing_negative,1,1049031,DG-ac174b3dacbd,train,expert_fit
VTM-005636,raw_negative/ti_bearing_negative/anatase/anatase_mindat_p1057661_030_raw.jpg,anatase,ti_bearing_negative,1,1057661,DG-4f20c8bf2054,train,expert_fit
VTM-005637,raw_negative/ti_bearing_negative/anatase/anatase_mindat_p1058127_108_raw.jpg,anatase,ti_bearing_negative,1,1058127,DG-6423433b4791,train,expert_fit
VTM-005638,raw_negative/ti_bearing_negative/anatase/anatase_mindat_p1059547_072_raw.jpg,anatase,ti_bearing_negative,1,1059547,DG-59e46a2127a9,train,expert_fit
VTM-005639,raw_negative/ti_bearing_negative/anatase/anatase_mindat_p105964_142_raw.jpg,anatase,ti_bearing_negative,1,105964,DG-c9924b38e920,train,expert_fit
VTM-005642,raw_negative/ti_bearing_negative/anatase/anatase_mindat_p106972_147_raw.jpg,anatase,ti_bearing_negative,1,106972,DG-9c94a31bbfea,val,expert_stop
VTM-005643,raw_negative/ti_bearing_negative/anatase/anatase_mindat_p1070545_075_raw.jpg,anatase,ti_bearing_negative,1,1070545,DG-5846ebd32a5e,train,expert_fit
VTM-005644,raw_negative/ti_bearing_negative/anatase/anatase_mindat_p107149_005_raw.jpg,anatase,ti_bearing_negative,1,107149,DG-2e6ce45f5804,train,expert_fit
VTM-005645,raw_negative/ti_bearing_negative/anatase/anatase_mindat_p107150_007_raw.jpg,anatase,ti_bearing_negative,1,107150,DG-42e3c86f9ebb,train,expert_fit
VTM-005646,raw_negative/ti_bearing_negative/anatase/anatase_mindat_p107151_006_raw.jpg,anatase,ti_bearing_negative,1,107151,DG-24936fbf5be3,train,expert_fit
VTM-005647,raw_negative/ti_bearing_negative/anatase/anatase_mindat_p107152_009_raw.jpg,anatase,ti_bearing_negative,1,107152,DG-345bb3f8cf03,train,expert_fit
VTM-005648,raw_negative/ti_bearing_negative/anatase/anatase_mindat_p107235_127_raw.jpg,anatase,ti_bearing_negative,1,107235,DG-e3cc90cb80bf,train,expert_fit
VTM-005650,raw_negative/ti_bearing_negative/anatase/anatase_mindat_p108802_016_raw.jpg,anatase,ti_bearing_negative,1,108802,DG-f4d96675fa63,train,expert_fit
VTM-005653,raw_negative/ti_bearing_negative/anatase/anatase_mindat_p109200_067_raw.jpg,anatase,ti_bearing_negative,1,109200,DG-cabec6b110ac,val,expert_stop
VTM-005654,raw_negative/ti_bearing_negative/anatase/anatase_mindat_p109203_074_raw.jpg,anatase,ti_bearing_negative,1,109203,DG-dd082813bbc6,val,expert_stop
VTM-005656,raw_negative/ti_bearing_negative/anatase/anatase_mindat_p109217_057_raw.jpg,anatase,ti_bearing_negative,1,109217,DG-1d85c0020088,val,expert_stop
VTM-005657,raw_negative/ti_bearing_negative/anatase/anatase_mindat_p1093069_003_raw.jpg,anatase,ti_bearing_negative,1,1093069,DG-8e491c68e772,train,expert_fit
VTM-005659,raw_negative/ti_bearing_negative/anatase/anatase_mindat_p1103745_060_raw.jpg,anatase,ti_bearing_negative,1,1103745,DG-ac7e3430ef79,train,expert_fit
VTM-005661,raw_negative/ti_bearing_negative/anatase/anatase_mindat_p110940_066_raw.jpg,anatase,ti_bearing_negative,1,110940,DG-bd822846b5d3,train,expert_fit
VTM-005662,raw_negative/ti_bearing_negative/anatase/anatase_mindat_p1111867_031_raw.jpg,anatase,ti_bearing_negative,1,1111867,DG-c95cf4c673c4,train,expert_fit
VTM-005663,raw_negative/ti_bearing_negative/anatase/anatase_mindat_p1113073_157_raw.jpg,anatase,ti_bearing_negative,1,1113073,DG-18b149e45012,train,expert_fit
VTM-005664,raw_negative/ti_bearing_negative/anatase/anatase_mindat_p1113327_037_raw.jpg,anatase,ti_bearing_negative,1,1113327,DG-ea8b0d7797e1,train,expert_fit
VTM-005667,raw_negative/ti_bearing_negative/anatase/anatase_mindat_p111475_033_raw.jpg,anatase,ti_bearing_negative,1,111475,DG-08b3928b3dda,train,expert_fit
VTM-005669,raw_negative/ti_bearing_negative/anatase/anatase_mindat_p1122730_036_raw.jpg,anatase,ti_bearing_negative,1,1122730,DG-d020b472f9b0,val,expert_stop
VTM-005670,raw_negative/ti_bearing_negative/anatase/anatase_mindat_p1123312_128_raw.jpg,anatase,ti_bearing_negative,1,1123312,DG-b4c666cef21a,val,expert_stop
VTM-005671,raw_negative/ti_bearing_negative/anatase/anatase_mindat_p1123313_126_raw.jpg,anatase,ti_bearing_negative,1,1123313,DG-d3a234a42d04,train,expert_fit
VTM-005672,raw_negative/ti_bearing_negative/anatase/anatase_mindat_p1123314_121_raw.jpg,anatase,ti_bearing_negative,1,1123314,DG-a3ba3e32e3a4,train,expert_fit
VTM-005677,raw_negative/ti_bearing_negative/anatase/anatase_mindat_p112640_277_raw.jpg,anatase,ti_bearing_negative,1,112640,DG-1756b320f36b,val,expert_stop
VTM-005679,raw_negative/ti_bearing_negative/anatase/anatase_mindat_p1126666_086_raw.jpg,anatase,ti_bearing_negative,1,1126666,DG-60d3e0d69972,train,expert_fit
VTM-005680,raw_negative/ti_bearing_negative/anatase/anatase_mindat_p112856_282_raw.jpg,anatase,ti_bearing_negative,1,112856,DG-8b8549a89dd6,train,expert_fit
VTM-005681,raw_negative/ti_bearing_negative/anatase/anatase_mindat_p112859_258_raw.jpg,anatase,ti_bearing_negative,1,112859,DG-5e541989e5fb,train,expert_fit
VTM-005682,raw_negative/ti_bearing_negative/anatase/anatase_mindat_p1129874_156_raw.jpg,anatase,ti_bearing_negative,1,1129874,DG-713619ec862e,val,expert_stop
VTM-005683,raw_negative/ti_bearing_negative/anatase/anatase_mindat_p1130383_168_raw.jpg,anatase,ti_bearing_negative,1,1130383,DG-94e096cf7246,train,expert_fit
VTM-005685,raw_negative/ti_bearing_negative/anatase/anatase_mindat_p1132185_079_raw.jpg,anatase,ti_bearing_negative,1,1132185,DG-bbae1a0cb0f8,train,expert_fit
VTM-005686,raw_negative/ti_bearing_negative/anatase/anatase_mindat_p1132670_124_raw.jpg,anatase,ti_bearing_negative,1,1132670,DG-78aa342bd9f6,train,expert_fit
VTM-005687,raw_negative/ti_bearing_negative/anatase/anatase_mindat_p1134719_123_raw.jpg,anatase,ti_bearing_negative,1,1134719,DG-49da130d858c,train,expert_fit
VTM-005688,raw_negative/ti_bearing_negative/anatase/anatase_mindat_p1135639_033_raw.jpg,anatase,ti_bearing_negative,1,1135639,DG-4b0f92196d21,train,expert_fit
VTM-005690,raw_negative/ti_bearing_negative/anatase/anatase_mindat_p1143348_119_raw.jpg,anatase,ti_bearing_negative,1,1143348,DG-04c6ad3632fd,train,expert_fit
VTM-005691,raw_negative/ti_bearing_negative/anatase/anatase_mindat_p1151758_020_raw.jpg,anatase,ti_bearing_negative,1,1151758,DG-65a260104a5a,train,expert_fit
VTM-005692,raw_negative/ti_bearing_negative/anatase/anatase_mindat_p1156657_234_raw.jpg,anatase,ti_bearing_negative,1,1156657,DG-fbbe7f9885cd,val,expert_stop
VTM-005694,raw_negative/ti_bearing_negative/anatase/anatase_mindat_p1166858_233_raw.jpg,anatase,ti_bearing_negative,1,1166858,DG-753f0a6acc81,train,expert_fit
VTM-005695,raw_negative/ti_bearing_negative/anatase/anatase_mindat_p116799_001_raw.jpg,anatase,ti_bearing_negative,1,116799,DG-86129bb026ef,train,expert_fit
VTM-005696,raw_negative/ti_bearing_negative/anatase/anatase_mindat_p116969_001_raw.jpg,anatase,ti_bearing_negative,1,116969,DG-fe21e85b6a7f,train,expert_fit
VTM-005699,raw_negative/ti_bearing_negative/anatase/anatase_mindat_p1170863_020_raw.jpg,anatase,ti_bearing_negative,1,1170863,DG-20f6cb27f286,train,expert_fit
VTM-005703,raw_negative/ti_bearing_negative/anatase/anatase_mindat_p1177301_002_raw.jpg,anatase,ti_bearing_negative,1,1177301,DG-565bc44f6fe6,train,expert_fit
VTM-005706,raw_negative/ti_bearing_negative/anatase/anatase_mindat_p1181096_080_raw.jpg,anatase,ti_bearing_negative,1,1181096,DG-c6cb0c15edb5,val,expert_stop
VTM-005707,raw_negative/ti_bearing_negative/anatase/anatase_mindat_p1185659_007_raw.jpg,anatase,ti_bearing_negative,1,1185659,DG-eec2c1800964,train,expert_fit
VTM-005708,raw_negative/ti_bearing_negative/anatase/anatase_mindat_p1185749_006_raw.jpg,anatase,ti_bearing_negative,1,1185749,DG-f9a70b631b94,train,expert_fit
VTM-005710,raw_negative/ti_bearing_negative/anatase/anatase_mindat_p120021_027_raw.jpg,anatase,ti_bearing_negative,1,120021,DG-7806d4995e56,train,expert_fit
VTM-005712,raw_negative/ti_bearing_negative/anatase/anatase_mindat_p120023_029_raw.jpg,anatase,ti_bearing_negative,1,120023,DG-0c3f1631c32c,train,expert_fit
VTM-005713,raw_negative/ti_bearing_negative/anatase/anatase_mindat_p120218_084_raw.jpg,anatase,ti_bearing_negative,1,120218,DG-c75e838a9a39,train,expert_fit
VTM-005715,raw_negative/ti_bearing_negative/anatase/anatase_mindat_p1202203_003_raw.jpg,anatase,ti_bearing_negative,1,1202203,DG-acfc7cc85cb1,val,expert_stop
VTM-005717,raw_negative/ti_bearing_negative/anatase/anatase_mindat_p1209776_072_raw.jpg,anatase,ti_bearing_negative,1,1209776,DG-d58ec01453f4,train,expert_fit
VTM-005719,raw_negative/ti_bearing_negative/anatase/anatase_mindat_p1209856_078_raw.jpg,anatase,ti_bearing_negative,1,1209856,DG-95a61af36fc5,train,expert_fit
VTM-005720,raw_negative/ti_bearing_negative/anatase/anatase_mindat_p1209860_011_raw.jpg,anatase,ti_bearing_negative,1,1209860,DG-acfc7cc85cb1,val,expert_stop
VTM-005721,raw_negative/ti_bearing_negative/anatase/anatase_mindat_p121085_044_raw.jpg,anatase,ti_bearing_negative,1,121085,DG-5819d089c4c6,train,expert_fit
VTM-005723,raw_negative/ti_bearing_negative/anatase/anatase_mindat_p121392_069_raw.jpg,anatase,ti_bearing_negative,1,121392,DG-0950b4611e57,train,expert_fit
VTM-005724,raw_negative/ti_bearing_negative/anatase/anatase_mindat_p121393_049_raw.jpg,anatase,ti_bearing_negative,1,121393,DG-60c8682c7d23,val,expert_stop
VTM-005726,raw_negative/ti_bearing_negative/anatase/anatase_mindat_p121395_034_raw.jpg,anatase,ti_bearing_negative,1,121395,DG-38a805efc962,train,expert_fit
VTM-005728,raw_negative/ti_bearing_negative/anatase/anatase_mindat_p1214402_108_raw.jpg,anatase,ti_bearing_negative,1,1214402,DG-d40c47d96009,train,expert_fit
VTM-005729,raw_negative/ti_bearing_negative/anatase/anatase_mindat_p121447_012_raw.jpg,anatase,ti_bearing_negative,1,121447,DG-0138cb5de0f1,train,expert_fit
VTM-005732,raw_negative/ti_bearing_negative/anatase/anatase_mindat_p121450_024_raw.jpg,anatase,ti_bearing_negative,1,121450,DG-0e1fad042bd7,train,expert_fit
VTM-005734,raw_negative/ti_bearing_negative/anatase/anatase_mindat_p121780_005_raw.jpg,anatase,ti_bearing_negative,1,121780,DG-e82e60a0c25a,train,expert_fit
VTM-005736,raw_negative/ti_bearing_negative/anatase/anatase_mindat_p121971_134_raw.jpg,anatase,ti_bearing_negative,1,121971,DG-5f4656c0dfee,train,expert_fit
VTM-005737,raw_negative/ti_bearing_negative/anatase/anatase_mindat_p1221349_041_raw.jpg,anatase,ti_bearing_negative,1,1221349,DG-99d0a20e12b6,train,expert_fit
VTM-005738,raw_negative/ti_bearing_negative/anatase/anatase_mindat_p1221351_042_raw.jpg,anatase,ti_bearing_negative,1,1221351,DG-2dd4417a219b,train,expert_fit
VTM-005739,raw_negative/ti_bearing_negative/anatase/anatase_mindat_p122186_033_raw.jpg,anatase,ti_bearing_negative,1,122186,DG-4152f9cb1875,train,expert_fit
VTM-005740,raw_negative/ti_bearing_negative/anatase/anatase_mindat_p1222488_009_raw.jpg,anatase,ti_bearing_negative,1,1222488,DG-ebedb0533c25,train,expert_fit
VTM-005744,raw_negative/ti_bearing_negative/anatase/anatase_mindat_p1232369_121_raw.jpg,anatase,ti_bearing_negative,1,1232369,DG-ca38cda4fae2,val,expert_stop
VTM-005745,raw_negative/ti_bearing_negative/anatase/anatase_mindat_p1240638_015_raw.jpg,anatase,ti_bearing_negative,1,1240638,DG-5c1a21b638ff,val,expert_stop
VTM-005749,raw_negative/ti_bearing_negative/anatase/anatase_mindat_p1240642_013_raw.jpg,anatase,ti_bearing_negative,1,1240642,DG-394f0037e810,train,expert_fit
VTM-005750,raw_negative/ti_bearing_negative/anatase/anatase_mindat_p1240643_010_raw.jpg,anatase,ti_bearing_negative,1,1240643,DG-49291462e044,val,expert_stop
VTM-005751,raw_negative/ti_bearing_negative/anatase/anatase_mindat_p1240748_068_raw.jpg,anatase,ti_bearing_negative,1,1240748,DG-5d0f36bd5908,val,expert_stop
VTM-005753,raw_negative/ti_bearing_negative/anatase/anatase_mindat_p1241469_009_raw.jpg,anatase,ti_bearing_negative,1,1241469,DG-9e611cf8cd76,train,expert_fit
VTM-005754,raw_negative/ti_bearing_negative/anatase/anatase_mindat_p1241470_010_raw.jpg,anatase,ti_bearing_negative,1,1241470,DG-e4a92d901d9c,train,expert_fit
VTM-005755,raw_negative/ti_bearing_negative/anatase/anatase_mindat_p1241471_008_raw.jpg,anatase,ti_bearing_negative,1,1241471,DG-13f187338c5d,train,expert_fit
VTM-005756,raw_negative/ti_bearing_negative/anatase/anatase_mindat_p1241472_013_raw.jpg,anatase,ti_bearing_negative,1,1241472,DG-3b51db28f48d,train,expert_fit
VTM-005757,raw_negative/ti_bearing_negative/anatase/anatase_mindat_p1241782_016_raw.jpg,anatase,ti_bearing_negative,1,1241782,DG-aaa1fc5f663d,train,expert_fit
VTM-005760,raw_negative/ti_bearing_negative/anatase/anatase_mindat_p1248079_166_raw.jpg,anatase,ti_bearing_negative,1,1248079,DG-2941b8f27636,train,expert_fit
VTM-005761,raw_negative/ti_bearing_negative/anatase/anatase_mindat_p1250492_005_raw.jpg,anatase,ti_bearing_negative,1,1250492,DG-26fe6b06ffcc,train,expert_fit
VTM-005763,raw_negative/ti_bearing_negative/anatase/anatase_mindat_p1255715_058_raw.jpg,anatase,ti_bearing_negative,1,1255715,DG-035ea3e4384f,train,expert_fit
VTM-005765,raw_negative/ti_bearing_negative/anatase/anatase_mindat_p1255751_014_raw.jpg,anatase,ti_bearing_negative,1,1255751,DG-fdc507f0ad07,train,expert_fit
VTM-005767,raw_negative/ti_bearing_negative/anatase/anatase_mindat_p1260320_035_raw.jpg,anatase,ti_bearing_negative,1,1260320,DG-0a3e27d61744,val,expert_stop
VTM-005768,raw_negative/ti_bearing_negative/anatase/anatase_mindat_p1274515_060_raw.jpg,anatase,ti_bearing_negative,1,1274515,DG-309bcd1b5c9e,train,expert_fit
VTM-005769,raw_negative/ti_bearing_negative/anatase/anatase_mindat_p1279265_132_raw.jpg,anatase,ti_bearing_negative,1,1279265,DG-6a683c4287f3,train,expert_fit
VTM-005770,raw_negative/ti_bearing_negative/anatase/anatase_mindat_p1279588_074_raw.jpg,anatase,ti_bearing_negative,1,1279588,DG-2d5c07465c62,val,expert_stop
VTM-005771,raw_negative/ti_bearing_negative/anatase/anatase_mindat_p1279590_075_raw.jpg,anatase,ti_bearing_negative,1,1279590,DG-542ce0b31257,train,expert_fit
VTM-005772,raw_negative/ti_bearing_negative/anatase/anatase_mindat_p1280096_111_raw.jpg,anatase,ti_bearing_negative,1,1280096,DG-4768e03503a9,train,expert_fit
VTM-005774,raw_negative/ti_bearing_negative/anatase/anatase_mindat_p129828_230_raw.jpg,anatase,ti_bearing_negative,1,129828,DG-9ec4ec40c567,train,expert_fit
VTM-005775,raw_negative/ti_bearing_negative/anatase/anatase_mindat_p1298929_059_raw.jpg,anatase,ti_bearing_negative,1,1298929,DG-62b63e5a9e3d,train,expert_fit
VTM-005776,raw_negative/ti_bearing_negative/anatase/anatase_mindat_p130156_062_raw.jpg,anatase,ti_bearing_negative,1,130156,DG-680dd5bb102e,val,expert_stop
VTM-005777,raw_negative/ti_bearing_negative/anatase/anatase_mindat_p1304578_148_raw.jpg,anatase,ti_bearing_negative,1,1304578,DG-174aa415d2ec,train,expert_fit
VTM-005778,raw_negative/ti_bearing_negative/anatase/anatase_mindat_p1306059_088_raw.jpg,anatase,ti_bearing_negative,1,1306059,DG-e8f5c39b1e5f,val,expert_stop
VTM-005779,raw_negative/ti_bearing_negative/anatase/anatase_mindat_p1306060_089_raw.jpg,anatase,ti_bearing_negative,1,1306060,DG-61c85e90ba38,train,expert_fit
VTM-005781,raw_negative/ti_bearing_negative/anatase/anatase_mindat_p130715_169_raw.jpg,anatase,ti_bearing_negative,1,130715,DG-9e81a009454c,train,expert_fit
VTM-005782,raw_negative/ti_bearing_negative/anatase/anatase_mindat_p130718_170_raw.jpg,anatase,ti_bearing_negative,1,130718,DG-c506d190f53f,train,expert_fit
VTM-005783,raw_negative/ti_bearing_negative/anatase/anatase_mindat_p1308055_046_raw.jpg,anatase,ti_bearing_negative,1,1308055,DG-b0eea1a8994e,train,expert_fit
VTM-005784,raw_negative/ti_bearing_negative/anatase/anatase_mindat_p1310134_012_raw.jpg,anatase,ti_bearing_negative,1,1310134,DG-d23005e0bceb,val,expert_stop
VTM-005785,raw_negative/ti_bearing_negative/anatase/anatase_mindat_p131158_065_raw.jpg,anatase,ti_bearing_negative,1,131158,DG-60dcdd31a143,train,expert_fit
VTM-005786,raw_negative/ti_bearing_negative/anatase/anatase_mindat_p131492_164_raw.jpg,anatase,ti_bearing_negative,1,131492,DG-adce78e816ab,train,expert_fit
VTM-005788,raw_negative/ti_bearing_negative/anatase/anatase_mindat_p131497_181_raw.jpg,anatase,ti_bearing_negative,1,131497,DG-caffc409a326,train,expert_fit
VTM-005789,raw_negative/ti_bearing_negative/anatase/anatase_mindat_p131498_180_raw.jpg,anatase,ti_bearing_negative,1,131498,DG-4f68a56f3e10,train,expert_fit
VTM-005791,raw_negative/ti_bearing_negative/anatase/anatase_mindat_p131500_178_raw.jpg,anatase,ti_bearing_negative,1,131500,DG-4c7715f638b4,train,expert_fit
VTM-005793,raw_negative/ti_bearing_negative/anatase/anatase_mindat_p131503_179_raw.jpg,anatase,ti_bearing_negative,1,131503,DG-a5253d85d0bc,train,expert_fit
VTM-005794,raw_negative/ti_bearing_negative/anatase/anatase_mindat_p131505_177_raw.jpg,anatase,ti_bearing_negative,1,131505,DG-5298828429ac,train,expert_fit
VTM-005795,raw_negative/ti_bearing_negative/anatase/anatase_mindat_p131662_076_raw.jpg,anatase,ti_bearing_negative,1,131662,DG-cc022e950c31,train,expert_fit
VTM-005796,raw_negative/ti_bearing_negative/anatase/anatase_mindat_p131663_085_raw.jpg,anatase,ti_bearing_negative,1,131663,DG-cec129814706,train,expert_fit
VTM-005797,raw_negative/ti_bearing_negative/anatase/anatase_mindat_p131841_054_raw.jpg,anatase,ti_bearing_negative,1,131841,DG-7ee1f605e2f4,train,expert_fit
VTM-005799,raw_negative/ti_bearing_negative/anatase/anatase_mindat_p132195_174_raw.jpg,anatase,ti_bearing_negative,1,132195,DG-9317a8b8f2a9,val,expert_stop
VTM-005800,raw_negative/ti_bearing_negative/anatase/anatase_mindat_p132196_163_raw.jpg,anatase,ti_bearing_negative,1,132196,DG-37d3baa89970,train,expert_fit
VTM-005801,raw_negative/ti_bearing_negative/anatase/anatase_mindat_p1323136_131_raw.jpg,anatase,ti_bearing_negative,1,1323136,DG-4295db12e2f3,train,expert_fit
VTM-005802,raw_negative/ti_bearing_negative/anatase/anatase_mindat_p1323390_101_raw.jpg,anatase,ti_bearing_negative,1,1323390,DG-d60167bf73e9,train,expert_fit
VTM-005804,raw_negative/ti_bearing_negative/anatase/anatase_mindat_p132691_197_raw.jpg,anatase,ti_bearing_negative,1,132691,DG-f04cc69cc2a9,train,expert_fit
VTM-005805,raw_negative/ti_bearing_negative/anatase/anatase_mindat_p1332964_023_raw.jpg,anatase,ti_bearing_negative,1,1332964,DG-eae3ed981d24,val,expert_stop
VTM-005807,raw_negative/ti_bearing_negative/anatase/anatase_mindat_p133797_027_raw.jpg,anatase,ti_bearing_negative,1,133797,DG-e9df3f657a1d,train,expert_fit
VTM-005808,raw_negative/ti_bearing_negative/anatase/anatase_mindat_p133804_031_raw.jpg,anatase,ti_bearing_negative,1,133804,DG-2c4fbcf432ba,train,expert_fit
VTM-005809,raw_negative/ti_bearing_negative/anatase/anatase_mindat_p1341125_011_raw.jpg,anatase,ti_bearing_negative,1,1341125,DG-1f143c37eeae,train,expert_fit
VTM-005810,raw_negative/ti_bearing_negative/anatase/anatase_mindat_p134349_259_raw.jpg,anatase,ti_bearing_negative,1,134349,DG-fca86bffb33e,train,expert_fit
VTM-005811,raw_negative/ti_bearing_negative/anatase/anatase_mindat_p1344065_169_raw.jpg,anatase,ti_bearing_negative,1,1344065,DG-641ffb5d9242,train,expert_fit
VTM-005812,raw_negative/ti_bearing_negative/anatase/anatase_mindat_p135939_196_raw.jpg,anatase,ti_bearing_negative,1,135939,DG-db49001f8287,train,expert_fit
VTM-005814,raw_negative/ti_bearing_negative/anatase/anatase_mindat_p136156_122_raw.jpg,anatase,ti_bearing_negative,1,136156,DG-1be091ba6cbe,train,expert_fit
VTM-005815,raw_negative/ti_bearing_negative/anatase/anatase_mindat_p136158_026_raw.jpg,anatase,ti_bearing_negative,1,136158,DG-04f09cb80678,train,expert_fit
VTM-005817,raw_negative/ti_bearing_negative/anatase/anatase_mindat_p1362578_119_raw.jpg,anatase,ti_bearing_negative,1,1362578,DG-ec25e7241278,train,expert_fit
VTM-005820,raw_negative/ti_bearing_negative/anatase/anatase_mindat_p136278_056_raw.jpg,anatase,ti_bearing_negative,1,136278,DG-f4d4ec809efe,train,expert_fit
VTM-005821,raw_negative/ti_bearing_negative/anatase/anatase_mindat_p136280_023_raw.jpg,anatase,ti_bearing_negative,1,136280,DG-58eeb83a9c63,train,expert_fit
VTM-005822,raw_negative/ti_bearing_negative/anatase/anatase_mindat_p136282_182_raw.jpg,anatase,ti_bearing_negative,1,136282,DG-0d46ffdf548a,train,expert_fit
VTM-005824,raw_negative/ti_bearing_negative/anatase/anatase_mindat_p136294_007_raw.jpg,anatase,ti_bearing_negative,1,136294,DG-87b848eb7c59,train,expert_fit
VTM-005825,raw_negative/ti_bearing_negative/anatase/anatase_mindat_p136295_191_raw.jpg,anatase,ti_bearing_negative,1,136295,DG-0a9f98d1512d,train,expert_fit
VTM-005826,raw_negative/ti_bearing_negative/anatase/anatase_mindat_p136297_027_raw.jpg,anatase,ti_bearing_negative,1,136297,DG-1795752cb45f,train,expert_fit
VTM-005828,raw_negative/ti_bearing_negative/anatase/anatase_mindat_p136300_008_raw.jpg,anatase,ti_bearing_negative,1,136300,DG-48a105ac23cd,train,expert_fit
VTM-005829,raw_negative/ti_bearing_negative/anatase/anatase_mindat_p1363398_118_raw.jpg,anatase,ti_bearing_negative,1,1363398,DG-72f049b6a70a,train,expert_fit
VTM-005830,raw_negative/ti_bearing_negative/anatase/anatase_mindat_p1363399_120_raw.jpg,anatase,ti_bearing_negative,1,1363399,DG-9e1a4678aff6,train,expert_fit
VTM-005834,raw_negative/ti_bearing_negative/anatase/anatase_mindat_p137932_069_raw.jpg,anatase,ti_bearing_negative,1,137932,DG-2a54a445b613,train,expert_fit
VTM-005835,raw_negative/ti_bearing_negative/anatase/anatase_mindat_p138257_142_raw.jpg,anatase,ti_bearing_negative,1,138257,DG-0c776d0577eb,val,expert_stop
VTM-005836,raw_negative/ti_bearing_negative/anatase/anatase_mindat_p138470_051_raw.jpg,anatase,ti_bearing_negative,1,138470,DG-e59f9c2f82d9,train,expert_fit
VTM-005837,raw_negative/ti_bearing_negative/anatase/anatase_mindat_p1385143_048_raw.jpg,anatase,ti_bearing_negative,1,1385143,DG-2cf228b45748,train,expert_fit
VTM-005839,raw_negative/ti_bearing_negative/anatase/anatase_mindat_p138847_150_raw.jpg,anatase,ti_bearing_negative,1,138847,DG-928d603ba4cc,train,expert_fit
VTM-005845,raw_negative/ti_bearing_negative/anatase/anatase_mindat_p139187_053_raw.jpg,anatase,ti_bearing_negative,1,139187,DG-bd8af52d1134,train,expert_fit
VTM-005847,raw_negative/ti_bearing_negative/anatase/anatase_mindat_p139850_092_raw.jpg,anatase,ti_bearing_negative,1,139850,DG-0cf1f3555416,val,expert_stop
VTM-005849,raw_negative/ti_bearing_negative/anatase/anatase_mindat_p140404_009_raw.jpg,anatase,ti_bearing_negative,1,140404,DG-da5f12e0e4a4,val,expert_stop
VTM-005852,raw_negative/ti_bearing_negative/anatase/anatase_mindat_p1424170_040_raw.jpg,anatase,ti_bearing_negative,1,1424170,DG-6ae848d28452,train,expert_fit
VTM-005853,raw_negative/ti_bearing_negative/anatase/anatase_mindat_p1434727_122_raw.jpg,anatase,ti_bearing_negative,1,1434727,DG-b5893101cf02,train,expert_fit
VTM-005854,raw_negative/ti_bearing_negative/anatase/anatase_mindat_p143606_177_raw.jpg,anatase,ti_bearing_negative,1,143606,DG-b3cd54094dcf,val,expert_stop
VTM-005858,raw_negative/ti_bearing_negative/anatase/anatase_mindat_p1460331_080_raw.jpg,anatase,ti_bearing_negative,1,1460331,DG-7c55aa9fc418,train,expert_fit
VTM-005861,raw_negative/ti_bearing_negative/anatase/anatase_mindat_p1475272_063_raw.jpg,anatase,ti_bearing_negative,1,1475272,DG-61d3d6c8c87c,val,expert_stop
VTM-005862,raw_negative/ti_bearing_negative/anatase/anatase_mindat_p147728_021_raw.jpg,anatase,ti_bearing_negative,1,147728,DG-e760e6bcd816,train,expert_fit
VTM-005864,raw_negative/ti_bearing_negative/anatase/anatase_mindat_p148433_289_raw.jpg,anatase,ti_bearing_negative,1,148433,DG-958cb98493d1,train,expert_fit
VTM-005865,raw_negative/ti_bearing_negative/anatase/anatase_mindat_p148448_077_raw.jpg,anatase,ti_bearing_negative,1,148448,DG-265b58a54a61,train,expert_fit
VTM-005866,raw_negative/ti_bearing_negative/anatase/anatase_mindat_p148593_094_raw.jpg,anatase,ti_bearing_negative,1,148593,DG-c7c48942d6ce,val,expert_stop
VTM-005867,raw_negative/ti_bearing_negative/anatase/anatase_mindat_p148594_012_raw.jpg,anatase,ti_bearing_negative,1,148594,DG-3b43c5c2e58b,val,expert_stop
VTM-005868,raw_negative/ti_bearing_negative/anatase/anatase_mindat_p1488455_034_raw.jpg,anatase,ti_bearing_negative,1,1488455,DG-9d7739030354,train,expert_fit
VTM-005869,raw_negative/ti_bearing_negative/anatase/anatase_mindat_p1490297_012_raw.jpg,anatase,ti_bearing_negative,1,1490297,DG-e9bb136a9cf8,train,expert_fit
VTM-005870,raw_negative/ti_bearing_negative/anatase/anatase_mindat_p149952_173_raw.jpg,anatase,ti_bearing_negative,1,149952,DG-97346d76139a,val,expert_stop
VTM-005871,raw_negative/ti_bearing_negative/anatase/anatase_mindat_p151196_088_raw.jpg,anatase,ti_bearing_negative,1,151196,DG-eab2b3fac603,train,expert_fit
VTM-005873,raw_negative/ti_bearing_negative/anatase/anatase_mindat_p151784_024_raw.jpg,anatase,ti_bearing_negative,1,151784,DG-95560d0cf4d3,train,expert_fit
VTM-005875,raw_negative/ti_bearing_negative/anatase/anatase_mindat_p155025_077_raw.jpg,anatase,ti_bearing_negative,1,155025,DG-5d3983d4a819,train,expert_fit
VTM-005876,raw_negative/ti_bearing_negative/anatase/anatase_mindat_p1551530_018_raw.jpg,anatase,ti_bearing_negative,1,1551530,DG-088726c25bc1,train,expert_fit
VTM-005878,raw_negative/ti_bearing_negative/anatase/anatase_mindat_p1562270_001_raw.jpg,anatase,ti_bearing_negative,1,1562270,DG-579eca9cb2d6,train,expert_fit
VTM-005879,raw_negative/ti_bearing_negative/anatase/anatase_mindat_p1567181_039_raw.jpg,anatase,ti_bearing_negative,1,1567181,DG-65eeba6548d2,train,expert_fit
VTM-005880,raw_negative/ti_bearing_negative/anatase/anatase_mindat_p157843_104_raw.jpg,anatase,ti_bearing_negative,1,157843,DG-568ec803f6c9,val,expert_stop
VTM-005882,raw_negative/ti_bearing_negative/anatase/anatase_mindat_p1580654_124_raw.jpg,anatase,ti_bearing_negative,1,1580654,DG-e1935516b2c2,train,expert_fit
VTM-005883,raw_negative/ti_bearing_negative/anatase/anatase_mindat_p158455_272_raw.jpg,anatase,ti_bearing_negative,1,158455,DG-13a3caa49a59,train,expert_fit
VTM-005885,raw_negative/ti_bearing_negative/anatase/anatase_mindat_p1586552_043_raw.jpg,anatase,ti_bearing_negative,1,1586552,DG-2ae7725e28bb,val,expert_stop
VTM-005888,raw_negative/ti_bearing_negative/anatase/anatase_mindat_p1590848_130_raw.jpg,anatase,ti_bearing_negative,1,1590848,DG-ebeeab641b21,train,expert_fit
VTM-005889,raw_negative/ti_bearing_negative/anatase/anatase_mindat_p1591214_129_raw.jpg,anatase,ti_bearing_negative,1,1591214,DG-96752d8bab5e,train,expert_fit
VTM-005890,raw_negative/ti_bearing_negative/anatase/anatase_mindat_p1591217_127_raw.jpg,anatase,ti_bearing_negative,1,1591217,DG-46606a614238,train,expert_fit
VTM-005891,raw_negative/ti_bearing_negative/anatase/anatase_mindat_p159691_009_raw.jpg,anatase,ti_bearing_negative,1,159691,DG-bbdd8a138f76,train,expert_fit
VTM-005894,raw_negative/ti_bearing_negative/anatase/anatase_mindat_p161877_108_raw.jpg,anatase,ti_bearing_negative,1,161877,DG-c3c008ed6d1a,train,expert_fit
VTM-005895,raw_negative/ti_bearing_negative/anatase/anatase_mindat_p162129_057_raw.jpg,anatase,ti_bearing_negative,1,162129,DG-132f044f6d46,val,expert_stop
VTM-005897,raw_negative/ti_bearing_negative/anatase/anatase_mindat_p162241_058_raw.jpg,anatase,ti_bearing_negative,1,162241,DG-71ec88dd661b,train,expert_fit
VTM-005898,raw_negative/ti_bearing_negative/anatase/anatase_mindat_p162710_080_raw.jpg,anatase,ti_bearing_negative,1,162710,DG-deb6b29342cc,train,expert_fit
VTM-005902,raw_negative/ti_bearing_negative/anatase/anatase_mindat_p162969_093_raw.jpg,anatase,ti_bearing_negative,1,162969,DG-a8ac8ad14256,train,expert_fit
VTM-005903,raw_negative/ti_bearing_negative/anatase/anatase_mindat_p162970_096_raw.jpg,anatase,ti_bearing_negative,1,162970,DG-ae7c76abd0e7,val,expert_stop
VTM-005908,raw_negative/ti_bearing_negative/anatase/anatase_mindat_p163418_086_raw.jpg,anatase,ti_bearing_negative,1,163418,DG-50f1936ab775,train,expert_fit
VTM-005909,raw_negative/ti_bearing_negative/anatase/anatase_mindat_p1638732_081_raw.jpg,anatase,ti_bearing_negative,1,1638732,DG-fbec7b878558,train,expert_fit
VTM-005911,raw_negative/ti_bearing_negative/anatase/anatase_mindat_p1680028_081_raw.jpg,anatase,ti_bearing_negative,1,1680028,DG-a8c6e39bedf3,train,expert_fit
VTM-005913,raw_negative/ti_bearing_negative/anatase/anatase_mindat_p170306_136_raw.jpg,anatase,ti_bearing_negative,1,170306,DG-ab8a3bfc02e4,train,expert_fit
VTM-005915,raw_negative/ti_bearing_negative/anatase/anatase_mindat_p170412_110_raw.jpg,anatase,ti_bearing_negative,1,170412,DG-4dc1bacef99f,train,expert_fit
VTM-005916,raw_negative/ti_bearing_negative/anatase/anatase_mindat_p171036_249_raw.jpg,anatase,ti_bearing_negative,1,171036,DG-7a9bd9623e82,train,expert_fit
VTM-005918,raw_negative/ti_bearing_negative/anatase/anatase_mindat_p171128_244_raw.jpg,anatase,ti_bearing_negative,1,171128,DG-1a9d016a380a,train,expert_fit
VTM-005919,raw_negative/ti_bearing_negative/anatase/anatase_mindat_p171443_284_raw.jpg,anatase,ti_bearing_negative,1,171443,DG-bdee43f142d7,train,expert_fit
VTM-005920,raw_negative/ti_bearing_negative/anatase/anatase_mindat_p172016_269_raw.jpg,anatase,ti_bearing_negative,1,172016,DG-a68ef6de3d18,train,expert_fit
VTM-005921,raw_negative/ti_bearing_negative/anatase/anatase_mindat_p172565_126_raw.jpg,anatase,ti_bearing_negative,1,172565,DG-5ffb56936bfb,train,expert_fit
VTM-005922,raw_negative/ti_bearing_negative/anatase/anatase_mindat_p1730628_024_raw.jpg,anatase,ti_bearing_negative,1,1730628,DG-068c93ce22b4,train,expert_fit
VTM-005923,raw_negative/ti_bearing_negative/anatase/anatase_mindat_p1734225_025_raw.jpg,anatase,ti_bearing_negative,1,1734225,DG-ab1238a20f5e,train,expert_fit
VTM-005925,raw_negative/ti_bearing_negative/anatase/anatase_mindat_p174343_070_raw.jpg,anatase,ti_bearing_negative,1,174343,DG-33344f20b5a2,train,expert_fit
VTM-005929,raw_negative/ti_bearing_negative/anatase/anatase_mindat_p177235_097_raw.jpg,anatase,ti_bearing_negative,1,177235,DG-481426ed9d47,val,expert_stop
VTM-005930,raw_negative/ti_bearing_negative/anatase/anatase_mindat_p177871_005_raw.jpg,anatase,ti_bearing_negative,1,177871,DG-46bea66675d6,train,expert_fit
VTM-005933,raw_negative/ti_bearing_negative/anatase/anatase_mindat_p177897_122_raw.jpg,anatase,ti_bearing_negative,1,177897,DG-c818071813bf,train,expert_fit
VTM-005934,raw_negative/ti_bearing_negative/anatase/anatase_mindat_p181519_036_raw.jpg,anatase,ti_bearing_negative,1,181519,DG-dbc829a309b6,train,expert_fit
VTM-005935,raw_negative/ti_bearing_negative/anatase/anatase_mindat_p182226_065_raw.jpg,anatase,ti_bearing_negative,1,182226,DG-f8fc1824da1b,train,expert_fit
VTM-005937,raw_negative/ti_bearing_negative/anatase/anatase_mindat_p185076_132_raw.jpg,anatase,ti_bearing_negative,1,185076,DG-4425f339563f,val,expert_stop
VTM-005942,raw_negative/ti_bearing_negative/anatase/anatase_mindat_p192408_117_raw.jpg,anatase,ti_bearing_negative,1,192408,DG-095ed79a7a89,train,expert_fit
VTM-005944,raw_negative/ti_bearing_negative/anatase/anatase_mindat_p195563_040_raw.jpg,anatase,ti_bearing_negative,1,195563,DG-6efb26817eb7,train,expert_fit
VTM-005946,raw_negative/ti_bearing_negative/anatase/anatase_mindat_p199054_302_raw.jpg,anatase,ti_bearing_negative,1,199054,DG-043ac1fee3d4,val,expert_stop
VTM-005947,raw_negative/ti_bearing_negative/anatase/anatase_mindat_p199957_274_raw.jpg,anatase,ti_bearing_negative,1,199957,DG-96bc918d08ab,val,expert_stop
VTM-005948,raw_negative/ti_bearing_negative/anatase/anatase_mindat_p200564_023_raw.jpg,anatase,ti_bearing_negative,1,200564,DG-265bfdb66536,train,expert_fit
VTM-005949,raw_negative/ti_bearing_negative/anatase/anatase_mindat_p202140_293_raw.jpg,anatase,ti_bearing_negative,1,202140,DG-a36fc7e75bdd,train,expert_fit
VTM-005950,raw_negative/ti_bearing_negative/anatase/anatase_mindat_p203309_124_raw.jpg,anatase,ti_bearing_negative,1,203309,DG-d58902e949cf,val,expert_stop
VTM-005954,raw_negative/ti_bearing_negative/anatase/anatase_mindat_p206302_106_raw.jpg,anatase,ti_bearing_negative,1,206302,DG-9f881c6d53e6,train,expert_fit
VTM-005957,raw_negative/ti_bearing_negative/anatase/anatase_mindat_p208201_124_raw.jpg,anatase,ti_bearing_negative,1,208201,DG-57184f07dac5,train,expert_fit
VTM-005959,raw_negative/ti_bearing_negative/anatase/anatase_mindat_p208425_097_raw.jpg,anatase,ti_bearing_negative,1,208425,DG-2668fb757267,val,expert_stop
VTM-005960,raw_negative/ti_bearing_negative/anatase/anatase_mindat_p208436_095_raw.jpg,anatase,ti_bearing_negative,1,208436,DG-1101d7add7e8,train,expert_fit
VTM-005961,raw_negative/ti_bearing_negative/anatase/anatase_mindat_p208522_028_raw.jpg,anatase,ti_bearing_negative,1,208522,DG-1aced9ca1e30,train,expert_fit
VTM-005963,raw_negative/ti_bearing_negative/anatase/anatase_mindat_p210373_020_raw.jpg,anatase,ti_bearing_negative,1,210373,DG-84a0a194dc30,val,expert_stop
VTM-005964,raw_negative/ti_bearing_negative/anatase/anatase_mindat_p210999_105_raw.jpg,anatase,ti_bearing_negative,1,210999,DG-cbdffec9150b,train,expert_fit
VTM-005966,raw_negative/ti_bearing_negative/anatase/anatase_mindat_p211001_043_raw.jpg,anatase,ti_bearing_negative,1,211001,DG-28c08b04eb3c,train,expert_fit
VTM-005967,raw_negative/ti_bearing_negative/anatase/anatase_mindat_p211082_068_raw.jpg,anatase,ti_bearing_negative,1,211082,DG-ff30bb1dfca2,train,expert_fit
VTM-005969,raw_negative/ti_bearing_negative/anatase/anatase_mindat_p211086_064_raw.jpg,anatase,ti_bearing_negative,1,211086,DG-ae3a2bfddfaa,train,expert_fit
VTM-005970,raw_negative/ti_bearing_negative/anatase/anatase_mindat_p211087_069_raw.jpg,anatase,ti_bearing_negative,1,211087,DG-21efdf3b2ffc,train,expert_fit
VTM-005971,raw_negative/ti_bearing_negative/anatase/anatase_mindat_p211088_066_raw.jpg,anatase,ti_bearing_negative,1,211088,DG-369724b9271b,train,expert_fit
VTM-005972,raw_negative/ti_bearing_negative/anatase/anatase_mindat_p211090_062_raw.jpg,anatase,ti_bearing_negative,1,211090,DG-aca2dfc4a505,train,expert_fit
VTM-005973,raw_negative/ti_bearing_negative/anatase/anatase_mindat_p211091_044_raw.jpg,anatase,ti_bearing_negative,1,211091,DG-1e9fe2059fb3,train,expert_fit
VTM-005975,raw_negative/ti_bearing_negative/anatase/anatase_mindat_p211093_075_raw.jpg,anatase,ti_bearing_negative,1,211093,DG-7c4499cd4c3b,train,expert_fit
VTM-005976,raw_negative/ti_bearing_negative/anatase/anatase_mindat_p211216_014_raw.jpg,anatase,ti_bearing_negative,1,211216,DG-d1d3cec2c7f8,train,expert_fit
VTM-005978,raw_negative/ti_bearing_negative/anatase/anatase_mindat_p212826_121_raw.jpg,anatase,ti_bearing_negative,1,212826,DG-819ba6162e93,train,expert_fit
VTM-005979,raw_negative/ti_bearing_negative/anatase/anatase_mindat_p212827_127_raw.jpg,anatase,ti_bearing_negative,1,212827,DG-9ec2c5265610,train,expert_fit
VTM-005980,raw_negative/ti_bearing_negative/anatase/anatase_mindat_p212829_126_raw.jpg,anatase,ti_bearing_negative,1,212829,DG-c938591e2b6a,train,expert_fit
VTM-005981,raw_negative/ti_bearing_negative/anatase/anatase_mindat_p213444_159_raw.jpg,anatase,ti_bearing_negative,1,213444,DG-51bd1cbd4407,train,expert_fit
VTM-005982,raw_negative/ti_bearing_negative/anatase/anatase_mindat_p213613_103_raw.jpg,anatase,ti_bearing_negative,1,213613,DG-63644a7ed37c,train,expert_fit
VTM-005983,raw_negative/ti_bearing_negative/anatase/anatase_mindat_p213619_148_raw.jpg,anatase,ti_bearing_negative,1,213619,DG-8a7f42b10c85,train,expert_fit
VTM-005985,raw_negative/ti_bearing_negative/anatase/anatase_mindat_p214261_084_raw.jpg,anatase,ti_bearing_negative,1,214261,DG-de5d423beaa2,train,expert_fit
VTM-005987,raw_negative/ti_bearing_negative/anatase/anatase_mindat_p217729_140_raw.jpg,anatase,ti_bearing_negative,1,217729,DG-cc731ff0d7d1,train,expert_fit
VTM-005990,raw_negative/ti_bearing_negative/anatase/anatase_mindat_p222575_160_raw.jpg,anatase,ti_bearing_negative,1,222575,DG-418900fddbbd,train,expert_fit
VTM-005991,raw_negative/ti_bearing_negative/anatase/anatase_mindat_p225516_146_raw.jpg,anatase,ti_bearing_negative,1,225516,DG-37ce58f9a71b,val,expert_stop
VTM-005994,raw_negative/ti_bearing_negative/anatase/anatase_mindat_p228599_087_raw.jpg,anatase,ti_bearing_negative,1,228599,DG-33fccd751217,train,expert_fit
VTM-005995,raw_negative/ti_bearing_negative/anatase/anatase_mindat_p229763_100_raw.jpg,anatase,ti_bearing_negative,1,229763,DG-b092d388e7e4,train,expert_fit
VTM-005996,raw_negative/ti_bearing_negative/anatase/anatase_mindat_p230024_002_raw.jpg,anatase,ti_bearing_negative,1,230024,DG-187debedc378,train,expert_fit
VTM-005997,raw_negative/ti_bearing_negative/anatase/anatase_mindat_p230257_005_raw.jpg,anatase,ti_bearing_negative,1,230257,DG-b691f6a4cccd,train,expert_fit
VTM-005998,raw_negative/ti_bearing_negative/anatase/anatase_mindat_p231535_008_raw.jpg,anatase,ti_bearing_negative,1,231535,DG-3bded29fb736,val,expert_stop
VTM-006000,raw_negative/ti_bearing_negative/anatase/anatase_mindat_p231775_018_raw.jpg,anatase,ti_bearing_negative,1,231775,DG-03b2e72595b3,train,expert_fit
VTM-006001,raw_negative/ti_bearing_negative/anatase/anatase_mindat_p231776_021_raw.jpg,anatase,ti_bearing_negative,1,231776,DG-95c5497ecb62,train,expert_fit
VTM-006003,raw_negative/ti_bearing_negative/anatase/anatase_mindat_p231778_012_raw.jpg,anatase,ti_bearing_negative,1,231778,DG-9e1dce4c666e,train,expert_fit
VTM-006005,raw_negative/ti_bearing_negative/anatase/anatase_mindat_p233625_141_raw.jpg,anatase,ti_bearing_negative,1,233625,DG-b8f3b0421b96,train,expert_fit
VTM-006007,raw_negative/ti_bearing_negative/anatase/anatase_mindat_p234684_123_raw.jpg,anatase,ti_bearing_negative,1,234684,DG-104b2c508b47,val,expert_stop
VTM-006010,raw_negative/ti_bearing_negative/anatase/anatase_mindat_p235188_145_raw.jpg,anatase,ti_bearing_negative,1,235188,DG-647f0f1a0f99,train,expert_fit
VTM-006011,raw_negative/ti_bearing_negative/anatase/anatase_mindat_p235780_025_raw.jpg,anatase,ti_bearing_negative,1,235780,DG-139cd479b6fc,train,expert_fit
VTM-006012,raw_negative/ti_bearing_negative/anatase/anatase_mindat_p235781_028_raw.jpg,anatase,ti_bearing_negative,1,235781,DG-3c95894c5a40,train,expert_fit
VTM-006013,raw_negative/ti_bearing_negative/anatase/anatase_mindat_p235782_031_raw.jpg,anatase,ti_bearing_negative,1,235782,DG-61a89abdebfb,train,expert_fit
VTM-006016,raw_negative/ti_bearing_negative/anatase/anatase_mindat_p236869_117_raw.jpg,anatase,ti_bearing_negative,1,236869,DG-535997e25c60,train,expert_fit
VTM-006017,raw_negative/ti_bearing_negative/anatase/anatase_mindat_p237045_146_raw.jpg,anatase,ti_bearing_negative,1,237045,DG-bd75fac5c82b,train,expert_fit
VTM-006018,raw_negative/ti_bearing_negative/anatase/anatase_mindat_p237323_129_raw.jpg,anatase,ti_bearing_negative,1,237323,DG-c860d0248218,val,expert_stop
VTM-006019,raw_negative/ti_bearing_negative/anatase/anatase_mindat_p237331_104_raw.jpg,anatase,ti_bearing_negative,1,237331,DG-85cc7ddca8f1,train,expert_fit
VTM-006020,raw_negative/ti_bearing_negative/anatase/anatase_mindat_p237538_030_raw.jpg,anatase,ti_bearing_negative,1,237538,DG-7e9e9cd1bf0c,train,expert_fit
VTM-006021,raw_negative/ti_bearing_negative/anatase/anatase_mindat_p237721_016_raw.jpg,anatase,ti_bearing_negative,1,237721,DG-ca17d7e11fdd,train,expert_fit
VTM-006022,raw_negative/ti_bearing_negative/anatase/anatase_mindat_p237722_057_raw.jpg,anatase,ti_bearing_negative,1,237722,DG-c8f43cf62969,train,expert_fit
VTM-006024,raw_negative/ti_bearing_negative/anatase/anatase_mindat_p237872_105_raw.jpg,anatase,ti_bearing_negative,1,237872,DG-af2c248871cb,train,expert_fit
VTM-006027,raw_negative/ti_bearing_negative/anatase/anatase_mindat_p238982_147_raw.jpg,anatase,ti_bearing_negative,1,238982,DG-39ce6d397743,val,expert_stop
VTM-006028,raw_negative/ti_bearing_negative/anatase/anatase_mindat_p238983_125_raw.jpg,anatase,ti_bearing_negative,1,238983,DG-b690f4be7dd4,train,expert_fit
VTM-006031,raw_negative/ti_bearing_negative/anatase/anatase_mindat_p240044_047_raw.jpg,anatase,ti_bearing_negative,1,240044,DG-0bd68f58e9b0,train,expert_fit
VTM-006033,raw_negative/ti_bearing_negative/anatase/anatase_mindat_p243634_053_raw.jpg,anatase,ti_bearing_negative,1,243634,DG-f364e0776340,train,expert_fit
VTM-006034,raw_negative/ti_bearing_negative/anatase/anatase_mindat_p244896_089_raw.jpg,anatase,ti_bearing_negative,1,244896,DG-3bea6acbbaff,train,expert_fit
VTM-006035,raw_negative/ti_bearing_negative/anatase/anatase_mindat_p244994_015_raw.jpg,anatase,ti_bearing_negative,1,244994,DG-044a94b9d955,train,expert_fit
VTM-006038,raw_negative/ti_bearing_negative/anatase/anatase_mindat_p245742_022_raw.jpg,anatase,ti_bearing_negative,1,245742,DG-70b20ffae56f,train,expert_fit
VTM-006039,raw_negative/ti_bearing_negative/anatase/anatase_mindat_p248415_182_raw.jpg,anatase,ti_bearing_negative,1,248415,DG-538a5cd77f21,val,expert_stop
VTM-006040,raw_negative/ti_bearing_negative/anatase/anatase_mindat_p248418_192_raw.jpg,anatase,ti_bearing_negative,1,248418,DG-b1f45917babf,val,expert_stop
VTM-006042,raw_negative/ti_bearing_negative/anatase/anatase_mindat_p252901_133_raw.jpg,anatase,ti_bearing_negative,1,252901,DG-ceb0192f51e1,val,expert_stop
VTM-006043,raw_negative/ti_bearing_negative/anatase/anatase_mindat_p252903_135_raw.jpg,anatase,ti_bearing_negative,1,252903,DG-5f48237b5d82,train,expert_fit
VTM-006046,raw_negative/ti_bearing_negative/anatase/anatase_mindat_p260249_052_raw.jpg,anatase,ti_bearing_negative,1,260249,DG-2a7fde7bf924,train,expert_fit
VTM-006048,raw_negative/ti_bearing_negative/anatase/anatase_mindat_p260493_038_raw.jpg,anatase,ti_bearing_negative,1,260493,DG-c6bb124caa9c,train,expert_fit
VTM-006049,raw_negative/ti_bearing_negative/anatase/anatase_mindat_p260494_072_raw.jpg,anatase,ti_bearing_negative,1,260494,DG-1f15edf7d003,val,expert_stop
VTM-006050,raw_negative/ti_bearing_negative/anatase/anatase_mindat_p260961_029_raw.jpg,anatase,ti_bearing_negative,1,260961,DG-839a2cfc810b,train,expert_fit
VTM-006051,raw_negative/ti_bearing_negative/anatase/anatase_mindat_p261094_112_raw.jpg,anatase,ti_bearing_negative,1,261094,DG-601f95d04581,val,expert_stop
VTM-006052,raw_negative/ti_bearing_negative/anatase/anatase_mindat_p261099_132_raw.jpg,anatase,ti_bearing_negative,1,261099,DG-4e1c198c1a29,train,expert_fit
VTM-006053,raw_negative/ti_bearing_negative/anatase/anatase_mindat_p261381_137_raw.jpg,anatase,ti_bearing_negative,1,261381,DG-d78d2dfe2bcf,val,expert_stop
VTM-006054,raw_negative/ti_bearing_negative/anatase/anatase_mindat_p262907_072_raw.jpg,anatase,ti_bearing_negative,1,262907,DG-50b9aa80cda0,train,expert_fit
VTM-006055,raw_negative/ti_bearing_negative/anatase/anatase_mindat_p268659_014_raw.jpg,anatase,ti_bearing_negative,1,268659,DG-2cb3cc257240,train,expert_fit
VTM-006056,raw_negative/ti_bearing_negative/anatase/anatase_mindat_p268660_004_raw.jpg,anatase,ti_bearing_negative,1,268660,DG-fcfcf212aa5f,train,expert_fit
VTM-006058,raw_negative/ti_bearing_negative/anatase/anatase_mindat_p268700_142_raw.jpg,anatase,ti_bearing_negative,1,268700,DG-01c175894021,train,expert_fit
VTM-006061,raw_negative/ti_bearing_negative/anatase/anatase_mindat_p271458_003_raw.jpg,anatase,ti_bearing_negative,1,271458,DG-46352f7321f1,train,expert_fit
VTM-006062,raw_negative/ti_bearing_negative/anatase/anatase_mindat_p271460_006_raw.jpg,anatase,ti_bearing_negative,1,271460,DG-4b73ea3bd7f3,train,expert_fit
VTM-006064,raw_negative/ti_bearing_negative/anatase/anatase_mindat_p274455_004_raw.jpg,anatase,ti_bearing_negative,1,274455,DG-325792353b9c,train,expert_fit
VTM-006065,raw_negative/ti_bearing_negative/anatase/anatase_mindat_p274598_032_raw.jpg,anatase,ti_bearing_negative,1,274598,DG-6f99856a3544,train,expert_fit
VTM-006067,raw_negative/ti_bearing_negative/anatase/anatase_mindat_p274926_062_raw.jpg,anatase,ti_bearing_negative,1,274926,DG-2cdc6824216d,train,expert_fit
VTM-006068,raw_negative/ti_bearing_negative/anatase/anatase_mindat_p275461_040_raw.jpg,anatase,ti_bearing_negative,1,275461,DG-c8fcb201edad,train,expert_fit
VTM-006069,raw_negative/ti_bearing_negative/anatase/anatase_mindat_p275665_051_raw.jpg,anatase,ti_bearing_negative,1,275665,DG-75a83b529d1b,train,expert_fit
VTM-006071,raw_negative/ti_bearing_negative/anatase/anatase_mindat_p277059_076_raw.jpg,anatase,ti_bearing_negative,1,277059,DG-ce7b9b5c89fb,train,expert_fit
VTM-006074,raw_negative/ti_bearing_negative/anatase/anatase_mindat_p278188_012_raw.jpg,anatase,ti_bearing_negative,1,278188,DG-9e8e45acb3bc,train,expert_fit
VTM-006075,raw_negative/ti_bearing_negative/anatase/anatase_mindat_p278547_199_raw.jpg,anatase,ti_bearing_negative,1,278547,DG-482f84d024e3,train,expert_fit
VTM-006077,raw_negative/ti_bearing_negative/anatase/anatase_mindat_p278941_031_raw.jpg,anatase,ti_bearing_negative,1,278941,DG-33e5d90da9d5,train,expert_fit
VTM-006078,raw_negative/ti_bearing_negative/anatase/anatase_mindat_p278943_063_raw.jpg,anatase,ti_bearing_negative,1,278943,DG-edfe25bba75f,val,expert_stop
VTM-006079,raw_negative/ti_bearing_negative/anatase/anatase_mindat_p280638_131_raw.jpg,anatase,ti_bearing_negative,1,280638,DG-c4af61589769,train,expert_fit
VTM-006080,raw_negative/ti_bearing_negative/anatase/anatase_mindat_p280639_023_raw.jpg,anatase,ti_bearing_negative,1,280639,DG-0c340a297abd,train,expert_fit
VTM-006082,raw_negative/ti_bearing_negative/anatase/anatase_mindat_p282966_175_raw.jpg,anatase,ti_bearing_negative,1,282966,DG-98e81feb4fe8,val,expert_stop
VTM-006084,raw_negative/ti_bearing_negative/anatase/anatase_mindat_p285390_149_raw.jpg,anatase,ti_bearing_negative,1,285390,DG-309d34ed9140,train,expert_fit
VTM-006088,raw_negative/ti_bearing_negative/anatase/anatase_mindat_p288680_255_raw.jpg,anatase,ti_bearing_negative,1,288680,DG-469cddc8381b,val,expert_stop
VTM-006090,raw_negative/ti_bearing_negative/anatase/anatase_mindat_p289642_145_raw.jpg,anatase,ti_bearing_negative,1,289642,DG-6e7925c3ca49,train,expert_fit
VTM-006091,raw_negative/ti_bearing_negative/anatase/anatase_mindat_p289643_159_raw.jpg,anatase,ti_bearing_negative,1,289643,DG-15a1d3e070d6,train,expert_fit
VTM-006093,raw_negative/ti_bearing_negative/anatase/anatase_mindat_p289645_177_raw.jpg,anatase,ti_bearing_negative,1,289645,DG-124f665ca336,train,expert_fit
VTM-006094,raw_negative/ti_bearing_negative/anatase/anatase_mindat_p291531_165_raw.jpg,anatase,ti_bearing_negative,1,291531,DG-6a834fd64d19,val,expert_stop
VTM-006096,raw_negative/ti_bearing_negative/anatase/anatase_mindat_p291952_108_raw.jpg,anatase,ti_bearing_negative,1,291952,DG-b807419f51c0,train,expert_fit
VTM-006098,raw_negative/ti_bearing_negative/anatase/anatase_mindat_p292310_154_raw.jpg,anatase,ti_bearing_negative,1,292310,DG-3ed15375e869,val,expert_stop
VTM-006101,raw_negative/ti_bearing_negative/anatase/anatase_mindat_p293479_027_raw.jpg,anatase,ti_bearing_negative,1,293479,DG-34f9aa3cc4c2,val,expert_stop
VTM-006102,raw_negative/ti_bearing_negative/anatase/anatase_mindat_p293929_142_raw.jpg,anatase,ti_bearing_negative,1,293929,DG-102cb58042c5,train,expert_fit
VTM-006105,raw_negative/ti_bearing_negative/anatase/anatase_mindat_p297795_094_raw.jpg,anatase,ti_bearing_negative,1,297795,DG-75ba28445f74,train,expert_fit
VTM-006106,raw_negative/ti_bearing_negative/anatase/anatase_mindat_p298936_060_raw.jpg,anatase,ti_bearing_negative,1,298936,DG-bcde780e96a5,train,expert_fit
VTM-006107,raw_negative/ti_bearing_negative/anatase/anatase_mindat_p299340_162_raw.jpg,anatase,ti_bearing_negative,1,299340,DG-702297ca89ad,train,expert_fit
VTM-006111,raw_negative/ti_bearing_negative/anatase/anatase_mindat_p302385_295_raw.jpg,anatase,ti_bearing_negative,1,302385,DG-ff2f5d685059,train,expert_fit
VTM-006112,raw_negative/ti_bearing_negative/anatase/anatase_mindat_p303048_090_raw.jpg,anatase,ti_bearing_negative,1,303048,DG-ccaf28d391fb,train,expert_fit
VTM-006113,raw_negative/ti_bearing_negative/anatase/anatase_mindat_p303049_109_raw.jpg,anatase,ti_bearing_negative,1,303049,DG-3ea250d09846,val,expert_stop
VTM-006115,raw_negative/ti_bearing_negative/anatase/anatase_mindat_p303173_156_raw.jpg,anatase,ti_bearing_negative,1,303173,DG-96d5b67ed849,train,expert_fit
VTM-006117,raw_negative/ti_bearing_negative/anatase/anatase_mindat_p313134_145_raw.jpg,anatase,ti_bearing_negative,1,313134,DG-c10118bf2fc4,val,expert_stop
VTM-006119,raw_negative/ti_bearing_negative/anatase/anatase_mindat_p313816_088_raw.jpg,anatase,ti_bearing_negative,1,313816,DG-a519b39a64a9,train,expert_fit
VTM-006120,raw_negative/ti_bearing_negative/anatase/anatase_mindat_p316736_026_raw.jpg,anatase,ti_bearing_negative,1,316736,DG-69e8ed86e944,train,expert_fit
VTM-006123,raw_negative/ti_bearing_negative/anatase/anatase_mindat_p318647_061_raw.jpg,anatase,ti_bearing_negative,1,318647,DG-473628e6ebc0,train,expert_fit
VTM-006124,raw_negative/ti_bearing_negative/anatase/anatase_mindat_p319836_056_raw.jpg,anatase,ti_bearing_negative,1,319836,DG-879e7de0c026,train,expert_fit
VTM-006125,raw_negative/ti_bearing_negative/anatase/anatase_mindat_p321378_093_raw.jpg,anatase,ti_bearing_negative,1,321378,DG-4a806d32fad4,train,expert_fit
VTM-006126,raw_negative/ti_bearing_negative/anatase/anatase_mindat_p321379_109_raw.jpg,anatase,ti_bearing_negative,1,321379,DG-1f9d4f54903d,train,expert_fit
VTM-006129,raw_negative/ti_bearing_negative/anatase/anatase_mindat_p324466_031_raw.jpg,anatase,ti_bearing_negative,1,324466,DG-41d7b86a478c,train,expert_fit
VTM-006130,raw_negative/ti_bearing_negative/anatase/anatase_mindat_p324480_029_raw.jpg,anatase,ti_bearing_negative,1,324480,DG-66f7bd3715d4,train,expert_fit
VTM-006131,raw_negative/ti_bearing_negative/anatase/anatase_mindat_p324536_033_raw.jpg,anatase,ti_bearing_negative,1,324536,DG-fb09962f67da,train,expert_fit
VTM-006132,raw_negative/ti_bearing_negative/anatase/anatase_mindat_p325293_043_raw.jpg,anatase,ti_bearing_negative,1,325293,DG-15804ae5a88f,train,expert_fit
VTM-006134,raw_negative/ti_bearing_negative/anatase/anatase_mindat_p325451_039_raw.jpg,anatase,ti_bearing_negative,1,325451,DG-268e20a41bdb,train,expert_fit
VTM-006136,raw_negative/ti_bearing_negative/anatase/anatase_mindat_p325453_048_raw.jpg,anatase,ti_bearing_negative,1,325453,DG-b9823c9e17e8,train,expert_fit
VTM-006138,raw_negative/ti_bearing_negative/anatase/anatase_mindat_p325681_158_raw.jpg,anatase,ti_bearing_negative,1,325681,DG-456f3912b031,train,expert_fit
VTM-006140,raw_negative/ti_bearing_negative/anatase/anatase_mindat_p326174_112_raw.jpg,anatase,ti_bearing_negative,1,326174,DG-cc73decfbb96,train,expert_fit
VTM-006143,raw_negative/ti_bearing_negative/anatase/anatase_mindat_p326970_166_raw.jpg,anatase,ti_bearing_negative,1,326970,DG-160a05e6c1b1,val,expert_stop
VTM-006145,raw_negative/ti_bearing_negative/anatase/anatase_mindat_p329125_296_raw.jpg,anatase,ti_bearing_negative,1,329125,DG-8edd14eb12e9,train,expert_fit
VTM-006149,raw_negative/ti_bearing_negative/anatase/anatase_mindat_p329505_301_raw.jpg,anatase,ti_bearing_negative,1,329505,DG-5567451d4304,val,expert_stop
VTM-006151,raw_negative/ti_bearing_negative/anatase/anatase_mindat_p332093_294_raw.jpg,anatase,ti_bearing_negative,1,332093,DG-4134baf148b5,train,expert_fit
VTM-006152,raw_negative/ti_bearing_negative/anatase/anatase_mindat_p334375_081_raw.jpg,anatase,ti_bearing_negative,1,334375,DG-addc2c073362,val,expert_stop
VTM-006153,raw_negative/ti_bearing_negative/anatase/anatase_mindat_p335894_067_raw.jpg,anatase,ti_bearing_negative,1,335894,DG-e5168048178b,train,expert_fit
VTM-006156,raw_negative/ti_bearing_negative/anatase/anatase_mindat_p340016_013_raw.jpg,anatase,ti_bearing_negative,1,340016,DG-949d12188648,val,expert_stop
VTM-006157,raw_negative/ti_bearing_negative/anatase/anatase_mindat_p340017_022_raw.jpg,anatase,ti_bearing_negative,1,340017,DG-148c44f2201f,val,expert_stop
VTM-006162,raw_negative/ti_bearing_negative/anatase/anatase_mindat_p342503_036_raw.jpg,anatase,ti_bearing_negative,1,342503,DG-7ccf32154d3f,train,expert_fit
VTM-006163,raw_negative/ti_bearing_negative/anatase/anatase_mindat_p343146_086_raw.jpg,anatase,ti_bearing_negative,1,343146,DG-25ee34f11a10,train,expert_fit
VTM-006165,raw_negative/ti_bearing_negative/anatase/anatase_mindat_p346475_073_raw.jpg,anatase,ti_bearing_negative,1,346475,DG-7dec16db5cba,val,expert_stop
VTM-006167,raw_negative/ti_bearing_negative/anatase/anatase_mindat_p347748_023_raw.jpg,anatase,ti_bearing_negative,1,347748,DG-53515bac98a2,train,expert_fit
VTM-006170,raw_negative/ti_bearing_negative/anatase/anatase_mindat_p353943_031_raw.jpg,anatase,ti_bearing_negative,1,353943,DG-8ec3c654c37f,train,expert_fit
VTM-006171,raw_negative/ti_bearing_negative/anatase/anatase_mindat_p355230_181_raw.jpg,anatase,ti_bearing_negative,1,355230,DG-2105739ba86d,train,expert_fit
VTM-006174,raw_negative/ti_bearing_negative/anatase/anatase_mindat_p355767_080_raw.jpg,anatase,ti_bearing_negative,1,355767,DG-b43e4fba2ef7,train,expert_fit
VTM-006175,raw_negative/ti_bearing_negative/anatase/anatase_mindat_p357086_107_raw.jpg,anatase,ti_bearing_negative,1,357086,DG-9f33f4afed4e,train,expert_fit
VTM-006176,raw_negative/ti_bearing_negative/anatase/anatase_mindat_p357087_105_raw.jpg,anatase,ti_bearing_negative,1,357087,DG-c8fd17a0146b,train,expert_fit
VTM-006177,raw_negative/ti_bearing_negative/anatase/anatase_mindat_p358639_082_raw.jpg,anatase,ti_bearing_negative,1,358639,DG-c73319b31e52,train,expert_fit
VTM-006178,raw_negative/ti_bearing_negative/anatase/anatase_mindat_p358850_034_raw.jpg,anatase,ti_bearing_negative,1,358850,DG-888c287a8dc5,train,expert_fit
VTM-006179,raw_negative/ti_bearing_negative/anatase/anatase_mindat_p358893_046_raw.jpg,anatase,ti_bearing_negative,1,358893,DG-5d8a52bdcbe9,val,expert_stop
VTM-006180,raw_negative/ti_bearing_negative/anatase/anatase_mindat_p358898_054_raw.jpg,anatase,ti_bearing_negative,1,358898,DG-7bcb2288096d,train,expert_fit
VTM-006181,raw_negative/ti_bearing_negative/anatase/anatase_mindat_p359165_067_raw.jpg,anatase,ti_bearing_negative,1,359165,DG-004c2aa8d0f4,train,expert_fit
VTM-006182,raw_negative/ti_bearing_negative/anatase/anatase_mindat_p361567_108_raw.jpg,anatase,ti_bearing_negative,1,361567,DG-70a55a31be3a,train,expert_fit
VTM-006183,raw_negative/ti_bearing_negative/anatase/anatase_mindat_p361568_111_raw.jpg,anatase,ti_bearing_negative,1,361568,DG-1c570684a421,train,expert_fit
VTM-006185,raw_negative/ti_bearing_negative/anatase/anatase_mindat_p362954_025_raw.jpg,anatase,ti_bearing_negative,1,362954,DG-6bd6b14c4c53,train,expert_fit
VTM-006187,raw_negative/ti_bearing_negative/anatase/anatase_mindat_p364588_106_raw.jpg,anatase,ti_bearing_negative,1,364588,DG-3002da884dc4,train,expert_fit
VTM-006188,raw_negative/ti_bearing_negative/anatase/anatase_mindat_p365124_107_raw.jpg,anatase,ti_bearing_negative,1,365124,DG-8e97691f77b4,train,expert_fit
VTM-006190,raw_negative/ti_bearing_negative/anatase/anatase_mindat_p366044_003_raw.jpg,anatase,ti_bearing_negative,1,366044,DG-2e99b61428e0,train,expert_fit
VTM-006191,raw_negative/ti_bearing_negative/anatase/anatase_mindat_p367894_085_raw.jpg,anatase,ti_bearing_negative,1,367894,DG-cc58eca9a40c,train,expert_fit
VTM-006192,raw_negative/ti_bearing_negative/anatase/anatase_mindat_p368981_150_raw.jpg,anatase,ti_bearing_negative,1,368981,DG-62ef89151ec7,train,expert_fit
VTM-006193,raw_negative/ti_bearing_negative/anatase/anatase_mindat_p368988_149_raw.jpg,anatase,ti_bearing_negative,1,368988,DG-268095292434,train,expert_fit
VTM-006194,raw_negative/ti_bearing_negative/anatase/anatase_mindat_p371371_016_raw.jpg,anatase,ti_bearing_negative,1,371371,DG-0c7ea643bdd7,train,expert_fit
VTM-006195,raw_negative/ti_bearing_negative/anatase/anatase_mindat_p371377_101_raw.jpg,anatase,ti_bearing_negative,1,371377,DG-9bdef8ad78aa,train,expert_fit
VTM-006196,raw_negative/ti_bearing_negative/anatase/anatase_mindat_p371484_100_raw.jpg,anatase,ti_bearing_negative,1,371484,DG-a1043c7bb269,val,expert_stop
VTM-006197,raw_negative/ti_bearing_negative/anatase/anatase_mindat_p373010_026_raw.jpg,anatase,ti_bearing_negative,1,373010,DG-a8e2877674ec,train,expert_fit
VTM-006199,raw_negative/ti_bearing_negative/anatase/anatase_mindat_p376395_037_raw.jpg,anatase,ti_bearing_negative,1,376395,DG-4b50c8d082fb,train,expert_fit
VTM-006200,raw_negative/ti_bearing_negative/anatase/anatase_mindat_p376396_039_raw.jpg,anatase,ti_bearing_negative,1,376396,DG-565ae897b5fa,train,expert_fit
VTM-006201,raw_negative/ti_bearing_negative/anatase/anatase_mindat_p376669_059_raw.jpg,anatase,ti_bearing_negative,1,376669,DG-488fcfc9941e,train,expert_fit
VTM-006203,raw_negative/ti_bearing_negative/anatase/anatase_mindat_p378765_111_raw.jpg,anatase,ti_bearing_negative,1,378765,DG-f3d7da0c67c9,train,expert_fit
VTM-006206,raw_negative/ti_bearing_negative/anatase/anatase_mindat_p379626_095_raw.jpg,anatase,ti_bearing_negative,1,379626,DG-c25a5b6d8dc2,train,expert_fit
VTM-006208,raw_negative/ti_bearing_negative/anatase/anatase_mindat_p381347_004_raw.jpg,anatase,ti_bearing_negative,1,381347,DG-0bef47ac71ef,train,expert_fit
VTM-006210,raw_negative/ti_bearing_negative/anatase/anatase_mindat_p381349_005_raw.jpg,anatase,ti_bearing_negative,1,381349,DG-632202429100,train,expert_fit
VTM-006212,raw_negative/ti_bearing_negative/anatase/anatase_mindat_p386657_094_raw.jpg,anatase,ti_bearing_negative,1,386657,DG-6305eb515c1f,train,expert_fit
VTM-006213,raw_negative/ti_bearing_negative/anatase/anatase_mindat_p386658_115_raw.jpg,anatase,ti_bearing_negative,1,386658,DG-4cae2018f0f0,train,expert_fit
VTM-006215,raw_negative/ti_bearing_negative/anatase/anatase_mindat_p391843_099_raw.jpg,anatase,ti_bearing_negative,1,391843,DG-e3659b7f2ffc,train,expert_fit
VTM-006219,raw_negative/ti_bearing_negative/anatase/anatase_mindat_p394857_041_raw.jpg,anatase,ti_bearing_negative,1,394857,DG-ed4bd6194691,train,expert_fit
VTM-006220,raw_negative/ti_bearing_negative/anatase/anatase_mindat_p395173_041_raw.jpg,anatase,ti_bearing_negative,1,395173,DG-872d3b335023,train,expert_fit
VTM-006222,raw_negative/ti_bearing_negative/anatase/anatase_mindat_p395960_143_raw.jpg,anatase,ti_bearing_negative,1,395960,DG-c922f2459e4c,train,expert_fit
VTM-006225,raw_negative/ti_bearing_negative/anatase/anatase_mindat_p398896_038_raw.jpg,anatase,ti_bearing_negative,1,398896,DG-bef03e770623,train,expert_fit
VTM-006227,raw_negative/ti_bearing_negative/anatase/anatase_mindat_p400381_118_raw.jpg,anatase,ti_bearing_negative,1,400381,DG-e0afa4491647,train,expert_fit
VTM-006228,raw_negative/ti_bearing_negative/anatase/anatase_mindat_p402529_143_raw.jpg,anatase,ti_bearing_negative,1,402529,DG-f949a61cf823,train,expert_fit
VTM-006229,raw_negative/ti_bearing_negative/anatase/anatase_mindat_p402673_101_raw.jpg,anatase,ti_bearing_negative,1,402673,DG-ef62715a621d,train,expert_fit
VTM-006230,raw_negative/ti_bearing_negative/anatase/anatase_mindat_p402858_029_raw.jpg,anatase,ti_bearing_negative,1,402858,DG-2a93a971ac28,train,expert_fit
VTM-006231,raw_negative/ti_bearing_negative/anatase/anatase_mindat_p402980_152_raw.jpg,anatase,ti_bearing_negative,1,402980,DG-5dbf4f8e5127,train,expert_fit
VTM-006232,raw_negative/ti_bearing_negative/anatase/anatase_mindat_p403026_150_raw.jpg,anatase,ti_bearing_negative,1,403026,DG-c2e1b49c4eab,val,expert_stop
VTM-006233,raw_negative/ti_bearing_negative/anatase/anatase_mindat_p407668_058_raw.jpg,anatase,ti_bearing_negative,1,407668,DG-108a7fa19e82,train,expert_fit
VTM-006235,raw_negative/ti_bearing_negative/anatase/anatase_mindat_p414201_208_raw.jpg,anatase,ti_bearing_negative,1,414201,DG-896bfb106724,val,expert_stop
VTM-006237,raw_negative/ti_bearing_negative/anatase/anatase_mindat_p421841_114_raw.jpg,anatase,ti_bearing_negative,1,421841,DG-7d88b6dc8036,train,expert_fit
VTM-006242,raw_negative/ti_bearing_negative/anatase/anatase_mindat_p425397_117_raw.jpg,anatase,ti_bearing_negative,1,425397,DG-e69012fa6495,train,expert_fit
VTM-006243,raw_negative/ti_bearing_negative/anatase/anatase_mindat_p426621_067_raw.jpg,anatase,ti_bearing_negative,1,426621,DG-57a15d073c17,train,expert_fit
VTM-006244,raw_negative/ti_bearing_negative/anatase/anatase_mindat_p426943_147_raw.jpg,anatase,ti_bearing_negative,1,426943,DG-87fee055cb0f,val,expert_stop
VTM-006246,raw_negative/ti_bearing_negative/anatase/anatase_mindat_p427566_150_raw.jpg,anatase,ti_bearing_negative,1,427566,DG-bf1e600c7bed,train,expert_fit
VTM-006248,raw_negative/ti_bearing_negative/anatase/anatase_mindat_p429662_018_raw.jpg,anatase,ti_bearing_negative,1,429662,DG-ed8295f206d1,train,expert_fit
VTM-006250,raw_negative/ti_bearing_negative/anatase/anatase_mindat_p430901_116_raw.jpg,anatase,ti_bearing_negative,1,430901,DG-c86707a37d9f,train,expert_fit
VTM-006251,raw_negative/ti_bearing_negative/anatase/anatase_mindat_p431687_044_raw.jpg,anatase,ti_bearing_negative,1,431687,DG-e51486f34f05,train,expert_fit
VTM-006252,raw_negative/ti_bearing_negative/anatase/anatase_mindat_p432091_152_raw.jpg,anatase,ti_bearing_negative,1,432091,DG-b71f7a0eedef,val,expert_stop
VTM-006253,raw_negative/ti_bearing_negative/anatase/anatase_mindat_p432399_142_raw.jpg,anatase,ti_bearing_negative,1,432399,DG-b070be6e4bc0,train,expert_fit
VTM-006255,raw_negative/ti_bearing_negative/anatase/anatase_mindat_p432490_137_raw.jpg,anatase,ti_bearing_negative,1,432490,DG-457ca85147b4,val,expert_stop
VTM-006256,raw_negative/ti_bearing_negative/anatase/anatase_mindat_p433831_046_raw.jpg,anatase,ti_bearing_negative,1,433831,DG-2d4ccef1110f,train,expert_fit
VTM-006257,raw_negative/ti_bearing_negative/anatase/anatase_mindat_p434372_019_raw.jpg,anatase,ti_bearing_negative,1,434372,DG-897610d3f51d,val,expert_stop
VTM-006259,raw_negative/ti_bearing_negative/anatase/anatase_mindat_p437379_072_raw.jpg,anatase,ti_bearing_negative,1,437379,DG-c1c9a9676dc6,train,expert_fit
VTM-006261,raw_negative/ti_bearing_negative/anatase/anatase_mindat_p439078_110_raw.jpg,anatase,ti_bearing_negative,1,439078,DG-5447bd9f4019,train,expert_fit
VTM-006262,raw_negative/ti_bearing_negative/anatase/anatase_mindat_p439814_163_raw.jpg,anatase,ti_bearing_negative,1,439814,DG-fbf7eb9f2758,train,expert_fit
VTM-006265,raw_negative/ti_bearing_negative/anatase/anatase_mindat_p439997_175_raw.jpg,anatase,ti_bearing_negative,1,439997,DG-abf8e1a9fe0f,train,expert_fit
VTM-006266,raw_negative/ti_bearing_negative/anatase/anatase_mindat_p439998_184_raw.jpg,anatase,ti_bearing_negative,1,439998,DG-f8bf9864798b,train,expert_fit
VTM-006268,raw_negative/ti_bearing_negative/anatase/anatase_mindat_p440075_189_raw.jpg,anatase,ti_bearing_negative,1,440075,DG-b7ec71c2e85f,train,expert_fit
VTM-006270,raw_negative/ti_bearing_negative/anatase/anatase_mindat_p441465_185_raw.jpg,anatase,ti_bearing_negative,1,441465,DG-8731b9bd64af,train,expert_fit
VTM-006272,raw_negative/ti_bearing_negative/anatase/anatase_mindat_p441469_187_raw.jpg,anatase,ti_bearing_negative,1,441469,DG-3b8cc96142ea,train,expert_fit
VTM-006273,raw_negative/ti_bearing_negative/anatase/anatase_mindat_p443768_113_raw.jpg,anatase,ti_bearing_negative,1,443768,DG-4df697709694,train,expert_fit
VTM-006274,raw_negative/ti_bearing_negative/anatase/anatase_mindat_p444250_031_raw.jpg,anatase,ti_bearing_negative,1,444250,DG-796ab43f6114,train,expert_fit
VTM-006275,raw_negative/ti_bearing_negative/anatase/anatase_mindat_p444746_055_raw.jpg,anatase,ti_bearing_negative,1,444746,DG-0cfec24c3e2e,train,expert_fit
VTM-006276,raw_negative/ti_bearing_negative/anatase/anatase_mindat_p449592_166_raw.jpg,anatase,ti_bearing_negative,1,449592,DG-eb341a6de4eb,train,expert_fit
VTM-006278,raw_negative/ti_bearing_negative/anatase/anatase_mindat_p454628_033_raw.jpg,anatase,ti_bearing_negative,1,454628,DG-16f936dd9298,train,expert_fit
VTM-006282,raw_negative/ti_bearing_negative/anatase/anatase_mindat_p471144_006_raw.jpg,anatase,ti_bearing_negative,1,471144,DG-6918d9390f09,train,expert_fit
VTM-006283,raw_negative/ti_bearing_negative/anatase/anatase_mindat_p487488_035_raw.jpg,anatase,ti_bearing_negative,1,487488,DG-5a8771d91bdf,train,expert_fit
VTM-006284,raw_negative/ti_bearing_negative/anatase/anatase_mindat_p487929_019_raw.jpg,anatase,ti_bearing_negative,1,487929,DG-0886836ef8d6,train,expert_fit
VTM-006285,raw_negative/ti_bearing_negative/anatase/anatase_mindat_p491203_146_raw.jpg,anatase,ti_bearing_negative,1,491203,DG-8f5c4b4d6175,val,expert_stop
VTM-006287,raw_negative/ti_bearing_negative/anatase/anatase_mindat_p499768_052_raw.jpg,anatase,ti_bearing_negative,1,499768,DG-3a3501476b61,train,expert_fit
VTM-006288,raw_negative/ti_bearing_negative/anatase/anatase_mindat_p501431_148_raw.jpg,anatase,ti_bearing_negative,1,501431,DG-1d9620e42eee,train,expert_fit
VTM-006291,raw_negative/ti_bearing_negative/anatase/anatase_mindat_p505264_050_raw.jpg,anatase,ti_bearing_negative,1,505264,DG-02083579fa1d,val,expert_stop
VTM-006295,raw_negative/ti_bearing_negative/anatase/anatase_mindat_p509645_082_raw.jpg,anatase,ti_bearing_negative,1,509645,DG-4626d47e0927,train,expert_fit
VTM-006297,raw_negative/ti_bearing_negative/anatase/anatase_mindat_p510193_016_raw.jpg,anatase,ti_bearing_negative,1,510193,DG-12826ca448bd,train,expert_fit
VTM-006298,raw_negative/ti_bearing_negative/anatase/anatase_mindat_p510571_049_raw.jpg,anatase,ti_bearing_negative,1,510571,DG-ffbaffb49a43,train,expert_fit
VTM-006300,raw_negative/ti_bearing_negative/anatase/anatase_mindat_p513236_065_raw.jpg,anatase,ti_bearing_negative,1,513236,DG-979e6edfce44,train,expert_fit
VTM-006301,raw_negative/ti_bearing_negative/anatase/anatase_mindat_p513237_047_raw.jpg,anatase,ti_bearing_negative,1,513237,DG-76c50d869c84,train,expert_fit
VTM-006304,raw_negative/ti_bearing_negative/anatase/anatase_mindat_p514415_062_raw.jpg,anatase,ti_bearing_negative,1,514415,DG-1c1f08aa999a,train,expert_fit
VTM-006313,raw_negative/ti_bearing_negative/anatase/anatase_mindat_p534633_133_raw.jpg,anatase,ti_bearing_negative,1,534633,DG-67f3cd7f14ed,train,expert_fit
VTM-006314,raw_negative/ti_bearing_negative/anatase/anatase_mindat_p534644_115_raw.jpg,anatase,ti_bearing_negative,1,534644,DG-525e7ec7a84c,train,expert_fit
VTM-006315,raw_negative/ti_bearing_negative/anatase/anatase_mindat_p534650_134_raw.jpg,anatase,ti_bearing_negative,1,534650,DG-c2d7a5ce3e90,train,expert_fit
VTM-006316,raw_negative/ti_bearing_negative/anatase/anatase_mindat_p541554_183_raw.jpg,anatase,ti_bearing_negative,1,541554,DG-eaa4ca3eb611,train,expert_fit
VTM-006317,raw_negative/ti_bearing_negative/anatase/anatase_mindat_p542163_059_raw.jpg,anatase,ti_bearing_negative,1,542163,DG-3f80c4ea4257,train,expert_fit
VTM-006318,raw_negative/ti_bearing_negative/anatase/anatase_mindat_p545253_114_raw.jpg,anatase,ti_bearing_negative,1,545253,DG-e2e846a4eaf2,train,expert_fit
VTM-006320,raw_negative/ti_bearing_negative/anatase/anatase_mindat_p549594_023_raw.jpg,anatase,ti_bearing_negative,1,549594,DG-9083dd92f8d1,train,expert_fit
VTM-006322,raw_negative/ti_bearing_negative/anatase/anatase_mindat_p553310_099_raw.jpg,anatase,ti_bearing_negative,1,553310,DG-74cc152408e0,train,expert_fit
VTM-006325,raw_negative/ti_bearing_negative/anatase/anatase_mindat_p560368_053_raw.jpg,anatase,ti_bearing_negative,1,560368,DG-d03ad24a0029,val,expert_stop
VTM-006328,raw_negative/ti_bearing_negative/anatase/anatase_mindat_p561110_014_raw.jpg,anatase,ti_bearing_negative,1,561110,DG-d5fa4c89bcb2,train,expert_fit
VTM-006329,raw_negative/ti_bearing_negative/anatase/anatase_mindat_p564131_057_raw.jpg,anatase,ti_bearing_negative,1,564131,DG-eca66cfbeebe,train,expert_fit
VTM-006330,raw_negative/ti_bearing_negative/anatase/anatase_mindat_p569963_010_raw.jpg,anatase,ti_bearing_negative,1,569963,DG-fc214509b3bb,train,expert_fit
VTM-006332,raw_negative/ti_bearing_negative/anatase/anatase_mindat_p572209_097_raw.jpg,anatase,ti_bearing_negative,1,572209,DG-9405e3d7cf41,train,expert_fit
VTM-006334,raw_negative/ti_bearing_negative/anatase/anatase_mindat_p575483_056_raw.jpg,anatase,ti_bearing_negative,1,575483,DG-ab7ad2537ab0,train,expert_fit
VTM-006336,raw_negative/ti_bearing_negative/anatase/anatase_mindat_p581114_087_raw.jpg,anatase,ti_bearing_negative,1,581114,DG-51d3e494146f,train,expert_fit
VTM-006338,raw_negative/ti_bearing_negative/anatase/anatase_mindat_p581178_004_raw.jpg,anatase,ti_bearing_negative,1,581178,DG-f1de6430f3bb,train,expert_fit
VTM-006343,raw_negative/ti_bearing_negative/anatase/anatase_mindat_p585645_045_raw.jpg,anatase,ti_bearing_negative,1,585645,DG-760753bc924b,train,expert_fit
VTM-006346,raw_negative/ti_bearing_negative/anatase/anatase_mindat_p586186_071_raw.jpg,anatase,ti_bearing_negative,1,586186,DG-40c917b5ff36,val,expert_stop
VTM-006347,raw_negative/ti_bearing_negative/anatase/anatase_mindat_p589294_148_raw.jpg,anatase,ti_bearing_negative,1,589294,DG-897e59b4cf20,train,expert_fit
VTM-006349,raw_negative/ti_bearing_negative/anatase/anatase_mindat_p590179_052_raw.jpg,anatase,ti_bearing_negative,1,590179,DG-49efe37631ec,train,expert_fit
VTM-006350,raw_negative/ti_bearing_negative/anatase/anatase_mindat_p591192_136_raw.jpg,anatase,ti_bearing_negative,1,591192,DG-08c4b4108340,train,expert_fit
VTM-006353,raw_negative/ti_bearing_negative/anatase/anatase_mindat_p599816_190_raw.jpg,anatase,ti_bearing_negative,1,599816,DG-4e8866b518a1,val,expert_stop
VTM-006357,raw_negative/ti_bearing_negative/anatase/anatase_mindat_p614317_178_raw.jpg,anatase,ti_bearing_negative,1,614317,DG-1b3ceae68f1f,train,expert_fit
VTM-006359,raw_negative/ti_bearing_negative/anatase/anatase_mindat_p624330_094_raw.jpg,anatase,ti_bearing_negative,1,624330,DG-0ac1aa76e777,train,expert_fit
VTM-006361,raw_negative/ti_bearing_negative/anatase/anatase_mindat_p626362_045_raw.jpg,anatase,ti_bearing_negative,1,626362,DG-338e12f998d7,val,expert_stop
VTM-006362,raw_negative/ti_bearing_negative/anatase/anatase_mindat_p633456_113_raw.jpg,anatase,ti_bearing_negative,1,633456,DG-0463664cfaf1,train,expert_fit
VTM-006363,raw_negative/ti_bearing_negative/anatase/anatase_mindat_p633642_021_raw.jpg,anatase,ti_bearing_negative,1,633642,DG-a6108475bdeb,train,expert_fit
VTM-006365,raw_negative/ti_bearing_negative/anatase/anatase_mindat_p637389_044_raw.jpg,anatase,ti_bearing_negative,1,637389,DG-323f826eaea6,train,expert_fit
VTM-006369,raw_negative/ti_bearing_negative/anatase/anatase_mindat_p639731_084_raw.jpg,anatase,ti_bearing_negative,1,639731,DG-2d9453e535a7,train,expert_fit
VTM-006371,raw_negative/ti_bearing_negative/anatase/anatase_mindat_p640536_103_raw.jpg,anatase,ti_bearing_negative,1,640536,DG-2e92eedabd9c,val,expert_stop
VTM-006373,raw_negative/ti_bearing_negative/anatase/anatase_mindat_p640561_144_raw.jpg,anatase,ti_bearing_negative,1,640561,DG-f1b1dceccc29,train,expert_fit
VTM-006374,raw_negative/ti_bearing_negative/anatase/anatase_mindat_p641448_002_raw.jpg,anatase,ti_bearing_negative,1,641448,DG-302d9b3a19dc,train,expert_fit
VTM-006375,raw_negative/ti_bearing_negative/anatase/anatase_mindat_p645013_115_raw.jpg,anatase,ti_bearing_negative,1,645013,DG-3c531322b93a,train,expert_fit
VTM-006377,raw_negative/ti_bearing_negative/anatase/anatase_mindat_p649051_009_raw.jpg,anatase,ti_bearing_negative,1,649051,DG-c7e8605056a3,train,expert_fit
VTM-006379,raw_negative/ti_bearing_negative/anatase/anatase_mindat_p655704_020_raw.jpg,anatase,ti_bearing_negative,1,655704,DG-a1b2af69f0d4,train,expert_fit
VTM-006382,raw_negative/ti_bearing_negative/anatase/anatase_mindat_p657494_113_raw.jpg,anatase,ti_bearing_negative,1,657494,DG-cbd0082deaa3,train,expert_fit
VTM-006384,raw_negative/ti_bearing_negative/anatase/anatase_mindat_p658023_115_raw.jpg,anatase,ti_bearing_negative,1,658023,DG-da953788905a,train,expert_fit
VTM-006387,raw_negative/ti_bearing_negative/anatase/anatase_mindat_p659341_002_raw.jpg,anatase,ti_bearing_negative,1,659341,DG-9417fe92c8db,train,expert_fit
VTM-006389,raw_negative/ti_bearing_negative/anatase/anatase_mindat_p668627_051_raw.jpg,anatase,ti_bearing_negative,1,668627,DG-ad689a6386d1,train,expert_fit
VTM-006390,raw_negative/ti_bearing_negative/anatase/anatase_mindat_p669012_063_raw.jpg,anatase,ti_bearing_negative,1,669012,DG-01b24e441a7a,train,expert_fit
VTM-006391,raw_negative/ti_bearing_negative/anatase/anatase_mindat_p670831_074_raw.jpg,anatase,ti_bearing_negative,1,670831,DG-57cedb237bb6,train,expert_fit
VTM-006392,raw_negative/ti_bearing_negative/anatase/anatase_mindat_p671721_144_raw.jpg,anatase,ti_bearing_negative,1,671721,DG-71d2815d1bd5,train,expert_fit
VTM-006393,raw_negative/ti_bearing_negative/anatase/anatase_mindat_p672466_003_raw.jpg,anatase,ti_bearing_negative,1,672466,DG-8974b0d72e55,train,expert_fit
VTM-006394,raw_negative/ti_bearing_negative/anatase/anatase_mindat_p672636_063_raw.jpg,anatase,ti_bearing_negative,1,672636,DG-d8d2ecff120b,train,expert_fit
VTM-006395,raw_negative/ti_bearing_negative/anatase/anatase_mindat_p674223_034_raw.jpg,anatase,ti_bearing_negative,1,674223,DG-4198c77573ae,train,expert_fit
VTM-006397,raw_negative/ti_bearing_negative/anatase/anatase_mindat_p678268_091_raw.jpg,anatase,ti_bearing_negative,1,678268,DG-beb3d06894af,train,expert_fit
VTM-006400,raw_negative/ti_bearing_negative/anatase/anatase_mindat_p681984_154_raw.jpg,anatase,ti_bearing_negative,1,681984,DG-e5099040de97,train,expert_fit
VTM-006402,raw_negative/ti_bearing_negative/anatase/anatase_mindat_p684865_057_raw.jpg,anatase,ti_bearing_negative,1,684865,DG-718f60bcdecf,train,expert_fit
VTM-006403,raw_negative/ti_bearing_negative/anatase/anatase_mindat_p684866_056_raw.jpg,anatase,ti_bearing_negative,1,684866,DG-ffe57a2d550e,train,expert_fit
VTM-006405,raw_negative/ti_bearing_negative/anatase/anatase_mindat_p690858_110_raw.jpg,anatase,ti_bearing_negative,1,690858,DG-ccad4f1667a9,train,expert_fit
VTM-006407,raw_negative/ti_bearing_negative/anatase/anatase_mindat_p693198_066_raw.jpg,anatase,ti_bearing_negative,1,693198,DG-9d45f2534683,train,expert_fit
VTM-006409,raw_negative/ti_bearing_negative/anatase/anatase_mindat_p697864_125_raw.jpg,anatase,ti_bearing_negative,1,697864,DG-c37555994414,val,expert_stop
VTM-006410,raw_negative/ti_bearing_negative/anatase/anatase_mindat_p701092_063_raw.jpg,anatase,ti_bearing_negative,1,701092,DG-022ae13da487,val,expert_stop
VTM-006411,raw_negative/ti_bearing_negative/anatase/anatase_mindat_p703838_100_raw.jpg,anatase,ti_bearing_negative,1,703838,DG-aee52280e28c,val,expert_stop
VTM-006413,raw_negative/ti_bearing_negative/anatase/anatase_mindat_p713549_024_raw.jpg,anatase,ti_bearing_negative,1,713549,DG-c1ac36574047,val,expert_stop
VTM-006414,raw_negative/ti_bearing_negative/anatase/anatase_mindat_p714714_035_raw.jpg,anatase,ti_bearing_negative,1,714714,DG-c3f2cc5dc039,train,expert_fit
VTM-006415,raw_negative/ti_bearing_negative/anatase/anatase_mindat_p714717_045_raw.jpg,anatase,ti_bearing_negative,1,714717,DG-9e24ee739682,train,expert_fit
VTM-006417,raw_negative/ti_bearing_negative/anatase/anatase_mindat_p714721_038_raw.jpg,anatase,ti_bearing_negative,1,714721,DG-db452fb236d9,train,expert_fit
VTM-006418,raw_negative/ti_bearing_negative/anatase/anatase_mindat_p714999_059_raw.jpg,anatase,ti_bearing_negative,1,714999,DG-30e2ec80c738,train,expert_fit
VTM-006420,raw_negative/ti_bearing_negative/anatase/anatase_mindat_p718880_013_raw.jpg,anatase,ti_bearing_negative,1,718880,DG-9bda9a0160af,train,expert_fit
VTM-006421,raw_negative/ti_bearing_negative/anatase/anatase_mindat_p719824_168_raw.jpg,anatase,ti_bearing_negative,1,719824,DG-e3096c820ac3,train,expert_fit
VTM-006423,raw_negative/ti_bearing_negative/anatase/anatase_mindat_p720553_066_raw.jpg,anatase,ti_bearing_negative,1,720553,DG-86442de6e2aa,train,expert_fit
VTM-006424,raw_negative/ti_bearing_negative/anatase/anatase_mindat_p724016_072_raw.jpg,anatase,ti_bearing_negative,1,724016,DG-5da5a118c314,train,expert_fit
VTM-006425,raw_negative/ti_bearing_negative/anatase/anatase_mindat_p725899_071_raw.jpg,anatase,ti_bearing_negative,1,725899,DG-50bb2716923d,train,expert_fit
VTM-006426,raw_negative/ti_bearing_negative/anatase/anatase_mindat_p726586_019_raw.jpg,anatase,ti_bearing_negative,1,726586,DG-d4b66708682a,val,expert_stop
VTM-006427,raw_negative/ti_bearing_negative/anatase/anatase_mindat_p728378_073_raw.jpg,anatase,ti_bearing_negative,1,728378,DG-c5fd066b5a3b,train,expert_fit
VTM-006428,raw_negative/ti_bearing_negative/anatase/anatase_mindat_p728399_069_raw.jpg,anatase,ti_bearing_negative,1,728399,DG-34fed5661e83,train,expert_fit
VTM-006429,raw_negative/ti_bearing_negative/anatase/anatase_mindat_p729568_186_raw.jpg,anatase,ti_bearing_negative,1,729568,DG-8f5a324d9f0e,train,expert_fit
VTM-006431,raw_negative/ti_bearing_negative/anatase/anatase_mindat_p731986_011_raw.jpg,anatase,ti_bearing_negative,1,731986,DG-4ea3ed001bca,train,expert_fit
VTM-006433,raw_negative/ti_bearing_negative/anatase/anatase_mindat_p736015_165_raw.jpg,anatase,ti_bearing_negative,1,736015,DG-803665b754b3,val,expert_stop
VTM-006434,raw_negative/ti_bearing_negative/anatase/anatase_mindat_p737773_117_raw.jpg,anatase,ti_bearing_negative,1,737773,DG-69a95924ce20,train,expert_fit
VTM-006435,raw_negative/ti_bearing_negative/anatase/anatase_mindat_p739421_139_raw.jpg,anatase,ti_bearing_negative,1,739421,DG-f8d0a1c8c68d,train,expert_fit
VTM-006436,raw_negative/ti_bearing_negative/anatase/anatase_mindat_p744573_053_raw.jpg,anatase,ti_bearing_negative,1,744573,DG-3a434a66773c,train,expert_fit
VTM-006437,raw_negative/ti_bearing_negative/anatase/anatase_mindat_p747622_012_raw.jpg,anatase,ti_bearing_negative,1,747622,DG-39b47311c139,train,expert_fit
VTM-006438,raw_negative/ti_bearing_negative/anatase/anatase_mindat_p748383_052_raw.jpg,anatase,ti_bearing_negative,1,748383,DG-4dda989c270c,train,expert_fit
VTM-006442,raw_negative/ti_bearing_negative/anatase/anatase_mindat_p752933_047_raw.jpg,anatase,ti_bearing_negative,1,752933,DG-69f04811ed52,train,expert_fit
VTM-006443,raw_negative/ti_bearing_negative/anatase/anatase_mindat_p758578_011_raw.jpg,anatase,ti_bearing_negative,1,758578,DG-f672edd7983c,train,expert_fit
VTM-006444,raw_negative/ti_bearing_negative/anatase/anatase_mindat_p764287_035_raw.jpg,anatase,ti_bearing_negative,1,764287,DG-6d2c5f841b9d,train,expert_fit
VTM-006445,raw_negative/ti_bearing_negative/anatase/anatase_mindat_p764858_013_raw.jpg,anatase,ti_bearing_negative,1,764858,DG-ce8b18e9b2a2,train,expert_fit
VTM-006447,raw_negative/ti_bearing_negative/anatase/anatase_mindat_p780528_026_raw.jpg,anatase,ti_bearing_negative,1,780528,DG-dd8018eb38c7,val,expert_stop
VTM-006448,raw_negative/ti_bearing_negative/anatase/anatase_mindat_p789413_160_raw.jpg,anatase,ti_bearing_negative,1,789413,DG-952aeac5e720,train,expert_fit
VTM-006449,raw_negative/ti_bearing_negative/anatase/anatase_mindat_p792014_051_raw.jpg,anatase,ti_bearing_negative,1,792014,DG-6445a784e0c6,train,expert_fit
VTM-006450,raw_negative/ti_bearing_negative/anatase/anatase_mindat_p793055_129_raw.jpg,anatase,ti_bearing_negative,1,793055,DG-4591d2e59305,train,expert_fit
VTM-006453,raw_negative/ti_bearing_negative/anatase/anatase_mindat_p810971_020_raw.jpg,anatase,ti_bearing_negative,1,810971,DG-b9ab4dd8fb50,train,expert_fit
VTM-006457,raw_negative/ti_bearing_negative/anatase/anatase_mindat_p818236_013_raw.jpg,anatase,ti_bearing_negative,1,818236,DG-595b39e5fc32,val,expert_stop
VTM-006460,raw_negative/ti_bearing_negative/anatase/anatase_mindat_p835108_157_raw.jpg,anatase,ti_bearing_negative,1,835108,DG-43fbb72c0057,train,expert_fit
VTM-006461,raw_negative/ti_bearing_negative/anatase/anatase_mindat_p836799_025_raw.jpg,anatase,ti_bearing_negative,1,836799,DG-ad0165fc6794,train,expert_fit
VTM-006463,raw_negative/ti_bearing_negative/anatase/anatase_mindat_p843487_017_raw.jpg,anatase,ti_bearing_negative,1,843487,DG-6720c499e1d2,train,expert_fit
VTM-006464,raw_negative/ti_bearing_negative/anatase/anatase_mindat_p843494_152_raw.jpg,anatase,ti_bearing_negative,1,843494,DG-ab9fc938710a,train,expert_fit
VTM-006465,raw_negative/ti_bearing_negative/anatase/anatase_mindat_p843497_109_raw.jpg,anatase,ti_bearing_negative,1,843497,DG-f3672ab9a3c3,train,expert_fit
VTM-006466,raw_negative/ti_bearing_negative/anatase/anatase_mindat_p843498_114_raw.jpg,anatase,ti_bearing_negative,1,843498,DG-265eef3b3006,train,expert_fit
VTM-006471,raw_negative/ti_bearing_negative/anatase/anatase_mindat_p848514_103_raw.jpg,anatase,ti_bearing_negative,1,848514,DG-3e20b73fe28f,train,expert_fit
VTM-006476,raw_negative/ti_bearing_negative/anatase/anatase_mindat_p858593_074_raw.jpg,anatase,ti_bearing_negative,1,858593,DG-d9bc43ce4b7f,train,expert_fit
VTM-006478,raw_negative/ti_bearing_negative/anatase/anatase_mindat_p858598_076_raw.jpg,anatase,ti_bearing_negative,1,858598,DG-a4bdb7f9591b,train,expert_fit
VTM-006479,raw_negative/ti_bearing_negative/anatase/anatase_mindat_p858874_075_raw.jpg,anatase,ti_bearing_negative,1,858874,DG-e440051fed79,train,expert_fit
VTM-006480,raw_negative/ti_bearing_negative/anatase/anatase_mindat_p858875_077_raw.jpg,anatase,ti_bearing_negative,1,858875,DG-b24501d7950f,train,expert_fit
VTM-006481,raw_negative/ti_bearing_negative/anatase/anatase_mindat_p861001_113_raw.jpg,anatase,ti_bearing_negative,1,861001,DG-05b3d79ae8b7,train,expert_fit
VTM-006482,raw_negative/ti_bearing_negative/anatase/anatase_mindat_p862401_112_raw.jpg,anatase,ti_bearing_negative,1,862401,DG-b03fdc7ec5c6,train,expert_fit
VTM-006483,raw_negative/ti_bearing_negative/anatase/anatase_mindat_p864007_052_raw.jpg,anatase,ti_bearing_negative,1,864007,DG-cbce2579c1f8,train,expert_fit
VTM-006484,raw_negative/ti_bearing_negative/anatase/anatase_mindat_p870561_024_raw.jpg,anatase,ti_bearing_negative,1,870561,DG-b739aa951e1a,train,expert_fit
VTM-006485,raw_negative/ti_bearing_negative/anatase/anatase_mindat_p873169_057_raw.jpg,anatase,ti_bearing_negative,1,873169,DG-485621bfd517,train,expert_fit
VTM-006487,raw_negative/ti_bearing_negative/anatase/anatase_mindat_p881268_054_raw.jpg,anatase,ti_bearing_negative,1,881268,DG-6f2871ac92e1,train,expert_fit
VTM-006488,raw_negative/ti_bearing_negative/anatase/anatase_mindat_p889011_127_raw.jpg,anatase,ti_bearing_negative,1,889011,DG-d391398b2da7,train,expert_fit
VTM-006490,raw_negative/ti_bearing_negative/anatase/anatase_mindat_p899503_070_raw.jpg,anatase,ti_bearing_negative,1,899503,DG-a2f7e9929fc5,train,expert_fit
VTM-006491,raw_negative/ti_bearing_negative/anatase/anatase_mindat_p908413_056_raw.jpg,anatase,ti_bearing_negative,1,908413,DG-f5501b5261fe,train,expert_fit
VTM-006495,raw_negative/ti_bearing_negative/anatase/anatase_mindat_p911723_064_raw.jpg,anatase,ti_bearing_negative,1,911723,DG-43bdf4684adb,train,expert_fit
VTM-006496,raw_negative/ti_bearing_negative/anatase/anatase_mindat_p911724_065_raw.jpg,anatase,ti_bearing_negative,1,911724,DG-0444fc027425,train,expert_fit
VTM-006497,raw_negative/ti_bearing_negative/anatase/anatase_mindat_p912472_001_raw.jpg,anatase,ti_bearing_negative,1,912472,DG-39ae48330312,train,expert_fit
VTM-006498,raw_negative/ti_bearing_negative/anatase/anatase_mindat_p917053_048_raw.jpg,anatase,ti_bearing_negative,1,917053,DG-187c9bb9c6bd,train,expert_fit
VTM-006500,raw_negative/ti_bearing_negative/anatase/anatase_mindat_p922994_051_raw.jpg,anatase,ti_bearing_negative,1,922994,DG-3e4e17e6ec8d,train,expert_fit
VTM-006501,raw_negative/ti_bearing_negative/anatase/anatase_mindat_p922999_123_raw.jpg,anatase,ti_bearing_negative,1,922999,DG-7cb6bafc6a24,val,expert_stop
VTM-006505,raw_negative/ti_bearing_negative/anatase/anatase_mindat_p927706_070_raw.jpg,anatase,ti_bearing_negative,1,927706,DG-710de894fa3d,train,expert_fit
VTM-006510,raw_negative/ti_bearing_negative/anatase/anatase_mindat_p945003_050_raw.jpg,anatase,ti_bearing_negative,1,945003,DG-87b52cf4b977,train,expert_fit
VTM-006511,raw_negative/ti_bearing_negative/anatase/anatase_mindat_p957670_062_raw.jpg,anatase,ti_bearing_negative,1,957670,DG-86b871038077,train,expert_fit
VTM-006513,raw_negative/ti_bearing_negative/anatase/anatase_mindat_p958929_113_raw.jpg,anatase,ti_bearing_negative,1,958929,DG-30d963e0c73b,train,expert_fit
VTM-006514,raw_negative/ti_bearing_negative/anatase/anatase_mindat_p960682_087_raw.jpg,anatase,ti_bearing_negative,1,960682,DG-b9fe2c698448,train,expert_fit
VTM-006516,raw_negative/ti_bearing_negative/anatase/anatase_mindat_p967639_122_raw.jpg,anatase,ti_bearing_negative,1,967639,DG-23b4f9d15b43,val,expert_stop
VTM-006519,raw_negative/ti_bearing_negative/perovskite/perovskite_mindat_p009592_181_raw.jpg,perovskite,ti_bearing_negative,1,9592,DG-5c5bbf91b201,train,expert_fit
VTM-006520,raw_negative/ti_bearing_negative/perovskite/perovskite_mindat_p009593_182_raw.jpg,perovskite,ti_bearing_negative,1,9593,DG-7fbec651449d,train,expert_fit
VTM-006522,raw_negative/ti_bearing_negative/perovskite/perovskite_mindat_p009595_187_raw.jpg,perovskite,ti_bearing_negative,1,9595,DG-63a0ea025e3e,val,expert_stop
VTM-006523,raw_negative/ti_bearing_negative/perovskite/perovskite_mindat_p009596_186_raw.jpg,perovskite,ti_bearing_negative,1,9596,DG-ab3a5e18276c,train,expert_fit
VTM-006528,raw_negative/ti_bearing_negative/perovskite/perovskite_mindat_p019249_044_raw.jpg,perovskite,ti_bearing_negative,1,19249,DG-e01087093ce8,train,expert_fit
VTM-006531,raw_negative/ti_bearing_negative/perovskite/perovskite_mindat_p022801_309_raw.jpg,perovskite,ti_bearing_negative,1,22801,DG-26addbb97201,val,expert_stop
VTM-006532,raw_negative/ti_bearing_negative/perovskite/perovskite_mindat_p024209_316_raw.jpg,perovskite,ti_bearing_negative,1,24209,DG-2abd25cce18d,train,expert_fit
VTM-006533,raw_negative/ti_bearing_negative/perovskite/perovskite_mindat_p025512_240_raw.jpg,perovskite,ti_bearing_negative,1,25512,DG-1f903b18ddda,train,expert_fit
VTM-006535,raw_negative/ti_bearing_negative/perovskite/perovskite_mindat_p036716_075_raw.jpg,perovskite,ti_bearing_negative,1,36716,DG-c158b9f094b3,train,expert_fit
VTM-006536,raw_negative/ti_bearing_negative/perovskite/perovskite_mindat_p039997_180_raw.jpg,perovskite,ti_bearing_negative,1,39997,DG-443c72da28ce,train,expert_fit
VTM-006537,raw_negative/ti_bearing_negative/perovskite/perovskite_mindat_p042418_270_raw.jpg,perovskite,ti_bearing_negative,1,42418,DG-595ca7af18ac,train,expert_fit
VTM-006538,raw_negative/ti_bearing_negative/perovskite/perovskite_mindat_p042642_072_raw.jpg,perovskite,ti_bearing_negative,1,42642,DG-e935d470a029,train,expert_fit
VTM-006539,raw_negative/ti_bearing_negative/perovskite/perovskite_mindat_p042643_023_raw.jpg,perovskite,ti_bearing_negative,1,42643,DG-c00b5cc39d02,train,expert_fit
VTM-006540,raw_negative/ti_bearing_negative/perovskite/perovskite_mindat_p043378_389_raw.jpg,perovskite,ti_bearing_negative,1,43378,DG-278fd9a645d9,train,expert_fit
VTM-006541,raw_negative/ti_bearing_negative/perovskite/perovskite_mindat_p045338_252_raw.jpg,perovskite,ti_bearing_negative,1,45338,DG-835a801f23da,train,expert_fit
VTM-006542,raw_negative/ti_bearing_negative/perovskite/perovskite_mindat_p045640_260_raw.jpg,perovskite,ti_bearing_negative,1,45640,DG-d8e7ee065cb5,train,expert_fit
VTM-006543,raw_negative/ti_bearing_negative/perovskite/perovskite_mindat_p045952_317_raw.jpg,perovskite,ti_bearing_negative,1,45952,DG-63af5b864d85,train,expert_fit
VTM-006549,raw_negative/ti_bearing_negative/perovskite/perovskite_mindat_p056011_314_raw.jpg,perovskite,ti_bearing_negative,1,56011,DG-ee06d368012f,val,expert_stop
VTM-006551,raw_negative/ti_bearing_negative/perovskite/perovskite_mindat_p057779_320_raw.jpg,perovskite,ti_bearing_negative,1,57779,DG-b747ce216092,train,expert_fit
VTM-006552,raw_negative/ti_bearing_negative/perovskite/perovskite_mindat_p058037_315_raw.jpg,perovskite,ti_bearing_negative,1,58037,DG-c23faa0ddc03,train,expert_fit
VTM-006554,raw_negative/ti_bearing_negative/perovskite/perovskite_mindat_p058858_279_raw.jpg,perovskite,ti_bearing_negative,1,58858,DG-95b0ab1539a4,train,expert_fit
VTM-006556,raw_negative/ti_bearing_negative/perovskite/perovskite_mindat_p059835_319_raw.jpg,perovskite,ti_bearing_negative,1,59835,DG-08a2c5d00eef,train,expert_fit
VTM-006557,raw_negative/ti_bearing_negative/perovskite/perovskite_mindat_p065817_255_raw.jpg,perovskite,ti_bearing_negative,1,65817,DG-bf34f679a158,train,expert_fit
VTM-006559,raw_negative/ti_bearing_negative/perovskite/perovskite_mindat_p074378_184_raw.jpg,perovskite,ti_bearing_negative,1,74378,DG-d0a28d81824e,train,expert_fit
VTM-006562,raw_negative/ti_bearing_negative/perovskite/perovskite_mindat_p080253_183_raw.jpg,perovskite,ti_bearing_negative,1,80253,DG-35d50aa085e6,train,expert_fit
VTM-006564,raw_negative/ti_bearing_negative/perovskite/perovskite_mindat_p084332_241_raw.jpg,perovskite,ti_bearing_negative,1,84332,DG-644958babe8e,train,expert_fit
VTM-006565,raw_negative/ti_bearing_negative/perovskite/perovskite_mindat_p086539_400_raw.jpg,perovskite,ti_bearing_negative,1,86539,DG-76bdada12601,val,expert_stop
VTM-006569,raw_negative/ti_bearing_negative/perovskite/perovskite_mindat_p094550_007_raw.jpg,perovskite,ti_bearing_negative,1,94550,DG-9ac67ed43735,train,expert_fit
VTM-006570,raw_negative/ti_bearing_negative/perovskite/perovskite_mindat_p094551_174_raw.jpg,perovskite,ti_bearing_negative,1,94551,DG-ca69ccc90dac,train,expert_fit
VTM-006571,raw_negative/ti_bearing_negative/perovskite/perovskite_mindat_p095608_272_raw.jpg,perovskite,ti_bearing_negative,1,95608,DG-28a47dc4856c,val,expert_stop
VTM-006572,raw_negative/ti_bearing_negative/perovskite/perovskite_mindat_p1007817_354_raw.jpg,perovskite,ti_bearing_negative,1,1007817,DG-c0bbfe1a7c56,val,expert_stop
VTM-006573,raw_negative/ti_bearing_negative/perovskite/perovskite_mindat_p1014652_447_raw.jpg,perovskite,ti_bearing_negative,1,1014652,DG-26c4267cc412,train,expert_fit
VTM-006575,raw_negative/ti_bearing_negative/perovskite/perovskite_mindat_p1025044_373_raw.jpg,perovskite,ti_bearing_negative,1,1025044,DG-11ae31e5d33e,train,expert_fit
VTM-006579,raw_negative/ti_bearing_negative/perovskite/perovskite_mindat_p1044780_078_raw.jpg,perovskite,ti_bearing_negative,1,1044780,DG-03968fb48da1,train,expert_fit
VTM-006580,raw_negative/ti_bearing_negative/perovskite/perovskite_mindat_p1044782_081_raw.jpg,perovskite,ti_bearing_negative,1,1044782,DG-78c669fe7d06,val,expert_stop
VTM-006581,raw_negative/ti_bearing_negative/perovskite/perovskite_mindat_p1044785_079_raw.jpg,perovskite,ti_bearing_negative,1,1044785,DG-e7f7a3f38908,train,expert_fit
VTM-006582,raw_negative/ti_bearing_negative/perovskite/perovskite_mindat_p1044790_082_raw.jpg,perovskite,ti_bearing_negative,1,1044790,DG-2bf362ca419f,train,expert_fit
VTM-006583,raw_negative/ti_bearing_negative/perovskite/perovskite_mindat_p104663_049_raw.jpg,perovskite,ti_bearing_negative,1,104663,DG-27f071b46645,train,expert_fit
VTM-006585,raw_negative/ti_bearing_negative/perovskite/perovskite_mindat_p104668_404_raw.jpg,perovskite,ti_bearing_negative,1,104668,DG-5ec74ad43624,val,expert_stop
VTM-006586,raw_negative/ti_bearing_negative/perovskite/perovskite_mindat_p105356_200_raw.jpg,perovskite,ti_bearing_negative,1,105356,DG-6ee1f44d1bfd,train,expert_fit
VTM-006587,raw_negative/ti_bearing_negative/perovskite/perovskite_mindat_p105360_178_raw.jpg,perovskite,ti_bearing_negative,1,105360,DG-e6fd0881dbfa,val,expert_stop
VTM-006588,raw_negative/ti_bearing_negative/perovskite/perovskite_mindat_p1067505_101_raw.jpg,perovskite,ti_bearing_negative,1,1067505,DG-872824fea4ea,train,expert_fit
VTM-006591,raw_negative/ti_bearing_negative/perovskite/perovskite_mindat_p1067508_106_raw.jpg,perovskite,ti_bearing_negative,1,1067508,DG-1d2cf2cae958,train,expert_fit
VTM-006592,raw_negative/ti_bearing_negative/perovskite/perovskite_mindat_p108711_004_raw.jpg,perovskite,ti_bearing_negative,1,108711,DG-6a8bff671d50,train,expert_fit
VTM-006593,raw_negative/ti_bearing_negative/perovskite/perovskite_mindat_p1099160_374_raw.jpg,perovskite,ti_bearing_negative,1,1099160,DG-6924e9fa7beb,train,expert_fit
VTM-006594,raw_negative/ti_bearing_negative/perovskite/perovskite_mindat_p1101838_440_raw.jpg,perovskite,ti_bearing_negative,1,1101838,DG-f2f42fe7f098,train,expert_fit
VTM-006595,raw_negative/ti_bearing_negative/perovskite/perovskite_mindat_p110286_005_raw.jpg,perovskite,ti_bearing_negative,1,110286,DG-a10bfe44f494,train,expert_fit
VTM-006596,raw_negative/ti_bearing_negative/perovskite/perovskite_mindat_p110551_017_raw.jpg,perovskite,ti_bearing_negative,1,110551,DG-e959e1343827,train,expert_fit
VTM-006598,raw_negative/ti_bearing_negative/perovskite/perovskite_mindat_p1119383_108_raw.jpg,perovskite,ti_bearing_negative,1,1119383,DG-c0754f8c88e0,train,expert_fit
VTM-006600,raw_negative/ti_bearing_negative/perovskite/perovskite_mindat_p1122943_169_raw.jpg,perovskite,ti_bearing_negative,1,1122943,DG-dfe440cd772a,train,expert_fit
VTM-006602,raw_negative/ti_bearing_negative/perovskite/perovskite_mindat_p112751_160_raw.jpg,perovskite,ti_bearing_negative,1,112751,DG-958033dd7a7a,train,expert_fit
VTM-006603,raw_negative/ti_bearing_negative/perovskite/perovskite_mindat_p112752_031_raw.jpg,perovskite,ti_bearing_negative,1,112752,DG-2996b3918309,train,expert_fit
VTM-006606,raw_negative/ti_bearing_negative/perovskite/perovskite_mindat_p112771_010_raw.jpg,perovskite,ti_bearing_negative,1,112771,DG-ccd2226cacb2,train,expert_fit
VTM-006607,raw_negative/ti_bearing_negative/perovskite/perovskite_mindat_p112782_326_raw.jpg,perovskite,ti_bearing_negative,1,112782,DG-6aea2b0904ea,train,expert_fit
VTM-006608,raw_negative/ti_bearing_negative/perovskite/perovskite_mindat_p1130059_122_raw.jpg,perovskite,ti_bearing_negative,1,1130059,DG-52df5dde0067,train,expert_fit
VTM-006609,raw_negative/ti_bearing_negative/perovskite/perovskite_mindat_p1138296_097_raw.jpg,perovskite,ti_bearing_negative,1,1138296,DG-039a38e5cb1c,val,expert_stop
VTM-006610,raw_negative/ti_bearing_negative/perovskite/perovskite_mindat_p1138309_095_raw.jpg,perovskite,ti_bearing_negative,1,1138309,DG-424dffb4d12f,val,expert_stop
VTM-006614,raw_negative/ti_bearing_negative/perovskite/perovskite_mindat_p1150133_098_raw.jpg,perovskite,ti_bearing_negative,1,1150133,DG-587b256f2ca6,val,expert_stop
VTM-006616,raw_negative/ti_bearing_negative/perovskite/perovskite_mindat_p115210_053_raw.jpg,perovskite,ti_bearing_negative,1,115210,DG-679cf470d0b5,train,expert_fit
VTM-006622,raw_negative/ti_bearing_negative/perovskite/perovskite_mindat_p1162202_233_raw.jpg,perovskite,ti_bearing_negative,1,1162202,DG-c6c76c2efb46,train,expert_fit
VTM-006623,raw_negative/ti_bearing_negative/perovskite/perovskite_mindat_p1165245_102_raw.jpg,perovskite,ti_bearing_negative,1,1165245,DG-dedab766c1c9,train,expert_fit
VTM-006624,raw_negative/ti_bearing_negative/perovskite/perovskite_mindat_p1175078_042_raw.jpg,perovskite,ti_bearing_negative,1,1175078,DG-aa4dba954904,val,expert_stop
VTM-006625,raw_negative/ti_bearing_negative/perovskite/perovskite_mindat_p1228612_342_raw.jpg,perovskite,ti_bearing_negative,1,1228612,DG-76addff51c9b,val,expert_stop
VTM-006626,raw_negative/ti_bearing_negative/perovskite/perovskite_mindat_p1229293_121_raw.jpg,perovskite,ti_bearing_negative,1,1229293,DG-5dee4359fc05,train,expert_fit
VTM-006628,raw_negative/ti_bearing_negative/perovskite/perovskite_mindat_p1266596_371_raw.jpg,perovskite,ti_bearing_negative,1,1266596,DG-1601cd3a2451,train,expert_fit
VTM-006629,raw_negative/ti_bearing_negative/perovskite/perovskite_mindat_p1299754_417_raw.jpg,perovskite,ti_bearing_negative,1,1299754,DG-77f5d2a8ac41,train,expert_fit
VTM-006630,raw_negative/ti_bearing_negative/perovskite/perovskite_mindat_p130073_201_raw.jpg,perovskite,ti_bearing_negative,1,130073,DG-4869d5ae8f80,train,expert_fit
VTM-006632,raw_negative/ti_bearing_negative/perovskite/perovskite_mindat_p132276_258_raw.jpg,perovskite,ti_bearing_negative,1,132276,DG-7d8f733ea114,train,expert_fit
VTM-006633,raw_negative/ti_bearing_negative/perovskite/perovskite_mindat_p1326010_367_raw.jpg,perovskite,ti_bearing_negative,1,1326010,DG-a588e121a3ce,train,expert_fit
VTM-006634,raw_negative/ti_bearing_negative/perovskite/perovskite_mindat_p1326012_368_raw.jpg,perovskite,ti_bearing_negative,1,1326012,DG-8769ac73102b,train,expert_fit
VTM-006636,raw_negative/ti_bearing_negative/perovskite/perovskite_mindat_p1336087_120_raw.jpg,perovskite,ti_bearing_negative,1,1336087,DG-a53a1c074f95,val,expert_stop
VTM-006637,raw_negative/ti_bearing_negative/perovskite/perovskite_mindat_p1336088_123_raw.jpg,perovskite,ti_bearing_negative,1,1336088,DG-1d8ffe350acf,train,expert_fit
VTM-006640,raw_negative/ti_bearing_negative/perovskite/perovskite_mindat_p1360198_170_raw.jpg,perovskite,ti_bearing_negative,1,1360198,DG-b2e0b9a9e609,val,expert_stop
VTM-006641,raw_negative/ti_bearing_negative/perovskite/perovskite_mindat_p1363230_029_raw.jpg,perovskite,ti_bearing_negative,1,1363230,DG-afca5cfa2167,val,expert_stop
VTM-006642,raw_negative/ti_bearing_negative/perovskite/perovskite_mindat_p1366524_192_raw.jpg,perovskite,ti_bearing_negative,1,1366524,DG-b1d0023566f1,train,expert_fit
VTM-006643,raw_negative/ti_bearing_negative/perovskite/perovskite_mindat_p136965_189_raw.jpg,perovskite,ti_bearing_negative,1,136965,DG-3e17f233df3b,train,expert_fit
VTM-006644,raw_negative/ti_bearing_negative/perovskite/perovskite_mindat_p1389653_376_raw.jpg,perovskite,ti_bearing_negative,1,1389653,DG-37761b327bb4,train,expert_fit
VTM-006647,raw_negative/ti_bearing_negative/perovskite/perovskite_mindat_p1408542_109_raw.jpg,perovskite,ti_bearing_negative,1,1408542,DG-8d8763f17b67,train,expert_fit
VTM-006650,raw_negative/ti_bearing_negative/perovskite/perovskite_mindat_p1408545_110_raw.jpg,perovskite,ti_bearing_negative,1,1408545,DG-9774b36a4d98,train,expert_fit
VTM-006652,raw_negative/ti_bearing_negative/perovskite/perovskite_mindat_p1409136_312_raw.jpg,perovskite,ti_bearing_negative,1,1409136,DG-fab27f2dd7fb,train,expert_fit
VTM-006654,raw_negative/ti_bearing_negative/perovskite/perovskite_mindat_p1425865_281_raw.jpg,perovskite,ti_bearing_negative,1,1425865,DG-f05226caf1e0,train,expert_fit
VTM-006655,raw_negative/ti_bearing_negative/perovskite/perovskite_mindat_p1425868_287_raw.jpg,perovskite,ti_bearing_negative,1,1425868,DG-39398201aeb2,val,expert_stop
VTM-006657,raw_negative/ti_bearing_negative/perovskite/perovskite_mindat_p1425874_285_raw.jpg,perovskite,ti_bearing_negative,1,1425874,DG-b8aafa85cd66,train,expert_fit
VTM-006659,raw_negative/ti_bearing_negative/perovskite/perovskite_mindat_p1430489_282_raw.jpg,perovskite,ti_bearing_negative,1,1430489,DG-ce2da1460d7b,val,expert_stop
VTM-006660,raw_negative/ti_bearing_negative/perovskite/perovskite_mindat_p144572_196_raw.jpg,perovskite,ti_bearing_negative,1,144572,DG-a4e5f29727db,train,expert_fit
VTM-006661,raw_negative/ti_bearing_negative/perovskite/perovskite_mindat_p145700_253_raw.jpg,perovskite,ti_bearing_negative,1,145700,DG-772aed270a5e,val,expert_stop
VTM-006663,raw_negative/ti_bearing_negative/perovskite/perovskite_mindat_p155026_388_raw.jpg,perovskite,ti_bearing_negative,1,155026,DG-7002e94c0f25,train,expert_fit
VTM-006664,raw_negative/ti_bearing_negative/perovskite/perovskite_mindat_p1557704_286_raw.jpg,perovskite,ti_bearing_negative,1,1557704,DG-f693bb8f8322,train,expert_fit
VTM-006669,raw_negative/ti_bearing_negative/perovskite/perovskite_mindat_p167633_018_raw.jpg,perovskite,ti_bearing_negative,1,167633,DG-ca7fc283c3e0,train,expert_fit
VTM-006670,raw_negative/ti_bearing_negative/perovskite/perovskite_mindat_p168110_263_raw.jpg,perovskite,ti_bearing_negative,1,168110,DG-2f9789882406,train,expert_fit
VTM-006671,raw_negative/ti_bearing_negative/perovskite/perovskite_mindat_p170002_032_raw.jpg,perovskite,ti_bearing_negative,1,170002,DG-4c5394909071,train,expert_fit
VTM-006673,raw_negative/ti_bearing_negative/perovskite/perovskite_mindat_p1702959_386_raw.jpg,perovskite,ti_bearing_negative,1,1702959,DG-d71f1c195bee,train,expert_fit
VTM-006674,raw_negative/ti_bearing_negative/perovskite/perovskite_mindat_p170299_391_raw.jpg,perovskite,ti_bearing_negative,1,170299,DG-29853a9c9e48,train,expert_fit
VTM-006677,raw_negative/ti_bearing_negative/perovskite/perovskite_mindat_p171740_045_raw.jpg,perovskite,ti_bearing_negative,1,171740,DG-76f640434a09,train,expert_fit
VTM-006678,raw_negative/ti_bearing_negative/perovskite/perovskite_mindat_p172826_249_raw.jpg,perovskite,ti_bearing_negative,1,172826,DG-5bc6578c5ed8,train,expert_fit
VTM-006681,raw_negative/ti_bearing_negative/perovskite/perovskite_mindat_p173389_247_raw.jpg,perovskite,ti_bearing_negative,1,173389,DG-1f47c6a18024,train,expert_fit
VTM-006682,raw_negative/ti_bearing_negative/perovskite/perovskite_mindat_p175112_070_raw.jpg,perovskite,ti_bearing_negative,1,175112,DG-f82d0f60e162,train,expert_fit
VTM-006683,raw_negative/ti_bearing_negative/perovskite/perovskite_mindat_p183438_050_raw.jpg,perovskite,ti_bearing_negative,1,183438,DG-6aea2b0904ea,train,expert_fit
VTM-006684,raw_negative/ti_bearing_negative/perovskite/perovskite_mindat_p187791_245_raw.jpg,perovskite,ti_bearing_negative,1,187791,DG-ecd11b19f85b,train,expert_fit
VTM-006687,raw_negative/ti_bearing_negative/perovskite/perovskite_mindat_p194437_047_raw.jpg,perovskite,ti_bearing_negative,1,194437,DG-42cd0a0af54b,train,expert_fit
VTM-006689,raw_negative/ti_bearing_negative/perovskite/perovskite_mindat_p200845_074_raw.jpg,perovskite,ti_bearing_negative,1,200845,DG-80c9e2d92248,train,expert_fit
VTM-006691,raw_negative/ti_bearing_negative/perovskite/perovskite_mindat_p202506_052_raw.jpg,perovskite,ti_bearing_negative,1,202506,DG-bd7181e57e75,train,expert_fit
VTM-006693,raw_negative/ti_bearing_negative/perovskite/perovskite_mindat_p207499_259_raw.jpg,perovskite,ti_bearing_negative,1,207499,DG-f391de15836c,train,expert_fit
VTM-006696,raw_negative/ti_bearing_negative/perovskite/perovskite_mindat_p214655_014_raw.jpg,perovskite,ti_bearing_negative,1,214655,DG-6fff10d14ad7,train,expert_fit
VTM-006698,raw_negative/ti_bearing_negative/perovskite/perovskite_mindat_p214658_305_raw.jpg,perovskite,ti_bearing_negative,1,214658,DG-7654035341ef,train,expert_fit
VTM-006700,raw_negative/ti_bearing_negative/perovskite/perovskite_mindat_p216886_412_raw.jpg,perovskite,ti_bearing_negative,1,216886,DG-089a5e01f0f7,train,expert_fit
VTM-006701,raw_negative/ti_bearing_negative/perovskite/perovskite_mindat_p222434_276_raw.jpg,perovskite,ti_bearing_negative,1,222434,DG-445c33c368a2,train,expert_fit
VTM-006702,raw_negative/ti_bearing_negative/perovskite/perovskite_mindat_p227257_073_raw.jpg,perovskite,ti_bearing_negative,1,227257,DG-05ce0b58d145,train,expert_fit
VTM-006703,raw_negative/ti_bearing_negative/perovskite/perovskite_mindat_p230391_396_raw.jpg,perovskite,ti_bearing_negative,1,230391,DG-144ec4f75b63,train,expert_fit
VTM-006704,raw_negative/ti_bearing_negative/perovskite/perovskite_mindat_p232278_057_raw.jpg,perovskite,ti_bearing_negative,1,232278,DG-35a61c51bf04,val,expert_stop
VTM-006705,raw_negative/ti_bearing_negative/perovskite/perovskite_mindat_p233471_399_raw.jpg,perovskite,ti_bearing_negative,1,233471,DG-334327407d16,train,expert_fit
VTM-006707,raw_negative/ti_bearing_negative/perovskite/perovskite_mindat_p234471_027_raw.jpg,perovskite,ti_bearing_negative,1,234471,DG-520e790099f2,val,expert_stop
VTM-006709,raw_negative/ti_bearing_negative/perovskite/perovskite_mindat_p243051_013_raw.jpg,perovskite,ti_bearing_negative,1,243051,DG-c109ef508679,train,expert_fit
VTM-006711,raw_negative/ti_bearing_negative/perovskite/perovskite_mindat_p253589_225_raw.jpg,perovskite,ti_bearing_negative,1,253589,DG-802b12d8ab34,train,expert_fit
VTM-006712,raw_negative/ti_bearing_negative/perovskite/perovskite_mindat_p256966_235_raw.jpg,perovskite,ti_bearing_negative,1,256966,DG-8f55863f8ea1,train,expert_fit
VTM-006714,raw_negative/ti_bearing_negative/perovskite/perovskite_mindat_p259921_408_raw.jpg,perovskite,ti_bearing_negative,1,259921,DG-fc602967d82d,train,expert_fit
VTM-006715,raw_negative/ti_bearing_negative/perovskite/perovskite_mindat_p259922_418_raw.jpg,perovskite,ti_bearing_negative,1,259922,DG-f414323d9833,train,expert_fit
VTM-006716,raw_negative/ti_bearing_negative/perovskite/perovskite_mindat_p259923_430_raw.jpg,perovskite,ti_bearing_negative,1,259923,DG-3ee0ca7e4553,train,expert_fit
VTM-006718,raw_negative/ti_bearing_negative/perovskite/perovskite_mindat_p263952_016_raw.jpg,perovskite,ti_bearing_negative,1,263952,DG-aa10f143e383,train,expert_fit
VTM-006719,raw_negative/ti_bearing_negative/perovskite/perovskite_mindat_p269078_163_raw.jpg,perovskite,ti_bearing_negative,1,269078,DG-3afed5e49e28,train,expert_fit
VTM-006720,raw_negative/ti_bearing_negative/perovskite/perovskite_mindat_p272025_424_raw.jpg,perovskite,ti_bearing_negative,1,272025,DG-b34cba61ef89,train,expert_fit
VTM-006721,raw_negative/ti_bearing_negative/perovskite/perovskite_mindat_p272027_434_raw.jpg,perovskite,ti_bearing_negative,1,272027,DG-0fbe1b0915ad,val,expert_stop
VTM-006723,raw_negative/ti_bearing_negative/perovskite/perovskite_mindat_p275877_034_raw.jpg,perovskite,ti_bearing_negative,1,275877,DG-260189d80767,train,expert_fit
VTM-006725,raw_negative/ti_bearing_negative/perovskite/perovskite_mindat_p278006_402_raw.jpg,perovskite,ti_bearing_negative,1,278006,DG-83daee72ea6f,val,expert_stop
VTM-006728,raw_negative/ti_bearing_negative/perovskite/perovskite_mindat_p278946_159_raw.jpg,perovskite,ti_bearing_negative,1,278946,DG-54098345499f,train,expert_fit
VTM-006730,raw_negative/ti_bearing_negative/perovskite/perovskite_mindat_p283710_161_raw.jpg,perovskite,ti_bearing_negative,1,283710,DG-74572bc9edd8,train,expert_fit
VTM-006732,raw_negative/ti_bearing_negative/perovskite/perovskite_mindat_p285813_264_raw.jpg,perovskite,ti_bearing_negative,1,285813,DG-06c6c341d0db,val,expert_stop
VTM-006734,raw_negative/ti_bearing_negative/perovskite/perovskite_mindat_p286993_393_raw.jpg,perovskite,ti_bearing_negative,1,286993,DG-437338673f62,train,expert_fit
VTM-006737,raw_negative/ti_bearing_negative/perovskite/perovskite_mindat_p286997_406_raw.jpg,perovskite,ti_bearing_negative,1,286997,DG-89d926901ec3,train,expert_fit
VTM-006738,raw_negative/ti_bearing_negative/perovskite/perovskite_mindat_p286998_407_raw.jpg,perovskite,ti_bearing_negative,1,286998,DG-1c1a3c4ef6a5,val,expert_stop
VTM-006740,raw_negative/ti_bearing_negative/perovskite/perovskite_mindat_p297362_048_raw.jpg,perovskite,ti_bearing_negative,1,297362,DG-8390f9001624,train,expert_fit
VTM-006741,raw_negative/ti_bearing_negative/perovskite/perovskite_mindat_p297415_026_raw.jpg,perovskite,ti_bearing_negative,1,297415,DG-0d7cb77e1bd3,train,expert_fit
VTM-006742,raw_negative/ti_bearing_negative/perovskite/perovskite_mindat_p297419_054_raw.jpg,perovskite,ti_bearing_negative,1,297419,DG-21ade3265cf0,train,expert_fit
VTM-006743,raw_negative/ti_bearing_negative/perovskite/perovskite_mindat_p297861_037_raw.jpg,perovskite,ti_bearing_negative,1,297861,DG-8c42a130c03c,val,expert_stop
VTM-006745,raw_negative/ti_bearing_negative/perovskite/perovskite_mindat_p302079_370_raw.jpg,perovskite,ti_bearing_negative,1,302079,DG-e46e9d5bd1b0,train,expert_fit
VTM-006746,raw_negative/ti_bearing_negative/perovskite/perovskite_mindat_p302753_405_raw.jpg,perovskite,ti_bearing_negative,1,302753,DG-15742dc2018a,train,expert_fit
VTM-006747,raw_negative/ti_bearing_negative/perovskite/perovskite_mindat_p304338_224_raw.jpg,perovskite,ti_bearing_negative,1,304338,DG-91c4de049497,train,expert_fit
VTM-006749,raw_negative/ti_bearing_negative/perovskite/perovskite_mindat_p304801_039_raw.jpg,perovskite,ti_bearing_negative,1,304801,DG-3dbaf3a5ceae,val,expert_stop
VTM-006750,raw_negative/ti_bearing_negative/perovskite/perovskite_mindat_p304803_035_raw.jpg,perovskite,ti_bearing_negative,1,304803,DG-a375d8956f65,train,expert_fit
VTM-006751,raw_negative/ti_bearing_negative/perovskite/perovskite_mindat_p304804_038_raw.jpg,perovskite,ti_bearing_negative,1,304804,DG-c679de38b4c1,train,expert_fit
VTM-006752,raw_negative/ti_bearing_negative/perovskite/perovskite_mindat_p310640_415_raw.jpg,perovskite,ti_bearing_negative,1,310640,DG-0b399df40ff6,train,expert_fit
VTM-006753,raw_negative/ti_bearing_negative/perovskite/perovskite_mindat_p312802_395_raw.jpg,perovskite,ti_bearing_negative,1,312802,DG-54ef43df4c5a,train,expert_fit
VTM-006755,raw_negative/ti_bearing_negative/perovskite/perovskite_mindat_p317344_443_raw.jpg,perovskite,ti_bearing_negative,1,317344,DG-d5af4a87efad,train,expert_fit
VTM-006756,raw_negative/ti_bearing_negative/perovskite/perovskite_mindat_p317345_428_raw.jpg,perovskite,ti_bearing_negative,1,317345,DG-7fe862f885ef,train,expert_fit
VTM-006758,raw_negative/ti_bearing_negative/perovskite/perovskite_mindat_p322842_242_raw.jpg,perovskite,ti_bearing_negative,1,322842,DG-631dba844d66,val,expert_stop
VTM-006763,raw_negative/ti_bearing_negative/perovskite/perovskite_mindat_p351455_059_raw.jpg,perovskite,ti_bearing_negative,1,351455,DG-5923ebe32d44,train,expert_fit
VTM-006765,raw_negative/ti_bearing_negative/perovskite/perovskite_mindat_p361614_062_raw.jpg,perovskite,ti_bearing_negative,1,361614,DG-4871fbac76a0,train,expert_fit
VTM-006766,raw_negative/ti_bearing_negative/perovskite/perovskite_mindat_p372440_226_raw.jpg,perovskite,ti_bearing_negative,1,372440,DG-b95f21b97337,train,expert_fit
VTM-006767,raw_negative/ti_bearing_negative/perovskite/perovskite_mindat_p374965_334_raw.jpg,perovskite,ti_bearing_negative,1,374965,DG-e3628d89daeb,train,expert_fit
VTM-006770,raw_negative/ti_bearing_negative/perovskite/perovskite_mindat_p383107_335_raw.jpg,perovskite,ti_bearing_negative,1,383107,DG-8af983db7de9,train,expert_fit
VTM-006771,raw_negative/ti_bearing_negative/perovskite/perovskite_mindat_p383114_431_raw.jpg,perovskite,ti_bearing_negative,1,383114,DG-a2554720b051,train,expert_fit
VTM-006772,raw_negative/ti_bearing_negative/perovskite/perovskite_mindat_p383393_435_raw.jpg,perovskite,ti_bearing_negative,1,383393,DG-c58d5844f3f1,train,expert_fit
VTM-006773,raw_negative/ti_bearing_negative/perovskite/perovskite_mindat_p385204_251_raw.jpg,perovskite,ti_bearing_negative,1,385204,DG-4e4e2c60036a,train,expert_fit
VTM-006774,raw_negative/ti_bearing_negative/perovskite/perovskite_mindat_p404336_339_raw.jpg,perovskite,ti_bearing_negative,1,404336,DG-e6573e0b29ec,train,expert_fit
VTM-006777,raw_negative/ti_bearing_negative/perovskite/perovskite_mindat_p414419_390_raw.jpg,perovskite,ti_bearing_negative,1,414419,DG-af8325128ef5,train,expert_fit
VTM-006779,raw_negative/ti_bearing_negative/perovskite/perovskite_mindat_p424043_442_raw.jpg,perovskite,ti_bearing_negative,1,424043,DG-1774a0b0d8f9,val,expert_stop
VTM-006780,raw_negative/ti_bearing_negative/perovskite/perovskite_mindat_p426746_084_raw.jpg,perovskite,ti_bearing_negative,1,426746,DG-1ef7a6abbed5,train,expert_fit
VTM-006783,raw_negative/ti_bearing_negative/perovskite/perovskite_mindat_p427721_355_raw.jpg,perovskite,ti_bearing_negative,1,427721,DG-4ea38b753c1d,train,expert_fit
VTM-006785,raw_negative/ti_bearing_negative/perovskite/perovskite_mindat_p433078_193_raw.jpg,perovskite,ti_bearing_negative,1,433078,DG-155350359187,train,expert_fit
VTM-006786,raw_negative/ti_bearing_negative/perovskite/perovskite_mindat_p433555_344_raw.jpg,perovskite,ti_bearing_negative,1,433555,DG-4e3ed1ed4939,val,expert_stop
VTM-006787,raw_negative/ti_bearing_negative/perovskite/perovskite_mindat_p433562_345_raw.jpg,perovskite,ti_bearing_negative,1,433562,DG-2eeb761325f0,train,expert_fit
VTM-006789,raw_negative/ti_bearing_negative/perovskite/perovskite_mindat_p435084_351_raw.jpg,perovskite,ti_bearing_negative,1,435084,DG-91a87bde4235,train,expert_fit
VTM-006790,raw_negative/ti_bearing_negative/perovskite/perovskite_mindat_p435085_360_raw.jpg,perovskite,ti_bearing_negative,1,435085,DG-67c95a92fc74,train,expert_fit
VTM-006792,raw_negative/ti_bearing_negative/perovskite/perovskite_mindat_p435089_357_raw.jpg,perovskite,ti_bearing_negative,1,435089,DG-35eb75caf639,train,expert_fit
VTM-006793,raw_negative/ti_bearing_negative/perovskite/perovskite_mindat_p435093_346_raw.jpg,perovskite,ti_bearing_negative,1,435093,DG-0ef043409526,train,expert_fit
VTM-006797,raw_negative/ti_bearing_negative/perovskite/perovskite_mindat_p451404_274_raw.jpg,perovskite,ti_bearing_negative,1,451404,DG-50aefe90f359,train,expert_fit
VTM-006798,raw_negative/ti_bearing_negative/perovskite/perovskite_mindat_p468731_176_raw.jpg,perovskite,ti_bearing_negative,1,468731,DG-19c04f11c8c4,train,expert_fit
VTM-006799,raw_negative/ti_bearing_negative/perovskite/perovskite_mindat_p468734_172_raw.jpg,perovskite,ti_bearing_negative,1,468734,DG-1c163f3fdbb3,train,expert_fit
VTM-006801,raw_negative/ti_bearing_negative/perovskite/perovskite_mindat_p470500_085_raw.jpg,perovskite,ti_bearing_negative,1,470500,DG-ea0f173988c7,train,expert_fit
VTM-006803,raw_negative/ti_bearing_negative/perovskite/perovskite_mindat_p488101_420_raw.jpg,perovskite,ti_bearing_negative,1,488101,DG-7f2edf2bb05a,train,expert_fit
VTM-006804,raw_negative/ti_bearing_negative/perovskite/perovskite_mindat_p490306_239_raw.jpg,perovskite,ti_bearing_negative,1,490306,DG-ffa9af1548d4,train,expert_fit
VTM-006807,raw_negative/ti_bearing_negative/perovskite/perovskite_mindat_p511365_231_raw.jpg,perovskite,ti_bearing_negative,1,511365,DG-3db1fe4ffc10,train,expert_fit
VTM-006809,raw_negative/ti_bearing_negative/perovskite/perovskite_mindat_p524269_410_raw.jpg,perovskite,ti_bearing_negative,1,524269,DG-52eb4c4698ac,train,expert_fit
VTM-006810,raw_negative/ti_bearing_negative/perovskite/perovskite_mindat_p524289_328_raw.jpg,perovskite,ti_bearing_negative,1,524289,DG-a04672801e58,train,expert_fit
VTM-006812,raw_negative/ti_bearing_negative/perovskite/perovskite_mindat_p527861_202_raw.jpg,perovskite,ti_bearing_negative,1,527861,DG-d6fc273c2664,train,expert_fit
VTM-006813,raw_negative/ti_bearing_negative/perovskite/perovskite_mindat_p530994_056_raw.jpg,perovskite,ti_bearing_negative,1,530994,DG-5e9556247882,train,expert_fit
VTM-006814,raw_negative/ti_bearing_negative/perovskite/perovskite_mindat_p530995_129_raw.jpg,perovskite,ti_bearing_negative,1,530995,DG-0b751e4cb272,train,expert_fit
VTM-006817,raw_negative/ti_bearing_negative/perovskite/perovskite_mindat_p538360_372_raw.jpg,perovskite,ti_bearing_negative,1,538360,DG-685240310321,train,expert_fit
VTM-006821,raw_negative/ti_bearing_negative/perovskite/perovskite_mindat_p564970_439_raw.jpg,perovskite,ti_bearing_negative,1,564970,DG-1f359c0dcffa,train,expert_fit
VTM-006823,raw_negative/ti_bearing_negative/perovskite/perovskite_mindat_p566078_165_raw.jpg,perovskite,ti_bearing_negative,1,566078,DG-78a3a253ac51,train,expert_fit
VTM-006824,raw_negative/ti_bearing_negative/perovskite/perovskite_mindat_p566097_162_raw.jpg,perovskite,ti_bearing_negative,1,566097,DG-af9d2e2ef619,train,expert_fit
VTM-006825,raw_negative/ti_bearing_negative/perovskite/perovskite_mindat_p566100_036_raw.jpg,perovskite,ti_bearing_negative,1,566100,DG-162fd13f9aa1,val,expert_stop
VTM-006826,raw_negative/ti_bearing_negative/perovskite/perovskite_mindat_p566101_166_raw.jpg,perovskite,ti_bearing_negative,1,566101,DG-4c20d1a239f2,train,expert_fit
VTM-006827,raw_negative/ti_bearing_negative/perovskite/perovskite_mindat_p569266_353_raw.jpg,perovskite,ti_bearing_negative,1,569266,DG-556a131aaeaf,train,expert_fit
VTM-006829,raw_negative/ti_bearing_negative/perovskite/perovskite_mindat_p577474_191_raw.jpg,perovskite,ti_bearing_negative,1,577474,DG-2a1d805075bd,train,expert_fit
VTM-006830,raw_negative/ti_bearing_negative/perovskite/perovskite_mindat_p579309_127_raw.jpg,perovskite,ti_bearing_negative,1,579309,DG-aedb2a41c8a9,train,expert_fit
VTM-006831,raw_negative/ti_bearing_negative/perovskite/perovskite_mindat_p585601_064_raw.jpg,perovskite,ti_bearing_negative,1,585601,DG-d68fb0c71597,train,expert_fit
VTM-006832,raw_negative/ti_bearing_negative/perovskite/perovskite_mindat_p588797_087_raw.jpg,perovskite,ti_bearing_negative,1,588797,DG-2bdc8e99e86c,val,expert_stop
VTM-006834,raw_negative/ti_bearing_negative/perovskite/perovskite_mindat_p591947_228_raw.jpg,perovskite,ti_bearing_negative,1,591947,DG-ccc120fd345c,train,expert_fit
VTM-006836,raw_negative/ti_bearing_negative/perovskite/perovskite_mindat_p598011_437_raw.jpg,perovskite,ti_bearing_negative,1,598011,DG-cf583ba46706,train,expert_fit
VTM-006837,raw_negative/ti_bearing_negative/perovskite/perovskite_mindat_p603458_429_raw.jpg,perovskite,ti_bearing_negative,1,603458,DG-343b09f74dde,train,expert_fit
VTM-006838,raw_negative/ti_bearing_negative/perovskite/perovskite_mindat_p603459_446_raw.jpg,perovskite,ti_bearing_negative,1,603459,DG-86610b92c7f8,val,expert_stop
VTM-006839,raw_negative/ti_bearing_negative/perovskite/perovskite_mindat_p603460_441_raw.jpg,perovskite,ti_bearing_negative,1,603460,DG-d713cc15e659,train,expert_fit
VTM-006844,raw_negative/ti_bearing_negative/perovskite/perovskite_mindat_p606960_091_raw.jpg,perovskite,ti_bearing_negative,1,606960,DG-9bf13122376d,train,expert_fit
VTM-006845,raw_negative/ti_bearing_negative/perovskite/perovskite_mindat_p606963_093_raw.jpg,perovskite,ti_bearing_negative,1,606963,DG-e8e1450adde3,train,expert_fit
VTM-006849,raw_negative/ti_bearing_negative/perovskite/perovskite_mindat_p627540_265_raw.jpg,perovskite,ti_bearing_negative,1,627540,DG-b1f251cf666f,val,expert_stop
VTM-006850,raw_negative/ti_bearing_negative/perovskite/perovskite_mindat_p631459_333_raw.jpg,perovskite,ti_bearing_negative,1,631459,DG-341c7b6ac672,train,expert_fit
VTM-006851,raw_negative/ti_bearing_negative/perovskite/perovskite_mindat_p639167_343_raw.jpg,perovskite,ti_bearing_negative,1,639167,DG-44d70a6edaff,val,expert_stop
VTM-006852,raw_negative/ti_bearing_negative/perovskite/perovskite_mindat_p639460_116_raw.jpg,perovskite,ti_bearing_negative,1,639460,DG-f84c0ab3b546,train,expert_fit
VTM-006853,raw_negative/ti_bearing_negative/perovskite/perovskite_mindat_p642901_236_raw.jpg,perovskite,ti_bearing_negative,1,642901,DG-ab41a705c6a6,val,expert_stop
VTM-006855,raw_negative/ti_bearing_negative/perovskite/perovskite_mindat_p653159_426_raw.jpg,perovskite,ti_bearing_negative,1,653159,DG-53a21c00e78d,train,expert_fit
VTM-006856,raw_negative/ti_bearing_negative/perovskite/perovskite_mindat_p656982_341_raw.jpg,perovskite,ti_bearing_negative,1,656982,DG-bcaed3d082f7,val,expert_stop
VTM-006857,raw_negative/ti_bearing_negative/perovskite/perovskite_mindat_p659689_269_raw.jpg,perovskite,ti_bearing_negative,1,659689,DG-80ecad8594fb,train,expert_fit
VTM-006858,raw_negative/ti_bearing_negative/perovskite/perovskite_mindat_p666456_051_raw.jpg,perovskite,ti_bearing_negative,1,666456,DG-e3f7012191e3,train,expert_fit
VTM-006860,raw_negative/ti_bearing_negative/perovskite/perovskite_mindat_p684894_103_raw.jpg,perovskite,ti_bearing_negative,1,684894,DG-76ded5ef04a3,train,expert_fit
VTM-006863,raw_negative/ti_bearing_negative/perovskite/perovskite_mindat_p720524_076_raw.jpg,perovskite,ti_bearing_negative,1,720524,DG-c7c1fd656b76,val,expert_stop
VTM-006865,raw_negative/ti_bearing_negative/perovskite/perovskite_mindat_p722160_009_raw.jpg,perovskite,ti_bearing_negative,1,722160,DG-63548c1d61c2,train,expert_fit
VTM-006869,raw_negative/ti_bearing_negative/perovskite/perovskite_mindat_p776528_363_raw.jpg,perovskite,ti_bearing_negative,1,776528,DG-a80c4689c96d,train,expert_fit
VTM-006871,raw_negative/ti_bearing_negative/perovskite/perovskite_mindat_p791427_347_raw.jpg,perovskite,ti_bearing_negative,1,791427,DG-12553976c2ec,train,expert_fit
VTM-006872,raw_negative/ti_bearing_negative/perovskite/perovskite_mindat_p799515_041_raw.jpg,perovskite,ti_bearing_negative,1,799515,DG-63b9e212d13b,train,expert_fit
VTM-006874,raw_negative/ti_bearing_negative/perovskite/perovskite_mindat_p801276_337_raw.jpg,perovskite,ti_bearing_negative,1,801276,DG-3e8ecc4a324c,train,expert_fit
VTM-006875,raw_negative/ti_bearing_negative/perovskite/perovskite_mindat_p801278_352_raw.jpg,perovskite,ti_bearing_negative,1,801278,DG-fb1970d2ff6f,train,expert_fit
VTM-006876,raw_negative/ti_bearing_negative/perovskite/perovskite_mindat_p801279_359_raw.jpg,perovskite,ti_bearing_negative,1,801279,DG-d722aacc00e6,train,expert_fit
VTM-006877,raw_negative/ti_bearing_negative/perovskite/perovskite_mindat_p802940_369_raw.jpg,perovskite,ti_bearing_negative,1,802940,DG-15ab3b656d7d,train,expert_fit
VTM-006879,raw_negative/ti_bearing_negative/perovskite/perovskite_mindat_p835790_234_raw.jpg,perovskite,ti_bearing_negative,1,835790,DG-ab868c095f43,train,expert_fit
VTM-006883,raw_negative/ti_bearing_negative/perovskite/perovskite_mindat_p866233_167_raw.jpg,perovskite,ti_bearing_negative,1,866233,DG-601c7764236b,train,expert_fit
VTM-006884,raw_negative/ti_bearing_negative/perovskite/perovskite_mindat_p870248_445_raw.jpg,perovskite,ti_bearing_negative,1,870248,DG-139dab484bba,train,expert_fit
VTM-006885,raw_negative/ti_bearing_negative/perovskite/perovskite_mindat_p872503_364_raw.jpg,perovskite,ti_bearing_negative,1,872503,DG-6501daf28f81,train,expert_fit
VTM-006886,raw_negative/ti_bearing_negative/perovskite/perovskite_mindat_p887095_448_raw.jpg,perovskite,ti_bearing_negative,1,887095,DG-6a30a901d3d6,train,expert_fit
VTM-006887,raw_negative/ti_bearing_negative/perovskite/perovskite_mindat_p892322_040_raw.jpg,perovskite,ti_bearing_negative,1,892322,DG-86578adce0e4,train,expert_fit
VTM-006889,raw_negative/ti_bearing_negative/perovskite/perovskite_mindat_p905832_449_raw.jpg,perovskite,ti_bearing_negative,1,905832,DG-0affc694dc8e,train,expert_fit
VTM-006891,raw_negative/ti_bearing_negative/perovskite/perovskite_mindat_p915214_338_raw.jpg,perovskite,ti_bearing_negative,1,915214,DG-8dfa5e733ae1,train,expert_fit
VTM-006892,raw_negative/ti_bearing_negative/perovskite/perovskite_mindat_p927844_168_raw.jpg,perovskite,ti_bearing_negative,1,927844,DG-a03977989b07,train,expert_fit
VTM-006895,raw_negative/ti_bearing_negative/rutile/rutile_mindat_p000390_091_raw.jpg,rutile,ti_bearing_negative,1,390,DG-deb038f0a7cb,train,expert_fit
VTM-006896,raw_negative/ti_bearing_negative/rutile/rutile_mindat_p001338_466_raw.jpg,rutile,ti_bearing_negative,1,1338,DG-5cbb53088879,train,expert_fit
VTM-006898,raw_negative/ti_bearing_negative/rutile/rutile_mindat_p001997_383_raw.jpg,rutile,ti_bearing_negative,1,1997,DG-6f4492e2f9e1,train,expert_fit
VTM-006899,raw_negative/ti_bearing_negative/rutile/rutile_mindat_p002559_388_raw.jpg,rutile,ti_bearing_negative,1,2559,DG-d3ca4a74edc3,train,expert_fit
VTM-006900,raw_negative/ti_bearing_negative/rutile/rutile_mindat_p002580_389_raw.jpg,rutile,ti_bearing_negative,1,2580,DG-ffe4b9e0e07f,val,expert_stop
VTM-006903,raw_negative/ti_bearing_negative/rutile/rutile_mindat_p002612_376_raw.jpg,rutile,ti_bearing_negative,1,2612,DG-eb595aa1fe78,train,expert_fit
VTM-006904,raw_negative/ti_bearing_negative/rutile/rutile_mindat_p002906_386_raw.jpg,rutile,ti_bearing_negative,1,2906,DG-a0ee72fc35d7,train,expert_fit
VTM-006906,raw_negative/ti_bearing_negative/rutile/rutile_mindat_p003429_391_raw.jpg,rutile,ti_bearing_negative,1,3429,DG-7f087c3660f5,train,expert_fit
VTM-006908,raw_negative/ti_bearing_negative/rutile/rutile_mindat_p004161_487_raw.jpg,rutile,ti_bearing_negative,1,4161,DG-dc60ca226509,train,expert_fit
VTM-006911,raw_negative/ti_bearing_negative/rutile/rutile_mindat_p009469_454_raw.jpg,rutile,ti_bearing_negative,1,9469,DG-bb024c6d4db7,train,expert_fit
VTM-006913,raw_negative/ti_bearing_negative/rutile/rutile_mindat_p010172_066_raw.jpg,rutile,ti_bearing_negative,1,10172,DG-49236f8dec60,train,expert_fit
VTM-006917,raw_negative/ti_bearing_negative/rutile/rutile_mindat_p012994_063_raw.jpg,rutile,ti_bearing_negative,1,12994,DG-6ee3ca1f3798,train,expert_fit
VTM-006922,raw_negative/ti_bearing_negative/rutile/rutile_mindat_p015392_392_raw.jpg,rutile,ti_bearing_negative,1,15392,DG-d07aab0ff9db,train,expert_fit
VTM-006923,raw_negative/ti_bearing_negative/rutile/rutile_mindat_p016161_382_raw.jpg,rutile,ti_bearing_negative,1,16161,DG-b519c5aec4f7,train,expert_fit
VTM-006924,raw_negative/ti_bearing_negative/rutile/rutile_mindat_p016304_394_raw.jpg,rutile,ti_bearing_negative,1,16304,DG-a69c1a464bfa,train,expert_fit
VTM-006925,raw_negative/ti_bearing_negative/rutile/rutile_mindat_p017131_288_raw.jpg,rutile,ti_bearing_negative,1,17131,DG-2e4c5e64b2c7,val,expert_stop
VTM-006927,raw_negative/ti_bearing_negative/rutile/rutile_mindat_p019107_050_raw.jpg,rutile,ti_bearing_negative,1,19107,DG-715c1a669dc5,train,expert_fit
VTM-006932,raw_negative/ti_bearing_negative/rutile/rutile_mindat_p020702_076_raw.jpg,rutile,ti_bearing_negative,1,20702,DG-63e9c4a90251,val,expert_stop
VTM-006934,raw_negative/ti_bearing_negative/rutile/rutile_mindat_p021758_061_raw.jpg,rutile,ti_bearing_negative,1,21758,DG-30753fc2b957,train,expert_fit
VTM-006935,raw_negative/ti_bearing_negative/rutile/rutile_mindat_p021783_076_raw.jpg,rutile,ti_bearing_negative,1,21783,DG-e1a68ff2aa8d,val,expert_stop
VTM-006936,raw_negative/ti_bearing_negative/rutile/rutile_mindat_p022020_455_raw.jpg,rutile,ti_bearing_negative,1,22020,DG-f6d03d16a81e,train,expert_fit
VTM-006937,raw_negative/ti_bearing_negative/rutile/rutile_mindat_p023356_012_raw.jpg,rutile,ti_bearing_negative,1,23356,DG-ff8b96ebca77,train,expert_fit
VTM-006938,raw_negative/ti_bearing_negative/rutile/rutile_mindat_p023478_067_raw.jpg,rutile,ti_bearing_negative,1,23478,DG-873e65d5605e,train,expert_fit
VTM-006939,raw_negative/ti_bearing_negative/rutile/rutile_mindat_p023679_072_raw.jpg,rutile,ti_bearing_negative,1,23679,DG-385f16ee823e,train,expert_fit
VTM-006942,raw_negative/ti_bearing_negative/rutile/rutile_mindat_p025689_014_raw.jpg,rutile,ti_bearing_negative,1,25689,DG-14d465340fd2,train,expert_fit
VTM-006943,raw_negative/ti_bearing_negative/rutile/rutile_mindat_p029089_017_raw.jpg,rutile,ti_bearing_negative,1,29089,DG-ec734403d442,train,expert_fit
VTM-006944,raw_negative/ti_bearing_negative/rutile/rutile_mindat_p029430_046_raw.jpg,rutile,ti_bearing_negative,1,29430,DG-d88bd2775e72,train,expert_fit
VTM-006946,raw_negative/ti_bearing_negative/rutile/rutile_mindat_p029828_045_raw.jpg,rutile,ti_bearing_negative,1,29828,DG-7c3febbcd8b9,val,expert_stop
VTM-006948,raw_negative/ti_bearing_negative/rutile/rutile_mindat_p030716_069_raw.jpg,rutile,ti_bearing_negative,1,30716,DG-851119302eea,train,expert_fit
VTM-006949,raw_negative/ti_bearing_negative/rutile/rutile_mindat_p030909_062_raw.jpg,rutile,ti_bearing_negative,1,30909,DG-44101e66695f,train,expert_fit
VTM-006951,raw_negative/ti_bearing_negative/rutile/rutile_mindat_p030942_065_raw.jpg,rutile,ti_bearing_negative,1,30942,DG-ee69b1fba47a,train,expert_fit
VTM-006952,raw_negative/ti_bearing_negative/rutile/rutile_mindat_p031608_290_raw.jpg,rutile,ti_bearing_negative,1,31608,DG-bff66721b6fb,train,expert_fit
VTM-006954,raw_negative/ti_bearing_negative/rutile/rutile_mindat_p031943_100_raw.jpg,rutile,ti_bearing_negative,1,31943,DG-fc34f2131065,val,expert_stop
VTM-006955,raw_negative/ti_bearing_negative/rutile/rutile_mindat_p033728_170_raw.jpg,rutile,ti_bearing_negative,1,33728,DG-41220504f0eb,train,expert_fit
VTM-006958,raw_negative/ti_bearing_negative/rutile/rutile_mindat_p035416_150_raw.jpg,rutile,ti_bearing_negative,1,35416,DG-0e7cb96e3008,val,expert_stop
VTM-006959,raw_negative/ti_bearing_negative/rutile/rutile_mindat_p035468_018_raw.jpg,rutile,ti_bearing_negative,1,35468,DG-8ba48f39262c,train,expert_fit
VTM-006962,raw_negative/ti_bearing_negative/rutile/rutile_mindat_p037965_023_raw.jpg,rutile,ti_bearing_negative,1,37965,DG-4267c84cacaa,train,expert_fit
VTM-006963,raw_negative/ti_bearing_negative/rutile/rutile_mindat_p038132_044_raw.jpg,rutile,ti_bearing_negative,1,38132,DG-afc05f4307d0,train,expert_fit
VTM-006964,raw_negative/ti_bearing_negative/rutile/rutile_mindat_p038280_070_raw.jpg,rutile,ti_bearing_negative,1,38280,DG-9a6db654cf83,train,expert_fit
VTM-006968,raw_negative/ti_bearing_negative/rutile/rutile_mindat_p039486_468_raw.jpg,rutile,ti_bearing_negative,1,39486,DG-3ad9d2c91d9f,val,expert_stop
VTM-006969,raw_negative/ti_bearing_negative/rutile/rutile_mindat_p040356_035_raw.jpg,rutile,ti_bearing_negative,1,40356,DG-b3598e9ae197,train,expert_fit
VTM-006971,raw_negative/ti_bearing_negative/rutile/rutile_mindat_p040765_057_raw.jpg,rutile,ti_bearing_negative,1,40765,DG-dca3cf74d23b,train,expert_fit
VTM-006973,raw_negative/ti_bearing_negative/rutile/rutile_mindat_p041346_030_raw.jpg,rutile,ti_bearing_negative,1,41346,DG-81e6b3ff2b22,train,expert_fit
VTM-006976,raw_negative/ti_bearing_negative/rutile/rutile_mindat_p042262_353_raw.jpg,rutile,ti_bearing_negative,1,42262,DG-da93d215b880,train,expert_fit
VTM-006978,raw_negative/ti_bearing_negative/rutile/rutile_mindat_p043940_010_raw.jpg,rutile,ti_bearing_negative,1,43940,DG-3b43749310e1,train,expert_fit
VTM-006979,raw_negative/ti_bearing_negative/rutile/rutile_mindat_p043941_009_raw.jpg,rutile,ti_bearing_negative,1,43941,DG-58d413850ced,train,expert_fit
VTM-006981,raw_negative/ti_bearing_negative/rutile/rutile_mindat_p044281_070_raw.jpg,rutile,ti_bearing_negative,1,44281,DG-d7ef3c51f043,train,expert_fit
VTM-006983,raw_negative/ti_bearing_negative/rutile/rutile_mindat_p045912_293_raw.jpg,rutile,ti_bearing_negative,1,45912,DG-a7b59cae618b,val,expert_stop
VTM-006984,raw_negative/ti_bearing_negative/rutile/rutile_mindat_p045992_027_raw.jpg,rutile,ti_bearing_negative,1,45992,DG-154c71809bbc,train,expert_fit
VTM-006985,raw_negative/ti_bearing_negative/rutile/rutile_mindat_p046542_069_raw.jpg,rutile,ti_bearing_negative,1,46542,DG-0eee9f6bbcfc,train,expert_fit
VTM-006991,raw_negative/ti_bearing_negative/rutile/rutile_mindat_p048993_067_raw.jpg,rutile,ti_bearing_negative,1,48993,DG-a10644b32c6d,val,expert_stop
VTM-006993,raw_negative/ti_bearing_negative/rutile/rutile_mindat_p049989_020_raw.jpg,rutile,ti_bearing_negative,1,49989,DG-fc94c8d6a511,train,expert_fit
VTM-006995,raw_negative/ti_bearing_negative/rutile/rutile_mindat_p050988_092_raw.jpg,rutile,ti_bearing_negative,1,50988,DG-b0604379d089,train,expert_fit
VTM-006996,raw_negative/ti_bearing_negative/rutile/rutile_mindat_p052109_026_raw.jpg,rutile,ti_bearing_negative,1,52109,DG-b7cf638c0421,val,expert_stop
VTM-006997,raw_negative/ti_bearing_negative/rutile/rutile_mindat_p052378_033_raw.jpg,rutile,ti_bearing_negative,1,52378,DG-3210510c03ac,train,expert_fit
VTM-006998,raw_negative/ti_bearing_negative/rutile/rutile_mindat_p052379_019_raw.jpg,rutile,ti_bearing_negative,1,52379,DG-acbe1e05c541,train,expert_fit
VTM-006999,raw_negative/ti_bearing_negative/rutile/rutile_mindat_p052380_024_raw.jpg,rutile,ti_bearing_negative,1,52380,DG-67c4cb87ba6d,train,expert_fit
VTM-007000,raw_negative/ti_bearing_negative/rutile/rutile_mindat_p052994_075_raw.jpg,rutile,ti_bearing_negative,1,52994,DG-cb8394f349bd,train,expert_fit
VTM-007002,raw_negative/ti_bearing_negative/rutile/rutile_mindat_p055091_029_raw.jpg,rutile,ti_bearing_negative,1,55091,DG-c6cad96fd5a7,train,expert_fit
VTM-007003,raw_negative/ti_bearing_negative/rutile/rutile_mindat_p055107_177_raw.jpg,rutile,ti_bearing_negative,1,55107,DG-d4bd8511f2dc,train,expert_fit
VTM-007007,raw_negative/ti_bearing_negative/rutile/rutile_mindat_p055491_017_raw.jpg,rutile,ti_bearing_negative,1,55491,DG-493cac276dd5,train,expert_fit
VTM-007009,raw_negative/ti_bearing_negative/rutile/rutile_mindat_p055746_006_raw.jpg,rutile,ti_bearing_negative,1,55746,DG-39d7b0912ce5,train,expert_fit
VTM-007011,raw_negative/ti_bearing_negative/rutile/rutile_mindat_p055844_013_raw.jpg,rutile,ti_bearing_negative,1,55844,DG-e6997e09d494,train,expert_fit
VTM-007016,raw_negative/ti_bearing_negative/rutile/rutile_mindat_p060785_051_raw.jpg,rutile,ti_bearing_negative,1,60785,DG-852ef39aee31,train,expert_fit
VTM-007020,raw_negative/ti_bearing_negative/rutile/rutile_mindat_p062777_070_raw.jpg,rutile,ti_bearing_negative,1,62777,DG-6dadea707760,train,expert_fit
VTM-007021,raw_negative/ti_bearing_negative/rutile/rutile_mindat_p062778_098_raw.jpg,rutile,ti_bearing_negative,1,62778,DG-0cb808e4d44c,val,expert_stop
VTM-007022,raw_negative/ti_bearing_negative/rutile/rutile_mindat_p062908_031_raw.jpg,rutile,ti_bearing_negative,1,62908,DG-ddb87d8f7db6,train,expert_fit
VTM-007025,raw_negative/ti_bearing_negative/rutile/rutile_mindat_p064556_355_raw.jpg,rutile,ti_bearing_negative,1,64556,DG-320f2d556960,train,expert_fit
VTM-007026,raw_negative/ti_bearing_negative/rutile/rutile_mindat_p064732_001_raw.jpg,rutile,ti_bearing_negative,1,64732,DG-e3dbfb5405a7,val,expert_stop
VTM-007028,raw_negative/ti_bearing_negative/rutile/rutile_mindat_p065872_067_raw.jpg,rutile,ti_bearing_negative,1,65872,DG-0da72e6d3753,train,expert_fit
VTM-007029,raw_negative/ti_bearing_negative/rutile/rutile_mindat_p065873_338_raw.jpg,rutile,ti_bearing_negative,1,65873,DG-0b8d368c44aa,train,expert_fit
VTM-007030,raw_negative/ti_bearing_negative/rutile/rutile_mindat_p065875_315_raw.jpg,rutile,ti_bearing_negative,1,65875,DG-f47eb8f21713,train,expert_fit
VTM-007032,raw_negative/ti_bearing_negative/rutile/rutile_mindat_p066833_024_raw.jpg,rutile,ti_bearing_negative,1,66833,DG-0b8472e2b902,val,expert_stop
VTM-007033,raw_negative/ti_bearing_negative/rutile/rutile_mindat_p067487_163_raw.jpg,rutile,ti_bearing_negative,1,67487,DG-59ba6e165a41,train,expert_fit
VTM-007035,raw_negative/ti_bearing_negative/rutile/rutile_mindat_p068554_073_raw.jpg,rutile,ti_bearing_negative,1,68554,DG-7e2fefbbaadf,train,expert_fit
VTM-007036,raw_negative/ti_bearing_negative/rutile/rutile_mindat_p068944_230_raw.jpg,rutile,ti_bearing_negative,1,68944,DG-a6b0c64e9f4d,train,expert_fit
VTM-007037,raw_negative/ti_bearing_negative/rutile/rutile_mindat_p069042_473_raw.jpg,rutile,ti_bearing_negative,1,69042,DG-22d358f0e974,train,expert_fit
VTM-007039,raw_negative/ti_bearing_negative/rutile/rutile_mindat_p070337_125_raw.jpg,rutile,ti_bearing_negative,1,70337,DG-68718bd4f573,train,expert_fit
VTM-007040,raw_negative/ti_bearing_negative/rutile/rutile_mindat_p070410_091_raw.jpg,rutile,ti_bearing_negative,1,70410,DG-b872fe4b369e,val,expert_stop
VTM-007041,raw_negative/ti_bearing_negative/rutile/rutile_mindat_p071870_013_raw.jpg,rutile,ti_bearing_negative,1,71870,DG-fa8281c7c40c,train,expert_fit
VTM-007043,raw_negative/ti_bearing_negative/rutile/rutile_mindat_p072873_085_raw.jpg,rutile,ti_bearing_negative,1,72873,DG-7f60aba9a6ae,train,expert_fit
VTM-007045,raw_negative/ti_bearing_negative/rutile/rutile_mindat_p073789_159_raw.jpg,rutile,ti_bearing_negative,1,73789,DG-2dbb1c429792,train,expert_fit
VTM-007046,raw_negative/ti_bearing_negative/rutile/rutile_mindat_p074432_048_raw.jpg,rutile,ti_bearing_negative,1,74432,DG-0c07312b0be0,train,expert_fit
VTM-007048,raw_negative/ti_bearing_negative/rutile/rutile_mindat_p075010_113_raw.jpg,rutile,ti_bearing_negative,1,75010,DG-f9986ce5a4bd,train,expert_fit
VTM-007049,raw_negative/ti_bearing_negative/rutile/rutile_mindat_p075175_179_raw.jpg,rutile,ti_bearing_negative,1,75175,DG-4715ac3ecf84,train,expert_fit
VTM-007050,raw_negative/ti_bearing_negative/rutile/rutile_mindat_p075271_022_raw.jpg,rutile,ti_bearing_negative,1,75271,DG-369ed0831ac7,train,expert_fit
VTM-007054,raw_negative/ti_bearing_negative/rutile/rutile_mindat_p079016_397_raw.jpg,rutile,ti_bearing_negative,1,79016,DG-6a7637f40650,train,expert_fit
VTM-007055,raw_negative/ti_bearing_negative/rutile/rutile_mindat_p081922_153_raw.jpg,rutile,ti_bearing_negative,1,81922,DG-8e23ffd53167,train,expert_fit
VTM-007056,raw_negative/ti_bearing_negative/rutile/rutile_mindat_p083658_007_raw.jpg,rutile,ti_bearing_negative,1,83658,DG-c937488cd9f4,train,expert_fit
VTM-007057,raw_negative/ti_bearing_negative/rutile/rutile_mindat_p083914_077_raw.jpg,rutile,ti_bearing_negative,1,83914,DG-14ab92e0ff9b,train,expert_fit
VTM-007060,raw_negative/ti_bearing_negative/rutile/rutile_mindat_p085927_092_raw.jpg,rutile,ti_bearing_negative,1,85927,DG-e2a64064c1cc,train,expert_fit
VTM-007061,raw_negative/ti_bearing_negative/rutile/rutile_mindat_p088161_236_raw.jpg,rutile,ti_bearing_negative,1,88161,DG-6614e1a8d449,train,expert_fit
VTM-007062,raw_negative/ti_bearing_negative/rutile/rutile_mindat_p089242_258_raw.jpg,rutile,ti_bearing_negative,1,89242,DG-8270991e792a,train,expert_fit
VTM-007063,raw_negative/ti_bearing_negative/rutile/rutile_mindat_p089390_078_raw.jpg,rutile,ti_bearing_negative,1,89390,DG-ab9b2c497222,train,expert_fit
VTM-007064,raw_negative/ti_bearing_negative/rutile/rutile_mindat_p089662_085_raw.jpg,rutile,ti_bearing_negative,1,89662,DG-7daf7f5c53ed,train,expert_fit
VTM-007065,raw_negative/ti_bearing_negative/rutile/rutile_mindat_p090400_190_raw.jpg,rutile,ti_bearing_negative,1,90400,DG-cadf3c36e12e,train,expert_fit
VTM-007068,raw_negative/ti_bearing_negative/rutile/rutile_mindat_p091605_077_raw.jpg,rutile,ti_bearing_negative,1,91605,DG-cb092402bd61,train,expert_fit
VTM-007070,raw_negative/ti_bearing_negative/rutile/rutile_mindat_p092009_011_raw.jpg,rutile,ti_bearing_negative,1,92009,DG-d34b22e095bf,train,expert_fit
VTM-007071,raw_negative/ti_bearing_negative/rutile/rutile_mindat_p092011_018_raw.jpg,rutile,ti_bearing_negative,1,92011,DG-75e7d82a7fad,train,expert_fit
VTM-007072,raw_negative/ti_bearing_negative/rutile/rutile_mindat_p092018_054_raw.jpg,rutile,ti_bearing_negative,1,92018,DG-4a746cd033b8,train,expert_fit
VTM-007073,raw_negative/ti_bearing_negative/rutile/rutile_mindat_p092465_015_raw.jpg,rutile,ti_bearing_negative,1,92465,DG-408bf3f465f4,val,expert_stop
VTM-007074,raw_negative/ti_bearing_negative/rutile/rutile_mindat_p092466_009_raw.jpg,rutile,ti_bearing_negative,1,92466,DG-842eb201398c,train,expert_fit
VTM-007076,raw_negative/ti_bearing_negative/rutile/rutile_mindat_p093839_031_raw.jpg,rutile,ti_bearing_negative,1,93839,DG-f79fe0f52c94,train,expert_fit
VTM-007077,raw_negative/ti_bearing_negative/rutile/rutile_mindat_p093840_029_raw.jpg,rutile,ti_bearing_negative,1,93840,DG-770a5d7bc686,train,expert_fit
VTM-007081,raw_negative/ti_bearing_negative/rutile/rutile_mindat_p095118_028_raw.jpg,rutile,ti_bearing_negative,1,95118,DG-af5f4536f2b9,train,expert_fit
VTM-007082,raw_negative/ti_bearing_negative/rutile/rutile_mindat_p095119_037_raw.jpg,rutile,ti_bearing_negative,1,95119,DG-6f908de6422f,train,expert_fit
VTM-007083,raw_negative/ti_bearing_negative/rutile/rutile_mindat_p095197_128_raw.jpg,rutile,ti_bearing_negative,1,95197,DG-7184dc0ff98c,train,expert_fit
VTM-007085,raw_negative/ti_bearing_negative/rutile/rutile_mindat_p099018_012_raw.jpg,rutile,ti_bearing_negative,1,99018,DG-2888a0c25838,train,expert_fit
VTM-007087,raw_negative/ti_bearing_negative/rutile/rutile_mindat_p1000042_027_raw.jpg,rutile,ti_bearing_negative,1,1000042,DG-6d984a5d73d6,train,expert_fit
VTM-007088,raw_negative/ti_bearing_negative/rutile/rutile_mindat_p1000046_059_raw.jpg,rutile,ti_bearing_negative,1,1000046,DG-45d08d11eb84,train,expert_fit
VTM-007091,raw_negative/ti_bearing_negative/rutile/rutile_mindat_p1008055_424_raw.jpg,rutile,ti_bearing_negative,1,1008055,DG-f83f28631de7,train,expert_fit
VTM-007092,raw_negative/ti_bearing_negative/rutile/rutile_mindat_p1008797_035_raw.jpg,rutile,ti_bearing_negative,1,1008797,DG-f7a76505a9a5,train,expert_fit
VTM-007093,raw_negative/ti_bearing_negative/rutile/rutile_mindat_p1012635_213_raw.jpg,rutile,ti_bearing_negative,1,1012635,DG-3ad8c3ee11d2,train,expert_fit
VTM-007095,raw_negative/ti_bearing_negative/rutile/rutile_mindat_p1020868_114_raw.jpg,rutile,ti_bearing_negative,1,1020868,DG-ad37acc6ccfc,train,expert_fit
VTM-007097,raw_negative/ti_bearing_negative/rutile/rutile_mindat_p1021010_036_raw.jpg,rutile,ti_bearing_negative,1,1021010,DG-dd8e130f4170,train,expert_fit
VTM-007099,raw_negative/ti_bearing_negative/rutile/rutile_mindat_p1028733_127_raw.jpg,rutile,ti_bearing_negative,1,1028733,DG-56fe18c68eeb,train,expert_fit
VTM-007102,raw_negative/ti_bearing_negative/rutile/rutile_mindat_p1032639_113_raw.jpg,rutile,ti_bearing_negative,1,1032639,DG-e197bfeae2ac,train,expert_fit
VTM-007103,raw_negative/ti_bearing_negative/rutile/rutile_mindat_p1033753_048_raw.jpg,rutile,ti_bearing_negative,1,1033753,DG-9cbf002ecfe4,train,expert_fit
VTM-007105,raw_negative/ti_bearing_negative/rutile/rutile_mindat_p1036702_096_raw.jpg,rutile,ti_bearing_negative,1,1036702,DG-2f7620e4780c,train,expert_fit
VTM-007106,raw_negative/ti_bearing_negative/rutile/rutile_mindat_p1038354_060_raw.jpg,rutile,ti_bearing_negative,1,1038354,DG-b4abf5b90b6d,train,expert_fit
VTM-007108,raw_negative/ti_bearing_negative/rutile/rutile_mindat_p104217_023_raw.jpg,rutile,ti_bearing_negative,1,104217,DG-e309eb20b011,train,expert_fit
VTM-007110,raw_negative/ti_bearing_negative/rutile/rutile_mindat_p1049351_132_raw.jpg,rutile,ti_bearing_negative,1,1049351,DG-934da3061227,train,expert_fit
VTM-007112,raw_negative/ti_bearing_negative/rutile/rutile_mindat_p1051382_041_raw.jpg,rutile,ti_bearing_negative,1,1051382,DG-e26d6b558205,val,expert_stop
VTM-007113,raw_negative/ti_bearing_negative/rutile/rutile_mindat_p1052302_054_raw.jpg,rutile,ti_bearing_negative,1,1052302,DG-19b2c7b5ce4e,train,expert_fit
VTM-007114,raw_negative/ti_bearing_negative/rutile/rutile_mindat_p105288_052_raw.jpg,rutile,ti_bearing_negative,1,105288,DG-0d785c245f4f,train,expert_fit
VTM-007115,raw_negative/ti_bearing_negative/rutile/rutile_mindat_p1053628_512_raw.jpg,rutile,ti_bearing_negative,1,1053628,DG-86315d9b7486,train,expert_fit
VTM-007116,raw_negative/ti_bearing_negative/rutile/rutile_mindat_p105463_074_raw.jpg,rutile,ti_bearing_negative,1,105463,DG-124776036bae,train,expert_fit
VTM-007117,raw_negative/ti_bearing_negative/rutile/rutile_mindat_p1055940_006_raw.jpg,rutile,ti_bearing_negative,1,1055940,DG-2a28894a69c2,val,expert_stop
VTM-007118,raw_negative/ti_bearing_negative/rutile/rutile_mindat_p1056331_007_raw.jpg,rutile,ti_bearing_negative,1,1056331,DG-720fea33f48b,train,expert_fit
VTM-007119,raw_negative/ti_bearing_negative/rutile/rutile_mindat_p1056332_011_raw.jpg,rutile,ti_bearing_negative,1,1056332,DG-0221b11681e0,train,expert_fit
VTM-007121,raw_negative/ti_bearing_negative/rutile/rutile_mindat_p1056334_010_raw.jpg,rutile,ti_bearing_negative,1,1056334,DG-a939f20b22e0,val,expert_stop
VTM-007123,raw_negative/ti_bearing_negative/rutile/rutile_mindat_p1062022_004_raw.jpg,rutile,ti_bearing_negative,1,1062022,DG-ceec884fca9d,train,expert_fit
VTM-007125,raw_negative/ti_bearing_negative/rutile/rutile_mindat_p1071430_129_raw.jpg,rutile,ti_bearing_negative,1,1071430,DG-314f5c22ba5e,train,expert_fit
VTM-007127,raw_negative/ti_bearing_negative/rutile/rutile_mindat_p108650_055_raw.jpg,rutile,ti_bearing_negative,1,108650,DG-6e910964969a,train,expert_fit
VTM-007129,raw_negative/ti_bearing_negative/rutile/rutile_mindat_p109219_067_raw.jpg,rutile,ti_bearing_negative,1,109219,DG-f0b4c5c4799c,train,expert_fit
VTM-007131,raw_negative/ti_bearing_negative/rutile/rutile_mindat_p1096883_239_raw.jpg,rutile,ti_bearing_negative,1,1096883,DG-1eacf4e0b0ca,train,expert_fit
VTM-007133,raw_negative/ti_bearing_negative/rutile/rutile_mindat_p1097028_420_raw.jpg,rutile,ti_bearing_negative,1,1097028,DG-a8675b2a8279,val,expert_stop
VTM-007134,raw_negative/ti_bearing_negative/rutile/rutile_mindat_p1097030_423_raw.jpg,rutile,ti_bearing_negative,1,1097030,DG-d3fb009b5883,val,expert_stop
VTM-007135,raw_negative/ti_bearing_negative/rutile/rutile_mindat_p1097082_264_raw.jpg,rutile,ti_bearing_negative,1,1097082,DG-60166d2dd05e,train,expert_fit
VTM-007138,raw_negative/ti_bearing_negative/rutile/rutile_mindat_p1101227_065_raw.jpg,rutile,ti_bearing_negative,1,1101227,DG-2f8e6e5e245a,train,expert_fit
VTM-007139,raw_negative/ti_bearing_negative/rutile/rutile_mindat_p1103494_143_raw.jpg,rutile,ti_bearing_negative,1,1103494,DG-41ae055d9826,train,expert_fit
VTM-007144,raw_negative/ti_bearing_negative/rutile/rutile_mindat_p1108512_053_raw.jpg,rutile,ti_bearing_negative,1,1108512,DG-8f05a74e61f7,train,expert_fit
VTM-007146,raw_negative/ti_bearing_negative/rutile/rutile_mindat_p1112885_041_raw.jpg,rutile,ti_bearing_negative,1,1112885,DG-93e1adefaa54,val,expert_stop
VTM-007148,raw_negative/ti_bearing_negative/rutile/rutile_mindat_p1113075_304_raw.jpg,rutile,ti_bearing_negative,1,1113075,DG-a4dd52aff9b6,train,expert_fit
VTM-007149,raw_negative/ti_bearing_negative/rutile/rutile_mindat_p1114231_094_raw.jpg,rutile,ti_bearing_negative,1,1114231,DG-0b1d7bd7951b,train,expert_fit
VTM-007150,raw_negative/ti_bearing_negative/rutile/rutile_mindat_p1114764_221_raw.jpg,rutile,ti_bearing_negative,1,1114764,DG-cf8a125e50d9,train,expert_fit
VTM-007151,raw_negative/ti_bearing_negative/rutile/rutile_mindat_p1118411_510_raw.jpg,rutile,ti_bearing_negative,1,1118411,DG-6ef8ee263e12,train,expert_fit
VTM-007152,raw_negative/ti_bearing_negative/rutile/rutile_mindat_p1121771_092_raw.jpg,rutile,ti_bearing_negative,1,1121771,DG-07a2473666c2,val,expert_stop
VTM-007153,raw_negative/ti_bearing_negative/rutile/rutile_mindat_p1122020_373_raw.jpg,rutile,ti_bearing_negative,1,1122020,DG-cf80f1bd6d93,train,expert_fit
VTM-007157,raw_negative/ti_bearing_negative/rutile/rutile_mindat_p1124775_284_raw.jpg,rutile,ti_bearing_negative,1,1124775,DG-52a07fdd8b0a,val,expert_stop
VTM-007159,raw_negative/ti_bearing_negative/rutile/rutile_mindat_p1130244_054_raw.jpg,rutile,ti_bearing_negative,1,1130244,DG-92fd03702dcd,train,expert_fit
VTM-007160,raw_negative/ti_bearing_negative/rutile/rutile_mindat_p1130245_050_raw.jpg,rutile,ti_bearing_negative,1,1130245,DG-f5950cc9cf3c,train,expert_fit
VTM-007164,raw_negative/ti_bearing_negative/rutile/rutile_mindat_p1131180_149_raw.jpg,rutile,ti_bearing_negative,1,1131180,DG-5b8d51428770,train,expert_fit
VTM-007166,raw_negative/ti_bearing_negative/rutile/rutile_mindat_p1136539_227_raw.jpg,rutile,ti_bearing_negative,1,1136539,DG-1d36d06af42d,train,expert_fit
VTM-007167,raw_negative/ti_bearing_negative/rutile/rutile_mindat_p1137726_112_raw.jpg,rutile,ti_bearing_negative,1,1137726,DG-84ff282d024e,train,expert_fit
VTM-007168,raw_negative/ti_bearing_negative/rutile/rutile_mindat_p1137733_115_raw.jpg,rutile,ti_bearing_negative,1,1137733,DG-a6848732cd54,val,expert_stop
VTM-007169,raw_negative/ti_bearing_negative/rutile/rutile_mindat_p1142923_012_raw.jpg,rutile,ti_bearing_negative,1,1142923,DG-76b90016b13c,train,expert_fit
VTM-007170,raw_negative/ti_bearing_negative/rutile/rutile_mindat_p1142928_013_raw.jpg,rutile,ti_bearing_negative,1,1142928,DG-0350d83b9da1,train,expert_fit
VTM-007171,raw_negative/ti_bearing_negative/rutile/rutile_mindat_p1154334_032_raw.jpg,rutile,ti_bearing_negative,1,1154334,DG-6669aaaedfa6,val,expert_stop
VTM-007172,raw_negative/ti_bearing_negative/rutile/rutile_mindat_p1157004_015_raw.jpg,rutile,ti_bearing_negative,1,1157004,DG-e444aec7b342,train,expert_fit
VTM-007173,raw_negative/ti_bearing_negative/rutile/rutile_mindat_p1157248_010_raw.jpg,rutile,ti_bearing_negative,1,1157248,DG-e3c874bda092,train,expert_fit
VTM-007174,raw_negative/ti_bearing_negative/rutile/rutile_mindat_p1157341_011_raw.jpg,rutile,ti_bearing_negative,1,1157341,DG-a6d3661dee25,train,expert_fit
VTM-007175,raw_negative/ti_bearing_negative/rutile/rutile_mindat_p116258_231_raw.jpg,rutile,ti_bearing_negative,1,116258,DG-22cde3cc3600,train,expert_fit
VTM-007176,raw_negative/ti_bearing_negative/rutile/rutile_mindat_p1163254_237_raw.jpg,rutile,ti_bearing_negative,1,1163254,DG-e8ca41604711,train,expert_fit
VTM-007177,raw_negative/ti_bearing_negative/rutile/rutile_mindat_p1163388_011_raw.jpg,rutile,ti_bearing_negative,1,1163388,DG-4773ed2934d5,train,expert_fit
VTM-007180,raw_negative/ti_bearing_negative/rutile/rutile_mindat_p1166222_116_raw.jpg,rutile,ti_bearing_negative,1,1166222,DG-722ac6aa9e5b,train,expert_fit
VTM-007181,raw_negative/ti_bearing_negative/rutile/rutile_mindat_p1166335_055_raw.jpg,rutile,ti_bearing_negative,1,1166335,DG-8811686b2d28,train,expert_fit
VTM-007182,raw_negative/ti_bearing_negative/rutile/rutile_mindat_p116681_001_raw.jpg,rutile,ti_bearing_negative,1,116681,DG-f766a830be8c,train,expert_fit
VTM-007183,raw_negative/ti_bearing_negative/rutile/rutile_mindat_p116720_496_raw.jpg,rutile,ti_bearing_negative,1,116720,DG-c256eac31ccf,val,expert_stop
VTM-007184,raw_negative/ti_bearing_negative/rutile/rutile_mindat_p1168579_509_raw.jpg,rutile,ti_bearing_negative,1,1168579,DG-4508ea6b3b28,train,expert_fit
VTM-007188,raw_negative/ti_bearing_negative/rutile/rutile_mindat_p1171728_465_raw.jpg,rutile,ti_bearing_negative,1,1171728,DG-ba55049b90a6,train,expert_fit
VTM-007189,raw_negative/ti_bearing_negative/rutile/rutile_mindat_p117523_002_raw.jpg,rutile,ti_bearing_negative,1,117523,DG-f3199ab83da0,train,expert_fit
VTM-007190,raw_negative/ti_bearing_negative/rutile/rutile_mindat_p1175713_131_raw.jpg,rutile,ti_bearing_negative,1,1175713,DG-64e8663eb338,train,expert_fit
VTM-007191,raw_negative/ti_bearing_negative/rutile/rutile_mindat_p118175_492_raw.jpg,rutile,ti_bearing_negative,1,118175,DG-5799653ea8ae,val,expert_stop
VTM-007192,raw_negative/ti_bearing_negative/rutile/rutile_mindat_p118294_094_raw.jpg,rutile,ti_bearing_negative,1,118294,DG-d1ae79e833b4,train,expert_fit
VTM-007193,raw_negative/ti_bearing_negative/rutile/rutile_mindat_p1184684_121_raw.jpg,rutile,ti_bearing_negative,1,1184684,DG-b2626767fa0a,train,expert_fit
VTM-007195,raw_negative/ti_bearing_negative/rutile/rutile_mindat_p1191196_039_raw.jpg,rutile,ti_bearing_negative,1,1191196,DG-e07eab868cb0,train,expert_fit
VTM-007196,raw_negative/ti_bearing_negative/rutile/rutile_mindat_p1195926_014_raw.jpg,rutile,ti_bearing_negative,1,1195926,DG-20fdc744e5bb,train,expert_fit
VTM-007201,raw_negative/ti_bearing_negative/rutile/rutile_mindat_p1218271_124_raw.jpg,rutile,ti_bearing_negative,1,1218271,DG-fbd4e827ad27,train,expert_fit
VTM-007202,raw_negative/ti_bearing_negative/rutile/rutile_mindat_p1229733_056_raw.jpg,rutile,ti_bearing_negative,1,1229733,DG-d49086ed0d54,train,expert_fit
VTM-007206,raw_negative/ti_bearing_negative/rutile/rutile_mindat_p1239298_281_raw.jpg,rutile,ti_bearing_negative,1,1239298,DG-3bf993c53651,train,expert_fit
VTM-007207,raw_negative/ti_bearing_negative/rutile/rutile_mindat_p1239299_282_raw.jpg,rutile,ti_bearing_negative,1,1239299,DG-84907d40026d,train,expert_fit
VTM-007208,raw_negative/ti_bearing_negative/rutile/rutile_mindat_p1240454_303_raw.jpg,rutile,ti_bearing_negative,1,1240454,DG-c96a7d06773e,train,expert_fit
VTM-007209,raw_negative/ti_bearing_negative/rutile/rutile_mindat_p1246023_147_raw.jpg,rutile,ti_bearing_negative,1,1246023,DG-75227de7015a,train,expert_fit
VTM-007210,raw_negative/ti_bearing_negative/rutile/rutile_mindat_p1254454_508_raw.jpg,rutile,ti_bearing_negative,1,1254454,DG-eb7443f02093,train,expert_fit
VTM-007213,raw_negative/ti_bearing_negative/rutile/rutile_mindat_p1262916_120_raw.jpg,rutile,ti_bearing_negative,1,1262916,DG-aca26e27c569,train,expert_fit
VTM-007214,raw_negative/ti_bearing_negative/rutile/rutile_mindat_p1262917_122_raw.jpg,rutile,ti_bearing_negative,1,1262917,DG-a2492682f54e,train,expert_fit
VTM-007215,raw_negative/ti_bearing_negative/rutile/rutile_mindat_p1262921_123_raw.jpg,rutile,ti_bearing_negative,1,1262921,DG-1a04dbe54b28,train,expert_fit
VTM-007216,raw_negative/ti_bearing_negative/rutile/rutile_mindat_p1263805_118_raw.jpg,rutile,ti_bearing_negative,1,1263805,DG-22e342ab37aa,train,expert_fit
VTM-007218,raw_negative/ti_bearing_negative/rutile/rutile_mindat_p1280275_087_raw.jpg,rutile,ti_bearing_negative,1,1280275,DG-d368be2d72a8,train,expert_fit
VTM-007219,raw_negative/ti_bearing_negative/rutile/rutile_mindat_p1280515_112_raw.jpg,rutile,ti_bearing_negative,1,1280515,DG-b296bdb18f6e,train,expert_fit
VTM-007220,raw_negative/ti_bearing_negative/rutile/rutile_mindat_p1281488_022_raw.jpg,rutile,ti_bearing_negative,1,1281488,DG-50099618518d,train,expert_fit
VTM-007221,raw_negative/ti_bearing_negative/rutile/rutile_mindat_p1282636_300_raw.jpg,rutile,ti_bearing_negative,1,1282636,DG-9cff880b441e,train,expert_fit
VTM-007222,raw_negative/ti_bearing_negative/rutile/rutile_mindat_p1282673_292_raw.jpg,rutile,ti_bearing_negative,1,1282673,DG-2f3123f9da63,train,expert_fit
VTM-007223,raw_negative/ti_bearing_negative/rutile/rutile_mindat_p1282675_299_raw.jpg,rutile,ti_bearing_negative,1,1282675,DG-342bb1eca302,train,expert_fit
VTM-007225,raw_negative/ti_bearing_negative/rutile/rutile_mindat_p1282678_295_raw.jpg,rutile,ti_bearing_negative,1,1282678,DG-cbe06d76b1e3,train,expert_fit
VTM-007231,raw_negative/ti_bearing_negative/rutile/rutile_mindat_p1298003_587_raw.jpg,rutile,ti_bearing_negative,1,1298003,DG-036c5667b7e9,train,expert_fit
VTM-007232,raw_negative/ti_bearing_negative/rutile/rutile_mindat_p1299289_051_raw.jpg,rutile,ti_bearing_negative,1,1299289,DG-2b9a3b169394,train,expert_fit
VTM-007233,raw_negative/ti_bearing_negative/rutile/rutile_mindat_p1299292_057_raw.jpg,rutile,ti_bearing_negative,1,1299292,DG-777d83515793,train,expert_fit
VTM-007235,raw_negative/ti_bearing_negative/rutile/rutile_mindat_p1301283_250_raw.jpg,rutile,ti_bearing_negative,1,1301283,DG-262ac6e6eda6,train,expert_fit
VTM-007236,raw_negative/ti_bearing_negative/rutile/rutile_mindat_p1306505_274_raw.jpg,rutile,ti_bearing_negative,1,1306505,DG-b2cd8d07c3f0,train,expert_fit
VTM-007238,raw_negative/ti_bearing_negative/rutile/rutile_mindat_p1310667_440_raw.jpg,rutile,ti_bearing_negative,1,1310667,DG-f545dfed1043,val,expert_stop
VTM-007240,raw_negative/ti_bearing_negative/rutile/rutile_mindat_p1313792_514_raw.jpg,rutile,ti_bearing_negative,1,1313792,DG-c8f09985c1be,train,expert_fit
VTM-007245,raw_negative/ti_bearing_negative/rutile/rutile_mindat_p1321895_419_raw.jpg,rutile,ti_bearing_negative,1,1321895,DG-81422215b21f,val,expert_stop
VTM-007246,raw_negative/ti_bearing_negative/rutile/rutile_mindat_p1323257_014_raw.jpg,rutile,ti_bearing_negative,1,1323257,DG-373878db0c3f,train,expert_fit
VTM-007248,raw_negative/ti_bearing_negative/rutile/rutile_mindat_p1326093_012_raw.jpg,rutile,ti_bearing_negative,1,1326093,DG-c274fac1f1b0,train,expert_fit
VTM-007250,raw_negative/ti_bearing_negative/rutile/rutile_mindat_p1326095_013_raw.jpg,rutile,ti_bearing_negative,1,1326095,DG-d054717f484a,train,expert_fit
VTM-007253,raw_negative/ti_bearing_negative/rutile/rutile_mindat_p132977_100_raw.jpg,rutile,ti_bearing_negative,1,132977,DG-4cbb2583aed0,val,expert_stop
VTM-007255,raw_negative/ti_bearing_negative/rutile/rutile_mindat_p1331391_421_raw.jpg,rutile,ti_bearing_negative,1,1331391,DG-4ed42c6f009b,train,expert_fit
VTM-007257,raw_negative/ti_bearing_negative/rutile/rutile_mindat_p1336267_118_raw.jpg,rutile,ti_bearing_negative,1,1336267,DG-9446f6977fd0,train,expert_fit
VTM-007258,raw_negative/ti_bearing_negative/rutile/rutile_mindat_p1337461_425_raw.jpg,rutile,ti_bearing_negative,1,1337461,DG-57c416ffbc72,train,expert_fit
VTM-007259,raw_negative/ti_bearing_negative/rutile/rutile_mindat_p1337462_427_raw.jpg,rutile,ti_bearing_negative,1,1337462,DG-b9151f2ad35e,train,expert_fit
VTM-007262,raw_negative/ti_bearing_negative/rutile/rutile_mindat_p1337465_430_raw.jpg,rutile,ti_bearing_negative,1,1337465,DG-d9346a5d5ba9,train,expert_fit
VTM-007263,raw_negative/ti_bearing_negative/rutile/rutile_mindat_p1337849_246_raw.jpg,rutile,ti_bearing_negative,1,1337849,DG-a48b06965b38,train,expert_fit
VTM-007264,raw_negative/ti_bearing_negative/rutile/rutile_mindat_p1345573_126_raw.jpg,rutile,ti_bearing_negative,1,1345573,DG-d73558b211eb,train,expert_fit
VTM-007267,raw_negative/ti_bearing_negative/rutile/rutile_mindat_p134721_199_raw.jpg,rutile,ti_bearing_negative,1,134721,DG-de1d96d11d9b,train,expert_fit
VTM-007268,raw_negative/ti_bearing_negative/rutile/rutile_mindat_p134786_020_raw.jpg,rutile,ti_bearing_negative,1,134786,DG-b8e680a00dc5,train,expert_fit
VTM-007269,raw_negative/ti_bearing_negative/rutile/rutile_mindat_p134787_026_raw.jpg,rutile,ti_bearing_negative,1,134787,DG-9513b4eb8a6c,train,expert_fit
VTM-007270,raw_negative/ti_bearing_negative/rutile/rutile_mindat_p134906_184_raw.jpg,rutile,ti_bearing_negative,1,134906,DG-15bd612d24e6,train,expert_fit
VTM-007271,raw_negative/ti_bearing_negative/rutile/rutile_mindat_p1349074_485_raw.jpg,rutile,ti_bearing_negative,1,1349074,DG-aa36737f32b4,val,expert_stop
VTM-007272,raw_negative/ti_bearing_negative/rutile/rutile_mindat_p1349226_073_raw.jpg,rutile,ti_bearing_negative,1,1349226,DG-6c1e9c007c24,train,expert_fit
VTM-007273,raw_negative/ti_bearing_negative/rutile/rutile_mindat_p1351655_003_raw.jpg,rutile,ti_bearing_negative,1,1351655,DG-9b15bae5be2b,train,expert_fit
VTM-007274,raw_negative/ti_bearing_negative/rutile/rutile_mindat_p1351802_109_raw.jpg,rutile,ti_bearing_negative,1,1351802,DG-2623f3894376,train,expert_fit
VTM-007275,raw_negative/ti_bearing_negative/rutile/rutile_mindat_p1355682_097_raw.jpg,rutile,ti_bearing_negative,1,1355682,DG-38ac20f26b75,train,expert_fit
VTM-007276,raw_negative/ti_bearing_negative/rutile/rutile_mindat_p1356097_130_raw.jpg,rutile,ti_bearing_negative,1,1356097,DG-a1cefb6f3817,train,expert_fit
VTM-007277,raw_negative/ti_bearing_negative/rutile/rutile_mindat_p1357999_042_raw.jpg,rutile,ti_bearing_negative,1,1357999,DG-34e702311346,train,expert_fit
VTM-007278,raw_negative/ti_bearing_negative/rutile/rutile_mindat_p1358253_099_raw.jpg,rutile,ti_bearing_negative,1,1358253,DG-a748d5afb36f,train,expert_fit
VTM-007279,raw_negative/ti_bearing_negative/rutile/rutile_mindat_p1358254_110_raw.jpg,rutile,ti_bearing_negative,1,1358254,DG-ddffb43ef6a6,val,expert_stop
VTM-007280,raw_negative/ti_bearing_negative/rutile/rutile_mindat_p1360209_365_raw.jpg,rutile,ti_bearing_negative,1,1360209,DG-3147614eda7e,train,expert_fit
VTM-007282,raw_negative/ti_bearing_negative/rutile/rutile_mindat_p1361980_131_raw.jpg,rutile,ti_bearing_negative,1,1361980,DG-72e18c9884fe,train,expert_fit
VTM-007283,raw_negative/ti_bearing_negative/rutile/rutile_mindat_p1363232_086_raw.jpg,rutile,ti_bearing_negative,1,1363232,DG-bc596d919847,train,expert_fit
VTM-007284,raw_negative/ti_bearing_negative/rutile/rutile_mindat_p1363794_371_raw.jpg,rutile,ti_bearing_negative,1,1363794,DG-ddc98eca336f,train,expert_fit
VTM-007287,raw_negative/ti_bearing_negative/rutile/rutile_mindat_p1370554_034_raw.jpg,rutile,ti_bearing_negative,1,1370554,DG-d3276520fd0a,train,expert_fit
VTM-007288,raw_negative/ti_bearing_negative/rutile/rutile_mindat_p1380888_161_raw.jpg,rutile,ti_bearing_negative,1,1380888,DG-eaf1d6e05d87,train,expert_fit
VTM-007289,raw_negative/ti_bearing_negative/rutile/rutile_mindat_p1381621_037_raw.jpg,rutile,ti_bearing_negative,1,1381621,DG-2c4bb16b01a6,val,expert_stop
VTM-007293,raw_negative/ti_bearing_negative/rutile/rutile_mindat_p1386256_220_raw.jpg,rutile,ti_bearing_negative,1,1386256,DG-dd47f65657ec,train,expert_fit
VTM-007294,raw_negative/ti_bearing_negative/rutile/rutile_mindat_p138759_008_raw.jpg,rutile,ti_bearing_negative,1,138759,DG-dfd6d11f4897,train,expert_fit
VTM-007295,raw_negative/ti_bearing_negative/rutile/rutile_mindat_p1388762_001_raw.jpg,rutile,ti_bearing_negative,1,1388762,DG-4191d1636a84,train,expert_fit
VTM-007296,raw_negative/ti_bearing_negative/rutile/rutile_mindat_p1388763_004_raw.jpg,rutile,ti_bearing_negative,1,1388763,DG-b5b3e5428f63,train,expert_fit
VTM-007298,raw_negative/ti_bearing_negative/rutile/rutile_mindat_p1388788_003_raw.jpg,rutile,ti_bearing_negative,1,1388788,DG-eb93b6bf811d,train,expert_fit
VTM-007299,raw_negative/ti_bearing_negative/rutile/rutile_mindat_p1390650_039_raw.jpg,rutile,ti_bearing_negative,1,1390650,DG-4348e5d59120,train,expert_fit
VTM-007301,raw_negative/ti_bearing_negative/rutile/rutile_mindat_p1400836_228_raw.jpg,rutile,ti_bearing_negative,1,1400836,DG-8384da6a9dac,val,expert_stop
VTM-007302,raw_negative/ti_bearing_negative/rutile/rutile_mindat_p1403418_111_raw.jpg,rutile,ti_bearing_negative,1,1403418,DG-bcbbdb7e04a0,train,expert_fit
VTM-007303,raw_negative/ti_bearing_negative/rutile/rutile_mindat_p1407550_290_raw.jpg,rutile,ti_bearing_negative,1,1407550,DG-e1a48f574df8,train,expert_fit
VTM-007304,raw_negative/ti_bearing_negative/rutile/rutile_mindat_p1409117_129_raw.jpg,rutile,ti_bearing_negative,1,1409117,DG-f070b42c1dd7,train,expert_fit
VTM-007305,raw_negative/ti_bearing_negative/rutile/rutile_mindat_p1409140_069_raw.jpg,rutile,ti_bearing_negative,1,1409140,DG-59fd9a04a5bb,train,expert_fit
VTM-007306,raw_negative/ti_bearing_negative/rutile/rutile_mindat_p1409519_098_raw.jpg,rutile,ti_bearing_negative,1,1409519,DG-aec8d4a9d063,train,expert_fit
VTM-007308,raw_negative/ti_bearing_negative/rutile/rutile_mindat_p1410978_298_raw.jpg,rutile,ti_bearing_negative,1,1410978,DG-c453e719b017,train,expert_fit
VTM-007309,raw_negative/ti_bearing_negative/rutile/rutile_mindat_p1411235_104_raw.jpg,rutile,ti_bearing_negative,1,1411235,DG-ca5040bd20bc,val,expert_stop
VTM-007310,raw_negative/ti_bearing_negative/rutile/rutile_mindat_p1412063_103_raw.jpg,rutile,ti_bearing_negative,1,1412063,DG-51c153e1350b,train,expert_fit
VTM-007311,raw_negative/ti_bearing_negative/rutile/rutile_mindat_p1412610_247_raw.jpg,rutile,ti_bearing_negative,1,1412610,DG-1514d436b7a8,train,expert_fit
VTM-007312,raw_negative/ti_bearing_negative/rutile/rutile_mindat_p1412954_031_raw.jpg,rutile,ti_bearing_negative,1,1412954,DG-b5e6b847b11f,train,expert_fit
VTM-007313,raw_negative/ti_bearing_negative/rutile/rutile_mindat_p1414555_139_raw.jpg,rutile,ti_bearing_negative,1,1414555,DG-01602a83846e,val,expert_stop
VTM-007314,raw_negative/ti_bearing_negative/rutile/rutile_mindat_p1414617_106_raw.jpg,rutile,ti_bearing_negative,1,1414617,DG-eafc6da806c0,train,expert_fit
VTM-007315,raw_negative/ti_bearing_negative/rutile/rutile_mindat_p142430_194_raw.jpg,rutile,ti_bearing_negative,1,142430,DG-df55ae0ee4f0,val,expert_stop
VTM-007318,raw_negative/ti_bearing_negative/rutile/rutile_mindat_p142661_120_raw.jpg,rutile,ti_bearing_negative,1,142661,DG-71dafe8d9886,train,expert_fit
VTM-007320,raw_negative/ti_bearing_negative/rutile/rutile_mindat_p143609_012_raw.jpg,rutile,ti_bearing_negative,1,143609,DG-61dfbb638592,train,expert_fit
VTM-007321,raw_negative/ti_bearing_negative/rutile/rutile_mindat_p143801_008_raw.jpg,rutile,ti_bearing_negative,1,143801,DG-4333b71779ff,val,expert_stop
VTM-007325,raw_negative/ti_bearing_negative/rutile/rutile_mindat_p143805_106_raw.jpg,rutile,ti_bearing_negative,1,143805,DG-57ea52b66fd4,train,expert_fit
VTM-007326,raw_negative/ti_bearing_negative/rutile/rutile_mindat_p143806_093_raw.jpg,rutile,ti_bearing_negative,1,143806,DG-9fde1743a3b8,train,expert_fit
VTM-007330,raw_negative/ti_bearing_negative/rutile/rutile_mindat_p143810_103_raw.jpg,rutile,ti_bearing_negative,1,143810,DG-bc115ee5ede2,train,expert_fit
VTM-007331,raw_negative/ti_bearing_negative/rutile/rutile_mindat_p144218_526_raw.jpg,rutile,ti_bearing_negative,1,144218,DG-8cc20c992753,train,expert_fit
VTM-007332,raw_negative/ti_bearing_negative/rutile/rutile_mindat_p144222_039_raw.jpg,rutile,ti_bearing_negative,1,144222,DG-812d47696d26,train,expert_fit
VTM-007333,raw_negative/ti_bearing_negative/rutile/rutile_mindat_p144225_010_raw.jpg,rutile,ti_bearing_negative,1,144225,DG-798417ac4d29,train,expert_fit
VTM-007334,raw_negative/ti_bearing_negative/rutile/rutile_mindat_p144227_545_raw.jpg,rutile,ti_bearing_negative,1,144227,DG-1f7816fb0f97,val,expert_stop
VTM-007335,raw_negative/ti_bearing_negative/rutile/rutile_mindat_p144229_531_raw.jpg,rutile,ti_bearing_negative,1,144229,DG-7c2d016f2e95,val,expert_stop
VTM-007336,raw_negative/ti_bearing_negative/rutile/rutile_mindat_p144231_049_raw.jpg,rutile,ti_bearing_negative,1,144231,DG-b45e35735ca1,train,expert_fit
VTM-007338,raw_negative/ti_bearing_negative/rutile/rutile_mindat_p144235_528_raw.jpg,rutile,ti_bearing_negative,1,144235,DG-becd7c4a5bfe,train,expert_fit
VTM-007339,raw_negative/ti_bearing_negative/rutile/rutile_mindat_p144237_547_raw.jpg,rutile,ti_bearing_negative,1,144237,DG-0ee74fe9a852,train,expert_fit
VTM-007340,raw_negative/ti_bearing_negative/rutile/rutile_mindat_p144243_548_raw.jpg,rutile,ti_bearing_negative,1,144243,DG-c775bdf1d201,val,expert_stop
VTM-007341,raw_negative/ti_bearing_negative/rutile/rutile_mindat_p144248_029_raw.jpg,rutile,ti_bearing_negative,1,144248,DG-77a6265bb73a,train,expert_fit
VTM-007344,raw_negative/ti_bearing_negative/rutile/rutile_mindat_p144254_052_raw.jpg,rutile,ti_bearing_negative,1,144254,DG-ed49674b7d31,val,expert_stop
VTM-007346,raw_negative/ti_bearing_negative/rutile/rutile_mindat_p144267_550_raw.jpg,rutile,ti_bearing_negative,1,144267,DG-ca63711475f6,val,expert_stop
VTM-007347,raw_negative/ti_bearing_negative/rutile/rutile_mindat_p144270_544_raw.jpg,rutile,ti_bearing_negative,1,144270,DG-7c08f5eb76a2,train,expert_fit
VTM-007348,raw_negative/ti_bearing_negative/rutile/rutile_mindat_p144480_209_raw.jpg,rutile,ti_bearing_negative,1,144480,DG-39597209e51d,val,expert_stop
VTM-007349,raw_negative/ti_bearing_negative/rutile/rutile_mindat_p145302_178_raw.jpg,rutile,ti_bearing_negative,1,145302,DG-37415a4af9c5,train,expert_fit
VTM-007351,raw_negative/ti_bearing_negative/rutile/rutile_mindat_p145800_195_raw.jpg,rutile,ti_bearing_negative,1,145800,DG-eb6501221356,train,expert_fit
VTM-007355,raw_negative/ti_bearing_negative/rutile/rutile_mindat_p147258_205_raw.jpg,rutile,ti_bearing_negative,1,147258,DG-1d353f1aa1f3,train,expert_fit
VTM-007358,raw_negative/ti_bearing_negative/rutile/rutile_mindat_p1476863_108_raw.jpg,rutile,ti_bearing_negative,1,1476863,DG-9e1d872992ef,train,expert_fit
VTM-007359,raw_negative/ti_bearing_negative/rutile/rutile_mindat_p147988_035_raw.jpg,rutile,ti_bearing_negative,1,147988,DG-199c7997a512,train,expert_fit
VTM-007363,raw_negative/ti_bearing_negative/rutile/rutile_mindat_p150151_333_raw.jpg,rutile,ti_bearing_negative,1,150151,DG-334a894001d0,train,expert_fit
VTM-007364,raw_negative/ti_bearing_negative/rutile/rutile_mindat_p150161_088_raw.jpg,rutile,ti_bearing_negative,1,150161,DG-9ffa4b76f08e,train,expert_fit
VTM-007365,raw_negative/ti_bearing_negative/rutile/rutile_mindat_p1504515_033_raw.jpg,rutile,ti_bearing_negative,1,1504515,DG-3c2837d46281,train,expert_fit
VTM-007366,raw_negative/ti_bearing_negative/rutile/rutile_mindat_p1504518_034_raw.jpg,rutile,ti_bearing_negative,1,1504518,DG-d66b484251b7,train,expert_fit
VTM-007368,raw_negative/ti_bearing_negative/rutile/rutile_mindat_p152096_291_raw.jpg,rutile,ti_bearing_negative,1,152096,DG-596feded19b8,train,expert_fit
VTM-007371,raw_negative/ti_bearing_negative/rutile/rutile_mindat_p152987_149_raw.jpg,rutile,ti_bearing_negative,1,152987,DG-644e835e5e97,train,expert_fit
VTM-007373,raw_negative/ti_bearing_negative/rutile/rutile_mindat_p1545911_286_raw.jpg,rutile,ti_bearing_negative,1,1545911,DG-4e935c97ba32,train,expert_fit
VTM-007378,raw_negative/ti_bearing_negative/rutile/rutile_mindat_p155368_204_raw.jpg,rutile,ti_bearing_negative,1,155368,DG-27a0858ddeb4,train,expert_fit
VTM-007380,raw_negative/ti_bearing_negative/rutile/rutile_mindat_p155614_155_raw.jpg,rutile,ti_bearing_negative,1,155614,DG-fdce72a1f494,train,expert_fit
VTM-007381,raw_negative/ti_bearing_negative/rutile/rutile_mindat_p1565426_015_raw.jpg,rutile,ti_bearing_negative,1,1565426,DG-95ea1df312d6,train,expert_fit
VTM-007383,raw_negative/ti_bearing_negative/rutile/rutile_mindat_p1565927_100_raw.jpg,rutile,ti_bearing_negative,1,1565927,DG-39a004150d21,train,expert_fit
VTM-007384,raw_negative/ti_bearing_negative/rutile/rutile_mindat_p1565966_112_raw.jpg,rutile,ti_bearing_negative,1,1565966,DG-24c510bcbca7,train,expert_fit
VTM-007385,raw_negative/ti_bearing_negative/rutile/rutile_mindat_p1572035_297_raw.jpg,rutile,ti_bearing_negative,1,1572035,DG-4897059f854c,val,expert_stop
VTM-007386,raw_negative/ti_bearing_negative/rutile/rutile_mindat_p157997_165_raw.jpg,rutile,ti_bearing_negative,1,157997,DG-0a104ab8bdc8,train,expert_fit
VTM-007387,raw_negative/ti_bearing_negative/rutile/rutile_mindat_p1580015_087_raw.jpg,rutile,ti_bearing_negative,1,1580015,DG-64e565a92e23,train,expert_fit
VTM-007388,raw_negative/ti_bearing_negative/rutile/rutile_mindat_p158281_169_raw.jpg,rutile,ti_bearing_negative,1,158281,DG-436df52b46c7,train,expert_fit
VTM-007389,raw_negative/ti_bearing_negative/rutile/rutile_mindat_p158471_181_raw.jpg,rutile,ti_bearing_negative,1,158471,DG-d7d04e70f52a,train,expert_fit
VTM-007392,raw_negative/ti_bearing_negative/rutile/rutile_mindat_p1596989_249_raw.jpg,rutile,ti_bearing_negative,1,1596989,DG-e95024dcbdd4,train,expert_fit
VTM-007394,raw_negative/ti_bearing_negative/rutile/rutile_mindat_p160696_017_raw.jpg,rutile,ti_bearing_negative,1,160696,DG-2c7580fecab0,train,expert_fit
VTM-007397,raw_negative/ti_bearing_negative/rutile/rutile_mindat_p1626491_115_raw.jpg,rutile,ti_bearing_negative,1,1626491,DG-8bcd5e9f4c16,train,expert_fit
VTM-007400,raw_negative/ti_bearing_negative/rutile/rutile_mindat_p165083_036_raw.jpg,rutile,ti_bearing_negative,1,165083,DG-45eba17851f1,val,expert_stop
VTM-007401,raw_negative/ti_bearing_negative/rutile/rutile_mindat_p165084_039_raw.jpg,rutile,ti_bearing_negative,1,165084,DG-0044119f3863,val,expert_stop
VTM-007405,raw_negative/ti_bearing_negative/rutile/rutile_mindat_p1664253_433_raw.jpg,rutile,ti_bearing_negative,1,1664253,DG-4588c0cae059,train,expert_fit
VTM-007407,raw_negative/ti_bearing_negative/rutile/rutile_mindat_p1664259_434_raw.jpg,rutile,ti_bearing_negative,1,1664259,DG-4ada1c561373,train,expert_fit
VTM-007411,raw_negative/ti_bearing_negative/rutile/rutile_mindat_p1677240_134_raw.jpg,rutile,ti_bearing_negative,1,1677240,DG-3aa673443335,train,expert_fit
VTM-007413,raw_negative/ti_bearing_negative/rutile/rutile_mindat_p170298_486_raw.jpg,rutile,ti_bearing_negative,1,170298,DG-ea718fbcfed5,val,expert_stop
VTM-007417,raw_negative/ti_bearing_negative/rutile/rutile_mindat_p171376_157_raw.jpg,rutile,ti_bearing_negative,1,171376,DG-fb93c68f7c60,train,expert_fit
VTM-007418,raw_negative/ti_bearing_negative/rutile/rutile_mindat_p171381_140_raw.jpg,rutile,ti_bearing_negative,1,171381,DG-f4d7d037a256,train,expert_fit
VTM-007420,raw_negative/ti_bearing_negative/rutile/rutile_mindat_p171917_042_raw.jpg,rutile,ti_bearing_negative,1,171917,DG-774f243f0066,train,expert_fit
VTM-007421,raw_negative/ti_bearing_negative/rutile/rutile_mindat_p171993_034_raw.jpg,rutile,ti_bearing_negative,1,171993,DG-7ae3034c3673,train,expert_fit
VTM-007422,raw_negative/ti_bearing_negative/rutile/rutile_mindat_p172042_018_raw.jpg,rutile,ti_bearing_negative,1,172042,DG-90c2fb941716,train,expert_fit
VTM-007423,raw_negative/ti_bearing_negative/rutile/rutile_mindat_p172043_020_raw.jpg,rutile,ti_bearing_negative,1,172043,DG-c371acb7234e,train,expert_fit
VTM-007424,raw_negative/ti_bearing_negative/rutile/rutile_mindat_p172044_019_raw.jpg,rutile,ti_bearing_negative,1,172044,DG-edaed25bd48d,train,expert_fit
VTM-007426,raw_negative/ti_bearing_negative/rutile/rutile_mindat_p172671_542_raw.jpg,rutile,ti_bearing_negative,1,172671,DG-143bf5680ba9,train,expert_fit
VTM-007427,raw_negative/ti_bearing_negative/rutile/rutile_mindat_p172672_543_raw.jpg,rutile,ti_bearing_negative,1,172672,DG-d6eb335c82db,train,expert_fit
VTM-007428,raw_negative/ti_bearing_negative/rutile/rutile_mindat_p172675_535_raw.jpg,rutile,ti_bearing_negative,1,172675,DG-15d67b0d89e1,train,expert_fit
VTM-007431,raw_negative/ti_bearing_negative/rutile/rutile_mindat_p1734813_229_raw.jpg,rutile,ti_bearing_negative,1,1734813,DG-be7118adc888,val,expert_stop
VTM-007432,raw_negative/ti_bearing_negative/rutile/rutile_mindat_p173804_549_raw.jpg,rutile,ti_bearing_negative,1,173804,DG-92b3cc170806,train,expert_fit
VTM-007437,raw_negative/ti_bearing_negative/rutile/rutile_mindat_p175564_009_raw.jpg,rutile,ti_bearing_negative,1,175564,DG-64a615e86c5e,train,expert_fit
VTM-007438,raw_negative/ti_bearing_negative/rutile/rutile_mindat_p175687_010_raw.jpg,rutile,ti_bearing_negative,1,175687,DG-6aa849b085ff,train,expert_fit
VTM-007439,raw_negative/ti_bearing_negative/rutile/rutile_mindat_p177237_336_raw.jpg,rutile,ti_bearing_negative,1,177237,DG-1ccd81fbcd86,train,expert_fit
VTM-007440,raw_negative/ti_bearing_negative/rutile/rutile_mindat_p177838_172_raw.jpg,rutile,ti_bearing_negative,1,177838,DG-d204ab09731c,val,expert_stop
VTM-007441,raw_negative/ti_bearing_negative/rutile/rutile_mindat_p177924_093_raw.jpg,rutile,ti_bearing_negative,1,177924,DG-c90b6affaa03,train,expert_fit
VTM-007442,raw_negative/ti_bearing_negative/rutile/rutile_mindat_p179254_030_raw.jpg,rutile,ti_bearing_negative,1,179254,DG-7b0c1bd8483d,train,expert_fit
VTM-007443,raw_negative/ti_bearing_negative/rutile/rutile_mindat_p179541_541_raw.jpg,rutile,ti_bearing_negative,1,179541,DG-0a3b6d2c584b,train,expert_fit
VTM-007445,raw_negative/ti_bearing_negative/rutile/rutile_mindat_p183200_034_raw.jpg,rutile,ti_bearing_negative,1,183200,DG-3a2923998b9f,train,expert_fit
VTM-007447,raw_negative/ti_bearing_negative/rutile/rutile_mindat_p185739_133_raw.jpg,rutile,ti_bearing_negative,1,185739,DG-27272bec382b,train,expert_fit
VTM-007450,raw_negative/ti_bearing_negative/rutile/rutile_mindat_p186094_138_raw.jpg,rutile,ti_bearing_negative,1,186094,DG-42859d31b2ee,val,expert_stop
VTM-007452,raw_negative/ti_bearing_negative/rutile/rutile_mindat_p186207_114_raw.jpg,rutile,ti_bearing_negative,1,186207,DG-4afd209ba8b3,train,expert_fit
VTM-007453,raw_negative/ti_bearing_negative/rutile/rutile_mindat_p186208_130_raw.jpg,rutile,ti_bearing_negative,1,186208,DG-86b7bb730720,train,expert_fit
VTM-007454,raw_negative/ti_bearing_negative/rutile/rutile_mindat_p186209_101_raw.jpg,rutile,ti_bearing_negative,1,186209,DG-a98d740c3883,train,expert_fit
VTM-007458,raw_negative/ti_bearing_negative/rutile/rutile_mindat_p190384_032_raw.jpg,rutile,ti_bearing_negative,1,190384,DG-920c961cca6b,train,expert_fit
VTM-007461,raw_negative/ti_bearing_negative/rutile/rutile_mindat_p193600_093_raw.jpg,rutile,ti_bearing_negative,1,193600,DG-5b479771c1f3,train,expert_fit
VTM-007464,raw_negative/ti_bearing_negative/rutile/rutile_mindat_p194699_046_raw.jpg,rutile,ti_bearing_negative,1,194699,DG-3ed493b5d858,train,expert_fit
VTM-007465,raw_negative/ti_bearing_negative/rutile/rutile_mindat_p194729_004_raw.jpg,rutile,ti_bearing_negative,1,194729,DG-36287b9cd38c,train,expert_fit
VTM-007466,raw_negative/ti_bearing_negative/rutile/rutile_mindat_p195373_137_raw.jpg,rutile,ti_bearing_negative,1,195373,DG-1b7415c9b9a0,train,expert_fit
VTM-007467,raw_negative/ti_bearing_negative/rutile/rutile_mindat_p195392_134_raw.jpg,rutile,ti_bearing_negative,1,195392,DG-4ec481843166,train,expert_fit
VTM-007469,raw_negative/ti_bearing_negative/rutile/rutile_mindat_p196380_018_raw.jpg,rutile,ti_bearing_negative,1,196380,DG-352ed7bda653,val,expert_stop
VTM-007470,raw_negative/ti_bearing_negative/rutile/rutile_mindat_p196381_017_raw.jpg,rutile,ti_bearing_negative,1,196381,DG-eab6c2414a46,train,expert_fit
VTM-007471,raw_negative/ti_bearing_negative/rutile/rutile_mindat_p196393_168_raw.jpg,rutile,ti_bearing_negative,1,196393,DG-8abf3b75f366,val,expert_stop
VTM-007472,raw_negative/ti_bearing_negative/rutile/rutile_mindat_p196597_215_raw.jpg,rutile,ti_bearing_negative,1,196597,DG-0144f325e475,val,expert_stop
VTM-007473,raw_negative/ti_bearing_negative/rutile/rutile_mindat_p197069_222_raw.jpg,rutile,ti_bearing_negative,1,197069,DG-62a3894f218e,train,expert_fit
VTM-007475,raw_negative/ti_bearing_negative/rutile/rutile_mindat_p198157_040_raw.jpg,rutile,ti_bearing_negative,1,198157,DG-2a816dbc2852,train,expert_fit
VTM-007477,raw_negative/ti_bearing_negative/rutile/rutile_mindat_p200109_117_raw.jpg,rutile,ti_bearing_negative,1,200109,DG-23ba772e5c5f,train,expert_fit
VTM-007478,raw_negative/ti_bearing_negative/rutile/rutile_mindat_p200570_260_raw.jpg,rutile,ti_bearing_negative,1,200570,DG-47d701a0e0b3,train,expert_fit
VTM-007479,raw_negative/ti_bearing_negative/rutile/rutile_mindat_p203265_490_raw.jpg,rutile,ti_bearing_negative,1,203265,DG-d3a421bf8662,train,expert_fit
VTM-007481,raw_negative/ti_bearing_negative/rutile/rutile_mindat_p204936_525_raw.jpg,rutile,ti_bearing_negative,1,204936,DG-9bc1072ad89d,train,expert_fit
VTM-007482,raw_negative/ti_bearing_negative/rutile/rutile_mindat_p205965_078_raw.jpg,rutile,ti_bearing_negative,1,205965,DG-6fb9437c2fb3,train,expert_fit
VTM-007486,raw_negative/ti_bearing_negative/rutile/rutile_mindat_p209008_202_raw.jpg,rutile,ti_bearing_negative,1,209008,DG-eff26cc1b3ea,train,expert_fit
VTM-007487,raw_negative/ti_bearing_negative/rutile/rutile_mindat_p209349_079_raw.jpg,rutile,ti_bearing_negative,1,209349,DG-8e6b1faa1a02,train,expert_fit
VTM-007490,raw_negative/ti_bearing_negative/rutile/rutile_mindat_p213819_201_raw.jpg,rutile,ti_bearing_negative,1,213819,DG-bdcea29d26bb,train,expert_fit
VTM-007493,raw_negative/ti_bearing_negative/rutile/rutile_mindat_p219671_223_raw.jpg,rutile,ti_bearing_negative,1,219671,DG-d5726e1bf128,train,expert_fit
VTM-007494,raw_negative/ti_bearing_negative/rutile/rutile_mindat_p219760_499_raw.jpg,rutile,ti_bearing_negative,1,219760,DG-275e1b701433,train,expert_fit
VTM-007496,raw_negative/ti_bearing_negative/rutile/rutile_mindat_p221396_041_raw.jpg,rutile,ti_bearing_negative,1,221396,DG-54f100935459,val,expert_stop
VTM-007497,raw_negative/ti_bearing_negative/rutile/rutile_mindat_p224130_148_raw.jpg,rutile,ti_bearing_negative,1,224130,DG-168f545ece85,val,expert_stop
VTM-007499,raw_negative/ti_bearing_negative/rutile/rutile_mindat_p225905_075_raw.jpg,rutile,ti_bearing_negative,1,225905,DG-4371018f907d,train,expert_fit
VTM-007500,raw_negative/ti_bearing_negative/rutile/rutile_mindat_p226122_047_raw.jpg,rutile,ti_bearing_negative,1,226122,DG-2248787e4a99,train,expert_fit
VTM-007502,raw_negative/ti_bearing_negative/rutile/rutile_mindat_p226704_091_raw.jpg,rutile,ti_bearing_negative,1,226704,DG-40122b21b668,train,expert_fit
VTM-007505,raw_negative/ti_bearing_negative/rutile/rutile_mindat_p227279_095_raw.jpg,rutile,ti_bearing_negative,1,227279,DG-41372b09c0ad,train,expert_fit
VTM-007509,raw_negative/ti_bearing_negative/rutile/rutile_mindat_p228811_158_raw.jpg,rutile,ti_bearing_negative,1,228811,DG-925dc8d0a56c,val,expert_stop
VTM-007510,raw_negative/ti_bearing_negative/rutile/rutile_mindat_p228877_121_raw.jpg,rutile,ti_bearing_negative,1,228877,DG-b45f88fd00f9,train,expert_fit
VTM-007511,raw_negative/ti_bearing_negative/rutile/rutile_mindat_p229888_008_raw.jpg,rutile,ti_bearing_negative,1,229888,DG-ee64c1e9b7ae,train,expert_fit
VTM-007512,raw_negative/ti_bearing_negative/rutile/rutile_mindat_p229927_103_raw.jpg,rutile,ti_bearing_negative,1,229927,DG-fea175dbfc71,val,expert_stop
VTM-007513,raw_negative/ti_bearing_negative/rutile/rutile_mindat_p229928_099_raw.jpg,rutile,ti_bearing_negative,1,229928,DG-787e226f891b,train,expert_fit
VTM-007516,raw_negative/ti_bearing_negative/rutile/rutile_mindat_p232376_063_raw.jpg,rutile,ti_bearing_negative,1,232376,DG-b0229a65aff6,train,expert_fit
VTM-007517,raw_negative/ti_bearing_negative/rutile/rutile_mindat_p232777_050_raw.jpg,rutile,ti_bearing_negative,1,232777,DG-6850b5523241,train,expert_fit
VTM-007518,raw_negative/ti_bearing_negative/rutile/rutile_mindat_p233360_313_raw.jpg,rutile,ti_bearing_negative,1,233360,DG-bf5da77fdfc4,train,expert_fit
VTM-007519,raw_negative/ti_bearing_negative/rutile/rutile_mindat_p234452_396_raw.jpg,rutile,ti_bearing_negative,1,234452,DG-0815b6a19d0f,val,expert_stop
VTM-007520,raw_negative/ti_bearing_negative/rutile/rutile_mindat_p234454_398_raw.jpg,rutile,ti_bearing_negative,1,234454,DG-999767261867,train,expert_fit
VTM-007521,raw_negative/ti_bearing_negative/rutile/rutile_mindat_p234459_402_raw.jpg,rutile,ti_bearing_negative,1,234459,DG-9a91f9fd5bb8,train,expert_fit
VTM-007523,raw_negative/ti_bearing_negative/rutile/rutile_mindat_p234462_400_raw.jpg,rutile,ti_bearing_negative,1,234462,DG-e337aefe7e7e,train,expert_fit
VTM-007524,raw_negative/ti_bearing_negative/rutile/rutile_mindat_p235787_261_raw.jpg,rutile,ti_bearing_negative,1,235787,DG-ed52fa88c52d,train,expert_fit
VTM-007526,raw_negative/ti_bearing_negative/rutile/rutile_mindat_p235789_275_raw.jpg,rutile,ti_bearing_negative,1,235789,DG-8dea373e596d,train,expert_fit
VTM-007527,raw_negative/ti_bearing_negative/rutile/rutile_mindat_p235850_295_raw.jpg,rutile,ti_bearing_negative,1,235850,DG-fa54bd5840ea,train,expert_fit
VTM-007530,raw_negative/ti_bearing_negative/rutile/rutile_mindat_p237152_385_raw.jpg,rutile,ti_bearing_negative,1,237152,DG-5cdcce28f20a,train,expert_fit
VTM-007531,raw_negative/ti_bearing_negative/rutile/rutile_mindat_p238115_142_raw.jpg,rutile,ti_bearing_negative,1,238115,DG-c042f1c73d25,train,expert_fit
VTM-007532,raw_negative/ti_bearing_negative/rutile/rutile_mindat_p239255_090_raw.jpg,rutile,ti_bearing_negative,1,239255,DG-34acfdfeae40,train,expert_fit
VTM-007533,raw_negative/ti_bearing_negative/rutile/rutile_mindat_p239465_068_raw.jpg,rutile,ti_bearing_negative,1,239465,DG-0b88f16d1d5c,train,expert_fit
VTM-007534,raw_negative/ti_bearing_negative/rutile/rutile_mindat_p240411_038_raw.jpg,rutile,ti_bearing_negative,1,240411,DG-2c2e361ae9d1,train,expert_fit
VTM-007535,raw_negative/ti_bearing_negative/rutile/rutile_mindat_p241873_214_raw.jpg,rutile,ti_bearing_negative,1,241873,DG-db26d01eeb40,val,expert_stop
VTM-007538,raw_negative/ti_bearing_negative/rutile/rutile_mindat_p246862_042_raw.jpg,rutile,ti_bearing_negative,1,246862,DG-d8ba0d30ce17,train,expert_fit
VTM-007539,raw_negative/ti_bearing_negative/rutile/rutile_mindat_p247939_002_raw.jpg,rutile,ti_bearing_negative,1,247939,DG-538d5d90083a,train,expert_fit
VTM-007540,raw_negative/ti_bearing_negative/rutile/rutile_mindat_p248079_043_raw.jpg,rutile,ti_bearing_negative,1,248079,DG-0e664f8d6274,train,expert_fit
VTM-007542,raw_negative/ti_bearing_negative/rutile/rutile_mindat_p250130_498_raw.jpg,rutile,ti_bearing_negative,1,250130,DG-161b7757dac5,val,expert_stop
VTM-007543,raw_negative/ti_bearing_negative/rutile/rutile_mindat_p250277_120_raw.jpg,rutile,ti_bearing_negative,1,250277,DG-b8a15ebcb160,train,expert_fit
VTM-007545,raw_negative/ti_bearing_negative/rutile/rutile_mindat_p251564_010_raw.jpg,rutile,ti_bearing_negative,1,251564,DG-924c8871cf5d,train,expert_fit
VTM-007546,raw_negative/ti_bearing_negative/rutile/rutile_mindat_p252406_001_raw.jpg,rutile,ti_bearing_negative,1,252406,DG-2b98513691d0,val,expert_stop
VTM-007548,raw_negative/ti_bearing_negative/rutile/rutile_mindat_p252990_340_raw.jpg,rutile,ti_bearing_negative,1,252990,DG-99bf52c0dc86,val,expert_stop
VTM-007549,raw_negative/ti_bearing_negative/rutile/rutile_mindat_p252991_335_raw.jpg,rutile,ti_bearing_negative,1,252991,DG-39de21970102,train,expert_fit
VTM-007550,raw_negative/ti_bearing_negative/rutile/rutile_mindat_p252994_330_raw.jpg,rutile,ti_bearing_negative,1,252994,DG-89b97ed8459c,train,expert_fit
VTM-007552,raw_negative/ti_bearing_negative/rutile/rutile_mindat_p253000_328_raw.jpg,rutile,ti_bearing_negative,1,253000,DG-b9390d7bfca8,train,expert_fit
VTM-007553,raw_negative/ti_bearing_negative/rutile/rutile_mindat_p253001_316_raw.jpg,rutile,ti_bearing_negative,1,253001,DG-3165bab86739,train,expert_fit
VTM-007554,raw_negative/ti_bearing_negative/rutile/rutile_mindat_p253003_317_raw.jpg,rutile,ti_bearing_negative,1,253003,DG-09ea0a858e04,train,expert_fit
VTM-007555,raw_negative/ti_bearing_negative/rutile/rutile_mindat_p253004_329_raw.jpg,rutile,ti_bearing_negative,1,253004,DG-713203af1ea7,train,expert_fit
VTM-007556,raw_negative/ti_bearing_negative/rutile/rutile_mindat_p253006_332_raw.jpg,rutile,ti_bearing_negative,1,253006,DG-daac523b226e,train,expert_fit
VTM-007557,raw_negative/ti_bearing_negative/rutile/rutile_mindat_p253007_319_raw.jpg,rutile,ti_bearing_negative,1,253007,DG-f0f1acee2624,train,expert_fit
VTM-007559,raw_negative/ti_bearing_negative/rutile/rutile_mindat_p253116_037_raw.jpg,rutile,ti_bearing_negative,1,253116,DG-b21d90bc4b33,train,expert_fit
VTM-007560,raw_negative/ti_bearing_negative/rutile/rutile_mindat_p254107_098_raw.jpg,rutile,ti_bearing_negative,1,254107,DG-01766a6276d7,train,expert_fit
VTM-007561,raw_negative/ti_bearing_negative/rutile/rutile_mindat_p255874_104_raw.jpg,rutile,ti_bearing_negative,1,255874,DG-f9474cd1c5af,train,expert_fit
VTM-007563,raw_negative/ti_bearing_negative/rutile/rutile_mindat_p256107_113_raw.jpg,rutile,ti_bearing_negative,1,256107,DG-38da1b311950,val,expert_stop
VTM-007564,raw_negative/ti_bearing_negative/rutile/rutile_mindat_p256284_005_raw.jpg,rutile,ti_bearing_negative,1,256284,DG-c77fe4795b4e,train,expert_fit
VTM-007566,raw_negative/ti_bearing_negative/rutile/rutile_mindat_p259432_213_raw.jpg,rutile,ti_bearing_negative,1,259432,DG-0e21269d2000,val,expert_stop
VTM-007567,raw_negative/ti_bearing_negative/rutile/rutile_mindat_p259544_097_raw.jpg,rutile,ti_bearing_negative,1,259544,DG-d3c9e3267179,train,expert_fit
VTM-007571,raw_negative/ti_bearing_negative/rutile/rutile_mindat_p263958_137_raw.jpg,rutile,ti_bearing_negative,1,263958,DG-07e454f9029d,val,expert_stop
VTM-007572,raw_negative/ti_bearing_negative/rutile/rutile_mindat_p263960_102_raw.jpg,rutile,ti_bearing_negative,1,263960,DG-d0f20e7d2f52,train,expert_fit
VTM-007575,raw_negative/ti_bearing_negative/rutile/rutile_mindat_p264681_411_raw.jpg,rutile,ti_bearing_negative,1,264681,DG-fbd2c27d0a56,train,expert_fit
VTM-007576,raw_negative/ti_bearing_negative/rutile/rutile_mindat_p264683_413_raw.jpg,rutile,ti_bearing_negative,1,264683,DG-1b8114c0929d,train,expert_fit
VTM-007580,raw_negative/ti_bearing_negative/rutile/rutile_mindat_p265995_045_raw.jpg,rutile,ti_bearing_negative,1,265995,DG-bc48501d8fce,train,expert_fit
VTM-007581,raw_negative/ti_bearing_negative/rutile/rutile_mindat_p267997_147_raw.jpg,rutile,ti_bearing_negative,1,267997,DG-4a9bb931071c,train,expert_fit
VTM-007583,raw_negative/ti_bearing_negative/rutile/rutile_mindat_p268000_145_raw.jpg,rutile,ti_bearing_negative,1,268000,DG-b98be2ccb042,val,expert_stop
VTM-007584,raw_negative/ti_bearing_negative/rutile/rutile_mindat_p268001_133_raw.jpg,rutile,ti_bearing_negative,1,268001,DG-d0af3f3d2314,train,expert_fit
VTM-007585,raw_negative/ti_bearing_negative/rutile/rutile_mindat_p268282_314_raw.jpg,rutile,ti_bearing_negative,1,268282,DG-941a829fd7aa,train,expert_fit
VTM-007586,raw_negative/ti_bearing_negative/rutile/rutile_mindat_p268500_156_raw.jpg,rutile,ti_bearing_negative,1,268500,DG-f6a9916bf258,train,expert_fit
VTM-007587,raw_negative/ti_bearing_negative/rutile/rutile_mindat_p268849_235_raw.jpg,rutile,ti_bearing_negative,1,268849,DG-a55b27abe7d0,train,expert_fit
VTM-007588,raw_negative/ti_bearing_negative/rutile/rutile_mindat_p268850_242_raw.jpg,rutile,ti_bearing_negative,1,268850,DG-6fbe36d4f648,train,expert_fit
VTM-007589,raw_negative/ti_bearing_negative/rutile/rutile_mindat_p269534_060_raw.jpg,rutile,ti_bearing_negative,1,269534,DG-9ef80c47d444,train,expert_fit
VTM-007590,raw_negative/ti_bearing_negative/rutile/rutile_mindat_p269849_449_raw.jpg,rutile,ti_bearing_negative,1,269849,DG-c818734dcd10,val,expert_stop
VTM-007591,raw_negative/ti_bearing_negative/rutile/rutile_mindat_p270067_476_raw.jpg,rutile,ti_bearing_negative,1,270067,DG-cd6dbe9adde8,val,expert_stop
VTM-007594,raw_negative/ti_bearing_negative/rutile/rutile_mindat_p270681_122_raw.jpg,rutile,ti_bearing_negative,1,270681,DG-95bf636c8aa6,train,expert_fit
VTM-007597,raw_negative/ti_bearing_negative/rutile/rutile_mindat_p272195_296_raw.jpg,rutile,ti_bearing_negative,1,272195,DG-967e5c18b252,train,expert_fit
VTM-007599,raw_negative/ti_bearing_negative/rutile/rutile_mindat_p272300_124_raw.jpg,rutile,ti_bearing_negative,1,272300,DG-2e12f01042cf,train,expert_fit
VTM-007601,raw_negative/ti_bearing_negative/rutile/rutile_mindat_p272319_539_raw.jpg,rutile,ti_bearing_negative,1,272319,DG-cac342a9ec6a,train,expert_fit
VTM-007603,raw_negative/ti_bearing_negative/rutile/rutile_mindat_p273147_341_raw.jpg,rutile,ti_bearing_negative,1,273147,DG-a789af6fd5ae,train,expert_fit
VTM-007604,raw_negative/ti_bearing_negative/rutile/rutile_mindat_p273194_011_raw.jpg,rutile,ti_bearing_negative,1,273194,DG-950eb1c237d2,train,expert_fit
VTM-007608,raw_negative/ti_bearing_negative/rutile/rutile_mindat_p274283_218_raw.jpg,rutile,ti_bearing_negative,1,274283,DG-923f85db2c95,train,expert_fit
VTM-007609,raw_negative/ti_bearing_negative/rutile/rutile_mindat_p274949_460_raw.jpg,rutile,ti_bearing_negative,1,274949,DG-e07ecae68cf6,train,expert_fit
VTM-007611,raw_negative/ti_bearing_negative/rutile/rutile_mindat_p275495_234_raw.jpg,rutile,ti_bearing_negative,1,275495,DG-12c0513fae6e,train,expert_fit
VTM-007613,raw_negative/ti_bearing_negative/rutile/rutile_mindat_p275682_321_raw.jpg,rutile,ti_bearing_negative,1,275682,DG-f744beb6169c,val,expert_stop
VTM-007614,raw_negative/ti_bearing_negative/rutile/rutile_mindat_p277437_062_raw.jpg,rutile,ti_bearing_negative,1,277437,DG-531e8ed1d209,train,expert_fit
VTM-007616,raw_negative/ti_bearing_negative/rutile/rutile_mindat_p277490_103_raw.jpg,rutile,ti_bearing_negative,1,277490,DG-461954f116bf,val,expert_stop
VTM-007619,raw_negative/ti_bearing_negative/rutile/rutile_mindat_p283615_162_raw.jpg,rutile,ti_bearing_negative,1,283615,DG-1fd3852a6314,train,expert_fit
VTM-007620,raw_negative/ti_bearing_negative/rutile/rutile_mindat_p283909_136_raw.jpg,rutile,ti_bearing_negative,1,283909,DG-a8242b078ae2,val,expert_stop
VTM-007621,raw_negative/ti_bearing_negative/rutile/rutile_mindat_p284249_323_raw.jpg,rutile,ti_bearing_negative,1,284249,DG-08abe8e95fdd,train,expert_fit
VTM-007622,raw_negative/ti_bearing_negative/rutile/rutile_mindat_p285035_463_raw.jpg,rutile,ti_bearing_negative,1,285035,DG-c899beda9137,train,expert_fit
VTM-007624,raw_negative/ti_bearing_negative/rutile/rutile_mindat_p286221_067_raw.jpg,rutile,ti_bearing_negative,1,286221,DG-97d84d0b08bb,train,expert_fit
VTM-007625,raw_negative/ti_bearing_negative/rutile/rutile_mindat_p286829_312_raw.jpg,rutile,ti_bearing_negative,1,286829,DG-18ed46afbe52,train,expert_fit
VTM-007627,raw_negative/ti_bearing_negative/rutile/rutile_mindat_p288674_066_raw.jpg,rutile,ti_bearing_negative,1,288674,DG-b70b0c99c4c8,val,expert_stop
VTM-007629,raw_negative/ti_bearing_negative/rutile/rutile_mindat_p291311_175_raw.jpg,rutile,ti_bearing_negative,1,291311,DG-d6e94e89c8d7,val,expert_stop
VTM-007630,raw_negative/ti_bearing_negative/rutile/rutile_mindat_p291312_193_raw.jpg,rutile,ti_bearing_negative,1,291312,DG-ffe6c6ce92d4,train,expert_fit
VTM-007631,raw_negative/ti_bearing_negative/rutile/rutile_mindat_p291767_118_raw.jpg,rutile,ti_bearing_negative,1,291767,DG-1e80495f6b04,train,expert_fit
VTM-007632,raw_negative/ti_bearing_negative/rutile/rutile_mindat_p291768_134_raw.jpg,rutile,ti_bearing_negative,1,291768,DG-94c34fd0c23a,train,expert_fit
VTM-007633,raw_negative/ti_bearing_negative/rutile/rutile_mindat_p291772_151_raw.jpg,rutile,ti_bearing_negative,1,291772,DG-94c34fd0c23a,train,expert_fit
VTM-007634,raw_negative/ti_bearing_negative/rutile/rutile_mindat_p292319_127_raw.jpg,rutile,ti_bearing_negative,1,292319,DG-5429475747c9,train,expert_fit
VTM-007635,raw_negative/ti_bearing_negative/rutile/rutile_mindat_p292320_157_raw.jpg,rutile,ti_bearing_negative,1,292320,DG-f02cca88da24,train,expert_fit
VTM-007637,raw_negative/ti_bearing_negative/rutile/rutile_mindat_p293968_161_raw.jpg,rutile,ti_bearing_negative,1,293968,DG-f6393442f9b2,train,expert_fit
VTM-007640,raw_negative/ti_bearing_negative/rutile/rutile_mindat_p295493_044_raw.jpg,rutile,ti_bearing_negative,1,295493,DG-07082b3b06b9,val,expert_stop
VTM-007642,raw_negative/ti_bearing_negative/rutile/rutile_mindat_p295757_244_raw.jpg,rutile,ti_bearing_negative,1,295757,DG-8b975bcc3382,train,expert_fit
VTM-007644,raw_negative/ti_bearing_negative/rutile/rutile_mindat_p299122_128_raw.jpg,rutile,ti_bearing_negative,1,299122,DG-3d5b6b8733d7,val,expert_stop
VTM-007646,raw_negative/ti_bearing_negative/rutile/rutile_mindat_p299506_142_raw.jpg,rutile,ti_bearing_negative,1,299506,DG-ea8f24352832,train,expert_fit
VTM-007647,raw_negative/ti_bearing_negative/rutile/rutile_mindat_p299507_107_raw.jpg,rutile,ti_bearing_negative,1,299507,DG-94355b1f50db,train,expert_fit
VTM-007649,raw_negative/ti_bearing_negative/rutile/rutile_mindat_p300242_123_raw.jpg,rutile,ti_bearing_negative,1,300242,DG-dceb0aaf4af9,train,expert_fit
VTM-007651,raw_negative/ti_bearing_negative/rutile/rutile_mindat_p303750_129_raw.jpg,rutile,ti_bearing_negative,1,303750,DG-741205b576a8,train,expert_fit
VTM-007652,raw_negative/ti_bearing_negative/rutile/rutile_mindat_p303805_345_raw.jpg,rutile,ti_bearing_negative,1,303805,DG-0a8eef444122,val,expert_stop
VTM-007654,raw_negative/ti_bearing_negative/rutile/rutile_mindat_p303817_075_raw.jpg,rutile,ti_bearing_negative,1,303817,DG-b02b2b75d83c,train,expert_fit
VTM-007655,raw_negative/ti_bearing_negative/rutile/rutile_mindat_p306841_138_raw.jpg,rutile,ti_bearing_negative,1,306841,DG-f007265677a2,val,expert_stop
VTM-007656,raw_negative/ti_bearing_negative/rutile/rutile_mindat_p306842_141_raw.jpg,rutile,ti_bearing_negative,1,306842,DG-2420b7caa72d,train,expert_fit
VTM-007657,raw_negative/ti_bearing_negative/rutile/rutile_mindat_p306843_151_raw.jpg,rutile,ti_bearing_negative,1,306843,DG-c08dc9127d8d,val,expert_stop
VTM-007658,raw_negative/ti_bearing_negative/rutile/rutile_mindat_p306844_149_raw.jpg,rutile,ti_bearing_negative,1,306844,DG-cc7f629f07c9,train,expert_fit
VTM-007660,raw_negative/ti_bearing_negative/rutile/rutile_mindat_p307143_003_raw.jpg,rutile,ti_bearing_negative,1,307143,DG-79c33dbb6681,train,expert_fit
VTM-007662,raw_negative/ti_bearing_negative/rutile/rutile_mindat_p308689_459_raw.jpg,rutile,ti_bearing_negative,1,308689,DG-c0014a63e9be,train,expert_fit
VTM-007663,raw_negative/ti_bearing_negative/rutile/rutile_mindat_p308693_464_raw.jpg,rutile,ti_bearing_negative,1,308693,DG-226fb7b8a8d2,train,expert_fit
VTM-007665,raw_negative/ti_bearing_negative/rutile/rutile_mindat_p308712_451_raw.jpg,rutile,ti_bearing_negative,1,308712,DG-2c2f6494af88,train,expert_fit
VTM-007666,raw_negative/ti_bearing_negative/rutile/rutile_mindat_p308713_044_raw.jpg,rutile,ti_bearing_negative,1,308713,DG-28862c9dc058,train,expert_fit
VTM-007668,raw_negative/ti_bearing_negative/rutile/rutile_mindat_p308715_458_raw.jpg,rutile,ti_bearing_negative,1,308715,DG-3bb5cb304500,train,expert_fit
VTM-007669,raw_negative/ti_bearing_negative/rutile/rutile_mindat_p308726_491_raw.jpg,rutile,ti_bearing_negative,1,308726,DG-cdc4a8973712,train,expert_fit
VTM-007670,raw_negative/ti_bearing_negative/rutile/rutile_mindat_p308741_515_raw.jpg,rutile,ti_bearing_negative,1,308741,DG-85d5798aadde,train,expert_fit
VTM-007671,raw_negative/ti_bearing_negative/rutile/rutile_mindat_p309994_060_raw.jpg,rutile,ti_bearing_negative,1,309994,DG-4e7f422eadf7,val,expert_stop
VTM-007672,raw_negative/ti_bearing_negative/rutile/rutile_mindat_p312864_212_raw.jpg,rutile,ti_bearing_negative,1,312864,DG-9308f70f286f,train,expert_fit
VTM-007676,raw_negative/ti_bearing_negative/rutile/rutile_mindat_p314525_007_raw.jpg,rutile,ti_bearing_negative,1,314525,DG-d68e9ed8b464,train,expert_fit
VTM-007677,raw_negative/ti_bearing_negative/rutile/rutile_mindat_p315189_098_raw.jpg,rutile,ti_bearing_negative,1,315189,DG-54c3baf572f2,train,expert_fit
VTM-007678,raw_negative/ti_bearing_negative/rutile/rutile_mindat_p315190_081_raw.jpg,rutile,ti_bearing_negative,1,315190,DG-7a0e2e388138,train,expert_fit
VTM-007679,raw_negative/ti_bearing_negative/rutile/rutile_mindat_p315803_059_raw.jpg,rutile,ti_bearing_negative,1,315803,DG-e1153de13325,val,expert_stop
VTM-007680,raw_negative/ti_bearing_negative/rutile/rutile_mindat_p315979_064_raw.jpg,rutile,ti_bearing_negative,1,315979,DG-d8c63cb8a16b,train,expert_fit
VTM-007681,raw_negative/ti_bearing_negative/rutile/rutile_mindat_p315980_064_raw.jpg,rutile,ti_bearing_negative,1,315980,DG-f75ab0ccf62c,val,expert_stop
VTM-007682,raw_negative/ti_bearing_negative/rutile/rutile_mindat_p317237_537_raw.jpg,rutile,ti_bearing_negative,1,317237,DG-941618bd8f31,train,expert_fit
VTM-007684,raw_negative/ti_bearing_negative/rutile/rutile_mindat_p318080_038_raw.jpg,rutile,ti_bearing_negative,1,318080,DG-4c4623421c65,train,expert_fit
VTM-007686,raw_negative/ti_bearing_negative/rutile/rutile_mindat_p318903_155_raw.jpg,rutile,ti_bearing_negative,1,318903,DG-64a76619aea6,val,expert_stop
VTM-007687,raw_negative/ti_bearing_negative/rutile/rutile_mindat_p318904_150_raw.jpg,rutile,ti_bearing_negative,1,318904,DG-0c5f60c4a3b4,train,expert_fit
VTM-007689,raw_negative/ti_bearing_negative/rutile/rutile_mindat_p324473_056_raw.jpg,rutile,ti_bearing_negative,1,324473,DG-cb71a6511b9d,train,expert_fit
VTM-007690,raw_negative/ti_bearing_negative/rutile/rutile_mindat_p324537_041_raw.jpg,rutile,ti_bearing_negative,1,324537,DG-72f4c4b7720d,train,expert_fit
VTM-007691,raw_negative/ti_bearing_negative/rutile/rutile_mindat_p324803_052_raw.jpg,rutile,ti_bearing_negative,1,324803,DG-9e49b8ee0eff,train,expert_fit
VTM-007693,raw_negative/ti_bearing_negative/rutile/rutile_mindat_p326808_020_raw.jpg,rutile,ti_bearing_negative,1,326808,DG-dd1ac453b0e3,val,expert_stop
VTM-007694,raw_negative/ti_bearing_negative/rutile/rutile_mindat_p328473_163_raw.jpg,rutile,ti_bearing_negative,1,328473,DG-79fe2d910060,train,expert_fit
VTM-007695,raw_negative/ti_bearing_negative/rutile/rutile_mindat_p328474_174_raw.jpg,rutile,ti_bearing_negative,1,328474,DG-ff4045c2a14f,train,expert_fit
VTM-007697,raw_negative/ti_bearing_negative/rutile/rutile_mindat_p328476_171_raw.jpg,rutile,ti_bearing_negative,1,328476,DG-f5c6896e9b4b,val,expert_stop
VTM-007698,raw_negative/ti_bearing_negative/rutile/rutile_mindat_p328477_184_raw.jpg,rutile,ti_bearing_negative,1,328477,DG-7f22380162ec,train,expert_fit
VTM-007699,raw_negative/ti_bearing_negative/rutile/rutile_mindat_p328478_183_raw.jpg,rutile,ti_bearing_negative,1,328478,DG-849a873aa5a4,train,expert_fit
VTM-007700,raw_negative/ti_bearing_negative/rutile/rutile_mindat_p329512_058_raw.jpg,rutile,ti_bearing_negative,1,329512,DG-b71b51b386fb,train,expert_fit
VTM-007701,raw_negative/ti_bearing_negative/rutile/rutile_mindat_p330104_062_raw.jpg,rutile,ti_bearing_negative,1,330104,DG-9b582849c3d7,train,expert_fit
VTM-007702,raw_negative/ti_bearing_negative/rutile/rutile_mindat_p331504_223_raw.jpg,rutile,ti_bearing_negative,1,331504,DG-5f73dad2db06,train,expert_fit
VTM-007703,raw_negative/ti_bearing_negative/rutile/rutile_mindat_p333105_170_raw.jpg,rutile,ti_bearing_negative,1,333105,DG-50fcf9c7a7b8,train,expert_fit
VTM-007705,raw_negative/ti_bearing_negative/rutile/rutile_mindat_p335479_191_raw.jpg,rutile,ti_bearing_negative,1,335479,DG-de8404f5c87d,train,expert_fit
VTM-007706,raw_negative/ti_bearing_negative/rutile/rutile_mindat_p336783_015_raw.jpg,rutile,ti_bearing_negative,1,336783,DG-fafc111bab75,train,expert_fit
VTM-007707,raw_negative/ti_bearing_negative/rutile/rutile_mindat_p337508_478_raw.jpg,rutile,ti_bearing_negative,1,337508,DG-f0ea92e86f33,val,expert_stop
VTM-007708,raw_negative/ti_bearing_negative/rutile/rutile_mindat_p337772_039_raw.jpg,rutile,ti_bearing_negative,1,337772,DG-17a162c8be26,train,expert_fit
VTM-007711,raw_negative/ti_bearing_negative/rutile/rutile_mindat_p340843_162_raw.jpg,rutile,ti_bearing_negative,1,340843,DG-0fe66615eaf1,train,expert_fit
VTM-007712,raw_negative/ti_bearing_negative/rutile/rutile_mindat_p340844_164_raw.jpg,rutile,ti_bearing_negative,1,340844,DG-b83e31818a0c,train,expert_fit
VTM-007716,raw_negative/ti_bearing_negative/rutile/rutile_mindat_p340848_154_raw.jpg,rutile,ti_bearing_negative,1,340848,DG-140329886693,train,expert_fit
VTM-007717,raw_negative/ti_bearing_negative/rutile/rutile_mindat_p341234_049_raw.jpg,rutile,ti_bearing_negative,1,341234,DG-06c7fb994d30,train,expert_fit
VTM-007718,raw_negative/ti_bearing_negative/rutile/rutile_mindat_p341244_065_raw.jpg,rutile,ti_bearing_negative,1,341244,DG-e9f951f4bd3f,train,expert_fit
VTM-007719,raw_negative/ti_bearing_negative/rutile/rutile_mindat_p342332_019_raw.jpg,rutile,ti_bearing_negative,1,342332,DG-dbd403b4a0de,train,expert_fit
VTM-007721,raw_negative/ti_bearing_negative/rutile/rutile_mindat_p342648_090_raw.jpg,rutile,ti_bearing_negative,1,342648,DG-45ea59014d0b,train,expert_fit
VTM-007724,raw_negative/ti_bearing_negative/rutile/rutile_mindat_p345919_132_raw.jpg,rutile,ti_bearing_negative,1,345919,DG-d3662a365ef5,train,expert_fit
VTM-007725,raw_negative/ti_bearing_negative/rutile/rutile_mindat_p346673_021_raw.jpg,rutile,ti_bearing_negative,1,346673,DG-846859026468,train,expert_fit
VTM-007729,raw_negative/ti_bearing_negative/rutile/rutile_mindat_p349049_266_raw.jpg,rutile,ti_bearing_negative,1,349049,DG-918a6d0500ca,train,expert_fit
VTM-007732,raw_negative/ti_bearing_negative/rutile/rutile_mindat_p349578_135_raw.jpg,rutile,ti_bearing_negative,1,349578,DG-f60703cce716,train,expert_fit
VTM-007735,raw_negative/ti_bearing_negative/rutile/rutile_mindat_p351480_224_raw.jpg,rutile,ti_bearing_negative,1,351480,DG-05fdd115fd69,train,expert_fit
VTM-007737,raw_negative/ti_bearing_negative/rutile/rutile_mindat_p356837_078_raw.jpg,rutile,ti_bearing_negative,1,356837,DG-2772a0787aac,val,expert_stop
VTM-007738,raw_negative/ti_bearing_negative/rutile/rutile_mindat_p356912_287_raw.jpg,rutile,ti_bearing_negative,1,356912,DG-603d299e2d00,train,expert_fit
VTM-007740,raw_negative/ti_bearing_negative/rutile/rutile_mindat_p360616_241_raw.jpg,rutile,ti_bearing_negative,1,360616,DG-bc7d543fae0b,val,expert_stop
VTM-007741,raw_negative/ti_bearing_negative/rutile/rutile_mindat_p360617_251_raw.jpg,rutile,ti_bearing_negative,1,360617,DG-0504cd978684,train,expert_fit
VTM-007742,raw_negative/ti_bearing_negative/rutile/rutile_mindat_p364447_507_raw.jpg,rutile,ti_bearing_negative,1,364447,DG-06075c2663ba,train,expert_fit
VTM-007744,raw_negative/ti_bearing_negative/rutile/rutile_mindat_p367870_063_raw.jpg,rutile,ti_bearing_negative,1,367870,DG-6c3fdd27f0d7,train,expert_fit
VTM-007745,raw_negative/ti_bearing_negative/rutile/rutile_mindat_p372202_282_raw.jpg,rutile,ti_bearing_negative,1,372202,DG-df9d4005fdb7,train,expert_fit
VTM-007746,raw_negative/ti_bearing_negative/rutile/rutile_mindat_p372272_111_raw.jpg,rutile,ti_bearing_negative,1,372272,DG-fff3aa7f9365,val,expert_stop
VTM-007747,raw_negative/ti_bearing_negative/rutile/rutile_mindat_p374291_053_raw.jpg,rutile,ti_bearing_negative,1,374291,DG-e705e3ff61f9,val,expert_stop
VTM-007749,raw_negative/ti_bearing_negative/rutile/rutile_mindat_p378303_297_raw.jpg,rutile,ti_bearing_negative,1,378303,DG-5303404c2e69,train,expert_fit
VTM-007750,raw_negative/ti_bearing_negative/rutile/rutile_mindat_p380615_074_raw.jpg,rutile,ti_bearing_negative,1,380615,DG-a81a25c409e8,train,expert_fit
VTM-007755,raw_negative/ti_bearing_negative/rutile/rutile_mindat_p387683_140_raw.jpg,rutile,ti_bearing_negative,1,387683,DG-944f33f66490,val,expert_stop
VTM-007756,raw_negative/ti_bearing_negative/rutile/rutile_mindat_p387685_138_raw.jpg,rutile,ti_bearing_negative,1,387685,DG-8e90a8d5effc,train,expert_fit
VTM-007757,raw_negative/ti_bearing_negative/rutile/rutile_mindat_p392520_143_raw.jpg,rutile,ti_bearing_negative,1,392520,DG-80ee3b1a6e0a,train,expert_fit
VTM-007759,raw_negative/ti_bearing_negative/rutile/rutile_mindat_p392775_326_raw.jpg,rutile,ti_bearing_negative,1,392775,DG-9a8d2466c3b9,train,expert_fit
VTM-007760,raw_negative/ti_bearing_negative/rutile/rutile_mindat_p392776_339_raw.jpg,rutile,ti_bearing_negative,1,392776,DG-55ab39d0d5a4,train,expert_fit
VTM-007765,raw_negative/ti_bearing_negative/rutile/rutile_mindat_p395129_131_raw.jpg,rutile,ti_bearing_negative,1,395129,DG-f4b7ef0ac743,train,expert_fit
VTM-007767,raw_negative/ti_bearing_negative/rutile/rutile_mindat_p396999_100_raw.jpg,rutile,ti_bearing_negative,1,396999,DG-a2c638197f3c,train,expert_fit
VTM-007768,raw_negative/ti_bearing_negative/rutile/rutile_mindat_p397217_090_raw.jpg,rutile,ti_bearing_negative,1,397217,DG-28073c0797cd,train,expert_fit
VTM-007770,raw_negative/ti_bearing_negative/rutile/rutile_mindat_p397229_139_raw.jpg,rutile,ti_bearing_negative,1,397229,DG-4e72c1481a58,train,expert_fit
VTM-007771,raw_negative/ti_bearing_negative/rutile/rutile_mindat_p397232_107_raw.jpg,rutile,ti_bearing_negative,1,397232,DG-273720ecb0d3,train,expert_fit
VTM-007773,raw_negative/ti_bearing_negative/rutile/rutile_mindat_p398614_023_raw.jpg,rutile,ti_bearing_negative,1,398614,DG-0dd1368947bd,train,expert_fit
VTM-007775,raw_negative/ti_bearing_negative/rutile/rutile_mindat_p399699_153_raw.jpg,rutile,ti_bearing_negative,1,399699,DG-238ca66a2c57,train,expert_fit
VTM-007776,raw_negative/ti_bearing_negative/rutile/rutile_mindat_p399700_173_raw.jpg,rutile,ti_bearing_negative,1,399700,DG-7fd7f52e46c6,train,expert_fit
VTM-007778,raw_negative/ti_bearing_negative/rutile/rutile_mindat_p399702_195_raw.jpg,rutile,ti_bearing_negative,1,399702,DG-431157e10144,train,expert_fit
VTM-007779,raw_negative/ti_bearing_negative/rutile/rutile_mindat_p399703_187_raw.jpg,rutile,ti_bearing_negative,1,399703,DG-477c527e4353,train,expert_fit
VTM-007780,raw_negative/ti_bearing_negative/rutile/rutile_mindat_p399704_186_raw.jpg,rutile,ti_bearing_negative,1,399704,DG-7dbfd0834471,val,expert_stop
VTM-007781,raw_negative/ti_bearing_negative/rutile/rutile_mindat_p402188_164_raw.jpg,rutile,ti_bearing_negative,1,402188,DG-99de372173d9,train,expert_fit
VTM-007782,raw_negative/ti_bearing_negative/rutile/rutile_mindat_p402191_207_raw.jpg,rutile,ti_bearing_negative,1,402191,DG-b4a8e8a2e579,train,expert_fit
VTM-007784,raw_negative/ti_bearing_negative/rutile/rutile_mindat_p403319_174_raw.jpg,rutile,ti_bearing_negative,1,403319,DG-db2409770d58,train,expert_fit
VTM-007785,raw_negative/ti_bearing_negative/rutile/rutile_mindat_p403654_045_raw.jpg,rutile,ti_bearing_negative,1,403654,DG-dd6c9fe7ceb8,train,expert_fit
VTM-007786,raw_negative/ti_bearing_negative/rutile/rutile_mindat_p404364_105_raw.jpg,rutile,ti_bearing_negative,1,404364,DG-68853dc5763d,train,expert_fit
VTM-007787,raw_negative/ti_bearing_negative/rutile/rutile_mindat_p404559_007_raw.jpg,rutile,ti_bearing_negative,1,404559,DG-7d0c281df971,train,expert_fit
VTM-007788,raw_negative/ti_bearing_negative/rutile/rutile_mindat_p404560_009_raw.jpg,rutile,ti_bearing_negative,1,404560,DG-555f81e77195,train,expert_fit
VTM-007789,raw_negative/ti_bearing_negative/rutile/rutile_mindat_p410187_152_raw.jpg,rutile,ti_bearing_negative,1,410187,DG-a384b18b1c1f,val,expert_stop
VTM-007791,raw_negative/ti_bearing_negative/rutile/rutile_mindat_p410189_190_raw.jpg,rutile,ti_bearing_negative,1,410189,DG-11892ea0a290,train,expert_fit
VTM-007794,raw_negative/ti_bearing_negative/rutile/rutile_mindat_p410194_189_raw.jpg,rutile,ti_bearing_negative,1,410194,DG-2006ebf947a5,train,expert_fit
VTM-007797,raw_negative/ti_bearing_negative/rutile/rutile_mindat_p410529_177_raw.jpg,rutile,ti_bearing_negative,1,410529,DG-be3486c6c842,val,expert_stop
VTM-007801,raw_negative/ti_bearing_negative/rutile/rutile_mindat_p410533_169_raw.jpg,rutile,ti_bearing_negative,1,410533,DG-749462d8666f,val,expert_stop
VTM-007802,raw_negative/ti_bearing_negative/rutile/rutile_mindat_p410534_168_raw.jpg,rutile,ti_bearing_negative,1,410534,DG-c8a6002dd126,val,expert_stop
VTM-007804,raw_negative/ti_bearing_negative/rutile/rutile_mindat_p411826_048_raw.jpg,rutile,ti_bearing_negative,1,411826,DG-4c86286c10eb,train,expert_fit
VTM-007806,raw_negative/ti_bearing_negative/rutile/rutile_mindat_p421887_158_raw.jpg,rutile,ti_bearing_negative,1,421887,DG-09d52aae9247,train,expert_fit
VTM-007807,raw_negative/ti_bearing_negative/rutile/rutile_mindat_p423388_094_raw.jpg,rutile,ti_bearing_negative,1,423388,DG-ccb009827c69,val,expert_stop
VTM-007808,raw_negative/ti_bearing_negative/rutile/rutile_mindat_p423776_066_raw.jpg,rutile,ti_bearing_negative,1,423776,DG-842d6962d527,train,expert_fit
VTM-007809,raw_negative/ti_bearing_negative/rutile/rutile_mindat_p424715_098_raw.jpg,rutile,ti_bearing_negative,1,424715,DG-cbb27b351b51,train,expert_fit
VTM-007810,raw_negative/ti_bearing_negative/rutile/rutile_mindat_p425482_051_raw.jpg,rutile,ti_bearing_negative,1,425482,DG-c21fdb00571a,train,expert_fit
VTM-007815,raw_negative/ti_bearing_negative/rutile/rutile_mindat_p430292_561_raw.jpg,rutile,ti_bearing_negative,1,430292,DG-a59bc7fb7e2f,train,expert_fit
VTM-007817,raw_negative/ti_bearing_negative/rutile/rutile_mindat_p430295_571_raw.jpg,rutile,ti_bearing_negative,1,430295,DG-66be303e739a,train,expert_fit
VTM-007818,raw_negative/ti_bearing_negative/rutile/rutile_mindat_p430678_021_raw.jpg,rutile,ti_bearing_negative,1,430678,DG-4bb220f6b606,train,expert_fit
VTM-007820,raw_negative/ti_bearing_negative/rutile/rutile_mindat_p431693_054_raw.jpg,rutile,ti_bearing_negative,1,431693,DG-28022f475002,train,expert_fit
VTM-007821,raw_negative/ti_bearing_negative/rutile/rutile_mindat_p431993_136_raw.jpg,rutile,ti_bearing_negative,1,431993,DG-38c2b8f24d4c,train,expert_fit
VTM-007825,raw_negative/ti_bearing_negative/rutile/rutile_mindat_p433238_109_raw.jpg,rutile,ti_bearing_negative,1,433238,DG-e214f68fdf49,train,expert_fit
VTM-007827,raw_negative/ti_bearing_negative/rutile/rutile_mindat_p437786_070_raw.jpg,rutile,ti_bearing_negative,1,437786,DG-0a74a7cfe43e,train,expert_fit
VTM-007831,raw_negative/ti_bearing_negative/rutile/rutile_mindat_p441620_456_raw.jpg,rutile,ti_bearing_negative,1,441620,DG-4c9a1a001c57,train,expert_fit
VTM-007834,raw_negative/ti_bearing_negative/rutile/rutile_mindat_p443129_081_raw.jpg,rutile,ti_bearing_negative,1,443129,DG-086f23ef5dc9,train,expert_fit
VTM-007835,raw_negative/ti_bearing_negative/rutile/rutile_mindat_p444257_071_raw.jpg,rutile,ti_bearing_negative,1,444257,DG-aef9eb041662,train,expert_fit
VTM-007836,raw_negative/ti_bearing_negative/rutile/rutile_mindat_p444279_101_raw.jpg,rutile,ti_bearing_negative,1,444279,DG-b77c68c54137,train,expert_fit
VTM-007837,raw_negative/ti_bearing_negative/rutile/rutile_mindat_p444498_288_raw.jpg,rutile,ti_bearing_negative,1,444498,DG-b7e19b7ae55a,train,expert_fit
VTM-007841,raw_negative/ti_bearing_negative/rutile/rutile_mindat_p449451_554_raw.jpg,rutile,ti_bearing_negative,1,449451,DG-0960bad16888,val,expert_stop
VTM-007842,raw_negative/ti_bearing_negative/rutile/rutile_mindat_p449456_558_raw.jpg,rutile,ti_bearing_negative,1,449456,DG-c36bfd61a40d,train,expert_fit
VTM-007843,raw_negative/ti_bearing_negative/rutile/rutile_mindat_p450608_080_raw.jpg,rutile,ti_bearing_negative,1,450608,DG-22ba49822561,train,expert_fit
VTM-007844,raw_negative/ti_bearing_negative/rutile/rutile_mindat_p451509_091_raw.jpg,rutile,ti_bearing_negative,1,451509,DG-7411d6ae34ff,train,expert_fit
VTM-007846,raw_negative/ti_bearing_negative/rutile/rutile_mindat_p452592_352_raw.jpg,rutile,ti_bearing_negative,1,452592,DG-3f41bbd63637,train,expert_fit
VTM-007847,raw_negative/ti_bearing_negative/rutile/rutile_mindat_p457798_135_raw.jpg,rutile,ti_bearing_negative,1,457798,DG-56c119fe3e38,train,expert_fit
VTM-007849,raw_negative/ti_bearing_negative/rutile/rutile_mindat_p458737_210_raw.jpg,rutile,ti_bearing_negative,1,458737,DG-3f90abd10786,train,expert_fit
VTM-007851,raw_negative/ti_bearing_negative/rutile/rutile_mindat_p458962_072_raw.jpg,rutile,ti_bearing_negative,1,458962,DG-8c5f758e015a,train,expert_fit
VTM-007852,raw_negative/ti_bearing_negative/rutile/rutile_mindat_p458980_019_raw.jpg,rutile,ti_bearing_negative,1,458980,DG-b4613a4b35c6,train,expert_fit
VTM-007853,raw_negative/ti_bearing_negative/rutile/rutile_mindat_p458987_040_raw.jpg,rutile,ti_bearing_negative,1,458987,DG-d4b40b74ebfa,train,expert_fit
VTM-007855,raw_negative/ti_bearing_negative/rutile/rutile_mindat_p463701_028_raw.jpg,rutile,ti_bearing_negative,1,463701,DG-205ae87a2eb3,train,expert_fit
VTM-007859,raw_negative/ti_bearing_negative/rutile/rutile_mindat_p464910_214_raw.jpg,rutile,ti_bearing_negative,1,464910,DG-6e70a4248338,val,expert_stop
VTM-007861,raw_negative/ti_bearing_negative/rutile/rutile_mindat_p467721_331_raw.jpg,rutile,ti_bearing_negative,1,467721,DG-3ccfc8cfd36e,train,expert_fit
VTM-007864,raw_negative/ti_bearing_negative/rutile/rutile_mindat_p469344_577_raw.jpg,rutile,ti_bearing_negative,1,469344,DG-505e1ebc97c2,train,expert_fit
VTM-007868,raw_negative/ti_bearing_negative/rutile/rutile_mindat_p470009_259_raw.jpg,rutile,ti_bearing_negative,1,470009,DG-a2f920f286aa,val,expert_stop
VTM-007869,raw_negative/ti_bearing_negative/rutile/rutile_mindat_p470206_131_raw.jpg,rutile,ti_bearing_negative,1,470206,DG-15c82cedfefa,val,expert_stop
VTM-007870,raw_negative/ti_bearing_negative/rutile/rutile_mindat_p470479_187_raw.jpg,rutile,ti_bearing_negative,1,470479,DG-829b7f20d439,train,expert_fit
VTM-007871,raw_negative/ti_bearing_negative/rutile/rutile_mindat_p470482_211_raw.jpg,rutile,ti_bearing_negative,1,470482,DG-60fc4b7804ed,train,expert_fit
VTM-007872,raw_negative/ti_bearing_negative/rutile/rutile_mindat_p470497_189_raw.jpg,rutile,ti_bearing_negative,1,470497,DG-ff363c9f0846,val,expert_stop
VTM-007874,raw_negative/ti_bearing_negative/rutile/rutile_mindat_p471958_270_raw.jpg,rutile,ti_bearing_negative,1,471958,DG-33a1e3e9d1b0,train,expert_fit
VTM-007875,raw_negative/ti_bearing_negative/rutile/rutile_mindat_p473094_003_raw.jpg,rutile,ti_bearing_negative,1,473094,DG-93baff6300df,train,expert_fit
VTM-007877,raw_negative/ti_bearing_negative/rutile/rutile_mindat_p482759_122_raw.jpg,rutile,ti_bearing_negative,1,482759,DG-125c18d5245f,train,expert_fit
VTM-007879,raw_negative/ti_bearing_negative/rutile/rutile_mindat_p486815_218_raw.jpg,rutile,ti_bearing_negative,1,486815,DG-9fb32b33e9a3,train,expert_fit
VTM-007881,raw_negative/ti_bearing_negative/rutile/rutile_mindat_p490680_125_raw.jpg,rutile,ti_bearing_negative,1,490680,DG-c1799ea6db6f,train,expert_fit
VTM-007882,raw_negative/ti_bearing_negative/rutile/rutile_mindat_p490832_089_raw.jpg,rutile,ti_bearing_negative,1,490832,DG-fbb89b0ceeb2,train,expert_fit
VTM-007883,raw_negative/ti_bearing_negative/rutile/rutile_mindat_p491401_040_raw.jpg,rutile,ti_bearing_negative,1,491401,DG-71881dcb8e83,train,expert_fit
VTM-007884,raw_negative/ti_bearing_negative/rutile/rutile_mindat_p492938_165_raw.jpg,rutile,ti_bearing_negative,1,492938,DG-4fc1852d5c10,train,expert_fit
VTM-007885,raw_negative/ti_bearing_negative/rutile/rutile_mindat_p492939_193_raw.jpg,rutile,ti_bearing_negative,1,492939,DG-564459a6ad64,train,expert_fit
VTM-007887,raw_negative/ti_bearing_negative/rutile/rutile_mindat_p493092_182_raw.jpg,rutile,ti_bearing_negative,1,493092,DG-8c3f81152ed7,train,expert_fit
VTM-007888,raw_negative/ti_bearing_negative/rutile/rutile_mindat_p494232_111_raw.jpg,rutile,ti_bearing_negative,1,494232,DG-aacf04d2a8ae,val,expert_stop
VTM-007889,raw_negative/ti_bearing_negative/rutile/rutile_mindat_p494753_506_raw.jpg,rutile,ti_bearing_negative,1,494753,DG-e9020133fded,train,expert_fit
VTM-007891,raw_negative/ti_bearing_negative/rutile/rutile_mindat_p495211_325_raw.jpg,rutile,ti_bearing_negative,1,495211,DG-f2e8df01269c,train,expert_fit
VTM-007892,raw_negative/ti_bearing_negative/rutile/rutile_mindat_p499073_222_raw.jpg,rutile,ti_bearing_negative,1,499073,DG-08fea9933438,train,expert_fit
VTM-007895,raw_negative/ti_bearing_negative/rutile/rutile_mindat_p504437_565_raw.jpg,rutile,ti_bearing_negative,1,504437,DG-bc791272671a,train,expert_fit
VTM-007897,raw_negative/ti_bearing_negative/rutile/rutile_mindat_p506011_551_raw.jpg,rutile,ti_bearing_negative,1,506011,DG-a07c307f1a6a,train,expert_fit
VTM-007900,raw_negative/ti_bearing_negative/rutile/rutile_mindat_p512149_161_raw.jpg,rutile,ti_bearing_negative,1,512149,DG-40dfbfd7fa97,train,expert_fit
VTM-007902,raw_negative/ti_bearing_negative/rutile/rutile_mindat_p512744_377_raw.jpg,rutile,ti_bearing_negative,1,512744,DG-f7d8a9a398f7,val,expert_stop
VTM-007904,raw_negative/ti_bearing_negative/rutile/rutile_mindat_p513872_574_raw.jpg,rutile,ti_bearing_negative,1,513872,DG-92edea4b7ce2,val,expert_stop
VTM-007907,raw_negative/ti_bearing_negative/rutile/rutile_mindat_p514168_274_raw.jpg,rutile,ti_bearing_negative,1,514168,DG-039b0c3388fa,train,expert_fit
VTM-007909,raw_negative/ti_bearing_negative/rutile/rutile_mindat_p515504_584_raw.jpg,rutile,ti_bearing_negative,1,515504,DG-7dd59bc5dd41,train,expert_fit
VTM-007910,raw_negative/ti_bearing_negative/rutile/rutile_mindat_p516302_375_raw.jpg,rutile,ti_bearing_negative,1,516302,DG-a0fc78f41be9,train,expert_fit
VTM-007911,raw_negative/ti_bearing_negative/rutile/rutile_mindat_p521438_086_raw.jpg,rutile,ti_bearing_negative,1,521438,DG-eee09062d05e,val,expert_stop
VTM-007913,raw_negative/ti_bearing_negative/rutile/rutile_mindat_p530179_557_raw.jpg,rutile,ti_bearing_negative,1,530179,DG-1b4f069186b0,train,expert_fit
VTM-007914,raw_negative/ti_bearing_negative/rutile/rutile_mindat_p531731_105_raw.jpg,rutile,ti_bearing_negative,1,531731,DG-a91a5ab77bc5,train,expert_fit
VTM-007915,raw_negative/ti_bearing_negative/rutile/rutile_mindat_p531732_111_raw.jpg,rutile,ti_bearing_negative,1,531732,DG-36d9615d8c61,train,expert_fit
VTM-007916,raw_negative/ti_bearing_negative/rutile/rutile_mindat_p531974_071_raw.jpg,rutile,ti_bearing_negative,1,531974,DG-d453d65354e3,train,expert_fit
VTM-007917,raw_negative/ti_bearing_negative/rutile/rutile_mindat_p533616_226_raw.jpg,rutile,ti_bearing_negative,1,533616,DG-14ec324c7a4e,train,expert_fit
VTM-007918,raw_negative/ti_bearing_negative/rutile/rutile_mindat_p536745_503_raw.jpg,rutile,ti_bearing_negative,1,536745,DG-ed8cf27a2e78,train,expert_fit
VTM-007920,raw_negative/ti_bearing_negative/rutile/rutile_mindat_p539964_076_raw.jpg,rutile,ti_bearing_negative,1,539964,DG-afe8bd531267,train,expert_fit
VTM-007922,raw_negative/ti_bearing_negative/rutile/rutile_mindat_p543890_134_raw.jpg,rutile,ti_bearing_negative,1,543890,DG-0d7754f7d499,val,expert_stop
VTM-007923,raw_negative/ti_bearing_negative/rutile/rutile_mindat_p543891_132_raw.jpg,rutile,ti_bearing_negative,1,543891,DG-b28bc96837ee,train,expert_fit
VTM-007925,raw_negative/ti_bearing_negative/rutile/rutile_mindat_p545572_564_raw.jpg,rutile,ti_bearing_negative,1,545572,DG-bb4eef0b4dec,train,expert_fit
VTM-007926,raw_negative/ti_bearing_negative/rutile/rutile_mindat_p545731_107_raw.jpg,rutile,ti_bearing_negative,1,545731,DG-59cbf3101c8a,train,expert_fit
VTM-007927,raw_negative/ti_bearing_negative/rutile/rutile_mindat_p545792_277_raw.jpg,rutile,ti_bearing_negative,1,545792,DG-1f28dc20ffb5,train,expert_fit
VTM-007930,raw_negative/ti_bearing_negative/rutile/rutile_mindat_p549280_269_raw.jpg,rutile,ti_bearing_negative,1,549280,DG-2b72251d88f8,train,expert_fit
VTM-007932,raw_negative/ti_bearing_negative/rutile/rutile_mindat_p552792_287_raw.jpg,rutile,ti_bearing_negative,1,552792,DG-9c46490662fc,train,expert_fit
VTM-007933,raw_negative/ti_bearing_negative/rutile/rutile_mindat_p553134_286_raw.jpg,rutile,ti_bearing_negative,1,553134,DG-3eb8712d6994,train,expert_fit
VTM-007934,raw_negative/ti_bearing_negative/rutile/rutile_mindat_p555053_077_raw.jpg,rutile,ti_bearing_negative,1,555053,DG-454db376da74,val,expert_stop
VTM-007935,raw_negative/ti_bearing_negative/rutile/rutile_mindat_p556002_006_raw.jpg,rutile,ti_bearing_negative,1,556002,DG-cd1f1f7b383a,train,expert_fit
VTM-007936,raw_negative/ti_bearing_negative/rutile/rutile_mindat_p557779_095_raw.jpg,rutile,ti_bearing_negative,1,557779,DG-6c0996576299,val,expert_stop
VTM-007938,raw_negative/ti_bearing_negative/rutile/rutile_mindat_p559928_074_raw.jpg,rutile,ti_bearing_negative,1,559928,DG-248b24b44236,train,expert_fit
VTM-007939,raw_negative/ti_bearing_negative/rutile/rutile_mindat_p560767_106_raw.jpg,rutile,ti_bearing_negative,1,560767,DG-a23a3bf6448b,train,expert_fit
VTM-007942,raw_negative/ti_bearing_negative/rutile/rutile_mindat_p564392_160_raw.jpg,rutile,ti_bearing_negative,1,564392,DG-e0ffe42803fb,train,expert_fit
VTM-007943,raw_negative/ti_bearing_negative/rutile/rutile_mindat_p565101_113_raw.jpg,rutile,ti_bearing_negative,1,565101,DG-787aed63dfc9,train,expert_fit
VTM-007944,raw_negative/ti_bearing_negative/rutile/rutile_mindat_p565102_159_raw.jpg,rutile,ti_bearing_negative,1,565102,DG-88c199b54e7d,train,expert_fit
VTM-007945,raw_negative/ti_bearing_negative/rutile/rutile_mindat_p565103_147_raw.jpg,rutile,ti_bearing_negative,1,565103,DG-03c0a8989100,train,expert_fit
VTM-007946,raw_negative/ti_bearing_negative/rutile/rutile_mindat_p565905_121_raw.jpg,rutile,ti_bearing_negative,1,565905,DG-fcca23e495eb,train,expert_fit
VTM-007948,raw_negative/ti_bearing_negative/rutile/rutile_mindat_p567171_043_raw.jpg,rutile,ti_bearing_negative,1,567171,DG-8ac7084e6971,val,expert_stop
VTM-007950,raw_negative/ti_bearing_negative/rutile/rutile_mindat_p573854_150_raw.jpg,rutile,ti_bearing_negative,1,573854,DG-f7c6df6839b5,val,expert_stop
VTM-007953,raw_negative/ti_bearing_negative/rutile/rutile_mindat_p581910_143_raw.jpg,rutile,ti_bearing_negative,1,581910,DG-5fead9125bd7,train,expert_fit
VTM-007954,raw_negative/ti_bearing_negative/rutile/rutile_mindat_p582935_254_raw.jpg,rutile,ti_bearing_negative,1,582935,DG-0775474d35d2,train,expert_fit
VTM-007958,raw_negative/ti_bearing_negative/rutile/rutile_mindat_p585682_003_raw.jpg,rutile,ti_bearing_negative,1,585682,DG-75b19ae0bf59,train,expert_fit
VTM-007959,raw_negative/ti_bearing_negative/rutile/rutile_mindat_p586202_568_raw.jpg,rutile,ti_bearing_negative,1,586202,DG-5088c4fceb2d,train,expert_fit
VTM-007961,raw_negative/ti_bearing_negative/rutile/rutile_mindat_p589074_258_raw.jpg,rutile,ti_bearing_negative,1,589074,DG-ad1c960b6599,train,expert_fit
VTM-007963,raw_negative/ti_bearing_negative/rutile/rutile_mindat_p589199_243_raw.jpg,rutile,ti_bearing_negative,1,589199,DG-0b45f081bac0,train,expert_fit
VTM-007964,raw_negative/ti_bearing_negative/rutile/rutile_mindat_p591911_228_raw.jpg,rutile,ti_bearing_negative,1,591911,DG-13b289d67ee7,val,expert_stop
VTM-007965,raw_negative/ti_bearing_negative/rutile/rutile_mindat_p591912_227_raw.jpg,rutile,ti_bearing_negative,1,591912,DG-d09fab140a19,train,expert_fit
VTM-007967,raw_negative/ti_bearing_negative/rutile/rutile_mindat_p592527_207_raw.jpg,rutile,ti_bearing_negative,1,592527,DG-d475ed7901d8,train,expert_fit
VTM-007969,raw_negative/ti_bearing_negative/rutile/rutile_mindat_p595920_002_raw.jpg,rutile,ti_bearing_negative,1,595920,DG-ac59db3c0136,train,expert_fit
VTM-007970,raw_negative/ti_bearing_negative/rutile/rutile_mindat_p597482_285_raw.jpg,rutile,ti_bearing_negative,1,597482,DG-688c2e18cf43,train,expert_fit
VTM-007971,raw_negative/ti_bearing_negative/rutile/rutile_mindat_p599249_020_raw.jpg,rutile,ti_bearing_negative,1,599249,DG-86ace21c89cd,train,expert_fit
VTM-007973,raw_negative/ti_bearing_negative/rutile/rutile_mindat_p606052_010_raw.jpg,rutile,ti_bearing_negative,1,606052,DG-689a9c6d6854,train,expert_fit
VTM-007974,raw_negative/ti_bearing_negative/rutile/rutile_mindat_p608781_100_raw.jpg,rutile,ti_bearing_negative,1,608781,DG-75f7ce2166e8,train,expert_fit
VTM-007975,raw_negative/ti_bearing_negative/rutile/rutile_mindat_p608784_112_raw.jpg,rutile,ti_bearing_negative,1,608784,DG-8bca48ee1577,train,expert_fit
VTM-007976,raw_negative/ti_bearing_negative/rutile/rutile_mindat_p608793_116_raw.jpg,rutile,ti_bearing_negative,1,608793,DG-ca4759340cca,train,expert_fit
VTM-007979,raw_negative/ti_bearing_negative/rutile/rutile_mindat_p611513_146_raw.jpg,rutile,ti_bearing_negative,1,611513,DG-765fe6920f91,train,expert_fit
VTM-007982,raw_negative/ti_bearing_negative/rutile/rutile_mindat_p616905_126_raw.jpg,rutile,ti_bearing_negative,1,616905,DG-4b7aa1790ccb,val,expert_stop
VTM-007983,raw_negative/ti_bearing_negative/rutile/rutile_mindat_p617002_080_raw.jpg,rutile,ti_bearing_negative,1,617002,DG-9e6b7bd121b3,train,expert_fit
VTM-007984,raw_negative/ti_bearing_negative/rutile/rutile_mindat_p617544_236_raw.jpg,rutile,ti_bearing_negative,1,617544,DG-6360304d1395,train,expert_fit
VTM-007985,raw_negative/ti_bearing_negative/rutile/rutile_mindat_p618090_255_raw.jpg,rutile,ti_bearing_negative,1,618090,DG-a1436822c297,val,expert_stop
VTM-007986,raw_negative/ti_bearing_negative/rutile/rutile_mindat_p620542_225_raw.jpg,rutile,ti_bearing_negative,1,620542,DG-98060dcaab6c,train,expert_fit
VTM-007987,raw_negative/ti_bearing_negative/rutile/rutile_mindat_p620573_219_raw.jpg,rutile,ti_bearing_negative,1,620573,DG-893cead3977a,val,expert_stop
VTM-007988,raw_negative/ti_bearing_negative/rutile/rutile_mindat_p624931_096_raw.jpg,rutile,ti_bearing_negative,1,624931,DG-5bd3ed32afcb,train,expert_fit
VTM-007990,raw_negative/ti_bearing_negative/rutile/rutile_mindat_p626261_125_raw.jpg,rutile,ti_bearing_negative,1,626261,DG-4c3c3495fd64,val,expert_stop
VTM-007991,raw_negative/ti_bearing_negative/rutile/rutile_mindat_p629369_001_raw.jpg,rutile,ti_bearing_negative,1,629369,DG-d5a0455a5846,train,expert_fit
VTM-007992,raw_negative/ti_bearing_negative/rutile/rutile_mindat_p629370_003_raw.jpg,rutile,ti_bearing_negative,1,629370,DG-b245b80927a1,train,expert_fit
VTM-007993,raw_negative/ti_bearing_negative/rutile/rutile_mindat_p629371_004_raw.jpg,rutile,ti_bearing_negative,1,629371,DG-92537f835a14,train,expert_fit
VTM-007995,raw_negative/ti_bearing_negative/rutile/rutile_mindat_p633010_361_raw.jpg,rutile,ti_bearing_negative,1,633010,DG-f94e4447421e,train,expert_fit
VTM-007998,raw_negative/ti_bearing_negative/rutile/rutile_mindat_p634080_364_raw.jpg,rutile,ti_bearing_negative,1,634080,DG-2a947cf08731,train,expert_fit
VTM-007999,raw_negative/ti_bearing_negative/rutile/rutile_mindat_p634086_349_raw.jpg,rutile,ti_bearing_negative,1,634086,DG-1b6448900803,train,expert_fit
VTM-008001,raw_negative/ti_bearing_negative/rutile/rutile_mindat_p634539_370_raw.jpg,rutile,ti_bearing_negative,1,634539,DG-724c0b3f0b90,train,expert_fit
VTM-008003,raw_negative/ti_bearing_negative/rutile/rutile_mindat_p639585_022_raw.jpg,rutile,ti_bearing_negative,1,639585,DG-9e3d24051bbf,train,expert_fit
VTM-008005,raw_negative/ti_bearing_negative/rutile/rutile_mindat_p639587_024_raw.jpg,rutile,ti_bearing_negative,1,639587,DG-6274573a2579,val,expert_stop
VTM-008011,raw_negative/ti_bearing_negative/rutile/rutile_mindat_p643364_504_raw.jpg,rutile,ti_bearing_negative,1,643364,DG-638742f0968e,val,expert_stop
VTM-008012,raw_negative/ti_bearing_negative/rutile/rutile_mindat_p643644_129_raw.jpg,rutile,ti_bearing_negative,1,643644,DG-58aed1ffc140,train,expert_fit
VTM-008014,raw_negative/ti_bearing_negative/rutile/rutile_mindat_p643649_146_raw.jpg,rutile,ti_bearing_negative,1,643649,DG-c400f4826287,val,expert_stop
VTM-008015,raw_negative/ti_bearing_negative/rutile/rutile_mindat_p644945_372_raw.jpg,rutile,ti_bearing_negative,1,644945,DG-e7eba7c0fd05,train,expert_fit
VTM-008016,raw_negative/ti_bearing_negative/rutile/rutile_mindat_p645861_540_raw.jpg,rutile,ti_bearing_negative,1,645861,DG-1f165c2aafa1,val,expert_stop
VTM-008018,raw_negative/ti_bearing_negative/rutile/rutile_mindat_p645865_576_raw.jpg,rutile,ti_bearing_negative,1,645865,DG-2e6dca4e47d4,val,expert_stop
VTM-008019,raw_negative/ti_bearing_negative/rutile/rutile_mindat_p645867_534_raw.jpg,rutile,ti_bearing_negative,1,645867,DG-a043b5aef864,train,expert_fit
VTM-008021,raw_negative/ti_bearing_negative/rutile/rutile_mindat_p645871_567_raw.jpg,rutile,ti_bearing_negative,1,645871,DG-dacb8d4a8852,train,expert_fit
VTM-008023,raw_negative/ti_bearing_negative/rutile/rutile_mindat_p646520_481_raw.jpg,rutile,ti_bearing_negative,1,646520,DG-5244a24dccc4,train,expert_fit
VTM-008024,raw_negative/ti_bearing_negative/rutile/rutile_mindat_p646907_281_raw.jpg,rutile,ti_bearing_negative,1,646907,DG-6523804f739b,train,expert_fit
VTM-008025,raw_negative/ti_bearing_negative/rutile/rutile_mindat_p646909_278_raw.jpg,rutile,ti_bearing_negative,1,646909,DG-5d601c15f299,train,expert_fit
VTM-008031,raw_negative/ti_bearing_negative/rutile/rutile_mindat_p651942_224_raw.jpg,rutile,ti_bearing_negative,1,651942,DG-63dbb35c7185,train,expert_fit
VTM-008032,raw_negative/ti_bearing_negative/rutile/rutile_mindat_p652030_219_raw.jpg,rutile,ti_bearing_negative,1,652030,DG-b94efdc6f66c,train,expert_fit
VTM-008033,raw_negative/ti_bearing_negative/rutile/rutile_mindat_p653133_037_raw.jpg,rutile,ti_bearing_negative,1,653133,DG-2792994947c6,train,expert_fit
VTM-008034,raw_negative/ti_bearing_negative/rutile/rutile_mindat_p656050_008_raw.jpg,rutile,ti_bearing_negative,1,656050,DG-60a8e8e0cdf8,val,expert_stop
VTM-008035,raw_negative/ti_bearing_negative/rutile/rutile_mindat_p656160_015_raw.jpg,rutile,ti_bearing_negative,1,656160,DG-a2848b06c1c6,train,expert_fit
VTM-008036,raw_negative/ti_bearing_negative/rutile/rutile_mindat_p656161_016_raw.jpg,rutile,ti_bearing_negative,1,656161,DG-49324173995c,train,expert_fit
VTM-008037,raw_negative/ti_bearing_negative/rutile/rutile_mindat_p656478_414_raw.jpg,rutile,ti_bearing_negative,1,656478,DG-868be94e2e92,train,expert_fit
VTM-008038,raw_negative/ti_bearing_negative/rutile/rutile_mindat_p657054_011_raw.jpg,rutile,ti_bearing_negative,1,657054,DG-07cbd71a0865,val,expert_stop
VTM-008039,raw_negative/ti_bearing_negative/rutile/rutile_mindat_p660040_040_raw.jpg,rutile,ti_bearing_negative,1,660040,DG-2659e17e7594,val,expert_stop
VTM-008040,raw_negative/ti_bearing_negative/rutile/rutile_mindat_p661465_210_raw.jpg,rutile,ti_bearing_negative,1,661465,DG-116e3855c7b9,val,expert_stop
VTM-008041,raw_negative/ti_bearing_negative/rutile/rutile_mindat_p662654_212_raw.jpg,rutile,ti_bearing_negative,1,662654,DG-9f9b1a014ec5,val,expert_stop
VTM-008042,raw_negative/ti_bearing_negative/rutile/rutile_mindat_p662655_209_raw.jpg,rutile,ti_bearing_negative,1,662655,DG-4e44ef9f1cba,train,expert_fit
VTM-008043,raw_negative/ti_bearing_negative/rutile/rutile_mindat_p663162_256_raw.jpg,rutile,ti_bearing_negative,1,663162,DG-4c7e20a8a769,train,expert_fit
VTM-008046,raw_negative/ti_bearing_negative/rutile/rutile_mindat_p663464_263_raw.jpg,rutile,ti_bearing_negative,1,663464,DG-50443bae4542,train,expert_fit
VTM-008047,raw_negative/ti_bearing_negative/rutile/rutile_mindat_p663465_267_raw.jpg,rutile,ti_bearing_negative,1,663465,DG-fac5c63cc8c1,train,expert_fit
VTM-008048,raw_negative/ti_bearing_negative/rutile/rutile_mindat_p667166_529_raw.jpg,rutile,ti_bearing_negative,1,667166,DG-e478f1395ee6,train,expert_fit
VTM-008049,raw_negative/ti_bearing_negative/rutile/rutile_mindat_p667178_562_raw.jpg,rutile,ti_bearing_negative,1,667178,DG-a1eb88917e54,train,expert_fit
VTM-008051,raw_negative/ti_bearing_negative/rutile/rutile_mindat_p667188_563_raw.jpg,rutile,ti_bearing_negative,1,667188,DG-f64752b291fe,train,expert_fit
VTM-008056,raw_negative/ti_bearing_negative/rutile/rutile_mindat_p684599_279_raw.jpg,rutile,ti_bearing_negative,1,684599,DG-79dfbf6540f5,train,expert_fit
VTM-008057,raw_negative/ti_bearing_negative/rutile/rutile_mindat_p686112_261_raw.jpg,rutile,ti_bearing_negative,1,686112,DG-4b1f0827a891,train,expert_fit
VTM-008058,raw_negative/ti_bearing_negative/rutile/rutile_mindat_p686113_266_raw.jpg,rutile,ti_bearing_negative,1,686113,DG-30855bec2c45,train,expert_fit
VTM-008061,raw_negative/ti_bearing_negative/rutile/rutile_mindat_p697439_002_raw.jpg,rutile,ti_bearing_negative,1,697439,DG-043cae202e02,train,expert_fit
VTM-008063,raw_negative/ti_bearing_negative/rutile/rutile_mindat_p697829_002_raw.jpg,rutile,ti_bearing_negative,1,697829,DG-37b7025584c7,train,expert_fit
VTM-008065,raw_negative/ti_bearing_negative/rutile/rutile_mindat_p698998_091_raw.jpg,rutile,ti_bearing_negative,1,698998,DG-c1fe557dee1e,val,expert_stop
VTM-008066,raw_negative/ti_bearing_negative/rutile/rutile_mindat_p699517_221_raw.jpg,rutile,ti_bearing_negative,1,699517,DG-692713a94210,train,expert_fit
VTM-008069,raw_negative/ti_bearing_negative/rutile/rutile_mindat_p704701_023_raw.jpg,rutile,ti_bearing_negative,1,704701,DG-592a914da8e0,train,expert_fit
VTM-008070,raw_negative/ti_bearing_negative/rutile/rutile_mindat_p705950_049_raw.jpg,rutile,ti_bearing_negative,1,705950,DG-9f42dd44b673,train,expert_fit
VTM-008071,raw_negative/ti_bearing_negative/rutile/rutile_mindat_p707204_203_raw.jpg,rutile,ti_bearing_negative,1,707204,DG-6fdec9052c9e,train,expert_fit
VTM-008073,raw_negative/ti_bearing_negative/rutile/rutile_mindat_p711076_010_raw.jpg,rutile,ti_bearing_negative,1,711076,DG-1b817da01ddf,val,expert_stop
VTM-008075,raw_negative/ti_bearing_negative/rutile/rutile_mindat_p711078_019_raw.jpg,rutile,ti_bearing_negative,1,711078,DG-8523b52244bd,train,expert_fit
VTM-008076,raw_negative/ti_bearing_negative/rutile/rutile_mindat_p711079_014_raw.jpg,rutile,ti_bearing_negative,1,711079,DG-44eef5fae25f,val,expert_stop
VTM-008077,raw_negative/ti_bearing_negative/rutile/rutile_mindat_p713319_061_raw.jpg,rutile,ti_bearing_negative,1,713319,DG-f92ba574235a,train,expert_fit
VTM-008079,raw_negative/ti_bearing_negative/rutile/rutile_mindat_p713330_348_raw.jpg,rutile,ti_bearing_negative,1,713330,DG-8118d43890ff,train,expert_fit
VTM-008080,raw_negative/ti_bearing_negative/rutile/rutile_mindat_p713331_350_raw.jpg,rutile,ti_bearing_negative,1,713331,DG-b896793f1f25,train,expert_fit
VTM-008082,raw_negative/ti_bearing_negative/rutile/rutile_mindat_p714953_267_raw.jpg,rutile,ti_bearing_negative,1,714953,DG-5c3f39987ded,train,expert_fit
VTM-008086,raw_negative/ti_bearing_negative/rutile/rutile_mindat_p723603_452_raw.jpg,rutile,ti_bearing_negative,1,723603,DG-487fbeec00c4,train,expert_fit
VTM-008087,raw_negative/ti_bearing_negative/rutile/rutile_mindat_p724415_262_raw.jpg,rutile,ti_bearing_negative,1,724415,DG-c775a3ec9c79,val,expert_stop
VTM-008088,raw_negative/ti_bearing_negative/rutile/rutile_mindat_p724425_257_raw.jpg,rutile,ti_bearing_negative,1,724425,DG-b11339615a59,train,expert_fit
VTM-008089,raw_negative/ti_bearing_negative/rutile/rutile_mindat_p724432_122_raw.jpg,rutile,ti_bearing_negative,1,724432,DG-2218e3e5ba5d,train,expert_fit
VTM-008090,raw_negative/ti_bearing_negative/rutile/rutile_mindat_p725275_252_raw.jpg,rutile,ti_bearing_negative,1,725275,DG-7329854023a8,train,expert_fit
VTM-008092,raw_negative/ti_bearing_negative/rutile/rutile_mindat_p728004_036_raw.jpg,rutile,ti_bearing_negative,1,728004,DG-4c545fde3573,train,expert_fit
VTM-008098,raw_negative/ti_bearing_negative/rutile/rutile_mindat_p736682_127_raw.jpg,rutile,ti_bearing_negative,1,736682,DG-770d313b2929,train,expert_fit
VTM-008099,raw_negative/ti_bearing_negative/rutile/rutile_mindat_p736974_119_raw.jpg,rutile,ti_bearing_negative,1,736974,DG-4acd8d17f353,train,expert_fit
VTM-008100,raw_negative/ti_bearing_negative/rutile/rutile_mindat_p737809_412_raw.jpg,rutile,ti_bearing_negative,1,737809,DG-8e1cc3ce55a3,val,expert_stop
VTM-008101,raw_negative/ti_bearing_negative/rutile/rutile_mindat_p737811_418_raw.jpg,rutile,ti_bearing_negative,1,737811,DG-ea528477db96,train,expert_fit
VTM-008102,raw_negative/ti_bearing_negative/rutile/rutile_mindat_p739741_232_raw.jpg,rutile,ti_bearing_negative,1,739741,DG-3ee80905fb7e,train,expert_fit
VTM-008103,raw_negative/ti_bearing_negative/rutile/rutile_mindat_p742893_026_raw.jpg,rutile,ti_bearing_negative,1,742893,DG-178878878760,val,expert_stop
VTM-008104,raw_negative/ti_bearing_negative/rutile/rutile_mindat_p742894_028_raw.jpg,rutile,ti_bearing_negative,1,742894,DG-db1dbca8dc46,train,expert_fit
VTM-008106,raw_negative/ti_bearing_negative/rutile/rutile_mindat_p747604_110_raw.jpg,rutile,ti_bearing_negative,1,747604,DG-4019b69d29d3,train,expert_fit
VTM-008107,raw_negative/ti_bearing_negative/rutile/rutile_mindat_p750988_045_raw.jpg,rutile,ti_bearing_negative,1,750988,DG-ea3d5480ac2e,train,expert_fit
VTM-008109,raw_negative/ti_bearing_negative/rutile/rutile_mindat_p752401_090_raw.jpg,rutile,ti_bearing_negative,1,752401,DG-db6038ce6a44,train,expert_fit
VTM-008111,raw_negative/ti_bearing_negative/rutile/rutile_mindat_p754460_121_raw.jpg,rutile,ti_bearing_negative,1,754460,DG-edb500254d09,train,expert_fit
VTM-008112,raw_negative/ti_bearing_negative/rutile/rutile_mindat_p754524_283_raw.jpg,rutile,ti_bearing_negative,1,754524,DG-3b64eee940e6,train,expert_fit
VTM-008114,raw_negative/ti_bearing_negative/rutile/rutile_mindat_p757608_123_raw.jpg,rutile,ti_bearing_negative,1,757608,DG-aaacda3cb80f,train,expert_fit
VTM-008115,raw_negative/ti_bearing_negative/rutile/rutile_mindat_p758359_041_raw.jpg,rutile,ti_bearing_negative,1,758359,DG-ee9a87b0ab1e,train,expert_fit
VTM-008116,raw_negative/ti_bearing_negative/rutile/rutile_mindat_p759172_011_raw.jpg,rutile,ti_bearing_negative,1,759172,DG-ec8cf154f6c7,train,expert_fit
VTM-008117,raw_negative/ti_bearing_negative/rutile/rutile_mindat_p760444_104_raw.jpg,rutile,ti_bearing_negative,1,760444,DG-2ce241550a52,train,expert_fit
VTM-008118,raw_negative/ti_bearing_negative/rutile/rutile_mindat_p763281_042_raw.jpg,rutile,ti_bearing_negative,1,763281,DG-179cc83abdd9,train,expert_fit
VTM-008119,raw_negative/ti_bearing_negative/rutile/rutile_mindat_p764408_197_raw.jpg,rutile,ti_bearing_negative,1,764408,DG-7b2fbfb3b470,train,expert_fit
VTM-008120,raw_negative/ti_bearing_negative/rutile/rutile_mindat_p764410_204_raw.jpg,rutile,ti_bearing_negative,1,764410,DG-64bae04b995e,train,expert_fit
VTM-008121,raw_negative/ti_bearing_negative/rutile/rutile_mindat_p764637_007_raw.jpg,rutile,ti_bearing_negative,1,764637,DG-9b82089c0d36,train,expert_fit
VTM-008123,raw_negative/ti_bearing_negative/rutile/rutile_mindat_p768822_124_raw.jpg,rutile,ti_bearing_negative,1,768822,DG-3a2b2e7f3eae,train,expert_fit
VTM-008124,raw_negative/ti_bearing_negative/rutile/rutile_mindat_p769168_017_raw.jpg,rutile,ti_bearing_negative,1,769168,DG-019fcbef0096,train,expert_fit
VTM-008127,raw_negative/ti_bearing_negative/rutile/rutile_mindat_p769911_038_raw.jpg,rutile,ti_bearing_negative,1,769911,DG-5b2d2bc5deb3,val,expert_stop
VTM-008128,raw_negative/ti_bearing_negative/rutile/rutile_mindat_p770587_253_raw.jpg,rutile,ti_bearing_negative,1,770587,DG-878648e84483,val,expert_stop
VTM-008130,raw_negative/ti_bearing_negative/rutile/rutile_mindat_p775800_262_raw.jpg,rutile,ti_bearing_negative,1,775800,DG-137871ad1419,train,expert_fit
VTM-008134,raw_negative/ti_bearing_negative/rutile/rutile_mindat_p778089_299_raw.jpg,rutile,ti_bearing_negative,1,778089,DG-6b1d76f3953b,train,expert_fit
VTM-008137,raw_negative/ti_bearing_negative/rutile/rutile_mindat_p781447_273_raw.jpg,rutile,ti_bearing_negative,1,781447,DG-6e939fb9860c,train,expert_fit
VTM-008138,raw_negative/ti_bearing_negative/rutile/rutile_mindat_p781448_272_raw.jpg,rutile,ti_bearing_negative,1,781448,DG-93b3faa3f600,train,expert_fit
VTM-008140,raw_negative/ti_bearing_negative/rutile/rutile_mindat_p782736_301_raw.jpg,rutile,ti_bearing_negative,1,782736,DG-0e06f06e4631,train,expert_fit
VTM-008141,raw_negative/ti_bearing_negative/rutile/rutile_mindat_p785735_064_raw.jpg,rutile,ti_bearing_negative,1,785735,DG-18d1fdb8b15c,train,expert_fit
VTM-008143,raw_negative/ti_bearing_negative/rutile/rutile_mindat_p786512_008_raw.jpg,rutile,ti_bearing_negative,1,786512,DG-932d36084682,train,expert_fit
VTM-008146,raw_negative/ti_bearing_negative/rutile/rutile_mindat_p792073_410_raw.jpg,rutile,ti_bearing_negative,1,792073,DG-a63bbddb2d6e,train,expert_fit
VTM-008150,raw_negative/ti_bearing_negative/rutile/rutile_mindat_p797247_360_raw.jpg,rutile,ti_bearing_negative,1,797247,DG-e9c553fe7e84,train,expert_fit
VTM-008151,raw_negative/ti_bearing_negative/rutile/rutile_mindat_p807728_115_raw.jpg,rutile,ti_bearing_negative,1,807728,DG-81de75f2afee,train,expert_fit
VTM-008152,raw_negative/ti_bearing_negative/rutile/rutile_mindat_p807958_028_raw.jpg,rutile,ti_bearing_negative,1,807958,DG-4bf70d177966,val,expert_stop
VTM-008153,raw_negative/ti_bearing_negative/rutile/rutile_mindat_p808264_062_raw.jpg,rutile,ti_bearing_negative,1,808264,DG-1ee5a2dee775,train,expert_fit
VTM-008158,raw_negative/ti_bearing_negative/rutile/rutile_mindat_p815762_024_raw.jpg,rutile,ti_bearing_negative,1,815762,DG-9a452b373039,train,expert_fit
VTM-008160,raw_negative/ti_bearing_negative/rutile/rutile_mindat_p818281_047_raw.jpg,rutile,ti_bearing_negative,1,818281,DG-af859afe6009,train,expert_fit
VTM-008164,raw_negative/ti_bearing_negative/rutile/rutile_mindat_p827557_144_raw.jpg,rutile,ti_bearing_negative,1,827557,DG-ec96d00f954a,train,expert_fit
VTM-008165,raw_negative/ti_bearing_negative/rutile/rutile_mindat_p827979_302_raw.jpg,rutile,ti_bearing_negative,1,827979,DG-6aa9c82f8079,train,expert_fit
VTM-008172,raw_negative/ti_bearing_negative/rutile/rutile_mindat_p855273_048_raw.jpg,rutile,ti_bearing_negative,1,855273,DG-24c14f1dbe67,train,expert_fit
VTM-008173,raw_negative/ti_bearing_negative/rutile/rutile_mindat_p861731_238_raw.jpg,rutile,ti_bearing_negative,1,861731,DG-e60f7be768f4,train,expert_fit
VTM-008174,raw_negative/ti_bearing_negative/rutile/rutile_mindat_p862099_240_raw.jpg,rutile,ti_bearing_negative,1,862099,DG-35d148f2d41b,train,expert_fit
VTM-008175,raw_negative/ti_bearing_negative/rutile/rutile_mindat_p862200_011_raw.jpg,rutile,ti_bearing_negative,1,862200,DG-06fad8e62be3,train,expert_fit
VTM-008176,raw_negative/ti_bearing_negative/rutile/rutile_mindat_p866848_140_raw.jpg,rutile,ti_bearing_negative,1,866848,DG-960810c0cbc0,train,expert_fit
VTM-008179,raw_negative/ti_bearing_negative/rutile/rutile_mindat_p874918_581_raw.jpg,rutile,ti_bearing_negative,1,874918,DG-fbd044c25256,train,expert_fit
VTM-008181,raw_negative/ti_bearing_negative/rutile/rutile_mindat_p874922_586_raw.jpg,rutile,ti_bearing_negative,1,874922,DG-eb6fe2378553,train,expert_fit
VTM-008182,raw_negative/ti_bearing_negative/rutile/rutile_mindat_p874923_583_raw.jpg,rutile,ti_bearing_negative,1,874923,DG-88386d3ede84,train,expert_fit
VTM-008183,raw_negative/ti_bearing_negative/rutile/rutile_mindat_p875232_004_raw.jpg,rutile,ti_bearing_negative,1,875232,DG-3e6c2744f128,train,expert_fit
VTM-008185,raw_negative/ti_bearing_negative/rutile/rutile_mindat_p877106_006_raw.jpg,rutile,ti_bearing_negative,1,877106,DG-3288a13bdef9,train,expert_fit
VTM-008186,raw_negative/ti_bearing_negative/rutile/rutile_mindat_p879334_363_raw.jpg,rutile,ti_bearing_negative,1,879334,DG-8897f1cbd885,train,expert_fit
VTM-008187,raw_negative/ti_bearing_negative/rutile/rutile_mindat_p887458_241_raw.jpg,rutile,ti_bearing_negative,1,887458,DG-9c5c7d8c9153,train,expert_fit
VTM-008188,raw_negative/ti_bearing_negative/rutile/rutile_mindat_p889527_034_raw.jpg,rutile,ti_bearing_negative,1,889527,DG-1047df88ccd1,train,expert_fit
VTM-008189,raw_negative/ti_bearing_negative/rutile/rutile_mindat_p892058_025_raw.jpg,rutile,ti_bearing_negative,1,892058,DG-030e5255acd9,train,expert_fit
VTM-008190,raw_negative/ti_bearing_negative/rutile/rutile_mindat_p892059_030_raw.jpg,rutile,ti_bearing_negative,1,892059,DG-ac27b4489841,train,expert_fit
VTM-008191,raw_negative/ti_bearing_negative/rutile/rutile_mindat_p892060_029_raw.jpg,rutile,ti_bearing_negative,1,892060,DG-4bb2ff503620,val,expert_stop
VTM-008193,raw_negative/ti_bearing_negative/rutile/rutile_mindat_p894840_578_raw.jpg,rutile,ti_bearing_negative,1,894840,DG-f84f338db424,train,expert_fit
VTM-008194,raw_negative/ti_bearing_negative/rutile/rutile_mindat_p895409_524_raw.jpg,rutile,ti_bearing_negative,1,895409,DG-2af96de7019e,train,expert_fit
VTM-008199,raw_negative/ti_bearing_negative/rutile/rutile_mindat_p899339_081_raw.jpg,rutile,ti_bearing_negative,1,899339,DG-39ee22dc019b,train,expert_fit
VTM-008201,raw_negative/ti_bearing_negative/rutile/rutile_mindat_p899689_244_raw.jpg,rutile,ti_bearing_negative,1,899689,DG-8f056936797a,train,expert_fit
VTM-008203,raw_negative/ti_bearing_negative/rutile/rutile_mindat_p901815_107_raw.jpg,rutile,ti_bearing_negative,1,901815,DG-7b9753be8bc3,train,expert_fit
VTM-008205,raw_negative/ti_bearing_negative/rutile/rutile_mindat_p903220_238_raw.jpg,rutile,ti_bearing_negative,1,903220,DG-c68fd3c56ba9,val,expert_stop
VTM-008207,raw_negative/ti_bearing_negative/rutile/rutile_mindat_p915265_269_raw.jpg,rutile,ti_bearing_negative,1,915265,DG-27dfc6f3ff7b,train,expert_fit
VTM-008209,raw_negative/ti_bearing_negative/rutile/rutile_mindat_p915454_021_raw.jpg,rutile,ti_bearing_negative,1,915454,DG-679e18e23879,train,expert_fit
VTM-008212,raw_negative/ti_bearing_negative/rutile/rutile_mindat_p918455_009_raw.jpg,rutile,ti_bearing_negative,1,918455,DG-c85dbe094e7c,train,expert_fit
VTM-008213,raw_negative/ti_bearing_negative/rutile/rutile_mindat_p918693_356_raw.jpg,rutile,ti_bearing_negative,1,918693,DG-432d2b34cf44,train,expert_fit
VTM-008215,raw_negative/ti_bearing_negative/rutile/rutile_mindat_p932376_095_raw.jpg,rutile,ti_bearing_negative,1,932376,DG-0102d7fcf1be,train,expert_fit
VTM-008217,raw_negative/ti_bearing_negative/rutile/rutile_mindat_p936182_110_raw.jpg,rutile,ti_bearing_negative,1,936182,DG-19c51a694216,train,expert_fit
VTM-008218,raw_negative/ti_bearing_negative/rutile/rutile_mindat_p939873_043_raw.jpg,rutile,ti_bearing_negative,1,939873,DG-96f1a0505965,train,expert_fit
VTM-008220,raw_negative/ti_bearing_negative/rutile/rutile_mindat_p943345_051_raw.jpg,rutile,ti_bearing_negative,1,943345,DG-9b32640533f0,train,expert_fit
VTM-008222,raw_negative/ti_bearing_negative/rutile/rutile_mindat_p943569_200_raw.jpg,rutile,ti_bearing_negative,1,943569,DG-27ba75fc6243,train,expert_fit
VTM-008225,raw_negative/ti_bearing_negative/rutile/rutile_mindat_p946780_106_raw.jpg,rutile,ti_bearing_negative,1,946780,DG-831eb4b30c5f,train,expert_fit
VTM-008227,raw_negative/ti_bearing_negative/rutile/rutile_mindat_p947152_089_raw.jpg,rutile,ti_bearing_negative,1,947152,DG-1a9bebbf9dc8,train,expert_fit
VTM-008228,raw_negative/ti_bearing_negative/rutile/rutile_mindat_p947507_117_raw.jpg,rutile,ti_bearing_negative,1,947507,DG-b432c40d4a17,val,expert_stop
VTM-008230,raw_negative/ti_bearing_negative/rutile/rutile_mindat_p949157_036_raw.jpg,rutile,ti_bearing_negative,1,949157,DG-0ca73b4e55e0,train,expert_fit
VTM-008231,raw_negative/ti_bearing_negative/rutile/rutile_mindat_p949316_037_raw.jpg,rutile,ti_bearing_negative,1,949316,DG-27ca6a127bd0,train,expert_fit
VTM-008233,raw_negative/ti_bearing_negative/rutile/rutile_mindat_p956659_205_raw.jpg,rutile,ti_bearing_negative,1,956659,DG-b998280bb8d6,train,expert_fit
VTM-008235,raw_negative/ti_bearing_negative/rutile/rutile_mindat_p959418_137_raw.jpg,rutile,ti_bearing_negative,1,959418,DG-90c6c9ca2797,train,expert_fit
VTM-008237,raw_negative/ti_bearing_negative/rutile/rutile_mindat_p960567_417_raw.jpg,rutile,ti_bearing_negative,1,960567,DG-e7895f74c3d9,train,expert_fit
VTM-008239,raw_negative/ti_bearing_negative/rutile/rutile_mindat_p960680_254_raw.jpg,rutile,ti_bearing_negative,1,960680,DG-74658fb0af09,train,expert_fit
VTM-008241,raw_negative/ti_bearing_negative/rutile/rutile_mindat_p963336_084_raw.jpg,rutile,ti_bearing_negative,1,963336,DG-31d6b2c3f3c2,train,expert_fit
VTM-008245,raw_negative/ti_bearing_negative/rutile/rutile_mindat_p966307_116_raw.jpg,rutile,ti_bearing_negative,1,966307,DG-c478bd156c24,train,expert_fit
VTM-008247,raw_negative/ti_bearing_negative/rutile/rutile_mindat_p967567_039_raw.jpg,rutile,ti_bearing_negative,1,967567,DG-67d6603c8b74,val,expert_stop
VTM-008248,raw_negative/ti_bearing_negative/rutile/rutile_mindat_p968473_225_raw.jpg,rutile,ti_bearing_negative,1,968473,DG-dc9d0cf122b2,train,expert_fit
VTM-008249,raw_negative/ti_bearing_negative/rutile/rutile_mindat_p969240_511_raw.jpg,rutile,ti_bearing_negative,1,969240,DG-cd099a5f3c9e,train,expert_fit
VTM-008250,raw_negative/ti_bearing_negative/rutile/rutile_mindat_p970179_089_raw.jpg,rutile,ti_bearing_negative,1,970179,DG-c8fa3dd2aad8,val,expert_stop
VTM-008254,raw_negative/ti_bearing_negative/rutile/rutile_mindat_p996615_086_raw.jpg,rutile,ti_bearing_negative,1,996615,DG-e574ec894d99,val,expert_stop
VTM-008255,raw_negative/ti_bearing_negative/rutile/rutile_mindat_p996637_084_raw.jpg,rutile,ti_bearing_negative,1,996637,DG-71c0effa4eb1,train,expert_fit
VTM-008256,raw_negative/ti_bearing_negative/rutile/rutile_mindat_p996648_087_raw.jpg,rutile,ti_bearing_negative,1,996648,DG-db79513a4556,train,expert_fit
VTM-008258,raw_negative/ti_bearing_negative/titanite/titanite_mindat_p003651_page9_009_raw.jpg,titanite,ti_bearing_negative,1,3651,DG-cfa31698673e,train,expert_fit
VTM-008259,raw_negative/ti_bearing_negative/titanite/titanite_mindat_p003658_page9_007_raw.jpg,titanite,ti_bearing_negative,1,3658,DG-0000aadff800,val,expert_stop
VTM-008261,raw_negative/ti_bearing_negative/titanite/titanite_mindat_p004398_page7_023_raw.jpg,titanite,ti_bearing_negative,1,4398,DG-5438e3d42897,train,expert_fit
VTM-008262,raw_negative/ti_bearing_negative/titanite/titanite_mindat_p004463_page1_024_raw.jpg,titanite,ti_bearing_negative,1,4463,DG-19b2cb1734e6,train,expert_fit
VTM-008263,raw_negative/ti_bearing_negative/titanite/titanite_mindat_p005877_page9_006_raw.jpg,titanite,ti_bearing_negative,1,5877,DG-b4411174c5c2,val,expert_stop
VTM-008265,raw_negative/ti_bearing_negative/titanite/titanite_mindat_p008447_page14_041_raw.jpg,titanite,ti_bearing_negative,1,8447,DG-80346a21b719,train,expert_fit
VTM-008266,raw_negative/ti_bearing_negative/titanite/titanite_mindat_p008580_page6_002_raw.jpg,titanite,ti_bearing_negative,1,8580,DG-798418aa1e5e,train,expert_fit
VTM-008268,raw_negative/ti_bearing_negative/titanite/titanite_mindat_p009941_page7_034_raw.jpg,titanite,ti_bearing_negative,1,9941,DG-1f1b51b2208d,train,expert_fit
VTM-008269,raw_negative/ti_bearing_negative/titanite/titanite_mindat_p011206_page14_034_raw.jpg,titanite,ti_bearing_negative,1,11206,DG-222ef9355d7e,train,expert_fit
VTM-008271,raw_negative/ti_bearing_negative/titanite/titanite_mindat_p019816_page5_040_raw.jpg,titanite,ti_bearing_negative,1,19816,DG-cd419831ebe5,train,expert_fit
VTM-008272,raw_negative/ti_bearing_negative/titanite/titanite_mindat_p022980_page7_031_raw.jpg,titanite,ti_bearing_negative,1,22980,DG-20aed06d4408,train,expert_fit
VTM-008273,raw_negative/ti_bearing_negative/titanite/titanite_mindat_p023004_page1_070_raw.jpg,titanite,ti_bearing_negative,1,23004,DG-4b55fbcc34db,val,expert_stop
VTM-008274,raw_negative/ti_bearing_negative/titanite/titanite_mindat_p023005_page1_045_raw.jpg,titanite,ti_bearing_negative,1,23005,DG-81b6a2c402c7,val,expert_stop
VTM-008276,raw_negative/ti_bearing_negative/titanite/titanite_mindat_p025305_page5_039_raw.jpg,titanite,ti_bearing_negative,1,25305,DG-47f14ce473fa,train,expert_fit
VTM-008281,raw_negative/ti_bearing_negative/titanite/titanite_mindat_p038813_page7_030_raw.jpg,titanite,ti_bearing_negative,1,38813,DG-09c1e341f58f,train,expert_fit
VTM-008283,raw_negative/ti_bearing_negative/titanite/titanite_mindat_p039533_page10_001_raw.jpg,titanite,ti_bearing_negative,1,39533,DG-25977fd79355,val,expert_stop
VTM-008284,raw_negative/ti_bearing_negative/titanite/titanite_mindat_p039542_page7_039_raw.jpg,titanite,ti_bearing_negative,1,39542,DG-ecb398c84372,train,expert_fit
VTM-008285,raw_negative/ti_bearing_negative/titanite/titanite_mindat_p039929_page7_024_raw.jpg,titanite,ti_bearing_negative,1,39929,DG-bfb739f5f6ce,train,expert_fit
VTM-008286,raw_negative/ti_bearing_negative/titanite/titanite_mindat_p040969_page6_003_raw.jpg,titanite,ti_bearing_negative,1,40969,DG-3039ebb97d85,train,expert_fit
VTM-008290,raw_negative/ti_bearing_negative/titanite/titanite_mindat_p043827_page1_028_raw.jpg,titanite,ti_bearing_negative,1,43827,DG-5d1aafa5656e,train,expert_fit
VTM-008291,raw_negative/ti_bearing_negative/titanite/titanite_mindat_p044220_page7_025_raw.jpg,titanite,ti_bearing_negative,1,44220,DG-3c147c6380ca,train,expert_fit
VTM-008296,raw_negative/ti_bearing_negative/titanite/titanite_mindat_p048331_page1_066_raw.jpg,titanite,ti_bearing_negative,1,48331,DG-8987893cc8d2,train,expert_fit
VTM-008297,raw_negative/ti_bearing_negative/titanite/titanite_mindat_p051261_page3_001_raw.jpg,titanite,ti_bearing_negative,1,51261,DG-f33934c9c324,train,expert_fit
VTM-008298,raw_negative/ti_bearing_negative/titanite/titanite_mindat_p051631_page10_002_raw.jpg,titanite,ti_bearing_negative,1,51631,DG-c3b0652e16fa,train,expert_fit
VTM-008299,raw_negative/ti_bearing_negative/titanite/titanite_mindat_p053989_page14_055_raw.jpg,titanite,ti_bearing_negative,1,53989,DG-982ad0bc2ced,train,expert_fit
VTM-008302,raw_negative/ti_bearing_negative/titanite/titanite_mindat_p053994_page14_048_raw.jpg,titanite,ti_bearing_negative,1,53994,DG-6fb0b8e098ce,train,expert_fit
VTM-008303,raw_negative/ti_bearing_negative/titanite/titanite_mindat_p055003_page13_020_raw.jpg,titanite,ti_bearing_negative,1,55003,DG-103978523f4a,train,expert_fit
VTM-008304,raw_negative/ti_bearing_negative/titanite/titanite_mindat_p055005_page13_013_raw.jpg,titanite,ti_bearing_negative,1,55005,DG-7b2505b11a8c,val,expert_stop
VTM-008309,raw_negative/ti_bearing_negative/titanite/titanite_mindat_p058493_page14_016_raw.jpg,titanite,ti_bearing_negative,1,58493,DG-0a66088d4b39,train,expert_fit
VTM-008311,raw_negative/ti_bearing_negative/titanite/titanite_mindat_p058495_page14_018_raw.jpg,titanite,ti_bearing_negative,1,58495,DG-23b76992069d,train,expert_fit
VTM-008312,raw_negative/ti_bearing_negative/titanite/titanite_mindat_p058497_page14_024_raw.jpg,titanite,ti_bearing_negative,1,58497,DG-ae5e342f20ba,train,expert_fit
VTM-008313,raw_negative/ti_bearing_negative/titanite/titanite_mindat_p058498_page1_009_raw.jpg,titanite,ti_bearing_negative,1,58498,DG-835b15737272,train,expert_fit
VTM-008315,raw_negative/ti_bearing_negative/titanite/titanite_mindat_p058500_page14_059_raw.jpg,titanite,ti_bearing_negative,1,58500,DG-463271ff9a02,train,expert_fit
VTM-008316,raw_negative/ti_bearing_negative/titanite/titanite_mindat_p058501_page14_042_raw.jpg,titanite,ti_bearing_negative,1,58501,DG-365a7e8ebb59,train,expert_fit
VTM-008317,raw_negative/ti_bearing_negative/titanite/titanite_mindat_p058502_page14_062_raw.jpg,titanite,ti_bearing_negative,1,58502,DG-3ad8475704ce,train,expert_fit
VTM-008319,raw_negative/ti_bearing_negative/titanite/titanite_mindat_p058786_page1_069_raw.jpg,titanite,ti_bearing_negative,1,58786,DG-8bae9cadf31c,train,expert_fit
VTM-008320,raw_negative/ti_bearing_negative/titanite/titanite_mindat_p059534_page1_050_raw.jpg,titanite,ti_bearing_negative,1,59534,DG-787325895365,train,expert_fit
VTM-008321,raw_negative/ti_bearing_negative/titanite/titanite_mindat_p065512_page13_007_raw.jpg,titanite,ti_bearing_negative,1,65512,DG-ce970c6214f6,train,expert_fit
VTM-008322,raw_negative/ti_bearing_negative/titanite/titanite_mindat_p068781_page5_064_raw.jpg,titanite,ti_bearing_negative,1,68781,DG-339ab16f8079,train,expert_fit
VTM-008323,raw_negative/ti_bearing_negative/titanite/titanite_mindat_p068786_page5_020_raw.jpg,titanite,ti_bearing_negative,1,68786,DG-c0ede3d4e248,train,expert_fit
VTM-008324,raw_negative/ti_bearing_negative/titanite/titanite_mindat_p069636_page1_014_raw.jpg,titanite,ti_bearing_negative,1,69636,DG-286832af7c46,train,expert_fit
VTM-008325,raw_negative/ti_bearing_negative/titanite/titanite_mindat_p070273_page14_038_raw.jpg,titanite,ti_bearing_negative,1,70273,DG-38827e03f5f6,train,expert_fit
VTM-008326,raw_negative/ti_bearing_negative/titanite/titanite_mindat_p070626_page13_010_raw.jpg,titanite,ti_bearing_negative,1,70626,DG-6c73a6a48602,train,expert_fit
VTM-008327,raw_negative/ti_bearing_negative/titanite/titanite_mindat_p074453_page14_011_raw.jpg,titanite,ti_bearing_negative,1,74453,DG-8209f3f06fa1,train,expert_fit
VTM-008328,raw_negative/ti_bearing_negative/titanite/titanite_mindat_p074454_page1_004_raw.jpg,titanite,ti_bearing_negative,1,74454,DG-3975341507b9,train,expert_fit
VTM-008329,raw_negative/ti_bearing_negative/titanite/titanite_mindat_p074875_page14_032_raw.jpg,titanite,ti_bearing_negative,1,74875,DG-9ecbaa852674,train,expert_fit
VTM-008330,raw_negative/ti_bearing_negative/titanite/titanite_mindat_p074877_page14_043_raw.jpg,titanite,ti_bearing_negative,1,74877,DG-1250042a3397,train,expert_fit
VTM-008332,raw_negative/ti_bearing_negative/titanite/titanite_mindat_p076438_page1_006_raw.jpg,titanite,ti_bearing_negative,1,76438,DG-ea743211582d,train,expert_fit
VTM-008333,raw_negative/ti_bearing_negative/titanite/titanite_mindat_p076589_page13_004_raw.jpg,titanite,ti_bearing_negative,1,76589,DG-217d06d8daf9,train,expert_fit
VTM-008335,raw_negative/ti_bearing_negative/titanite/titanite_mindat_p080275_page13_009_raw.jpg,titanite,ti_bearing_negative,1,80275,DG-0806607c1933,train,expert_fit
VTM-008337,raw_negative/ti_bearing_negative/titanite/titanite_mindat_p086831_page5_044_raw.jpg,titanite,ti_bearing_negative,1,86831,DG-722b79776c3b,train,expert_fit
VTM-008339,raw_negative/ti_bearing_negative/titanite/titanite_mindat_p089828_page4_004_raw.jpg,titanite,ti_bearing_negative,1,89828,DG-7c3d27a74d81,train,expert_fit
VTM-008342,raw_negative/ti_bearing_negative/titanite/titanite_mindat_p095090_page1_013_raw.jpg,titanite,ti_bearing_negative,1,95090,DG-1e8b60f5fceb,train,expert_fit
VTM-008343,raw_negative/ti_bearing_negative/titanite/titanite_mindat_p095092_page14_025_raw.jpg,titanite,ti_bearing_negative,1,95092,DG-41bf76dfa70c,train,expert_fit
VTM-008345,raw_negative/ti_bearing_negative/titanite/titanite_mindat_p095221_page14_036_raw.jpg,titanite,ti_bearing_negative,1,95221,DG-7a386c652497,val,expert_stop
VTM-008347,raw_negative/ti_bearing_negative/titanite/titanite_mindat_p097575_page13_016_raw.jpg,titanite,ti_bearing_negative,1,97575,DG-6455fda523c2,val,expert_stop
VTM-008348,raw_negative/ti_bearing_negative/titanite/titanite_mindat_p097753_page13_011_raw.jpg,titanite,ti_bearing_negative,1,97753,DG-5a41bafd6b8a,val,expert_stop
VTM-008349,raw_negative/ti_bearing_negative/titanite/titanite_mindat_p097761_page13_030_raw.jpg,titanite,ti_bearing_negative,1,97761,DG-d11d438ffb18,train,expert_fit
VTM-008353,raw_negative/ti_bearing_negative/titanite/titanite_mindat_p097765_page13_035_raw.jpg,titanite,ti_bearing_negative,1,97765,DG-6292443cc0cd,train,expert_fit
VTM-008355,raw_negative/ti_bearing_negative/titanite/titanite_mindat_p097785_page13_038_raw.jpg,titanite,ti_bearing_negative,1,97785,DG-88d78b0769a8,train,expert_fit
VTM-008356,raw_negative/ti_bearing_negative/titanite/titanite_mindat_p097797_page13_022_raw.jpg,titanite,ti_bearing_negative,1,97797,DG-0e327c6c2379,train,expert_fit
VTM-008358,raw_negative/ti_bearing_negative/titanite/titanite_mindat_p1013235_page1_031_raw.jpg,titanite,ti_bearing_negative,1,1013235,DG-0e414b79e445,train,expert_fit
VTM-008359,raw_negative/ti_bearing_negative/titanite/titanite_mindat_p1013236_page14_019_raw.jpg,titanite,ti_bearing_negative,1,1013236,DG-b48c4e288be4,train,expert_fit
VTM-008360,raw_negative/ti_bearing_negative/titanite/titanite_mindat_p102086_page14_031_raw.jpg,titanite,ti_bearing_negative,1,102086,DG-a5093433625e,train,expert_fit
VTM-008361,raw_negative/ti_bearing_negative/titanite/titanite_mindat_p103387_page14_033_raw.jpg,titanite,ti_bearing_negative,1,103387,DG-c691c430db30,train,expert_fit
VTM-008362,raw_negative/ti_bearing_negative/titanite/titanite_mindat_p1042263_page7_050_raw.jpg,titanite,ti_bearing_negative,1,1042263,DG-8370069153bd,train,expert_fit
VTM-008363,raw_negative/ti_bearing_negative/titanite/titanite_mindat_p1046357_page13_074_raw.jpg,titanite,ti_bearing_negative,1,1046357,DG-99a82fc55364,val,expert_stop
VTM-008364,raw_negative/ti_bearing_negative/titanite/titanite_mindat_p105305_page14_058_raw.jpg,titanite,ti_bearing_negative,1,105305,DG-9163c1b890cb,train,expert_fit
VTM-008366,raw_negative/ti_bearing_negative/titanite/titanite_mindat_p111745_page7_014_raw.jpg,titanite,ti_bearing_negative,1,111745,DG-2ac6d1506418,train,expert_fit
VTM-008368,raw_negative/ti_bearing_negative/titanite/titanite_mindat_p1139828_page3_005_raw.jpg,titanite,ti_bearing_negative,1,1139828,DG-ed224ebac022,val,expert_stop
VTM-008370,raw_negative/ti_bearing_negative/titanite/titanite_mindat_p1155945_page4_022_raw.jpg,titanite,ti_bearing_negative,1,1155945,DG-2fc4aaa41fd8,train,expert_fit
VTM-008372,raw_negative/ti_bearing_negative/titanite/titanite_mindat_p1170803_page4_027_raw.jpg,titanite,ti_bearing_negative,1,1170803,DG-a4c5f3f26eeb,train,expert_fit
VTM-008373,raw_negative/ti_bearing_negative/titanite/titanite_mindat_p1191962_page3_006_raw.jpg,titanite,ti_bearing_negative,1,1191962,DG-ca51670bbd84,train,expert_fit
VTM-008375,raw_negative/ti_bearing_negative/titanite/titanite_mindat_p119692_page14_061_raw.jpg,titanite,ti_bearing_negative,1,119692,DG-1a27ab935ebf,train,expert_fit
VTM-008379,raw_negative/ti_bearing_negative/titanite/titanite_mindat_p1277832_page9_003_raw.jpg,titanite,ti_bearing_negative,1,1277832,DG-d6d91b3b592b,train,expert_fit
VTM-008380,raw_negative/ti_bearing_negative/titanite/titanite_mindat_p1281847_page10_021_raw.jpg,titanite,ti_bearing_negative,1,1281847,DG-6eaffef04e54,train,expert_fit
VTM-008381,raw_negative/ti_bearing_negative/titanite/titanite_mindat_p129352_page5_033_raw.jpg,titanite,ti_bearing_negative,1,129352,DG-885e1f8a031a,train,expert_fit
VTM-008382,raw_negative/ti_bearing_negative/titanite/titanite_mindat_p131299_page5_052_raw.jpg,titanite,ti_bearing_negative,1,131299,DG-a6b2518b55f4,train,expert_fit
VTM-008383,raw_negative/ti_bearing_negative/titanite/titanite_mindat_p1348652_page10_023_raw.jpg,titanite,ti_bearing_negative,1,1348652,DG-b4edd28a83f8,train,expert_fit
VTM-008385,raw_negative/ti_bearing_negative/titanite/titanite_mindat_p1374032_page6_007_raw.jpg,titanite,ti_bearing_negative,1,1374032,DG-7443ab537df4,val,expert_stop
VTM-008387,raw_negative/ti_bearing_negative/titanite/titanite_mindat_p138467_page5_054_raw.jpg,titanite,ti_bearing_negative,1,138467,DG-0567564d711c,val,expert_stop
VTM-008388,raw_negative/ti_bearing_negative/titanite/titanite_mindat_p1390436_page10_027_raw.jpg,titanite,ti_bearing_negative,1,1390436,DG-97a479d76a57,train,expert_fit
VTM-008389,raw_negative/ti_bearing_negative/titanite/titanite_mindat_p1390449_page10_028_raw.jpg,titanite,ti_bearing_negative,1,1390449,DG-907c0a2749ab,train,expert_fit
VTM-008390,raw_negative/ti_bearing_negative/titanite/titanite_mindat_p139860_page13_029_raw.jpg,titanite,ti_bearing_negative,1,139860,DG-7ceeb0464230,train,expert_fit
VTM-008391,raw_negative/ti_bearing_negative/titanite/titanite_mindat_p140117_page13_008_raw.jpg,titanite,ti_bearing_negative,1,140117,DG-e20ada6ff2fb,val,expert_stop
VTM-008393,raw_negative/ti_bearing_negative/titanite/titanite_mindat_p1461265_page10_022_raw.jpg,titanite,ti_bearing_negative,1,1461265,DG-601ac7c2ddfb,train,expert_fit
VTM-008394,raw_negative/ti_bearing_negative/titanite/titanite_mindat_p146521_page1_012_raw.jpg,titanite,ti_bearing_negative,1,146521,DG-96c85500d5de,train,expert_fit
VTM-008395,raw_negative/ti_bearing_negative/titanite/titanite_mindat_p147354_page5_014_raw.jpg,titanite,ti_bearing_negative,1,147354,DG-de13a97b06d8,train,expert_fit
VTM-008396,raw_negative/ti_bearing_negative/titanite/titanite_mindat_p147983_page13_023_raw.jpg,titanite,ti_bearing_negative,1,147983,DG-7264b05a2cd3,val,expert_stop
VTM-008397,raw_negative/ti_bearing_negative/titanite/titanite_mindat_p147984_page13_019_raw.jpg,titanite,ti_bearing_negative,1,147984,DG-860bc3769ca5,train,expert_fit
VTM-008398,raw_negative/ti_bearing_negative/titanite/titanite_mindat_p147985_page13_034_raw.jpg,titanite,ti_bearing_negative,1,147985,DG-903f66f4e2a6,val,expert_stop
VTM-008399,raw_negative/ti_bearing_negative/titanite/titanite_mindat_p148790_page13_062_raw.jpg,titanite,ti_bearing_negative,1,148790,DG-897b6c22dfc6,val,expert_stop
VTM-008402,raw_negative/ti_bearing_negative/titanite/titanite_mindat_p151879_page5_075_raw.jpg,titanite,ti_bearing_negative,1,151879,DG-ec7c76603eb7,train,expert_fit
VTM-008405,raw_negative/ti_bearing_negative/titanite/titanite_mindat_p152191_page14_072_raw.jpg,titanite,ti_bearing_negative,1,152191,DG-7019d58665ed,train,expert_fit
VTM-008406,raw_negative/ti_bearing_negative/titanite/titanite_mindat_p155006_page9_037_raw.jpg,titanite,ti_bearing_negative,1,155006,DG-242084ca5cce,train,expert_fit
VTM-008407,raw_negative/ti_bearing_negative/titanite/titanite_mindat_p157135_page7_016_raw.jpg,titanite,ti_bearing_negative,1,157135,DG-a4b1f3bd04d2,train,expert_fit
VTM-008408,raw_negative/ti_bearing_negative/titanite/titanite_mindat_p1592573_page9_013_raw.jpg,titanite,ti_bearing_negative,1,1592573,DG-4266166d57b4,train,expert_fit
VTM-008411,raw_negative/ti_bearing_negative/titanite/titanite_mindat_p1698468_page9_004_raw.jpg,titanite,ti_bearing_negative,1,1698468,DG-186f644e3b43,train,expert_fit
VTM-008413,raw_negative/ti_bearing_negative/titanite/titanite_mindat_p1723421_page9_010_raw.jpg,titanite,ti_bearing_negative,1,1723421,DG-71d92d6bdb11,train,expert_fit
VTM-008414,raw_negative/ti_bearing_negative/titanite/titanite_mindat_p172739_page9_017_raw.jpg,titanite,ti_bearing_negative,1,172739,DG-ecaefea3ae6f,train,expert_fit
VTM-008415,raw_negative/ti_bearing_negative/titanite/titanite_mindat_p173546_page14_060_raw.jpg,titanite,ti_bearing_negative,1,173546,DG-3e5b9a0f027c,train,expert_fit
VTM-008416,raw_negative/ti_bearing_negative/titanite/titanite_mindat_p173654_page5_022_raw.jpg,titanite,ti_bearing_negative,1,173654,DG-06fcc5cb4e9e,val,expert_stop
VTM-008417,raw_negative/ti_bearing_negative/titanite/titanite_mindat_p175026_page1_068_raw.jpg,titanite,ti_bearing_negative,1,175026,DG-1196545837ca,train,expert_fit
VTM-008419,raw_negative/ti_bearing_negative/titanite/titanite_mindat_p183457_page3_002_raw.jpg,titanite,ti_bearing_negative,1,183457,DG-d069c0d46a7a,val,expert_stop
VTM-008422,raw_negative/ti_bearing_negative/titanite/titanite_mindat_p187693_page1_038_raw.jpg,titanite,ti_bearing_negative,1,187693,DG-de0b6e269720,train,expert_fit
VTM-008425,raw_negative/ti_bearing_negative/titanite/titanite_mindat_p194650_page9_018_raw.jpg,titanite,ti_bearing_negative,1,194650,DG-fbdc5bbd3b97,train,expert_fit
VTM-008429,raw_negative/ti_bearing_negative/titanite/titanite_mindat_p207942_page1_049_raw.jpg,titanite,ti_bearing_negative,1,207942,DG-314d212adcd6,train,expert_fit
VTM-008430,raw_negative/ti_bearing_negative/titanite/titanite_mindat_p213193_page7_055_raw.jpg,titanite,ti_bearing_negative,1,213193,DG-80f6a340dbe8,train,expert_fit
VTM-008433,raw_negative/ti_bearing_negative/titanite/titanite_mindat_p222437_page13_044_raw.jpg,titanite,ti_bearing_negative,1,222437,DG-91ec7356a042,train,expert_fit
VTM-008436,raw_negative/ti_bearing_negative/titanite/titanite_mindat_p223032_page5_072_raw.jpg,titanite,ti_bearing_negative,1,223032,DG-a1f43aed5dc4,train,expert_fit
VTM-008437,raw_negative/ti_bearing_negative/titanite/titanite_mindat_p227148_page7_049_raw.jpg,titanite,ti_bearing_negative,1,227148,DG-d5e78fe5540b,train,expert_fit
VTM-008440,raw_negative/ti_bearing_negative/titanite/titanite_mindat_p235834_page6_005_raw.jpg,titanite,ti_bearing_negative,1,235834,DG-9b574921ddc4,train,expert_fit
VTM-008444,raw_negative/ti_bearing_negative/titanite/titanite_mindat_p243688_page9_026_raw.jpg,titanite,ti_bearing_negative,1,243688,DG-4280a4272197,train,expert_fit
VTM-008445,raw_negative/ti_bearing_negative/titanite/titanite_mindat_p244083_page14_052_raw.jpg,titanite,ti_bearing_negative,1,244083,DG-d132cee5087a,train,expert_fit
VTM-008446,raw_negative/ti_bearing_negative/titanite/titanite_mindat_p245035_page10_004_raw.jpg,titanite,ti_bearing_negative,1,245035,DG-437ae6f38d2c,train,expert_fit
VTM-008448,raw_negative/ti_bearing_negative/titanite/titanite_mindat_p247388_page10_009_raw.jpg,titanite,ti_bearing_negative,1,247388,DG-13b2b6a82465,train,expert_fit
VTM-008449,raw_negative/ti_bearing_negative/titanite/titanite_mindat_p250441_page1_052_raw.jpg,titanite,ti_bearing_negative,1,250441,DG-1caad0f05cb2,val,expert_stop
VTM-008451,raw_negative/ti_bearing_negative/titanite/titanite_mindat_p254286_page7_015_raw.jpg,titanite,ti_bearing_negative,1,254286,DG-1698f9f3ef39,train,expert_fit
VTM-008453,raw_negative/ti_bearing_negative/titanite/titanite_mindat_p256769_page5_069_raw.jpg,titanite,ti_bearing_negative,1,256769,DG-21eaeb565517,train,expert_fit
VTM-008454,raw_negative/ti_bearing_negative/titanite/titanite_mindat_p265193_page7_020_raw.jpg,titanite,ti_bearing_negative,1,265193,DG-ed14a60d01c1,train,expert_fit
VTM-008458,raw_negative/ti_bearing_negative/titanite/titanite_mindat_p268617_page13_027_raw.jpg,titanite,ti_bearing_negative,1,268617,DG-e3f31ddd4567,train,expert_fit
VTM-008459,raw_negative/ti_bearing_negative/titanite/titanite_mindat_p269670_page13_042_raw.jpg,titanite,ti_bearing_negative,1,269670,DG-a4f09cf94b67,val,expert_stop
VTM-008460,raw_negative/ti_bearing_negative/titanite/titanite_mindat_p272282_page14_065_raw.jpg,titanite,ti_bearing_negative,1,272282,DG-00e3ad0dbec9,train,expert_fit
VTM-008462,raw_negative/ti_bearing_negative/titanite/titanite_mindat_p276415_page13_017_raw.jpg,titanite,ti_bearing_negative,1,276415,DG-e692a86c64dc,train,expert_fit
VTM-008464,raw_negative/ti_bearing_negative/titanite/titanite_mindat_p279827_page4_009_raw.jpg,titanite,ti_bearing_negative,1,279827,DG-757f717359ef,train,expert_fit
VTM-008465,raw_negative/ti_bearing_negative/titanite/titanite_mindat_p284280_page7_070_raw.jpg,titanite,ti_bearing_negative,1,284280,DG-a7521885b971,train,expert_fit
VTM-008466,raw_negative/ti_bearing_negative/titanite/titanite_mindat_p284971_page7_021_raw.jpg,titanite,ti_bearing_negative,1,284971,DG-b35e864c1165,val,expert_stop
VTM-008467,raw_negative/ti_bearing_negative/titanite/titanite_mindat_p285065_page14_063_raw.jpg,titanite,ti_bearing_negative,1,285065,DG-289371dc1155,train,expert_fit
VTM-008470,raw_negative/ti_bearing_negative/titanite/titanite_mindat_p289025_page1_048_raw.jpg,titanite,ti_bearing_negative,1,289025,DG-83e73a10e737,train,expert_fit
VTM-008471,raw_negative/ti_bearing_negative/titanite/titanite_mindat_p289394_page9_072_raw.jpg,titanite,ti_bearing_negative,1,289394,DG-fd26b3299de1,train,expert_fit
VTM-008472,raw_negative/ti_bearing_negative/titanite/titanite_mindat_p296018_page13_058_raw.jpg,titanite,ti_bearing_negative,1,296018,DG-05354569b6ee,train,expert_fit
VTM-008473,raw_negative/ti_bearing_negative/titanite/titanite_mindat_p297211_page7_019_raw.jpg,titanite,ti_bearing_negative,1,297211,DG-84b91db281e3,train,expert_fit
VTM-008474,raw_negative/ti_bearing_negative/titanite/titanite_mindat_p300326_page1_067_raw.jpg,titanite,ti_bearing_negative,1,300326,DG-4c3b3f758782,train,expert_fit
VTM-008475,raw_negative/ti_bearing_negative/titanite/titanite_mindat_p303646_page9_035_raw.jpg,titanite,ti_bearing_negative,1,303646,DG-0f4b629d9390,train,expert_fit
VTM-008476,raw_negative/ti_bearing_negative/titanite/titanite_mindat_p306481_page13_055_raw.jpg,titanite,ti_bearing_negative,1,306481,DG-27b83318b9c2,train,expert_fit
VTM-008479,raw_negative/ti_bearing_negative/titanite/titanite_mindat_p309463_page7_058_raw.jpg,titanite,ti_bearing_negative,1,309463,DG-9ccfb599fd77,val,expert_stop
VTM-008481,raw_negative/ti_bearing_negative/titanite/titanite_mindat_p312625_page7_072_raw.jpg,titanite,ti_bearing_negative,1,312625,DG-4a007058bcf9,train,expert_fit
VTM-008482,raw_negative/ti_bearing_negative/titanite/titanite_mindat_p312629_page9_050_raw.jpg,titanite,ti_bearing_negative,1,312629,DG-1fffaf6ae75b,val,expert_stop
VTM-008484,raw_negative/ti_bearing_negative/titanite/titanite_mindat_p316203_page7_035_raw.jpg,titanite,ti_bearing_negative,1,316203,DG-01e0bf625ba7,train,expert_fit
VTM-008486,raw_negative/ti_bearing_negative/titanite/titanite_mindat_p318562_page14_071_raw.jpg,titanite,ti_bearing_negative,1,318562,DG-b464fb3a4a2c,train,expert_fit
VTM-008488,raw_negative/ti_bearing_negative/titanite/titanite_mindat_p322381_page13_040_raw.jpg,titanite,ti_bearing_negative,1,322381,DG-cf61cbc56945,train,expert_fit
VTM-008490,raw_negative/ti_bearing_negative/titanite/titanite_mindat_p325680_page14_066_raw.jpg,titanite,ti_bearing_negative,1,325680,DG-13f68d44547b,train,expert_fit
VTM-008491,raw_negative/ti_bearing_negative/titanite/titanite_mindat_p330022_page13_075_raw.jpg,titanite,ti_bearing_negative,1,330022,DG-af7f9e0b3a59,val,expert_stop
VTM-008494,raw_negative/ti_bearing_negative/titanite/titanite_mindat_p340901_page7_018_raw.jpg,titanite,ti_bearing_negative,1,340901,DG-b08fee62c352,train,expert_fit
VTM-008495,raw_negative/ti_bearing_negative/titanite/titanite_mindat_p346880_page1_059_raw.jpg,titanite,ti_bearing_negative,1,346880,DG-60252628c826,train,expert_fit
VTM-008498,raw_negative/ti_bearing_negative/titanite/titanite_mindat_p349493_page9_069_raw.jpg,titanite,ti_bearing_negative,1,349493,DG-efabce59ccb5,train,expert_fit
VTM-008499,raw_negative/ti_bearing_negative/titanite/titanite_mindat_p349494_page9_048_raw.jpg,titanite,ti_bearing_negative,1,349494,DG-9ed843508094,val,expert_stop
VTM-008501,raw_negative/ti_bearing_negative/titanite/titanite_mindat_p351170_page9_041_raw.jpg,titanite,ti_bearing_negative,1,351170,DG-6cfb2e819d26,train,expert_fit
VTM-008506,raw_negative/ti_bearing_negative/titanite/titanite_mindat_p360768_page11_001_raw.jpg,titanite,ti_bearing_negative,1,360768,DG-fc6a8149a1c3,train,expert_fit
VTM-008508,raw_negative/ti_bearing_negative/titanite/titanite_mindat_p365298_page13_059_raw.jpg,titanite,ti_bearing_negative,1,365298,DG-2a1f698be405,train,expert_fit
VTM-008509,raw_negative/ti_bearing_negative/titanite/titanite_mindat_p368291_page1_019_raw.jpg,titanite,ti_bearing_negative,1,368291,DG-3ead6a91b3ad,train,expert_fit
VTM-008510,raw_negative/ti_bearing_negative/titanite/titanite_mindat_p374288_page13_068_raw.jpg,titanite,ti_bearing_negative,1,374288,DG-98d61811a127,train,expert_fit
VTM-008511,raw_negative/ti_bearing_negative/titanite/titanite_mindat_p380515_page10_007_raw.jpg,titanite,ti_bearing_negative,1,380515,DG-38b189947097,val,expert_stop
VTM-008513,raw_negative/ti_bearing_negative/titanite/titanite_mindat_p382928_page1_064_raw.jpg,titanite,ti_bearing_negative,1,382928,DG-549be0b52c87,train,expert_fit
VTM-008514,raw_negative/ti_bearing_negative/titanite/titanite_mindat_p386147_page3_003_raw.jpg,titanite,ti_bearing_negative,1,386147,DG-ccdd564a5c04,train,expert_fit
VTM-008517,raw_negative/ti_bearing_negative/titanite/titanite_mindat_p395915_page9_019_raw.jpg,titanite,ti_bearing_negative,1,395915,DG-8b44899247eb,val,expert_stop
VTM-008518,raw_negative/ti_bearing_negative/titanite/titanite_mindat_p395958_page9_001_raw.jpg,titanite,ti_bearing_negative,1,395958,DG-7c887232e334,train,expert_fit
VTM-008520,raw_negative/ti_bearing_negative/titanite/titanite_mindat_p405929_page9_065_raw.jpg,titanite,ti_bearing_negative,1,405929,DG-cc289f754191,val,expert_stop
VTM-008522,raw_negative/ti_bearing_negative/titanite/titanite_mindat_p408433_page1_055_raw.jpg,titanite,ti_bearing_negative,1,408433,DG-d01d7b1e1fe4,train,expert_fit
VTM-008524,raw_negative/ti_bearing_negative/titanite/titanite_mindat_p410354_page9_054_raw.jpg,titanite,ti_bearing_negative,1,410354,DG-db392a05fbe0,train,expert_fit
VTM-008525,raw_negative/ti_bearing_negative/titanite/titanite_mindat_p410890_page13_067_raw.jpg,titanite,ti_bearing_negative,1,410890,DG-aa714ce01c80,train,expert_fit
VTM-008527,raw_negative/ti_bearing_negative/titanite/titanite_mindat_p414081_page13_006_raw.jpg,titanite,ti_bearing_negative,1,414081,DG-f81097827445,train,expert_fit
VTM-008530,raw_negative/ti_bearing_negative/titanite/titanite_mindat_p420817_page9_057_raw.jpg,titanite,ti_bearing_negative,1,420817,DG-b2900e703877,train,expert_fit
VTM-008531,raw_negative/ti_bearing_negative/titanite/titanite_mindat_p426163_page9_053_raw.jpg,titanite,ti_bearing_negative,1,426163,DG-0f540aa4e87a,train,expert_fit
VTM-008532,raw_negative/ti_bearing_negative/titanite/titanite_mindat_p427744_page5_018_raw.jpg,titanite,ti_bearing_negative,1,427744,DG-6244aef85417,train,expert_fit
VTM-008533,raw_negative/ti_bearing_negative/titanite/titanite_mindat_p429945_page9_070_raw.jpg,titanite,ti_bearing_negative,1,429945,DG-a842d91005a1,train,expert_fit
VTM-008534,raw_negative/ti_bearing_negative/titanite/titanite_mindat_p431051_page13_060_raw.jpg,titanite,ti_bearing_negative,1,431051,DG-aaff4f2a5ff6,train,expert_fit
VTM-008535,raw_negative/ti_bearing_negative/titanite/titanite_mindat_p431628_page13_051_raw.jpg,titanite,ti_bearing_negative,1,431628,DG-22c8b1e999ef,train,expert_fit
VTM-008537,raw_negative/ti_bearing_negative/titanite/titanite_mindat_p435043_page1_062_raw.jpg,titanite,ti_bearing_negative,1,435043,DG-e7aff988b5ab,train,expert_fit
VTM-008538,raw_negative/ti_bearing_negative/titanite/titanite_mindat_p439346_page9_066_raw.jpg,titanite,ti_bearing_negative,1,439346,DG-0a38e08e9d2b,train,expert_fit
VTM-008543,raw_negative/ti_bearing_negative/titanite/titanite_mindat_p455221_page9_045_raw.jpg,titanite,ti_bearing_negative,1,455221,DG-c6d167ed06ef,train,expert_fit
VTM-008544,raw_negative/ti_bearing_negative/titanite/titanite_mindat_p457390_page4_014_raw.jpg,titanite,ti_bearing_negative,1,457390,DG-91878df83d40,train,expert_fit
VTM-008546,raw_negative/ti_bearing_negative/titanite/titanite_mindat_p481105_page5_007_raw.jpg,titanite,ti_bearing_negative,1,481105,DG-f56dc1bdd66d,val,expert_stop
VTM-008547,raw_negative/ti_bearing_negative/titanite/titanite_mindat_p482600_page12_003_raw.jpg,titanite,ti_bearing_negative,1,482600,DG-36ce94a21e0c,train,expert_fit
VTM-008549,raw_negative/ti_bearing_negative/titanite/titanite_mindat_p486159_page7_028_raw.jpg,titanite,ti_bearing_negative,1,486159,DG-59b43d2b554f,train,expert_fit
VTM-008553,raw_negative/ti_bearing_negative/titanite/titanite_mindat_p494834_page2_002_raw.jpg,titanite,ti_bearing_negative,1,494834,DG-bb4ab0ab5d05,train,expert_fit
VTM-008556,raw_negative/ti_bearing_negative/titanite/titanite_mindat_p496499_page5_005_raw.jpg,titanite,ti_bearing_negative,1,496499,DG-301c8f50010f,train,expert_fit
VTM-008557,raw_negative/ti_bearing_negative/titanite/titanite_mindat_p496966_page10_008_raw.jpg,titanite,ti_bearing_negative,1,496966,DG-af2db7871b5d,val,expert_stop
VTM-008559,raw_negative/ti_bearing_negative/titanite/titanite_mindat_p534050_page12_004_raw.jpg,titanite,ti_bearing_negative,1,534050,DG-0ad6e5039dd6,train,expert_fit
VTM-008561,raw_negative/ti_bearing_negative/titanite/titanite_mindat_p539532_page13_047_raw.jpg,titanite,ti_bearing_negative,1,539532,DG-2c33adc639e8,train,expert_fit
VTM-008562,raw_negative/ti_bearing_negative/titanite/titanite_mindat_p541292_page13_046_raw.jpg,titanite,ti_bearing_negative,1,541292,DG-37eb764293e0,train,expert_fit
VTM-008563,raw_negative/ti_bearing_negative/titanite/titanite_mindat_p563202_page10_010_raw.jpg,titanite,ti_bearing_negative,1,563202,DG-583b56a32a13,train,expert_fit
VTM-008565,raw_negative/ti_bearing_negative/titanite/titanite_mindat_p563206_page10_016_raw.jpg,titanite,ti_bearing_negative,1,563206,DG-cdf94a34139b,val,expert_stop
VTM-008570,raw_negative/ti_bearing_negative/titanite/titanite_mindat_p578155_page4_011_raw.jpg,titanite,ti_bearing_negative,1,578155,DG-9b9496836f1f,train,expert_fit
VTM-008571,raw_negative/ti_bearing_negative/titanite/titanite_mindat_p635256_page14_026_raw.jpg,titanite,ti_bearing_negative,1,635256,DG-39b3b214c6e8,train,expert_fit
VTM-008572,raw_negative/ti_bearing_negative/titanite/titanite_mindat_p637492_page13_072_raw.jpg,titanite,ti_bearing_negative,1,637492,DG-fd68011a9df0,val,expert_stop
VTM-008573,raw_negative/ti_bearing_negative/titanite/titanite_mindat_p637515_page13_070_raw.jpg,titanite,ti_bearing_negative,1,637515,DG-14c183516716,train,expert_fit
VTM-008574,raw_negative/ti_bearing_negative/titanite/titanite_mindat_p640427_page11_004_raw.jpg,titanite,ti_bearing_negative,1,640427,DG-21d29ffc6ed9,train,expert_fit
VTM-008575,raw_negative/ti_bearing_negative/titanite/titanite_mindat_p642471_page9_051_raw.jpg,titanite,ti_bearing_negative,1,642471,DG-efd1431d078a,val,expert_stop
VTM-008576,raw_negative/ti_bearing_negative/titanite/titanite_mindat_p648829_page5_008_raw.jpg,titanite,ti_bearing_negative,1,648829,DG-ab154a0192dc,train,expert_fit
VTM-008580,raw_negative/ti_bearing_negative/titanite/titanite_mindat_p674863_page8_003_raw.jpg,titanite,ti_bearing_negative,1,674863,DG-92a49e2ebce1,train,expert_fit
VTM-008581,raw_negative/ti_bearing_negative/titanite/titanite_mindat_p678384_page13_061_raw.jpg,titanite,ti_bearing_negative,1,678384,DG-defdf5c0157f,train,expert_fit
VTM-008582,raw_negative/ti_bearing_negative/titanite/titanite_mindat_p682893_page13_066_raw.jpg,titanite,ti_bearing_negative,1,682893,DG-2bb93384d92b,train,expert_fit
VTM-008586,raw_negative/ti_bearing_negative/titanite/titanite_mindat_p698239_page1_015_raw.jpg,titanite,ti_bearing_negative,1,698239,DG-2175e90ccedb,train,expert_fit
VTM-008587,raw_negative/ti_bearing_negative/titanite/titanite_mindat_p711628_page4_017_raw.jpg,titanite,ti_bearing_negative,1,711628,DG-1d657b56062a,train,expert_fit
VTM-008588,raw_negative/ti_bearing_negative/titanite/titanite_mindat_p763538_page5_061_raw.jpg,titanite,ti_bearing_negative,1,763538,DG-0edfc2d2de50,train,expert_fit
VTM-008589,raw_negative/ti_bearing_negative/titanite/titanite_mindat_p777467_page4_016_raw.jpg,titanite,ti_bearing_negative,1,777467,DG-e15e64ae8b97,train,expert_fit
VTM-008592,raw_negative/ti_bearing_negative/titanite/titanite_mindat_p833240_page7_073_raw.jpg,titanite,ti_bearing_negative,1,833240,DG-ac439782958b,val,expert_stop
VTM-008596,raw_negative/ti_bearing_negative/titanite/titanite_mindat_p851054_page10_015_raw.jpg,titanite,ti_bearing_negative,1,851054,DG-636425a429df,train,expert_fit
VTM-008599,raw_negative/ti_bearing_negative/titanite/titanite_mindat_p862878_page10_020_raw.jpg,titanite,ti_bearing_negative,1,862878,DG-ef547a076d0f,train,expert_fit
VTM-008600,raw_negative/ti_bearing_negative/titanite/titanite_mindat_p872047_page10_017_raw.jpg,titanite,ti_bearing_negative,1,872047,DG-98559e2cad9f,train,expert_fit
VTM-008601,raw_negative/ti_bearing_negative/titanite/titanite_mindat_p875272_page1_060_raw.jpg,titanite,ti_bearing_negative,1,875272,DG-deb465c57e11,val,expert_stop
VTM-008602,raw_negative/ti_bearing_negative/titanite/titanite_mindat_p891106_page1_040_raw.jpg,titanite,ti_bearing_negative,1,891106,DG-537f4ff86384,train,expert_fit
VTM-008604,raw_negative/ti_bearing_negative/titanite/titanite_mindat_p967185_page8_019_raw.jpg,titanite,ti_bearing_negative,1,967185,DG-a59983b06fbf,train,expert_fit
VTM-008606,raw_negative/ti_bearing_negative/titanite/titanite_mindat_p996452_page8_017_raw.jpg,titanite,ti_bearing_negative,1,996452,DG-7d4abc0abfe5,train,expert_fit
