image_id,split_group_id,mineral_label,outer_fold,true_class_id,predicted_class_id,route,prob_0,prob_1,prob_2,prob_3
VTM-000004,DG-93711816d7a2,ilmenite,0,0,3,0.700127899646759,0.16663995385169983,0.0709456279873848,0.04607773572206497,0.7163366079330444
VTM-000019,DG-1f6c9a170d0a,ilmenite,0,0,1,0.7854927778244019,0.14390626549720764,0.8132021427154541,0.00787233654409647,0.03501918166875839
VTM-000022,DG-f06e5066d583,ilmenite,0,0,0,0.9366936683654785,0.7420234680175781,0.2417597770690918,0.0030641402117908,0.013152583502233028
VTM-000023,DG-57c8be1f1a44,ilmenite,0,0,3,0.5860794186592102,0.07535815238952637,0.06086598336696625,0.07192012667655945,0.7918557524681091
VTM-000026,DG-0cb281befc77,ilmenite,0,0,1,0.9075376987457275,0.4727987051010132,0.4791128635406494,0.0231877863407135,0.0249006524682045
VTM-000029,DG-9f879b68f7a9,ilmenite,0,0,2,0.8547578454017639,0.33779221773147583,0.20649860799312592,0.33894670009613037,0.11676248908042908
VTM-000031,DG-d7115b5d6740,ilmenite,0,0,0,0.9396265149116516,0.904886782169342,0.061748016625642776,0.004195728339254856,0.02916950359940529
VTM-000032,DG-a4d032ac7c43,ilmenite,0,0,3,0.8498675227165222,0.34841373562812805,0.19398510456085205,0.046529076993465424,0.41107210516929626
VTM-000033,DG-835a9a31582b,ilmenite,0,0,3,0.7902488112449646,0.253284752368927,0.2164248675107956,0.1171652153134346,0.4131251573562622
VTM-000042,DG-dd60957cc98f,ilmenite,0,0,3,0.615187406539917,0.07916729152202606,0.19391658902168274,0.21878361701965332,0.5081324577331543
VTM-000053,DG-0c19a5da525e,ilmenite,0,0,1,0.6926634311676025,0.04673907905817032,0.8035628199577332,0.034488119184970856,0.11521000415086746
VTM-000054,DG-4dc01708b6c1,ilmenite,0,0,3,0.6253821849822998,0.09463892132043839,0.1971288025379181,0.03619737923145294,0.6720349192619324
VTM-000055,DG-3cad097ede55,ilmenite,0,0,1,0.8124430775642395,0.22092615067958832,0.4943159222602844,0.19239187240600586,0.0923660546541214
VTM-000059,DG-104f7493d31e,ilmenite,0,0,0,0.9400249719619751,0.9516096711158752,0.014967861585319042,0.0001647986500756815,0.033257611095905304
VTM-000063,DG-a13316fbba17,ilmenite,0,0,0,0.9352336525917053,0.7385593056678772,0.23831158876419067,0.009011931717395782,0.014117173850536346
VTM-000067,DG-5e3c1a734ecf,ilmenite,0,0,1,0.8663625121116638,0.3233700692653656,0.6105356216430664,0.024609606713056564,0.0414847731590271
VTM-000071,DG-43ff4b7e71d7,ilmenite,0,0,0,0.9333246350288391,0.7539049386978149,0.050370097160339355,0.01069614291191101,0.1850288212299347
VTM-000072,DG-f00d4292aa19,ilmenite,0,0,2,0.6489766836166382,0.08903138339519501,0.22775112092494965,0.6011435985565186,0.08207393437623978
VTM-000078,DG-6cfccac709da,ilmenite,0,0,0,0.940290093421936,0.9180326461791992,0.04908211529254913,0.00869915820658207,0.02418605424463749
VTM-000079,DG-865801959617,ilmenite,0,0,0,0.9403024315834045,0.9617835283279419,0.021681461483240128,0.005195323843508959,0.011339659802615643
VTM-000081,DG-a37ea3e212b7,ilmenite,0,0,0,0.9400110840797424,0.9193403124809265,0.02830928936600685,0.0033558011054992676,0.04899459704756737
VTM-000097,DG-52dbc2d87ae6,ilmenite,0,0,1,0.6774236559867859,0.02534698322415352,0.8281763792037964,0.0819920226931572,0.06448464095592499
VTM-000102,DG-8f39b68c7460,ilmenite,0,0,0,0.9338042140007019,0.7031964659690857,0.16548900306224823,0.01493787206709385,0.11637671291828156
VTM-000103,DG-edd7bbc96d6a,ilmenite,0,0,0,0.9404867887496948,0.9645607471466064,0.022871799767017365,0.0026385190431028605,0.009928954765200615
VTM-000107,DG-2643e93c71a5,ilmenite,0,0,1,0.6997617483139038,0.0046539646573364735,0.9849720001220703,0.007138602901250124,0.0032354965806007385
VTM-000109,DG-45cfbbb23bdc,ilmenite,0,0,0,0.9337202310562134,0.7214199304580688,0.17824000120162964,0.07660194486379623,0.023738155141472816
VTM-000114,DG-fc3a66d13a58,ilmenite,0,0,0,0.9405262470245361,0.9668757915496826,0.01491524651646614,0.0017627974739298224,0.016446135938167572
VTM-000119,DG-fb23410b9ff9,ilmenite,0,0,0,0.8800503015518188,0.44309377670288086,0.11486674845218658,0.0779961496591568,0.36404332518577576
VTM-000120,DG-3e885422ff43,ilmenite,0,0,3,0.8231502175331116,0.3024439811706543,0.16230657696723938,0.1281789243221283,0.4070705473423004
VTM-000123,DG-f7048b8cdbe5,ilmenite,0,0,2,0.585696280002594,0.017570296302437782,0.46709588170051575,0.49777811765670776,0.017555667087435722
VTM-000126,DG-c9aba633a410,ilmenite,0,0,0,0.9390749335289001,0.8580030798912048,0.06130003184080124,0.012453361414372921,0.06824347376823425
VTM-000129,DG-70edfcef8486,ilmenite,0,0,0,0.9026334881782532,0.4455949664115906,0.21313296258449554,0.22546318173408508,0.1158088967204094
VTM-000130,DG-c93fa69bd002,ilmenite,0,0,0,0.9369627833366394,0.8110668659210205,0.07582035660743713,0.011630026623606682,0.1014828011393547
VTM-000136,DG-7d68bf215ad3,ilmenite,0,0,1,0.8722259998321533,0.3248707056045532,0.39667755365371704,0.0014487244188785553,0.27700304985046387
VTM-000137,DG-c1aed5f668d2,ilmenite,0,0,1,0.7726436853408813,0.14665435254573822,0.5753359198570251,0.01138592790812254,0.2666238248348236
VTM-000138,DG-6cfde0785f0c,ilmenite,0,0,1,0.6919384598731995,0.008372832089662552,0.9525790214538574,0.02289881370961666,0.016149353235960007
VTM-000143,DG-9af7bd61913c,ilmenite,0,0,3,0.582257866859436,0.0707923024892807,0.12847310304641724,0.307877779006958,0.49285680055618286
VTM-000156,DG-b07c5902c813,ilmenite,0,0,0,0.8900947570800781,0.418693870306015,0.3280637264251709,0.17722870409488678,0.07601369917392731
VTM-000164,DG-188a4021410f,ilmenite,0,0,0,0.9304322600364685,0.7184362411499023,0.19783854484558105,0.06615782529115677,0.017567377537488937
VTM-000193,DG-52c3a93b717f,ilmenite,0,0,3,0.5980802774429321,0.05880925804376602,0.29927992820739746,0.20959649980068207,0.43231433629989624
VTM-000196,DG-7327ff5c7b8d,ilmenite,0,0,3,0.6792827844619751,0.14763647317886353,0.06928093731403351,0.016702746972441673,0.7663798928260803
VTM-000199,DG-c725c58e3f4e,ilmenite,0,0,0,0.9330659508705139,0.7361204028129578,0.07337796688079834,0.11214214563369751,0.07835949212312698
VTM-000203,DG-c9a72486b1ef,ilmenite,0,0,0,0.9162188172340393,0.5619140267372131,0.15469254553318024,0.034844979643821716,0.2485484778881073
VTM-000212,DG-a9d34317443f,ilmenite,0,0,1,0.827865719795227,0.26201754808425903,0.7303775548934937,0.004418127704411745,0.003186797723174095
VTM-000214,DG-e243cfd0a50c,ilmenite,0,0,1,0.6866685152053833,0.004126558545976877,0.8826309442520142,0.11097459495067596,0.0022678717505186796
VTM-000216,DG-89f8774a7c9a,ilmenite,0,0,1,0.718370795249939,0.063179150223732,0.7456002235412598,0.1153106540441513,0.07590989023447037
VTM-000217,DG-aaf59fa905f6,ilmenite,0,0,2,0.5500165224075317,0.044641733169555664,0.135521799325943,0.5865231156349182,0.23331335186958313
VTM-000219,DG-90f99d0b37a9,ilmenite,0,0,1,0.7378328442573547,0.0728740319609642,0.8256259560585022,0.03571747988462448,0.06578248739242554
VTM-000226,DG-f38e353637cc,ilmenite,0,0,2,0.6967798471450806,0.1346963495016098,0.15693429112434387,0.6759843826293945,0.03238491341471672
VTM-000239,DG-eafba2c762ae,ilmenite,0,0,0,0.9349216818809509,0.7087261080741882,0.2638871371746063,0.017675351351499557,0.00971144624054432
VTM-000241,DG-0f6c6dd21429,ilmenite,0,0,1,0.905379593372345,0.47739729285240173,0.4836971163749695,0.031496208161115646,0.007409429643303156
VTM-000247,DG-1d85bd9b85f1,ilmenite,0,0,0,0.935320258140564,0.7837079167366028,0.06327864527702332,0.0817708671092987,0.07124253362417221
VTM-000249,DG-b2860bfb1647,ilmenite,0,0,1,0.7646133303642273,0.12649278342723846,0.6969403624534607,0.024410780519247055,0.15215614438056946
VTM-000265,DG-d503d286be4e,ilmenite,0,0,0,0.9345503449440002,0.7889821529388428,0.18344569206237793,0.0012026578187942505,0.02636953815817833
VTM-000280,DG-d28666dbe553,ilmenite,0,0,0,0.9111114144325256,0.5644342303276062,0.4241010546684265,0.0030408252496272326,0.00842390675097704
VTM-000282,DG-40aa4d6edc70,ilmenite,0,0,0,0.9305496215820312,0.7100849151611328,0.06359601020812988,0.014951317571103573,0.21136777102947235
VTM-000283,DG-0d5911cba632,ilmenite,0,0,0,0.9382081031799316,0.8553924560546875,0.071053147315979,0.010044018737971783,0.06351035088300705
VTM-000285,DG-acd642196a86,ilmenite,0,0,0,0.928977906703949,0.6561288237571716,0.18987515568733215,0.07020963728427887,0.08378639072179794
VTM-000288,DG-3587dab97d70,ilmenite,0,0,2,0.5736314654350281,0.03836542367935181,0.24252477288246155,0.6790034770965576,0.04010624438524246
VTM-000290,DG-51aa7aceda75,ilmenite,0,0,3,0.7291530966758728,0.20935684442520142,0.055284615606069565,0.022605638951063156,0.7127528190612793
VTM-000294,DG-964e0d7fd6bb,ilmenite,0,0,0,0.8999542593955994,0.4863860309123993,0.0935402438044548,0.19320321083068848,0.22687052190303802
VTM-000308,DG-653233a1d69c,ilmenite,0,0,2,0.5822358131408691,0.04125561937689781,0.32308700680732727,0.5900876522064209,0.045569710433483124
VTM-000322,DG-7bd6164a6379,ilmenite,0,0,0,0.9215375781059265,0.6351743936538696,0.03403918072581291,0.012560547329485416,0.3182259202003479
VTM-000323,DG-8b1bb30dd6dc,ilmenite,0,0,1,0.8025652170181274,0.2148042917251587,0.4300824999809265,0.17469057440757751,0.18042263388633728
VTM-000328,DG-b92bf0a3d3da,ilmenite,0,0,3,0.6170539855957031,0.09375444054603577,0.05074431747198105,0.12225233018398285,0.7332489490509033
VTM-000340,DG-d5390af5bbbe,magnetite,0,0,0,0.9366452693939209,0.8100212812423706,0.10694471001625061,0.06346360594034195,0.01957041770219803
VTM-000342,DG-3d91fefd53d4,magnetite,0,0,0,0.9361298680305481,0.7587329149246216,0.08335655182600021,0.07531849294900894,0.08259198069572449
VTM-000349,DG-7481d8c0d8a5,magnetite,0,0,0,0.9293131828308105,0.6504928469657898,0.17523396015167236,0.06713423877954483,0.10713902115821838
VTM-000362,DG-a03abcd13fa1,magnetite,0,0,0,0.9048404097557068,0.48400378227233887,0.4586839973926544,0.016053801402449608,0.04125837981700897
VTM-000365,DG-403301c9b56e,magnetite,0,0,0,0.9276333451271057,0.6766112446784973,0.06284275650978088,0.018603315576910973,0.24194270372390747
VTM-000368,DG-5ec9d3b3f9d9,magnetite,0,0,3,0.49600130319595337,0.013067035935819149,0.2468201071023941,0.31439393758773804,0.42571890354156494
VTM-000403,DG-6365ef6796fd,magnetite,0,0,0,0.9399733543395996,0.8745271563529968,0.10889624059200287,0.003030510153621435,0.01354607380926609
VTM-000407,DG-b34933b09131,magnetite,0,0,0,0.9402185082435608,0.8768879175186157,0.1125936359167099,0.002940746722742915,0.007577698677778244
VTM-000408,DG-33df6424b3d6,magnetite,0,0,0,0.940415620803833,0.9351680874824524,0.04572383314371109,0.001300058444030583,0.017808038741350174
VTM-000419,DG-d335465b98d0,magnetite,0,0,1,0.8773447275161743,0.3746906518936157,0.5007963180541992,0.06549495458602905,0.05901804938912392
VTM-000420,DG-bea3245792a5,magnetite,0,0,0,0.934265673160553,0.7653276920318604,0.21161487698554993,0.004911923315376043,0.018145518377423286
VTM-000421,DG-74bfd6871e69,magnetite,0,0,0,0.928504467010498,0.6630890965461731,0.17008116841316223,0.0669248178601265,0.09990497678518295
VTM-000424,DG-bf000ef4445e,magnetite,0,0,0,0.9405485987663269,0.9739888310432434,0.012483786791563034,0.0006849094061180949,0.012842441909015179
VTM-000425,DG-255b8042624f,magnetite,0,0,0,0.9158217906951904,0.5685768127441406,0.09460288286209106,0.13499334454536438,0.20182687044143677
VTM-000433,DG-c8fe44598de6,magnetite,0,0,1,0.7034456133842468,0.0032468787394464016,0.9869991540908813,0.008202741853892803,0.0015512303216382861
VTM-000449,DG-f157fe6a84d8,magnetite,0,0,1,0.6781439185142517,0.00413863267749548,0.9664092063903809,0.014620819129049778,0.014831294305622578
VTM-000453,DG-151237aade76,magnetite,0,0,1,0.8712857961654663,0.30422231554985046,0.5933226346969604,0.05833902955055237,0.0441160723567009
VTM-000457,DG-da2371bedc70,magnetite,0,0,0,0.9376461505889893,0.8192520141601562,0.06424574553966522,0.0017613254021853209,0.11474084109067917
VTM-000459,DG-8f86ca807d93,magnetite,0,0,0,0.9389808773994446,0.8291345834732056,0.15850882232189178,0.004562404938042164,0.007794213481247425
VTM-000461,DG-bd4555044da8,magnetite,0,0,0,0.9084849953651428,0.47208309173583984,0.30821648240089417,0.1289050281047821,0.09079547971487045
VTM-000464,DG-2d7adf4c3825,magnetite,0,0,1,0.6114924550056458,0.0077999006025493145,0.8056787848472595,0.05851911008358002,0.12800221145153046
VTM-000465,DG-5d8be5aba542,magnetite,0,0,0,0.930195689201355,0.6378540992736816,0.1811182051897049,0.006600678898394108,0.17442704737186432
VTM-000469,DG-55628b24d169,magnetite,0,0,0,0.9239857792854309,0.6196295022964478,0.1715037077665329,0.016665969043970108,0.19220073521137238
VTM-000475,DG-8ccebb8113c3,magnetite,0,0,0,0.9224117398262024,0.5689395070075989,0.3623027801513672,0.013178015127778053,0.055579774081707
VTM-000482,DG-252e52464d94,magnetite,0,0,1,0.8701195120811462,0.3203822374343872,0.5548854470252991,0.01582958549261093,0.1089027002453804
VTM-000484,DG-f6cdfd76d655,magnetite,0,0,0,0.9378253817558289,0.8218391537666321,0.09451205283403397,0.048812661319971085,0.034836187958717346
VTM-000485,DG-139309e9779f,magnetite,0,0,1,0.778958797454834,0.14937157928943634,0.7366636395454407,0.060686253011226654,0.05327853187918663
VTM-000487,DG-fa21589d0eae,magnetite,0,0,2,0.7316036224365234,0.17965693771839142,0.22952154278755188,0.3601127862930298,0.23070870339870453
VTM-000488,DG-4c58be6039ce,magnetite,0,0,3,0.8354992270469666,0.33148086071014404,0.15744487941265106,0.03626059740781784,0.47481369972229004
VTM-000494,DG-2a5290c5d7d8,magnetite,0,0,0,0.940140426158905,0.9186298251152039,0.05197630077600479,0.0030646626837551594,0.02632920630276203
VTM-000498,DG-d0d8d1193f14,magnetite,0,0,0,0.9395970702171326,0.8899927735328674,0.06487958133220673,0.03548600152134895,0.009641618467867374
VTM-000503,DG-572766d5cc60,magnetite,0,0,3,0.67193603515625,0.13159573078155518,0.17318204045295715,0.08863287419080734,0.6065893173217773
VTM-000508,DG-2db55b805efd,magnetite,0,0,1,0.892146110534668,0.4191024601459503,0.4965124726295471,0.014790480025112629,0.06959456950426102
VTM-000509,DG-c4c2974889e2,magnetite,0,0,0,0.9403079152107239,0.9693884253501892,0.013320665806531906,0.0012029032222926617,0.016087975353002548
VTM-000518,DG-85333005c1cb,magnetite,0,0,0,0.8568759560585022,0.36040228605270386,0.1568634957075119,0.3336748480796814,0.14905939996242523
VTM-000521,DG-a364591e5a94,magnetite,0,0,0,0.9406796097755432,0.934403657913208,0.054897505789995193,0.0005707994569092989,0.010128054767847061
VTM-000528,DG-5c4892601427,magnetite,0,0,1,0.8075178265571594,0.2346421629190445,0.4136694073677063,0.08664865046739578,0.26503974199295044
VTM-000531,DG-f79e95555def,magnetite,0,0,0,0.9118565320968628,0.5095863342285156,0.31232917308807373,0.03663736954331398,0.1414470672607422
VTM-000533,DG-13e216bf967a,magnetite,0,0,0,0.9401148557662964,0.8901535868644714,0.09522312879562378,0.007847892120480537,0.006775440648198128
VTM-000541,DG-ac65b778544d,magnetite,0,0,1,0.7286949753761292,0.04497896879911423,0.9196147918701172,0.026111898943781853,0.009294319897890091
VTM-000542,DG-abef6c79e38a,magnetite,0,0,3,0.6691852807998657,0.13083913922309875,0.30942341685295105,0.06633132696151733,0.49340611696243286
VTM-000543,DG-8637f69df099,magnetite,0,0,0,0.9164029955863953,0.554326057434082,0.4274789094924927,0.012564433738589287,0.005630589555948973
VTM-000550,DG-d6c4964bebe0,magnetite,0,0,3,0.8206480145454407,0.3211614191532135,0.06124183163046837,0.05536632239818573,0.5622304081916809
VTM-000554,DG-d69aeb666d37,magnetite,0,0,0,0.9164189100265503,0.5564076900482178,0.16822314262390137,0.04872769117355347,0.2266414910554886
VTM-000560,DG-f8b487ada0f0,magnetite,0,0,3,0.7339922189712524,0.19165077805519104,0.18896394968032837,0.0884585827589035,0.5309267044067383
VTM-000561,DG-90ed9625cbcc,magnetite,0,0,1,0.7279841899871826,0.1466502845287323,0.35414138436317444,0.20519018173217773,0.2940182089805603
VTM-000566,DG-88a8c17089a3,magnetite,0,0,0,0.9285464286804199,0.656727135181427,0.1210293397307396,0.02073562704026699,0.20150794088840485
VTM-000571,DG-badeafbc76d2,magnetite,0,0,0,0.919055163860321,0.544439435005188,0.2864553928375244,0.05317043140530586,0.11593476682901382
VTM-000582,DG-0ee8078237dd,magnetite,0,0,1,0.8320594429969788,0.24666382372379303,0.7213963270187378,0.008279819041490555,0.02366008423268795
VTM-000584,DG-f734cca44fe3,magnetite,0,0,0,0.9372009038925171,0.7884249091148376,0.16307812929153442,0.015692461282014847,0.03280450403690338
VTM-000590,DG-c990436be263,magnetite,0,0,0,0.9394733309745789,0.8625681400299072,0.06319109350442886,0.004616122227162123,0.06962462514638901
VTM-000601,DG-939340a3be9e,magnetite,0,0,0,0.9384447336196899,0.8360463380813599,0.07566069066524506,0.0498989038169384,0.038394082337617874
VTM-000607,DG-99ee770e1ec4,magnetite,0,0,0,0.9240598678588867,0.59078049659729,0.32601287961006165,0.007769671734422445,0.07543696463108063
VTM-000616,DG-8627d5243277,magnetite,0,0,0,0.9374926090240479,0.8213150501251221,0.12928664684295654,0.028494926169514656,0.020903395488858223
VTM-000632,DG-106e1814764b,magnetite,0,0,0,0.9360291361808777,0.7956048846244812,0.06649117916822433,0.019815286621451378,0.11808866262435913
VTM-000635,DG-0a7197b1c473,magnetite,0,0,2,0.5284141302108765,0.02324870601296425,0.1342523992061615,0.8071556091308594,0.03534331172704697
VTM-000644,DG-5f2a9cfc90f1,magnetite,0,0,0,0.8974968791007996,0.4107263684272766,0.3680660128593445,0.12259574234485626,0.09861186891794205
VTM-000645,DG-1e092660f768,magnetite,0,0,0,0.8966202735900879,0.44544315338134766,0.22317397594451904,0.23312528431415558,0.09825756400823593
VTM-000651,DG-9619aff54888,magnetite,0,0,0,0.9294838905334473,0.6811801195144653,0.10333999246358871,0.026983054354786873,0.18849682807922363
VTM-000654,DG-870455a260e3,magnetite,0,0,3,0.820547878742218,0.25557467341423035,0.2278243601322174,0.03832845762372017,0.47827252745628357
VTM-000660,DG-ad58ef2bbda3,magnetite,0,0,1,0.8842188119888306,0.38476186990737915,0.4678165316581726,0.09410106390714645,0.05332048982381821
VTM-000666,DG-42d073c596a6,magnetite,0,0,1,0.7035765647888184,0.05312667414546013,0.7492744326591492,0.15427255630493164,0.043326303362846375
VTM-000675,DG-a74f36131fe6,magnetite,0,0,3,0.551822304725647,0.026031972840428352,0.051021408289670944,0.19898411631584167,0.7239625453948975
VTM-000681,DG-35c7c8b5abb3,magnetite,0,0,0,0.9407419562339783,0.9509890675544739,0.04372173547744751,0.0021298725623637438,0.0031593621242791414
VTM-000695,DG-23db2eab5a9a,magnetite,0,0,0,0.9240708351135254,0.6124153137207031,0.2814479172229767,0.07320180535316467,0.03293495625257492
VTM-000710,DG-73f5251f3a0d,magnetite,0,0,0,0.9370860457420349,0.7701049447059631,0.19906781613826752,0.012484727427363396,0.018342526629567146
VTM-000711,DG-94a4562acff5,magnetite,0,0,0,0.9405916929244995,0.9261059165000916,0.0648544579744339,0.000523455673828721,0.00851624645292759
VTM-000713,DG-e7526efc7838,magnetite,0,0,0,0.9306936264038086,0.644128143787384,0.2642936706542969,0.03617770969867706,0.0554005466401577
VTM-000719,DG-4b0e141be02b,magnetite,0,0,1,0.7422371506690979,0.08234572410583496,0.8641809821128845,0.015324870124459267,0.03814845532178879
VTM-000723,DG-511bc90a21cd,magnetite,0,0,0,0.9343619346618652,0.757566511631012,0.09503684937953949,0.007821242325007915,0.13957542181015015
VTM-000734,DG-7943e07eda8b,magnetite,0,0,3,0.5868123173713684,0.012403993867337704,0.0019685844890773296,0.02062029391527176,0.9650071263313293
VTM-000738,DG-acfec52406c0,magnetite,0,0,1,0.8275547623634338,0.2150396704673767,0.7743628025054932,0.008361734449863434,0.0022357450798153877
VTM-000744,DG-51c20dbdad13,magnetite,0,0,0,0.9283762574195862,0.6765639781951904,0.26350313425064087,0.006102482322603464,0.05383037030696869
VTM-000749,DG-9d6f8b7cd056,magnetite,0,0,0,0.9371930360794067,0.7804380655288696,0.11954277008771896,0.031422559171915054,0.06859660893678665
VTM-000751,DG-3d9dc0979618,magnetite,0,0,1,0.8706281185150146,0.35149720311164856,0.4977380931377411,0.07439695298671722,0.07636772096157074
VTM-000753,DG-7598f8d56a09,magnetite,0,0,0,0.9334843754768372,0.6676804423332214,0.2672361731529236,0.004134278278797865,0.06094915419816971
VTM-000754,DG-a5308d80eb1e,magnetite,0,0,2,0.4529239535331726,0.0006337693193927407,0.03734986111521721,0.959578812122345,0.002437575487419963
VTM-000764,DG-f1908d5df853,magnetite,0,0,0,0.9363107085227966,0.7728650569915771,0.12306825071573257,0.056334517896175385,0.04773222655057907
VTM-000765,DG-3ce0b36731d7,magnetite,0,0,0,0.9399306774139404,0.8899408578872681,0.0867479220032692,0.011149262078106403,0.012161931954324245
VTM-000767,DG-b58c9f9e67a7,magnetite,0,0,0,0.9352580308914185,0.7090898752212524,0.2758478820323944,0.003563409671187401,0.011498823761940002
VTM-000770,DG-ddef072441c7,magnetite,0,0,1,0.6795735955238342,0.025377891957759857,0.8528598546981812,0.01140960119664669,0.11035265028476715
VTM-000774,DG-4344ec37eaf0,magnetite,0,0,0,0.9187551140785217,0.5578068494796753,0.31127607822418213,0.06062372401356697,0.07029333710670471
VTM-000782,DG-c2d5781a014e,magnetite,0,0,1,0.6993780136108398,0.008110711351037025,0.9703710079193115,0.015790889039635658,0.005727349780499935
VTM-000785,DG-63c201539c7b,magnetite,0,0,3,0.5281147956848145,0.02190631628036499,0.23698407411575317,0.21045443415641785,0.5306551456451416
VTM-000801,DG-e9839908fe36,magnetite,0,0,1,0.8007047176361084,0.19454647600650787,0.484973281621933,0.10542197525501251,0.21505826711654663
VTM-000803,DG-9a9234085770,magnetite,0,0,0,0.8970374464988708,0.44866660237312317,0.3103485405445099,0.14286983013153076,0.0981149896979332
VTM-000804,DG-36f41fac9a42,magnetite,0,0,0,0.9375144243240356,0.7952042818069458,0.12440989166498184,0.02661788836121559,0.05376795306801796
VTM-000811,DG-1220f8569f0c,magnetite,0,0,0,0.9139383435249329,0.5283504128456116,0.20767079293727875,0.06435757130384445,0.19962118566036224
VTM-000821,DG-1057be1a7c8a,magnetite,0,0,0,0.9398813247680664,0.9953086376190186,0.002010467229411006,7.301966979866847e-05,0.0026078701484948397
VTM-000828,DG-7c561f5d11ca,magnetite,0,0,1,0.6949546337127686,0.020510584115982056,0.908841609954834,0.027261488139629364,0.043386347591876984
VTM-000843,DG-6efd90c3e13c,magnetite,0,0,0,0.9308407306671143,0.6678112745285034,0.265839546918869,0.032845400273799896,0.033503808081150055
VTM-000846,DG-df1c722de400,magnetite,0,0,0,0.9222097396850586,0.5657122135162354,0.24770522117614746,0.10672210901975632,0.07986045628786087
VTM-000855,DG-bd37ade00a53,magnetite,0,0,3,0.7210839986801147,0.17117176949977875,0.018404657021164894,0.005417470820248127,0.8050060272216797
VTM-000874,DG-a7d122d49764,magnetite,0,0,0,0.940232515335083,0.9677019119262695,0.028755178675055504,0.0007068902486935258,0.0028360867872834206
VTM-000876,DG-1f9b1f9113dd,magnetite,0,0,0,0.9401054382324219,0.9402108788490295,0.031111372634768486,0.00606152880936861,0.022616207599639893
VTM-000879,DG-3d7eadac6d8d,magnetite,0,0,0,0.93460613489151,0.7458964586257935,0.2004045695066452,0.021105991676449776,0.03259296342730522
VTM-000893,DG-dfe6d03394c5,magnetite,0,0,3,0.8107536435127258,0.30478984117507935,0.13423340022563934,0.021724438294768333,0.5392522811889648
VTM-000896,DG-031f3b0c48c1,magnetite,0,0,3,0.6019973158836365,0.07070831954479218,0.08442632853984833,0.22650742530822754,0.6183579564094543
VTM-000904,DG-07ad539d2e2a,magnetite,0,0,0,0.9344464540481567,0.7337022423744202,0.16590140759944916,0.044662632048130035,0.055733706802129745
VTM-000906,DG-fe30e68f161c,magnetite,0,0,1,0.7000911831855774,0.05540599673986435,0.7181740999221802,0.1730414628982544,0.05337851494550705
VTM-000911,DG-fcd10f6fe6ef,magnetite,0,0,2,0.6680179238319397,0.09438010305166245,0.3765091598033905,0.460223525762558,0.06888720393180847
VTM-000912,DG-06fccb2adcda,magnetite,0,0,1,0.754689633846283,0.17396271228790283,0.41285428404808044,0.18593519926071167,0.22724783420562744
VTM-000915,DG-2e391d98d6b0,magnetite,0,0,0,0.9326552152633667,0.7214088439941406,0.165334090590477,0.031145278364419937,0.08211186528205872
VTM-000916,DG-c36987988ec5,magnetite,0,0,0,0.9354162216186523,0.7571748495101929,0.14791715145111084,0.01662185788154602,0.07828611135482788
VTM-000917,DG-7e4620e7d677,magnetite,0,0,2,0.6567882895469666,0.09414291381835938,0.2924799919128418,0.5110523104667664,0.10232475399971008
VTM-000919,DG-e093a55c5608,magnetite,0,0,3,0.8735982775688171,0.39388635754585266,0.1775902509689331,0.0069644032046198845,0.42155900597572327
VTM-000925,DG-7bde1cba2701,magnetite,0,0,0,0.9239068627357483,0.6167802214622498,0.18629586696624756,0.12630389630794525,0.07062002271413803
VTM-000926,DG-42e9164b4f2a,magnetite,0,0,0,0.9390489459037781,0.8430843353271484,0.10680520534515381,0.0032689133659005165,0.046841613948345184
VTM-000927,DG-2d91e78bf98a,magnetite,0,0,1,0.8759971261024475,0.3596528172492981,0.5615707635879517,0.010164299048483372,0.06861207634210587
VTM-000930,DG-a39cd1739153,magnetite,0,0,0,0.9356380701065063,0.770811915397644,0.07869692891836166,0.010796168819069862,0.13969500362873077
VTM-000931,DG-b8e13ca0cc72,magnetite,0,0,0,0.9400672316551208,0.8775157928466797,0.08297905325889587,0.007816184312105179,0.03168899938464165
VTM-000937,DG-0f89ce89ad6d,magnetite,0,0,1,0.8311014771461487,0.26663801074028015,0.4202282726764679,0.0858704149723053,0.22726328670978546
VTM-000940,DG-dcc3ee1f5386,magnetite,0,0,0,0.8981202244758606,0.48435384035110474,0.13337497413158417,0.08592886477708817,0.29634231328964233
VTM-000942,DG-ce8e860c69dd,magnetite,0,0,0,0.9267717599868774,0.6043769121170044,0.2723892033100128,0.021394647657871246,0.10183925181627274
VTM-000961,DG-e0491f2bf943,magnetite,0,0,1,0.908327579498291,0.45008161664009094,0.4986400604248047,0.012388374656438828,0.03888992592692375
VTM-000964,DG-bf33035fb162,magnetite,0,0,0,0.9388944506645203,0.841864824295044,0.10745283216238022,0.01060040295124054,0.04008190706372261
VTM-000966,DG-3901d27052ca,magnetite,0,0,0,0.9398243427276611,0.9017399549484253,0.05221019685268402,0.005314925219863653,0.04073489084839821
VTM-000969,DG-ce6c2900638e,magnetite,0,0,0,0.9290045499801636,0.6417258977890015,0.30525991320610046,0.009148512966930866,0.04386577010154724
VTM-000970,DG-444b324739f5,magnetite,0,0,0,0.8880571126937866,0.4420917332172394,0.1345399022102356,0.07239481061697006,0.35097357630729675
VTM-000973,DG-0b135def70f5,magnetite,0,0,0,0.9314168095588684,0.7288650274276733,0.05344158038496971,0.011673740111291409,0.20601966977119446
VTM-000975,DG-322e5cd29fe8,magnetite,0,0,0,0.9215516448020935,0.6071743965148926,0.070023313164711,0.12572699785232544,0.1970752626657486
VTM-000981,DG-7618d529f7f5,magnetite,0,0,1,0.6845951080322266,0.07115061581134796,0.528197169303894,0.38920652866363525,0.01144570391625166
VTM-000987,DG-903f97fc0367,magnetite,0,0,1,0.9034549593925476,0.4624534249305725,0.5094554424285889,0.011697021313011646,0.016394108533859253
VTM-000993,DG-fdfa7c7266b9,magnetite,0,0,1,0.818263053894043,0.23715028166770935,0.5005060434341431,0.11354205012321472,0.14880163967609406
VTM-000999,DG-d9cb3882af34,magnetite,0,0,0,0.9389160871505737,0.88254314661026,0.06630811840295792,0.0023709614761173725,0.04877781122922897
VTM-001012,DG-2c6dec8ca7f9,magnetite,0,0,1,0.6224402189254761,0.06737688183784485,0.35484811663627625,0.2763682007789612,0.3014068007469177
VTM-001019,DG-7bd1b6bc7ec6,magnetite,0,0,0,0.9330350160598755,0.7236928343772888,0.13556265830993652,0.014153660275042057,0.12659084796905518
VTM-001021,DG-5aa237ea1fa2,magnetite,0,0,2,0.7594384551048279,0.2144685685634613,0.04861946031451225,0.5168098211288452,0.22010216116905212
VTM-001029,DG-9033b8dfa588,magnetite,0,0,0,0.9364933371543884,0.8008742332458496,0.08392538130283356,0.03251973167061806,0.08268065750598907
VTM-001040,DG-c6c321e98c34,magnetite,0,0,0,0.8632529377937317,0.3456761837005615,0.2741174101829529,0.1841808557510376,0.1960255354642868
VTM-001041,DG-e50d9188d429,magnetite,0,0,1,0.9081401824951172,0.466754674911499,0.4890647530555725,0.010731915012001991,0.03344867378473282
VTM-001042,DG-c37b534b6448,magnetite,0,0,1,0.7322791814804077,0.04201168939471245,0.9508327841758728,0.004230491351336241,0.0029250457882881165
VTM-001048,DG-294a75101264,magnetite,0,0,1,0.8831602334976196,0.40941956639289856,0.41542014479637146,0.1572772115468979,0.017883051186800003
VTM-001049,DG-fd9699cff34d,magnetite,0,0,1,0.8220073580741882,0.27346569299697876,0.36926889419555664,0.2280651479959488,0.12920023500919342
VTM-001056,DG-ba5ec5b88c08,magnetite,0,0,1,0.759539008140564,0.10998579859733582,0.7871262431144714,0.018037481233477592,0.08485043048858643
VTM-001057,DG-21ea50fc5028,magnetite,0,0,0,0.9303902983665466,0.6673336625099182,0.260873019695282,0.041592516005039215,0.030200812965631485
VTM-001067,DG-f54efc24a0ef,magnetite,0,0,0,0.9282695055007935,0.6646227240562439,0.09923877567052841,0.039364058524370193,0.19677448272705078
VTM-001069,DG-062abef62047,magnetite,0,0,1,0.8348755836486816,0.25570881366729736,0.7173986434936523,0.008696449920535088,0.018196038901805878
VTM-001070,DG-02185085c8ae,magnetite,0,0,1,0.8242964744567871,0.2170506715774536,0.6326818466186523,0.02091139554977417,0.12935608625411987
VTM-001071,DG-87a01d60685b,magnetite,0,0,0,0.9157417416572571,0.5503165125846863,0.14745838940143585,0.04848036170005798,0.2537447214126587
VTM-001080,DG-2ced1c21c3c2,magnetite,0,0,0,0.9383105635643005,0.842032790184021,0.047335993498563766,0.0008566867327317595,0.10977447032928467
VTM-001084,DG-0e9d9a99571e,magnetite,0,0,0,0.9388753175735474,0.8295538425445557,0.14596328139305115,0.00430737528949976,0.020175568759441376
VTM-001090,DG-42ea8e76a008,magnetite,0,0,0,0.8628087639808655,0.40386515855789185,0.1165403351187706,0.13336214423179626,0.34623244404792786
VTM-001095,DG-caaccc43116b,magnetite,0,0,0,0.9389795064926147,0.8667173385620117,0.05762983113527298,0.027588162571191788,0.04806460812687874
VTM-001101,DG-308848cdb01d,magnetite,0,0,1,0.8884090781211853,0.37212640047073364,0.42708921432495117,0.04753553122282028,0.1532488763332367
VTM-001103,DG-48b1b8c499c8,magnetite,0,0,1,0.8682152628898621,0.3151237964630127,0.48552846908569336,0.08010964095592499,0.11923808604478836
VTM-001105,DG-a4f589be876a,magnetite,0,0,0,0.9323043823242188,0.6995301842689514,0.17475220561027527,0.0033143998589366674,0.12240324914455414
VTM-001106,DG-875f97ea9cfa,magnetite,0,0,1,0.8996024131774902,0.453126460313797,0.4898468852043152,0.0088769206777215,0.04814973101019859
VTM-001107,DG-ceb789ebbe88,magnetite,0,0,0,0.8782338500022888,0.3979235291481018,0.17064963281154633,0.25374409556388855,0.1776827573776245
VTM-001111,DG-25ca3871af31,magnetite,0,0,1,0.835919201374054,0.24780169129371643,0.636442244052887,0.024493781849741936,0.09126230329275131
VTM-001113,DG-301aafd99b38,magnetite,0,0,0,0.895003080368042,0.4263373911380768,0.32959431409835815,0.13742639124393463,0.10664191097021103
VTM-001120,DG-0dacad7f7ee9,magnetite,0,0,2,0.5577844381332397,0.013031634502112865,0.2555919587612152,0.7263702750205994,0.005006091203540564
VTM-001130,DG-c5a6af6065c0,magnetite,0,0,1,0.6484264731407166,0.05193287506699562,0.5939039587974548,0.187981978058815,0.16618119180202484
VTM-001143,DG-32261429f75b,magnetite,0,0,0,0.9139474034309387,0.5645471215248108,0.0896436795592308,0.10526830703020096,0.24054090678691864
VTM-001152,DG-b4000b2fa9fc,magnetite,0,0,0,0.9168117046356201,0.531006932258606,0.37178102135658264,0.03286290168762207,0.06434918940067291
VTM-001156,DG-634890ede108,magnetite,0,0,0,0.9346984028816223,0.7290675640106201,0.1707853376865387,0.03284237161278725,0.06730471551418304
VTM-001158,DG-1de4dc8fec97,magnetite,0,0,1,0.8927093744277954,0.4241890013217926,0.5515943169593811,0.015435620211064816,0.008781113661825657
VTM-001161,DG-c57e59035121,magnetite,0,0,0,0.9200999140739441,0.5862987041473389,0.3466598689556122,0.0424833670258522,0.02455809712409973
VTM-001165,DG-2f609435c786,magnetite,0,0,1,0.7929576635360718,0.18165943026542664,0.5786521434783936,0.028776872903108597,0.2109115719795227
VTM-001166,DG-ff39aa7ef84a,magnetite,0,0,0,0.9405894875526428,0.9412528276443481,0.036641672253608704,0.00828625913709402,0.013819187879562378
VTM-001175,DG-fdd72133346b,magnetite,0,0,3,0.5401957631111145,0.01858195662498474,0.02823738381266594,0.026079844683408737,0.9271008372306824
VTM-001181,DG-cd17d016b4ae,magnetite,0,0,3,0.6837056279182434,0.13579773902893066,0.05872746556997299,0.11179399490356445,0.6936807632446289
VTM-001188,DG-f6f8d37839ed,magnetite,0,0,3,0.7700733542442322,0.22056809067726135,0.17818821966648102,0.24352464079856873,0.3577190637588501
VTM-001193,DG-be73f8e30ba1,magnetite,0,0,0,0.9404508471488953,0.9709440469741821,0.009683324955403805,0.002456242684274912,0.016916334629058838
VTM-001194,DG-d745a36f7dc6,magnetite,0,0,1,0.6171730756759644,0.001097590196877718,0.9441478252410889,0.013496482744812965,0.04125812277197838
VTM-001200,DG-99702ce55314,magnetite,0,0,0,0.9392256140708923,0.8507593870162964,0.06835158169269562,0.02470443584024906,0.05618459731340408
VTM-001202,DG-adfa41dcb198,magnetite,0,0,0,0.939612627029419,0.8770660758018494,0.07510585337877274,0.004257371183484793,0.04357077181339264
VTM-001203,DG-7c411471435c,magnetite,0,0,0,0.9401755332946777,0.9251571893692017,0.06587612628936768,0.003773685311898589,0.005192938726395369
VTM-001205,DG-6c53e1e8d2d1,magnetite,0,0,0,0.9386081695556641,0.8527904152870178,0.05875234678387642,0.03391571715474129,0.05454151704907417
VTM-001206,DG-1b0ed4f60c4e,magnetite,0,0,1,0.8073472380638123,0.19779659807682037,0.5739151835441589,0.1560053825378418,0.07228285819292068
VTM-001208,DG-85edd83dff71,magnetite,0,0,0,0.9376137256622314,0.7990280985832214,0.1528143584728241,0.020909976214170456,0.027247579768300056
VTM-001211,DG-d3bcaed802ae,magnetite,0,0,0,0.9339134693145752,0.7732265591621399,0.03878732770681381,0.00902391318231821,0.17896227538585663
VTM-001212,DG-993fdf7feb7f,magnetite,0,0,0,0.9400124549865723,0.9419261813163757,0.00935455784201622,0.0010884554358199239,0.04763079807162285
VTM-001213,DG-c08d45836fcd,magnetite,0,0,1,0.7345917224884033,0.07532362639904022,0.8141575455665588,0.07365570217370987,0.03686314821243286
VTM-001220,DG-b6e02e6a5f5e,magnetite,0,0,3,0.5849238634109497,0.04567438364028931,0.01714140921831131,0.02863454632461071,0.9085496664047241
VTM-001233,DG-6c42bba1681b,magnetite,0,0,2,0.7050212025642395,0.15319964289665222,0.17179878056049347,0.5353560447692871,0.1396455317735672
VTM-001238,DG-cc1498d4b189,magnetite,0,0,0,0.9308101534843445,0.7016107439994812,0.1347205489873886,0.13195474445819855,0.03171398863196373
VTM-001242,DG-40ce2a937e56,magnetite,0,0,0,0.8728980422019958,0.3639066517353058,0.2075016051530838,0.12354832887649536,0.30504345893859863
VTM-001252,DG-77a24993f0c3,magnetite,0,0,0,0.9380715489387512,0.8038268685340881,0.16656240820884705,0.015293050557374954,0.01431763544678688
VTM-001253,DG-06bfd56e789a,magnetite,0,0,1,0.7587952017784119,0.11007241904735565,0.6889348030090332,0.026587190106511116,0.17440558969974518
VTM-001259,DG-0cea73103dae,magnetite,0,0,0,0.920890212059021,0.5496766567230225,0.4218467175960541,0.0027987267822027206,0.02567785605788231
VTM-001278,DG-83b2d732c7e4,magnetite,0,0,1,0.8967994451522827,0.41088688373565674,0.4782799482345581,0.019216427579522133,0.09161677956581116
VTM-001279,DG-1b3bc4362fe0,magnetite,0,0,1,0.8313114643096924,0.2343757003545761,0.7459128499031067,0.0034477084409445524,0.016263801604509354
VTM-001297,DG-8c0c76db7f0b,magnetite,0,0,0,0.9371707439422607,0.7613966464996338,0.12921756505966187,0.0036273812875151634,0.1057584211230278
VTM-001305,DG-ad49a9cbae05,magnetite,0,0,0,0.8940395712852478,0.4258398115634918,0.2265433669090271,0.10455648601055145,0.24306036531925201
VTM-001311,DG-1936b5493f0b,magnetite,0,0,1,0.8020721673965454,0.1675640344619751,0.6694022417068481,0.12931481003761292,0.03371888026595116
VTM-001314,DG-b7f859fcb495,magnetite,0,0,2,0.7918466925621033,0.2370939701795578,0.021296001970767975,0.44983381032943726,0.29177621006965637
VTM-001316,DG-b041bd5a4223,magnetite,0,0,0,0.940596878528595,0.9685602188110352,0.017708670347929,0.004549648147076368,0.009181469678878784
VTM-001320,DG-ca6a621c508b,magnetite,0,0,0,0.907619297504425,0.4985278844833374,0.1840461939573288,0.04519098252058029,0.2722349464893341
VTM-001321,DG-e7411971efd2,magnetite,0,0,1,0.8929721713066101,0.3969652056694031,0.5337446928024292,0.026043958961963654,0.04324617236852646
VTM-001327,DG-642c9a4e12c8,magnetite,0,0,0,0.8931824564933777,0.46288159489631653,0.13633160293102264,0.040287405252456665,0.36049947142601013
VTM-001328,DG-a9437641f549,magnetite,0,0,1,0.6295466423034668,0.006668593734502792,0.8588540554046631,0.10298988223075867,0.031487397849559784
VTM-001330,DG-cb2866ff68c8,magnetite,0,0,1,0.6799646019935608,0.030312055721879005,0.8045833110809326,0.09568140655755997,0.069423146545887
VTM-001334,DG-a4546bbfbf01,magnetite,0,0,1,0.8216753602027893,0.24977442622184753,0.7153022289276123,0.016474556177854538,0.018448827788233757
VTM-001335,DG-72c75b0d27f5,magnetite,0,0,0,0.9124035239219666,0.5049991011619568,0.3572593629360199,0.0692639946937561,0.06847761571407318
VTM-001338,DG-05fbe6d202fc,magnetite,0,0,0,0.9313592910766602,0.7080451250076294,0.21836698055267334,0.03943904861807823,0.03414885699748993
VTM-001339,DG-ed71d5eca4be,magnetite,0,0,0,0.9404633045196533,0.9321370720863342,0.05432068556547165,0.00686585484072566,0.006676370278000832
VTM-001344,DG-81a4fee94b84,magnetite,0,0,0,0.9344208240509033,0.7086624503135681,0.25380128622055054,0.001146714435890317,0.036389514803886414
VTM-001345,DG-dc02ff5add68,magnetite,0,0,0,0.8538817763328552,0.33265137672424316,0.25986579060554504,0.19504323601722717,0.21243953704833984
VTM-001349,DG-3419ff8591dc,magnetite,0,0,3,0.6818963289260864,0.13811232149600983,0.03547636792063713,0.15506699681282043,0.6713443398475647
VTM-001358,DG-dc86d652d8d5,magnetite,0,0,1,0.8009917736053467,0.21382172405719757,0.39580363035202026,0.12462317943572998,0.265751451253891
VTM-001360,DG-06e482e4a9b5,magnetite,0,0,2,0.4821752905845642,0.011439274996519089,0.20970900356769562,0.6306872367858887,0.1481645405292511
VTM-001366,DG-0df11cb7037f,magnetite,0,0,0,0.937637984752655,0.8351931571960449,0.03759559616446495,0.020566249266266823,0.10664501786231995
VTM-001373,DG-1e43abaf49da,magnetite,0,0,1,0.7613785862922668,0.14693577587604523,0.6220032572746277,0.10730235278606415,0.12375860661268234
VTM-001378,DG-28273d8c2e74,magnetite,0,0,0,0.9268699884414673,0.6451276540756226,0.17396028339862823,0.026459360495209694,0.15445271134376526
VTM-001379,DG-09f401514ecd,magnetite,0,0,2,0.8063167333602905,0.24323201179504395,0.2725067734718323,0.3592609465122223,0.12500029802322388
VTM-001401,DG-153fe14c9b29,magnetite,0,0,1,0.8431358337402344,0.2761731445789337,0.5643686652183533,0.12790200114250183,0.031556155532598495
VTM-001407,DG-4fa6df91d021,magnetite,0,0,0,0.9372634291648865,0.7953607439994812,0.14814940094947815,0.03317632898688316,0.023313570767641068
VTM-001411,DG-691f76272560,magnetite,0,0,1,0.8315901160240173,0.2542728781700134,0.6226640343666077,0.052745118737220764,0.07031796872615814
VTM-001412,DG-9300491d708f,magnetite,0,0,0,0.9402744770050049,0.9329493641853333,0.052664585411548615,0.00565854599699378,0.008727484382689
VTM-001422,DG-4951c0589100,magnetite,0,0,1,0.8036013245582581,0.19459091126918793,0.6352437734603882,0.10434657335281372,0.06581876426935196
VTM-001427,DG-8e08059bd85d,magnetite,0,0,1,0.8448923230171204,0.27887097001075745,0.6991187334060669,0.006378503516316414,0.015631845220923424
VTM-001435,DG-ead9dd3dd581,magnetite,0,0,2,0.7278814315795898,0.17342519760131836,0.19457432627677917,0.4557538628578186,0.17624656856060028
VTM-001436,DG-7b12906d788f,magnetite,0,0,0,0.9351990222930908,0.7385729551315308,0.10588568449020386,0.053797267377376556,0.10174412280321121
VTM-001438,DG-7255a46e94a7,magnetite,0,0,0,0.9396170377731323,0.9057559370994568,0.05296381562948227,0.003520260564982891,0.03775988891720772
VTM-001441,DG-b8b2c4f178aa,magnetite,0,0,1,0.7491355538368225,0.08407415449619293,0.8252634406089783,0.042798206210136414,0.047864269465208054
VTM-001450,DG-0e4c4508a46c,magnetite,0,0,1,0.8041117787361145,0.1698770672082901,0.6965209245681763,0.0015023136511445045,0.13209973275661469
VTM-001457,DG-42ecb1464c64,magnetite,0,0,0,0.8938962817192078,0.4356800615787506,0.3919430673122406,0.12689480185508728,0.04548206180334091
VTM-001462,DG-808d97578000,magnetite,0,0,1,0.8560593128204346,0.32375600934028625,0.550061047077179,0.075360007584095,0.050822917371988297
VTM-001466,DG-43f42fac07e9,magnetite,0,0,0,0.9091222286224365,0.5032325983047485,0.2382546067237854,0.013191537000238895,0.24532131850719452
VTM-001467,DG-6ca2ae245829,magnetite,0,0,1,0.7719943523406982,0.12337993830442429,0.784787654876709,0.011331995949149132,0.08050042390823364
VTM-001480,DG-79909d5f8fc7,magnetite,0,0,0,0.9007205963134766,0.49094197154045105,0.07763238251209259,0.13728131353855133,0.2941443622112274
VTM-001488,DG-4bb523166eaa,magnetite,0,0,0,0.9155972599983215,0.5258044600486755,0.2229827493429184,0.048453785479068756,0.20275893807411194
VTM-001492,DG-1dca19335664,magnetite,0,0,0,0.9332690834999084,0.718259334564209,0.13279572129249573,0.010835699737071991,0.1381092071533203
VTM-001495,DG-18d9d165cd74,magnetite,0,0,1,0.6343600153923035,0.043796978890895844,0.6292946338653564,0.1752478927373886,0.1516604721546173
VTM-001497,DG-58104a6ef56a,magnetite,0,0,2,0.5869848132133484,0.07366855442523956,0.07299017906188965,0.562587559223175,0.29075366258621216
VTM-001498,DG-7843e4ee19c4,magnetite,0,0,1,0.7374687790870667,0.06277383863925934,0.920782208442688,0.01208274345844984,0.004361185245215893
VTM-001501,DG-c0b8914f591f,magnetite,0,0,0,0.9147149920463562,0.5542529225349426,0.2818872034549713,0.11288195848464966,0.05097794532775879
VTM-001502,DG-4731480706ec,magnetite,0,0,1,0.8687281012535095,0.34469518065452576,0.5860852599143982,0.042187873274087906,0.027031781151890755
VTM-001505,DG-0734caba8ba3,magnetite,0,0,0,0.921269953250885,0.5573639869689941,0.3695584237575531,0.01316220872104168,0.059915367513895035
VTM-001522,DG-0d493dc0202b,magnetite,0,0,0,0.9390760064125061,0.854019045829773,0.13540580868721008,0.00905147660523653,0.0015236479230225086
VTM-001527,DG-6d1b32b7d8e6,magnetite,0,0,3,0.6813675761222839,0.12429194152355194,0.10026388615369797,0.10132112354040146,0.6741230487823486
VTM-001529,DG-c875743d382f,magnetite,0,0,1,0.7139433026313782,0.025224147364497185,0.9462054967880249,0.017517782747745514,0.011052539572119713
VTM-001539,DG-9043a7af155d,magnetite,0,0,0,0.8942607045173645,0.513526976108551,0.03202443569898605,0.014475769363343716,0.439972847700119
VTM-001540,DG-8e35d0435c17,magnetite,0,0,1,0.8968307971954346,0.40068602561950684,0.4546699523925781,0.022596996277570724,0.1220470443367958
VTM-001541,DG-42d7049a2254,magnetite,0,0,0,0.9311320781707764,0.7101959586143494,0.046569645404815674,0.013501226902008057,0.2297331988811493
VTM-001542,DG-5d9bb0931076,magnetite,0,0,2,0.7768439650535583,0.22368869185447693,0.12189304828643799,0.4114096462726593,0.24300861358642578
VTM-001546,DG-2f854626f3fb,magnetite,0,0,1,0.6537310481071472,0.01984434574842453,0.826249361038208,0.04881257563829422,0.10509376227855682
VTM-001550,DG-895bc6badd0a,magnetite,0,0,0,0.9407321214675903,0.9209285378456116,0.07286153733730316,0.0012171886628493667,0.004992719739675522
VTM-001551,DG-05595eff1ad3,magnetite,0,0,0,0.9277249574661255,0.6361939907073975,0.31602421402931213,0.008095082826912403,0.0396866500377655
VTM-001557,DG-e2a79cf12a7b,magnetite,0,0,0,0.9351210594177246,0.7335771322250366,0.20349793136119843,0.025784920901060104,0.037139978259801865
VTM-001566,DG-f945f9ea2c9d,magnetite,0,0,0,0.9285040497779846,0.7055928111076355,0.02928711473941803,0.013686446473002434,0.25143367052078247
VTM-001571,DG-eee01346f14d,magnetite,0,0,3,0.5442611575126648,0.031585101038217545,0.14809077978134155,0.04167502745985985,0.778649091720581
VTM-001572,DG-37e9c947ddda,magnetite,0,0,3,0.5505396723747253,0.025433652102947235,0.06425707042217255,0.042424269020557404,0.8678850531578064
VTM-001573,DG-870586b0725b,magnetite,0,0,0,0.9323433041572571,0.6882436275482178,0.2972696125507355,0.008727495558559895,0.005759305786341429
VTM-001577,DG-d7517209d587,magnetite,0,0,1,0.7914028167724609,0.17080236971378326,0.5677893757820129,0.12988026440143585,0.13152794539928436
VTM-001590,DG-53944a1a1fc4,magnetite,0,0,0,0.9198776483535767,0.5694228410720825,0.3133620619773865,0.0385337769985199,0.07868130505084991
VTM-001594,DG-a4c62bed652d,magnetite,0,0,0,0.9331532120704651,0.722689151763916,0.17588813602924347,0.0331929475069046,0.06822974234819412
VTM-001606,DG-f2b0d8788c86,magnetite,0,0,0,0.9250197410583496,0.6119498610496521,0.362246572971344,0.02107522077858448,0.004728315398097038
VTM-001608,DG-c12cc4bec9e4,magnetite,0,0,0,0.940180242061615,0.9099830389022827,0.06342683732509613,0.006827860604971647,0.019762251526117325
VTM-001610,DG-d76cae0825a8,magnetite,0,0,0,0.9387733340263367,0.8542496562004089,0.14013397693634033,0.0011219371808692813,0.004494399763643742
VTM-001613,DG-9ea805a5c9d8,magnetite,0,0,0,0.9352282881736755,0.7820727825164795,0.20226626098155975,0.0037483423948287964,0.011912682093679905
VTM-001619,DG-8a235f0d54a4,magnetite,0,0,1,0.8012968301773071,0.1746201515197754,0.739428699016571,0.04038754105567932,0.04556357488036156
VTM-001624,DG-82e1ce080808,magnetite,0,0,0,0.8811230063438416,0.41162577271461487,0.12120236456394196,0.26232922077178955,0.20484262704849243
VTM-001629,DG-b771911d1db9,magnetite,0,0,3,0.5716940760612488,0.023183584213256836,0.019562846049666405,0.16634710133075714,0.7909064292907715
VTM-001631,DG-42529c9edd64,magnetite,0,0,1,0.8000893592834473,0.18852853775024414,0.5744755268096924,0.07981351763010025,0.15718238055706024
VTM-001640,DG-4a796e8d031b,magnetite,0,0,1,0.9000512361526489,0.4467373490333557,0.5485587120056152,0.0022750881034880877,0.002428805222734809
VTM-001642,DG-0cd61033186c,magnetite,0,0,1,0.8013964295387268,0.1890070140361786,0.719138503074646,0.07647277414798737,0.01538173295557499
VTM-001652,DG-0ded931af025,magnetite,0,0,1,0.8675363659858704,0.3490285277366638,0.4257790446281433,0.1852177083492279,0.03997473791241646
VTM-001656,DG-cae810603d55,magnetite,0,0,0,0.9278897047042847,0.6479126811027527,0.09242148697376251,0.1597444862127304,0.0999213457107544
VTM-001660,DG-d3caffd4d715,magnetite,0,0,0,0.937857985496521,0.8377779722213745,0.10376899689435959,0.009272339753806591,0.04918063431978226
VTM-001663,DG-9659592b06c2,magnetite,0,0,0,0.9116407036781311,0.5393106341362,0.12890096008777618,0.01589677855372429,0.3158916234970093
VTM-001690,DG-b0fe7cb99124,titanomagnetite,0,0,0,0.9393875002861023,0.8813707828521729,0.08201558142900467,0.016913769766688347,0.019699767231941223
VTM-001694,DG-97f74c72b5b7,titanomagnetite,0,0,0,0.9301057457923889,0.6546146869659424,0.26264163851737976,0.03932851180434227,0.04341527447104454
VTM-001696,DG-cd596e924528,titanomagnetite,0,0,0,0.9404433369636536,0.963317334651947,0.01005294919013977,0.002213879954069853,0.02441583015024662
VTM-001697,DG-a84937488bab,titanomagnetite,0,0,0,0.9358894228935242,0.7311831712722778,0.19839975237846375,0.007841077633202076,0.06257595121860504
VTM-001698,DG-181b7f3e8822,titanomagnetite,0,0,0,0.8791590929031372,0.4620386064052582,0.06301385164260864,0.03905387595295906,0.4358936846256256
VTM-001709,DG-5667dcfe048e,calcite,0,2,2,0.4740673303604126,0.0007967469282448292,0.040837012231349945,0.9555776119232178,0.002788602840155363
VTM-001726,DG-5043e5f0b3db,calcite,0,2,2,0.4795290529727936,0.0023338189348578453,0.0870058536529541,0.9032270908355713,0.007433304563164711
VTM-001729,DG-5635cbf5730b,calcite,0,2,2,0.43205130100250244,0.001981952227652073,0.04846378415822983,0.9157528281211853,0.03380144014954567
VTM-001731,DG-d2725a33a5d1,calcite,0,2,2,0.5582027435302734,0.03178059309720993,0.006177556701004505,0.7904717922210693,0.17157010734081268
VTM-001732,DG-591b08c9e873,calcite,0,2,2,0.5965023040771484,0.05650077760219574,0.06975436210632324,0.5056897401809692,0.3680551052093506
VTM-001741,DG-2884eda5c063,calcite,0,2,2,0.45832136273384094,0.0017396426992490888,0.022810807451605797,0.9660846590995789,0.009364927187561989
VTM-001744,DG-a3efb5ca3ae0,calcite,0,2,2,0.4800461232662201,0.00279264897108078,0.10155683755874634,0.8877530097961426,0.007897497154772282
VTM-001747,DG-58a2a7202e9b,calcite,0,2,2,0.44075536727905273,0.004017324186861515,0.05412963032722473,0.885499894618988,0.056353118270635605
VTM-001748,DG-bc566074a60f,calcite,0,2,2,0.5686359405517578,0.045018188655376434,0.11204589903354645,0.7977598905563354,0.04517601430416107
VTM-001758,DG-8cb62c9ac09f,calcite,0,2,2,0.5078936815261841,0.008615044876933098,0.038997478783130646,0.9455070495605469,0.006880380213260651
VTM-001765,DG-d9f0353a1d8a,calcite,0,2,2,0.4893534779548645,0.0007905178354121745,0.014343401417136192,0.9837237596511841,0.0011423340765759349
VTM-001770,DG-6c0ebc885248,calcite,0,2,2,0.530840277671814,0.031746845692396164,0.04955112189054489,0.8627574443817139,0.05594455078244209
VTM-001773,DG-8d30df6419c9,calcite,0,2,2,0.4418405592441559,0.0013930373825132847,0.00773056223988533,0.981642484664917,0.0092339888215065
VTM-001777,DG-ac56c77a4896,calcite,0,2,2,0.48913148045539856,0.0065099033527076244,0.22135184705257416,0.7569577693939209,0.015180476009845734
VTM-001778,DG-08bb995679af,calcite,0,2,2,0.44785359501838684,0.0006548174424096942,0.05175338685512543,0.9426959156990051,0.0048959217965602875
VTM-001784,DG-afafc051d015,calcite,0,2,2,0.4389997720718384,0.00018856226233765483,0.0034481543116271496,0.9932862520217896,0.003077002242207527
VTM-001793,DG-e71672adb788,calcite,0,2,2,0.46091774106025696,0.000878899241797626,0.07848994433879852,0.9171619415283203,0.0034692580811679363
VTM-001795,DG-bd288e4af5ab,calcite,0,2,2,0.4683670699596405,0.004856274463236332,0.28892838954925537,0.629583477973938,0.0766318067908287
VTM-001800,DG-887b6e4bf087,calcite,0,2,2,0.43927186727523804,0.0002922905841842294,0.005021892953664064,0.9926612973213196,0.002024516463279724
VTM-001801,DG-5ed230bcaeae,calcite,0,2,2,0.4796135425567627,0.008457491174340248,0.11618711054325104,0.8379511833190918,0.037404220551252365
VTM-001803,DG-287c6c8b574c,calcite,0,2,2,0.4728586971759796,0.0018582011107355356,0.010410437360405922,0.9840250611305237,0.003706310410052538
VTM-001810,DG-61f5809a780d,calcite,0,2,3,0.6337456107139587,0.08061540126800537,0.28045886754989624,0.26996955275535583,0.36895617842674255
VTM-001815,DG-fab154955a5a,calcite,0,2,2,0.45299458503723145,0.002988999243825674,0.030033249408006668,0.9532204866409302,0.013757191598415375
VTM-001830,DG-0ab0b9aba8e3,calcite,0,2,2,0.46517568826675415,0.002157710725441575,0.031439490616321564,0.9587993621826172,0.007603495381772518
VTM-001831,DG-31912d161108,calcite,0,2,2,0.4401550889015198,0.0005156603292562068,0.3827630877494812,0.5726461410522461,0.044075146317481995
VTM-001832,DG-fa7c30f8c349,calcite,0,2,2,0.6541715264320374,0.11130107939243317,0.08521213382482529,0.5594797134399414,0.24400705099105835
VTM-001835,DG-4b4f4e467f8a,calcite,0,2,2,0.5458753705024719,0.031775228679180145,0.035916782915592194,0.7969284057617188,0.1353796124458313
VTM-001839,DG-9a5c0c5a1717,calcite,0,2,2,0.5167492628097534,0.0014197125565260649,0.15880975127220154,0.8379709720611572,0.001799583318643272
VTM-001842,DG-c62fba3016f2,calcite,0,2,2,0.6730743646621704,0.12451668083667755,0.24191460013389587,0.5272592306137085,0.10630945861339569
VTM-001843,DG-f77f26be144c,calcite,0,2,2,0.5416491627693176,0.017806507647037506,0.09250513464212418,0.8776630759239197,0.012025333009660244
VTM-001844,DG-4f32288eacd1,calcite,0,2,1,0.620910108089447,0.012003999203443527,0.5929993987083435,0.3768245577812195,0.018172036856412888
VTM-001849,DG-55f6c7371d43,calcite,0,2,2,0.5796348452568054,0.06462065875530243,0.04387594014406204,0.5911798477172852,0.3003235161304474
VTM-001852,DG-54e91aeb86ea,calcite,0,2,2,0.41930460929870605,0.0013990006409585476,0.02431023120880127,0.9262739419937134,0.04801682382822037
VTM-001856,DG-d0ae9de522c3,calcite,0,2,2,0.4767542779445648,0.004886843264102936,0.030365262180566788,0.9572774767875671,0.007470431737601757
VTM-001861,DG-36af760283be,calcite,0,2,2,0.4240521490573883,0.00023703696206212044,0.0011619861470535398,0.9941214919090271,0.004479514434933662
VTM-001865,DG-a1eae64f6041,calcite,0,2,2,0.41200897097587585,5.190472074900754e-05,0.006241990253329277,0.9927918910980225,0.0009142231428995728
VTM-001867,DG-bb0c6c9154c2,calcite,0,2,2,0.4660121202468872,0.004484402947127819,0.03939465433359146,0.9402011632919312,0.015919849276542664
VTM-001868,DG-1a20fac9e758,calcite,0,2,2,0.5252853035926819,0.0024944061879068613,0.28252172470092773,0.711546778678894,0.003437052946537733
VTM-001871,DG-2afc41e00fc4,calcite,0,2,2,0.5487719178199768,0.02726052701473236,0.08658799529075623,0.8650609254837036,0.021090582013130188
VTM-001875,DG-082d60591008,calcite,0,2,1,0.53895503282547,0.007134875748306513,0.5269684791564941,0.4395398199558258,0.026356803253293037
VTM-001889,DG-3e55fcbac659,calcite,0,2,3,0.6713199019432068,0.12961532175540924,0.05419944226741791,0.30473592877388,0.5114492774009705
VTM-001895,DG-9858479a52dd,calcite,0,2,1,0.8137449622154236,0.24454174935817719,0.4173755645751953,0.05652104318141937,0.2815616726875305
VTM-001904,DG-79624400fc84,calcite,0,2,2,0.5124071836471558,0.0033683679066598415,0.07618635892868042,0.9178117513656616,0.0026335339061915874
VTM-001905,DG-3f2eab309b73,calcite,0,2,2,0.43504878878593445,0.0012541457545012236,0.012875502929091454,0.9357903599739075,0.05007992684841156
VTM-001908,DG-c402f65cd9d2,calcite,0,2,3,0.5987629294395447,0.04588682949542999,0.042942311614751816,0.08022505044937134,0.8309458494186401
VTM-001942,DG-5c736945e099,calcite,0,2,2,0.4552146792411804,0.0014028106816112995,0.01794569566845894,0.9741750359535217,0.006476459559053183
VTM-001951,DG-51ad9099a53f,calcite,0,2,2,0.42041459679603577,0.00011748448014259338,0.020155474543571472,0.9778056144714355,0.0019214259227737784
VTM-001954,DG-30341d03a931,calcite,0,2,2,0.5470229387283325,0.0057588061317801476,0.28761231899261475,0.6968071460723877,0.00982170645147562
VTM-001955,DG-3376dde08b37,calcite,0,2,1,0.6174002289772034,0.05576355755329132,0.428167462348938,0.4040817618370056,0.11198718845844269
VTM-001956,DG-cac2e6eb0f46,calcite,0,2,2,0.4416825473308563,0.0003694567421916872,0.005857883021235466,0.992178201675415,0.0015944242477416992
VTM-001958,DG-38c7067d021b,calcite,0,2,2,0.4634941518306732,0.008378755301237106,0.0914057046175003,0.8084650039672852,0.09175047278404236
VTM-001959,DG-7b3cde349dd2,calcite,0,2,2,0.49961745738983154,0.000996994785964489,0.04977595806121826,0.9478285312652588,0.0013985387049615383
VTM-001962,DG-cae5140d5d04,calcite,0,2,2,0.48225635290145874,0.002516841748729348,0.06044735014438629,0.9295893311500549,0.007446483708918095
VTM-001967,DG-91b97aea3daf,calcite,0,2,3,0.5357004404067993,0.02651902660727501,0.028083618730306625,0.05568275973200798,0.8897145986557007
VTM-001972,DG-87f47806a6ee,calcite,0,2,2,0.4247738718986511,0.00022466687369160354,0.004954569041728973,0.9925149083137512,0.0023058713413774967
VTM-001984,DG-89652f612d09,calcite,0,2,2,0.4716698229312897,0.009091947227716446,0.2650710344314575,0.6125342845916748,0.11330276727676392
VTM-001987,DG-2bd03ef1f80d,calcite,0,2,3,0.7193558216094971,0.17666330933570862,0.08161214739084244,0.24266859889030457,0.4990559220314026
VTM-001991,DG-898fe2810e90,calcite,0,2,2,0.5977290868759155,0.049507129937410355,0.06308285892009735,0.45478349924087524,0.43262651562690735
VTM-001995,DG-a819eca5f78b,calcite,0,2,2,0.5038887858390808,0.012422415427863598,0.012695550918579102,0.8809143304824829,0.0939677432179451
VTM-002001,DG-87e6b895d9f2,calcite,0,2,2,0.5838807821273804,0.0269031785428524,0.45473790168762207,0.45868802070617676,0.05967084690928459
VTM-002008,DG-d4a1091cab58,calcite,0,2,2,0.4886801242828369,0.011078376322984695,0.015825610607862473,0.8771311640739441,0.09596482664346695
VTM-002012,DG-74b63d2735cc,calcite,0,2,2,0.4370936155319214,0.0026518390513956547,0.0264822356402874,0.9217613935470581,0.049104515463113785
VTM-002013,DG-e759b87cec15,calcite,0,2,2,0.4568786323070526,0.0010624842252582312,0.08683937788009644,0.9088110327720642,0.003287095110863447
VTM-002019,DG-3271d47128c6,calcite,0,2,2,0.5542484521865845,0.04598837345838547,0.19653277099132538,0.5335164070129395,0.2239624559879303
VTM-002025,DG-bf2ebb1198da,calcite,0,2,0,0.8440528512001038,0.31470924615859985,0.1791931390762329,0.22617125511169434,0.2799263894557953
VTM-002032,DG-fbd9427b3bd6,calcite,0,2,2,0.5522196292877197,0.02805991843342781,0.03575660660862923,0.6466153860092163,0.28956812620162964
VTM-002033,DG-fb8b73e9eed1,calcite,0,2,2,0.5155320763587952,0.004233739338815212,0.01197749562561512,0.9794473648071289,0.004341377876698971
VTM-002046,DG-168ff7c2fa35,feldspar,0,2,2,0.4966678023338318,0.009269924834370613,0.014913879334926605,0.9557390213012695,0.020077209919691086
VTM-002052,DG-8c6229423a18,feldspar,0,2,0,0.9066588282585144,0.5236073136329651,0.02540983073413372,0.22644507884979248,0.22453773021697998
VTM-002053,DG-fd56db2790f4,feldspar,0,2,2,0.5516427159309387,0.03125773370265961,0.12751275300979614,0.8040084838867188,0.03722100704908371
VTM-002057,DG-69efed462ca5,feldspar,0,2,2,0.6970226764678955,0.15603208541870117,0.05849381536245346,0.6056864261627197,0.17978765070438385
VTM-002058,DG-92f5f13947b3,feldspar,0,2,1,0.6495647430419922,0.013103621080517769,0.8080369234085083,0.13007119297981262,0.048788219690322876
VTM-002061,DG-d8d5a8e4adc9,feldspar,0,2,2,0.46704280376434326,0.0019015083089470863,0.019632309675216675,0.9736893177032471,0.004776910878717899
VTM-002068,DG-a935bf04c969,feldspar,0,2,2,0.5112360715866089,0.0026706941425800323,0.07963681221008301,0.9143990874290466,0.003293372690677643
VTM-002073,DG-299d45bb53e3,feldspar,0,2,1,0.6467679142951965,0.04661303386092186,0.518162727355957,0.4020981192588806,0.033126138150691986
VTM-002077,DG-7b65be4b9679,feldspar,0,2,3,0.6757869720458984,0.13632553815841675,0.051423925906419754,0.16277283430099487,0.6494777202606201
VTM-002079,DG-2c4553d781e1,feldspar,0,2,0,0.9296096563339233,0.691713809967041,0.07565413415431976,0.03822879120707512,0.1944032907485962
VTM-002085,DG-93dd367747d7,feldspar,0,2,1,0.6532288789749146,0.038283735513687134,0.5756351351737976,0.33977562189102173,0.04630546644330025
VTM-002086,DG-a8a66cab92d9,feldspar,0,2,2,0.42007723450660706,0.0008129313355311751,0.006812848150730133,0.9189517498016357,0.07342249155044556
VTM-002091,DG-cfb5f2037272,feldspar,0,2,2,0.5769767761230469,0.04022626578807831,0.02779058925807476,0.5271114706993103,0.4048716425895691
VTM-002093,DG-41defb57d166,feldspar,0,2,2,0.5431958436965942,0.031850848346948624,0.04166647046804428,0.8860657215118408,0.04041697829961777
VTM-002096,DG-47a3decdba46,feldspar,0,2,0,0.8788882493972778,0.38585948944091797,0.1827392578125,0.284962922334671,0.1464383751153946
VTM-002105,DG-51d39850f9eb,feldspar,0,2,2,0.4283333122730255,0.0009636483737267554,0.015330260619521141,0.9599289894104004,0.023777101188898087
VTM-002106,DG-77e04d086838,feldspar,0,2,2,0.45996037125587463,0.00380812119692564,0.031172629445791245,0.9176412224769592,0.0473780632019043
VTM-002107,DG-ac7a6b0963f8,feldspar,0,2,2,0.48035019636154175,0.009658453986048698,0.026965564116835594,0.9460803866386414,0.017295576632022858
VTM-002113,DG-065892749628,feldspar,0,2,2,0.44978252053260803,0.00020276111899875104,0.004784535150974989,0.9938899278640747,0.0011228228686377406
VTM-002117,DG-20e63845d1c5,feldspar,0,2,2,0.48116379976272583,0.0015867489855736494,0.018053703010082245,0.9773670434951782,0.002992504509165883
VTM-002119,DG-f6cfc775e0f7,feldspar,0,2,2,0.5151989459991455,0.02141169272363186,0.035510577261447906,0.860650897026062,0.08242684602737427
VTM-002122,DG-e3fd0082ebbc,feldspar,0,2,2,0.48884469270706177,0.011804367415606976,0.10664835572242737,0.8675270080566406,0.014020256698131561
VTM-002125,DG-38ecb3b17658,feldspar,0,2,0,0.8743789196014404,0.37211984395980835,0.2641434967517853,0.22735469043254852,0.13638192415237427
VTM-002144,DG-d6dd4352276f,feldspar,0,2,2,0.45179784297943115,0.0018526483327150345,0.015533989295363426,0.9665396213531494,0.016073688864707947
VTM-002146,DG-b61f7916473e,feldspar,0,2,2,0.4547204375267029,0.0028169690631330013,0.1145542562007904,0.8605867624282837,0.02204200252890587
VTM-002160,DG-c721d9903034,feldspar,0,2,2,0.47389858961105347,0.010430486872792244,0.11552496254444122,0.8177206516265869,0.05632390081882477
VTM-002164,DG-ad735c7f337e,feldspar,0,2,2,0.4651498794555664,0.00466269813477993,0.04411892592906952,0.9362356662750244,0.014982698485255241
VTM-002168,DG-2e5c91a57bab,feldspar,0,2,0,0.9056644439697266,0.4571389853954315,0.19475802779197693,0.21772423386573792,0.13037872314453125
VTM-002181,DG-d7019067d0cc,feldspar,0,2,1,0.685431718826294,0.0018109815428033471,0.9440195560455322,0.05059364065527916,0.003575842594727874
VTM-002183,DG-2c21f60b687f,feldspar,0,2,2,0.5242132544517517,0.020489327609539032,0.038211312144994736,0.8356528878211975,0.10564647614955902
VTM-002187,DG-d31fa807352a,feldspar,0,2,2,0.4817238450050354,0.008933743461966515,0.3113967776298523,0.6145846247673035,0.06508490443229675
VTM-002196,DG-d9f272320af0,feldspar,0,2,2,0.5843113660812378,0.06309293210506439,0.04673895239830017,0.7886626720428467,0.10150544345378876
VTM-002202,DG-c04e2225b9a5,feldspar,0,2,2,0.4890998899936676,0.0019979532808065414,0.012971303425729275,0.9836139678955078,0.0014168373309075832
VTM-002203,DG-8a634a985fbb,feldspar,0,2,2,0.43177688121795654,0.000768060446716845,0.03031649813055992,0.9610062837600708,0.00790918618440628
VTM-002211,DG-59bf77a1bee2,feldspar,0,2,2,0.45833441615104675,0.005439722910523415,0.09048998355865479,0.8651206493377686,0.038949549198150635
VTM-002235,DG-f481aeeafce1,feldspar,0,2,2,0.5583425760269165,0.03517218306660652,0.044842734932899475,0.8653209209442139,0.05466419458389282
VTM-002241,DG-bc19e24ff0e7,feldspar,0,2,2,0.7453370094299316,0.16987824440002441,0.29462021589279175,0.47433769702911377,0.06116384267807007
VTM-002246,DG-1323ace755bf,feldspar,0,2,2,0.43398863077163696,0.0017149753402918577,0.007632415741682053,0.9775733947753906,0.013079200871288776
VTM-002254,DG-51ad4def987b,feldspar,0,2,2,0.4213443994522095,0.000144720368552953,0.006108743138611317,0.9925656318664551,0.0011808909475803375
VTM-002257,DG-f048671a52b3,feldspar,0,2,2,0.46687716245651245,0.00881420448422432,0.05475117638707161,0.8911854028701782,0.04524918645620346
VTM-002267,DG-b6b3dc6cb54a,feldspar,0,2,2,0.5425997972488403,0.026440132409334183,0.3062155842781067,0.6329762935638428,0.03436799347400665
VTM-002269,DG-1c17ceac47ca,feldspar,0,2,2,0.5070322155952454,0.0013892140705138445,0.15893027186393738,0.8375245332717896,0.002155914669856429
VTM-002270,DG-20fd5166bb61,feldspar,0,2,2,0.5767480134963989,0.0580906867980957,0.19444537162780762,0.7147306799888611,0.032733283936977386
VTM-002271,DG-ffa5569ffcfd,feldspar,0,2,2,0.4709540009498596,0.008477669209241867,0.04512730985879898,0.9225667715072632,0.02382827177643776
VTM-002272,DG-8ee7a09610fa,feldspar,0,2,3,0.48381829261779785,0.008926110342144966,0.15080928802490234,0.2408437579870224,0.5994209051132202
VTM-002275,DG-9db1cdeffbcd,feldspar,0,2,2,0.45086076855659485,0.0009733362821862102,0.026950262486934662,0.9680567979812622,0.004019605927169323
VTM-002277,DG-35824c2ee6e2,feldspar,0,2,2,0.5106228590011597,0.00822374876588583,0.10068519413471222,0.8839205503463745,0.007170477882027626
VTM-002290,DG-3961b2f3475e,feldspar,0,2,1,0.6251583099365234,0.04780622944235802,0.5239176154136658,0.35228604078292847,0.07599010318517685
VTM-002293,DG-100441ccbb89,feldspar,0,2,2,0.44556862115859985,0.0010366049828007817,0.011414722539484501,0.9827138781547546,0.00483480840921402
VTM-002304,DG-d300e922c382,feldspar,0,2,2,0.46795958280563354,0.004868120886385441,0.026266049593687057,0.9374008178710938,0.0314650759100914
VTM-002305,DG-389c57060916,feldspar,0,2,2,0.45131567120552063,0.0076624806970357895,0.07610419392585754,0.5948799848556519,0.32135337591171265
VTM-002307,DG-dd9a8c5d9f57,feldspar,0,2,2,0.4492185413837433,0.0034387779887765646,0.031087370589375496,0.938003659248352,0.02747022733092308
VTM-002317,DG-c4186ede5ac8,feldspar,0,2,2,0.45075565576553345,0.0057196537964046,0.23792973160743713,0.5509467124938965,0.20540383458137512
VTM-002319,DG-096e6302dea3,feldspar,0,2,2,0.42984387278556824,0.000249767821514979,0.0016942464280873537,0.99428391456604,0.0037720385007560253
VTM-002320,DG-cca48b4243d0,feldspar,0,2,2,0.43318259716033936,0.0005248213419690728,0.04509557783603668,0.9497203826904297,0.004659231752157211
VTM-002324,DG-e24f2813b7f9,feldspar,0,2,2,0.4578479528427124,0.0017994221998378634,0.00649764109402895,0.9862509965896606,0.0054519642144441605
VTM-002327,DG-aa1a9a0b233e,feldspar,0,2,2,0.5886518359184265,0.060682035982608795,0.035185571759939194,0.8397185802459717,0.06441381573677063
VTM-002334,DG-856685443b2c,feldspar,0,2,2,0.4180661737918854,0.0009035986149683595,0.007633461616933346,0.9726126194000244,0.01885038986802101
VTM-002339,DG-1a583f6c95e0,feldspar,0,2,2,0.450804203748703,0.0009897028794512153,0.005032974760979414,0.9904346466064453,0.0035425350069999695
VTM-002345,DG-b851572a511e,feldspar,0,2,2,0.43043702840805054,0.0005352385342121124,0.011455999687314034,0.9814558625221252,0.006552870385348797
VTM-002350,DG-44cb49f4c0db,fluorapatite,0,2,2,0.458126425743103,0.0034132287837564945,0.07828488945960999,0.8916077613830566,0.026694128289818764
VTM-002356,DG-f28cda30033c,fluorapatite,0,2,2,0.48759546875953674,0.014855979010462761,0.1168849766254425,0.8253203630447388,0.0429387092590332
VTM-002360,DG-632a18d12072,fluorapatite,0,2,1,0.6086517572402954,0.011301089078187943,0.6706297397613525,0.27696484327316284,0.0411042794585228
VTM-002363,DG-4d61e2e8c9ea,fluorapatite,0,2,2,0.45869550108909607,0.00188720622099936,0.19576269388198853,0.7933540344238281,0.00899607315659523
VTM-002376,DG-6990fca3f9fd,fluorapatite,0,2,2,0.4516410827636719,0.005542841739952564,0.13046306371688843,0.7691346406936646,0.09485945105552673
VTM-002377,DG-4949a603ee5a,fluorapatite,0,2,2,0.49005967378616333,0.0006929164519533515,0.07549504190683365,0.9219788312911987,0.0018332396866753697
VTM-002378,DG-cbe3f5d12560,fluorapatite,0,2,2,0.5105046033859253,0.028208967298269272,0.15155428647994995,0.6407597064971924,0.1794770210981369
VTM-002379,DG-7f8c0c5a6496,fluorapatite,0,2,2,0.44864603877067566,0.00048183207400143147,0.04895368218421936,0.9486058354377747,0.00195862865075469
VTM-002381,DG-43040ae5be38,fluorapatite,0,2,2,0.6765115857124329,0.11814385652542114,0.2387010157108307,0.5174692869186401,0.1256859004497528
VTM-002384,DG-0980dea5bbcb,fluorapatite,0,2,2,0.5638608932495117,0.06004638969898224,0.11375412344932556,0.5760560035705566,0.25014349818229675
VTM-002399,DG-c45b552351d5,fluorapatite,0,2,2,0.4916200339794159,0.013118484988808632,0.19136032462120056,0.7474960088729858,0.04802509769797325
VTM-002402,DG-d0393f4f6983,fluorapatite,0,2,3,0.7572144269943237,0.20316487550735474,0.2390270233154297,0.1422121822834015,0.4155959188938141
VTM-002406,DG-a52784f671eb,fluorapatite,0,2,1,0.5887461304664612,0.019062643870711327,0.5586856007575989,0.36637967824935913,0.055872052907943726
VTM-002409,DG-0fd392a51bf0,fluorapatite,0,2,2,0.5141645669937134,0.0221870057284832,0.09776532649993896,0.8082889318466187,0.07175872474908829
VTM-002411,DG-aa3adabce6ec,fluorapatite,0,2,2,0.6053978204727173,0.0728510320186615,0.06431098282337189,0.44653886556625366,0.41629910469055176
VTM-002419,DG-2e0b86d9ee85,fluorapatite,0,2,2,0.4688553512096405,0.0015690766740590334,0.1957932710647583,0.7955760955810547,0.007061582989990711
VTM-002426,DG-70ae871f721c,fluorapatite,0,2,2,0.6196824312210083,0.05479110777378082,0.338750958442688,0.5548709630966187,0.05158698558807373
VTM-002429,DG-8205ac659861,fluorapatite,0,2,2,0.48257172107696533,0.0032197260297834873,0.020153695717453957,0.9683749675750732,0.008251620456576347
VTM-002433,DG-fbaa772afdb1,fluorapatite,0,2,2,0.43149057030677795,0.00014715518045704812,0.003377064596861601,0.9948863983154297,0.0015894182724878192
VTM-002435,DG-e579e6d2957d,fluorapatite,0,2,2,0.42509031295776367,0.0006564394570887089,0.011894583702087402,0.9771937131881714,0.010255316272377968
VTM-002438,DG-86d5432fe9c6,fluorapatite,0,2,2,0.4867679178714752,0.001058231107890606,0.056939318776130676,0.9385480284690857,0.0034544230438768864
VTM-002443,DG-94c04c108a15,fluorapatite,0,2,2,0.4963555932044983,0.0006770400796085596,0.060411810874938965,0.9381358623504639,0.0007752181845717132
VTM-002444,DG-e64228a627d7,fluorapatite,0,2,2,0.5035812854766846,0.013706132769584656,0.33315718173980713,0.5378758907318115,0.11526083201169968
VTM-002446,DG-b686b2ab094b,fluorapatite,0,2,2,0.4358595013618469,0.0011186322662979364,0.027964327484369278,0.9643846750259399,0.00653239618986845
VTM-002449,DG-89eb6a8ca65b,fluorapatite,0,2,1,0.5271214842796326,0.01434321515262127,0.4240511953830719,0.41011834144592285,0.15148723125457764
VTM-002451,DG-c9f661bdfc44,fluorapatite,0,2,2,0.4479740560054779,0.0010601553367450833,0.26093631982803345,0.7218550443649292,0.01614852249622345
VTM-002465,DG-c6e686d5bace,fluorapatite,0,2,2,0.4358757436275482,0.00013955195026937872,0.005975693464279175,0.9921616911888123,0.001723028370179236
VTM-002467,DG-df56414c7ac1,fluorapatite,0,2,2,0.4896544814109802,0.00429100077599287,0.1253967583179474,0.8573634624481201,0.012948773801326752
VTM-002475,DG-9091fc6cb922,fluorapatite,0,2,2,0.549555242061615,0.0029237219132483006,0.3915494382381439,0.5997675657272339,0.005759304389357567
VTM-002477,DG-3cb38ff90f45,fluorapatite,0,2,2,0.45575836300849915,0.0003298000665381551,0.08625183254480362,0.9111210107803345,0.0022973865270614624
VTM-002482,DG-022e0ba12b56,fluorapatite,0,2,1,0.5419072508811951,0.013955344446003437,0.49517109990119934,0.21056893467903137,0.28030461072921753
VTM-002484,DG-b689aa9a20d4,fluorapatite,0,2,2,0.4141137897968292,0.0006465849000960588,0.20181427896022797,0.7221449613571167,0.07539425790309906
VTM-002488,DG-1fbba0246cb5,fluorapatite,0,2,2,0.5646477341651917,0.0392250195145607,0.012535667046904564,0.9293954372406006,0.018843859434127808
VTM-002501,DG-d2f3fad193f6,fluorapatite,0,2,2,0.41874900460243225,0.0007719181012362242,0.012313184328377247,0.9638690948486328,0.023045867681503296
VTM-002502,DG-691af9ea3c83,fluorapatite,0,2,2,0.48819422721862793,0.0018390074837952852,0.026238199323415756,0.9693278670310974,0.002594925230368972
VTM-002506,DG-df09e3ebcb22,fluorapatite,0,2,0,0.9334035515785217,0.7257236838340759,0.09838354587554932,0.01597181148827076,0.15992100536823273
VTM-002511,DG-acfa5bbc9fc2,fluorapatite,0,2,2,0.49402281641960144,0.0007099387003108859,0.017099134624004364,0.9805816411972046,0.0016092939767986536
VTM-002514,DG-6b354123b89f,fluorapatite,0,2,2,0.44732949137687683,0.00040979241020977497,0.1327456384897232,0.8620734214782715,0.004771069623529911
VTM-002518,DG-f17c54399b5a,fluorapatite,0,2,2,0.4547078609466553,0.0005466695292852819,0.012700757943093777,0.9831807017326355,0.0035718968138098717
VTM-002519,DG-429781daa88f,fluorapatite,0,2,2,0.5123217701911926,0.012964397668838501,0.014499597251415253,0.9521664381027222,0.02036954089999199
VTM-002525,DG-dabc93460fe3,fluorapatite,0,2,1,0.6271462440490723,0.027720294892787933,0.6768413186073303,0.13209101557731628,0.16334737837314606
VTM-002529,DG-aed4677afb88,fluorapatite,0,2,2,0.4504241347312927,0.004284316208213568,0.10312589257955551,0.7486326694488525,0.14395713806152344
VTM-002535,DG-4a0123fe1eb9,fluorapatite,0,2,2,0.510347843170166,0.020248640328645706,0.25192052125930786,0.6242380738258362,0.10359275341033936
VTM-002540,DG-0918bf701a82,fluorapatite,0,2,2,0.5018792748451233,0.00034909852547571063,0.00935699138790369,0.9897719621658325,0.0005219096783548594
VTM-002551,DG-b4df31af3ff3,fluorapatite,0,2,0,0.9401616454124451,0.9097808599472046,0.07426659017801285,0.008273068815469742,0.00767953135073185
VTM-002556,DG-8038caa5c793,fluorapatite,0,2,2,0.5281085968017578,0.007261077407747507,0.4265793263912201,0.53626549243927,0.029894119128584862
VTM-002559,DG-b40096cb2674,fluorapatite,0,2,2,0.4579962491989136,8.364475797861814e-05,0.022646790370345116,0.9768720865249634,0.00039753562305122614
VTM-002566,DG-da683ce1a5e0,fluorapatite,0,2,2,0.5585288405418396,0.011076136492192745,0.3531051278114319,0.6223154067993164,0.01350342109799385
VTM-002570,DG-06b7293c4bf4,fluorapatite,0,2,1,0.49427568912506104,0.002972251735627651,0.5157288312911987,0.3974766731262207,0.08382223546504974
VTM-002577,DG-a6dc8eb14bc3,fluorapatite,0,2,3,0.6642867922782898,0.12216423451900482,0.142353817820549,0.10975556075572968,0.6257263422012329
VTM-002580,DG-e3d751c5769d,fluorapatite,0,2,2,0.49619153141975403,0.008756832219660282,0.016919292509555817,0.9566632509231567,0.017660602927207947
VTM-002594,DG-173a6b0ad21a,fluorapatite,0,2,2,0.45048028230667114,0.0010365425841882825,0.06962547451257706,0.921944797039032,0.007393209729343653
VTM-002595,DG-3bbe07533535,fluorapatite,0,2,2,0.5225840210914612,0.005557131953537464,0.36547690629959106,0.6176335215568542,0.011332383379340172
VTM-002601,DG-bce24eb203c7,fluorapatite,0,2,2,0.5049326419830322,0.007884228602051735,0.1148977130651474,0.8582355976104736,0.0189824141561985
VTM-002615,DG-937456083f0f,fluorapatite,0,2,2,0.4925200939178467,0.016529349610209465,0.2378236949443817,0.5802857875823975,0.16536113619804382
VTM-002624,DG-ebe5477d9d4e,fluorapatite,0,2,2,0.8138580322265625,0.2834691107273102,0.19164825975894928,0.4814935326576233,0.043389081954956055
VTM-002629,DG-c049ed768645,fluorapatite,0,2,2,0.4930088222026825,0.0004519784706644714,0.003432624973356724,0.9948794841766357,0.0012358722742646933
VTM-002633,DG-90bbebd261ac,fluorapatite,0,2,2,0.439533531665802,0.0005364136886782944,0.009759309701621532,0.9869971871376038,0.0027070650830864906
VTM-002634,DG-c78196f43dde,fluorapatite,0,2,2,0.4657798111438751,0.005541082471609116,0.07537764310836792,0.8904021978378296,0.028679097071290016
VTM-002635,DG-08ba49dd32f8,fluorapatite,0,2,1,0.6020325422286987,0.0004609904426615685,0.935442328453064,0.03600145876407623,0.028095223009586334
VTM-002637,DG-49f9ce893fdb,fluorapatite,0,2,2,0.8186869025230408,0.28110578656196594,0.08441748470067978,0.5045765042304993,0.1299002766609192
VTM-002639,DG-d59be955cb06,fluorapatite,0,2,2,0.5149769186973572,0.0030121065210551023,0.02925148233771324,0.9653984308242798,0.0023379679769277573
VTM-002641,DG-11fad6d5929c,fluorapatite,0,2,2,0.48683980107307434,0.007448291871696711,0.1362212896347046,0.8389078378677368,0.017422575503587723
VTM-002646,DG-f677d90ff131,fluorapatite,0,2,2,0.49717822670936584,0.0015092580579221249,0.02456914447247982,0.9708596467971802,0.0030619935132563114
VTM-002656,DG-4383e5fea250,fluorapatite,0,2,2,0.4654395580291748,0.009780894964933395,0.07694278657436371,0.877230167388916,0.03604614734649658
VTM-002667,DG-f757c41d7081,fluorapatite,0,2,2,0.5486434698104858,0.025691576302051544,0.0639943927526474,0.879772424697876,0.03054158017039299
VTM-002669,DG-94d163b6955c,fluorapatite,0,2,0,0.8838633894920349,0.3949028253555298,0.189693883061409,0.1346196085214615,0.28078368306159973
VTM-002672,DG-541249a33c15,fluorapatite,0,2,2,0.46483203768730164,0.007001323625445366,0.05487590283155441,0.8945416212081909,0.043581150472164154
VTM-002684,DG-d01a6509ec5e,fluorapatite,0,2,2,0.47275322675704956,0.002163173398002982,0.008061951957643032,0.9842246174812317,0.005550318397581577
VTM-002685,DG-2371f5e69821,fluorapatite,0,2,2,0.4495886266231537,0.000919430865906179,0.27811551094055176,0.7054262161254883,0.015538826584815979
VTM-002687,DG-283391bf5821,fluorapatite,0,2,2,0.4106326103210449,0.0005370361031964421,0.01932389661669731,0.9411818385124207,0.03895726799964905
VTM-002691,DG-949d61a3561e,fluorapatite,0,2,1,0.5251441597938538,0.011238394305109978,0.45972687005996704,0.4244752526283264,0.10455945879220963
VTM-002692,DG-cdf7d6c07e83,fluorapatite,0,2,2,0.44015759229660034,0.000759349437430501,0.013688210397958755,0.9718033075332642,0.013749109581112862
VTM-002697,DG-18f828d9814e,fluorapatite,0,2,2,0.4048802852630615,0.00025536055909469724,0.006531856022775173,0.9750692844390869,0.01814349740743637
VTM-002702,DG-29f2ca53ef94,fluorapatite,0,2,2,0.44672176241874695,0.003236379474401474,0.06734756380319595,0.8970850706100464,0.0323309525847435
VTM-002705,DG-a45e2458cc11,fluorapatite,0,2,2,0.4516240656375885,0.0041861929930746555,0.022918596863746643,0.7771761417388916,0.1957191526889801
VTM-002706,DG-0d92fb7cb95e,fluorapatite,0,2,3,0.6183208227157593,0.05924074351787567,0.024576900526881218,0.1591331511735916,0.7570492029190063
VTM-002708,DG-e6a42d9d99b7,fluorapatite,0,2,2,0.4190024733543396,0.0017257258296012878,0.09194663166999817,0.8509701490402222,0.05535748600959778
VTM-002709,DG-f9d90ea3eb02,fluorapatite,0,2,2,0.5148792266845703,0.016616618260741234,0.3124264180660248,0.5423034429550171,0.12865357100963593
VTM-002726,DG-83cfe2ace11e,fluorapatite,0,2,2,0.6155436635017395,0.04034224525094032,0.3544462025165558,0.5901157855987549,0.015095745213329792
VTM-002727,DG-c3b7204f25c6,fluorapatite,0,2,2,0.4975181519985199,0.0059147486463189125,0.27451246976852417,0.7044152021408081,0.015157496556639671
VTM-002731,DG-3edc0f696a60,fluorapatite,0,2,2,0.4925776422023773,0.0034949220716953278,0.004329998046159744,0.9815603494644165,0.010614708065986633
VTM-002732,DG-3fde00040150,fluorapatite,0,2,1,0.5939598679542542,0.024362850934267044,0.4654267430305481,0.45312434434890747,0.05708606541156769
VTM-002733,DG-da2ce27c52e8,fluorapatite,0,2,2,0.5400123000144958,0.0015573864802718163,0.32379722595214844,0.6730964183807373,0.0015489610377699137
VTM-002734,DG-d7b7ee90f035,fluorapatite,0,2,2,0.5265576243400574,0.0016024536453187466,0.33223795890808105,0.6619211435317993,0.004238428082317114
VTM-002743,DG-99025d3d8d5d,fluorapatite,0,2,2,0.4603709578514099,0.0037657516077160835,0.18389835953712463,0.7692809104919434,0.04305495321750641
VTM-002745,DG-21cf25dd1974,fluorapatite,0,2,2,0.5009976625442505,0.006239084992557764,0.09640040248632431,0.8860915899276733,0.011268950067460537
VTM-002752,DG-43133dfa71c9,fluorapatite,0,2,1,0.6594592332839966,0.028087161481380463,0.6190310716629028,0.3482480049133301,0.004633781500160694
VTM-002764,DG-776225aa1e4c,fluorapatite,0,2,2,0.5028586983680725,0.0009790833573788404,0.05035407096147537,0.9472182989120483,0.001448536873795092
VTM-002766,DG-ff21086b640f,fluorapatite,0,2,2,0.4519249200820923,0.0005389036959968507,0.04066590964794159,0.9568857550621033,0.0019094569142907858
VTM-002767,DG-9d024c10251f,fluorapatite,0,2,2,0.5626388788223267,0.031243447214365005,0.1841372847557068,0.765701413154602,0.018917828798294067
VTM-002771,DG-272c62f09ed9,fluorapatite,0,2,1,0.6707926988601685,0.06040783226490021,0.5192863941192627,0.37652498483657837,0.04378083348274231
VTM-002772,DG-be4ab2bcc955,fluorapatite,0,2,2,0.6965035796165466,0.1379813253879547,0.22926545143127441,0.4021918773651123,0.23056134581565857
VTM-002781,DG-46e771570fcc,fluorapatite,0,2,2,0.47574537992477417,0.011208580806851387,0.17933541536331177,0.6695107817649841,0.13994523882865906
VTM-002785,DG-4469f02a60a8,fluorapatite,0,2,2,0.5025379061698914,0.0026707067154347897,0.0341881662607193,0.9582007527351379,0.004940376617014408
VTM-002790,DG-e68a1a5c5b3a,fluorapatite,0,2,2,0.4843006432056427,0.0009612105786800385,0.011351484805345535,0.9857932329177856,0.0018941143061965704
VTM-002807,DG-69def72eb9e9,fluorapatite,0,2,2,0.8051372766494751,0.26699015498161316,0.06435823440551758,0.33657118678092957,0.3320804536342621
VTM-002823,DG-2736a493772c,fluorapatite,0,2,2,0.6943422555923462,0.1394687443971634,0.07735241949558258,0.7098001837730408,0.07337870448827744
VTM-002825,DG-72c1ed9d3742,fluorapatite,0,2,2,0.4590298533439636,0.00618659146130085,0.03528781235218048,0.9100557565689087,0.04846984148025513
VTM-002836,DG-52b433221a61,fluorapatite,0,2,2,0.47455498576164246,0.00822841003537178,0.06280908733606339,0.8955925107002258,0.033369965851306915
VTM-002837,DG-80b30b3877a9,fluorapatite,0,2,2,0.5055555701255798,0.006450219079852104,0.06587177515029907,0.9117600321769714,0.01591797173023224
VTM-002843,DG-6cf9e43f18ec,fluorapatite,0,2,2,0.49254369735717773,0.0003724810085259378,0.027525559067726135,0.9713455438613892,0.0007564046536572278
VTM-002868,DG-36c6aeaf573b,fluorapatite,0,2,2,0.5122268795967102,0.012163760140538216,0.055676788091659546,0.9167357683181763,0.015423687174916267
VTM-002871,DG-df382346e67f,fluorapatite,0,2,2,0.5688089728355408,0.04130193591117859,0.1618710458278656,0.719421923160553,0.07740511000156403
VTM-002877,DG-8a907223c66e,fluorapatite,0,2,2,0.4599534869194031,0.0010015431325882673,0.025869350880384445,0.970596969127655,0.0025321561843156815
VTM-002883,DG-36aae56870fe,pyroxene,0,2,2,0.5158987045288086,0.01300981268286705,0.018388664349913597,0.9434397220611572,0.02516178786754608
VTM-002889,DG-eab811b126b9,pyroxene,0,2,2,0.5068455338478088,0.0022519794292747974,0.1057661771774292,0.8896564245223999,0.00232542771846056
VTM-002890,DG-11491d7706ee,pyroxene,0,2,2,0.522275447845459,0.004400206729769707,0.3965013027191162,0.5890650749206543,0.010033460333943367
VTM-002897,DG-2d0fc3c5c9d3,pyroxene,0,2,2,0.47145774960517883,0.007108602207154036,0.013668539933860302,0.9467167854309082,0.0325060710310936
VTM-002905,DG-e77a1968fdac,pyroxene,0,2,2,0.6605165004730225,0.10125944763422012,0.18378618359565735,0.6055358052253723,0.10941854119300842
VTM-002906,DG-b16fad4d3847,pyroxene,0,2,2,0.5313463807106018,0.01136326976120472,0.4327852129936218,0.5200454592704773,0.03580600768327713
VTM-002908,DG-4cb62f3b3d05,pyroxene,0,2,2,0.5863651633262634,0.023501403629779816,0.3155696392059326,0.6531171202659607,0.007811845745891333
VTM-002916,DG-1c7371bdcb66,pyroxene,0,2,2,0.43850189447402954,0.0038333176635205746,0.11282666027545929,0.6872127056121826,0.1961272954940796
VTM-002925,DG-be861e30956d,pyroxene,0,2,2,0.4618215560913086,0.0021917973645031452,0.15844205021858215,0.8321396112442017,0.007226499728858471
VTM-002932,DG-2c26f97e5fb9,pyroxene,0,2,2,0.4881476163864136,0.0008184536709450185,0.002025125315412879,0.9952043294906616,0.0019521049689501524
VTM-002938,DG-bc185c527a55,pyroxene,0,2,2,0.4653297960758209,0.001956781605258584,0.0962618961930275,0.8935458660125732,0.008235510438680649
VTM-002940,DG-549fc5a84cd4,pyroxene,0,2,1,0.5547588467597961,0.006892707198858261,0.6179903745651245,0.022897789254784584,0.3522191047668457
VTM-002943,DG-07330e94de70,pyroxene,0,2,1,0.6748484373092651,0.05261268466711044,0.6231701374053955,0.2249625325202942,0.09925462305545807
VTM-002944,DG-b8a1ecd98f5a,pyroxene,0,2,0,0.9349932670593262,0.7673191428184509,0.07480021566152573,0.04560588672757149,0.11227468401193619
VTM-002945,DG-a3da53eac318,pyroxene,0,2,3,0.6670175790786743,0.11479642987251282,0.30122798681259155,0.2438383400440216,0.34013721346855164
VTM-002949,DG-ad541d9a5e1b,pyroxene,0,2,2,0.49887385964393616,0.0083523103967309,0.013383504003286362,0.9480668306350708,0.030197348445653915
VTM-002959,DG-3e022997c6a8,pyroxene,0,2,3,0.8308262825012207,0.36185115575790405,0.0618802048265934,0.027137205004692078,0.549131453037262
VTM-002965,DG-39c6e752f427,pyroxene,0,2,2,0.4768008291721344,0.0017345312517136335,0.011793079786002636,0.9811393618583679,0.005333045497536659
VTM-002967,DG-14999e51fe9c,pyroxene,0,2,1,0.5768221616744995,0.004955083131790161,0.6893125176429749,0.25850868225097656,0.0472237654030323
VTM-002970,DG-9017ab1d9737,pyroxene,0,2,1,0.5461632609367371,0.0010313453385606408,0.6192121505737305,0.3704026937484741,0.00935378298163414
VTM-002976,DG-cdaffff70d2b,pyroxene,0,2,1,0.615240752696991,0.006660228595137596,0.6180571913719177,0.3680318593978882,0.007250787690281868
VTM-002984,DG-12e46649f5c8,pyroxene,0,2,2,0.45569249987602234,0.0007521933293901384,0.005288065876811743,0.9911305904388428,0.00282915192656219
VTM-002989,DG-4b523dce0848,pyroxene,0,2,3,0.784433126449585,0.24243173003196716,0.1565278321504593,0.2809443175792694,0.32009613513946533
VTM-002990,DG-3b33867e6177,pyroxene,0,2,2,0.47611865401268005,0.004727769643068314,0.019796177744865417,0.9578572511672974,0.017618827521800995
VTM-002994,DG-844c37912472,pyroxene,0,2,2,0.6301843523979187,0.08993963897228241,0.20282980799674988,0.6070090532302856,0.10022148489952087
VTM-002998,DG-02530580d7df,pyroxene,0,2,2,0.4811772406101227,0.000568161194678396,0.015015320852398872,0.9838119745254517,0.0006045947084203362
VTM-003001,DG-83d2bf0fab9e,pyroxene,0,2,2,0.45371732115745544,0.0027205394580960274,0.03558195382356644,0.9421091675758362,0.019588321447372437
VTM-003004,DG-06d08f9dea64,pyroxene,0,2,1,0.6535557508468628,0.08295749127864838,0.46092408895492554,0.24153277277946472,0.21458566188812256
VTM-003005,DG-6e6ba758e9a7,pyroxene,0,2,2,0.5395365953445435,0.008706128224730492,0.4011477530002594,0.5697942972183228,0.02035180851817131
VTM-003022,DG-36d27ee1f175,pyroxene,0,2,2,0.4822903275489807,0.004246849101036787,0.016783466562628746,0.9661680459976196,0.012801658362150192
VTM-003028,DG-4862682be165,pyroxene,0,2,1,0.6259039640426636,0.021600689738988876,0.5356923341751099,0.42623794078826904,0.016468962654471397
VTM-003031,DG-7d95cd5f2601,pyroxene,0,2,2,0.503034770488739,0.011211453005671501,0.07257401943206787,0.8931151628494263,0.02309935912489891
VTM-003032,DG-9b6b7039f87d,pyroxene,0,2,2,0.5871295928955078,0.07434646785259247,0.0663735643029213,0.6966100335121155,0.16266992688179016
VTM-003038,DG-cc2d318d7866,pyroxene,0,2,2,0.7191876173019409,0.1713363528251648,0.07003668695688248,0.527580976486206,0.23104596138000488
VTM-003050,DG-a8ccd74c97e8,pyroxene,0,2,2,0.49322956800460815,0.013863440603017807,0.05619818717241287,0.5344405770301819,0.3954978287220001
VTM-003052,DG-85795c0d6b16,pyroxene,0,2,2,0.5331857204437256,0.023275289684534073,0.09446083009243011,0.8507744073867798,0.03148941695690155
VTM-003061,DG-02721674da63,pyroxene,0,2,0,0.9297693967819214,0.681982696056366,0.1868061125278473,0.09333063662052155,0.03788057714700699
VTM-003064,DG-b7f4a5c233c8,pyroxene,0,2,2,0.5646010041236877,0.04294050112366676,0.05129124969244003,0.8391833305358887,0.06658489257097244
VTM-003065,DG-d07ead84c7a2,pyroxene,0,2,2,0.6261352300643921,0.09154731035232544,0.03273589536547661,0.6792188882827759,0.196497842669487
VTM-003067,DG-2634c9e90787,pyroxene,0,2,2,0.47597548365592957,0.011357888579368591,0.05229143798351288,0.8176376819610596,0.11871297657489777
VTM-003070,DG-316331c5fc65,pyroxene,0,2,2,0.5292564630508423,0.02468710206449032,0.10241134464740753,0.8166271448135376,0.0562744066119194
VTM-003073,DG-53909db5f730,pyroxene,0,2,1,0.5068932771682739,0.006568042561411858,0.46881189942359924,0.4097367525100708,0.11488328874111176
VTM-003074,DG-1599a4790f64,pyroxene,0,2,2,0.5114457011222839,0.00829540379345417,0.011883726343512535,0.9511275887489319,0.02869328297674656
VTM-003075,DG-ba0752659635,pyroxene,0,2,2,0.48158466815948486,0.001643793424591422,0.005125898402184248,0.9890778064727783,0.004152512643486261
VTM-003076,DG-27c27a638953,pyroxene,0,2,2,0.4765388071537018,0.0024482945445924997,0.02765907347202301,0.9626033902168274,0.007289255037903786
VTM-003077,DG-24c93776e634,pyroxene,0,2,2,0.47481876611709595,0.005696936976164579,0.028676768764853477,0.9433925747871399,0.022233746945858
VTM-003079,DG-5e46fbd860b7,pyroxene,0,2,0,0.9189589023590088,0.6146804094314575,0.0527210459113121,0.0674985721707344,0.26509997248649597
VTM-003082,DG-c0e74af687b9,pyroxene,0,2,2,0.5832935571670532,0.04179053008556366,0.05017179995775223,0.7052702903747559,0.20276738703250885
VTM-003086,DG-7ca64cc7944a,pyroxene,0,2,2,0.4673807621002197,0.0013612790498882532,0.005427257157862186,0.9898660778999329,0.003345392644405365
VTM-003100,DG-efd3e7c09da1,pyroxene,0,2,2,0.49250781536102295,0.011521577835083008,0.03315698355436325,0.9000152349472046,0.055306218564510345
VTM-003121,DG-4a2a9de238bd,pyroxene,0,2,2,0.630156397819519,0.0951530784368515,0.15746469795703888,0.6659696102142334,0.08141260594129562
VTM-003123,DG-4769b5641f77,pyroxene,0,2,1,0.5901337265968323,0.023744747042655945,0.49628591537475586,0.43803608417510986,0.041933219879865646
VTM-003131,DG-3879cfb76799,pyroxene,0,2,2,0.4612565040588379,0.003837269963696599,0.196559339761734,0.7766132950782776,0.022990066558122635
VTM-003138,DG-1c3426d57d0e,pyroxene,0,2,2,0.4448215663433075,0.00038648152258247137,0.03715822473168373,0.960356593132019,0.002098686993122101
VTM-003150,DG-a4568071fec7,pyroxene,0,2,3,0.6111359596252441,0.07899464666843414,0.20648440718650818,0.19697844982147217,0.5175424814224243
VTM-003153,DG-09bec96d834d,pyroxene,0,2,2,0.4712132513523102,7.314255344681442e-05,0.0013055154122412205,0.998306393623352,0.0003149458789266646
VTM-003160,DG-42c5982d528d,pyroxene,0,2,1,0.7426410913467407,0.10798010230064392,0.6685323119163513,0.13663724064826965,0.08685033768415451
VTM-003166,DG-fefad8b6e176,pyroxene,0,2,2,0.494566410779953,0.00483375508338213,0.01882120408117771,0.9659152030944824,0.010429780930280685
VTM-003167,DG-fde5f2d58bd6,pyroxene,0,2,2,0.7827664017677307,0.21899700164794922,0.21639381349086761,0.36968234181404114,0.19492687284946442
VTM-003171,DG-462d909e6446,pyroxene,0,2,1,0.6500550508499146,0.019178248941898346,0.6573853492736816,0.30628615617752075,0.017150290310382843
VTM-003194,DG-aa5a0a987491,pyroxene,0,2,2,0.44171231985092163,0.00034303110442124307,0.009811768308281898,0.9872449636459351,0.002600227016955614
VTM-003203,DG-8941dbf84126,pyroxene,0,2,2,0.5301799178123474,0.011940568685531616,0.04780377447605133,0.9265933036804199,0.013662414625287056
VTM-003206,DG-22c07204cbd1,pyroxene,0,2,1,0.8229618072509766,0.2520442605018616,0.4521854519844055,0.24757924675941467,0.04819106683135033
VTM-003207,DG-950feff8cd7c,pyroxene,0,2,3,0.7032909989356995,0.14654600620269775,0.1631956249475479,0.22961872816085815,0.4606395959854126
VTM-003212,DG-1f9988a126e0,pyroxene,0,2,2,0.45955708622932434,0.0028861816972494125,0.029747048392891884,0.9529286623001099,0.014438074082136154
VTM-003213,DG-560d0dea0375,pyroxene,0,2,2,0.45696887373924255,0.0005332548171281815,0.04968816787004471,0.9479292035102844,0.0018493440002202988
VTM-003214,DG-a100a5d98221,pyroxene,0,2,2,0.5275590419769287,0.0012441527796909213,0.2600601315498352,0.7371017932891846,0.0015939164441078901
VTM-003222,DG-8288d203dff6,pyroxene,0,2,2,0.47250211238861084,0.008116768673062325,0.22061371803283691,0.7068018913269043,0.0644676685333252
VTM-003223,DG-ab7eefd4077b,pyroxene,0,2,2,0.662680983543396,0.11128579080104828,0.07554496079683304,0.680695652961731,0.13247361779212952
VTM-003228,DG-f7485785bb60,pyroxene,0,2,2,0.6703645586967468,0.12962177395820618,0.14492091536521912,0.5896867513656616,0.1357705146074295
VTM-003234,DG-3d3392c2e5f0,pyroxene,0,2,0,0.903522253036499,0.4891589283943176,0.16613666713237762,0.18330322206020355,0.16140113770961761
VTM-003237,DG-14ea4ea1ba5a,pyroxene,0,2,2,0.485416442155838,0.006092622876167297,0.024221252650022507,0.9467726945877075,0.02291342243552208
VTM-003241,DG-95614b45fff9,pyroxene,0,2,2,0.5941624045372009,0.054843395948410034,0.24318791925907135,0.627211332321167,0.07475730776786804
VTM-003247,DG-338ead0166e2,pyroxene,0,2,2,0.6264917254447937,0.05424174666404724,0.37939131259918213,0.5080634355545044,0.05830353498458862
VTM-003250,DG-18740d3fe08a,pyroxene,0,2,1,0.661858320236206,0.001994452206417918,0.9544269442558289,0.03193734958767891,0.0116412453353405
VTM-003263,DG-6965691b2848,pyroxene,0,2,3,0.485539972782135,0.006847722455859184,0.07030566036701202,0.2820722460746765,0.6407743692398071
VTM-003267,DG-02b2d54663c6,pyroxene,0,2,2,0.48340821266174316,0.00047022756189107895,0.004555089399218559,0.9935652017593384,0.0014094342477619648
VTM-003270,DG-1f5a0b16a3ed,pyroxene,0,2,2,0.4895983636379242,0.001553435460664332,0.0050271120853722095,0.9880092144012451,0.00541022140532732
VTM-003271,DG-8ebff64cb761,pyroxene,0,2,0,0.8842610716819763,0.4055028557777405,0.16342031955718994,0.13740044832229614,0.29367637634277344
VTM-003278,DG-3c6a6909d89a,pyroxene,0,2,2,0.505454957485199,0.010165184736251831,0.33857637643814087,0.44698500633239746,0.20427344739437103
VTM-003285,DG-1ff1ce12d66b,pyroxene,0,2,2,0.4795692563056946,0.011052096262574196,0.09472595155239105,0.8148984909057617,0.07932348549365997
VTM-003292,DG-eddf3fe91859,pyroxene,0,2,0,0.9262696504592896,0.6296966075897217,0.13419577479362488,0.09214779734611511,0.14395983517169952
VTM-003295,DG-d59fd9a05c51,pyroxene,0,2,2,0.46676596999168396,0.0022569107823073864,0.035861536860466,0.9562539458274841,0.005627613049000502
VTM-003310,DG-1b4c1aa9a9fe,pyroxene,0,2,2,0.7123323082923889,0.1509297788143158,0.0765126422047615,0.546793520450592,0.22576415538787842
VTM-003312,DG-fbffbc92ac4c,pyroxene,0,2,0,0.9262268543243408,0.6704469323158264,0.04795258864760399,0.10558818280696869,0.1760123372077942
VTM-003317,DG-0d894807161b,pyroxene,0,2,3,0.6639419794082642,0.11443693935871124,0.03547009080648422,0.06736120581626892,0.7827317714691162
VTM-003320,DG-22b3614d5d80,pyroxene,0,2,2,0.5323507785797119,0.029351158067584038,0.13551965355873108,0.7738953828811646,0.0612337663769722
VTM-003333,DG-661055fb0015,pyroxene,0,2,2,0.49792972207069397,0.017989587038755417,0.09019947797060013,0.8217142820358276,0.07009666413068771
VTM-003336,DG-3dba07bb68d0,pyroxene,0,2,1,0.4804988205432892,0.00019879381579812616,0.5487186908721924,0.43665802478790283,0.014424505643546581
VTM-003339,DG-4035b23cd25e,pyroxene,0,2,2,0.48704445362091064,0.0013679354451596737,0.2189829796552658,0.7771376967430115,0.00251139048486948
VTM-003346,DG-ee78988ee792,pyroxene,0,2,2,0.5254706144332886,0.019812196493148804,0.2580314874649048,0.702257513999939,0.019898872822523117
VTM-003349,DG-a0069817896e,pyroxene,0,2,1,0.7582367062568665,0.12410025298595428,0.6334182024002075,0.15056028962135315,0.09192124754190445
VTM-003350,DG-0690521d9dd1,pyroxene,0,2,1,0.638957679271698,0.009670747444033623,0.7481926083564758,0.23232543468475342,0.009811230935156345
VTM-003360,DG-8944adb9e4d0,pyroxene,0,2,2,0.4243620038032532,0.00136581901460886,0.0244824830442667,0.8989313840866089,0.07522035390138626
VTM-003365,DG-9024f403e746,pyroxene,0,2,2,0.7169567942619324,0.16994309425354004,0.1704886257648468,0.46879318356513977,0.19077511131763458
VTM-003368,DG-5c008822d96c,pyroxene,0,2,2,0.454475075006485,0.007130156271159649,0.1976502388715744,0.5157999992370605,0.2794196605682373
VTM-003372,DG-9a2260bd7fa8,pyroxene,0,2,3,0.8034340143203735,0.2671295702457428,0.17043915390968323,0.08625727891921997,0.4761739671230316
VTM-003376,DG-377a00333bb0,quartz,0,2,2,0.7623789310455322,0.21693870425224304,0.18876853585243225,0.4656776785850525,0.1286151111125946
VTM-003377,DG-097f1d18428b,quartz,0,2,2,0.48055022954940796,0.0028115108143538237,0.041985154151916504,0.947188138961792,0.00801513995975256
VTM-003382,DG-158ff5dc1237,quartz,0,2,2,0.4259375333786011,0.0003239988291170448,0.06490257382392883,0.9272329807281494,0.007540448568761349
VTM-003385,DG-ea65739cc711,quartz,0,2,2,0.47919535636901855,0.007754741236567497,0.027736108750104904,0.9167504906654358,0.047758691012859344
VTM-003389,DG-b1744c7cf0c2,quartz,0,2,2,0.4690375030040741,0.0006055115954950452,0.010492727160453796,0.9870783090591431,0.0018234571907669306
VTM-003403,DG-63aee8bc16a5,quartz,0,2,2,0.49953511357307434,0.015591748058795929,0.21500453352928162,0.5091633796691895,0.2602403461933136
VTM-003410,DG-7c7d670e261b,quartz,0,2,2,0.5736179351806641,0.054157331585884094,0.047562457621097565,0.6841514110565186,0.21412882208824158
VTM-003411,DG-07115f81dfcd,quartz,0,2,2,0.4733737111091614,0.0008277593879029155,0.03236314654350281,0.9641754627227783,0.0026336046867072582
VTM-003413,DG-824db2e21f39,quartz,0,2,2,0.5340767502784729,0.02586253546178341,0.03522326052188873,0.8534762859344482,0.08543791621923447
VTM-003421,DG-4abd43475340,quartz,0,2,3,0.515855073928833,0.029180634766817093,0.04209877550601959,0.4233124256134033,0.5054081082344055
VTM-003435,DG-96d7f42c0adb,quartz,0,2,2,0.4732447564601898,0.006055227480828762,0.020736321806907654,0.9246888756752014,0.048519596457481384
VTM-003440,DG-261ea5b34997,quartz,0,2,1,0.6802330613136292,0.02715275064110756,0.807498037815094,0.11019153892993927,0.055157676339149475
VTM-003449,DG-16b8d9127ed1,quartz,0,2,2,0.6286777257919312,0.0989004373550415,0.09159131348133087,0.7322545051574707,0.07725383341312408
VTM-003454,DG-6bd160447dec,quartz,0,2,2,0.45616352558135986,0.000609582697506994,0.01851395145058632,0.9785668849945068,0.0023095482029020786
VTM-003460,DG-e96452f60267,quartz,0,2,3,0.6494333148002625,0.10730418562889099,0.04043726623058319,0.2110723853111267,0.6411861777305603
VTM-003461,DG-d3a537a397ff,quartz,0,2,2,0.4936254620552063,0.0005322510842233896,0.005146045237779617,0.9936730861663818,0.0006486239144578576
VTM-003465,DG-c7491a8989bf,quartz,0,2,2,0.4939866065979004,0.003969080746173859,0.05493805557489395,0.9345958828926086,0.006496940739452839
VTM-003466,DG-aa46a7de04fc,quartz,0,2,1,0.6451107263565063,0.010876688174903393,0.8254362344741821,0.11513121426105499,0.04855585843324661
VTM-003467,DG-429d37c43d66,quartz,0,2,2,0.4535377025604248,0.0024988786317408085,0.04699404537677765,0.9346877932548523,0.01581929624080658
VTM-003480,DG-3d3d9d2099e2,quartz,0,2,2,0.5076944231987,0.010097293183207512,0.11742904782295227,0.8581537008285522,0.01431996375322342
VTM-003482,DG-bfed05c4de06,quartz,0,2,2,0.5236833691596985,0.006816687062382698,0.17457184195518494,0.8075364828109741,0.011075031012296677
VTM-003488,DG-920d18c7cd9b,quartz,0,2,2,0.4760594964027405,0.00010459862824063748,0.0038362303748726845,0.9957877397537231,0.0002714317524805665
VTM-003491,DG-d3548175b837,quartz,0,2,3,0.5654628276824951,0.037586621940135956,0.0293276347219944,0.026057813316583633,0.9070279598236084
VTM-003493,DG-52defffa941a,quartz,0,2,2,0.49448874592781067,0.000803672126494348,0.0059393346309661865,0.9917106032371521,0.001546395244076848
VTM-003496,DG-7f1d4e8c35e6,quartz,0,2,2,0.6595607995986938,0.11562374979257584,0.14554721117019653,0.6520188450813293,0.08681018650531769
VTM-003506,DG-e33088583ef2,quartz,0,2,2,0.5508288741111755,0.01922103948891163,0.0527975969016552,0.9165772795677185,0.011404081247746944
VTM-003508,DG-a38b0a9744eb,quartz,0,2,2,0.45910924673080444,0.0012163775973021984,0.06282679736614227,0.9314737319946289,0.004483143333345652
VTM-003511,DG-f72b8cc0acd6,quartz,0,2,2,0.4937586486339569,0.00032128309248946607,0.016333991661667824,0.982279360294342,0.0010653386125341058
VTM-003522,DG-910752bb3793,quartz,0,2,2,0.48625868558883667,0.0016824614722281694,0.01888679340481758,0.9752250909805298,0.004205664619803429
VTM-003524,DG-be614c901c26,quartz,0,2,2,0.490079402923584,0.010852470993995667,0.04911145567893982,0.9212923645973206,0.018743732944130898
VTM-003525,DG-ac33ddbd658c,quartz,0,2,2,0.7583752274513245,0.1956149935722351,0.29742860794067383,0.3252681493759155,0.18168821930885315
VTM-003529,DG-e5a471320004,quartz,0,2,2,0.4604822099208832,0.005234234035015106,0.05356466770172119,0.8900552988052368,0.05114579200744629
VTM-003533,DG-fe261ae27bba,quartz,0,2,2,0.4501086473464966,0.0028702225536108017,0.09557558596134186,0.8701918125152588,0.031362369656562805
VTM-003543,DG-3398d3725b33,quartz,0,2,2,0.4410211145877838,0.0005413548205979168,0.004637767095118761,0.9918868541717529,0.002934074494987726
VTM-003545,DG-09051d5fe4a8,quartz,0,2,2,0.43958353996276855,9.919494186760858e-05,0.0019612896721810102,0.997183620929718,0.0007559221121482551
VTM-003549,DG-25715dcbbdb0,quartz,0,2,2,0.43535926938056946,0.00020733423298224807,0.003594136331230402,0.992680549621582,0.0035180142149329185
VTM-003554,DG-f0ce4e81bd3e,quartz,0,2,2,0.4920191764831543,0.00678387563675642,0.016838954761624336,0.6806939840316772,0.29568320512771606
VTM-003555,DG-8e8e41ab8e34,quartz,0,2,2,0.47123289108276367,0.0008327261311933398,0.006532821338623762,0.9897657632827759,0.002868655137717724
VTM-003562,DG-537b7d49f26f,quartz,0,2,2,0.5182825326919556,0.005394319072365761,0.27995073795318604,0.7050278186798096,0.009627191349864006
VTM-003566,DG-4defa7fa3a5e,quartz,0,2,2,0.47467970848083496,0.0030765514820814133,0.03895515203475952,0.9509707689285278,0.006997564807534218
VTM-003567,DG-7e9e27e48328,quartz,0,2,2,0.5524759292602539,0.04748865216970444,0.06772605329751968,0.6530225276947021,0.23176273703575134
VTM-003568,DG-e3ccf6d9ccfd,quartz,0,2,2,0.4888482093811035,0.002267667790874839,0.05559771880507469,0.9395660161972046,0.0025685722939670086
VTM-003575,DG-8e1404ad1726,quartz,0,2,3,0.6149044632911682,0.07432705163955688,0.22470182180404663,0.18685907125473022,0.514112114906311
VTM-003591,DG-ddbf75ddcd6e,quartz,0,2,2,0.5963383316993713,0.05364701524376869,0.31124556064605713,0.47406208515167236,0.1610453724861145
VTM-003594,DG-5e8919787bf8,quartz,0,2,2,0.4715530574321747,0.0026729379314929247,0.04799967259168625,0.941110372543335,0.008216957561671734
VTM-003598,DG-9bcead480c48,quartz,0,2,2,0.4753364324569702,0.0011614789254963398,0.009069504216313362,0.9865962266921997,0.0031727361492812634
VTM-003602,DG-0c8e223a4767,quartz,0,2,2,0.44478917121887207,0.0007362631149590015,0.012677077203989029,0.9793878197669983,0.007198842242360115
VTM-003616,DG-abad6d7d8080,quartz,0,2,3,0.49782174825668335,0.00649357121437788,0.009617510251700878,0.03257846087217331,0.9513104557991028
VTM-003617,DG-fafc140d3a11,quartz,0,2,2,0.5003412961959839,0.00412066699936986,0.011207912117242813,0.976611316204071,0.008060135878622532
VTM-003627,DG-250b978331a9,quartz,0,2,1,0.6808189153671265,0.07207752764225006,0.5742264986038208,0.20497915148735046,0.14871683716773987
VTM-003629,DG-a95fa2858248,quartz,0,2,2,0.46840086579322815,0.0005563889862969518,0.007415729109197855,0.9905134439468384,0.0015144255012273788
VTM-003634,DG-198ae0a6221b,quartz,0,2,2,0.485250324010849,0.00038571859477087855,0.005108373239636421,0.9936162233352661,0.0008897008374333382
VTM-003635,DG-9b1ae3e424e1,vesuvianite,0,2,2,0.48292475938796997,0.0045319912023842335,0.07297178357839584,0.9125938415527344,0.009902313351631165
VTM-003638,DG-3f6e67869303,vesuvianite,0,2,2,0.43148061633110046,0.00022348796483129263,0.007500040344893932,0.9906187057495117,0.001657769549638033
VTM-003640,DG-92b9ab8ad16a,vesuvianite,0,2,2,0.45684918761253357,0.0004970727022737265,0.09562645852565765,0.9024856090545654,0.0013908252585679293
VTM-003649,DG-2e6c89c5b3ae,vesuvianite,0,2,2,0.46631595492362976,0.0006316434592008591,0.024609223008155823,0.9728528261184692,0.0019062759820371866
VTM-003653,DG-3ab34db7bfd1,vesuvianite,0,2,1,0.6195970177650452,0.026159539818763733,0.5813175439834595,0.19111743569374084,0.20140548050403595
VTM-003656,DG-190999b9116a,vesuvianite,0,2,1,0.5612145662307739,0.005025461316108704,0.648356556892395,0.30713918805122375,0.03947875648736954
VTM-003662,DG-bb227bfb3420,vesuvianite,0,2,2,0.6166623830795288,0.08491022884845734,0.08762304484844208,0.7637447714805603,0.0637219175696373
VTM-003671,DG-3e00c1c23538,vesuvianite,0,2,2,0.42716920375823975,2.363792373216711e-05,0.013113027438521385,0.9867309927940369,0.0001323157048318535
VTM-003672,DG-822cf8738f5d,vesuvianite,0,2,2,0.4510324001312256,0.002495376393198967,0.009763197973370552,0.9452019929885864,0.04253942146897316
VTM-003677,DG-1c277c481e71,vesuvianite,0,2,2,0.468741238117218,0.00043830787762999535,0.0036486408207565546,0.9949105381965637,0.0010025197407230735
VTM-003684,DG-9143c728f2e4,vesuvianite,0,2,2,0.4787980020046234,0.0018307690043002367,0.0707186609506607,0.9224061965942383,0.00504430802538991
VTM-003689,DG-c3f58842267c,vesuvianite,0,2,1,0.6026428937911987,0.004404731560498476,0.6524639129638672,0.33812379837036133,0.005007519386708736
VTM-003699,DG-6fc8c9dd46c2,vesuvianite,0,2,2,0.5306625366210938,0.011924365535378456,0.14309895038604736,0.8336565494537354,0.011320125311613083
VTM-003703,DG-4b6f3648f005,vesuvianite,0,2,2,0.5007752180099487,0.0030324070248752832,0.08766219019889832,0.9074995517730713,0.001805883483029902
VTM-003709,DG-7ab9f8718c59,vesuvianite,0,2,2,0.520412266254425,0.00054242491023615,0.2479064166545868,0.7510461807250977,0.0005049533792771399
VTM-003710,DG-2dd24a7e74de,vesuvianite,0,2,2,0.470284640789032,0.0003036087437067181,0.04481079801917076,0.9534467458724976,0.0014387983828783035
VTM-003716,DG-fec0e3ebe36c,vesuvianite,0,2,2,0.4547021985054016,0.00035615713568404317,0.0034828761126846075,0.9945234656333923,0.0016374834813177586
VTM-003720,DG-f29984ccdfbc,vesuvianite,0,2,2,0.4664700925350189,0.005476915277540684,0.25924578309059143,0.6867192983627319,0.04855803772807121
VTM-003721,DG-450b654cca09,vesuvianite,0,2,1,0.6283837556838989,0.021483976393938065,0.6591484546661377,0.1393817961215973,0.17998576164245605
VTM-003722,DG-36c1b91e92c4,vesuvianite,0,2,2,0.4974941909313202,0.018657591193914413,0.08678624033927917,0.7916673421859741,0.10288873314857483
VTM-003723,DG-9ac1992626f5,vesuvianite,0,2,2,0.4570310711860657,0.0008615741971880198,0.01731792837381363,0.9801961183547974,0.0016244491562247276
VTM-003725,DG-3c0710e2cf7a,vesuvianite,0,2,1,0.6346936821937561,0.006128781940788031,0.7055985927581787,0.27405568957328796,0.01421690359711647
VTM-003730,DG-2a71e1dd984b,vesuvianite,0,2,2,0.4407743811607361,0.0003790450864471495,0.033139120787382126,0.9649445414543152,0.0015372891211882234
VTM-003731,DG-203527ab6025,vesuvianite,0,2,2,0.4591063857078552,0.006313912570476532,0.225730299949646,0.5125174522399902,0.25543826818466187
VTM-003732,DG-4da9660a3e4a,vesuvianite,0,2,2,0.5065815448760986,0.02401696890592575,0.18659546971321106,0.7154574394226074,0.07393007725477219
VTM-003733,DG-01bda451d9d8,vesuvianite,0,2,2,0.4852651059627533,0.0021916842088103294,0.253193736076355,0.737623393535614,0.006991184316575527
VTM-003734,DG-f4757a09ca77,vesuvianite,0,2,2,0.48559415340423584,0.0003524350468069315,0.0916234627366066,0.9073742628097534,0.0006497959839180112
VTM-003736,DG-098cd3520726,vesuvianite,0,2,1,0.6986416578292847,0.06209534406661987,0.685232400894165,0.09511753171682358,0.1575547456741333
VTM-003738,DG-3fcc6443e50b,vesuvianite,0,2,2,0.4577564299106598,0.0032204757444560528,0.10051858425140381,0.8833686113357544,0.012892307713627815
VTM-003740,DG-27aea3fc2159,vesuvianite,0,2,1,0.6571505665779114,0.0021933368407189846,0.9104207754135132,0.07544782757759094,0.011938023380935192
VTM-003744,DG-4cc593148c28,vesuvianite,0,2,2,0.481776624917984,0.015963681042194366,0.17817819118499756,0.6502832174301147,0.15557491779327393
VTM-003750,DG-515956afdf20,vesuvianite,0,2,2,0.48647797107696533,0.0008845162228681147,0.08438494801521301,0.9133813977241516,0.001349149039015174
VTM-003782,DG-fd86295b3985,vesuvianite,0,2,2,0.4797399342060089,0.0015166979283094406,0.15192270278930664,0.8439435958862305,0.0026171253994107246
VTM-003791,DG-9dff8031a414,vesuvianite,0,2,2,0.49570760130882263,0.006649907678365707,0.12390770018100739,0.8594622611999512,0.009980058297514915
VTM-003793,DG-4323ca94ec6c,vesuvianite,0,2,2,0.49080175161361694,0.006400112994015217,0.2540997862815857,0.7271599769592285,0.012340139597654343
VTM-003796,DG-4ec837d93f83,vesuvianite,0,2,2,0.4496431350708008,0.006508834194391966,0.059069328010082245,0.6935774087905884,0.2408444583415985
VTM-003805,DG-78baa91d3b62,vesuvianite,0,2,2,0.6117247343063354,0.0750751718878746,0.225081205368042,0.6120463013648987,0.08779730647802353
VTM-003807,DG-ffb1301309a4,vesuvianite,0,2,2,0.49438902735710144,0.014463387429714203,0.28788429498672485,0.4628255367279053,0.23482677340507507
VTM-003810,DG-b4aae2ea6684,vesuvianite,0,2,2,0.5560667514801025,0.004090882837772369,0.4850137233734131,0.5030089616775513,0.00788642093539238
VTM-003813,DG-49391b2e04a9,vesuvianite,0,2,2,0.4578697681427002,0.00649325642734766,0.14453458786010742,0.7816283702850342,0.0673438310623169
VTM-003816,DG-7ed07056e72b,vesuvianite,0,2,2,0.5142088532447815,0.0043950267136096954,0.14529313147068024,0.8457823991775513,0.004529410041868687
VTM-003823,DG-761d07d6b728,vesuvianite,0,2,1,0.7733330726623535,0.13392198085784912,0.7579787969589233,0.07563387602567673,0.032465316355228424
VTM-003826,DG-aa64a9902042,vesuvianite,0,2,2,0.47899144887924194,0.009511838667094707,0.05051625147461891,0.87711501121521,0.06285686790943146
VTM-003827,DG-285a110f7562,vesuvianite,0,2,2,0.46460723876953125,0.0014816035982221365,0.06691622734069824,0.9277094602584839,0.0038927136920392513
VTM-003831,DG-4be4d721e464,vesuvianite,0,2,2,0.47251176834106445,0.0011062404373660684,0.03773809224367142,0.9594023823738098,0.0017533055506646633
VTM-003832,DG-aedfdef6c9dd,vesuvianite,0,2,1,0.644722580909729,0.04114382714033127,0.6281142234802246,0.2487393021583557,0.08200259506702423
VTM-003840,DG-3cf31fae6d23,vesuvianite,0,2,2,0.47074827551841736,0.0026622845325618982,0.1437539905309677,0.841023325920105,0.012560350820422173
VTM-003843,DG-e2df066724b5,vesuvianite,0,2,1,0.6048095226287842,0.0013851525727659464,0.8021769523620605,0.18916550278663635,0.00727241113781929
VTM-003850,DG-e94d11f17d33,vesuvianite,0,2,2,0.5262746214866638,0.0224638432264328,0.11084946244955063,0.8309773206710815,0.0357094332575798
VTM-003855,DG-bba20012f7ff,vesuvianite,0,2,2,0.5474679470062256,0.02378520369529724,0.06156466156244278,0.8962178230285645,0.018432311713695526
VTM-003856,DG-d3e07d74dc04,vesuvianite,0,2,2,0.5614461302757263,0.03848786652088165,0.1213235855102539,0.7984635829925537,0.04172494262456894
VTM-003862,DG-33077a1095e1,vesuvianite,0,2,1,0.6548157930374146,0.002051920397207141,0.855465829372406,0.13714182376861572,0.0053404103964567184
VTM-003868,DG-988342957832,vesuvianite,0,2,2,0.5362134575843811,0.012805217877030373,0.37437909841537476,0.6013609170913696,0.011454779654741287
VTM-003871,DG-1f03c396a434,vesuvianite,0,2,2,0.4525703489780426,0.003104063682258129,0.12425001710653305,0.8459873199462891,0.02665865235030651
VTM-003876,DG-f14959620d42,vesuvianite,0,2,2,0.45181146264076233,0.0006672574672847986,0.012219998054206371,0.9850385189056396,0.0020742726046591997
VTM-003877,DG-591abe10bfe5,vesuvianite,0,2,1,0.5987759232521057,0.0010289298370480537,0.7371070384979248,0.25869467854499817,0.003169404808431864
VTM-003878,DG-811759214977,vesuvianite,0,2,3,0.7756247520446777,0.23031947016716003,0.1366676688194275,0.2576310336589813,0.3753817677497864
VTM-003887,DG-64d015783567,vesuvianite,0,2,2,0.4551011323928833,0.0001179955288534984,0.07871094346046448,0.9209104776382446,0.0002605833869893104
VTM-003889,DG-e2f7b314b961,vesuvianite,0,2,2,0.42932629585266113,0.0009812430944293737,0.24184195697307587,0.7042680978775024,0.05290865898132324
VTM-003891,DG-382fc9f12b38,vesuvianite,0,2,2,0.5797237753868103,0.050896450877189636,0.32752543687820435,0.5443129539489746,0.0772651731967926
VTM-003897,DG-3d1dcb27dad7,vesuvianite,0,2,2,0.4855351448059082,0.007432408165186644,0.19874975085258484,0.7663688063621521,0.027449071407318115
VTM-003903,DG-737047940f15,vesuvianite,0,2,2,0.41048967838287354,0.0005015700589865446,0.09013974666595459,0.8793903589248657,0.029968392103910446
VTM-003916,DG-62ff9ecdf8f9,vesuvianite,0,2,2,0.423191100358963,0.00024254752497654408,0.061504434794187546,0.9352135062217712,0.003039579838514328
VTM-003921,DG-d6f3bfcc82a3,vesuvianite,0,2,1,0.6256627440452576,0.0036609035450965166,0.8423789143562317,0.14257726073265076,0.011382917873561382
VTM-003925,DG-403408a696da,vesuvianite,0,2,0,0.8848183751106262,0.4047203063964844,0.23436905443668365,0.19936741888523102,0.16154326498508453
VTM-003927,DG-30aa90b1e374,vesuvianite,0,2,2,0.45735669136047363,0.0019821152091026306,0.05145406723022461,0.940410852432251,0.006152980960905552
VTM-003933,DG-292e31308efb,vesuvianite,0,2,2,0.42484530806541443,3.452635064604692e-05,0.002208959311246872,0.9973709583282471,0.0003855485119856894
VTM-003934,DG-cde12f5c8a99,vesuvianite,0,2,2,0.4998680651187897,0.007859669625759125,0.12437505275011063,0.8489883542060852,0.01877697743475437
VTM-003935,DG-d80e49ba3f14,vesuvianite,0,2,2,0.4472905695438385,0.0005017138901166618,0.03716886043548584,0.959397554397583,0.002931882394477725
VTM-003936,DG-a5da20726561,vesuvianite,0,2,2,0.4216992259025574,0.00016727455658838153,0.2522996664047241,0.7413415908813477,0.006191478110849857
VTM-003944,DG-b8bbdd672761,vesuvianite,0,2,2,0.4236166775226593,0.0002124532766174525,0.06048575043678284,0.9355709552764893,0.0037308845203369856
VTM-003956,DG-e7ddac66b305,vesuvianite,0,2,1,0.628745973110199,0.003181528067216277,0.89616858959198,0.08427917212247849,0.01637064479291439
VTM-003960,DG-d828cab7f924,vesuvianite,0,2,2,0.450850248336792,0.0008635849808342755,0.13636472821235657,0.8572545051574707,0.005517209880053997
VTM-003964,DG-22543172b0c1,vesuvianite,0,2,2,0.47749385237693787,0.00200798362493515,0.1557941734790802,0.8379164934158325,0.004281310364603996
VTM-003972,DG-7df29f37c067,vesuvianite,0,2,2,0.48554885387420654,9.067255450645462e-05,0.01282462477684021,0.9869100451469421,0.00017465214477851987
VTM-003996,DG-3669ab7c0ab5,vesuvianite,0,2,2,0.4861518144607544,0.007355915382504463,0.06338411569595337,0.9018484354019165,0.0274115651845932
VTM-004003,DG-1ba10078971d,vesuvianite,0,2,2,0.5019387006759644,0.025289926677942276,0.16759364306926727,0.5340267419815063,0.2730896472930908
VTM-004005,DG-6fc92603d80b,vesuvianite,0,2,2,0.4308614134788513,0.0002496949164196849,0.017087064683437347,0.9810959100723267,0.001567271538078785
VTM-004007,DG-662b18f75ed5,vesuvianite,0,2,2,0.4844924509525299,0.013302190229296684,0.16662651300430298,0.7326637506484985,0.08740764111280441
VTM-004012,DG-b6258a6f84ef,vesuvianite,0,2,2,0.4400036633014679,0.0010969522409141064,0.06130209192633629,0.9287391901016235,0.008861761540174484
VTM-004025,DG-a3276c20df4d,vesuvianite,0,2,2,0.4615077078342438,0.00013000702892895788,0.0025320001877844334,0.9968863725662231,0.0004516724147833884
VTM-004027,DG-6b9df49cf5ae,vesuvianite,0,2,2,0.49340492486953735,0.007657664828002453,0.18458148837089539,0.7810012698173523,0.026759570464491844
VTM-004040,DG-195887bfa623,vesuvianite,0,2,2,0.4997553825378418,0.012908097356557846,0.03370961919426918,0.8256621360778809,0.1277201920747757
VTM-004042,DG-2d1974985d68,vesuvianite,0,2,1,0.6234058737754822,0.0032570711337029934,0.7527949810028076,0.23878827691078186,0.005159665364772081
VTM-004044,DG-f9d12b79e75f,vesuvianite,0,2,1,0.6206167340278625,0.009659754112362862,0.5675307512283325,0.41660556197166443,0.006203960161656141
VTM-004063,DG-94bb3086cbb8,vesuvianite,0,2,2,0.4736509323120117,0.008355434983968735,0.2320077121257782,0.587837815284729,0.17179900407791138
VTM-004064,DG-24d450703173,vesuvianite,0,2,2,0.6120131015777588,0.03658771514892578,0.4499344229698181,0.4672259986400604,0.04625186324119568
VTM-004075,DG-4ad0528d18ac,vesuvianite,0,2,2,0.4296659827232361,4.491769504966214e-05,0.014761059544980526,0.9846372604370117,0.0005567728076130152
VTM-004083,DG-778c8a290902,vesuvianite,0,2,2,0.5739368200302124,0.015295526012778282,0.315939724445343,0.6602407693862915,0.008523980155587196
VTM-004084,DG-96c776d4eabe,vesuvianite,0,2,2,0.44350144267082214,0.001698866719380021,0.03086349368095398,0.9536043405532837,0.013833267614245415
VTM-004088,DG-fb4578ab7c80,vesuvianite,0,2,2,0.44665470719337463,0.0014207311905920506,0.03731270506978035,0.9568984508514404,0.00436811987310648
VTM-004093,DG-c8a5825e6950,vesuvianite,0,2,2,0.4435257017612457,0.00039661111077293754,0.11975615471601486,0.8752111196517944,0.004636166617274284
VTM-004096,DG-fbf28e0ec8a5,vesuvianite,0,2,2,0.4857232868671417,0.0012537518050521612,0.10269608348608017,0.8927774429321289,0.00327276811003685
VTM-004102,DG-d229bb5b117b,vesuvianite,0,2,2,0.7057983875274658,0.12787765264511108,0.3020097613334656,0.49350908398628235,0.07660351693630219
VTM-004104,DG-f9940d52117c,vesuvianite,0,2,2,0.5294239521026611,0.001212440081872046,0.4094815254211426,0.5862945318222046,0.003011496737599373
VTM-004109,DG-8e51afeeacec,vesuvianite,0,2,2,0.44856569170951843,0.00032388471299782395,0.08206182718276978,0.9164847135543823,0.0011294896248728037
VTM-004110,DG-de4a1c71f1f3,vesuvianite,0,2,2,0.5465152263641357,0.009075146168470383,0.2548726797103882,0.7278543710708618,0.008197792805731297
VTM-004111,DG-1704c11ac22f,vesuvianite,0,2,1,0.6590699553489685,0.05067240074276924,0.5211237668991089,0.4025084376335144,0.025695428252220154
VTM-004116,DG-62c3dea7d681,vesuvianite,0,2,1,0.8111944198608398,0.1984243243932724,0.5667063593864441,0.12782473862171173,0.10704457759857178
VTM-004137,DG-03cb4d8280c5,chalcopyrite,0,3,3,0.47114646434783936,0.0013941419310867786,0.06189486384391785,0.012117746286094189,0.9245932698249817
VTM-004140,DG-36252213f314,chalcopyrite,0,3,3,0.4998208284378052,0.00948248989880085,0.09998525679111481,0.05300658196210861,0.8375256657600403
VTM-004154,DG-abc4ece41987,chalcopyrite,0,3,3,0.5835514664649963,0.05520191043615341,0.17748871445655823,0.22300395369529724,0.5443054437637329
VTM-004155,DG-a636b5037976,chalcopyrite,0,3,3,0.47996634244918823,0.002782114315778017,0.2315557301044464,0.019635748118162155,0.7460263967514038
VTM-004158,DG-93521f3682a4,chalcopyrite,0,3,2,0.4446699619293213,0.0016967256087809801,0.018292002379894257,0.933891236782074,0.04612002521753311
VTM-004159,DG-32645abe6c40,chalcopyrite,0,3,3,0.5111258625984192,0.009019523859024048,0.154234379529953,0.13760024309158325,0.6991457939147949
VTM-004162,DG-e88b5f73d62e,chalcopyrite,0,3,2,0.4884260594844818,0.012085617519915104,0.07135873287916183,0.687256932258606,0.22929862141609192
VTM-004178,DG-b6746205a70e,chalcopyrite,0,3,0,0.9233735799789429,0.6217973232269287,0.1925666332244873,0.05280156806111336,0.13283449411392212
VTM-004183,DG-4ad5a7e7e695,chalcopyrite,0,3,3,0.5077951550483704,0.0009042321471497416,0.006861251778900623,0.01416298933327198,0.9780715703964233
VTM-004190,DG-dcee6fb17ddd,chalcopyrite,0,3,0,0.9003085494041443,0.45412135124206543,0.18053843080997467,0.1434275358915329,0.2219126969575882
VTM-004201,DG-0f59261d4d4f,chalcopyrite,0,3,3,0.47521477937698364,0.0018274278845638037,0.034686826169490814,0.0005118078552186489,0.9629738926887512
VTM-004203,DG-b8fbe6502090,chalcopyrite,0,3,3,0.754753053188324,0.21464531123638153,0.15853436291217804,0.1560133397579193,0.47080695629119873
VTM-004204,DG-b19f1dc1d9f6,chalcopyrite,0,3,3,0.5500099658966064,0.028442371636629105,0.04761764407157898,0.0776091068983078,0.8463308811187744
VTM-004209,DG-17021d22a929,chalcopyrite,0,3,0,0.9146091938018799,0.5856173634529114,0.04807279258966446,0.019334856420755386,0.34697502851486206
VTM-004211,DG-1d36ceddf19c,chalcopyrite,0,3,0,0.9400454163551331,0.8952007293701172,0.07246961444616318,0.0038513962645083666,0.028478257358074188
VTM-004212,DG-94683f2f8a87,chalcopyrite,0,3,0,0.9207536578178406,0.6241479516029358,0.0497601181268692,0.004162105266004801,0.32192984223365784
VTM-004220,DG-89cdb51c4697,chalcopyrite,0,3,0,0.9355525970458984,0.7684624791145325,0.05283689871430397,0.03176525980234146,0.1469353586435318
VTM-004221,DG-22ef1eebfb8d,chalcopyrite,0,3,0,0.9369032382965088,0.8126431703567505,0.02896680310368538,0.024208422750234604,0.13418154418468475
VTM-004222,DG-1e0695c4192d,chalcopyrite,0,3,3,0.8712903261184692,0.4479192793369293,0.02758951112627983,0.002498385263606906,0.5219928026199341
VTM-004224,DG-e130c8625a9a,chalcopyrite,0,3,0,0.9273771047592163,0.6809355020523071,0.005327203311026096,0.012544292956590652,0.3011929988861084
VTM-004226,DG-5cfec6919979,chalcopyrite,0,3,3,0.5515926480293274,0.032269127666950226,0.14670026302337646,0.03593672066926956,0.7850939035415649
VTM-004227,DG-4ebe6c44e12a,chalcopyrite,0,3,0,0.9277418255805969,0.6450427770614624,0.08625819534063339,0.09782923758029938,0.17086975276470184
VTM-004228,DG-4db88c299408,chalcopyrite,0,3,0,0.9284926652908325,0.6804431676864624,0.030121488496661186,0.0438847690820694,0.24555060267448425
VTM-004229,DG-b2f380bd5029,chalcopyrite,0,3,0,0.9369320869445801,0.7802303433418274,0.0846644714474678,0.05336777865886688,0.08173751085996628
VTM-004231,DG-1abc445edc31,chalcopyrite,0,3,0,0.9401761293411255,0.9804624915122986,0.0077433232218027115,0.0008202702738344669,0.010973924770951271
VTM-004245,DG-2060f9e29a23,chalcopyrite,0,3,0,0.9351773262023926,0.7316542863845825,0.07900375872850418,0.020472465083003044,0.16886954009532928
VTM-004247,DG-8adbbccdd724,chalcopyrite,0,3,0,0.9398080110549927,0.8998509645462036,0.08901750296354294,0.0026455477345734835,0.008485972881317139
VTM-004252,DG-09a432e2b831,chalcopyrite,0,3,0,0.9303452968597412,0.6754967570304871,0.07645784318447113,0.017354540526866913,0.2306908518075943
VTM-004254,DG-791f22659a0e,chalcopyrite,0,3,3,0.4695388376712799,0.000967901200056076,0.01790476217865944,0.04944031313061714,0.9316871166229248
VTM-004262,DG-66a5461be3ce,chalcopyrite,0,3,3,0.6416522860527039,0.11640457808971405,0.0529547780752182,0.008204469457268715,0.8224362134933472
VTM-004266,DG-b39923e015fb,chalcopyrite,0,3,3,0.7161030173301697,0.1970263570547104,0.11112631857395172,0.03395432233810425,0.6578930020332336
VTM-004267,DG-d925da51e984,chalcopyrite,0,3,3,0.481521874666214,0.0009253096068277955,0.3566618263721466,0.0007796225836500525,0.6416332721710205
VTM-004278,DG-6d3ffb9c1414,chalcopyrite,0,3,3,0.4589177966117859,0.0002717364113777876,0.027606990188360214,0.003450863528996706,0.9686703681945801
VTM-004279,DG-13dbc7077595,chalcopyrite,0,3,3,0.5095918774604797,0.006474266294389963,0.03009033203125,0.003499071579426527,0.9599363207817078
VTM-004289,DG-1a0ff4cf7ad0,chalcopyrite,0,3,3,0.5149223804473877,0.0007215136429294944,0.001247252570465207,0.008244422264397144,0.9897868037223816
VTM-004298,DG-def14538a6dc,chalcopyrite,0,3,1,0.7264946699142456,0.08510324358940125,0.7828642129898071,0.004364946391433477,0.1276676058769226
VTM-004301,DG-bb8d092cc2a9,chalcopyrite,0,3,3,0.5365594625473022,0.00295456126332283,0.004667316563427448,0.022708892822265625,0.9696692228317261
VTM-004306,DG-e140b99834b5,chalcopyrite,0,3,1,0.8070885539054871,0.2214774638414383,0.4234955608844757,0.16915225982666016,0.18587471544742584
VTM-004307,DG-115678ab2998,chalcopyrite,0,3,3,0.45849233865737915,2.7817015507025644e-05,0.002573829609900713,0.00031944699003361166,0.9970788955688477
VTM-004320,DG-b7bf2f2e5a61,chalcopyrite,0,3,3,0.5357928276062012,0.02403021976351738,0.0628967434167862,0.10148569941520691,0.8115873336791992
VTM-004330,DG-0e3eb81d53c1,chalcopyrite,0,3,3,0.5609498620033264,0.026973605155944824,0.02913612313568592,0.19171153008937836,0.7521787285804749
VTM-004333,DG-44d15721c9e7,chalcopyrite,0,3,3,0.5841932892799377,0.05018097907304764,0.1363081932067871,0.10559998452663422,0.7079108953475952
VTM-004339,DG-df0e950690cd,chalcopyrite,0,3,3,0.4672780930995941,0.003348412923514843,0.2016584724187851,0.13654625415802002,0.6584468483924866
VTM-004343,DG-f8502eda04e2,chalcopyrite,0,3,0,0.9157447814941406,0.5595718622207642,0.17730289697647095,0.06960758566856384,0.1935177594423294
VTM-004356,DG-52391854c813,chalcopyrite,0,3,3,0.48863932490348816,0.0011607545893639326,0.014887767843902111,0.0359262153506279,0.9480252265930176
VTM-004368,DG-190a29f63412,chalcopyrite,0,3,3,0.545993447303772,0.007963599637150764,0.009459774941205978,0.0188974067568779,0.9636791944503784
VTM-004369,DG-d1667de89144,chalcopyrite,0,3,3,0.4694708287715912,0.0019055809825658798,0.0688895657658577,0.04160480201244354,0.8876000046730042
VTM-004392,DG-cd28b914392d,chalcopyrite,0,3,3,0.8513486385345459,0.36048394441604614,0.19414040446281433,0.054283808916807175,0.39109185338020325
VTM-004395,DG-b3495bc08c3b,chalcopyrite,0,3,0,0.9026980996131897,0.47310489416122437,0.25017958879470825,0.06445235013961792,0.21226321160793304
VTM-004397,DG-61d7630e52cd,chalcopyrite,0,3,3,0.6513034701347351,0.10214244574308395,0.06168508529663086,0.07881049066781998,0.7573620080947876
VTM-004403,DG-94ab2759d137,chalcopyrite,0,3,3,0.5629487633705139,0.009978290647268295,0.006665382534265518,0.005681114736944437,0.977675199508667
VTM-004404,DG-47d8fd9dfca6,chalcopyrite,0,3,3,0.5381130576133728,0.02125200256705284,0.11855600029230118,0.1975504755973816,0.6626415252685547
VTM-004405,DG-95f1e7570074,chalcopyrite,0,3,0,0.9153636693954468,0.6055542826652527,0.043240197002887726,0.020162034779787064,0.33104342222213745
VTM-004407,DG-1bf3d3b7ae53,chalcopyrite,0,3,3,0.7146781086921692,0.164837047457695,0.12499374151229858,0.16616709530353546,0.544002115726471
VTM-004416,DG-f4b897cc3bc8,chalcopyrite,0,3,2,0.49987438321113586,0.0013811106327921152,0.010606693103909492,0.9853979349136353,0.0026143062859773636
VTM-004417,DG-719d4b31ae6c,chalcopyrite,0,3,3,0.5407741665840149,0.008976727724075317,0.01308658067137003,0.014402378350496292,0.9635342359542847
VTM-004418,DG-9aae3020dd0b,chalcopyrite,0,3,2,0.7123286724090576,0.17404653131961823,0.10286321491003036,0.49658429622650146,0.22650595009326935
VTM-004422,DG-379750c68c74,chalcopyrite,0,3,0,0.9027289748191833,0.42091917991638184,0.36733028292655945,0.04168953746557236,0.17006106674671173
VTM-004423,DG-9f1af7b13d2f,chalcopyrite,0,3,1,0.8991263508796692,0.4272315204143524,0.433390736579895,0.024393245577812195,0.11498446762561798
VTM-004431,DG-268c07fc4456,chalcopyrite,0,3,2,0.48146140575408936,0.014102714136242867,0.18495520949363708,0.5624988079071045,0.2384433150291443
VTM-004432,DG-08799787483b,chalcopyrite,0,3,3,0.48836827278137207,0.0013075313763692975,0.007469282019883394,0.016118142753839493,0.9751050472259521
VTM-004434,DG-c77be5eff59a,chalcopyrite,0,3,2,0.7854743003845215,0.22155572474002838,0.2598201632499695,0.34577783942222595,0.17284619808197021
VTM-004449,DG-5889b81635cb,goethite,0,3,3,0.5267401933670044,0.018252111971378326,0.09500980377197266,0.12450286746025085,0.7622352242469788
VTM-004450,DG-abcb9813a0f9,goethite,0,3,3,0.5192531943321228,0.013869269751012325,0.03170078620314598,0.07420281320810318,0.8802270889282227
VTM-004453,DG-ac0814e1d2ce,goethite,0,3,3,0.4972730278968811,0.008519323542714119,0.07916347682476044,0.0492713525891304,0.863045871257782
VTM-004462,DG-bd1a42e1d4c1,goethite,0,3,2,0.5014466643333435,0.017506511881947517,0.04155805706977844,0.7704508304595947,0.17048460245132446
VTM-004472,DG-baeb947c7617,goethite,0,3,3,0.5855057239532471,0.022872289642691612,0.005361405201256275,0.02809753641486168,0.9436687231063843
VTM-004473,DG-f6eacbcdec2a,goethite,0,3,3,0.5769993662834167,0.008685722947120667,0.0033805351704359055,0.03051834926009178,0.9574153423309326
VTM-004474,DG-04127e857354,goethite,0,3,3,0.573762834072113,0.030430104583501816,0.01581655628979206,0.3660275638103485,0.5877257585525513
VTM-004475,DG-704bffc2fc01,goethite,0,3,3,0.5964758992195129,0.02925342321395874,0.00975402444601059,0.08271355926990509,0.8782789707183838
VTM-004480,DG-d999cbdf9b4b,goethite,0,3,1,0.6617639064788818,0.006818634923547506,0.9288127422332764,0.005977157037705183,0.05839141830801964
VTM-004482,DG-162780054af3,goethite,0,3,3,0.5543208122253418,0.007625957019627094,0.01961793377995491,0.08470684289932251,0.8880492448806763
VTM-004485,DG-33a4a9142c46,goethite,0,3,0,0.8894949555397034,0.47800830006599426,0.01853017322719097,0.03461368381977081,0.4688479006290436
VTM-004487,DG-9fff6f03fdf4,goethite,0,3,1,0.5942586660385132,0.053796447813510895,0.4227636456489563,0.2561812102794647,0.26725879311561584
VTM-004488,DG-2decccec0010,goethite,0,3,3,0.545647382736206,0.03324337676167488,0.25076770782470703,0.17289447784423828,0.5430944561958313
VTM-004498,DG-bf44617a6ab2,goethite,0,3,3,0.539010763168335,0.024683877825737,0.026946157217025757,0.16686077415943146,0.7815092206001282
VTM-004504,DG-c1aa704d2a6e,goethite,0,3,3,0.8670657277107239,0.4104897975921631,0.08541924506425858,0.06714588403701782,0.4369450807571411
VTM-004515,DG-1c6542948e6f,goethite,0,3,3,0.7448295950889587,0.2153225839138031,0.04355746880173683,0.030578214675188065,0.7105417251586914
VTM-004518,DG-f9fe66c5becf,goethite,0,3,3,0.7053837180137634,0.15382727980613708,0.26479339599609375,0.016118492931127548,0.5652608275413513
VTM-004525,DG-bbaadd195115,goethite,0,3,1,0.5955077409744263,0.020866451784968376,0.539340615272522,0.40252071619033813,0.03727215155959129
VTM-004532,DG-1958ad54fa3a,goethite,0,3,1,0.558889627456665,0.009667633101344109,0.5555651187896729,0.0493432842195034,0.3854239881038666
VTM-004541,DG-5544322fe5dc,goethite,0,3,3,0.8032813668251038,0.2425001859664917,0.32803428173065186,0.041094355285167694,0.38837116956710815
VTM-004542,DG-566bb1ba97ab,goethite,0,3,0,0.9403650164604187,0.935625433921814,0.032463252544403076,0.008798676542937756,0.02311261184513569
VTM-004544,DG-5dee52144675,goethite,0,3,3,0.6652704477310181,0.15095849335193634,0.17775747179985046,0.013961352407932281,0.6573226451873779
VTM-004549,DG-a434ef073065,goethite,0,3,3,0.5738496780395508,0.03953181207180023,0.03632208704948425,0.3133857846260071,0.6107603311538696
VTM-004554,DG-d8c270e4d550,goethite,0,3,1,0.7858331203460693,0.19479896128177643,0.46415582299232483,0.037401389330625534,0.3036438226699829
VTM-004555,DG-6b39bbdc8ae5,goethite,0,3,1,0.6998232007026672,0.054730817675590515,0.7153781652450562,0.1579311490058899,0.07195995002985
VTM-004557,DG-cc9475356267,goethite,0,3,3,0.5480064153671265,0.0010452806018292904,0.0004874772275798023,0.00039343652315437794,0.9980738162994385
VTM-004565,DG-0b9ec2c49631,goethite,0,3,1,0.792597770690918,0.1913076937198639,0.4945437014102936,0.08514508605003357,0.22900351881980896
VTM-004566,DG-a96f9eb81289,goethite,0,3,1,0.6642962098121643,0.012740499339997768,0.8375905156135559,0.11532779783010483,0.03434116393327713
VTM-004568,DG-ea98ad0adeb4,goethite,0,3,3,0.5398190021514893,0.03035775199532509,0.18614351749420166,0.055891819298267365,0.7276068925857544
VTM-004569,DG-6f14e9b225e4,goethite,0,3,3,0.605108380317688,0.06148321181535721,0.024915654212236404,0.009364300407469273,0.9042367935180664
VTM-004572,DG-7a5dd27a3db7,goethite,0,3,3,0.5240567922592163,0.0012552561238408089,0.00204085954464972,0.008479415439069271,0.9882245063781738
VTM-004578,DG-53312f8ab848,goethite,0,3,3,0.852966845035553,0.3820352852344513,0.043060556054115295,0.020129159092903137,0.5547749996185303
VTM-004591,DG-9b5d4c76e13f,goethite,0,3,1,0.5909715890884399,0.010121571831405163,0.7136216163635254,0.0562589205801487,0.21999786794185638
VTM-004594,DG-5e455ae2a2e5,goethite,0,3,3,0.5416202545166016,0.03249358758330345,0.06052516773343086,0.2757219970226288,0.6312592029571533
VTM-004611,DG-a1546a58cd91,goethite,0,3,1,0.575939416885376,0.036782264709472656,0.4221671223640442,0.4217836558818817,0.11926691234111786
VTM-004613,DG-89979111c25d,goethite,0,3,0,0.8757895231246948,0.41386279463768005,0.19710560142993927,0.025398746132850647,0.36363285779953003
VTM-004615,DG-d29cacb74737,goethite,0,3,0,0.9382166266441345,0.8508375287055969,0.024937419220805168,0.005777936428785324,0.11844716221094131
VTM-004623,DG-ca33ccf007de,goethite,0,3,2,0.4929194152355194,0.01633109338581562,0.07123374938964844,0.7307592630386353,0.18167588114738464
VTM-004630,DG-210b75b316b3,goethite,0,3,3,0.5645299553871155,0.047399021685123444,0.1792905330657959,0.07968595623970032,0.6936244964599609
VTM-004650,DG-9815786e0c94,goethite,0,3,3,0.6094802618026733,0.06916055828332901,0.07920725643634796,0.03165369853377342,0.8199784755706787
VTM-004656,DG-5d17ac15c3f5,goethite,0,3,2,0.48560771346092224,0.011427609249949455,0.3152856230735779,0.6076377630233765,0.06564900279045105
VTM-004659,DG-ec2dd91f462f,goethite,0,3,1,0.5120084881782532,0.006587250158190727,0.5215255618095398,0.3872947096824646,0.08459243178367615
VTM-004663,DG-a56f94524b55,goethite,0,3,0,0.9318030476570129,0.6671451330184937,0.2155037373304367,0.021303636953234673,0.09604749828577042
VTM-004664,DG-b823dff07c3d,goethite,0,3,2,0.41925811767578125,0.000955305527895689,0.0886218398809433,0.6781439185142517,0.232278972864151
VTM-004665,DG-d672f6ddcf24,goethite,0,3,1,0.7107021808624268,0.0846894308924675,0.6325228214263916,0.05025634169578552,0.23253142833709717
VTM-004670,DG-ee8061b12d62,goethite,0,3,3,0.8138789534568787,0.2689555883407593,0.24497894942760468,0.15739567577838898,0.32866978645324707
VTM-004677,DG-7b1cc3374528,goethite,0,3,1,0.6125771999359131,0.02529137022793293,0.6242250800132751,0.07081079483032227,0.2796728014945984
VTM-004683,DG-62ffe2cbfb7e,goethite,0,3,3,0.5258289575576782,0.00034486118238419294,0.0006775919464416802,0.0004178855160716921,0.9985597133636475
VTM-004686,DG-498985017e3d,goethite,0,3,3,0.5568198561668396,0.03955649957060814,0.15802086889743805,0.049998022615909576,0.7524245977401733
VTM-004695,DG-064bd74f8d66,goethite,0,3,3,0.6920260190963745,0.14748185873031616,0.08632899820804596,0.23308250308036804,0.5331066846847534
VTM-004699,DG-4983712b4f53,goethite,0,3,1,0.8447205424308777,0.2814144492149353,0.38225674629211426,0.09915274381637573,0.2371760755777359
VTM-004701,DG-3634551650f6,goethite,0,3,3,0.5638072490692139,0.04758504033088684,0.035670146346092224,0.028285272419452667,0.8884595632553101
VTM-004713,DG-76a5d9ba4878,goethite,0,3,1,0.7121093273162842,0.030147243291139603,0.9381961226463318,0.0067872959189116955,0.024869348853826523
VTM-004717,DG-bac81edd48be,goethite,0,3,1,0.7450966835021973,0.09767121821641922,0.6792986989021301,0.11239311099052429,0.11063694953918457
VTM-004722,DG-420c337bacad,hematite,0,3,3,0.5635539293289185,0.016366034746170044,0.00848587229847908,0.05271878093481064,0.9224293231964111
VTM-004735,DG-f51b38ebd2ce,hematite,0,3,1,0.7249797582626343,0.04179506376385689,0.9136757254600525,0.015159509144723415,0.029369626194238663
VTM-004739,DG-6d00a5116720,hematite,0,3,0,0.9025192856788635,0.47917014360427856,0.2844952940940857,0.05079667270183563,0.1855379194021225
VTM-004742,DG-56afffc2c4f3,hematite,0,3,1,0.6751587390899658,0.0005029317107982934,0.9950591325759888,0.0012491036904975772,0.003188828472048044
VTM-004751,DG-3f9343259002,hematite,0,3,0,0.9031373858451843,0.5042440295219421,0.08376020938158035,0.30966395139694214,0.10233177989721298
VTM-004757,DG-94f14ee45fd9,hematite,0,3,3,0.8071113228797913,0.26358017325401306,0.22099080681800842,0.03804870322346687,0.4773803949356079
VTM-004768,DG-ef8c2ff8e925,hematite,0,3,3,0.5453784465789795,0.028796173632144928,0.017322922125458717,0.03965882584452629,0.9142221212387085
VTM-004776,DG-e649d7ebea33,hematite,0,3,3,0.7087371945381165,0.17426589131355286,0.0471622571349144,0.0907679945230484,0.6878038048744202
VTM-004783,DG-253d2482c921,hematite,0,3,1,0.7082184553146362,0.020111847668886185,0.9436020851135254,0.027683692052960396,0.008602418936789036
VTM-004785,DG-f0a32bf60919,hematite,0,3,1,0.7802251577377319,0.12534785270690918,0.7463903427124023,0.024316633120179176,0.10394515842199326
VTM-004786,DG-f3a4e0b6555c,hematite,0,3,0,0.8818495273590088,0.4240002930164337,0.13640698790550232,0.02701137401163578,0.4125814139842987
VTM-004788,DG-965b2bf1d78a,hematite,0,3,2,0.7557440400123596,0.19498485326766968,0.24837562441825867,0.3239540457725525,0.23268550634384155
VTM-004792,DG-f77fc972ec8c,hematite,0,3,0,0.9382203817367554,0.8049249053001404,0.10234138369560242,0.013873240910470486,0.07886048406362534
VTM-004801,DG-aebe66ef7240,hematite,0,3,1,0.705609142780304,0.019211802631616592,0.9368246793746948,0.0361594632267952,0.0078040361404418945
VTM-004814,DG-9055b7cc284e,hematite,0,3,0,0.937734067440033,0.7797025442123413,0.11352897435426712,0.018523087725043297,0.08824539184570312
VTM-004823,DG-8f3494190209,hematite,0,3,0,0.9186091423034668,0.5739940404891968,0.13191667199134827,0.07041306793689728,0.22367627918720245
VTM-004825,DG-80158b250c83,hematite,0,3,0,0.8731203079223633,0.3819018602371216,0.21692149341106415,0.05848320946097374,0.3426934480667114
VTM-004826,DG-b7a0b5815b3e,hematite,0,3,3,0.5211511850357056,0.005002286285161972,0.023818016052246094,0.008332617580890656,0.962847113609314
VTM-004839,DG-bcfdba1c3c5c,hematite,0,3,3,0.8346958160400391,0.29412660002708435,0.3199261426925659,0.02636640891432762,0.3595809042453766
VTM-004842,DG-150e4f6aae2e,hematite,0,3,2,0.51872318983078,0.01934489980340004,0.022813625633716583,0.6702682971954346,0.2875732481479645
VTM-004845,DG-3a7a27b4f2ac,hematite,0,3,1,0.8529179096221924,0.31705957651138306,0.3419781029224396,0.2063273787498474,0.134634867310524
VTM-004854,DG-69246049f0d8,hematite,0,3,3,0.5140916705131531,0.012308865785598755,0.040339622646570206,0.02749747782945633,0.9198540449142456
VTM-004855,DG-18aac18a56ef,hematite,0,3,3,0.703307569026947,0.1596919596195221,0.09240072965621948,0.10212128609418869,0.6457860469818115
VTM-004858,DG-ceaef9a35d40,hematite,0,3,3,0.5247256755828857,0.020669061690568924,0.10433551669120789,0.2183055579662323,0.6566898822784424
VTM-004860,DG-2778a0b9723d,hematite,0,3,3,0.6154071092605591,0.07561364769935608,0.12137061357498169,0.13958927989006042,0.6634265184402466
VTM-004864,DG-00dd679f3312,hematite,0,3,0,0.8879088759422302,0.40151622891426086,0.2880340814590454,0.21318809688091278,0.09726157784461975
VTM-004875,DG-1d354621213a,hematite,0,3,1,0.8663028478622437,0.3329220712184906,0.43494969606399536,0.1978333443403244,0.03429495915770531
VTM-004878,DG-faf2e184df1b,hematite,0,3,3,0.7991589903831482,0.29520052671432495,0.05725739523768425,0.00866212509572506,0.6388799548149109
VTM-004882,DG-769f57cd2cf8,hematite,0,3,0,0.902951180934906,0.45990023016929626,0.2569163143634796,0.04247839003801346,0.24070507287979126
VTM-004888,DG-ad99a0f5aff2,hematite,0,3,3,0.8353261947631836,0.3183650076389313,0.03176082298159599,0.25915780663490295,0.3907163739204407
VTM-004890,DG-65936d1143ea,hematite,0,3,0,0.8746044039726257,0.4068938195705414,0.15864257514476776,0.258060485124588,0.17640309035778046
VTM-004893,DG-0dd74fec7b9f,hematite,0,3,0,0.860712468624115,0.3524777293205261,0.25878164172172546,0.050250228494405746,0.33849039673805237
VTM-004894,DG-f62eaf3c0647,hematite,0,3,2,0.6869977116584778,0.1272227168083191,0.03182395547628403,0.5295346975326538,0.3114185929298401
VTM-004902,DG-604f861a8a8c,hematite,0,3,0,0.889151394367218,0.4209715723991394,0.23447230458259583,0.10662166029214859,0.23793451488018036
VTM-004910,DG-46b91cfaab7c,hematite,0,3,3,0.6136249899864197,0.07747577130794525,0.04698413610458374,0.07200536876916885,0.803534746170044
VTM-004917,DG-25d0a83898c6,hematite,0,3,1,0.6654000878334045,0.0023297604639083147,0.968061089515686,0.019054561853408813,0.010554665699601173
VTM-004930,DG-23e5de56e4c0,hematite,0,3,2,0.648959755897522,0.07261255383491516,0.3582236170768738,0.4854012131690979,0.08376259356737137
VTM-004937,DG-ab5809dd5da8,hematite,0,3,3,0.8162775039672852,0.24322152137756348,0.3232845366001129,0.05874774605035782,0.3747462332248688
VTM-004939,DG-c8e4fa42bc5c,hematite,0,3,0,0.9135432243347168,0.5694179534912109,0.11100244522094727,0.00856027938425541,0.31101930141448975
VTM-004941,DG-821d8a7f1feb,hematite,0,3,0,0.8623432517051697,0.33868956565856934,0.3315979838371277,0.05661722272634506,0.2730952799320221
VTM-004953,DG-974ef309f918,hematite,0,3,1,0.6472574472427368,0.040072791278362274,0.646354615688324,0.09465262293815613,0.21891996264457703
VTM-004959,DG-d491c306fa10,hematite,0,3,0,0.9364444017410278,0.7843191623687744,0.18953625857830048,0.014984587207436562,0.011159962974488735
VTM-004965,DG-ec5605c40be2,hematite,0,3,3,0.8449212312698364,0.3209773600101471,0.12817421555519104,0.22504420578479767,0.3258042335510254
VTM-004966,DG-67f97c86afca,hematite,0,3,3,0.5683003067970276,0.04805705323815346,0.05671326071023941,0.010270263068377972,0.8849594593048096
VTM-004970,DG-5d84fd7431ec,hematite,0,3,1,0.6350919604301453,0.031145315617322922,0.6898653507232666,0.14216366410255432,0.13682565093040466
VTM-004978,DG-c1d8c5df3846,hematite,0,3,3,0.6532737016677856,0.10767672210931778,0.04030414670705795,0.2498060166835785,0.6022130846977234
VTM-004980,DG-7d3162471b4a,hematite,0,3,2,0.8171413540840149,0.26127612590789795,0.29252707958221436,0.35888105630874634,0.08731576800346375
VTM-004983,DG-ad7d28354932,hematite,0,3,0,0.9120310544967651,0.48798641562461853,0.28110766410827637,0.02201816812157631,0.2088877558708191
VTM-004987,DG-f49f996beda9,hematite,0,3,3,0.5883557200431824,0.03614839166402817,0.027541058138012886,0.016003578901290894,0.9203070402145386
VTM-004998,DG-a2b8bf8028b9,hematite,0,3,1,0.7293832898139954,0.11820915341377258,0.5866885185241699,0.023936808109283447,0.27116554975509644
VTM-005005,DG-6e60bb077167,hematite,0,3,3,0.6462759375572205,0.07845177501440048,0.00882683228701353,0.030529337003827095,0.882192075252533
VTM-005007,DG-c33ec218e14c,hematite,0,3,1,0.6626646518707275,0.05281240865588188,0.6193966269493103,0.21416446566581726,0.11362651735544205
VTM-005009,DG-80d9a06a5bdb,hematite,0,3,1,0.6924614310264587,0.11159385740756989,0.3607181906700134,0.19444355368614197,0.3332443833351135
VTM-005011,DG-9f846ac38613,hematite,0,3,2,0.49457135796546936,0.00971614383161068,0.07297669351100922,0.8892759084701538,0.02803133614361286
VTM-005013,DG-004213fd6a05,hematite,0,3,0,0.9203824996948242,0.5795702934265137,0.1085185781121254,0.13989515602588654,0.1720159351825714
VTM-005014,DG-02f65976cc5c,hematite,0,3,1,0.6477400660514832,0.013297555968165398,0.8385165929794312,0.07542234659194946,0.07276351749897003
VTM-005015,DG-b8ee37c13b84,hematite,0,3,0,0.9308766722679138,0.6850852966308594,0.138604536652565,0.042363397777080536,0.13394667208194733
VTM-005017,DG-08624827eeb4,hematite,0,3,3,0.6217768788337708,0.0633930042386055,0.032123662531375885,0.28902119398117065,0.6154621839523315
VTM-005018,DG-3cc40d8eeec3,hematite,0,3,2,0.8611711859703064,0.380830317735672,0.11641986668109894,0.4052608609199524,0.09748897701501846
VTM-005021,DG-5a0d013f29bc,hematite,0,3,2,0.502364993095398,0.018162503838539124,0.08182338625192642,0.8682959079742432,0.031718187034130096
VTM-005027,DG-a471068e7ddf,pyrite,0,3,2,0.4876118004322052,0.0109453359618783,0.24004730582237244,0.39771342277526855,0.35129401087760925
VTM-005033,DG-48018e5e27ec,pyrite,0,3,3,0.6092883944511414,0.06888699531555176,0.15325094759464264,0.011309679597616196,0.7665523290634155
VTM-005039,DG-1d2c37317895,pyrite,0,3,0,0.8844598531723022,0.45788389444351196,0.09966108947992325,0.012235387228429317,0.4302196204662323
VTM-005043,DG-1ae77cd6446f,pyrite,0,3,1,0.6051507592201233,0.006899056024849415,0.7852877974510193,0.06691078096628189,0.14090237021446228
VTM-005044,DG-885f1327cdad,pyrite,0,3,1,0.5592706799507141,0.02516104280948639,0.464370995759964,0.21243005990982056,0.29803788661956787
VTM-005053,DG-afdd2cebd5ad,pyrite,0,3,0,0.9022161364555359,0.5084967613220215,0.10336822271347046,0.14027522504329681,0.24785977602005005
VTM-005054,DG-bebe81210f06,pyrite,0,3,0,0.9088635444641113,0.5116825699806213,0.14898695051670074,0.11483659595251083,0.22449389100074768
VTM-005056,DG-93096a3f948d,pyrite,0,3,3,0.733403205871582,0.20346298813819885,0.04296915978193283,0.08379650115966797,0.6697713136672974
VTM-005057,DG-99844870524b,pyrite,0,3,2,0.6263774037361145,0.09597915410995483,0.08150696754455566,0.6335326433181763,0.18898126482963562
VTM-005059,DG-58e451eb94e6,pyrite,0,3,1,0.7059662938117981,0.022733310237526894,0.9368791580200195,0.03460251912474632,0.00578496977686882
VTM-005062,DG-3c5a676ef940,pyrite,0,3,1,0.6989293098449707,0.004907422699034214,0.982070803642273,0.006515737622976303,0.00650600902736187
VTM-005068,DG-bc5b1867624d,pyrite,0,3,1,0.6461294889450073,0.0003278438816778362,0.995369553565979,0.0007897390751168132,0.003512856550514698
VTM-005075,DG-81dcb9b47254,pyrite,0,3,3,0.7902948260307312,0.2565355598926544,0.11663123965263367,0.14999990165233612,0.4768332839012146
VTM-005084,DG-6c407e904c0f,pyrite,0,3,1,0.7824631929397583,0.17318829894065857,0.46622180938720703,0.18316416442394257,0.17742569744586945
VTM-005085,DG-12fcd338d127,pyrite,0,3,1,0.751592218875885,0.08672907948493958,0.8840004205703735,0.023924920707941055,0.005345567129552364
VTM-005087,DG-40b31d56e866,pyrite,0,3,1,0.8093991279602051,0.2075042873620987,0.734793484210968,0.008680728264153004,0.04902149736881256
VTM-005089,DG-d8242605da4b,pyrite,0,3,3,0.5194140672683716,0.005255972966551781,0.010902094654738903,0.002347593894228339,0.9814943671226501
VTM-005097,DG-1d67319747fd,pyrite,0,3,0,0.9398107528686523,0.9147140979766846,0.04435473680496216,0.01623033545911312,0.024700827896595
VTM-005108,DG-60845d11361a,pyrite,0,3,3,0.5028594732284546,0.010574640706181526,0.067628875374794,0.029643189162015915,0.892153263092041
VTM-005109,DG-a9fa486f4e05,pyrite,0,3,3,0.6285828351974487,0.08337124437093735,0.015628863126039505,0.020821521058678627,0.8801783323287964
VTM-005111,DG-c9c7f1af00da,pyrite,0,3,3,0.560594379901886,0.0022769456263631582,0.0014210229273885489,0.0033989804796874523,0.9929030537605286
VTM-005116,DG-bf8e5fdfdbbd,pyrite,0,3,3,0.47013482451438904,0.0016295938985422254,0.03257695212960243,0.01701364666223526,0.948779821395874
VTM-005123,DG-4b94ec7288ff,pyrite,0,3,0,0.9307793378829956,0.7120288610458374,0.07406037300825119,0.006527912802994251,0.20738284289836884
VTM-005126,DG-35c61aeaf99c,pyrite,0,3,0,0.9062710404396057,0.49601128697395325,0.2080857902765274,0.012117316946387291,0.2837856113910675
VTM-005128,DG-4aa68311e4f9,pyrite,0,3,3,0.49963852763175964,0.003072650171816349,0.012595953419804573,0.0005013351328670979,0.9838300347328186
VTM-005130,DG-834f56988167,pyrite,0,3,3,0.4712482988834381,0.0007226953748613596,0.01768679916858673,0.014879254624247551,0.9667112827301025
VTM-005132,DG-db5c3921883f,pyrite,0,3,2,0.775886058807373,0.2195844054222107,0.1387462019920349,0.4378634989261627,0.20380593836307526
VTM-005141,DG-8c934d87db0a,pyrite,0,3,1,0.6734183430671692,0.10201339423656464,0.35493093729019165,0.2001701146364212,0.3428855240345001
VTM-005154,DG-7e60ce337608,pyrite,0,3,3,0.46338117122650146,0.0006486444035544991,0.15674054622650146,0.024169204756617546,0.8184415698051453
VTM-005158,DG-57a469d30a7f,pyrite,0,3,3,0.5161616206169128,0.0055128345265984535,0.015024904161691666,0.004005013033747673,0.9754571914672852
VTM-005174,DG-a499df07f08c,pyrite,0,3,0,0.9024019241333008,0.5160243511199951,0.06312286853790283,0.10464412719011307,0.31620875000953674
VTM-005184,DG-20dc4e724938,pyrite,0,3,3,0.6518783569335938,0.14293961226940155,0.06910263001918793,0.015370395965874195,0.7725874185562134
VTM-005185,DG-b02bcb8f8157,pyrite,0,3,3,0.5605570077896118,0.017303308472037315,0.003655453212559223,0.0214979350566864,0.9575432538986206
VTM-005190,DG-002d42194900,pyrite,0,3,3,0.789668083190918,0.25989675521850586,0.19089768826961517,0.06815516203641891,0.48105037212371826
VTM-005194,DG-fd4dfd469cf8,pyrite,0,3,1,0.6405379772186279,0.014365321956574917,0.7964197993278503,0.029819712042808533,0.15939517319202423
VTM-005199,DG-7e48265bce06,pyrite,0,3,2,0.48969703912734985,0.013345819897949696,0.05182977020740509,0.5295764207839966,0.4052479863166809
VTM-005210,DG-6042ca49a613,pyrite,0,3,3,0.5648747682571411,0.0036237637978047132,0.0008551712380722165,0.0008316764724440873,0.9946893453598022
VTM-005214,DG-dadf133cc975,pyrite,0,3,3,0.714420735836029,0.17877323925495148,0.043651338666677475,0.021663790568709373,0.755911648273468
VTM-005218,DG-0e7b04e1f7bd,pyrite,0,3,3,0.4952548146247864,0.004902117885649204,0.1324257254600525,0.04317614436149597,0.8194960355758667
VTM-005227,DG-8998dcab4285,pyrite,0,3,1,0.8321413993835449,0.24382881820201874,0.5202793478965759,0.06787607818841934,0.16801570355892181
VTM-005232,DG-dca0bf0df100,pyrite,0,3,1,0.5812280178070068,0.010441320016980171,0.652743935585022,0.10451844334602356,0.23229631781578064
VTM-005237,DG-1ca72868977d,pyrite,0,3,2,0.43441107869148254,0.0038358932361006737,0.21016515791416168,0.6100131273269653,0.17598579823970795
VTM-005243,DG-43b4714f32a0,pyrite,0,3,3,0.5531715154647827,0.03706210106611252,0.22170335054397583,0.18521448969841003,0.5560200810432434
VTM-005245,DG-dcb832ddbd03,pyrite,0,3,1,0.5433894991874695,0.014821971766650677,0.5242432951927185,0.320281982421875,0.14065274596214294
VTM-005249,DG-58bedd854c09,pyrite,0,3,3,0.5215074419975281,0.01372012123465538,0.07926158607006073,0.01946161314845085,0.8875566720962524
VTM-005255,DG-58f9aca080f1,pyrite,0,3,3,0.5550405979156494,0.010714737698435783,0.015099278651177883,0.03643851727247238,0.9377474784851074
VTM-005257,DG-94f7f62e4a46,pyrite,0,3,0,0.8863792419433594,0.42981284856796265,0.2024841606616974,0.07958425581455231,0.28811880946159363
VTM-005275,DG-3a4e65c23c9a,pyrite,0,3,3,0.4961082935333252,0.005777979269623756,0.17615589499473572,0.051105841994285583,0.7669603228569031
VTM-005282,DG-2dd8ac8470e7,pyrite,0,3,3,0.4655090868473053,0.0024227332323789597,0.13963726162910461,0.12026508897542953,0.7376749515533447
VTM-005283,DG-a457079ebc89,pyrite,0,3,2,0.7583780884742737,0.1933409869670868,0.1537202000617981,0.3607558012008667,0.2921830415725708
VTM-005285,DG-e75834ebe6df,pyrite,0,3,3,0.6094810962677002,0.09465769678354263,0.10353699326515198,0.007197304628789425,0.794607937335968
VTM-005289,DG-2f8b0ab0f8ac,pyrite,0,3,0,0.9264853596687317,0.5959993600845337,0.15977591276168823,0.006753959227353334,0.2374708354473114
VTM-005293,DG-cee97aa553ab,pyrite,0,3,2,0.5143166780471802,0.025723865255713463,0.1780475676059723,0.4692850112915039,0.326943576335907
VTM-005294,DG-8bc14bccae55,pyrite,0,3,2,0.6113203763961792,0.07565964758396149,0.17578476667404175,0.5647091269493103,0.18384642899036407
VTM-005314,DG-0d47cae31fd5,pyrite,0,3,3,0.5180890560150146,0.01695176027715206,0.07990002632141113,0.2411136031150818,0.6620346307754517
VTM-005318,DG-5acaffb8ad39,pyrite,0,3,3,0.7943095564842224,0.28835591673851013,0.08089634031057358,0.04986392706632614,0.580883800983429
VTM-005319,DG-5e7536848ebf,pyrite,0,3,2,0.459434449672699,0.003214114811271429,0.04013215750455856,0.5807384252548218,0.3759153187274933
VTM-005321,DG-90fc1041b1a1,pyrite,0,3,0,0.8757206797599792,0.40964165329933167,0.10333562642335892,0.12290622293949127,0.36411651968955994
VTM-005323,DG-624ea6fd1a89,pyrite,0,3,2,0.5708584189414978,0.04778161644935608,0.03461775556206703,0.5099378824234009,0.4076627790927887
VTM-005325,DG-12007c5eab6a,pyrite,0,3,3,0.729252815246582,0.15892094373703003,0.2921951115131378,0.13382159173488617,0.4150623679161072
VTM-005328,DG-5fad50ff3fdf,anatase,0,1,1,0.6914242506027222,0.006267219316214323,0.96695876121521,0.01832389645278454,0.00845019519329071
VTM-005332,DG-09cce3d50332,anatase,0,1,1,0.7060061097145081,0.0987810492515564,0.5874252319335938,0.09051878750324249,0.22327503561973572
VTM-005333,DG-0074b2b9fa22,anatase,0,1,1,0.7890351414680481,0.15437264740467072,0.799171507358551,0.015621166676282883,0.03083464689552784
VTM-005342,DG-b119c3a95897,anatase,0,1,0,0.88349449634552,0.43983525037765503,0.1060766726732254,0.052815161645412445,0.4012729227542877
VTM-005346,DG-a212476f0e24,anatase,0,1,1,0.7612659931182861,0.1261267066001892,0.6166576147079468,0.15756557881832123,0.09965004771947861
VTM-005357,DG-083df4bcf1b6,anatase,0,1,1,0.6919331550598145,0.0019155724439769983,0.9946154356002808,0.0012445625616237521,0.002224390394985676
VTM-005359,DG-e61d0c41d97f,anatase,0,1,1,0.6603304147720337,0.01883852481842041,0.7347179651260376,0.22238188982009888,0.02406158670783043
VTM-005376,DG-30625b154404,anatase,0,1,1,0.7035855054855347,0.017205819487571716,0.9488217830657959,0.018313031643629074,0.01565936580300331
VTM-005378,DG-5b021d05121c,anatase,0,1,3,0.4830532371997833,0.0051621138118207455,0.23737770318984985,0.10177342593669891,0.6556867957115173
VTM-005387,DG-80f391e1da4e,anatase,0,1,1,0.6885766386985779,0.028075557202100754,0.8337403535842896,0.09210169315338135,0.04608241468667984
VTM-005397,DG-d433d69a75eb,anatase,0,1,1,0.7799148559570312,0.15836814045906067,0.6122728586196899,0.15860524773597717,0.07075367122888565
VTM-005399,DG-bc2a2ec78e86,anatase,0,1,1,0.7536308169364929,0.09672591090202332,0.8929809331893921,0.0018869074992835522,0.008406213484704494
VTM-005401,DG-a38782d1a9f8,anatase,0,1,2,0.5402123928070068,0.009755979292094707,0.25718510150909424,0.7151546478271484,0.017904270440340042
VTM-005403,DG-ae68f6ca0273,anatase,0,1,3,0.8339422941207886,0.3345939517021179,0.1541648805141449,0.11601531505584717,0.3952259123325348
VTM-005404,DG-b9c06f4c6d67,anatase,0,1,1,0.8152714371681213,0.1914387196302414,0.7468050718307495,0.04713975638151169,0.014616519212722778
VTM-005405,DG-ea66f8d9f640,anatase,0,1,0,0.9311375617980957,0.6843297481536865,0.1310274600982666,0.007248299196362495,0.17739452421665192
VTM-005408,DG-cb08d8ff5d8d,anatase,0,1,1,0.715018093585968,0.024303991347551346,0.9474754333496094,0.0038640769198536873,0.02435651235282421
VTM-005409,DG-8bad2ba4fe15,anatase,0,1,1,0.7052605748176575,0.014114698395133018,0.9693379402160645,0.0015700708609074354,0.014977293089032173
VTM-005413,DG-b7ba5434e7cc,anatase,0,1,1,0.6526025533676147,0.017522860318422318,0.711447536945343,0.23452067375183105,0.03650892525911331
VTM-005423,DG-4c7d5ac23365,anatase,0,1,1,0.7138444781303406,0.05953647941350937,0.8041790127754211,0.04768170788884163,0.08860281109809875
VTM-005426,DG-ee8f9ef44b62,anatase,0,1,1,0.7328569293022156,0.04633282124996185,0.9156448841094971,0.0120766032487154,0.0259456355124712
VTM-005442,DG-f69862dc0fd6,anatase,0,1,1,0.8886449337005615,0.3874101936817169,0.3995399475097656,0.005453483201563358,0.20759634673595428
VTM-005445,DG-b43ea7f3a313,anatase,0,1,0,0.8728947639465332,0.40126833319664,0.1325848400592804,0.16225120425224304,0.30389559268951416
VTM-005448,DG-d41fda0ff8c6,anatase,0,1,1,0.837605893611908,0.22867560386657715,0.6166163086891174,0.02636832185089588,0.12833978235721588
VTM-005451,DG-491d3a625821,anatase,0,1,1,0.7291063070297241,0.051276687532663345,0.9185216426849365,0.009287575259804726,0.020914144814014435
VTM-005455,DG-5bb759787924,anatase,0,1,1,0.688570499420166,0.014308156445622444,0.932113766670227,0.006078650709241629,0.047499485313892365
VTM-005458,DG-50f1e9505f76,anatase,0,1,1,0.5874668955802917,0.023431504145264626,0.4957120418548584,0.4329955577850342,0.04786095395684242
VTM-005460,DG-53183cc0ba4f,anatase,0,1,1,0.5955264568328857,0.014298396185040474,0.6942681074142456,0.16632558405399323,0.12510788440704346
VTM-005465,DG-28a3b618a89f,anatase,0,1,1,0.662777841091156,0.018927808851003647,0.7724970579147339,0.01376265101134777,0.19481247663497925
VTM-005469,DG-3398e7cd0924,anatase,0,1,1,0.6341972947120667,0.004449930042028427,0.843265175819397,0.14102298021316528,0.011261915788054466
VTM-005478,DG-dd5681c77e0c,anatase,0,1,1,0.6286861896514893,0.0035712604876607656,0.8190195560455322,0.16345646977424622,0.013952706009149551
VTM-005484,DG-637e2ff90c73,anatase,0,1,1,0.7238531708717346,0.09780368208885193,0.6189500689506531,0.10775867849588394,0.17548760771751404
VTM-005487,DG-917cd118cbf7,anatase,0,1,0,0.9255717992782593,0.5973690152168274,0.3555401861667633,0.0088576041162014,0.03823317587375641
VTM-005498,DG-b603483eda18,anatase,0,1,2,0.48152628540992737,0.010997298173606396,0.08191442489624023,0.8569990396499634,0.05008929222822189
VTM-005505,DG-146e87255e33,anatase,0,1,1,0.6416205763816833,0.03766430541872978,0.5456013679504395,0.3547326326370239,0.06200172007083893
VTM-005512,DG-556cc408206b,anatase,0,1,1,0.6950571537017822,0.012345919385552406,0.9455375671386719,0.02371158078312874,0.018404902890324593
VTM-005513,DG-0b7196629afe,anatase,0,1,1,0.6268147826194763,0.01720310002565384,0.7341856956481934,0.07254519313573837,0.17606598138809204
VTM-005521,DG-2737c9d421da,anatase,0,1,1,0.6552252173423767,0.0037364941090345383,0.8486266136169434,0.13979065418243408,0.007846194319427013
VTM-005522,DG-d716ebd0e882,anatase,0,1,1,0.7430173754692078,0.08226868510246277,0.7534675598144531,0.07453209161758423,0.08973169326782227
VTM-005530,DG-c0386a4a37a3,anatase,0,1,1,0.7118860483169556,0.019480815157294273,0.9600591063499451,0.013188669458031654,0.007271394599229097
VTM-005547,DG-7ec473183a7f,anatase,0,1,1,0.744620144367218,0.07054843753576279,0.9048619270324707,0.010514847002923489,0.014074768871068954
VTM-005552,DG-4e499ebb87a9,anatase,0,1,1,0.7756440043449402,0.164754256606102,0.6281915307044983,0.11909900605678558,0.08795518428087234
VTM-005555,DG-2431c71db8f9,anatase,0,1,1,0.6997416615486145,0.0029899661894887686,0.9768396615982056,0.017370741814374924,0.002799626439809799
VTM-005558,DG-1e86056ba2d6,anatase,0,1,1,0.6442344188690186,0.003286389634013176,0.6981346011161804,0.29586201906204224,0.002716941060498357
VTM-005561,DG-a8b28d967905,anatase,0,1,1,0.7612874507904053,0.08722430467605591,0.9061123132705688,0.0033201160840690136,0.003343248972669244
VTM-005563,DG-72b70ff285e9,anatase,0,1,1,0.6869439482688904,0.021494392305612564,0.8444104194641113,0.10698197782039642,0.027113236486911774
VTM-005568,DG-a2ffe036094e,anatase,0,1,1,0.7919415235519409,0.14494052529335022,0.7935858964920044,0.03714265674352646,0.02433091774582863
VTM-005570,DG-99d53ddabd05,anatase,0,1,1,0.7039890289306641,0.0028866829816251993,0.9924254417419434,0.0033372051548212767,0.0013506935210898519
VTM-005571,DG-b5e491db2458,anatase,0,1,1,0.691958487033844,0.02487258054316044,0.8935329914093018,0.017113350331783295,0.06448110938072205
VTM-005572,DG-b1ac96405b6f,anatase,0,1,1,0.8011482954025269,0.23097696900367737,0.32690951228141785,0.258138507604599,0.18397505581378937
VTM-005586,DG-4b15eba1dfab,anatase,0,1,3,0.5324810743331909,0.014776092022657394,0.37549757957458496,0.10244739055633545,0.5072788596153259
VTM-005594,DG-ad65af40f967,anatase,0,1,1,0.6964923143386841,0.016899101436138153,0.9182472229003906,0.04381009191274643,0.021043607965111732
VTM-005617,DG-516e624d4b18,anatase,0,1,1,0.650627613067627,0.009897271171212196,0.8653450012207031,0.030019087716937065,0.09473860263824463
VTM-005621,DG-b799dbed84bb,anatase,0,1,1,0.6885161995887756,0.002604690147563815,0.9859269857406616,0.005952682811766863,0.005515607073903084
VTM-005623,DG-3ce35705ae4e,anatase,0,1,0,0.937048614025116,0.7928476333618164,0.1461799442768097,0.010623934678733349,0.05034848675131798
VTM-005626,DG-ced3f034947d,anatase,0,1,1,0.6471794247627258,0.00023062864784151316,0.9940552711486816,0.0015799934044480324,0.004134068265557289
VTM-005638,DG-59e46a2127a9,anatase,0,1,1,0.6209423542022705,0.005787509027868509,0.8413145542144775,0.01890111342072487,0.13399676978588104
VTM-005642,DG-9c94a31bbfea,anatase,0,1,2,0.5459302663803101,0.0031950778793543577,0.3204120993614197,0.6717795729637146,0.004613220691680908
VTM-005643,DG-5846ebd32a5e,anatase,0,1,1,0.7638192176818848,0.1364290416240692,0.5879944562911987,0.19840888679027557,0.07716754078865051
VTM-005647,DG-345bb3f8cf03,anatase,0,1,1,0.6996875405311584,0.001132770674303174,0.9960115551948547,0.0013379307929426432,0.001517734257504344
VTM-005657,DG-8e491c68e772,anatase,0,1,1,0.7354228496551514,0.06265417486429214,0.8933460712432861,0.022454747930169106,0.021544966846704483
VTM-005659,DG-ac7e3430ef79,anatase,0,1,1,0.7842617034912109,0.213163822889328,0.3175847828388214,0.2179633229970932,0.2512880861759186
VTM-005661,DG-bd822846b5d3,anatase,0,1,1,0.6523740291595459,0.007666481658816338,0.7828916311264038,0.19081130623817444,0.01863066852092743
VTM-005669,DG-d020b472f9b0,anatase,0,1,1,0.7183753252029419,0.03222636878490448,0.9254252910614014,0.028073517605662346,0.014274843037128448
VTM-005671,DG-d3a234a42d04,anatase,0,1,1,0.7174938321113586,0.02542724460363388,0.9630699157714844,0.0021608714014291763,0.009341979399323463
VTM-005672,DG-a3ba3e32e3a4,anatase,0,1,3,0.4940773844718933,0.007416851818561554,0.0505589134991169,0.045561615377664566,0.896462619304657
VTM-005677,DG-1756b320f36b,anatase,0,1,2,0.5422043204307556,0.032149337232112885,0.062045179307460785,0.5724148154258728,0.33339065313339233
VTM-005678,DG-8b59a7f34894,anatase,0,1,1,0.7061216235160828,0.015596181154251099,0.9582131505012512,0.00572447432205081,0.020466234534978867
VTM-005682,DG-713619ec862e,anatase,0,1,1,0.7312218546867371,0.05870123580098152,0.8519269824028015,0.06124459207057953,0.028127238154411316
VTM-005686,DG-78aa342bd9f6,anatase,0,1,1,0.7060749530792236,0.015418627299368382,0.9326592683792114,0.04249696806073189,0.009425190277397633
VTM-005690,DG-04c6ad3632fd,anatase,0,1,1,0.7687673568725586,0.13321921229362488,0.6569002866744995,0.1055973693728447,0.10428319871425629
VTM-005691,DG-65a260104a5a,anatase,0,1,1,0.6875623464584351,0.045716337859630585,0.6644936800003052,0.19541674852371216,0.09437323361635208
VTM-005692,DG-fbbe7f9885cd,anatase,0,1,2,0.45366328954696655,0.0017181297298520803,0.40848106145858765,0.5038751363754272,0.08592566847801208
VTM-005695,DG-86129bb026ef,anatase,0,1,1,0.7008204460144043,0.005669800564646721,0.987778902053833,0.001622346811927855,0.0049289520829916
VTM-005699,DG-20f6cb27f286,anatase,0,1,1,0.6599432229995728,0.013532117009162903,0.8634154796600342,0.0896579921245575,0.03339441120624542
VTM-005707,DG-eec2c1800964,anatase,0,1,1,0.6698420643806458,0.002248261822387576,0.9818446636199951,0.0013598675141111016,0.014547320082783699
VTM-005710,DG-7806d4995e56,anatase,0,1,2,0.4921129047870636,0.013377253897488117,0.18377232551574707,0.7608271837234497,0.042023204267024994
VTM-005715,DG-acfc7cc85cb1,anatase,0,1,0,0.8551536202430725,0.3731597363948822,0.20820218324661255,0.06495403498411179,0.3536840081214905
VTM-005717,DG-d58ec01453f4,anatase,0,1,1,0.6974663734436035,0.006842070259153843,0.970696210861206,0.01643175445497036,0.006029992364346981
VTM-005720,DG-acfc7cc85cb1,anatase,0,1,1,0.637787938117981,0.09417563676834106,0.40126341581344604,0.28494054079055786,0.21962036192417145
VTM-005721,DG-5819d089c4c6,anatase,0,1,1,0.7097761034965515,0.0616740956902504,0.6828230619430542,0.0066044447012245655,0.24889838695526123
VTM-005726,DG-38a805efc962,anatase,0,1,1,0.594201385974884,0.001015916233882308,0.8345872163772583,0.13659866154193878,0.027798227965831757
VTM-005727,DG-5f53bc236448,anatase,0,1,1,0.6715789437294006,0.0013778188731521368,0.9434242248535156,0.05139626935124397,0.00380168529227376
VTM-005732,DG-0e1fad042bd7,anatase,0,1,1,0.7260504364967346,0.034034162759780884,0.9501824378967285,0.005507150664925575,0.01027633249759674
VTM-005744,DG-ca38cda4fae2,anatase,0,1,1,0.7396177053451538,0.10095004737377167,0.6399369835853577,0.04964396357536316,0.2094690501689911
VTM-005745,DG-5c1a21b638ff,anatase,0,1,1,0.6878558397293091,0.03788352012634277,0.6789246201515198,0.2672492265701294,0.015942683443427086
VTM-005746,DG-9e0f8778a6f7,anatase,0,1,0,0.9091725945472717,0.507901668548584,0.20420487225055695,0.0974668562412262,0.19042664766311646
VTM-005751,DG-5d0f36bd5908,anatase,0,1,1,0.6859678030014038,0.017080172896385193,0.8636962175369263,0.08095044642686844,0.03827319294214249
VTM-005756,DG-3b51db28f48d,anatase,0,1,1,0.7729118466377258,0.12651410698890686,0.7871366739273071,0.007394404150545597,0.0789548009634018
VTM-005760,DG-2941b8f27636,anatase,0,1,1,0.6917331218719482,0.000862585031427443,0.9906959533691406,0.006787340622395277,0.0016541816294193268
VTM-005770,DG-2d5c07465c62,anatase,0,1,1,0.708854615688324,0.015720048919320107,0.9640455842018127,0.012807040475308895,0.0074273403733968735
VTM-005774,DG-9ec4ec40c567,anatase,0,1,1,0.7436606287956238,0.09746577590703964,0.7751334309577942,0.06876334547996521,0.05863744392991066
VTM-005777,DG-174aa415d2ec,anatase,0,1,0,0.9118597507476807,0.535334050655365,0.4240826368331909,0.03520698845386505,0.005376207642257214
VTM-005781,DG-9e81a009454c,anatase,0,1,1,0.764288604259491,0.10054483264684677,0.8700026273727417,0.01906893402338028,0.010383621789515018
VTM-005789,DG-4f68a56f3e10,anatase,0,1,1,0.6983469128608704,0.014519639313220978,0.9458608627319336,0.018229834735393524,0.02138957381248474
VTM-005805,DG-eae3ed981d24,anatase,0,1,2,0.49602392315864563,0.0006823671283200383,0.31331145763397217,0.683513879776001,0.0024923125747591257
VTM-005807,DG-e9df3f657a1d,anatase,0,1,1,0.723763644695282,0.0418304018676281,0.9288263320922852,0.007030842360109091,0.022312376648187637
VTM-005814,DG-1be091ba6cbe,anatase,0,1,1,0.605012059211731,0.0009227608097717166,0.8419376611709595,0.14781883358955383,0.009320750832557678
VTM-005815,DG-04f09cb80678,anatase,0,1,1,0.7100655436515808,0.016635650768876076,0.9640020132064819,0.009079326875507832,0.010283034294843674
VTM-005817,DG-ec25e7241278,anatase,0,1,1,0.6834762692451477,0.003173811361193657,0.9798364639282227,0.008728576824069023,0.008261090144515038
VTM-005824,DG-87b848eb7c59,anatase,0,1,1,0.7182852029800415,0.0401938296854496,0.8929983377456665,0.0470607653260231,0.019747085869312286
VTM-005825,DG-0a9f98d1512d,anatase,0,1,1,0.570396900177002,0.0007441508932970464,0.8071651458740234,0.15647299587726593,0.03561774268746376
VTM-005829,DG-72f049b6a70a,anatase,0,1,1,0.6594054698944092,0.0010889428667724133,0.9885129928588867,0.0008708952809683979,0.009527227841317654
VTM-005833,DG-53471fdc456b,anatase,0,1,1,0.8327274918556213,0.2498869001865387,0.653712272644043,0.03352287784218788,0.06287796795368195
VTM-005836,DG-e59f9c2f82d9,anatase,0,1,0,0.9121252298355103,0.5482211112976074,0.07434574514627457,0.12951236963272095,0.24792087078094482
VTM-005843,DG-9971cc2be60b,anatase,0,1,1,0.6906186938285828,0.005241326056420803,0.9005498886108398,0.09153108298778534,0.0026777274906635284
VTM-005846,DG-af6dba2d4d01,anatase,0,1,1,0.6922507882118225,0.009752538055181503,0.8913695216178894,0.09194228798151016,0.006935638375580311
VTM-005847,DG-0cf1f3555416,anatase,0,1,1,0.7429550290107727,0.08541172742843628,0.7704430818557739,0.07464896142482758,0.06949619948863983
VTM-005854,DG-b3cd54094dcf,anatase,0,1,2,0.5324289202690125,0.0016001106705516577,0.4819173216819763,0.5102820992469788,0.006200464442372322
VTM-005866,DG-c7c48942d6ce,anatase,0,1,3,0.672722578048706,0.13562926650047302,0.06571084260940552,0.00984102487564087,0.7888188362121582
VTM-005869,DG-e9bb136a9cf8,anatase,0,1,1,0.7068411111831665,0.012121379375457764,0.9677019119262695,0.015014827251434326,0.005161778070032597
VTM-005871,DG-eab2b3fac603,anatase,0,1,1,0.705987811088562,0.015826813876628876,0.9619124531745911,0.005238030105829239,0.01702268421649933
VTM-005872,DG-a5baa7a4bc65,anatase,0,1,3,0.7747783660888672,0.22892718017101288,0.293692022562027,0.03420840948820114,0.4431723356246948
VTM-005876,DG-088726c25bc1,anatase,0,1,1,0.7999677062034607,0.19761087000370026,0.5412305593490601,0.10386857390403748,0.15728993713855743
VTM-005878,DG-579eca9cb2d6,anatase,0,1,1,0.6812743544578552,0.03564001992344856,0.8099461793899536,0.06035713851451874,0.09405665844678879
VTM-005883,DG-13a3caa49a59,anatase,0,1,1,0.7555959224700928,0.10682357847690582,0.7280552983283997,0.07388904690742493,0.09123212099075317
VTM-005884,DG-53eee68da881,anatase,0,1,2,0.43823057413101196,0.0011596009135246277,0.21277400851249695,0.7694321274757385,0.01663425751030445
VTM-005885,DG-2ae7725e28bb,anatase,0,1,1,0.5443853139877319,0.009687090292572975,0.5697843432426453,0.16434410214424133,0.2561844289302826
VTM-005896,DG-0f51f978cb94,anatase,0,1,1,0.6104457974433899,0.0002195395209128037,0.8691180944442749,0.12870299816131592,0.001959430519491434
VTM-005897,DG-71ec88dd661b,anatase,0,1,1,0.8831201195716858,0.382026344537735,0.5341638326644897,0.030923273414373398,0.052886590361595154
VTM-005898,DG-deb6b29342cc,anatase,0,1,0,0.925935685634613,0.6225484013557434,0.3495963215827942,0.015692761167883873,0.012162519618868828
VTM-005903,DG-ae7c76abd0e7,anatase,0,1,1,0.6712040305137634,0.005344105884432793,0.8611536622047424,0.12680812180042267,0.0066941240802407265
VTM-005908,DG-50f1936ab775,anatase,0,1,1,0.709896445274353,0.015674006193876266,0.9617880582809448,0.015119383111596107,0.007418443448841572
VTM-005935,DG-f8fc1824da1b,anatase,0,1,2,0.618015468120575,0.049823783338069916,0.38532555103302,0.5387780666351318,0.02607257291674614
VTM-005946,DG-043ac1fee3d4,anatase,0,1,3,0.6660975217819214,0.08543233573436737,0.3872738480567932,0.028106270357966423,0.4991876184940338
VTM-005948,DG-265bfdb66536,anatase,0,1,1,0.7056618928909302,0.01177264004945755,0.9750542044639587,0.007468109484761953,0.005705094430595636
VTM-005949,DG-a36fc7e75bdd,anatase,0,1,1,0.6622622013092041,0.0027864151634275913,0.9194536805152893,0.06751957535743713,0.010240322910249233
VTM-005961,DG-1aced9ca1e30,anatase,0,1,1,0.6918153166770935,0.0089260870590806,0.9504398703575134,0.0021163951605558395,0.038517698645591736
VTM-005962,DG-9344984427c6,anatase,0,1,1,0.628355860710144,0.004020575899630785,0.6971213817596436,0.2886517345905304,0.010206281207501888
VTM-005967,DG-ff30bb1dfca2,anatase,0,1,1,0.6156255006790161,0.007530247792601585,0.7369385957717896,0.22497308254241943,0.030558094382286072
VTM-005972,DG-aca2dfc4a505,anatase,0,1,1,0.6938235759735107,0.0021645468659698963,0.9744429588317871,0.02216498926281929,0.0012275250628590584
VTM-005978,DG-819ba6162e93,anatase,0,1,1,0.6886847019195557,0.021673128008842468,0.8831961154937744,0.007106421515345573,0.0880243182182312
VTM-005982,DG-63644a7ed37c,anatase,0,1,1,0.613211452960968,0.0009695343323983252,0.6448105573654175,0.35313892364501953,0.001080988673493266
VTM-005987,DG-cc731ff0d7d1,anatase,0,1,0,0.9231039881706238,0.599568784236908,0.3271300494670868,0.02177044190466404,0.05153081566095352
VTM-005990,DG-418900fddbbd,anatase,0,1,2,0.5919979214668274,0.00628706207498908,0.48622509837150574,0.5008921027183533,0.006595742888748646
VTM-005991,DG-37ce58f9a71b,anatase,0,1,1,0.7040882110595703,0.038465507328510284,0.8032448887825012,0.08763832598924637,0.07065127044916153
VTM-005994,DG-33fccd751217,anatase,0,1,0,0.8921467661857605,0.45779356360435486,0.11233477294445038,0.07583388686180115,0.3540378212928772
VTM-005996,DG-187debedc378,anatase,0,1,1,0.6794105768203735,0.003870477434247732,0.954288125038147,0.030955124646425247,0.010886333882808685
VTM-005997,DG-b691f6a4cccd,anatase,0,1,3,0.47275999188423157,0.008870629593729973,0.174943745136261,0.3979818522930145,0.41820383071899414
VTM-006001,DG-95c5497ecb62,anatase,0,1,1,0.6709610819816589,0.05335424840450287,0.6449743509292603,0.15044096112251282,0.15123040974140167
VTM-006003,DG-9e1dce4c666e,anatase,0,1,1,0.6596076488494873,0.004613506607711315,0.960754930973053,0.011667880229651928,0.022963661700487137
VTM-006007,DG-104b2c508b47,anatase,0,1,1,0.7005884051322937,0.014669870026409626,0.9394100904464722,0.030026717111468315,0.01589333452284336
VTM-006008,DG-0ae4fd881765,anatase,0,1,1,0.7658969163894653,0.13609962165355682,0.707879900932312,0.016526633873581886,0.1394938826560974
VTM-006011,DG-139cd479b6fc,anatase,0,1,1,0.5625001788139343,0.002456340938806534,0.6268777847290039,0.35920631885528564,0.01145955454558134
VTM-006017,DG-bd75fac5c82b,anatase,0,1,2,0.46963125467300415,0.0003043800825253129,0.0766928568482399,0.9223867654800415,0.0006159433396533132
VTM-006018,DG-c860d0248218,anatase,0,1,1,0.5750282406806946,0.012055616825819016,0.6007074117660522,0.34477248787879944,0.042464494705200195
VTM-006021,DG-ca17d7e11fdd,anatase,0,1,1,0.6419788002967834,0.009210377931594849,0.7662836909294128,0.20934545993804932,0.015160485170781612
VTM-006033,DG-f364e0776340,anatase,0,1,1,0.6868432760238647,0.013821763917803764,0.864104151725769,0.10847188532352448,0.013602211140096188
VTM-006038,DG-70b20ffae56f,anatase,0,1,1,0.5763511657714844,0.03178023919463158,0.41094231605529785,0.18094292283058167,0.376334547996521
VTM-006043,DG-5f48237b5d82,anatase,0,1,1,0.7108128666877747,0.052384153008461,0.7900089025497437,0.10547121614217758,0.052135735750198364
VTM-006045,DG-95821c552aeb,anatase,0,1,3,0.60939621925354,0.05977388471364975,0.3128783702850342,0.14535441994667053,0.48199331760406494
VTM-006049,DG-1f15edf7d003,anatase,0,1,1,0.5699618458747864,0.0273333340883255,0.5040473937988281,0.33798766136169434,0.13063159584999084
VTM-006064,DG-325792353b9c,anatase,0,1,1,0.6639422178268433,0.011972379870712757,0.7539454698562622,0.22274592518806458,0.01133628562092781
VTM-006067,DG-2cdc6824216d,anatase,0,1,1,0.6733497977256775,0.0008309568511322141,0.9882168173789978,0.006660934537649155,0.00429130531847477
VTM-006074,DG-9e8e45acb3bc,anatase,0,1,1,0.700946033000946,0.003797955345362425,0.9762895107269287,0.017119474709033966,0.0027930850628763437
VTM-006075,DG-482f84d024e3,anatase,0,1,1,0.626235842704773,0.05955465883016586,0.47964948415756226,0.14120496809482574,0.31959086656570435
VTM-006079,DG-c4af61589769,anatase,0,1,2,0.5188766121864319,0.0011544453445822,0.4855215847492218,0.5078737139701843,0.005450235214084387
VTM-006096,DG-b807419f51c0,anatase,0,1,1,0.666020929813385,0.05587165057659149,0.5838527083396912,0.2552270293235779,0.10504861921072006
VTM-006101,DG-34f9aa3cc4c2,anatase,0,1,1,0.7019099593162537,0.006743467412889004,0.9684290885925293,0.02223343402147293,0.0025939978659152985
VTM-006106,DG-bcde780e96a5,anatase,0,1,1,0.6420673131942749,0.01803521439433098,0.6916832327842712,0.24060317873954773,0.049678362905979156
VTM-006114,DG-7a98ed5a2f37,anatase,0,1,2,0.4578522741794586,0.0071105631068348885,0.047932133078575134,0.9071875810623169,0.037769731134176254
VTM-006115,DG-96d5b67ed849,anatase,0,1,1,0.6844063997268677,0.015633421018719673,0.9221340417861938,0.027322525158524513,0.034910038113594055
VTM-006119,DG-a519b39a64a9,anatase,0,1,1,0.603518009185791,0.030120912939310074,0.5921100378036499,0.11763302981853485,0.2601360082626343
VTM-006123,DG-473628e6ebc0,anatase,0,1,1,0.6905623078346252,0.008680026978254318,0.9594428539276123,0.015617593191564083,0.016259517520666122
VTM-006125,DG-4a806d32fad4,anatase,0,1,1,0.6299014091491699,0.004961791448295116,0.8972054123878479,0.06224077194929123,0.035592030733823776
VTM-006134,DG-268e20a41bdb,anatase,0,1,1,0.6894820928573608,0.004609063267707825,0.949454665184021,0.04044892266392708,0.005487298592925072
VTM-006145,DG-8edd14eb12e9,anatase,0,1,1,0.5880770087242126,0.006245633587241173,0.6365668773651123,0.32789546251296997,0.029291987419128418
VTM-006156,DG-949d12188648,anatase,0,1,0,0.9245447516441345,0.6197028160095215,0.26636695861816406,0.015970591455698013,0.09795960783958435
VTM-006161,DG-929f3459e00c,anatase,0,1,1,0.700936496257782,0.01384503860026598,0.932938277721405,0.046644046902656555,0.0065726302564144135
VTM-006163,DG-25ee34f11a10,anatase,0,1,1,0.6638548970222473,0.02373638190329075,0.7259154915809631,0.21760359406471252,0.03274454176425934
VTM-006170,DG-8ec3c654c37f,anatase,0,1,1,0.6954552531242371,0.0012399121187627316,0.9912108182907104,0.0035980381071567535,0.003951258026063442
VTM-006187,DG-3002da884dc4,anatase,0,1,1,0.6130976676940918,0.043030962347984314,0.4513932466506958,0.27450668811798096,0.23106905817985535
VTM-006195,DG-9bdef8ad78aa,anatase,0,1,2,0.5134485363960266,0.004547749646008015,0.37143293023109436,0.6082534790039062,0.015765812247991562
VTM-006197,DG-a8e2877674ec,anatase,0,1,1,0.7163861989974976,0.08504984527826309,0.6076947450637817,0.18570739030838013,0.12154802680015564
VTM-006201,DG-488fcfc9941e,anatase,0,1,2,0.4533853828907013,0.0010566681157797575,0.35724347829818726,0.625565767288208,0.01613408327102661
VTM-006215,DG-e3659b7f2ffc,anatase,0,1,1,0.6450722813606262,0.02407863922417164,0.6948017477989197,0.22856298089027405,0.05255664139986038
VTM-006216,DG-c67ecbfe12d4,anatase,0,1,2,0.49696359038352966,0.011361799202859402,0.1736127883195877,0.7815511226654053,0.03347427025437355
VTM-006227,DG-e0afa4491647,anatase,0,1,2,0.5716755986213684,0.05553504079580307,0.12874193489551544,0.6750612854957581,0.14066174626350403
VTM-006229,DG-ef62715a621d,anatase,0,1,1,0.6490333080291748,0.05862519517540932,0.557926595211029,0.20981961488723755,0.17362858355045319
VTM-006232,DG-c2e1b49c4eab,anatase,0,1,1,0.6820300221443176,0.007504350505769253,0.9190469980239868,0.061699673533439636,0.011748996563255787
VTM-006234,DG-d245a7bc4478,anatase,0,1,1,0.6947718858718872,0.005842332728207111,0.9621111154556274,0.026340439915657043,0.005706137977540493
VTM-006241,DG-5674bd5ac0ec,anatase,0,1,1,0.680800199508667,0.017071634531021118,0.8533239364624023,0.05075746029615402,0.07884702831506729
VTM-006242,DG-e69012fa6495,anatase,0,1,1,0.643418550491333,0.0012177833123132586,0.8695335388183594,0.12605629861354828,0.0031923900824040174
VTM-006246,DG-bf1e600c7bed,anatase,0,1,1,0.7560949921607971,0.08921605348587036,0.8818943500518799,0.013724993914365768,0.015164578333497047
VTM-006253,DG-b070be6e4bc0,anatase,0,1,1,0.7205483913421631,0.04368514567613602,0.8775287866592407,0.022997502237558365,0.05578858405351639
VTM-006266,DG-f8bf9864798b,anatase,0,1,1,0.6781064867973328,0.04659629613161087,0.6141692996025085,0.2817009389400482,0.057533420622348785
VTM-006274,DG-796ab43f6114,anatase,0,1,1,0.7364667654037476,0.09171118587255478,0.7549270391464233,0.1139562726020813,0.03940550982952118
VTM-006276,DG-eb341a6de4eb,anatase,0,1,1,0.6650819778442383,0.0003583981015253812,0.9933216571807861,0.0030953078530728817,0.003224676474928856
VTM-006278,DG-16f936dd9298,anatase,0,1,1,0.7074270844459534,0.07823894917964935,0.6341156959533691,0.24510611593723297,0.04253920540213585
VTM-006282,DG-6918d9390f09,anatase,0,1,1,0.8977164626121521,0.4198448956012726,0.5481240153312683,0.0023351870477199554,0.0296959076076746
VTM-006287,DG-3a3501476b61,anatase,0,1,1,0.731860339641571,0.04893829673528671,0.9290287494659424,0.01558336429297924,0.006449559237807989
VTM-006296,DG-112d6e934f1b,anatase,0,1,1,0.6982132792472839,0.004254300147294998,0.990066647529602,0.0010909923585131764,0.004588157869875431
VTM-006300,DG-979e6edfce44,anatase,0,1,1,0.6713414192199707,0.05965600162744522,0.5962849855422974,0.23993757367134094,0.10412142425775528
VTM-006311,DG-aa46f4ad87d0,anatase,0,1,1,0.6716709136962891,0.00115189328789711,0.9880905747413635,0.0037986438255757093,0.006958893965929747
VTM-006324,DG-1dc6871862db,anatase,0,1,1,0.7068895697593689,0.01009730901569128,0.9820905923843384,0.002439765492454171,0.005372270941734314
VTM-006330,DG-fc214509b3bb,anatase,0,1,3,0.5417572855949402,0.03872525319457054,0.23497948050498962,0.1797814667224884,0.5465137958526611
VTM-006345,DG-9e5474b4ad58,anatase,0,1,1,0.6519511938095093,0.06436484307050705,0.4966885447502136,0.07805361598730087,0.36089301109313965
VTM-006349,DG-49efe37631ec,anatase,0,1,1,0.7473717927932739,0.10999253392219543,0.7096859812736511,0.06469889730215073,0.11562255769968033
VTM-006356,DG-bf63801c3476,anatase,0,1,1,0.6349170804023743,0.0033991653472185135,0.7834718823432922,0.20852583646774292,0.004603107459843159
VTM-006363,DG-a6108475bdeb,anatase,0,1,3,0.5314837694168091,0.02653435245156288,0.07178331911563873,0.28898516297340393,0.612697184085846
VTM-006371,DG-2e92eedabd9c,anatase,0,1,1,0.6289464831352234,0.0030064855236560106,0.9409855604171753,0.025083448737859726,0.03092445805668831
VTM-006373,DG-f1b1dceccc29,anatase,0,1,1,0.6660935878753662,0.07573843002319336,0.4906921982765198,0.3083261251449585,0.12524332106113434
VTM-006377,DG-c7e8605056a3,anatase,0,1,1,0.615981936454773,0.010633755475282669,0.735930323600769,0.2102135270833969,0.04322240501642227
VTM-006379,DG-a1b2af69f0d4,anatase,0,1,2,0.46468937397003174,0.0005807973211631179,0.4327107071876526,0.559765636920929,0.006942882668226957
VTM-006384,DG-da953788905a,anatase,0,1,1,0.8622737526893616,0.32863399386405945,0.6198220252990723,0.035884078592061996,0.015659907832741737
VTM-006390,DG-01b24e441a7a,anatase,0,1,1,0.6691489219665527,0.020734401419758797,0.7537811994552612,0.19322434067726135,0.03226007521152496
VTM-006392,DG-71d2815d1bd5,anatase,0,1,3,0.4817596971988678,0.0048652533441782,0.296047568321228,0.1479700803756714,0.5511170625686646
VTM-006394,DG-d8d2ecff120b,anatase,0,1,1,0.6488664150238037,0.0002131274959538132,0.9939901828765869,0.0035502000246196985,0.002246500225737691
VTM-006395,DG-4198c77573ae,anatase,0,1,2,0.5501770377159119,0.02512693777680397,0.2321413904428482,0.7134292721748352,0.029302384704351425
VTM-006397,DG-beb3d06894af,anatase,0,1,1,0.6996569037437439,0.009676535613834858,0.9673624038696289,0.010208051651716232,0.012753019109368324
VTM-006408,DG-2c1083b700a0,anatase,0,1,1,0.7241677045822144,0.0460660457611084,0.8880751132965088,0.049682606011629105,0.016176190227270126
VTM-006409,DG-c37555994414,anatase,0,1,1,0.6889916062355042,0.001976946135982871,0.9822275638580322,0.013136807829141617,0.0026587184984236956
VTM-006415,DG-9e24ee739682,anatase,0,1,1,0.8132885098457336,0.22305326163768768,0.5611047148704529,0.08077074587345123,0.135071262717247
VTM-006418,DG-30e2ec80c738,anatase,0,1,1,0.6962005496025085,0.0030284374952316284,0.9846702814102173,0.008542679250240326,0.0037586071994155645
VTM-006420,DG-9bda9a0160af,anatase,0,1,1,0.6982418298721313,0.0026160015258938074,0.989533543586731,0.0052410620264709,0.0026093870401382446
VTM-006432,DG-3a4fa0633cb1,anatase,0,1,1,0.779445469379425,0.1419358253479004,0.6961156725883484,0.04159802198410034,0.12035049498081207
VTM-006435,DG-f8d0a1c8c68d,anatase,0,1,1,0.705825924873352,0.014042017981410027,0.976216197013855,0.0007280694553628564,0.009013752453029156
VTM-006437,DG-39b47311c139,anatase,0,1,1,0.7026198506355286,0.0049269418232142925,0.9889743328094482,0.0009447584161534905,0.005153993144631386
VTM-006442,DG-69f04811ed52,anatase,0,1,2,0.582135021686554,0.02520843595266342,0.3726019859313965,0.5792632699012756,0.02292633429169655
VTM-006445,DG-ce8b18e9b2a2,anatase,0,1,1,0.6865488886833191,0.0026543389540165663,0.9211849570274353,0.07317356765270233,0.0029871556907892227
VTM-006449,DG-6445a784e0c6,anatase,0,1,1,0.7352972626686096,0.07302699238061905,0.8140403032302856,0.08184757083654404,0.03108513355255127
VTM-006461,DG-ad0165fc6794,anatase,0,1,1,0.6693193316459656,0.010750404559075832,0.8656592965126038,0.09345147013664246,0.030138853937387466
VTM-006466,DG-265eef3b3006,anatase,0,1,1,0.6336451172828674,0.0005052932538092136,0.9800485372543335,0.00792405754327774,0.011522114276885986
VTM-006467,DG-fb2944857aa6,anatase,0,1,1,0.6967267990112305,0.009194709360599518,0.9731213450431824,0.0062688239850103855,0.011415131390094757
VTM-006471,DG-3e20b73fe28f,anatase,0,1,0,0.9362590909004211,0.759441077709198,0.19990596175193787,0.011732405051589012,0.02892053872346878
VTM-006476,DG-d9bc43ce4b7f,anatase,0,1,1,0.7214117050170898,0.06793494522571564,0.7278207540512085,0.17802414298057556,0.026220077648758888
VTM-006478,DG-a4bdb7f9591b,anatase,0,1,1,0.7455487251281738,0.07618576288223267,0.8864955902099609,0.028278563171625137,0.00904008001089096
VTM-006480,DG-b24501d7950f,anatase,0,1,3,0.5306357145309448,0.017298955470323563,0.13119859993457794,0.05725795030593872,0.7942445278167725
VTM-006488,DG-d391398b2da7,anatase,0,1,0,0.9375481605529785,0.8128179311752319,0.11068557947874069,0.03245842456817627,0.044038064777851105
VTM-006490,DG-a2f7e9929fc5,anatase,0,1,1,0.7031666040420532,0.005582559388130903,0.9836604595184326,0.009554794989526272,0.0012021781876683235
VTM-006500,DG-3e4e17e6ec8d,anatase,0,1,0,0.9391998648643494,0.858639121055603,0.07204673439264297,0.01149392407387495,0.05782023444771767
VTM-006503,DG-db7c8c165e43,anatase,0,1,1,0.8684108853340149,0.3406023383140564,0.6378786563873291,0.014602790586650372,0.006916194688528776
VTM-006504,DG-18b4c46bb671,anatase,0,1,1,0.5893732309341431,0.023213181644678116,0.5113958716392517,0.07491333782672882,0.39047759771347046
VTM-006510,DG-87b52cf4b977,anatase,0,1,1,0.7035479545593262,0.005277249962091446,0.9818439483642578,0.010511599481105804,0.0023672273382544518
VTM-006511,DG-86b871038077,anatase,0,1,2,0.5227991342544556,0.014022024348378181,0.37867096066474915,0.5594787001609802,0.04782833158969879
VTM-006516,DG-23b4f9d15b43,anatase,0,1,1,0.8699314594268799,0.34551599621772766,0.6093018651008606,0.025279417634010315,0.01990274153649807
VTM-006533,DG-1f903b18ddda,perovskite,0,1,1,0.7018347382545471,0.030856087803840637,0.8697236776351929,0.070712149143219,0.02870805747807026
VTM-006541,DG-835a801f23da,perovskite,0,1,1,0.5933293700218201,0.007325817830860615,0.5963897705078125,0.38388359546661377,0.012400789186358452
VTM-006562,DG-35d50aa085e6,perovskite,0,1,1,0.6440514922142029,0.006605643779039383,0.7757387161254883,0.200578972697258,0.017076633870601654
VTM-006564,DG-644958babe8e,perovskite,0,1,1,0.8395591378211975,0.28780490159988403,0.6785145401954651,0.006674661301076412,0.027005933225154877
VTM-006566,DG-f6239c05b656,perovskite,0,1,2,0.43306413292884827,0.002908592578023672,0.18534527719020844,0.6600544452667236,0.1516917496919632
VTM-006570,DG-ca69ccc90dac,perovskite,0,1,1,0.6913971900939941,0.0010514073073863983,0.9956761598587036,0.0018799144309014082,0.0013925191015005112
VTM-006575,DG-11ae31e5d33e,perovskite,0,1,0,0.9328998327255249,0.7181573510169983,0.08505791425704956,0.02698819898068905,0.16979657113552094
VTM-006579,DG-03968fb48da1,perovskite,0,1,3,0.7088689804077148,0.16729015111923218,0.20369942486286163,0.1063046008348465,0.5227057933807373
VTM-006580,DG-78c669fe7d06,perovskite,0,1,2,0.5223907232284546,0.014167997986078262,0.17636531591415405,0.786400318145752,0.023066328838467598
VTM-006591,DG-1d2cf2cae958,perovskite,0,1,0,0.8602464199066162,0.3498339056968689,0.20839276909828186,0.20359201729297638,0.23818133771419525
VTM-006592,DG-6a8bff671d50,perovskite,0,1,1,0.6961703300476074,0.00018468013149686158,0.9941954612731934,0.0053811646066606045,0.00023869334836490452
VTM-006593,DG-6924e9fa7beb,perovskite,0,1,0,0.8801161646842957,0.41129201650619507,0.1572030782699585,0.3347056210041046,0.09679931402206421
VTM-006595,DG-a10bfe44f494,perovskite,0,1,1,0.6207404136657715,0.0025025075301527977,0.8838986158370972,0.04599260166287422,0.06760629266500473
VTM-006596,DG-e959e1343827,perovskite,0,1,1,0.7480340600013733,0.060341544449329376,0.9235633611679077,0.007497197948396206,0.008597884327173233
VTM-006618,DG-e058c49622bc,perovskite,0,1,1,0.594590961933136,0.0012501722667366266,0.8091492652893066,0.17171144485473633,0.017889151349663734
VTM-006630,DG-4869d5ae8f80,perovskite,0,1,1,0.6614212393760681,0.027542244642972946,0.7834004163742065,0.02518509328365326,0.16387221217155457
VTM-006635,DG-23594ab189e8,perovskite,0,1,1,0.6368213295936584,0.006832209415733814,0.8092550039291382,0.06445097178220749,0.11946183443069458
VTM-006639,DG-93f5dc1c4df2,perovskite,0,1,0,0.9388193488121033,0.8585700392723083,0.08183765411376953,0.004344243090599775,0.05524814501404762
VTM-006644,DG-37761b327bb4,perovskite,0,1,1,0.6786350607872009,0.006532907020300627,0.8662236928939819,0.11895692348480225,0.008286450989544392
VTM-006647,DG-8d8763f17b67,perovskite,0,1,0,0.9397865533828735,0.8481950163841248,0.14339794218540192,0.000922246603295207,0.007484754081815481
VTM-006648,DG-d680a4d6e142,perovskite,0,1,1,0.8481074571609497,0.28197604417800903,0.3670874238014221,0.12853312492370605,0.22240343689918518
VTM-006653,DG-8acc97e99e5e,perovskite,0,1,2,0.6470018625259399,0.06482388079166412,0.39228785037994385,0.44205689430236816,0.10083141922950745
VTM-006655,DG-39398201aeb2,perovskite,0,1,0,0.9329591393470764,0.7077951431274414,0.21723458170890808,0.05096961557865143,0.024000652134418488
VTM-006657,DG-b8aafa85cd66,perovskite,0,1,0,0.9105370044708252,0.47764235734939575,0.3940623998641968,0.06210334599018097,0.06619184464216232
VTM-006663,DG-7002e94c0f25,perovskite,0,1,0,0.9171420931816101,0.5720892548561096,0.30141058564186096,0.1121215894818306,0.014378578402101994
VTM-006669,DG-ca7fc283c3e0,perovskite,0,1,1,0.5891280174255371,0.0034605807159096003,0.5858423709869385,0.4041111469268799,0.00658586248755455
VTM-006671,DG-4c5394909071,perovskite,0,1,1,0.6182349920272827,0.003446466289460659,0.856722354888916,0.1056620180606842,0.03416915982961655
VTM-006674,DG-29853a9c9e48,perovskite,0,1,0,0.9325191974639893,0.6751225590705872,0.2939346134662628,0.011231524869799614,0.019711337983608246
VTM-006702,DG-05ce0b58d145,perovskite,0,1,1,0.7426326274871826,0.11125537753105164,0.6303353309631348,0.21990638971328735,0.03850289061665535
VTM-006704,DG-35a61c51bf04,perovskite,0,1,2,0.49383097887039185,0.0002278911997564137,0.05370738357305527,0.9458267092704773,0.00023804313968867064
VTM-006712,DG-8f55863f8ea1,perovskite,0,1,1,0.6841334700584412,0.026915168389678,0.8508846759796143,0.049071282148361206,0.07312890887260437
VTM-006718,DG-aa10f143e383,perovskite,0,1,1,0.638420820236206,0.0004356163553893566,0.9821156859397888,0.0028906655497848988,0.014558032155036926
VTM-006719,DG-3afed5e49e28,perovskite,0,1,1,0.5833961963653564,0.0040746936574578285,0.7535659074783325,0.052284594625234604,0.19007480144500732
VTM-006720,DG-b34cba61ef89,perovskite,0,1,2,0.7911818027496338,0.24751119315624237,0.20353984832763672,0.46532148122787476,0.08362750709056854
VTM-006723,DG-260189d80767,perovskite,0,1,1,0.6694214940071106,0.05126500129699707,0.5705915093421936,0.3180210292339325,0.06012246757745743
VTM-006729,DG-f3e55769ff61,perovskite,0,1,3,0.8684579133987427,0.3661823570728302,0.22985278069972992,0.002924793865531683,0.40104004740715027
VTM-006738,DG-1c1a3c4ef6a5,perovskite,0,1,0,0.9177113175392151,0.5294735431671143,0.43983185291290283,0.008476883172988892,0.022217709571123123
VTM-006745,DG-e46e9d5bd1b0,perovskite,0,1,3,0.4558608829975128,0.00013027350360061973,0.045346036553382874,0.026960639283061028,0.9275630712509155
VTM-006746,DG-15742dc2018a,perovskite,0,1,0,0.9306703209877014,0.6886694431304932,0.17991706728935242,0.014964294619858265,0.11644913256168365
VTM-006750,DG-a375d8956f65,perovskite,0,1,3,0.6677465438842773,0.1349065601825714,0.06324777752161026,0.0868348628282547,0.7150107622146606
VTM-006752,DG-0b399df40ff6,perovskite,0,1,1,0.7945536375045776,0.15667885541915894,0.774902880191803,0.04418203607201576,0.02423620969057083
VTM-006756,DG-7fe862f885ef,perovskite,0,1,1,0.8313600420951843,0.22786957025527954,0.6382481455802917,0.02542824111878872,0.10845401883125305
VTM-006763,DG-5923ebe32d44,perovskite,0,1,1,0.8216803669929504,0.23967254161834717,0.5415685176849365,0.09090086817741394,0.12785805761814117
VTM-006770,DG-8af983db7de9,perovskite,0,1,1,0.6717343926429749,0.023137226700782776,0.7237131595611572,0.21595671772956848,0.03719288855791092
VTM-006773,DG-4e4e2c60036a,perovskite,0,1,0,0.9205926656723022,0.5631634593009949,0.4178997278213501,0.014885907992720604,0.004050875548273325
VTM-006774,DG-e6573e0b29ec,perovskite,0,1,1,0.7717880010604858,0.15544238686561584,0.7232857942581177,0.1064663976430893,0.014805391430854797
VTM-006777,DG-af8325128ef5,perovskite,0,1,1,0.5822325348854065,0.02297915890812874,0.549899697303772,0.14566873013973236,0.28145235776901245
VTM-006783,DG-4ea38b753c1d,perovskite,0,1,0,0.9171668291091919,0.5310381650924683,0.2783655524253845,0.05361265689134598,0.13698360323905945
VTM-006789,DG-91a87bde4235,perovskite,0,1,0,0.9174553751945496,0.5638418793678284,0.1654367744922638,0.114788718521595,0.15593262016773224
VTM-006792,DG-35eb75caf639,perovskite,0,1,1,0.6420437097549438,0.037667855620384216,0.5227460265159607,0.4278590679168701,0.011727056466042995
VTM-006795,DG-add3274436d0,perovskite,0,1,1,0.8498079180717468,0.2981501817703247,0.518100380897522,0.15774056315422058,0.026008907705545425
VTM-006797,DG-50aefe90f359,perovskite,0,1,2,0.44259753823280334,0.003442738438025117,0.09282997995615005,0.8488692045211792,0.05485812574625015
VTM-006801,DG-ea0f173988c7,perovskite,0,1,3,0.5358523726463318,0.02345547080039978,0.10132458806037903,0.05494192615151405,0.8202780485153198
VTM-006802,DG-f27d5e7ca7b3,perovskite,0,1,3,0.8245981931686401,0.2778390347957611,0.2671421766281128,0.02699347957968712,0.42802536487579346
VTM-006807,DG-3db1fe4ffc10,perovskite,0,1,1,0.6592397093772888,0.007984142750501633,0.7399424314498901,0.2455577254295349,0.006515684071928263
VTM-006809,DG-52eb4c4698ac,perovskite,0,1,0,0.9382686614990234,0.7736403942108154,0.17840084433555603,0.010407566092908382,0.03755120560526848
VTM-006812,DG-d6fc273c2664,perovskite,0,1,1,0.6976479887962341,0.00043749381438829005,0.9952812194824219,0.0028832582756876945,0.00139805197250098
VTM-006814,DG-0b751e4cb272,perovskite,0,1,2,0.5267115235328674,0.0060416217893362045,0.12878593802452087,0.8614253997802734,0.003747034352272749
VTM-006815,DG-417147546517,perovskite,0,1,1,0.6645641326904297,0.012186292558908463,0.8894178867340088,0.0592196062207222,0.03917613625526428
VTM-006818,DG-73cc4e599178,perovskite,0,1,1,0.8942879438400269,0.4313027858734131,0.4929005801677704,0.007090723142027855,0.06870585680007935
VTM-006821,DG-1f359c0dcffa,perovskite,0,1,0,0.9042563438415527,0.5079074501991272,0.09723570942878723,0.1205708384513855,0.27428603172302246
VTM-006827,DG-556a131aaeaf,perovskite,0,1,2,0.5041977167129517,0.01377640850841999,0.09437185525894165,0.8563510179519653,0.035500749945640564
VTM-006831,DG-d68fb0c71597,perovskite,0,1,1,0.6733872890472412,0.0017406146507710218,0.9001650214195251,0.09508909285068512,0.0030052736401557922
VTM-006833,DG-94bc56856a4d,perovskite,0,1,1,0.6086832284927368,0.012164444662630558,0.6365259289741516,0.3184279203414917,0.032881736755371094
VTM-006837,DG-343b09f74dde,perovskite,0,1,1,0.709864616394043,0.00943070463836193,0.9858836531639099,0.002832002006471157,0.0018536814022809267
VTM-006844,DG-9bf13122376d,perovskite,0,1,3,0.7936175465583801,0.28011512756347656,0.18278297781944275,0.029881734400987625,0.5072201490402222
VTM-006845,DG-e8e1450adde3,perovskite,0,1,1,0.7268352508544922,0.10374408215284348,0.6251392364501953,0.1292288899421692,0.14188779890537262
VTM-006849,DG-b1f251cf666f,perovskite,0,1,1,0.5629625916481018,0.03338898345828056,0.4360811114311218,0.3962647318840027,0.13426516950130463
VTM-006853,DG-ab41a705c6a6,perovskite,0,1,3,0.5850979089736938,0.06579151004552841,0.09979728609323502,0.023387916386127472,0.8110232949256897
VTM-006855,DG-53a21c00e78d,perovskite,0,1,1,0.7214928269386292,0.08890373259782791,0.6334691643714905,0.03526848554611206,0.24235858023166656
VTM-006865,DG-63548c1d61c2,perovskite,0,1,2,0.49636921286582947,0.012419003993272781,0.3229442536830902,0.5497597455978394,0.11487692594528198
VTM-006875,DG-fb1970d2ff6f,perovskite,0,1,0,0.9333015084266663,0.7106595039367676,0.1608579307794571,0.015392240136861801,0.11309041827917099
VTM-006887,DG-86578adce0e4,perovskite,0,1,1,0.6844706535339355,0.020436514168977737,0.7805459499359131,0.19518442451953888,0.0038331239484250546
VTM-006891,DG-8dfa5e733ae1,perovskite,0,1,0,0.9306097030639648,0.6738247871398926,0.28962403535842896,0.00615805946290493,0.03039313480257988
VTM-006898,DG-6f4492e2f9e1,rutile,0,1,1,0.5027174353599548,0.0044651273638010025,0.5200150609016418,0.3568539023399353,0.1186659038066864
VTM-006906,DG-7f087c3660f5,rutile,0,1,1,0.5815749764442444,0.0008996527758426964,0.8330608010292053,0.10205487906932831,0.06398466229438782
VTM-006908,DG-dc60ca226509,rutile,0,1,3,0.6412094831466675,0.09947580099105835,0.12601664662361145,0.36790555715560913,0.40660199522972107
VTM-006916,DG-4cb828c27c61,rutile,0,1,1,0.6558658480644226,0.05592845380306244,0.6195775270462036,0.030858704820275307,0.29363521933555603
VTM-006917,DG-6ee3ca1f3798,rutile,0,1,3,0.6535952091217041,0.09550643712282181,0.31991150975227356,0.21414151787757874,0.3704405426979065
VTM-006933,DG-5ba0b26133f3,rutile,0,1,1,0.6721747517585754,0.012709720060229301,0.7647913694381714,0.21497884392738342,0.007520073093473911
VTM-006934,DG-30753fc2b957,rutile,0,1,2,0.46193987131118774,0.0005827904096804559,0.06964942067861557,0.9286381006240845,0.0011296840384602547
VTM-006935,DG-e1a68ff2aa8d,rutile,0,1,3,0.6563989520072937,0.11216239631175995,0.16862303018569946,0.14602971076965332,0.5731848478317261
VTM-006959,DG-8ba48f39262c,rutile,0,1,1,0.6015712022781372,0.009699108079075813,0.7244400978088379,0.1577908992767334,0.10806989669799805
VTM-006967,DG-fa4bff23af8b,rutile,0,1,2,0.5264526009559631,0.032748594880104065,0.17149072885513306,0.5546149611473083,0.24114571511745453
VTM-006971,DG-dca3cf74d23b,rutile,0,1,1,0.6510053873062134,0.020181749016046524,0.8051818609237671,0.1339627206325531,0.04067365825176239
VTM-006976,DG-da93d215b880,rutile,0,1,1,0.7016986608505249,0.008614390157163143,0.9783763885498047,0.006195912137627602,0.006813257932662964
VTM-006978,DG-3b43749310e1,rutile,0,1,1,0.767228901386261,0.19912739098072052,0.30153197050094604,0.23257602751255035,0.2667646110057831
VTM-006983,DG-a7b59cae618b,rutile,0,1,1,0.5826334357261658,0.009440123103559017,0.6337202787399292,0.33847445249557495,0.018365146592259407
VTM-006984,DG-154c71809bbc,rutile,0,1,1,0.6536644697189331,0.0003665601834654808,0.9928900003433228,0.002280066255480051,0.0044633373618125916
VTM-006985,DG-0eee9f6bbcfc,rutile,0,1,1,0.5924303531646729,0.00024539741571061313,0.8542788028717041,0.1355108916759491,0.00996497180312872
VTM-006994,DG-a7ce3a9925a2,rutile,0,1,1,0.6934383511543274,0.013166194781661034,0.9392726421356201,0.02193744108080864,0.025623738765716553
VTM-006995,DG-b0604379d089,rutile,0,1,1,0.7659669518470764,0.11114982515573502,0.8735038042068481,0.0045633562840521336,0.010783001780509949
VTM-006998,DG-acbe1e05c541,rutile,0,1,1,0.6928806900978088,0.056364282965660095,0.6844661235809326,0.16559343039989471,0.0935760959982872
VTM-007002,DG-c6cad96fd5a7,rutile,0,1,1,0.7307577729225159,0.04678201675415039,0.9505512714385986,0.0004473970038816333,0.0022193454205989838
VTM-007007,DG-493cac276dd5,rutile,0,1,2,0.7450717687606812,0.17680111527442932,0.20888009667396545,0.3214854896068573,0.29283326864242554
VTM-007026,DG-e3dbfb5405a7,rutile,0,1,1,0.8025801777839661,0.20543505251407623,0.38277044892311096,0.2825995683670044,0.12919491529464722
VTM-007029,DG-0b8d368c44aa,rutile,0,1,1,0.7109189629554749,0.017615022137761116,0.9619809985160828,0.005497944075614214,0.014905992895364761
VTM-007032,DG-0b8472e2b902,rutile,0,1,1,0.7082297801971436,0.007018319331109524,0.9891320466995239,0.0021983031183481216,0.001651297090575099
VTM-007037,DG-22d358f0e974,rutile,0,1,1,0.7393687963485718,0.07537684589624405,0.8358317613601685,0.03677206486463547,0.05201929435133934
VTM-007040,DG-b872fe4b369e,rutile,0,1,1,0.7640009522438049,0.1796007752418518,0.44429391622543335,0.2811650335788727,0.09494028240442276
VTM-007041,DG-fa8281c7c40c,rutile,0,1,1,0.6853335499763489,0.023438794538378716,0.8526980876922607,0.07094670832157135,0.05291643738746643
VTM-007048,DG-f9986ce5a4bd,rutile,0,1,1,0.6956433057785034,0.0016456349985674024,0.9927659630775452,0.002770008286461234,0.0028183995746076107
VTM-007049,DG-4715ac3ecf84,rutile,0,1,1,0.6264780163764954,0.006264825351536274,0.8184481859207153,0.15896287560462952,0.016324087977409363
VTM-007054,DG-6a7637f40650,rutile,0,1,1,0.7042239904403687,0.04702656716108322,0.7965409755706787,0.09410953521728516,0.062322936952114105
VTM-007065,DG-cadf3c36e12e,rutile,0,1,2,0.5402070879936218,0.0030655483715236187,0.4313412308692932,0.5583387613296509,0.0072544775903224945
VTM-007070,DG-d34b22e095bf,rutile,0,1,1,0.6998790502548218,0.0019729621708393097,0.9876188039779663,0.009876889176666737,0.0005313719157129526
VTM-007081,DG-af5f4536f2b9,rutile,0,1,1,0.7030205726623535,0.03305748105049133,0.8353414535522461,0.11487968266010284,0.016721386462450027
VTM-007082,DG-6f908de6422f,rutile,0,1,1,0.8191522359848022,0.21787607669830322,0.5640311241149902,0.0553620383143425,0.16273075342178345
VTM-007088,DG-45d08d11eb84,rutile,0,1,3,0.7435115575790405,0.20029796659946442,0.15415272116661072,0.08864885568618774,0.5569004416465759
VTM-007091,DG-f83f28631de7,rutile,0,1,1,0.6553795337677002,0.01419735699892044,0.7313919067382812,0.23582053184509277,0.018590189516544342
VTM-007092,DG-f7a76505a9a5,rutile,0,1,1,0.7047854065895081,5.642696123686619e-05,0.99944007396698,0.00048488707398064435,1.8625079974299297e-05
VTM-007093,DG-3ad8c3ee11d2,rutile,0,1,1,0.6896703243255615,0.0022554430179297924,0.989706814289093,0.0028523611836135387,0.005185368005186319
VTM-007102,DG-e197bfeae2ac,rutile,0,1,0,0.9385084509849548,0.844829797744751,0.08325886726379395,0.011207831092178822,0.06070345267653465
VTM-007103,DG-9cbf002ecfe4,rutile,0,1,1,0.6983415484428406,0.002392253838479519,0.9822965860366821,0.014646016061306,0.0006651936564594507
VTM-007104,DG-d9a87af4d5e2,rutile,0,1,1,0.7307718396186829,0.06562954187393188,0.7005946040153503,0.15758799016475677,0.0761878564953804
VTM-007111,DG-ef1a791bd96c,rutile,0,1,1,0.5136001110076904,0.0034473203122615814,0.5486493706703186,0.4190422296524048,0.028861049562692642
VTM-007125,DG-314f5c22ba5e,rutile,0,1,1,0.8151701092720032,0.20827718079090118,0.6705290079116821,0.011805962771177292,0.10938785970211029
VTM-007127,DG-6e910964969a,rutile,0,1,3,0.49830323457717896,0.004740084987133741,0.10059545189142227,0.008585990406572819,0.8860784769058228
VTM-007141,DG-05026c817e51,rutile,0,1,1,0.6953611373901367,0.020888280123472214,0.8462605476379395,0.12268649786710739,0.010164675302803516
VTM-007144,DG-8f05a74e61f7,rutile,0,1,1,0.7052432894706726,0.017224492505192757,0.9599047303199768,0.010183866135776043,0.012686950154602528
VTM-007151,DG-6ef8ee263e12,rutile,0,1,1,0.7148611545562744,0.04690349102020264,0.8353941440582275,0.04213380068540573,0.07556858658790588
VTM-007157,DG-52a07fdd8b0a,rutile,0,1,1,0.7933630347251892,0.16058775782585144,0.7180594205856323,0.05487116798758507,0.06648164242506027
VTM-007168,DG-a6848732cd54,rutile,0,1,3,0.6806983947753906,0.13717113435268402,0.2578158974647522,0.2031497359275818,0.4018631875514984
VTM-007170,DG-0350d83b9da1,rutile,0,1,1,0.660017192363739,0.0204608291387558,0.69768887758255,0.2622469663619995,0.019603373482823372
VTM-007178,DG-8b5edeae79e0,rutile,0,1,1,0.6697314381599426,0.006194051820784807,0.8498314619064331,0.1347309648990631,0.009243626147508621
VTM-007180,DG-722ac6aa9e5b,rutile,0,1,0,0.8614670634269714,0.34462666511535645,0.27236437797546387,0.3373784124851227,0.045630525797605515
VTM-007192,DG-d1ae79e833b4,rutile,0,1,2,0.7593897581100464,0.181168332695961,0.3761686682701111,0.39779144525527954,0.04487157240509987
VTM-007208,DG-c96a7d06773e,rutile,0,1,1,0.6940106749534607,0.023533623665571213,0.9106152653694153,0.016116900369524956,0.04973422735929489
VTM-007209,DG-75227de7015a,rutile,0,1,1,0.7862337827682495,0.13436037302017212,0.818981945514679,0.03246051445603371,0.014197121374309063
VTM-007210,DG-eb7443f02093,rutile,0,1,1,0.7794588804244995,0.15926536917686462,0.6258085370063782,0.17528016865253448,0.039645951241254807
VTM-007215,DG-1a04dbe54b28,rutile,0,1,3,0.7766220569610596,0.24319866299629211,0.13917399942874908,0.03791135549545288,0.5797159671783447
VTM-007216,DG-22e342ab37aa,rutile,0,1,1,0.6906741261482239,0.0025277675595134497,0.9850313663482666,0.0004539109650067985,0.011986959725618362
VTM-007223,DG-342bb1eca302,rutile,0,1,0,0.9403696656227112,0.959348201751709,0.023308545351028442,0.0028869379311800003,0.014456295408308506
VTM-007231,DG-036c5667b7e9,rutile,0,1,0,0.8789882063865662,0.4373094439506531,0.12226255238056183,0.010394107550382614,0.4300338923931122
VTM-007232,DG-2b9a3b169394,rutile,0,1,0,0.9224040508270264,0.5799171328544617,0.34328579902648926,0.008704686537384987,0.06809237599372864
VTM-007233,DG-777d83515793,rutile,0,1,1,0.7051742076873779,0.008123822510242462,0.9679768085479736,0.021955745294690132,0.0019435773137956858
VTM-007235,DG-262ac6e6eda6,rutile,0,1,1,0.5751867294311523,0.0017581976717337966,0.7200831770896912,0.2580028772354126,0.02015572413802147
VTM-007248,DG-c274fac1f1b0,rutile,0,1,1,0.7755842208862305,0.1494654268026352,0.8176224231719971,0.008385549299418926,0.024526596069335938
VTM-007260,DG-34ff53d91d21,rutile,0,1,1,0.5592498779296875,0.003582783043384552,0.7153857946395874,0.20184998214244843,0.0791814848780632
VTM-007262,DG-d9346a5d5ba9,rutile,0,1,1,0.5766312479972839,0.0011165846372023225,0.7828794121742249,0.19709652662277222,0.018907465040683746
VTM-007264,DG-d73558b211eb,rutile,0,1,1,0.6713953018188477,0.0019098820630460978,0.8749569058418274,0.12080417573451996,0.0023289767559617758
VTM-007268,DG-b8e680a00dc5,rutile,0,1,1,0.6881006360054016,0.002545388415455818,0.9757344722747803,0.017408227548003197,0.004311942495405674
VTM-007269,DG-9513b4eb8a6c,rutile,0,1,1,0.731154203414917,0.06966429948806763,0.8232367038726807,0.03143651783466339,0.0756625235080719
VTM-007271,DG-aa36737f32b4,rutile,0,1,1,0.7199878692626953,0.020851917564868927,0.9643685817718506,0.006826493423432112,0.007952974177896976
VTM-007273,DG-9b15bae5be2b,rutile,0,1,1,0.6453266739845276,0.004076801240444183,0.9568220376968384,0.017602786421775818,0.02149839513003826
VTM-007277,DG-34e702311346,rutile,0,1,1,0.7260538935661316,0.05803331732749939,0.7056859731674194,0.19198551774024963,0.044295258820056915
VTM-007284,DG-ddc98eca336f,rutile,0,1,0,0.9167484045028687,0.5299798846244812,0.34348583221435547,0.04495861008763313,0.08157560974359512
VTM-007297,DG-11dd6589c9bb,rutile,0,1,0,0.9215432405471802,0.5947809815406799,0.10466869920492172,0.0060898130759596825,0.2944604456424713
VTM-007298,DG-eb93b6bf811d,rutile,0,1,0,0.9172441959381104,0.5208808183670044,0.32360517978668213,0.006205046083778143,0.1493089646100998
VTM-007299,DG-4348e5d59120,rutile,0,1,3,0.7988453507423401,0.27989891171455383,0.13927294313907623,0.08670633286237717,0.494121789932251
VTM-007310,DG-51c153e1350b,rutile,0,1,1,0.702593982219696,0.01308712363243103,0.9428039789199829,0.037853043526411057,0.006255944259464741
VTM-007311,DG-1514d436b7a8,rutile,0,1,1,0.6670761704444885,0.005309553351253271,0.9245947599411011,0.05726512521505356,0.012830615043640137
VTM-007318,DG-71dafe8d9886,rutile,0,1,1,0.6724309325218201,0.06643445789813995,0.5273599624633789,0.2616845667362213,0.1445210576057434
VTM-007323,DG-3889b7880739,rutile,0,1,1,0.6553726196289062,0.0002530647034291178,0.9906783103942871,0.006576996296644211,0.002491615479812026
VTM-007331,DG-8cc20c992753,rutile,0,1,1,0.6997120380401611,0.0009229460265487432,0.9975429177284241,0.0007133117760531604,0.00082083058077842
VTM-007335,DG-7c2d016f2e95,rutile,0,1,1,0.6953856945037842,0.009678869508206844,0.9670721888542175,0.011130164377391338,0.01211877167224884
VTM-007340,DG-c775bdf1d201,rutile,0,1,1,0.708784282207489,0.03105562925338745,0.9084631204605103,0.009340754710137844,0.05114050209522247
VTM-007347,DG-7c08f5eb76a2,rutile,0,1,3,0.6188088655471802,0.06159256026148796,0.3899573087692261,0.07755634933710098,0.4708938002586365
VTM-007348,DG-39597209e51d,rutile,0,1,1,0.6538447141647339,0.011838712729513645,0.8671931028366089,0.09858126938343048,0.022386863827705383
VTM-007352,DG-b544af5fc942,rutile,0,1,1,0.5783361196517944,0.004912103060632944,0.5922849178314209,0.3901617228984833,0.01264116633683443
VTM-007357,DG-5adbf853b6c3,rutile,0,1,0,0.9231345057487488,0.5900797843933105,0.1954260766506195,0.07763601094484329,0.13685819506645203
VTM-007359,DG-199c7997a512,rutile,0,1,1,0.7461606860160828,0.12412683665752411,0.6216526031494141,0.13246789574623108,0.12175267189741135
VTM-007364,DG-9ffa4b76f08e,rutile,0,1,1,0.6926116943359375,0.06659890711307526,0.5614465475082397,0.3355639576911926,0.03639056161046028
VTM-007373,DG-4e935c97ba32,rutile,0,1,1,0.8087986707687378,0.18883651494979858,0.7168704867362976,0.03392023965716362,0.0603727251291275
VTM-007377,DG-eb9bc8a2a73f,rutile,0,1,1,0.6890926361083984,0.03445066884160042,0.8211960792541504,0.021010618656873703,0.1233425959944725
VTM-007380,DG-fdce72a1f494,rutile,0,1,1,0.6014435887336731,0.008954618126153946,0.6602058410644531,0.303104430437088,0.027735119685530663
VTM-007381,DG-95ea1df312d6,rutile,0,1,1,0.7017284035682678,0.015014687553048134,0.9496146440505981,0.002982080914080143,0.03238863870501518
VTM-007382,DG-139b38e4d40e,rutile,0,1,2,0.49298399686813354,0.0026011252775788307,0.2740863561630249,0.7143396139144897,0.00897294469177723
VTM-007385,DG-4897059f854c,rutile,0,1,1,0.8094159960746765,0.19026687741279602,0.7894494533538818,0.011036465875804424,0.009247218258678913
VTM-007386,DG-0a104ab8bdc8,rutile,0,1,2,0.4838104844093323,0.0032275416888296604,0.2632736563682556,0.7247951030731201,0.008703688159584999
VTM-007394,DG-2c7580fecab0,rutile,0,1,1,0.8246074318885803,0.22245265543460846,0.6567638516426086,0.01697620376944542,0.10380727797746658
VTM-007395,DG-9a4fe90e7020,rutile,0,1,1,0.46424171328544617,0.0020777592435479164,0.4070839285850525,0.2644731402397156,0.3263651728630066
VTM-007397,DG-8bcd5e9f4c16,rutile,0,1,1,0.6750865578651428,0.02601735293865204,0.8168351054191589,0.11895884573459625,0.03818868100643158
VTM-007400,DG-45eba17851f1,rutile,0,1,2,0.5318616628646851,0.023449264466762543,0.11592104285955429,0.8332411050796509,0.027388645336031914
VTM-007410,DG-82767d14f349,rutile,0,1,1,0.639356791973114,0.005076099652796984,0.9106848239898682,0.022011931985616684,0.062227219343185425
VTM-007423,DG-c371acb7234e,rutile,0,1,1,0.6706216335296631,0.0057929097674787045,0.9678738117218018,0.009188028052449226,0.017145248129963875
VTM-007428,DG-15d67b0d89e1,rutile,0,1,1,0.6599246263504028,0.0002720006159506738,0.979857325553894,0.017429061233997345,0.0024416178930550814
VTM-007441,DG-c90b6affaa03,rutile,0,1,2,0.6762866377830505,0.09862124919891357,0.2700052261352539,0.5871769189834595,0.044196631759405136
VTM-007453,DG-86b7bb730720,rutile,0,1,1,0.6350598931312561,0.06103712320327759,0.4119928777217865,0.1508764773607254,0.3760935366153717
VTM-007454,DG-a98d740c3883,rutile,0,1,3,0.5673515796661377,0.014217955991625786,0.0064607844687998295,0.000715239904820919,0.9786060452461243
VTM-007461,DG-5b479771c1f3,rutile,0,1,3,0.6066827178001404,0.052278466522693634,0.033109478652477264,0.4372190237045288,0.4773930311203003
VTM-007464,DG-3ed493b5d858,rutile,0,1,1,0.7128766775131226,0.03685123845934868,0.883091926574707,0.021683158352971077,0.05837368220090866
VTM-007469,DG-352ed7bda653,rutile,0,1,1,0.5833696722984314,0.007677045650780201,0.5313107967376709,0.4476710855960846,0.013341053389012814
VTM-007471,DG-8abf3b75f366,rutile,0,1,1,0.6642575263977051,0.005622949451208115,0.9589996933937073,0.022698979824781418,0.012678365223109722
VTM-007482,DG-6fb9437c2fb3,rutile,0,1,1,0.699735701084137,0.0014591572107747197,0.9956228733062744,0.001460452564060688,0.001457558711990714
VTM-007483,DG-a4616a0dcab1,rutile,0,1,1,0.672040581703186,0.0007949368446134031,0.9292087554931641,0.06822872906923294,0.0017675724811851978
VTM-007486,DG-eff26cc1b3ea,rutile,0,1,1,0.7016530632972717,0.0306515172123909,0.8437774181365967,0.0907089039683342,0.034862220287323
VTM-007497,DG-168f545ece85,rutile,0,1,2,0.47474515438079834,0.006943446584045887,0.13081058859825134,0.819198489189148,0.043047480285167694
VTM-007501,DG-b2499e85570b,rutile,0,1,1,0.5752429366111755,0.019819632172584534,0.5811096429824829,0.21038687229156494,0.1886838972568512
VTM-007505,DG-41372b09c0ad,rutile,0,1,1,0.6521680355072021,0.007566286716610193,0.883948564529419,0.021124808117747307,0.08736030757427216
VTM-007509,DG-925dc8d0a56c,rutile,0,1,1,0.6965537071228027,0.01087928470224142,0.9531424045562744,0.005806468427181244,0.030171813443303108
VTM-007510,DG-b45f88fd00f9,rutile,0,1,1,0.6743508577346802,0.0031083154026418924,0.9663029909133911,0.016687748953700066,0.013900992460548878
VTM-007523,DG-e337aefe7e7e,rutile,0,1,1,0.6415700316429138,0.0007206048467196524,0.9714822769165039,0.016416016966104507,0.011381149291992188
VTM-007526,DG-8dea373e596d,rutile,0,1,1,0.6933782696723938,0.00040053235716186464,0.9848767518997192,0.01437209453433752,0.0003506713837850839
VTM-007527,DG-fa54bd5840ea,rutile,0,1,1,0.6919075846672058,0.008593123406171799,0.9365335702896118,0.039541952311992645,0.015331355854868889
VTM-007529,DG-d2a96e03beea,rutile,0,1,0,0.9195981025695801,0.6202892065048218,0.03286406025290489,0.032648418098688126,0.3141982853412628
VTM-007532,DG-34acfdfeae40,rutile,0,1,0,0.873649001121521,0.38595157861709595,0.14738035202026367,0.37385666370391846,0.09281138330698013
VTM-007533,DG-0b88f16d1d5c,rutile,0,1,1,0.8494191765785217,0.2783812880516052,0.6062172651290894,0.07632128894329071,0.03908015415072441
VTM-007535,DG-db26d01eeb40,rutile,0,1,1,0.6945363283157349,0.032415568828582764,0.8662965297698975,0.06791292130947113,0.03337501361966133
VTM-007539,DG-538d5d90083a,rutile,0,1,1,0.7223158478736877,0.03155474737286568,0.9375503063201904,0.019993677735328674,0.010901210829615593
VTM-007542,DG-161b7757dac5,rutile,0,1,1,0.752732515335083,0.08094627410173416,0.8601985573768616,0.017135582864284515,0.04171960800886154
VTM-007546,DG-2b98513691d0,rutile,0,1,1,0.6474350094795227,0.0004124227270949632,0.9955118894577026,0.0014983321307227015,0.002577407518401742
VTM-007553,DG-3165bab86739,rutile,0,1,1,0.6625508666038513,0.0005712960846722126,0.9905420541763306,0.006933581084012985,0.0019531163852661848
VTM-007557,DG-f0f1acee2624,rutile,0,1,1,0.6779821515083313,0.005817314609885216,0.9606262445449829,0.021137531846761703,0.012418888509273529
VTM-007564,DG-c77fe4795b4e,rutile,0,1,1,0.657202422618866,0.000892181764356792,0.9796324968338013,0.013101166114211082,0.006374134216457605
VTM-007566,DG-0e21269d2000,rutile,0,1,1,0.5808912515640259,0.021990012377500534,0.5476155281066895,0.098207488656044,0.3321869373321533
VTM-007567,DG-d3c9e3267179,rutile,0,1,2,0.6269373297691345,0.07450126856565475,0.24922019243240356,0.5726027488708496,0.10367576032876968
VTM-007570,DG-d9477c89108a,rutile,0,1,1,0.654810905456543,0.034885816276073456,0.7401812076568604,0.08777368813753128,0.13715925812721252
VTM-007580,DG-bc48501d8fce,rutile,0,1,0,0.8644906878471375,0.3933485746383667,0.1530340313911438,0.13652579486370087,0.3170916736125946
VTM-007583,DG-b98be2ccb042,rutile,0,1,1,0.6963890790939331,0.01716298796236515,0.9278391599655151,0.03158704191446304,0.023410826921463013
VTM-007587,DG-a55b27abe7d0,rutile,0,1,1,0.7590356469154358,0.1174776554107666,0.855040431022644,0.02368512749671936,0.003796740435063839
VTM-007591,DG-cd6dbe9adde8,rutile,0,1,1,0.7962021827697754,0.1650632619857788,0.7607748508453369,0.03765648603439331,0.03650537133216858
VTM-007604,DG-950eb1c237d2,rutile,0,1,1,0.5592372417449951,0.014138901606202126,0.5486791729927063,0.3460065722465515,0.09117539972066879
VTM-007615,DG-b13ab0e3785e,rutile,0,1,1,0.8113899230957031,0.1968540996313095,0.6245067119598389,0.128224715590477,0.05041453614830971
VTM-007616,DG-461954f116bf,rutile,0,1,1,0.7671335339546204,0.16087497770786285,0.45434266328811646,0.021893540397286415,0.36288878321647644
VTM-007619,DG-1fd3852a6314,rutile,0,1,1,0.5568072199821472,0.0007215962978079915,0.7260134220123291,0.24276643991470337,0.03049849346280098
VTM-007620,DG-a8242b078ae2,rutile,0,1,1,0.6462516784667969,0.0013111612061038613,0.9514480829238892,0.0426885187625885,0.0045522539876401424
VTM-007634,DG-5429475747c9,rutile,0,1,0,0.9007953405380249,0.4617128372192383,0.31571853160858154,0.004032576456665993,0.21853603422641754
VTM-007653,DG-3f598ecd89b5,rutile,0,1,1,0.7676196098327637,0.12986434996128082,0.7383624315261841,0.036785975098609924,0.09498728811740875
VTM-007660,DG-79c33dbb6681,rutile,0,1,0,0.8999688625335693,0.4418129324913025,0.33332520723342896,0.11971046030521393,0.1051514595746994
VTM-007663,DG-226fb7b8a8d2,rutile,0,1,1,0.8612685203552246,0.30541256070137024,0.6377326250076294,0.011096347123384476,0.04575850069522858
VTM-007667,DG-e16b556a112b,rutile,0,1,1,0.6627082824707031,0.04139607399702072,0.6196233034133911,0.3106486201286316,0.028332019224762917
VTM-007670,DG-85d5798aadde,rutile,0,1,3,0.5589659214019775,0.040629297494888306,0.07772509008646011,0.02041470818221569,0.8612309098243713
VTM-007677,DG-54c3baf572f2,rutile,0,1,0,0.9235327839851379,0.6156007647514343,0.3648473024368286,0.005399968940764666,0.01415201835334301
VTM-007681,DG-f75ab0ccf62c,rutile,0,1,3,0.7726504802703857,0.2453528642654419,0.11949758231639862,0.04272250831127167,0.5924270749092102
VTM-007682,DG-941618bd8f31,rutile,0,1,1,0.6285690069198608,0.0031463399063795805,0.9187579154968262,0.018592631444334984,0.05950308218598366
VTM-007687,DG-0c5f60c4a3b4,rutile,0,1,1,0.7071577906608582,0.01450977474451065,0.9560203552246094,0.023176284506917,0.006293573882430792
VTM-007695,DG-ff4045c2a14f,rutile,0,1,2,0.5635196566581726,0.010861693881452084,0.3158910870552063,0.6620466709136963,0.011200533248484135
VTM-007697,DG-f5c6896e9b4b,rutile,0,1,1,0.6548992991447449,0.0038873483426868916,0.9218655824661255,0.05870246887207031,0.015544591471552849
VTM-007699,DG-849a873aa5a4,rutile,0,1,1,0.5470801591873169,0.0059824297204613686,0.5823252201080322,0.34171950817108154,0.06997289508581161
VTM-007700,DG-b71b51b386fb,rutile,0,1,1,0.7867465019226074,0.1271108090877533,0.807145357131958,0.025029918178915977,0.04071389138698578
VTM-007701,DG-9b582849c3d7,rutile,0,1,1,0.8110324740409851,0.21683456003665924,0.45712095499038696,0.16949555277824402,0.15654893219470978
VTM-007706,DG-fafc111bab75,rutile,0,1,0,0.9030236005783081,0.4630654752254486,0.40195971727371216,0.04178662970662117,0.09318816661834717
VTM-007707,DG-f0ea92e86f33,rutile,0,1,1,0.7053868770599365,0.04359125345945358,0.7949433922767639,0.15070396661758423,0.010761372745037079
VTM-007711,DG-0fe66615eaf1,rutile,0,1,1,0.6306414008140564,0.01087445393204689,0.7559515237808228,0.20100325345993042,0.03217069059610367
VTM-007712,DG-b83e31818a0c,rutile,0,1,1,0.6991667747497559,0.09324108064174652,0.450250506401062,0.4157611131668091,0.04074734076857567
VTM-007718,DG-e9f951f4bd3f,rutile,0,1,1,0.7559608221054077,0.09417621791362762,0.835536539554596,0.01918051578104496,0.05110671743750572
VTM-007732,DG-f60703cce716,rutile,0,1,2,0.520047664642334,0.009942896664142609,0.257996141910553,0.6996313333511353,0.03242965042591095
VTM-007735,DG-05fdd115fd69,rutile,0,1,0,0.8728908896446228,0.3808934688568115,0.256885290145874,0.31033337116241455,0.0518878698348999
VTM-007746,DG-fff3aa7f9365,rutile,0,1,1,0.6989959478378296,0.0003665380063466728,0.998751163482666,0.0006125866202637553,0.0002696714363992214
VTM-007749,DG-5303404c2e69,rutile,0,1,1,0.7269999384880066,0.15317954123020172,0.4045308232307434,0.13158386945724487,0.3107057809829712
VTM-007750,DG-a81a25c409e8,rutile,0,1,2,0.5578846335411072,0.04060745984315872,0.3311554789543152,0.401256799697876,0.22698023915290833
VTM-007755,DG-944f33f66490,rutile,0,1,1,0.6219514608383179,0.0009580036858096719,0.9107257723808289,0.07321687787771225,0.015099353156983852
VTM-007757,DG-80ee3b1a6e0a,rutile,0,1,1,0.7023758888244629,0.012620901688933372,0.9528881907463074,0.025577034801244736,0.008913912810385227
VTM-007765,DG-f4b7ef0ac743,rutile,0,1,1,0.6645023822784424,0.01183304376900196,0.9078208208084106,0.005628550425171852,0.07471750676631927
VTM-007768,DG-28073c0797cd,rutile,0,1,1,0.8739786744117737,0.35768160223960876,0.5711290836334229,0.03533415496349335,0.03585514426231384
VTM-007771,DG-273720ecb0d3,rutile,0,1,1,0.6428287625312805,0.002357780933380127,0.8827382922172546,0.09743402898311615,0.017469950020313263
VTM-007784,DG-db2409770d58,rutile,0,1,1,0.6867017149925232,0.0018997511360794306,0.9856537580490112,0.00965421088039875,0.0027922827284783125
VTM-007786,DG-68853dc5763d,rutile,0,1,1,0.6478727459907532,0.007700161077082157,0.8838964700698853,0.07260376214981079,0.0357995331287384
VTM-007788,DG-555f81e77195,rutile,0,1,1,0.702263593673706,0.025175001472234726,0.9147460460662842,0.03796933591365814,0.022109640762209892
VTM-007791,DG-11892ea0a290,rutile,0,1,1,0.6969704031944275,0.0990009531378746,0.5201690196990967,0.2806567847728729,0.10017324984073639
VTM-007793,DG-d6d71d7543b1,rutile,0,1,1,0.6508834362030029,0.009376343339681625,0.8599855303764343,0.05458296835422516,0.07605519145727158
VTM-007797,DG-be3486c6c842,rutile,0,1,1,0.6962395906448364,0.0008351658470928669,0.9931818246841431,0.005037024617195129,0.0009459350258111954
VTM-007801,DG-749462d8666f,rutile,0,1,1,0.6803318858146667,0.0013364184414967895,0.9543815851211548,0.0423118881881237,0.001970084151253104
VTM-007802,DG-c8a6002dd126,rutile,0,1,2,0.5403034687042236,0.004801217466592789,0.4318283200263977,0.5559122562408447,0.007458243519067764
VTM-007803,DG-10235aa01f6d,rutile,0,1,1,0.7206657528877258,0.042298492044210434,0.8914353251457214,0.01592734456062317,0.05033887177705765
VTM-007815,DG-a59bc7fb7e2f,rutile,0,1,1,0.6480578780174255,0.0009695797925814986,0.9351414442062378,0.054678767919540405,0.009210149757564068
VTM-007816,DG-5ae8168464e4,rutile,0,1,1,0.6859094500541687,0.021579952910542488,0.8453696966171265,0.10322512686252594,0.02982524409890175
VTM-007827,DG-0a74a7cfe43e,rutile,0,1,1,0.7078728675842285,0.06801789999008179,0.7025249004364014,0.12478053569793701,0.10467669367790222
VTM-007838,DG-e1f9335465cb,rutile,0,1,2,0.8468818664550781,0.32203835248947144,0.2364293932914734,0.3652820587158203,0.07625025510787964
VTM-007849,DG-3f90abd10786,rutile,0,1,1,0.6531426906585693,0.007555852644145489,0.888390302658081,0.012795276939868927,0.09125862270593643
VTM-007859,DG-6e70a4248338,rutile,0,1,3,0.7345372438430786,0.18380330502986908,0.1598045974969864,0.2508198618888855,0.4055722653865814
VTM-007881,DG-c1799ea6db6f,rutile,0,1,2,0.7741259932518005,0.2362319529056549,0.0890662670135498,0.563439130783081,0.11126270145177841
VTM-007888,DG-aacf04d2a8ae,rutile,0,1,1,0.7914210557937622,0.1624472588300705,0.7272548675537109,0.08457900583744049,0.02571885660290718
VTM-007895,DG-bc791272671a,rutile,0,1,1,0.6723533272743225,0.000300433806842193,0.9967732429504395,0.0021194973960518837,0.0008068870520219207
VTM-007899,DG-47cf619f5db1,rutile,0,1,1,0.6640845537185669,0.0065955836325883865,0.7901244163513184,0.19665080308914185,0.006629179231822491
VTM-007902,DG-f7d8a9a398f7,rutile,0,1,1,0.6860617399215698,0.002117197262123227,0.9890295267105103,0.004354544915258884,0.0044987136498093605
VTM-007910,DG-a0fc78f41be9,rutile,0,1,1,0.6902652978897095,0.017611248418688774,0.9027668237686157,0.02509998343884945,0.05452188104391098
VTM-007913,DG-1b4f069186b0,rutile,0,1,1,0.7015431523323059,0.009341227822005749,0.9676194190979004,0.015382753685116768,0.007656605914235115
VTM-007915,DG-36d9615d8c61,rutile,0,1,0,0.9363416433334351,0.7804608345031738,0.15249721705913544,0.04172700643539429,0.025315020233392715
VTM-007918,DG-ed8cf27a2e78,rutile,0,1,1,0.7060440182685852,0.011905375868082047,0.9653148651123047,0.010190948843955994,0.012588879093527794
VTM-007922,DG-0d7754f7d499,rutile,0,1,1,0.6651096940040588,0.06009859964251518,0.515728235244751,0.39799195528030396,0.0261811763048172
VTM-007933,DG-3eb8712d6994,rutile,0,1,0,0.9132157564163208,0.5195732116699219,0.1673756092786789,0.10741142183542252,0.2056397944688797
VTM-007935,DG-cd1f1f7b383a,rutile,0,1,0,0.9294728636741638,0.6674752235412598,0.14849838614463806,0.018223054707050323,0.16580331325531006
VTM-007938,DG-248b24b44236,rutile,0,1,0,0.9156333804130554,0.5373197197914124,0.16361089050769806,0.07239404320716858,0.2266753911972046
VTM-007942,DG-e0ffe42803fb,rutile,0,1,1,0.6939587593078613,0.0024511166848242283,0.9580298662185669,0.03758994862437248,0.0019290066557005048
VTM-007957,DG-7cad84161666,rutile,0,1,1,0.6157529354095459,0.015605906024575233,0.6135389804840088,0.3384978175163269,0.03235732018947601
VTM-007967,DG-d475ed7901d8,rutile,0,1,1,0.47796696424484253,0.0017951751360669732,0.4886086583137512,0.4648575186729431,0.04473865032196045
VTM-007969,DG-ac59db3c0136,rutile,0,1,1,0.8842190504074097,0.3850950002670288,0.5011922121047974,0.08843472599983215,0.025278059765696526
VTM-007970,DG-688c2e18cf43,rutile,0,1,1,0.8425271511077881,0.2569783926010132,0.6629944443702698,0.028012920171022415,0.052014321088790894
VTM-007974,DG-75f7ce2166e8,rutile,0,1,1,0.7312692999839783,0.061914168298244476,0.874362051486969,0.043758735060691833,0.019964996725320816
VTM-007979,DG-765fe6920f91,rutile,0,1,1,0.8237971663475037,0.2235347330570221,0.752335250377655,0.00855356827378273,0.015576465055346489
VTM-007982,DG-4b7aa1790ccb,rutile,0,1,0,0.923992395401001,0.6228058934211731,0.15751643478870392,0.08450480550527573,0.13517285883426666
VTM-007986,DG-98060dcaab6c,rutile,0,1,3,0.5463176965713501,0.03858567401766777,0.22896257042884827,0.17215149104595184,0.5603002905845642
VTM-007988,DG-5bd3ed32afcb,rutile,0,1,2,0.44505250453948975,0.003201104700565338,0.06055210530757904,0.9159313440322876,0.020315485075116158
VTM-007997,DG-bc1130a58a7d,rutile,0,1,1,0.8414602279663086,0.2942398488521576,0.35351890325546265,0.027725081890821457,0.3245161771774292
VTM-007998,DG-2a947cf08731,rutile,0,1,1,0.662437915802002,0.01079670712351799,0.908090353012085,0.0549628771841526,0.026150129735469818
VTM-008012,DG-58aed1ffc140,rutile,0,1,3,0.501394510269165,0.014927417039871216,0.15479618310928345,0.010342415422201157,0.8199340105056763
VTM-008018,DG-2e6dca4e47d4,rutile,0,1,1,0.6402356624603271,0.008789392188191414,0.8796820044517517,0.0049997675232589245,0.10652880370616913
VTM-008024,DG-6523804f739b,rutile,0,1,1,0.656069278717041,0.0004053410957567394,0.9722520112991333,0.024283871054649353,0.0030588405206799507
VTM-008032,DG-b94efdc6f66c,rutile,0,1,1,0.7335999608039856,0.052017923444509506,0.9144107699394226,0.017713267356157303,0.01585802622139454
VTM-008035,DG-a2848b06c1c6,rutile,0,1,1,0.6772497892379761,0.01867784932255745,0.7813231945037842,0.18649597465991974,0.013502964749932289
VTM-008036,DG-49324173995c,rutile,0,1,1,0.7232081890106201,0.04847611486911774,0.8743593692779541,0.028606515377759933,0.04855800420045853
VTM-008037,DG-868be94e2e92,rutile,0,1,2,0.5295893549919128,0.0012503557372838259,0.3821233808994293,0.6141042709350586,0.0025219738017767668
VTM-008038,DG-07cbd71a0865,rutile,0,1,1,0.7703731060028076,0.166121244430542,0.5560890436172485,0.21607576310634613,0.06171395629644394
VTM-008047,DG-fac5c63cc8c1,rutile,0,1,1,0.6807319521903992,0.027491293847560883,0.7311997413635254,0.2271708846092224,0.01413813978433609
VTM-008058,DG-30855bec2c45,rutile,0,1,1,0.5749577879905701,0.0070457663387060165,0.5904661417007446,0.3648192286491394,0.0376688651740551
VTM-008059,DG-a7bac81cf861,rutile,0,1,2,0.6108672022819519,0.048518985509872437,0.40289467573165894,0.4614640176296234,0.08712232112884521
VTM-008066,DG-692713a94210,rutile,0,1,0,0.9296472668647766,0.6839215159416199,0.17892222106456757,0.11245347559452057,0.02470279484987259
VTM-008069,DG-592a914da8e0,rutile,0,1,1,0.7012181282043457,0.009963016957044601,0.9509402513504028,0.03514754772186279,0.0039491900242865086
VTM-008073,DG-1b817da01ddf,rutile,0,1,1,0.8228854537010193,0.24131208658218384,0.5794587135314941,0.08617862313985825,0.09305059909820557
VTM-008076,DG-44eef5fae25f,rutile,0,1,1,0.7385237812995911,0.0553913451731205,0.8991307616233826,0.035151973366737366,0.010325882583856583
VTM-008086,DG-487fbeec00c4,rutile,0,1,1,0.7168285846710205,0.021506108343601227,0.9673400521278381,0.006903012748807669,0.004250785335898399
VTM-008087,DG-c775a3ec9c79,rutile,0,1,3,0.4979168772697449,0.006485092453658581,0.15893155336380005,0.03615035116672516,0.7984330654144287
VTM-008098,DG-770d313b2929,rutile,0,1,1,0.7039879560470581,0.10706935822963715,0.5504072904586792,0.13429957628250122,0.20822374522686005
VTM-008100,DG-8e1cc3ce55a3,rutile,0,1,1,0.6456776857376099,0.0006161005003377795,0.8881496787071228,0.10904490202665329,0.0021893789526075125
VTM-008103,DG-178878878760,rutile,0,1,1,0.7200188040733337,0.030550677329301834,0.935771644115448,0.022665614262223244,0.011012024246156216
VTM-008104,DG-db1dbca8dc46,rutile,0,1,1,0.7337772846221924,0.05329124256968498,0.8947425484657288,0.04289828985929489,0.009067945182323456
VTM-008106,DG-4019b69d29d3,rutile,0,1,1,0.6674804091453552,0.07727962732315063,0.5012874603271484,0.19900283217430115,0.22243008017539978
VTM-008107,DG-ea3d5480ac2e,rutile,0,1,1,0.6768299341201782,0.0010096804471686482,0.9642417430877686,0.032570455223321915,0.0021781716495752335
VTM-008109,DG-db6038ce6a44,rutile,0,1,0,0.8975972533226013,0.44554463028907776,0.1718156933784485,0.10923588275909424,0.27340373396873474
VTM-008114,DG-aaacda3cb80f,rutile,0,1,1,0.7985931634902954,0.17168548703193665,0.7009698748588562,0.06984302401542664,0.057501599192619324
VTM-008115,DG-ee9a87b0ab1e,rutile,0,1,1,0.7046349048614502,0.0007294918177649379,0.997982382774353,0.00112531625200063,0.0001628302998142317
VTM-008118,DG-179cc83abdd9,rutile,0,1,1,0.658033549785614,0.0027936676051467657,0.959490180015564,0.023080293089151382,0.01463581807911396
VTM-008119,DG-7b2fbfb3b470,rutile,0,1,2,0.6030023097991943,0.059850409626960754,0.2804645299911499,0.5167211294174194,0.14296391606330872
VTM-008121,DG-9b82089c0d36,rutile,0,1,1,0.7298924326896667,0.0800681784749031,0.7377716302871704,0.1387437880039215,0.04341646656394005
VTM-008123,DG-3a2b2e7f3eae,rutile,0,1,1,0.5442340970039368,0.008960099890828133,0.5267287492752075,0.06659147143363953,0.39771968126296997
VTM-008128,DG-878648e84483,rutile,0,1,2,0.4695722758769989,0.000730817555449903,0.0875062346458435,0.9071760773658752,0.004586824215948582
VTM-008134,DG-6b1d76f3953b,rutile,0,1,0,0.9346774816513062,0.7384750247001648,0.2145271897315979,0.0056959474459290504,0.04130186140537262
VTM-008137,DG-6e939fb9860c,rutile,0,1,1,0.6833524703979492,0.0022240239195525646,0.9669592380523682,0.02211647853255272,0.008700207807123661
VTM-008138,DG-93b3faa3f600,rutile,0,1,1,0.7007631063461304,0.0016037161694839597,0.9911893606185913,0.0065463329665362835,0.0006605316884815693
VTM-008139,DG-5577989ff75e,rutile,0,1,0,0.9396082162857056,0.8798645734786987,0.11633295565843582,0.0014800704084336758,0.002322377171367407
VTM-008172,DG-24c14f1dbe67,rutile,0,1,1,0.6185104250907898,0.0009926451602950692,0.9250959157943726,0.006009544245898724,0.06790189445018768
VTM-008182,DG-88386d3ede84,rutile,0,1,1,0.6892343163490295,0.0035334578715264797,0.9862841367721558,0.003498991020023823,0.006683440878987312
VTM-008193,DG-f84f338db424,rutile,0,1,1,0.667471706867218,0.0020578436087816954,0.9552502632141113,0.03712940588593483,0.005562526639550924
VTM-008199,DG-39ee22dc019b,rutile,0,1,1,0.6980184316635132,0.07228460162878036,0.6822909712791443,0.11470091342926025,0.13072353601455688
VTM-008203,DG-7b9753be8bc3,rutile,0,1,0,0.8384032249450684,0.30355167388916016,0.2977221608161926,0.21938775479793549,0.17933838069438934
VTM-008208,DG-81d901fe141d,rutile,0,1,1,0.7073385715484619,0.0041770413517951965,0.9882214069366455,0.007160038221627474,0.0004415626171976328
VTM-008212,DG-c85dbe094e7c,rutile,0,1,3,0.6840777397155762,0.14139747619628906,0.2622850239276886,0.07536935806274414,0.5209481716156006
VTM-008214,DG-a867623d7bf3,rutile,0,1,1,0.6903401017189026,0.0024604781065136194,0.9799745082855225,0.015442646108567715,0.0021223798394203186
VTM-008215,DG-0102d7fcf1be,rutile,0,1,0,0.8649535179138184,0.3603004813194275,0.28430473804473877,0.23366832733154297,0.12172649055719376
VTM-008217,DG-19c51a694216,rutile,0,1,3,0.8076820969581604,0.3054833710193634,0.06931273639202118,0.10250242799520493,0.5227015614509583
VTM-008218,DG-96f1a0505965,rutile,0,1,1,0.7295719385147095,0.03729121387004852,0.9288187026977539,0.0071196118369698524,0.02677040919661522
VTM-008220,DG-9b32640533f0,rutile,0,1,1,0.7085443735122681,0.05791272968053818,0.7696848511695862,0.02020094357430935,0.15220145881175995
VTM-008222,DG-27ba75fc6243,rutile,0,1,1,0.6814472079277039,0.0006556219886988401,0.8857829570770264,0.11312626302242279,0.00043520843610167503
VTM-008228,DG-b432c40d4a17,rutile,0,1,0,0.8692328333854675,0.3474021553993225,0.3097430467605591,0.0874658152461052,0.2553890347480774
VTM-008230,DG-0ca73b4e55e0,rutile,0,1,2,0.48780688643455505,0.015128633007407188,0.053378429263830185,0.7991988658905029,0.13229401409626007
VTM-008231,DG-27ca6a127bd0,rutile,0,1,1,0.6372784972190857,0.033593516796827316,0.554236650466919,0.39005517959594727,0.022114716470241547
VTM-008233,DG-b998280bb8d6,rutile,0,1,1,0.6705408096313477,0.0006110607064329088,0.9410778284072876,0.05741326883435249,0.0008978076511994004
VTM-008239,DG-74658fb0af09,rutile,0,1,1,0.6898151636123657,0.11393718421459198,0.4077177047729492,0.07916627079248428,0.3991788625717163
VTM-008241,DG-31d6b2c3f3c2,rutile,0,1,1,0.6629374027252197,0.00023350566334556788,0.9930053949356079,0.005155710503458977,0.0016054001171141863
VTM-008247,DG-67d6603c8b74,rutile,0,1,3,0.7062482833862305,0.15683600306510925,0.22478166222572327,0.1985788196325302,0.41980352997779846
VTM-008255,DG-71c0effa4eb1,rutile,0,1,2,0.5033376812934875,0.009642556309700012,0.31745201349258423,0.6339120864868164,0.03899333253502846
VTM-008257,DG-4f4222ac7c39,rutile,0,1,2,0.5850756168365479,0.04045483097434044,0.22505106031894684,0.6990549564361572,0.03543911501765251
VTM-008259,DG-0000aadff800,titanite,0,1,1,0.5197409987449646,0.01112443394958973,0.4315904676914215,0.17176249623298645,0.38552260398864746
VTM-008265,DG-80346a21b719,titanite,0,1,1,0.5393366813659668,0.019057638943195343,0.48359012603759766,0.40303319692611694,0.09431903809309006
VTM-008267,DG-97148a3a1138,titanite,0,1,2,0.5359191298484802,0.008525868877768517,0.3903655409812927,0.5671836137771606,0.033924948424100876
VTM-008268,DG-1f1b51b2208d,titanite,0,1,2,0.4674089848995209,0.0002601612941361964,0.06484169512987137,0.9340205192565918,0.000877662911079824
VTM-008269,DG-222ef9355d7e,titanite,0,1,3,0.6931701302528381,0.11217702925205231,0.34917163848876953,0.17722883820533752,0.36142247915267944
VTM-008271,DG-cd419831ebe5,titanite,0,1,2,0.4473775327205658,0.0018581589683890343,0.060830555856227875,0.5694178342819214,0.36789339780807495
VTM-008274,DG-81b6a2c402c7,titanite,0,1,2,0.42774254083633423,0.0009579681791365147,0.24678754806518555,0.7028769254684448,0.049377575516700745
VTM-008284,DG-ecb398c84372,titanite,0,1,1,0.5883849859237671,0.00011669790546875447,0.9328399896621704,0.0456109344959259,0.021432332694530487
VTM-008291,DG-3c147c6380ca,titanite,0,1,1,0.5252065658569336,0.0012697943020612001,0.6724976301193237,0.29410383105278015,0.03212878480553627
VTM-008304,DG-7b2505b11a8c,titanite,0,1,2,0.49782463908195496,0.006650071125477552,0.21168170869350433,0.7669034004211426,0.014764824882149696
VTM-008313,DG-835b15737272,titanite,0,1,1,0.6975167989730835,0.002340491861104965,0.9743347764015198,0.02137807011604309,0.0019467264646664262
VTM-008321,DG-ce970c6214f6,titanite,0,1,1,0.7072227001190186,0.1120370477437973,0.47466257214546204,0.3676590621471405,0.04564134031534195
VTM-008327,DG-8209f3f06fa1,titanite,0,1,1,0.7412632703781128,0.12858490645885468,0.5549511909484863,0.045738302171230316,0.2707256078720093
VTM-008336,DG-5a101a1a85a7,titanite,0,1,1,0.65487140417099,0.00047383690252900124,0.9061282873153687,0.09236006438732147,0.0010378374718129635
VTM-008343,DG-41bf76dfa70c,titanite,0,1,1,0.6503591537475586,0.0003029476210940629,0.8276396989822388,0.17124724388122559,0.00081011769361794
VTM-008350,DG-5392acb588dd,titanite,0,1,2,0.49340155720710754,0.014824654906988144,0.07681195437908173,0.8860751390457153,0.022288324311375618
VTM-008353,DG-6292443cc0cd,titanite,0,1,2,0.46542835235595703,0.006447015795856714,0.07355791330337524,0.8949229717254639,0.025072060525417328
VTM-008356,DG-0e327c6c2379,titanite,0,1,2,0.5230630040168762,0.006140665616840124,0.1357584446668625,0.8496348857879639,0.00846596248447895
VTM-008366,DG-2ac6d1506418,titanite,0,1,2,0.5083613991737366,0.004057088866829872,0.29521945118904114,0.6902668476104736,0.010456625372171402
VTM-008371,DG-5130f7916a46,titanite,0,1,2,0.4881693720817566,0.001850934699177742,0.10389358550310135,0.8879256844520569,0.006329812109470367
VTM-008375,DG-1a27ab935ebf,titanite,0,1,1,0.6802022457122803,0.015139641240239143,0.9134781360626221,0.044796545058488846,0.026585672050714493
VTM-008376,DG-b454db917c27,titanite,0,1,3,0.6225653886795044,0.07202804833650589,0.3456353545188904,0.09083046019077301,0.4915061593055725
VTM-008378,DG-eb99523592f7,titanite,0,1,1,0.6757681965827942,0.01227349229156971,0.8060926198959351,0.1751621961593628,0.006471679545938969
VTM-008381,DG-885e1f8a031a,titanite,0,1,2,0.5235302448272705,0.0007956192712299526,0.28219932317733765,0.7157231569290161,0.001281856675632298
VTM-008382,DG-a6b2518b55f4,titanite,0,1,1,0.6055257320404053,0.0031235585920512676,0.6895097494125366,0.30144426226615906,0.0059224143624305725
VTM-008387,DG-0567564d711c,titanite,0,1,1,0.6714783906936646,0.005615398287773132,0.8676191568374634,0.11765892803668976,0.009106470271945
VTM-008389,DG-907c0a2749ab,titanite,0,1,1,0.6968298554420471,0.0011560166021808982,0.9766330718994141,0.021479759365320206,0.0007312181405723095
VTM-008398,DG-903f66f4e2a6,titanite,0,1,0,0.9143582582473755,0.5467286109924316,0.37455031275749207,0.06268300861120224,0.016038116067647934
VTM-008399,DG-897b6c22dfc6,titanite,0,1,2,0.43935951590538025,0.001512329326942563,0.13374221324920654,0.8553979992866516,0.009347398765385151
VTM-008406,DG-242084ca5cce,titanite,0,1,1,0.7138729095458984,0.027799151837825775,0.9098422527313232,0.02623050846159458,0.03612805902957916
VTM-008408,DG-4266166d57b4,titanite,0,1,1,0.7666598558425903,0.12163688242435455,0.7554214596748352,0.09484805911779404,0.028093647211790085
VTM-008410,DG-7d2c9546bf46,titanite,0,1,1,0.6738927960395813,0.006979234982281923,0.9437122344970703,0.03233233466744423,0.016976207494735718
VTM-008411,DG-186f644e3b43,titanite,0,1,2,0.5497728586196899,0.0034263317938894033,0.30624932050704956,0.6866587400436401,0.003665630705654621
VTM-008413,DG-71d92d6bdb11,titanite,0,1,0,0.9302523136138916,0.6558272838592529,0.28755584359169006,0.025111444294452667,0.03150542080402374
VTM-008424,DG-5d47435f700f,titanite,0,1,2,0.76583331823349,0.20391616225242615,0.2721391022205353,0.4318859875202179,0.09205873310565948
VTM-008437,DG-d5e78fe5540b,titanite,0,1,2,0.5181515216827393,0.0010011618724092841,0.20707838237285614,0.7907067537307739,0.0012137088924646378
VTM-008444,DG-4280a4272197,titanite,0,1,0,0.923665463924408,0.5840042233467102,0.17971199750900269,0.1172768771648407,0.11900695413351059
VTM-008447,DG-66e696aa2d94,titanite,0,1,1,0.6046707630157471,0.000565781316254288,0.7987173199653625,0.19461147487163544,0.0061054290272295475
VTM-008453,DG-21eaeb565517,titanite,0,1,2,0.5147546529769897,0.002378979930654168,0.28510043025016785,0.7079848647117615,0.004535726271569729
VTM-008459,DG-a4f09cf94b67,titanite,0,1,1,0.6887430548667908,0.0014705307548865676,0.9667279124259949,0.02865590900182724,0.0031456195283681154
VTM-008461,DG-54f50b42c07a,titanite,0,1,1,0.5993018746376038,0.0022247424349188805,0.7998377084732056,0.18460533022880554,0.013332136906683445
VTM-008463,DG-eb676519a058,titanite,0,1,2,0.4547310769557953,0.0011253306875005364,0.34232547879219055,0.636297345161438,0.020251818001270294
VTM-008465,DG-a7521885b971,titanite,0,1,2,0.5506982803344727,0.0009608258260414004,0.39944881200790405,0.5981656312942505,0.0014246890787035227
VTM-008475,DG-0f4b629d9390,titanite,0,1,1,0.8077158331871033,0.27421849966049194,0.34627780318260193,0.3299655318260193,0.04953816533088684
VTM-008476,DG-27b83318b9c2,titanite,0,1,0,0.9370260834693909,0.7940600514411926,0.13061563670635223,0.019461754709482193,0.05586254224181175
VTM-008478,DG-886009190a8e,titanite,0,1,1,0.4904581606388092,0.007280273362994194,0.3600909113883972,0.3015708327293396,0.3310580253601074
VTM-008479,DG-9ccfb599fd77,titanite,0,1,1,0.5639493465423584,0.015190929174423218,0.49458274245262146,0.46313774585723877,0.027088617905974388
VTM-008481,DG-4a007058bcf9,titanite,0,1,1,0.5092084407806396,0.008488746359944344,0.4591712951660156,0.2518618106842041,0.28047817945480347
VTM-008482,DG-1fffaf6ae75b,titanite,0,1,1,0.675723135471344,0.02375531941652298,0.804280161857605,0.11518676578998566,0.056777726858854294
VTM-008488,DG-cf61cbc56945,titanite,0,1,1,0.7056035995483398,0.002778483321890235,0.9914840459823608,0.005050419829785824,0.0006870493525639176
VTM-008490,DG-13f68d44547b,titanite,0,1,1,0.6309937834739685,0.0007057487964630127,0.804381251335144,0.19324016571044922,0.0016729049384593964
VTM-008494,DG-b08fee62c352,titanite,0,1,1,0.45979949831962585,0.0004288123454898596,0.4876686632633209,0.4315447509288788,0.08035774528980255
VTM-008508,DG-2a1f698be405,titanite,0,1,1,0.6024591326713562,0.006102274637669325,0.7900789976119995,0.03767138347029686,0.166147381067276
VTM-008511,DG-38b189947097,titanite,0,1,0,0.9293297529220581,0.6579785346984863,0.13603349030017853,0.10008741915225983,0.10590054839849472
VTM-008536,DG-530487ff77dd,titanite,0,1,1,0.6452440023422241,0.005520151928067207,0.8941150903701782,0.07240155339241028,0.027963176369667053
VTM-008544,DG-91878df83d40,titanite,0,1,1,0.6352945566177368,0.0027464614249765873,0.8677868843078613,0.11838798224925995,0.01107869017869234
VTM-008553,DG-bb4ab0ab5d05,titanite,0,1,1,0.6510708928108215,0.013167830184102058,0.6495675444602966,0.3300110697746277,0.007253611925989389
VTM-008554,DG-07584d91647f,titanite,0,1,1,0.7395564317703247,0.08223220705986023,0.8061745166778564,0.10271207243204117,0.008881180547177792
VTM-008562,DG-37eb764293e0,titanite,0,1,1,0.6789135336875916,0.002371962880715728,0.9824265241622925,0.007317078299820423,0.007884494960308075
VTM-008565,DG-cdf94a34139b,titanite,0,1,1,0.7293154001235962,0.05922449752688408,0.8801286220550537,0.018603604286909103,0.0420432910323143
VTM-008572,DG-fd68011a9df0,titanite,0,1,1,0.605893611907959,0.0017218419816344976,0.8232390880584717,0.16107869148254395,0.013960389420390129
VTM-008573,DG-14c183516716,titanite,0,1,1,0.5909210443496704,0.0010488672414794564,0.7725667953491211,0.21965739130973816,0.006726925261318684
VTM-008574,DG-21d29ffc6ed9,titanite,0,1,1,0.6285802125930786,0.0004920116625726223,0.9693776369094849,0.025524968281388283,0.004605408757925034
VTM-008578,DG-2c85111e7b4d,titanite,0,1,1,0.6446540951728821,0.0025366265326738358,0.9363983273506165,0.0505685955286026,0.010496430099010468
VTM-008581,DG-defdf5c0157f,titanite,0,1,1,0.6997590661048889,0.024077214300632477,0.8747567534446716,0.08702739328145981,0.01413867250084877
VTM-008593,DG-d70851100832,titanite,0,1,1,0.6827518343925476,0.014341510832309723,0.8161190152168274,0.16429507732391357,0.005244431085884571
VTM-008598,DG-1b50211ce2f4,titanite,0,1,1,0.5910449028015137,0.007966027595102787,0.5607855916023254,0.41712743043899536,0.014120949432253838
VTM-008600,DG-98559e2cad9f,titanite,0,1,1,0.5563679933547974,0.0020788381807506084,0.6845696568489075,0.28897011280059814,0.024381443858146667
