image_id,split_group_id,mineral_label,outer_fold,true_class_id,predicted_class_id,route,prob_0,prob_1,prob_2,prob_3
VTM-000004,DG-93711816d7a2,ilmenite,0,0,3,0.7124156951904297,0.1667400598526001,0.07100942730903625,0.04612743481993675,0.7161230444908142
VTM-000019,DG-1f6c9a170d0a,ilmenite,0,0,1,0.7718018889427185,0.14395616948604584,0.8132011890411377,0.007863245904445648,0.03497939929366112
VTM-000022,DG-f06e5066d583,ilmenite,0,0,0,0.9407733678817749,0.741955578327179,0.24182014167308807,0.003065397497266531,0.013158892281353474
VTM-000023,DG-57c8be1f1a44,ilmenite,0,0,3,0.6367027759552002,0.07524172216653824,0.06093175336718559,0.07161137461662292,0.79221510887146
VTM-000026,DG-0cb281befc77,ilmenite,0,0,1,0.8924883604049683,0.4728812575340271,0.4790818691253662,0.023162342607975006,0.02487453818321228
VTM-000029,DG-9f879b68f7a9,ilmenite,0,0,2,0.7976374626159668,0.33803024888038635,0.20646482706069946,0.3388058543205261,0.11669909209012985
VTM-000031,DG-d7115b5d6740,ilmenite,0,0,0,0.9469808340072632,0.9048610329627991,0.0617540180683136,0.004197912290692329,0.029187036678195
VTM-000032,DG-a4d032ac7c43,ilmenite,0,0,3,0.827584981918335,0.3484039902687073,0.19383147358894348,0.04645054042339325,0.4113140106201172
VTM-000033,DG-835a9a31582b,ilmenite,0,0,3,0.7842142581939697,0.25337865948677063,0.2164040058851242,0.11713483184576035,0.413082480430603
VTM-000042,DG-dd60957cc98f,ilmenite,0,0,3,0.6751407384872437,0.07883238792419434,0.1939603090286255,0.21920333802700043,0.5080039501190186
VTM-000053,DG-0c19a5da525e,ilmenite,0,0,1,0.7163335084915161,0.046765148639678955,0.8033381700515747,0.034606851637363434,0.11528982222080231
VTM-000054,DG-4dc01708b6c1,ilmenite,0,0,3,0.6927996277809143,0.09441816806793213,0.19765985012054443,0.03640424832701683,0.6715177297592163
VTM-000055,DG-3cad097ede55,ilmenite,0,0,1,0.7768884301185608,0.22095899283885956,0.49441230297088623,0.19233420491218567,0.09229451417922974
VTM-000059,DG-104f7493d31e,ilmenite,0,0,0,0.9444672465324402,0.9515733122825623,0.01497862208634615,0.00016500511264894158,0.03328302502632141
VTM-000063,DG-a13316fbba17,ilmenite,0,0,0,0.9400591254234314,0.7384523153305054,0.2383994460105896,0.009018035605549812,0.014130181632936
VTM-000067,DG-5e3c1a734ecf,ilmenite,0,0,1,0.8475670218467712,0.32339486479759216,0.6105533242225647,0.024585599079728127,0.04146627336740494
VTM-000071,DG-43ff4b7e71d7,ilmenite,0,0,0,0.9356399178504944,0.753855288028717,0.050383493304252625,0.010698508471250534,0.1850627064704895
VTM-000072,DG-f00d4292aa19,ilmenite,0,0,2,0.6006753444671631,0.08904774487018585,0.22764042019844055,0.6012923717498779,0.08201950788497925
VTM-000078,DG-6cfccac709da,ilmenite,0,0,0,0.9466107487678528,0.9179230332374573,0.04913594573736191,0.008712048642337322,0.02422891929745674
VTM-000079,DG-865801959617,ilmenite,0,0,0,0.9439035654067993,0.9617606401443481,0.021688785403966904,0.005199033301323652,0.01135152205824852
VTM-000081,DG-a37ea3e212b7,ilmenite,0,0,0,0.9462838768959045,0.9192644953727722,0.028332076966762543,0.0033598369918763638,0.04904356598854065
VTM-000097,DG-52dbc2d87ae6,ilmenite,0,0,1,0.6949667930603027,0.025358574464917183,0.8279522657394409,0.08211681991815567,0.06457237154245377
VTM-000102,DG-8f39b68c7460,ilmenite,0,0,0,0.9306021928787231,0.7032688856124878,0.16545706987380981,0.014932265505194664,0.11634182184934616
VTM-000103,DG-edd7bbc96d6a,ilmenite,0,0,0,0.9434016942977905,0.9645360112190247,0.022886238992214203,0.002640384016558528,0.009937385097146034
VTM-000107,DG-2643e93c71a5,ilmenite,0,0,1,0.6675041317939758,0.004642668645828962,0.9850432276725769,0.007098234724253416,0.0032159057445824146
VTM-000109,DG-45cfbbb23bdc,ilmenite,0,0,0,0.9318287968635559,0.7214327454566956,0.17823526263237,0.07659772038459778,0.023734306916594505
VTM-000114,DG-fc3a66d13a58,ilmenite,0,0,0,0.9429383873939514,0.9668550491333008,0.01492373552173376,0.0017640033038333058,0.016457166522741318
VTM-000119,DG-fb23410b9ff9,ilmenite,0,0,0,0.8566135168075562,0.44350770115852356,0.11497890949249268,0.07795779407024384,0.3635556101799011
VTM-000120,DG-3e885422ff43,ilmenite,0,0,3,0.7997912168502808,0.3024522364139557,0.16230934858322144,0.12814626097679138,0.4070921540260315
VTM-000123,DG-f7048b8cdbe5,ilmenite,0,0,2,0.5805282592773438,0.017570383846759796,0.4670927822589874,0.497780978679657,0.017555858939886093
VTM-000126,DG-c9aba633a410,ilmenite,0,0,0,0.9454042911529541,0.8579155802726746,0.06132683902978897,0.012468445114791393,0.06828908622264862
VTM-000129,DG-70edfcef8486,ilmenite,0,0,0,0.8525534272193909,0.4465789794921875,0.21260440349578857,0.22545501589775085,0.11536160856485367
VTM-000130,DG-c93fa69bd002,ilmenite,0,0,0,0.9419668912887573,0.8110044598579407,0.0758414939045906,0.011634808965027332,0.10151929408311844
VTM-000136,DG-7d68bf215ad3,ilmenite,0,0,1,0.8340923190116882,0.3252691626548767,0.396725594997406,0.0014321785420179367,0.2765730917453766
VTM-000137,DG-c1aed5f668d2,ilmenite,0,0,1,0.7665645480155945,0.146649569272995,0.5753816366195679,0.011373805813491344,0.2665949761867523
VTM-000138,DG-6cfde0785f0c,ilmenite,0,0,1,0.6757938861846924,0.008360646665096283,0.952675461769104,0.022838013246655464,0.01612594723701477
VTM-000143,DG-9af7bd61913c,ilmenite,0,0,3,0.6488969922065735,0.07064230740070343,0.12878188490867615,0.3082613945007324,0.4923143982887268
VTM-000156,DG-b07c5902c813,ilmenite,0,0,0,0.8511671423912048,0.4186626672744751,0.32806485891342163,0.1772545576095581,0.07601791620254517
VTM-000164,DG-188a4021410f,ilmenite,0,0,0,0.9324482083320618,0.7184244990348816,0.19783656299114227,0.06616763770580292,0.01757127419114113
VTM-000193,DG-52c3a93b717f,ilmenite,0,0,3,0.6777133345603943,0.058757148683071136,0.29890456795692444,0.210093155503273,0.432245135307312
VTM-000196,DG-7327ff5c7b8d,ilmenite,0,0,3,0.6912509202957153,0.14739209413528442,0.06935475766658783,0.016741346567869186,0.766511857509613
VTM-000199,DG-c725c58e3f4e,ilmenite,0,0,0,0.92999666929245,0.7361522912979126,0.0733683854341507,0.11213112622499466,0.07834824919700623
VTM-000203,DG-c9a72486b1ef,ilmenite,0,0,0,0.8978717923164368,0.5621868968009949,0.15473178029060364,0.03478468954563141,0.24829664826393127
VTM-000212,DG-a9d34317443f,ilmenite,0,0,1,0.8304349780082703,0.2619742155075073,0.7304173707962036,0.00442005367949605,0.003188364440575242
VTM-000214,DG-e243cfd0a50c,ilmenite,0,0,1,0.6645318269729614,0.00412501348182559,0.8826581239700317,0.11095321178436279,0.002263587899506092
VTM-000216,DG-89f8774a7c9a,ilmenite,0,0,1,0.7149641513824463,0.06317580491304398,0.7456319332122803,0.11529196798801422,0.07590027153491974
VTM-000217,DG-aaf59fa905f6,ilmenite,0,0,2,0.5739995837211609,0.04463904723525047,0.13552391529083252,0.58652663230896,0.23331043124198914
VTM-000219,DG-90f99d0b37a9,ilmenite,0,0,1,0.7295892834663391,0.07287073880434036,0.8257213234901428,0.03568189963698387,0.06572598218917847
VTM-000226,DG-f38e353637cc,ilmenite,0,0,2,0.5957061052322388,0.13473504781723022,0.1565592885017395,0.676374077796936,0.03233152627944946
VTM-000239,DG-eafba2c762ae,ilmenite,0,0,0,0.9363542795181274,0.7087044715881348,0.2639046609401703,0.017677651718258858,0.009713280946016312
VTM-000241,DG-0f6c6dd21429,ilmenite,0,0,1,0.894116222858429,0.47742605209350586,0.4837097227573395,0.03146560117602348,0.00739861698821187
VTM-000247,DG-1d85bd9b85f1,ilmenite,0,0,0,0.9369842410087585,0.7836970090866089,0.06328319013118744,0.08177271485328674,0.07124710083007812
VTM-000249,DG-b2860bfb1647,ilmenite,0,0,1,0.7627703547477722,0.12649774551391602,0.6969553232192993,0.024406444281339645,0.1521405130624771
VTM-000265,DG-d503d286be4e,ilmenite,0,0,0,0.942951500415802,0.7888622283935547,0.1835421919822693,0.0012047149939462543,0.02639092691242695
VTM-000280,DG-d28666dbe553,ilmenite,0,0,0,0.9166720509529114,0.5644062161445618,0.424119770526886,0.0030432450585067272,0.008430791087448597
VTM-000282,DG-40aa4d6edc70,ilmenite,0,0,0,0.9287471771240234,0.7101132869720459,0.06359083950519562,0.01494736410677433,0.2113484889268875
VTM-000283,DG-0d5911cba632,ilmenite,0,0,0,0.9446882605552673,0.8554521799087524,0.07101048529148102,0.010050728917121887,0.06348665803670883
VTM-000285,DG-acd642196a86,ilmenite,0,0,0,0.9196341037750244,0.6562908291816711,0.1898186355829239,0.07015909999608994,0.08373139053583145
VTM-000288,DG-3587dab97d70,ilmenite,0,0,2,0.5273122787475586,0.03846290335059166,0.24279534816741943,0.6787403225898743,0.04000134766101837
VTM-000290,DG-51aa7aceda75,ilmenite,0,0,3,0.7344563603401184,0.2092210054397583,0.05529090762138367,0.022627420723438263,0.712860643863678
VTM-000294,DG-964e0d7fd6bb,ilmenite,0,0,0,0.8627654314041138,0.48648911714553833,0.0935232862830162,0.1931588351726532,0.22682875394821167
VTM-000308,DG-653233a1d69c,ilmenite,0,0,2,0.566251814365387,0.04126657545566559,0.3230963945388794,0.5901153087615967,0.04552178829908371
VTM-000322,DG-7bd6164a6379,ilmenite,0,0,0,0.9170962572097778,0.6353668570518494,0.034026890993118286,0.012553082779049873,0.3180532157421112
VTM-000323,DG-8b1bb30dd6dc,ilmenite,0,0,1,0.7720987200737,0.2149081826210022,0.4303296208381653,0.17452387511730194,0.18023830652236938
VTM-000328,DG-b92bf0a3d3da,ilmenite,0,0,3,0.6578563451766968,0.09378625452518463,0.05083337426185608,0.12248863279819489,0.7328917384147644
VTM-000340,DG-d5390af5bbbe,magnetite,0,0,0,0.9421405792236328,0.8099649548530579,0.1069784015417099,0.06347999721765518,0.019576627761125565
VTM-000342,DG-3d91fefd53d4,magnetite,0,0,0,0.9355613589286804,0.7587496638298035,0.08335155993700027,0.0753125250339508,0.08258619904518127
VTM-000349,DG-7481d8c0d8a5,magnetite,0,0,0,0.9176177978515625,0.6506577730178833,0.17513760924339294,0.06710799783468246,0.10709673911333084
VTM-000362,DG-a03abcd13fa1,magnetite,0,0,0,0.8942988514900208,0.48401081562042236,0.45869022607803345,0.016049755737185478,0.04124917834997177
VTM-000365,DG-403301c9b56e,magnetite,0,0,0,0.9234898686408997,0.6767082214355469,0.06282911449670792,0.018595624715089798,0.2418670654296875
VTM-000368,DG-5ec9d3b3f9d9,magnetite,0,0,3,0.624094545841217,0.013047310523688793,0.24645046889781952,0.3148566484451294,0.4256455898284912
VTM-000403,DG-6365ef6796fd,magnetite,0,0,0,0.9472491145133972,0.8744775056838989,0.10893182456493378,0.0030334005132317543,0.01355720590800047
VTM-000407,DG-b34933b09131,magnetite,0,0,0,0.9475345015525818,0.8768037557601929,0.1126660630106926,0.002943785162642598,0.007586400955915451
VTM-000408,DG-33df6424b3d6,magnetite,0,0,0,0.9463874697685242,0.9351485371589661,0.04573267698287964,0.001301366719417274,0.01781744323670864
VTM-000419,DG-d335465b98d0,magnetite,0,0,1,0.8571191430091858,0.37502631545066833,0.5006137490272522,0.06543170660734177,0.05892821401357651
VTM-000420,DG-bea3245792a5,magnetite,0,0,0,0.9418343901634216,0.765228807926178,0.21168379485607147,0.004918381106108427,0.01816900074481964
VTM-000421,DG-74bfd6871e69,magnetite,0,0,0,0.9194658398628235,0.6631622314453125,0.1700521856546402,0.06690393388271332,0.09988174587488174
VTM-000424,DG-bf000ef4445e,magnetite,0,0,0,0.9430963397026062,0.9739792346954346,0.012487759813666344,0.0006852149381302297,0.012847795151174068
VTM-000425,DG-255b8042624f,magnetite,0,0,0,0.89150071144104,0.568744421005249,0.09458456933498383,0.13494713604450226,0.2017238438129425
VTM-000433,DG-c8fe44598de6,magnetite,0,0,1,0.6657527089118958,0.0032309230882674456,0.9870849847793579,0.00814439170062542,0.001539760036394
VTM-000449,DG-f157fe6a84d8,magnetite,0,0,1,0.6710938215255737,0.004133130889385939,0.966458797454834,0.014596588909626007,0.0148114413022995
VTM-000453,DG-151237aade76,magnetite,0,0,1,0.8345229625701904,0.30432361364364624,0.5935088992118835,0.05816066637635231,0.0440068244934082
VTM-000457,DG-da2371bedc70,magnetite,0,0,0,0.9427323937416077,0.8191752433776855,0.0642625018954277,0.0017633992247283459,0.11479879170656204
VTM-000459,DG-8f86ca807d93,magnetite,0,0,0,0.9461945295333862,0.8290586471557617,0.15857470035552979,0.004565676674246788,0.0078009869903326035
VTM-000461,DG-bd4555044da8,magnetite,0,0,0,0.8717238903045654,0.4724096357822418,0.30812203884124756,0.12883996963500977,0.09062843024730682
VTM-000464,DG-2d7adf4c3825,magnetite,0,0,1,0.6889369487762451,0.0077698929235339165,0.8054984211921692,0.05865897238254547,0.12807272374629974
VTM-000465,DG-5d8be5aba542,magnetite,0,0,0,0.9193328619003296,0.6381481885910034,0.18095113337039948,0.006581585854291916,0.17431916296482086
VTM-000469,DG-55628b24d169,magnetite,0,0,0,0.9112027287483215,0.6193177700042725,0.17164406180381775,0.016655532643198967,0.19238263368606567
VTM-000475,DG-8ccebb8113c3,magnetite,0,0,0,0.9126335382461548,0.5691091418266296,0.36218827962875366,0.013161984272301197,0.05554066598415375
VTM-000482,DG-252e52464d94,magnetite,0,0,1,0.8445597290992737,0.3206368386745453,0.5547605156898499,0.01580219157040119,0.10880045592784882
VTM-000484,DG-f6cdfd76d655,magnetite,0,0,0,0.942602276802063,0.8218101859092712,0.09453091025352478,0.04881652072072029,0.03484242781996727
VTM-000485,DG-139309e9779f,magnetite,0,0,1,0.7709720134735107,0.14938054978847504,0.7366589307785034,0.06068408116698265,0.05327649042010307
VTM-000487,DG-fa21589d0eae,magnetite,0,0,2,0.7182362675666809,0.1796971559524536,0.2295290231704712,0.36007609963417053,0.23069772124290466
VTM-000488,DG-4c58be6039ce,magnetite,0,0,3,0.8191981315612793,0.33173078298568726,0.15738540887832642,0.0361478254199028,0.4747360348701477
VTM-000494,DG-2a5290c5d7d8,magnetite,0,0,0,0.9469093084335327,0.9185607433319092,0.05200997367501259,0.0030681444332003593,0.026361145079135895
VTM-000498,DG-d0d8d1193f14,magnetite,0,0,0,0.9469437003135681,0.8899136781692505,0.06492339819669724,0.03551073372364044,0.009652215987443924
VTM-000503,DG-572766d5cc60,magnetite,0,0,3,0.7145224213600159,0.13154694437980652,0.17338573932647705,0.08888253569602966,0.606184720993042
VTM-000508,DG-2db55b805efd,magnetite,0,0,1,0.875641942024231,0.4191964268684387,0.49654799699783325,0.01476876251399517,0.06948679685592651
VTM-000509,DG-c4c2974889e2,magnetite,0,0,0,0.9436795115470886,0.9693779349327087,0.013324243016541004,0.0012034301180392504,0.016094358637928963
VTM-000518,DG-85333005c1cb,magnetite,0,0,0,0.8050528764724731,0.3609076142311096,0.15694694221019745,0.3333979845046997,0.14874744415283203
VTM-000521,DG-a364591e5a94,magnetite,0,0,0,0.9462832808494568,0.9343469142913818,0.054941337555646896,0.0005715697770938277,0.010140125639736652
VTM-000528,DG-5c4892601427,magnetite,0,0,1,0.7923610210418701,0.23486384749412537,0.4138283431529999,0.08653034269809723,0.26477742195129395
VTM-000531,DG-f79e95555def,magnetite,0,0,0,0.8889020681381226,0.5096487402915955,0.31250107288360596,0.036556363105773926,0.1412937343120575
VTM-000533,DG-13e216bf967a,magnetite,0,0,0,0.9473640322685242,0.8901143074035645,0.0952511727809906,0.007853582501411438,0.006781016476452351
VTM-000541,DG-ac65b778544d,magnetite,0,0,1,0.7066264748573303,0.044960953295230865,0.91969895362854,0.026064414530992508,0.009275692515075207
VTM-000542,DG-abef6c79e38a,magnetite,0,0,3,0.7342509627342224,0.13048826158046722,0.3093931972980499,0.06649458408355713,0.4936239719390869
VTM-000543,DG-8637f69df099,magnetite,0,0,0,0.9133514761924744,0.5543268322944641,0.4274829924106598,0.012561221607029438,0.005628940649330616
VTM-000550,DG-d6c4964bebe0,magnetite,0,0,3,0.802837073802948,0.3212030231952667,0.06119288131594658,0.05524912104010582,0.5623549818992615
VTM-000554,DG-d69aeb666d37,magnetite,0,0,0,0.8949177265167236,0.5564918518066406,0.16823609173297882,0.04868888109922409,0.22658319771289825
VTM-000560,DG-f8b487ada0f0,magnetite,0,0,3,0.7517381310462952,0.19160398840904236,0.18885746598243713,0.0885542631149292,0.5309842824935913
VTM-000561,DG-90ed9625cbcc,magnetite,0,0,1,0.7323247194290161,0.1466471403837204,0.3541135787963867,0.20522050559520721,0.29401880502700806
VTM-000566,DG-88a8c17089a3,magnetite,0,0,0,0.9196934700012207,0.6568641066551208,0.12099523842334747,0.020703060552477837,0.20143765211105347
VTM-000571,DG-badeafbc76d2,magnetite,0,0,0,0.8968464732170105,0.5445998311042786,0.28637269139289856,0.053133275359869,0.11589419096708298
VTM-000582,DG-0ee8078237dd,magnetite,0,0,1,0.8214694857597351,0.24664172530174255,0.7214683294296265,0.008265353739261627,0.02362470142543316
VTM-000584,DG-f734cca44fe3,magnetite,0,0,0,0.9419453144073486,0.7883789539337158,0.1630992740392685,0.015700362622737885,0.032821428030729294
VTM-000590,DG-c990436be263,magnetite,0,0,0,0.9458983540534973,0.8624621629714966,0.06323565542697906,0.0046216510236263275,0.06968051940202713
VTM-000601,DG-939340a3be9e,magnetite,0,0,0,0.944010853767395,0.8359550833702087,0.07568566501140594,0.04993556812405586,0.038423724472522736
VTM-000607,DG-99ee770e1ec4,magnetite,0,0,0,0.915428638458252,0.5909189581871033,0.3259578347206116,0.00775919808074832,0.07536399364471436
VTM-000616,DG-8627d5243277,magnetite,0,0,0,0.9440760016441345,0.8212583065032959,0.12931908667087555,0.028507329523563385,0.020915288478136063
VTM-000632,DG-106e1814764b,magnetite,0,0,0,0.939494252204895,0.7955824136734009,0.06649578362703323,0.019818561151623726,0.11810323596000671
VTM-000635,DG-0a7197b1c473,magnetite,0,0,2,0.47064071893692017,0.02326250821352005,0.13427242636680603,0.8071367740631104,0.03532829135656357
VTM-000644,DG-5f2a9cfc90f1,magnetite,0,0,0,0.8567104339599609,0.41193878650665283,0.36716023087501526,0.12268801778554916,0.09821295738220215
VTM-000645,DG-1e092660f768,magnetite,0,0,0,0.8540404438972473,0.44657066464424133,0.2228412926197052,0.23270957171916962,0.09787843376398087
VTM-000651,DG-9619aff54888,magnetite,0,0,0,0.9240589141845703,0.6812781691551208,0.10331111401319504,0.02697211317718029,0.18843860924243927
VTM-000654,DG-870455a260e3,magnetite,0,0,3,0.7912448644638062,0.2557566165924072,0.227478489279747,0.0381607748568058,0.47860413789749146
VTM-000660,DG-ad58ef2bbda3,magnetite,0,0,1,0.854839026927948,0.3849199116230011,0.46783578395843506,0.09399598091840744,0.05324830114841461
VTM-000666,DG-42d073c596a6,magnetite,0,0,1,0.7022228837013245,0.05312624201178551,0.7492891550064087,0.15426132082939148,0.043323252350091934
VTM-000675,DG-a74f36131fe6,magnetite,0,0,3,0.6037487387657166,0.026012931019067764,0.051044054329395294,0.1992415487766266,0.7237014770507812
VTM-000681,DG-35c7c8b5abb3,magnetite,0,0,0,0.9453414082527161,0.950955331325531,0.04375080764293671,0.0021317044738680124,0.003162215929478407
VTM-000695,DG-23db2eab5a9a,magnetite,0,0,0,0.9153204560279846,0.6125398874282837,0.2813680171966553,0.07317447662353516,0.03291766345500946
VTM-000710,DG-73f5251f3a0d,magnetite,0,0,0,0.9412247538566589,0.7700794339179993,0.19908010959625244,0.01249034982174635,0.01835012622177601
VTM-000711,DG-94a4562acff5,magnetite,0,0,0,0.9464988112449646,0.9260433912277222,0.06490268558263779,0.0005243043415248394,0.00852962490171194
VTM-000713,DG-e7526efc7838,magnetite,0,0,0,0.9226247072219849,0.6442775726318359,0.26420971751213074,0.036152105778455734,0.05536065250635147
VTM-000719,DG-4b0e141be02b,magnetite,0,0,1,0.735555112361908,0.08236751705408096,0.8641844391822815,0.015311543829739094,0.03813647851347923
VTM-000723,DG-511bc90a21cd,magnetite,0,0,0,0.9363992214202881,0.757544755935669,0.09504397213459015,0.007823099382221699,0.13958819210529327
VTM-000734,DG-7943e07eda8b,magnetite,0,0,3,0.5477556586265564,0.012478193268179893,0.001959477551281452,0.020725198090076447,0.9648371338844299
VTM-000738,DG-acfec52406c0,magnetite,0,0,1,0.8084272146224976,0.21515092253684998,0.7742795944213867,0.008339648135006428,0.002229820005595684
VTM-000744,DG-51c20dbdad13,magnetite,0,0,0,0.9286524653434753,0.676565945148468,0.2634997069835663,0.006102826911956072,0.05383151024580002
VTM-000749,DG-9d6f8b7cd056,magnetite,0,0,0,0.9394488334655762,0.7803965210914612,0.11956135183572769,0.031428396701812744,0.06861378252506256
VTM-000751,DG-3d9dc0979618,magnetite,0,0,1,0.8456804752349854,0.3518446683883667,0.49778860807418823,0.07418952137231827,0.0761772021651268
VTM-000753,DG-7598f8d56a09,magnetite,0,0,0,0.9292003512382507,0.667765736579895,0.26719149947166443,0.004131169989705086,0.06091165542602539
VTM-000754,DG-a5308d80eb1e,magnetite,0,0,2,0.41954028606414795,0.0006338280509226024,0.03735065460205078,0.9595774412155151,0.002438139636069536
VTM-000764,DG-f1908d5df853,magnetite,0,0,0,0.9378738403320312,0.7728463411331177,0.12307585030794144,0.0563400574028492,0.04773780703544617
VTM-000765,DG-3ce0b36731d7,magnetite,0,0,0,0.9472601413726807,0.889880359172821,0.08679141849279404,0.011156980879604816,0.012171280570328236
VTM-000767,DG-b58c9f9e67a7,magnetite,0,0,0,0.9387613534927368,0.708972692489624,0.2759535312652588,0.0035658704582601786,0.011507892049849033
VTM-000770,DG-ddef072441c7,magnetite,0,0,1,0.7032274007797241,0.02544172666966915,0.8525127172470093,0.011465849354863167,0.110579714179039
VTM-000774,DG-4344ec37eaf0,magnetite,0,0,0,0.9011752605438232,0.5578551292419434,0.31129056215286255,0.060593582689762115,0.07026076316833496
VTM-000782,DG-c2d5781a014e,magnetite,0,0,1,0.6737903952598572,0.008100626990199089,0.9704655408859253,0.015731409192085266,0.005702362395823002
VTM-000785,DG-63c201539c7b,magnetite,0,0,3,0.6413059830665588,0.02188548445701599,0.236983060836792,0.2104843556880951,0.5306470990180969
VTM-000801,DG-e9839908fe36,magnetite,0,0,1,0.7750106453895569,0.19456689059734344,0.4850656986236572,0.10535237193107605,0.21501505374908447
VTM-000803,DG-9a9234085770,magnetite,0,0,0,0.8628708720207214,0.4488413631916046,0.31038692593574524,0.14273567497730255,0.0980360209941864
VTM-000804,DG-36f41fac9a42,magnetite,0,0,0,0.9419651031494141,0.7950957417488098,0.12446492165327072,0.026634689420461655,0.053804703056812286
VTM-000811,DG-1220f8569f0c,magnetite,0,0,0,0.8873605728149414,0.5285800099372864,0.207711324095726,0.06425828486680984,0.1994503140449524
VTM-000821,DG-1057be1a7c8a,magnetite,0,0,0,0.9369519948959351,0.9953133463859558,0.0020086518488824368,7.294251554412767e-05,0.002605024492368102
VTM-000828,DG-7c561f5d11ca,magnetite,0,0,1,0.6934494972229004,0.020510192960500717,0.9088536500930786,0.027256976813077927,0.04337924346327782
VTM-000843,DG-6efd90c3e13c,magnetite,0,0,0,0.9277108311653137,0.6678528785705566,0.26581037044525146,0.03283898904919624,0.033497825264930725
VTM-000846,DG-df1c722de400,magnetite,0,0,0,0.8971585035324097,0.5657081007957458,0.24769634008407593,0.1067291721701622,0.07986640930175781
VTM-000855,DG-bd37ade00a53,magnetite,0,0,3,0.6851373314857483,0.17112311720848083,0.0183197520673275,0.0053895143792033195,0.805167555809021
VTM-000874,DG-a7d122d49764,magnetite,0,0,0,0.9425950050354004,0.9676905870437622,0.02876359038054943,0.0007073820452205837,0.0028384653851389885
VTM-000876,DG-1f9b1f9113dd,magnetite,0,0,0,0.945772647857666,0.9401490092277527,0.03113347850739956,0.006067313253879547,0.022650178521871567
VTM-000879,DG-3d7eadac6d8d,magnetite,0,0,0,0.9379234313964844,0.7458580732345581,0.2004247009754181,0.021113209426403046,0.03260405361652374
VTM-000893,DG-dfe6d03394c5,magnetite,0,0,3,0.8053441643714905,0.30478572845458984,0.13422927260398865,0.021715229377150536,0.539269745349884
VTM-000896,DG-031f3b0c48c1,magnetite,0,0,3,0.6497763395309448,0.07070692628622055,0.08444777131080627,0.22653667628765106,0.6183086633682251
VTM-000904,DG-07ad539d2e2a,magnetite,0,0,0,0.933366060256958,0.7337105870246887,0.1658979058265686,0.04466061666607857,0.055730875581502914
VTM-000906,DG-fe30e68f161c,magnetite,0,0,1,0.7008481025695801,0.055405862629413605,0.7181662321090698,0.17304730415344238,0.05338066816329956
VTM-000911,DG-fcd10f6fe6ef,magnetite,0,0,2,0.652124285697937,0.09439466148614883,0.37648123502731323,0.4602515399456024,0.06887257099151611
VTM-000912,DG-06fccb2adcda,magnetite,0,0,1,0.7515556812286377,0.1739644855260849,0.41287514567375183,0.18592698872089386,0.2272334098815918
VTM-000915,DG-2e391d98d6b0,magnetite,0,0,0,0.9324663281440735,0.7214124202728271,0.1653326004743576,0.03114481456577778,0.08211023360490799
VTM-000916,DG-c36987988ec5,magnetite,0,0,0,0.9373354911804199,0.75715172290802,0.1479213535785675,0.0166257843375206,0.07830110192298889
VTM-000917,DG-7e4620e7d677,magnetite,0,0,2,0.6349471211433411,0.0941685140132904,0.2924790382385254,0.5111228227615356,0.10222965478897095
VTM-000919,DG-e093a55c5608,magnetite,0,0,3,0.8488418459892273,0.39421021938323975,0.17702870070934296,0.006925733759999275,0.42183536291122437
VTM-000925,DG-7bde1cba2701,magnetite,0,0,0,0.9069399833679199,0.6167194843292236,0.18632808327674866,0.12631893157958984,0.07063349336385727
VTM-000926,DG-42e9164b4f2a,magnetite,0,0,0,0.9455792307853699,0.8429906368255615,0.10685115307569504,0.003273491282016039,0.04688471183180809
VTM-000927,DG-2d91e78bf98a,magnetite,0,0,1,0.8623259663581848,0.3599758744239807,0.5612809658050537,0.010149762965738773,0.06859336048364639
VTM-000930,DG-a39cd1739153,magnetite,0,0,0,0.9377187490463257,0.7707805633544922,0.07870200276374817,0.010799059644341469,0.1397184133529663
VTM-000931,DG-b8e13ca0cc72,magnetite,0,0,0,0.9470739364624023,0.8774029016494751,0.08305215835571289,0.00782428402453661,0.03172066807746887
VTM-000937,DG-0f89ce89ad6d,magnetite,0,0,1,0.8045302629470825,0.26654502749443054,0.42038801312446594,0.08577104657888412,0.2272959053516388
VTM-000940,DG-dcc3ee1f5386,magnetite,0,0,0,0.8708873391151428,0.4845663011074066,0.13336287438869476,0.08588793128728867,0.29618293046951294
VTM-000942,DG-ce8e860c69dd,magnetite,0,0,0,0.9137436747550964,0.604500949382782,0.2723647952079773,0.021375369280576706,0.1017589420080185
VTM-000961,DG-e0491f2bf943,magnetite,0,0,1,0.891903281211853,0.450636088848114,0.4981883466243744,0.012366254813969135,0.03880926966667175
VTM-000964,DG-bf33035fb162,magnetite,0,0,0,0.9451508522033691,0.8418307304382324,0.10745954513549805,0.010606251657009125,0.040103424340486526
VTM-000966,DG-3901d27052ca,magnetite,0,0,0,0.9468044638633728,0.9016963243484497,0.05223304033279419,0.005319331772625446,0.04075131192803383
VTM-000969,DG-ce6c2900638e,magnetite,0,0,0,0.9257863163948059,0.6417805552482605,0.3052296042442322,0.009143441915512085,0.04384644702076912
VTM-000970,DG-444b324739f5,magnetite,0,0,0,0.858767569065094,0.44248056411743164,0.13440923392772675,0.07230197638273239,0.3508082628250122
VTM-000973,DG-0b135def70f5,magnetite,0,0,0,0.9321743249893188,0.7288492918014526,0.05344467610120773,0.011674664914608002,0.20603138208389282
VTM-000975,DG-322e5cd29fe8,magnetite,0,0,0,0.9027191400527954,0.6074588298797607,0.06997458636760712,0.12562677264213562,0.19693973660469055
VTM-000981,DG-7618d529f7f5,magnetite,0,0,1,0.6544075012207031,0.07117529958486557,0.5281740427017212,0.38921552896499634,0.011435123160481453
VTM-000987,DG-903f97fc0367,magnetite,0,0,1,0.8910489082336426,0.46229708194732666,0.5096545219421387,0.011675462126731873,0.016372913494706154
VTM-000993,DG-fdfa7c7266b9,magnetite,0,0,1,0.7943591475486755,0.23721249401569366,0.5005329251289368,0.11348424851894379,0.14877039194107056
VTM-000999,DG-d9cb3882af34,magnetite,0,0,0,0.9465863108634949,0.8824935555458069,0.06632188707590103,0.0023734443821012974,0.048811137676239014
VTM-001012,DG-2c6dec8ca7f9,magnetite,0,0,1,0.6790229082107544,0.06734675914049149,0.35477280616760254,0.2764664888381958,0.30141398310661316
VTM-001019,DG-7bd1b6bc7ec6,magnetite,0,0,0,0.9331969022750854,0.7236889600753784,0.1355641782283783,0.014153963886201382,0.12659290432929993
VTM-001021,DG-5aa237ea1fa2,magnetite,0,0,2,0.691491425037384,0.21475031971931458,0.048501744866371155,0.5166857838630676,0.22006218135356903
VTM-001029,DG-9033b8dfa588,magnetite,0,0,0,0.9404510259628296,0.8008304238319397,0.08394426852464676,0.0325278602540493,0.08269749581813812
VTM-001040,DG-c6c321e98c34,magnetite,0,0,0,0.8187955617904663,0.3462371528148651,0.2741963267326355,0.18405543267726898,0.1955111026763916
VTM-001041,DG-e50d9188d429,magnetite,0,0,1,0.8949632048606873,0.4671452045440674,0.48874330520629883,0.010709477588534355,0.03340200334787369
VTM-001042,DG-c37b534b6448,magnetite,0,0,1,0.6994934678077698,0.04204817861318588,0.9508318901062012,0.004209281411021948,0.0029106501024216413
VTM-001048,DG-294a75101264,magnetite,0,0,1,0.8568969368934631,0.4094250798225403,0.41551798582077026,0.15721000730991364,0.01784692145884037
VTM-001049,DG-fd9699cff34d,magnetite,0,0,1,0.7908990979194641,0.27396419644355774,0.36932554841041565,0.22761747241020203,0.12909279763698578
VTM-001056,DG-ba5ec5b88c08,magnetite,0,0,1,0.7544686794281006,0.10998798161745071,0.7871617078781128,0.01802482083439827,0.08482539653778076
VTM-001057,DG-21ea50fc5028,magnetite,0,0,0,0.9263197183609009,0.6673668026924133,0.2608661651611328,0.04157627001404762,0.030190803110599518
VTM-001067,DG-f54efc24a0ef,magnetite,0,0,0,0.9194789528846741,0.6647176146507263,0.09920594096183777,0.039342962205410004,0.1967335045337677
VTM-001069,DG-062abef62047,magnetite,0,0,1,0.8296592235565186,0.255801260471344,0.7173206210136414,0.00869145616889,0.01818660832941532
VTM-001070,DG-02185085c8ae,magnetite,0,0,1,0.8031020164489746,0.21710921823978424,0.6326426267623901,0.020882006734609604,0.12936615943908691
VTM-001071,DG-87a01d60685b,magnetite,0,0,0,0.8924428224563599,0.5504550933837891,0.14747807383537292,0.0484146811068058,0.2536521255970001
VTM-001080,DG-2ced1c21c3c2,magnetite,0,0,0,0.9445115923881531,0.8418835401535034,0.04738089069724083,0.0008578547858633101,0.10987768322229385
VTM-001084,DG-0e9d9a99571e,magnetite,0,0,0,0.9459046721458435,0.8294593095779419,0.14603763818740845,0.004311264026910067,0.020191844552755356
VTM-001090,DG-42ea8e76a008,magnetite,0,0,0,0.8392189145088196,0.40411049127578735,0.11650758981704712,0.13327282667160034,0.34610915184020996
VTM-001095,DG-caaccc43116b,magnetite,0,0,0,0.9457724094390869,0.8666210174560547,0.057663463056087494,0.027609355747699738,0.048106152564287186
VTM-001101,DG-308848cdb01d,magnetite,0,0,1,0.8505110144615173,0.3723352551460266,0.42714938521385193,0.047435976564884186,0.15307937562465668
VTM-001103,DG-48b1b8c499c8,magnetite,0,0,1,0.8287169933319092,0.3153172433376312,0.48564234375953674,0.07999967038631439,0.11904074251651764
VTM-001105,DG-a4f589be876a,magnetite,0,0,0,0.9297479391098022,0.6995686888694763,0.17475304007530212,0.0033127095084637403,0.12236561626195908
VTM-001106,DG-875f97ea9cfa,magnetite,0,0,1,0.8859474062919617,0.45299336314201355,0.4900593161582947,0.008861290290951729,0.04808603227138519
VTM-001107,DG-ceb789ebbe88,magnetite,0,0,0,0.828298032283783,0.39803367853164673,0.17061439156532288,0.2536647617816925,0.1776871383190155
VTM-001111,DG-25ca3871af31,magnetite,0,0,1,0.8176843523979187,0.2480090856552124,0.6363646388053894,0.02444269321858883,0.09118357300758362
VTM-001113,DG-301aafd99b38,magnetite,0,0,0,0.8574646711349487,0.42685365676879883,0.3294496238231659,0.13721206784248352,0.10648467391729355
VTM-001120,DG-0dacad7f7ee9,magnetite,0,0,2,0.48564037680625916,0.013034509494900703,0.2554660439491272,0.7265026569366455,0.004996740259230137
VTM-001130,DG-c5a6af6065c0,magnetite,0,0,1,0.6938552856445312,0.05192223936319351,0.5938425660133362,0.18807826936244965,0.16615691781044006
VTM-001143,DG-32261429f75b,magnetite,0,0,0,0.8913142681121826,0.5645704865455627,0.08963634073734283,0.10525596141815186,0.24053728580474854
VTM-001152,DG-b4000b2fa9fc,magnetite,0,0,0,0.9020042419433594,0.531306266784668,0.3715932071208954,0.032824546098709106,0.06427602469921112
VTM-001156,DG-634890ede108,magnetite,0,0,0,0.9336552023887634,0.7290823459625244,0.1707739233970642,0.032841041684150696,0.0673026368021965
VTM-001158,DG-1de4dc8fec97,magnetite,0,0,1,0.88297438621521,0.4241657555103302,0.5516370534896851,0.015424332581460476,0.008772894740104675
VTM-001161,DG-c57e59035121,magnetite,0,0,0,0.9152959585189819,0.5863917469978333,0.34658941626548767,0.04246830940246582,0.02455058880150318
VTM-001165,DG-2f609435c786,magnetite,0,0,1,0.7840778827667236,0.1817074418067932,0.5786541104316711,0.02875862643122673,0.2108798772096634
VTM-001166,DG-ff39aa7ef84a,magnetite,0,0,0,0.9460291862487793,0.9411996603012085,0.03667093813419342,0.008293882943689823,0.01383554469794035
VTM-001175,DG-fdd72133346b,magnetite,0,0,3,0.5739994645118713,0.018601424992084503,0.028292033821344376,0.026171710342168808,0.9269348382949829
VTM-001181,DG-cd17d016b4ae,magnetite,0,0,3,0.691282331943512,0.13576088845729828,0.058738499879837036,0.11180861294269562,0.6936919689178467
VTM-001188,DG-f6f8d37839ed,magnetite,0,0,3,0.7512519955635071,0.2206408679485321,0.17815275490283966,0.2434513121843338,0.3577550947666168
VTM-001193,DG-be73f8e30ba1,magnetite,0,0,0,0.9434483647346497,0.9709336161613464,0.009686610661447048,0.002456833841279149,0.016922958195209503
VTM-001194,DG-d745a36f7dc6,magnetite,0,0,1,0.6756744980812073,0.0011010656598955393,0.9438965320587158,0.01360459066927433,0.04139780253171921
VTM-001200,DG-99702ce55314,magnetite,0,0,0,0.9452071785926819,0.850643515586853,0.0684085413813591,0.02471671812236309,0.05623117834329605
VTM-001202,DG-adfa41dcb198,magnetite,0,0,0,0.9467477202415466,0.8769757151603699,0.07515528798103333,0.004261133726686239,0.04360787197947502
VTM-001203,DG-7c411471435c,magnetite,0,0,0,0.9468066096305847,0.925127387046814,0.06589993834495544,0.003776095574721694,0.0051965354941785336
VTM-001205,DG-6c53e1e8d2d1,magnetite,0,0,0,0.9448946118354797,0.8526945114135742,0.05878588929772377,0.033939383924007416,0.0545802004635334
VTM-001206,DG-1b0ed4f60c4e,magnetite,0,0,1,0.7757535576820374,0.1977936178445816,0.5739633440971375,0.15597206354141235,0.07227100431919098
VTM-001208,DG-85edd83dff71,magnetite,0,0,0,0.9428040981292725,0.7989694476127625,0.15286019444465637,0.020915251225233078,0.027255147695541382
VTM-001211,DG-d3bcaed802ae,magnetite,0,0,0,0.9370759129524231,0.7731980681419373,0.0387856662273407,0.009027743712067604,0.1789885312318802
VTM-001212,DG-993fdf7feb7f,magnetite,0,0,0,0.9443490505218506,0.9418787360191345,0.009356144815683365,0.0010897873435169458,0.04767535999417305
VTM-001213,DG-c08d45836fcd,magnetite,0,0,1,0.7273895144462585,0.07531800866127014,0.8142406344413757,0.0735991895198822,0.0368422195315361
VTM-001220,DG-b6e02e6a5f5e,magnetite,0,0,3,0.5901147723197937,0.04566109552979469,0.01714562438428402,0.028656352311372757,0.9085369110107422
VTM-001233,DG-6c42bba1681b,magnetite,0,0,2,0.6632201671600342,0.15311528742313385,0.1718270182609558,0.5354059934616089,0.13965174555778503
VTM-001238,DG-cc1498d4b189,magnetite,0,0,0,0.9262532591819763,0.7016631364822388,0.1347033828496933,0.13192760944366455,0.031705908477306366
VTM-001242,DG-40ce2a937e56,magnetite,0,0,0,0.828646719455719,0.3647952973842621,0.2074332982301712,0.12325137853622437,0.3045200705528259
VTM-001252,DG-77a24993f0c3,magnetite,0,0,0,0.9439824223518372,0.8037692308425903,0.16660287976264954,0.015301856212317944,0.014326011762022972
VTM-001253,DG-06bfd56e789a,magnetite,0,0,1,0.7526861429214478,0.11010472476482391,0.6889452934265137,0.026570558547973633,0.1743793487548828
VTM-001259,DG-0cea73103dae,magnetite,0,0,0,0.9153559803962708,0.5498272776603699,0.4217132329940796,0.0027968173380941153,0.02566266991198063
VTM-001278,DG-83b2d732c7e4,magnetite,0,0,1,0.8719605207443237,0.411231130361557,0.47815996408462524,0.0191664882004261,0.09144246578216553
VTM-001279,DG-1b3bc4362fe0,magnetite,0,0,1,0.8146024346351624,0.234369158744812,0.7459755539894104,0.003436148399487138,0.01621917262673378
VTM-001297,DG-8c0c76db7f0b,magnetite,0,0,0,0.9396799206733704,0.7613067626953125,0.1292673796415329,0.00362918502651155,0.1057966947555542
VTM-001305,DG-ad49a9cbae05,magnetite,0,0,0,0.853252112865448,0.4261866509914398,0.2264295220375061,0.10444821417331696,0.2429356575012207
VTM-001311,DG-1936b5493f0b,magnetite,0,0,1,0.7688007354736328,0.16767394542694092,0.6694812178611755,0.12916366755962372,0.03368118777871132
VTM-001314,DG-b7f859fcb495,magnetite,0,0,2,0.7184170484542847,0.23685644567012787,0.0213458314538002,0.4500148892402649,0.29178285598754883
VTM-001316,DG-b041bd5a4223,magnetite,0,0,0,0.9438648223876953,0.9685429334640503,0.01771780475974083,0.004551961552351713,0.009187284857034683
VTM-001320,DG-ca6a621c508b,magnetite,0,0,0,0.8804669976234436,0.4989115595817566,0.1840677410364151,0.04508846253156662,0.2719322443008423
VTM-001321,DG-e7411971efd2,magnetite,0,0,1,0.8716590404510498,0.39746055006980896,0.5334376096725464,0.025970490649342537,0.04313134029507637
VTM-001327,DG-642c9a4e12c8,magnetite,0,0,0,0.8679583072662354,0.46313461661338806,0.13624925911426544,0.04023844003677368,0.360377699136734
VTM-001328,DG-a9437641f549,magnetite,0,0,1,0.675513744354248,0.0066668069921433926,0.8587349653244019,0.10309454053640366,0.031503692269325256
VTM-001330,DG-cb2866ff68c8,magnetite,0,0,1,0.6990723609924316,0.030319426208734512,0.8045910596847534,0.09567196667194366,0.06941752880811691
VTM-001334,DG-a4546bbfbf01,magnetite,0,0,1,0.8207426071166992,0.24977266788482666,0.7153089046478271,0.016472388058900833,0.018446044996380806
VTM-001335,DG-72c75b0d27f5,magnetite,0,0,0,0.8884221315383911,0.5050024390220642,0.35726040601730347,0.06926142424345016,0.06847579032182693
VTM-001338,DG-05fbe6d202fc,magnetite,0,0,0,0.9329041838645935,0.7080112099647522,0.21838796138763428,0.039445195347070694,0.03415565937757492
VTM-001339,DG-ed71d5eca4be,magnetite,0,0,0,0.9466515779495239,0.9320846199989319,0.054361775517463684,0.0068711694329977036,0.006682434119284153
VTM-001344,DG-81a4fee94b84,magnetite,0,0,0,0.9355885982513428,0.7086489796638489,0.25380614399909973,0.001146995578892529,0.03639794886112213
VTM-001345,DG-dc02ff5add68,magnetite,0,0,0,0.8116072416305542,0.332732617855072,0.25985187292099,0.19499562680721283,0.21241982281208038
VTM-001349,DG-3419ff8591dc,magnetite,0,0,3,0.6846747398376465,0.13808709383010864,0.035485368221998215,0.15508322417736053,0.6713443398475647
VTM-001358,DG-dc86d652d8d5,magnetite,0,0,1,0.7763349413871765,0.21383355557918549,0.3958747386932373,0.12458445131778717,0.26570725440979004
VTM-001360,DG-06e482e4a9b5,magnetite,0,0,2,0.537680983543396,0.011439315043389797,0.2097078114748001,0.6306880116462708,0.14816488325595856
VTM-001366,DG-0df11cb7037f,magnetite,0,0,0,0.9432154297828674,0.83510422706604,0.03760671243071556,0.020578932017087936,0.10671014338731766
VTM-001373,DG-1e43abaf49da,magnetite,0,0,1,0.759483814239502,0.14693620800971985,0.622021496295929,0.10729017108678818,0.12375213205814362
VTM-001378,DG-28273d8c2e74,magnetite,0,0,0,0.918321430683136,0.6452358365058899,0.17392265796661377,0.026439137756824493,0.15440234541893005
VTM-001379,DG-09f401514ecd,magnetite,0,0,2,0.7534332871437073,0.2435545027256012,0.27260953187942505,0.3589611053466797,0.12487491965293884
VTM-001401,DG-153fe14c9b29,magnetite,0,0,1,0.8153265714645386,0.2763039469718933,0.5643307566642761,0.1278315931558609,0.031533680856227875
VTM-001407,DG-4fa6df91d021,magnetite,0,0,0,0.9416053891181946,0.79534512758255,0.14814862608909607,0.033185429871082306,0.023320838809013367
VTM-001411,DG-691f76272560,magnetite,0,0,1,0.8157823085784912,0.25417792797088623,0.6228824853897095,0.052667152136564255,0.07027240842580795
VTM-001412,DG-9300491d708f,magnetite,0,0,0,0.9465950727462769,0.9329156875610352,0.052687592804431915,0.005662050098180771,0.008734631352126598
VTM-001422,DG-4951c0589100,magnetite,0,0,1,0.7831348180770874,0.19467851519584656,0.6352399587631226,0.10431018471717834,0.06577137112617493
VTM-001427,DG-8e08059bd85d,magnetite,0,0,1,0.8350213766098022,0.27893033623695374,0.6990950107574463,0.0063669211231172085,0.015607794746756554
VTM-001435,DG-ead9dd3dd581,magnetite,0,0,2,0.6939736604690552,0.1734461784362793,0.19454674422740936,0.45579683780670166,0.1762102246284485
VTM-001436,DG-7b12906d788f,magnetite,0,0,0,0.9331865310668945,0.7386280298233032,0.10587476193904877,0.053781624883413315,0.10171552002429962
VTM-001438,DG-7255a46e94a7,magnetite,0,0,0,0.9467719793319702,0.9057142734527588,0.05298713222146034,0.003522522747516632,0.03777594864368439
VTM-001441,DG-b8b2c4f178aa,magnetite,0,0,1,0.7363492846488953,0.08405527472496033,0.825339674949646,0.04275878146290779,0.04784626141190529
VTM-001450,DG-0e4c4508a46c,magnetite,0,0,1,0.7846266031265259,0.17014223337173462,0.6964172720909119,0.0014949714532122016,0.13194555044174194
VTM-001457,DG-42ecb1464c64,magnetite,0,0,0,0.8715420365333557,0.4366801977157593,0.39126139879226685,0.12667520344257355,0.045383188873529434
VTM-001462,DG-808d97578000,magnetite,0,0,1,0.8397889137268066,0.3239389657974243,0.5499410033226013,0.07532962411642075,0.05079035460948944
VTM-001466,DG-43f42fac07e9,magnetite,0,0,0,0.8895299434661865,0.5037934184074402,0.2380131483078003,0.013160131871700287,0.24503332376480103
VTM-001467,DG-6ca2ae245829,magnetite,0,0,1,0.7626708745956421,0.12341579794883728,0.7848002910614014,0.011322207748889923,0.08046168088912964
VTM-001480,DG-79909d5f8fc7,magnetite,0,0,0,0.8685049414634705,0.49143561720848083,0.0776204913854599,0.1370682269334793,0.29387572407722473
VTM-001488,DG-4bb523166eaa,magnetite,0,0,0,0.8885022401809692,0.5260182619094849,0.2229788899421692,0.04843432456254959,0.20256850123405457
VTM-001492,DG-1dca19335664,magnetite,0,0,0,0.931824266910553,0.7182791829109192,0.1327819973230362,0.010833663865923882,0.13810515403747559
VTM-001495,DG-18d9d165cd74,magnetite,0,0,1,0.6923428773880005,0.043844304978847504,0.6284083127975464,0.17538097500801086,0.15236639976501465
VTM-001497,DG-58104a6ef56a,magnetite,0,0,2,0.5914376378059387,0.07365716993808746,0.07298414409160614,0.5626077651977539,0.2907508611679077
VTM-001498,DG-7843e4ee19c4,magnetite,0,0,1,0.7161616086959839,0.06268182396888733,0.9209374189376831,0.012034641578793526,0.004346049390733242
VTM-001501,DG-c0b8914f591f,magnetite,0,0,0,0.8975408673286438,0.5544475317001343,0.2818368077278137,0.11277700215578079,0.050938669592142105
VTM-001502,DG-4731480706ec,magnetite,0,0,1,0.8539849519729614,0.34483203291893005,0.5860022902488708,0.042160917073488235,0.0270047839730978
VTM-001505,DG-0734caba8ba3,magnetite,0,0,0,0.9104059338569641,0.5575616955757141,0.3694179654121399,0.013145829550921917,0.059874460101127625
VTM-001522,DG-0d493dc0202b,magnetite,0,0,0,0.9471738338470459,0.8539178371429443,0.13549593091011047,0.009060123935341835,0.0015261394437402487
VTM-001527,DG-6d1b32b7d8e6,magnetite,0,0,3,0.6929623484611511,0.12427012622356415,0.1003330871462822,0.10142893344163895,0.6739678382873535
VTM-001529,DG-c875743d382f,magnetite,0,0,1,0.6901450753211975,0.025245897471904755,0.9462476968765259,0.017476951703429222,0.011029410175979137
VTM-001539,DG-9043a7af155d,magnetite,0,0,0,0.8814702033996582,0.5135137438774109,0.03198841214179993,0.014457021839916706,0.44004085659980774
VTM-001540,DG-8e35d0435c17,magnetite,0,0,1,0.864530086517334,0.4005672037601471,0.45503079891204834,0.022515395656228065,0.12188658118247986
VTM-001541,DG-42d7049a2254,magnetite,0,0,0,0.9294455647468567,0.7102536559104919,0.04656638950109482,0.013496696949005127,0.22968323528766632
VTM-001542,DG-5d9bb0931076,magnetite,0,0,2,0.7248523235321045,0.2237180471420288,0.12188220024108887,0.41142186522483826,0.24297790229320526
VTM-001546,DG-2f854626f3fb,magnetite,0,0,1,0.6974711418151855,0.019826149567961693,0.8260455131530762,0.04894176870584488,0.10518660396337509
VTM-001550,DG-895bc6badd0a,magnetite,0,0,0,0.9469583630561829,0.9208526611328125,0.07292896509170532,0.0012186282547190785,0.00499977171421051
VTM-001551,DG-05595eff1ad3,magnetite,0,0,0,0.9256682991981506,0.636226236820221,0.3160015642642975,0.008093114010989666,0.039679013192653656
VTM-001557,DG-e2a79cf12a7b,magnetite,0,0,0,0.936030924320221,0.7335666418075562,0.20350344479084015,0.025786900892853737,0.037143006920814514
VTM-001566,DG-f945f9ea2c9d,magnetite,0,0,0,0.9285626411437988,0.7055912017822266,0.029287142679095268,0.013686571270227432,0.25143513083457947
VTM-001571,DG-eee01346f14d,magnetite,0,0,3,0.6266794204711914,0.031757745891809464,0.14839568734169006,0.0419984832406044,0.7778480052947998
VTM-001572,DG-37e9c947ddda,magnetite,0,0,3,0.595445454120636,0.025490809231996536,0.06453876942396164,0.04263612627983093,0.867334246635437
VTM-001573,DG-870586b0725b,magnetite,0,0,0,0.9352104067802429,0.6881994605064392,0.29730722308158875,0.008731537498533726,0.005761819425970316
VTM-001577,DG-d7517209d587,magnetite,0,0,1,0.7658972144126892,0.17095936834812164,0.5679172277450562,0.12969255447387695,0.13143080472946167
VTM-001590,DG-53944a1a1fc4,magnetite,0,0,0,0.9062172770500183,0.5695104598999023,0.3133157789707184,0.038519274443387985,0.07865454256534576
VTM-001594,DG-a4c62bed652d,magnetite,0,0,0,0.9319202303886414,0.7226948738098145,0.17588597536087036,0.03319188207387924,0.06822720170021057
VTM-001606,DG-f2b0d8788c86,magnetite,0,0,0,0.923333466053009,0.6119667291641235,0.36223381757736206,0.02107200026512146,0.00472742086276412
VTM-001608,DG-c12cc4bec9e4,magnetite,0,0,0,0.9471756219863892,0.9099063277244568,0.06347319483757019,0.006836532149463892,0.019783901050686836
VTM-001610,DG-d76cae0825a8,magnetite,0,0,0,0.9473991990089417,0.8540737628936768,0.14029766619205475,0.0011243137996643782,0.004504259210079908
VTM-001613,DG-9ea805a5c9d8,magnetite,0,0,0,0.9435518383979797,0.7819713950157166,0.20235225558280945,0.0037520600017160177,0.011924306862056255
VTM-001619,DG-8a235f0d54a4,magnetite,0,0,1,0.7854273915290833,0.17470085620880127,0.7394046783447266,0.040368810296058655,0.04552563279867172
VTM-001624,DG-82e1ce080808,magnetite,0,0,0,0.8334782719612122,0.41267311573028564,0.12111230194568634,0.26192566752433777,0.20428888499736786
VTM-001629,DG-b771911d1db9,magnetite,0,0,3,0.5898340344429016,0.023177996277809143,0.019568827003240585,0.1663799285888672,0.7908732295036316
VTM-001631,DG-42529c9edd64,magnetite,0,0,1,0.7807321548461914,0.1885434091091156,0.5747717618942261,0.07961735874414444,0.1570674479007721
VTM-001640,DG-4a796e8d031b,magnetite,0,0,1,0.8949172496795654,0.44686010479927063,0.5484405159950256,0.0022730675991624594,0.0024263085797429085
VTM-001642,DG-0cd61033186c,magnetite,0,0,1,0.7881178259849548,0.18902654945850372,0.7191775441169739,0.07642687857151031,0.015369078144431114
VTM-001652,DG-0ded931af025,magnetite,0,0,1,0.8323730230331421,0.34947460889816284,0.4255844056606293,0.18508970737457275,0.03985132649540901
VTM-001656,DG-cae810603d55,magnetite,0,0,0,0.9120252132415771,0.6481378078460693,0.09238078445196152,0.15962791442871094,0.09985353797674179
VTM-001660,DG-d3caffd4d715,magnetite,0,0,0,0.9444101452827454,0.8377591967582703,0.10377819091081619,0.009274343028664589,0.04918825253844261
VTM-001663,DG-9659592b06c2,magnetite,0,0,0,0.8939105868339539,0.5396839380264282,0.12889187037944794,0.01586233079433441,0.31556183099746704
VTM-001690,DG-b0fe7cb99124,titanomagnetite,0,0,0,0.946731686592102,0.881333589553833,0.08203551918268204,0.016921892762184143,0.019708890467882156
VTM-001694,DG-97f74c72b5b7,titanomagnetite,0,0,0,0.9229257702827454,0.6545954346656799,0.26267993450164795,0.03931887447834015,0.04340580478310585
VTM-001696,DG-cd596e924528,titanomagnetite,0,0,0,0.9438929557800293,0.9632921814918518,0.010059387423098087,0.0022153479512780905,0.024433063343167305
VTM-001697,DG-a84937488bab,titanomagnetite,0,0,0,0.9367058873176575,0.7311666011810303,0.19840846955776215,0.007842058315873146,0.06258285045623779
VTM-001698,DG-181b7f3e8822,titanomagnetite,0,0,0,0.8637446165084839,0.4620395302772522,0.06298664212226868,0.03899871185421944,0.4359751343727112
VTM-001709,DG-5667dcfe048e,calcite,0,2,2,0.4231662452220917,0.0007969035068526864,0.040823377668857574,0.9555861949920654,0.002793464809656143
VTM-001726,DG-5043e5f0b3db,calcite,0,2,2,0.42852112650871277,0.0023335921578109264,0.08701436966657639,0.9032206535339355,0.007431362755596638
VTM-001729,DG-5635cbf5730b,calcite,0,2,2,0.4245089292526245,0.001982312649488449,0.048477187752723694,0.9157359600067139,0.03380456939339638
VTM-001731,DG-d2725a33a5d1,calcite,0,2,2,0.4645226299762726,0.031784530729055405,0.006196449510753155,0.7897458076477051,0.17227327823638916
VTM-001732,DG-591b08c9e873,calcite,0,2,2,0.593593955039978,0.05650130659341812,0.06974975019693375,0.5056819915771484,0.3680669665336609
VTM-001741,DG-2884eda5c063,calcite,0,2,2,0.41811901330947876,0.0017397310584783554,0.022812113165855408,0.9660839438438416,0.009364159777760506
VTM-001744,DG-a3efb5ca3ae0,calcite,0,2,2,0.4357779920101166,0.002793034538626671,0.10147683322429657,0.8878239393234253,0.007906178943812847
VTM-001747,DG-58a2a7202e9b,calcite,0,2,2,0.4390682578086853,0.004017353057861328,0.054130569100379944,0.885498046875,0.05635397881269455
VTM-001748,DG-bc566074a60f,calcite,0,2,2,0.4933442175388336,0.04500173404812813,0.11202739179134369,0.7977604866027832,0.04521048069000244
VTM-001758,DG-8cb62c9ac09f,calcite,0,2,2,0.4180065989494324,0.008669075556099415,0.0392136350274086,0.9452543258666992,0.006862863898277283
VTM-001765,DG-d9f0353a1d8a,calcite,0,2,2,0.41787439584732056,0.0007913497393019497,0.014351660385727882,0.9837130308151245,0.0011439543450251222
VTM-001770,DG-6c0ebc885248,calcite,0,2,2,0.4588218033313751,0.03176426887512207,0.0495518334209919,0.8627408742904663,0.05594306439161301
VTM-001773,DG-8d30df6419c9,calcite,0,2,2,0.41152897477149963,0.0013942286605015397,0.007740191649645567,0.9816368818283081,0.009228781796991825
VTM-001777,DG-ac56c77a4896,calcite,0,2,2,0.47289931774139404,0.006511656567454338,0.221397265791893,0.7569142580032349,0.015176815912127495
VTM-001778,DG-08bb995679af,calcite,0,2,2,0.42162075638771057,0.0006548595847561955,0.051757462322711945,0.9426912069320679,0.0048965103924274445
VTM-001784,DG-afafc051d015,calcite,0,2,2,0.41911324858665466,0.00018863382865674794,0.0034501487389206886,0.9932825565338135,0.0030786478891968727
VTM-001793,DG-e71672adb788,calcite,0,2,2,0.42824652791023254,0.0008795095491223037,0.07852404564619064,0.9171229600906372,0.00347353657707572
VTM-001795,DG-bd288e4af5ab,calcite,0,2,2,0.5261256694793701,0.004860237240791321,0.28862452507019043,0.6297568082809448,0.07675845921039581
VTM-001800,DG-887b6e4bf087,calcite,0,2,2,0.4169970452785492,0.0002923090069089085,0.005021627061069012,0.9926610589027405,0.0020249756053090096
VTM-001801,DG-5ed230bcaeae,calcite,0,2,2,0.4516959488391876,0.00845762062817812,0.11620254814624786,0.8379406929016113,0.037399157881736755
VTM-001803,DG-287c6c8b574c,calcite,0,2,2,0.4164349138736725,0.0018580870237201452,0.010410856455564499,0.9840255975723267,0.0037054787389934063
VTM-001810,DG-61f5809a780d,calcite,0,2,3,0.678985595703125,0.08036553114652634,0.2808423936367035,0.26962795853614807,0.3691641390323639
VTM-001815,DG-fab154955a5a,calcite,0,2,2,0.41862818598747253,0.0029901994857937098,0.030051739886403084,0.9532040357589722,0.013753991574048996
VTM-001830,DG-0ab0b9aba8e3,calcite,0,2,2,0.42283907532691956,0.002157149137929082,0.03142577409744263,0.958806037902832,0.007611110340803862
VTM-001831,DG-31912d161108,calcite,0,2,2,0.5408790111541748,0.0005149458302184939,0.3829317092895508,0.5725243091583252,0.044029027223587036
VTM-001832,DG-fa7c30f8c349,calcite,0,2,2,0.6208789944648743,0.11136472225189209,0.08520811051130295,0.5594182014465332,0.24400892853736877
VTM-001835,DG-4b4f4e467f8a,calcite,0,2,2,0.4827497899532318,0.03177863359451294,0.035916104912757874,0.7969174981117249,0.13538774847984314
VTM-001839,DG-9a5c0c5a1717,calcite,0,2,2,0.4396878778934479,0.0014172557275742292,0.1586149036884308,0.83817458152771,0.0017932542832568288
VTM-001842,DG-c62fba3016f2,calcite,0,2,2,0.6516096591949463,0.12447867542505264,0.24194607138633728,0.5272391438484192,0.10633613169193268
VTM-001843,DG-f77f26be144c,calcite,0,2,2,0.4389844238758087,0.017729677259922028,0.09225034713745117,0.8780781030654907,0.01194191724061966
VTM-001844,DG-4f32288eacd1,calcite,0,2,1,0.6144203543663025,0.011998015455901623,0.5931835174560547,0.37666118144989014,0.01815728470683098
VTM-001849,DG-55f6c7371d43,calcite,0,2,2,0.5718520879745483,0.06463027000427246,0.04386715590953827,0.5912169218063354,0.3002856373786926
VTM-001852,DG-54e91aeb86ea,calcite,0,2,2,0.41885364055633545,0.0013990281149744987,0.024310719221830368,0.9262727499008179,0.0480174794793129
VTM-001856,DG-d0ae9de522c3,calcite,0,2,2,0.42206141352653503,0.004885422065854073,0.030352801084518433,0.9572892785072327,0.007472463883459568
VTM-001861,DG-36af760283be,calcite,0,2,2,0.4155232012271881,0.00023703205806668848,0.0011619568103924394,0.9941216707229614,0.00447941105812788
VTM-001865,DG-a1eae64f6041,calcite,0,2,2,0.41235220432281494,5.190528463572264e-05,0.006241955794394016,0.9927919507026672,0.0009142307098954916
VTM-001867,DG-bb0c6c9154c2,calcite,0,2,2,0.4314587414264679,0.00448510330170393,0.03935167193412781,0.9402241110801697,0.01593915745615959
VTM-001868,DG-1a20fac9e758,calcite,0,2,2,0.4838053584098816,0.00249448511749506,0.2825216054916382,0.7115466594696045,0.0034372671507298946
VTM-001871,DG-2afc41e00fc4,calcite,0,2,2,0.45394816994667053,0.027268817648291588,0.08660603314638138,0.8650425672531128,0.021082580089569092
VTM-001875,DG-082d60591008,calcite,0,2,1,0.5934034585952759,0.0071367062628269196,0.5270532369613647,0.4394626319408417,0.026347428560256958
VTM-001889,DG-3e55fcbac659,calcite,0,2,3,0.6750999689102173,0.12959086894989014,0.054193779826164246,0.30473458766937256,0.5114807486534119
VTM-001895,DG-9858479a52dd,calcite,0,2,1,0.7987790107727051,0.24458575248718262,0.4176352918148041,0.05641491338610649,0.2813640534877777
VTM-001904,DG-79624400fc84,calcite,0,2,2,0.4287447929382324,0.0033664412330836058,0.07614341378211975,0.917851448059082,0.002638663863763213
VTM-001905,DG-3f2eab309b73,calcite,0,2,2,0.42372193932533264,0.001254157512448728,0.012874635867774487,0.935792088508606,0.0500790998339653
VTM-001908,DG-c402f65cd9d2,calcite,0,2,3,0.6088817715644836,0.04585104435682297,0.04298196732997894,0.08027999103069305,0.830886960029602
VTM-001942,DG-5c736945e099,calcite,0,2,2,0.41545066237449646,0.0014029619051143527,0.017952989786863327,0.9741718173027039,0.006472175940871239
VTM-001951,DG-51ad9099a53f,calcite,0,2,2,0.4149650037288666,0.00011748165707103908,0.020156603306531906,0.9778045415878296,0.0019213061314076185
VTM-001954,DG-30341d03a931,calcite,0,2,2,0.496446430683136,0.005758983548730612,0.2875111401081085,0.6968969106674194,0.00983290746808052
VTM-001955,DG-3376dde08b37,calcite,0,2,1,0.6465328931808472,0.05573897808790207,0.4279681444168091,0.4042772352695465,0.11201559752225876
VTM-001956,DG-cac2e6eb0f46,calcite,0,2,2,0.4136925935745239,0.00036940985592082143,0.005859479773789644,0.9921776056289673,0.0015934722032397985
VTM-001958,DG-38c7067d021b,calcite,0,2,2,0.4624370336532593,0.008378861472010612,0.09140566736459732,0.8084651827812195,0.09175027906894684
VTM-001959,DG-7b3cde349dd2,calcite,0,2,2,0.4215935170650482,0.0009975130669772625,0.049781594425439835,0.947820782661438,0.0014001114759594202
VTM-001962,DG-cae5140d5d04,calcite,0,2,2,0.4211917519569397,0.0025161835364997387,0.060463160276412964,0.9295843839645386,0.007436281070113182
VTM-001967,DG-91b97aea3daf,calcite,0,2,3,0.5824986100196838,0.02656041830778122,0.028207972645759583,0.055905915796756744,0.889325737953186
VTM-001972,DG-87f47806a6ee,calcite,0,2,2,0.4147084355354309,0.0002246513031423092,0.004954540636390448,0.9925152063369751,0.0023056170903146267
VTM-001984,DG-89652f612d09,calcite,0,2,2,0.5399962663650513,0.009098878130316734,0.2651351988315582,0.6123055219650269,0.11346036195755005
VTM-001987,DG-2bd03ef1f80d,calcite,0,2,3,0.7164335250854492,0.17667996883392334,0.08161492645740509,0.24265217781066895,0.4990529417991638
VTM-001991,DG-898fe2810e90,calcite,0,2,2,0.5970479249954224,0.049508485943078995,0.0630837008357048,0.4547843337059021,0.4326234757900238
VTM-001995,DG-a819eca5f78b,calcite,0,2,2,0.4398311674594879,0.012448880821466446,0.012692264281213284,0.8809375762939453,0.09392131865024567
VTM-002001,DG-87e6b895d9f2,calcite,0,2,2,0.606671154499054,0.02690548077225685,0.45471012592315674,0.4587041437625885,0.05968023091554642
VTM-002008,DG-d4a1091cab58,calcite,0,2,2,0.43238186836242676,0.011132695712149143,0.015874097123742104,0.8767975568771362,0.09619566053152084
VTM-002012,DG-74b63d2735cc,calcite,0,2,2,0.4252665936946869,0.0026515661738812923,0.02647615224123001,0.9217739105224609,0.04909830540418625
VTM-002013,DG-e759b87cec15,calcite,0,2,2,0.42413952946662903,0.0010619169333949685,0.08692888915538788,0.9087254405021667,0.0032837707549333572
VTM-002019,DG-3271d47128c6,calcite,0,2,2,0.5978397727012634,0.04602080211043358,0.19647830724716187,0.5334981679916382,0.22400274872779846
VTM-002025,DG-bf2ebb1198da,calcite,0,2,0,0.7972831726074219,0.3149506747722626,0.17929133772850037,0.2257501780986786,0.28000783920288086
VTM-002032,DG-fbd9427b3bd6,calcite,0,2,2,0.5284803509712219,0.028064221143722534,0.035756420344114304,0.6465960741043091,0.289583295583725
VTM-002033,DG-fb8b73e9eed1,calcite,0,2,2,0.41436314582824707,0.004229489713907242,0.011949952691793442,0.9794975519180298,0.004322938621044159
VTM-002046,DG-168ff7c2fa35,feldspar,0,2,2,0.418191522359848,0.009317651391029358,0.014970045536756516,0.9556165933609009,0.020095646381378174
VTM-002052,DG-8c6229423a18,feldspar,0,2,0,0.8760771751403809,0.5244042873382568,0.0253509059548378,0.2262353152036667,0.22400948405265808
VTM-002053,DG-fd56db2790f4,feldspar,0,2,2,0.47396907210350037,0.03135257959365845,0.12749850749969482,0.8039978742599487,0.0371510274708271
VTM-002057,DG-69efed462ca5,feldspar,0,2,2,0.6337042450904846,0.15612605214118958,0.058489248156547546,0.6056288480758667,0.1797558069229126
VTM-002058,DG-92f5f13947b3,feldspar,0,2,1,0.6784929037094116,0.013110769912600517,0.8077262043952942,0.13029617071151733,0.048866815865039825
VTM-002061,DG-d8d5a8e4adc9,feldspar,0,2,2,0.41104161739349365,0.0019048415124416351,0.019686952233314514,0.9736360311508179,0.004772151820361614
VTM-002068,DG-a935bf04c969,feldspar,0,2,2,0.42558589577674866,0.0026693115942180157,0.07963944971561432,0.9144014120101929,0.0032897647470235825
VTM-002073,DG-299d45bb53e3,feldspar,0,2,1,0.6351677775382996,0.0466400608420372,0.5181369781494141,0.40211212635040283,0.033110830932855606
VTM-002077,DG-7b65be4b9679,feldspar,0,2,3,0.689123272895813,0.13631901144981384,0.051439039409160614,0.16291022300720215,0.6493317484855652
VTM-002079,DG-2c4553d781e1,feldspar,0,2,0,0.9244875907897949,0.6917855739593506,0.07564143091440201,0.038216281682252884,0.1943567842245102
VTM-002085,DG-93dd367747d7,feldspar,0,2,1,0.6494780778884888,0.038285065442323685,0.5756897926330566,0.3397291898727417,0.04629591479897499
VTM-002086,DG-a8a66cab92d9,feldspar,0,2,2,0.42698362469673157,0.0008129177731461823,0.006812904495745897,0.918952226638794,0.07342198491096497
VTM-002091,DG-cfb5f2037272,feldspar,0,2,2,0.5663242936134338,0.04023586958646774,0.027785558253526688,0.5271262526512146,0.4048523008823395
VTM-002093,DG-41defb57d166,feldspar,0,2,2,0.44379952549934387,0.031992748379707336,0.04162400960922241,0.8860448002815247,0.04033847525715828
VTM-002096,DG-47a3decdba46,feldspar,0,2,0,0.8210722804069519,0.3859706223011017,0.18281233310699463,0.28491851687431335,0.14629855751991272
VTM-002105,DG-51d39850f9eb,feldspar,0,2,2,0.42133429646492004,0.0009636690374463797,0.015331026166677475,0.9599277973175049,0.023777585476636887
VTM-002106,DG-77e04d086838,feldspar,0,2,2,0.434448778629303,0.0038072040770202875,0.031200790777802467,0.917600154876709,0.04739191010594368
VTM-002107,DG-ac7a6b0963f8,feldspar,0,2,2,0.42186859250068665,0.00967903807759285,0.026997055858373642,0.9460260272026062,0.01729787513613701
VTM-002113,DG-065892749628,feldspar,0,2,2,0.41558292508125305,0.00020275788847357035,0.004784516058862209,0.9938899278640747,0.0011227948125451803
VTM-002117,DG-20e63845d1c5,feldspar,0,2,2,0.41339850425720215,0.0015834663063287735,0.018025528639554977,0.9774084687232971,0.002982531674206257
VTM-002119,DG-f6cfc775e0f7,feldspar,0,2,2,0.4518771767616272,0.02142886072397232,0.035491153597831726,0.8606530427932739,0.08242689818143845
VTM-002122,DG-e3fd0082ebbc,feldspar,0,2,2,0.44168031215667725,0.011809444054961205,0.10666285455226898,0.8675192594528198,0.014008477330207825
VTM-002125,DG-38ecb3b17658,feldspar,0,2,0,0.8252423405647278,0.3727445900440216,0.26422008872032166,0.22690846025943756,0.13612684607505798
VTM-002144,DG-d6dd4352276f,feldspar,0,2,2,0.417483389377594,0.0018528419313952327,0.015529504045844078,0.9665461778640747,0.01607152260839939
VTM-002146,DG-b61f7916473e,feldspar,0,2,2,0.4407840073108673,0.0028169932775199413,0.1145562082529068,0.8605852723121643,0.022041544318199158
VTM-002160,DG-c721d9903034,feldspar,0,2,2,0.45826467871665955,0.01042717881500721,0.11547110974788666,0.8177980184555054,0.05630366504192352
VTM-002164,DG-ad735c7f337e,feldspar,0,2,2,0.42934712767601013,0.0046598222106695175,0.04411379620432854,0.9362256526947021,0.015000701881945133
VTM-002168,DG-2e5c91a57bab,feldspar,0,2,0,0.8584201335906982,0.4585222005844116,0.1943870633840561,0.21705593168735504,0.13003480434417725
VTM-002181,DG-d7019067d0cc,feldspar,0,2,1,0.6674132943153381,0.0018101796740666032,0.9441114664077759,0.05051102116703987,0.003567290958017111
VTM-002183,DG-2c21f60b687f,feldspar,0,2,2,0.4600812494754791,0.020519647747278214,0.03824498876929283,0.8355333805084229,0.10570207238197327
VTM-002187,DG-d31fa807352a,feldspar,0,2,2,0.5373700261116028,0.008932937867939472,0.3113875389099121,0.6145868301391602,0.06509273499250412
VTM-002196,DG-d9f272320af0,feldspar,0,2,2,0.508983850479126,0.06299321353435516,0.04675070196390152,0.7887440919876099,0.10151197016239166
VTM-002202,DG-c04e2225b9a5,feldspar,0,2,2,0.41147708892822266,0.001994555117562413,0.012969521805644035,0.9836260080337524,0.001409977674484253
VTM-002203,DG-8a634a985fbb,feldspar,0,2,2,0.42155638337135315,0.0007681178394705057,0.03031942993402481,0.9610018730163574,0.007910678163170815
VTM-002211,DG-59bf77a1bee2,feldspar,0,2,2,0.44558361172676086,0.005440080538392067,0.09049345552921295,0.8651058673858643,0.03896056488156319
VTM-002235,DG-f481aeeafce1,feldspar,0,2,2,0.4650416970252991,0.035177625715732574,0.04494098573923111,0.8650681972503662,0.054813187569379807
VTM-002241,DG-bc19e24ff0e7,feldspar,0,2,2,0.6918508410453796,0.169922336935997,0.29468023777008057,0.4742611050605774,0.06113637238740921
VTM-002246,DG-1323ace755bf,feldspar,0,2,2,0.41312479972839355,0.0017164780292659998,0.007637660019099712,0.9775640368461609,0.013081828132271767
VTM-002254,DG-51ad4def987b,feldspar,0,2,2,0.4126846492290497,0.0001447425747755915,0.006110164802521467,0.9925640821456909,0.0011809038696810603
VTM-002257,DG-f048671a52b3,feldspar,0,2,2,0.44381052255630493,0.008819755166769028,0.054782554507255554,0.8911225199699402,0.045275185257196426
VTM-002267,DG-b6b3dc6cb54a,feldspar,0,2,2,0.5413237810134888,0.026440147310495377,0.3062155246734619,0.632976233959198,0.03436809778213501
VTM-002269,DG-1c17ceac47ca,feldspar,0,2,2,0.4384984076023102,0.0013864643406122923,0.15889106690883636,0.83757483959198,0.002147663850337267
VTM-002270,DG-20fd5166bb61,feldspar,0,2,2,0.526294469833374,0.05819530040025711,0.19466814398765564,0.7144736051559448,0.03266291320323944
VTM-002271,DG-ffa5569ffcfd,feldspar,0,2,2,0.42755845189094543,0.008478321135044098,0.04513797163963318,0.922566294670105,0.02381749451160431
VTM-002272,DG-8ee7a09610fa,feldspar,0,2,3,0.6104312539100647,0.008886498399078846,0.1499340832233429,0.2411765158176422,0.6000029444694519
VTM-002275,DG-9db1cdeffbcd,feldspar,0,2,2,0.4223034083843231,0.0009742983384057879,0.02696486935019493,0.9680346846580505,0.004026113543659449
VTM-002277,DG-35824c2ee6e2,feldspar,0,2,2,0.43517836928367615,0.008220149204134941,0.10063433647155762,0.8839854598045349,0.00716003030538559
VTM-002290,DG-3961b2f3475e,feldspar,0,2,1,0.6558627486228943,0.04778281971812248,0.5234138369560242,0.3527542054653168,0.07604914903640747
VTM-002293,DG-100441ccbb89,feldspar,0,2,2,0.4115111827850342,0.0010352092795073986,0.011402520351111889,0.9827355146408081,0.004826742224395275
VTM-002304,DG-d300e922c382,feldspar,0,2,2,0.42537811398506165,0.004868046380579472,0.026265718042850494,0.9374012351036072,0.031465064734220505
VTM-002305,DG-389c57060916,feldspar,0,2,2,0.5300195813179016,0.007669238373637199,0.07634314894676208,0.5953109264373779,0.32067668437957764
VTM-002307,DG-dd9a8c5d9f57,feldspar,0,2,2,0.42094698548316956,0.003441364038735628,0.031113822013139725,0.9379608631134033,0.027483966201543808
VTM-002317,DG-c4186ede5ac8,feldspar,0,2,2,0.5560702085494995,0.005721542984247208,0.23779138922691345,0.550971269607544,0.2055157721042633
VTM-002319,DG-096e6302dea3,feldspar,0,2,2,0.41673409938812256,0.00024977512657642365,0.0016943191876634955,0.9942836165428162,0.003772254101932049
VTM-002320,DG-cca48b4243d0,feldspar,0,2,2,0.421071857213974,0.0005248535890132189,0.04509784281253815,0.9497172832489014,0.004659972153604031
VTM-002324,DG-e24f2813b7f9,feldspar,0,2,2,0.4076313376426697,0.0018096324056386948,0.006524482276290655,0.9862089157104492,0.005456965416669846
VTM-002327,DG-aa1a9a0b233e,feldspar,0,2,2,0.47801485657691956,0.06091528385877609,0.03518945351243019,0.8395136594772339,0.06438164412975311
VTM-002334,DG-856685443b2c,feldspar,0,2,2,0.412616491317749,0.0009033626411110163,0.007630700245499611,0.9726220369338989,0.018843919038772583
VTM-002339,DG-1a583f6c95e0,feldspar,0,2,2,0.4170561730861664,0.0009898525895550847,0.0050334632396698,0.9904332160949707,0.0035434116143733263
VTM-002345,DG-b851572a511e,feldspar,0,2,2,0.4186253845691681,0.0005353333544917405,0.01145793218165636,0.9814525842666626,0.006554183550179005
VTM-002350,DG-44cb49f4c0db,fluorapatite,0,2,2,0.4382617771625519,0.0034129233099520206,0.07830561697483063,0.8915876150131226,0.026693880558013916
VTM-002356,DG-f28cda30033c,fluorapatite,0,2,2,0.45963168144226074,0.014853382483124733,0.11686316132545471,0.8253583908081055,0.042925044894218445
VTM-002360,DG-632a18d12072,fluorapatite,0,2,1,0.6451249718666077,0.011307774111628532,0.6705472469329834,0.2770129442214966,0.04113205149769783
VTM-002363,DG-4d61e2e8c9ea,fluorapatite,0,2,2,0.46389687061309814,0.0018869659397751093,0.1957792341709137,0.7933404445648193,0.00899334903806448
VTM-002376,DG-6990fca3f9fd,fluorapatite,0,2,2,0.47635123133659363,0.005542095750570297,0.13047634065151215,0.7691228985786438,0.09485864639282227
VTM-002377,DG-4949a603ee5a,fluorapatite,0,2,2,0.4294656813144684,0.0006939137820154428,0.07560180127620697,0.9218647480010986,0.0018395907245576382
VTM-002378,DG-cbe3f5d12560,fluorapatite,0,2,2,0.5400314927101135,0.028218641877174377,0.1517278552055359,0.6406274437904358,0.17942604422569275
VTM-002379,DG-7f8c0c5a6496,fluorapatite,0,2,2,0.42026039958000183,0.00048183160834014416,0.048954255878925323,0.9486051201820374,0.0019587883725762367
VTM-002381,DG-43040ae5be38,fluorapatite,0,2,2,0.647309422492981,0.11818192899227142,0.23867876827716827,0.5174710750579834,0.12566830217838287
VTM-002384,DG-0980dea5bbcb,fluorapatite,0,2,2,0.582886278629303,0.060040056705474854,0.11379561573266983,0.5760594606399536,0.2501048445701599
VTM-002399,DG-c45b552351d5,fluorapatite,0,2,2,0.4836450219154358,0.013118326663970947,0.19135747849941254,0.747514545917511,0.04800964146852493
VTM-002402,DG-d0393f4f6983,fluorapatite,0,2,3,0.7585466504096985,0.2031559944152832,0.23902294039726257,0.14222264289855957,0.41559839248657227
VTM-002406,DG-a52784f671eb,fluorapatite,0,2,1,0.6284787654876709,0.01907319948077202,0.558436393737793,0.36657458543777466,0.05591580271720886
VTM-002409,DG-0fd392a51bf0,fluorapatite,0,2,2,0.4718784689903259,0.022187352180480957,0.09771600365638733,0.8083631992340088,0.07173347473144531
VTM-002411,DG-aa3adabce6ec,fluorapatite,0,2,2,0.6170692443847656,0.07284552603960037,0.06432881206274033,0.446547269821167,0.4162784218788147
VTM-002419,DG-2e0b86d9ee85,fluorapatite,0,2,2,0.4539271295070648,0.0015688356943428516,0.19578826427459717,0.7955839037895203,0.00705896969884634
VTM-002426,DG-70ae871f721c,fluorapatite,0,2,2,0.593066930770874,0.05479877442121506,0.3387654721736908,0.5548682808876038,0.051567453891038895
VTM-002429,DG-8205ac659861,fluorapatite,0,2,2,0.42269307374954224,0.003221869934350252,0.02016535773873329,0.9683488607406616,0.008263923227787018
VTM-002433,DG-fbaa772afdb1,fluorapatite,0,2,2,0.4190298616886139,0.00014718342572450638,0.003377454122528434,0.9948853254318237,0.001590013038367033
VTM-002435,DG-e579e6d2957d,fluorapatite,0,2,2,0.4192640483379364,0.0006564653594978154,0.011894810944795609,0.9771928787231445,0.010255804285407066
VTM-002438,DG-86d5432fe9c6,fluorapatite,0,2,2,0.4210483133792877,0.0010582695249468088,0.056930121034383774,0.9385583996772766,0.0034532162826508284
VTM-002443,DG-94c04c108a15,fluorapatite,0,2,2,0.4198274314403534,0.0006766689475625753,0.06037838011980057,0.9381706714630127,0.0007742284215055406
VTM-002444,DG-e64228a627d7,fluorapatite,0,2,2,0.5711351633071899,0.013702782802283764,0.33301931619644165,0.5379688739776611,0.11530900746583939
VTM-002446,DG-b686b2ab094b,fluorapatite,0,2,2,0.41701602935791016,0.001118769752793014,0.02796952985227108,0.9643800258636475,0.006531726103276014
VTM-002449,DG-89eb6a8ca65b,fluorapatite,0,2,1,0.6153785586357117,0.014307910576462746,0.4232966899871826,0.41073375940322876,0.15166154503822327
VTM-002451,DG-c9f661bdfc44,fluorapatite,0,2,2,0.48043376207351685,0.0010601753601804376,0.26096391677856445,0.7218225002288818,0.016153398901224136
VTM-002465,DG-c6e686d5bace,fluorapatite,0,2,2,0.424314945936203,0.00013961971853859723,0.005981257185339928,0.9921543598175049,0.0017246584175154567
VTM-002467,DG-df56414c7ac1,fluorapatite,0,2,2,0.44173166155815125,0.004290968179702759,0.1253959983587265,0.8573644161224365,0.012948567047715187
VTM-002475,DG-9091fc6cb922,fluorapatite,0,2,2,0.5244572758674622,0.0029233237728476524,0.39151668548583984,0.5998029708862305,0.005757048726081848
VTM-002477,DG-3cb38ff90f45,fluorapatite,0,2,2,0.4181687831878662,0.0003292379551567137,0.08648964762687683,0.9108904600143433,0.0022906772792339325
VTM-002482,DG-022e0ba12b56,fluorapatite,0,2,1,0.6639724373817444,0.013977685943245888,0.49441003799438477,0.2112610936164856,0.2803511917591095
VTM-002484,DG-b689aa9a20d4,fluorapatite,0,2,2,0.4857444167137146,0.0006459332071244717,0.20157566666603088,0.7223667502403259,0.07541167736053467
VTM-002488,DG-1fbba0246cb5,fluorapatite,0,2,2,0.4342168867588043,0.03914272040128708,0.0125343669205904,0.9296501874923706,0.018672781065106392
VTM-002501,DG-d2f3fad193f6,fluorapatite,0,2,2,0.42521512508392334,0.0007717931875959039,0.01231000293046236,0.9638775587081909,0.023040631785988808
VTM-002502,DG-691af9ea3c83,fluorapatite,0,2,2,0.41727012395858765,0.0018384295981377363,0.026227325201034546,0.969340980052948,0.002593226730823517
VTM-002506,DG-df09e3ebcb22,fluorapatite,0,2,0,0.9322183728218079,0.7257533073425293,0.09837754815816879,0.01596987061202526,0.1598992943763733
VTM-002511,DG-acfa5bbc9fc2,fluorapatite,0,2,2,0.41890203952789307,0.0007102185045368969,0.01710672490298748,0.9805705547332764,0.001612484222277999
VTM-002514,DG-6b354123b89f,fluorapatite,0,2,2,0.43887025117874146,0.00040984113002195954,0.13275615870952606,0.8620619773864746,0.0047720144502818584
VTM-002518,DG-f17c54399b5a,fluorapatite,0,2,2,0.42490434646606445,0.0005475743673741817,0.012720509432256222,0.9831498861312866,0.003582033794373274
VTM-002519,DG-429781daa88f,fluorapatite,0,2,2,0.4243011176586151,0.012968555092811584,0.01449027843773365,0.9521938562393188,0.02034728415310383
VTM-002525,DG-dabc93460fe3,fluorapatite,0,2,1,0.6932029724121094,0.02765791490674019,0.6753571629524231,0.1327497959136963,0.16423511505126953
VTM-002529,DG-aed4677afb88,fluorapatite,0,2,2,0.4842912256717682,0.004284274764358997,0.10313276201486588,0.7486116886138916,0.1439712941646576
VTM-002535,DG-4a0123fe1eb9,fluorapatite,0,2,2,0.5463358163833618,0.02024853229522705,0.2519208490848541,0.6242387294769287,0.1035919040441513
VTM-002540,DG-0918bf701a82,fluorapatite,0,2,2,0.42162248492240906,0.00035053910687565804,0.00940124411135912,0.9897226095199585,0.0005255729192867875
VTM-002551,DG-b4df31af3ff3,fluorapatite,0,2,0,0.9472030997276306,0.9097299575805664,0.07430742681026459,0.00827793125063181,0.007684710901230574
VTM-002556,DG-8038caa5c793,fluorapatite,0,2,2,0.554990291595459,0.00726875476539135,0.42662563920021057,0.536155641078949,0.02994994819164276
VTM-002559,DG-b40096cb2674,fluorapatite,0,2,2,0.4237331449985504,8.383383101318032e-05,0.022676674649119377,0.976840615272522,0.00039895635563880205
VTM-002566,DG-da683ce1a5e0,fluorapatite,0,2,2,0.5265790224075317,0.011076224967837334,0.35310637950897217,0.6223199367523193,0.013497468084096909
VTM-002570,DG-06b7293c4bf4,fluorapatite,0,2,1,0.6088782548904419,0.002970864064991474,0.5158118009567261,0.39740800857543945,0.08380932360887527
VTM-002577,DG-a6dc8eb14bc3,fluorapatite,0,2,3,0.699499785900116,0.12196046113967896,0.14248798787593842,0.10999414324760437,0.6255573630332947
VTM-002580,DG-e3d751c5769d,fluorapatite,0,2,2,0.42375901341438293,0.008755733259022236,0.01692119427025318,0.956659197807312,0.01766388677060604
VTM-002594,DG-173a6b0ad21a,fluorapatite,0,2,2,0.4256252348423004,0.0010366212809458375,0.06962719559669495,0.9219419956207275,0.007394255138933659
VTM-002595,DG-3bbe07533535,fluorapatite,0,2,2,0.5233155488967896,0.00555714126676321,0.3654761016368866,0.6176342964172363,0.011332434602081776
VTM-002601,DG-bce24eb203c7,fluorapatite,0,2,2,0.450163334608078,0.007891722023487091,0.11499658226966858,0.858073353767395,0.019038328900933266
VTM-002615,DG-937456083f0f,fluorapatite,0,2,2,0.5621355175971985,0.01653207652270794,0.23790007829666138,0.5801723003387451,0.16539549827575684
VTM-002624,DG-ebe5477d9d4e,fluorapatite,0,2,2,0.7500218152999878,0.2848241329193115,0.19149522483348846,0.48065653443336487,0.04302410036325455
VTM-002629,DG-c049ed768645,fluorapatite,0,2,2,0.41956108808517456,0.00045274803414940834,0.003441804088652134,0.9948651790618896,0.001240286510437727
VTM-002633,DG-90bbebd261ac,fluorapatite,0,2,2,0.4187447130680084,0.0005364177632145584,0.00975777953863144,0.9869978427886963,0.002707996405661106
VTM-002634,DG-c78196f43dde,fluorapatite,0,2,2,0.439797967672348,0.00554210040718317,0.0754014328122139,0.8903669714927673,0.028689473867416382
VTM-002635,DG-08ba49dd32f8,fluorapatite,0,2,1,0.674326479434967,0.00045974896056577563,0.9354469776153564,0.03599097579717636,0.028102319687604904
VTM-002637,DG-49f9ce893fdb,fluorapatite,0,2,2,0.7373391389846802,0.281623899936676,0.08431610465049744,0.5043789148330688,0.12968109548091888
VTM-002639,DG-d59be955cb06,fluorapatite,0,2,2,0.41818901896476746,0.0030104476027190685,0.029229100793600082,0.965424656867981,0.0023357542231678963
VTM-002641,DG-11fad6d5929c,fluorapatite,0,2,2,0.4530864655971527,0.00744929164648056,0.13623282313346863,0.838882565498352,0.017435263842344284
VTM-002646,DG-f677d90ff131,fluorapatite,0,2,2,0.4192836582660675,0.0015102953184396029,0.02458123117685318,0.970842719078064,0.0030658552423119545
VTM-002656,DG-4383e5fea250,fluorapatite,0,2,2,0.4375469386577606,0.009775296784937382,0.07688089460134506,0.8773362636566162,0.03600755333900452
VTM-002667,DG-f757c41d7081,fluorapatite,0,2,2,0.44724348187446594,0.025696465745568275,0.06395990401506424,0.8798647522926331,0.030478909611701965
VTM-002669,DG-94d163b6955c,fluorapatite,0,2,0,0.8388476967811584,0.3958262503147125,0.1892998367547989,0.13436701893806458,0.2805068790912628
VTM-002672,DG-541249a33c15,fluorapatite,0,2,2,0.4315502345561981,0.007004204206168652,0.05488654971122742,0.8945440649986267,0.04356512427330017
VTM-002684,DG-d01a6509ec5e,fluorapatite,0,2,2,0.41905584931373596,0.002163875848054886,0.008067112416028976,0.984214186668396,0.005554923787713051
VTM-002685,DG-2371f5e69821,fluorapatite,0,2,2,0.493316650390625,0.0009188649710267782,0.2778053879737854,0.705764651298523,0.01551109179854393
VTM-002687,DG-283391bf5821,fluorapatite,0,2,2,0.4224393963813782,0.0005370370345190167,0.01932411827147007,0.941180944442749,0.03895789012312889
VTM-002691,DG-949d61a3561e,fluorapatite,0,2,1,0.6081779599189758,0.011251643300056458,0.458944171667099,0.4250718951225281,0.10473227500915527
VTM-002692,DG-cdf7d6c07e83,fluorapatite,0,2,2,0.4131755828857422,0.0007590620662085712,0.013681202195584774,0.9718254208564758,0.01373429223895073
VTM-002697,DG-18f828d9814e,fluorapatite,0,2,2,0.41111767292022705,0.000255333143286407,0.00653093634173274,0.975071132183075,0.0181425791233778
VTM-002702,DG-29f2ca53ef94,fluorapatite,0,2,2,0.42959246039390564,0.0032354826107621193,0.0673111081123352,0.8971341252326965,0.03231922164559364
VTM-002705,DG-a45e2458cc11,fluorapatite,0,2,2,0.4632011353969574,0.004188012331724167,0.022920450195670128,0.7772358059883118,0.1956557333469391
VTM-002706,DG-0d92fb7cb95e,fluorapatite,0,2,3,0.620722234249115,0.059234753251075745,0.024577580392360687,0.15913733839988708,0.7570503354072571
VTM-002708,DG-e6a42d9d99b7,fluorapatite,0,2,2,0.44488367438316345,0.0017258115112781525,0.09195229411125183,0.8509544730186462,0.05536738410592079
VTM-002709,DG-f9d90ea3eb02,fluorapatite,0,2,2,0.5732743144035339,0.01661301963031292,0.31246718764305115,0.5420745611190796,0.12884528934955597
VTM-002726,DG-83cfe2ace11e,fluorapatite,0,2,2,0.5618163347244263,0.04036003723740578,0.3540946841239929,0.5905017852783203,0.015043490566313267
VTM-002727,DG-c3b7204f25c6,fluorapatite,0,2,2,0.49351823329925537,0.005914801731705666,0.2745080590248108,0.7044191360473633,0.015157941728830338
VTM-002731,DG-3edc0f696a60,fluorapatite,0,2,2,0.416708379983902,0.0034932363778352737,0.004326720256358385,0.9815746545791626,0.010605397634208202
VTM-002732,DG-3fde00040150,fluorapatite,0,2,1,0.6061677932739258,0.02435750886797905,0.4650600254535675,0.453473299741745,0.057109154760837555
VTM-002733,DG-da2ce27c52e8,fluorapatite,0,2,2,0.5031002163887024,0.001559052849188447,0.32423457503318787,0.6726529598236084,0.001553388312458992
VTM-002734,DG-d7b7ee90f035,fluorapatite,0,2,2,0.5046147704124451,0.001603397075086832,0.33214646577835083,0.6620074510574341,0.004242672584950924
VTM-002743,DG-99025d3d8d5d,fluorapatite,0,2,2,0.474691778421402,0.0037654051557183266,0.18389484286308289,0.7692868709564209,0.043052926659584045
VTM-002745,DG-21cf25dd1974,fluorapatite,0,2,2,0.4311869144439697,0.006230980157852173,0.09628418833017349,0.8862417936325073,0.011243024840950966
VTM-002752,DG-43133dfa71c9,fluorapatite,0,2,1,0.6348131895065308,0.028084244579076767,0.6192781329154968,0.34800952672958374,0.004628179594874382
VTM-002764,DG-776225aa1e4c,fluorapatite,0,2,2,0.4245293438434601,0.0009809379698708653,0.05037901550531387,0.9471856355667114,0.0014543423894792795
VTM-002766,DG-ff21086b640f,fluorapatite,0,2,2,0.4222363829612732,0.0005393243045546114,0.04068845137953758,0.9568601846694946,0.001912036444991827
VTM-002767,DG-9d024c10251f,fluorapatite,0,2,2,0.49203938245773315,0.031243037432432175,0.18420475721359253,0.7656179070472717,0.01893427036702633
VTM-002771,DG-272c62f09ed9,fluorapatite,0,2,1,0.6543747782707214,0.06041596829891205,0.5193027853965759,0.3765098452568054,0.0437714159488678
VTM-002772,DG-be4ab2bcc955,fluorapatite,0,2,2,0.6877257823944092,0.1379869282245636,0.22927483916282654,0.40218931436538696,0.2305489331483841
VTM-002781,DG-46e771570fcc,fluorapatite,0,2,2,0.5185971856117249,0.011205153539776802,0.17922046780586243,0.6697475910186768,0.13982680439949036
VTM-002785,DG-4469f02a60a8,fluorapatite,0,2,2,0.42234161496162415,0.002671667607501149,0.034190528094768524,0.9581869840621948,0.0049508074298501015
VTM-002790,DG-e68a1a5c5b3a,fluorapatite,0,2,2,0.42321014404296875,0.0009641947108320892,0.011407498270273209,0.9857243895530701,0.001903917407616973
VTM-002807,DG-69def72eb9e9,fluorapatite,0,2,2,0.7545779347419739,0.26715850830078125,0.06422322988510132,0.336406409740448,0.33221185207366943
VTM-002823,DG-2736a493772c,fluorapatite,0,2,2,0.582099437713623,0.1398296058177948,0.077098548412323,0.7098072171211243,0.07326468825340271
VTM-002825,DG-72c1ed9d3742,fluorapatite,0,2,2,0.4325698912143707,0.0061864545568823814,0.03528863936662674,0.9100534915924072,0.048471495509147644
VTM-002836,DG-52b433221a61,fluorapatite,0,2,2,0.43456223607063293,0.008225632831454277,0.06277261674404144,0.8956511616706848,0.0333506278693676
VTM-002837,DG-80b30b3877a9,fluorapatite,0,2,2,0.4315389394760132,0.006452862173318863,0.06588650494813919,0.9117313623428345,0.01592930220067501
VTM-002843,DG-6cf9e43f18ec,fluorapatite,0,2,2,0.4241618514060974,0.00037396713742055,0.027574826031923294,0.9712898135185242,0.0007614303613081574
VTM-002868,DG-36c6aeaf573b,fluorapatite,0,2,2,0.43443113565444946,0.01215437799692154,0.055648282170295715,0.9167557954788208,0.015441627241671085
VTM-002871,DG-df382346e67f,fluorapatite,0,2,2,0.519120454788208,0.04131582751870155,0.16187748312950134,0.7194138765335083,0.0773928239941597
VTM-002877,DG-8a907223c66e,fluorapatite,0,2,2,0.41858595609664917,0.0010016397573053837,0.02586814947426319,0.970596969127655,0.002533252816647291
VTM-002883,DG-36aae56870fe,pyroxene,0,2,2,0.4272046387195587,0.013004912994801998,0.018377289175987244,0.9434715509414673,0.025146301835775375
VTM-002889,DG-eab811b126b9,pyroxene,0,2,2,0.4309731423854828,0.002251893747597933,0.105744868516922,0.8896783590316772,0.002324855886399746
VTM-002890,DG-11491d7706ee,pyroxene,0,2,2,0.5304669737815857,0.004399952013045549,0.39656782150268555,0.5889958739280701,0.010036383755505085
VTM-002897,DG-2d0fc3c5c9d3,pyroxene,0,2,2,0.42083996534347534,0.007103996817022562,0.013645396567881107,0.9467761516571045,0.032474398612976074
VTM-002905,DG-e77a1968fdac,pyroxene,0,2,2,0.6086405515670776,0.10123074799776077,0.18378891050815582,0.6055324673652649,0.10944782197475433
VTM-002906,DG-b16fad4d3847,pyroxene,0,2,2,0.5667460560798645,0.01135589275509119,0.43295377492904663,0.5198158025741577,0.03587450087070465
VTM-002908,DG-4cb62f3b3d05,pyroxene,0,2,2,0.5220109820365906,0.023531775921583176,0.3152604401111603,0.6534088253974915,0.007798976264894009
VTM-002916,DG-1c7371bdcb66,pyroxene,0,2,2,0.5043147206306458,0.0038282452151179314,0.11281810700893402,0.6871898174285889,0.19616377353668213
VTM-002925,DG-be861e30956d,pyroxene,0,2,2,0.44469693303108215,0.0021913577802479267,0.15843302011489868,0.8321509957313538,0.007224622182548046
VTM-002932,DG-2c26f97e5fb9,pyroxene,0,2,2,0.4209819734096527,0.0008198252180591226,0.0020319174509495497,0.9951884746551514,0.0019597252830863
VTM-002938,DG-bc185c527a55,pyroxene,0,2,2,0.43437525629997253,0.0019575166516005993,0.09632380306720734,0.8934752941131592,0.008243387565016747
VTM-002940,DG-549fc5a84cd4,pyroxene,0,2,1,0.6849961280822754,0.006874195300042629,0.6174947023391724,0.023346878588199615,0.3522842526435852
VTM-002943,DG-07330e94de70,pyroxene,0,2,1,0.6874895095825195,0.0525846853852272,0.6230309009552002,0.22505666315555573,0.09932772815227509
VTM-002944,DG-b8a1ecd98f5a,pyroxene,0,2,0,0.935753583908081,0.7673112750053406,0.07480239868164062,0.045608025044202805,0.1122782751917839
VTM-002945,DG-a3da53eac318,pyroxene,0,2,3,0.7067393064498901,0.11479261517524719,0.3011035919189453,0.2440747618675232,0.3400290012359619
VTM-002949,DG-ad541d9a5e1b,pyroxene,0,2,2,0.42385849356651306,0.008353546261787415,0.013374515809118748,0.9480923414230347,0.03017958253622055
VTM-002959,DG-3e022997c6a8,pyroxene,0,2,3,0.8236655592918396,0.36194419860839844,0.06188185513019562,0.027114583179354668,0.5490593910217285
VTM-002965,DG-39c6e752f427,pyroxene,0,2,2,0.41535601019859314,0.00173362554050982,0.01178264431655407,0.9811563491821289,0.005327331833541393
VTM-002967,DG-14999e51fe9c,pyroxene,0,2,1,0.6460295915603638,0.004958915989845991,0.6882279515266418,0.2594144344329834,0.04739869758486748
VTM-002970,DG-9017ab1d9737,pyroxene,0,2,1,0.6021968126296997,0.0010327184572815895,0.6192450523376465,0.370339572429657,0.009382601827383041
VTM-002976,DG-cdaffff70d2b,pyroxene,0,2,1,0.60760897397995,0.006660877261310816,0.6180710792541504,0.36802029609680176,0.007247766014188528
VTM-002984,DG-12e46649f5c8,pyroxene,0,2,2,0.4121362864971161,0.0007518043275922537,0.005279874429106712,0.9911434650421143,0.0028248694725334644
VTM-002989,DG-4b523dce0848,pyroxene,0,2,3,0.7565385103225708,0.24244937300682068,0.1565173864364624,0.2809116244316101,0.3201216757297516
VTM-002990,DG-3b33867e6177,pyroxene,0,2,2,0.42175397276878357,0.004727901890873909,0.019798144698143005,0.9578534364700317,0.017620569095015526
VTM-002994,DG-844c37912472,pyroxene,0,2,2,0.6018019914627075,0.08992926776409149,0.20285537838935852,0.6069855093955994,0.10022983700037003
VTM-002998,DG-02530580d7df,pyroxene,0,2,2,0.41372916102409363,0.0005676518194377422,0.014998934231698513,0.9838300943374634,0.0006033432437106967
VTM-003001,DG-83d2bf0fab9e,pyroxene,0,2,2,0.42043793201446533,0.002720384392887354,0.035570885986089706,0.9421325325965881,0.019576217979192734
VTM-003004,DG-06d08f9dea64,pyroxene,0,2,1,0.6988420486450195,0.08296135067939758,0.46084725856781006,0.24169713258743286,0.2144942581653595
VTM-003005,DG-6e6ba758e9a7,pyroxene,0,2,2,0.5415674448013306,0.008706016466021538,0.4011506140232086,0.5697889924049377,0.020354390144348145
VTM-003022,DG-36d27ee1f175,pyroxene,0,2,2,0.4202851355075836,0.004247186239808798,0.01678640767931938,0.9661622643470764,0.01280415989458561
VTM-003028,DG-4862682be165,pyroxene,0,2,1,0.6060786843299866,0.021611660718917847,0.5357164740562439,0.42621392011642456,0.016457900404930115
VTM-003031,DG-7d95cd5f2601,pyroxene,0,2,2,0.43975117802619934,0.011211245320737362,0.07261942327022552,0.8930578231811523,0.023111503571271896
VTM-003032,DG-9b6b7039f87d,pyroxene,0,2,2,0.5498026013374329,0.07434941828250885,0.06636686623096466,0.6966143846511841,0.1626693159341812
VTM-003038,DG-cc2d318d7866,pyroxene,0,2,2,0.6675374507904053,0.17127040028572083,0.07004670798778534,0.5276682376861572,0.2310146689414978
VTM-003050,DG-a8ccd74c97e8,pyroxene,0,2,2,0.549535870552063,0.013862326741218567,0.05624436214566231,0.5343773365020752,0.395516037940979
VTM-003052,DG-85795c0d6b16,pyroxene,0,2,2,0.4568774402141571,0.02327219769358635,0.09442554414272308,0.8508235216140747,0.03147871047258377
VTM-003061,DG-02721674da63,pyroxene,0,2,0,0.9241782426834106,0.6820212006568909,0.1867818534374237,0.09332216531038284,0.0378747321665287
VTM-003064,DG-b7f4a5c233c8,pyroxene,0,2,2,0.474917471408844,0.042939379811286926,0.051301293075084686,0.839168131351471,0.06659118831157684
VTM-003065,DG-d07ead84c7a2,pyroxene,0,2,2,0.5649715065956116,0.09148940443992615,0.03276403248310089,0.6792036294937134,0.19654294848442078
VTM-003067,DG-2634c9e90787,pyroxene,0,2,2,0.4595227539539337,0.011357204988598824,0.05226872116327286,0.8176920413970947,0.11868204176425934
VTM-003070,DG-316331c5fc65,pyroxene,0,2,2,0.4765613377094269,0.024686824530363083,0.10247895121574402,0.8165500164031982,0.05628426373004913
VTM-003073,DG-53909db5f730,pyroxene,0,2,1,0.6101058125495911,0.006567385047674179,0.4688103199005127,0.4097415804862976,0.11488068103790283
VTM-003074,DG-1599a4790f64,pyroxene,0,2,2,0.4256877899169922,0.008297782391309738,0.011893308721482754,0.9510976076126099,0.028711292892694473
VTM-003075,DG-ba0752659635,pyroxene,0,2,2,0.4216756820678711,0.0016446826048195362,0.005140089429914951,0.9890477657318115,0.00416740495711565
VTM-003076,DG-27c27a638953,pyroxene,0,2,2,0.41924384236335754,0.0024483012966811657,0.02765861339867115,0.9626039266586304,0.007289125584065914
VTM-003077,DG-24c93776e634,pyroxene,0,2,2,0.41904744505882263,0.0056889913976192474,0.02859252132475376,0.9435539245605469,0.02216455712914467
VTM-003079,DG-5e46fbd860b7,pyroxene,0,2,0,0.9064586758613586,0.614761471748352,0.05271413177251816,0.06746229529380798,0.2650620937347412
VTM-003082,DG-c0e74af687b9,pyroxene,0,2,2,0.5206573605537415,0.04179133102297783,0.050059229135513306,0.705582857131958,0.20256660878658295
VTM-003086,DG-7ca64cc7944a,pyroxene,0,2,2,0.41719192266464233,0.001361415022984147,0.005429095588624477,0.9898626804351807,0.00334680313244462
VTM-003100,DG-efd3e7c09da1,pyroxene,0,2,2,0.43983280658721924,0.011525055393576622,0.03317748010158539,0.899972677230835,0.05532476305961609
VTM-003121,DG-4a2a9de238bd,pyroxene,0,2,2,0.5831077694892883,0.09510967880487442,0.15753242373466492,0.6658756136894226,0.08148228377103806
VTM-003123,DG-4769b5641f77,pyroxene,0,2,1,0.6106643080711365,0.023745205253362656,0.49632593989372253,0.4380025863647461,0.04192623496055603
VTM-003131,DG-3879cfb76799,pyroxene,0,2,2,0.4682532548904419,0.003837128169834614,0.19656068086624146,0.7766134738922119,0.02298867702484131
VTM-003138,DG-1c3426d57d0e,pyroxene,0,2,2,0.4214188754558563,0.00038644811138510704,0.03716617077589035,0.9603481888771057,0.0020992052741348743
VTM-003150,DG-a4568071fec7,pyroxene,0,2,3,0.6806004047393799,0.0788252055644989,0.20620891451835632,0.19768276810646057,0.5172830820083618
VTM-003153,DG-09bec96d834d,pyroxene,0,2,2,0.42165595293045044,7.335268310271204e-05,0.001308613340370357,0.9983016848564148,0.0003163762448821217
VTM-003160,DG-42c5982d528d,pyroxene,0,2,1,0.7367417216300964,0.10800334066152573,0.6685456037521362,0.1366119384765625,0.08683916181325912
VTM-003166,DG-fefad8b6e176,pyroxene,0,2,2,0.42410099506378174,0.004834744613617659,0.018838699907064438,0.9658775329589844,0.010449038818478584
VTM-003167,DG-fde5f2d58bd6,pyroxene,0,2,2,0.736266016960144,0.21903769671916962,0.21639156341552734,0.36965411901474,0.19491663575172424
VTM-003171,DG-462d909e6446,pyroxene,0,2,1,0.6406399011611938,0.01917765848338604,0.6574063301086426,0.30627012252807617,0.017145976424217224
VTM-003194,DG-aa5a0a987491,pyroxene,0,2,2,0.42153775691986084,0.00034326023887842894,0.009818702936172485,0.9872347116470337,0.002603331580758095
VTM-003203,DG-8941dbf84126,pyroxene,0,2,2,0.4275117814540863,0.011925149708986282,0.04769168049097061,0.9267657399177551,0.01361745223402977
VTM-003206,DG-22c07204cbd1,pyroxene,0,2,1,0.783096432685852,0.25214138627052307,0.45218050479888916,0.24750572443008423,0.04817241430282593
VTM-003207,DG-950feff8cd7c,pyroxene,0,2,3,0.7126104831695557,0.1465374231338501,0.1632041484117508,0.2296629697084427,0.46059542894363403
VTM-003212,DG-1f9988a126e0,pyroxene,0,2,2,0.42619088292121887,0.0028843609616160393,0.029772955924272537,0.9528928995132446,0.014449863694608212
VTM-003213,DG-560d0dea0375,pyroxene,0,2,2,0.4205220341682434,0.0005333184963092208,0.04969124495983124,0.9479256868362427,0.0018497002311050892
VTM-003214,DG-a100a5d98221,pyroxene,0,2,2,0.47565069794654846,0.0012447740882635117,0.2599529027938843,0.7372055053710938,0.0015968065708875656
VTM-003222,DG-8288d203dff6,pyroxene,0,2,2,0.4992423951625824,0.008118366822600365,0.22057804465293884,0.7068362236022949,0.06446729600429535
VTM-003223,DG-ab7eefd4077b,pyroxene,0,2,2,0.5805976390838623,0.11130083352327347,0.07553668320178986,0.6806954145431519,0.1324671059846878
VTM-003228,DG-f7485785bb60,pyroxene,0,2,2,0.6282346248626709,0.1296149343252182,0.14489778876304626,0.5897520780563354,0.1357351541519165
VTM-003234,DG-3d3392c2e5f0,pyroxene,0,2,0,0.8677765727043152,0.4898415505886078,0.16594451665878296,0.18319952487945557,0.1610144078731537
VTM-003237,DG-14ea4ea1ba5a,pyroxene,0,2,2,0.42621132731437683,0.006093050353229046,0.024248771369457245,0.9467360973358154,0.022921985015273094
VTM-003241,DG-95614b45fff9,pyroxene,0,2,2,0.5731271505355835,0.054825559258461,0.24318638443946838,0.6271951794624329,0.07479284703731537
VTM-003247,DG-338ead0166e2,pyroxene,0,2,2,0.6075484156608582,0.05425366759300232,0.3793988525867462,0.5080900192260742,0.05825744941830635
VTM-003250,DG-18740d3fe08a,pyroxene,0,2,1,0.6681731343269348,0.0019942019134759903,0.9543908834457397,0.03196437284350395,0.011650570668280125
VTM-003263,DG-6965691b2848,pyroxene,0,2,3,0.5869194865226746,0.006849569268524647,0.07081367075443268,0.2829909920692444,0.6393457651138306
VTM-003267,DG-02b2d54663c6,pyroxene,0,2,2,0.4195670187473297,0.0004705662722699344,0.004561376757919788,0.9935545921325684,0.001413458026945591
VTM-003270,DG-1f5a0b16a3ed,pyroxene,0,2,2,0.41930654644966125,0.001554263522848487,0.005035780370235443,0.9879864454269409,0.005423538386821747
VTM-003271,DG-8ebff64cb761,pyroxene,0,2,0,0.8402029275894165,0.4057478904724121,0.16345509886741638,0.13720422983169556,0.29359278082847595
VTM-003278,DG-3c6a6909d89a,pyroxene,0,2,2,0.6013960838317871,0.010165128856897354,0.3381858170032501,0.44732344150543213,0.2043255865573883
VTM-003285,DG-1ff1ce12d66b,pyroxene,0,2,2,0.46586522459983826,0.011052070185542107,0.0947299376130104,0.8148916363716125,0.07932636141777039
VTM-003292,DG-eddf3fe91859,pyroxene,0,2,0,0.9103255271911621,0.6299010515213013,0.1341160237789154,0.09209993481636047,0.14388300478458405
VTM-003295,DG-d59fd9a05c51,pyroxene,0,2,2,0.4218711256980896,0.0022577533964067698,0.035870760679244995,0.9562400579452515,0.005631503649055958
VTM-003310,DG-1b4c1aa9a9fe,pyroxene,0,2,2,0.6516554355621338,0.150726780295372,0.07657504826784134,0.5470389723777771,0.2256592959165573
VTM-003312,DG-fbffbc92ac4c,pyroxene,0,2,0,0.9168714284896851,0.6704965829849243,0.04794341325759888,0.10558651387691498,0.17597348988056183
VTM-003317,DG-0d894807161b,pyroxene,0,2,3,0.6631708741188049,0.1144423708319664,0.0354706272482872,0.06736113876104355,0.7827259302139282
VTM-003320,DG-22b3614d5d80,pyroxene,0,2,2,0.4919404685497284,0.02935071662068367,0.13551470637321472,0.7738997936248779,0.0612347275018692
VTM-003333,DG-661055fb0015,pyroxene,0,2,2,0.46406880021095276,0.01799171417951584,0.09017236530780792,0.8217481374740601,0.07008782029151917
VTM-003336,DG-3dba07bb68d0,pyroxene,0,2,1,0.5828890204429626,0.00019808943034149706,0.5465335249900818,0.4388381838798523,0.014430230483412743
VTM-003339,DG-4035b23cd25e,pyroxene,0,2,2,0.4555375874042511,0.0013683894649147987,0.21917328238487244,0.7769485712051392,0.002509802347049117
VTM-003346,DG-ee78988ee792,pyroxene,0,2,2,0.503989577293396,0.019811317324638367,0.2580410838127136,0.7022560238838196,0.01989161968231201
VTM-003349,DG-a0069817896e,pyroxene,0,2,1,0.7427540421485901,0.12413450330495834,0.6335207223892212,0.15045279264450073,0.09189200401306152
VTM-003350,DG-0690521d9dd1,pyroxene,0,2,1,0.6516404747962952,0.009670356288552284,0.7479233741760254,0.23258492350578308,0.009821344166994095
VTM-003360,DG-8944adb9e4d0,pyroxene,0,2,2,0.4355026185512543,0.0013657768722623587,0.024477798491716385,0.898945152759552,0.07521125674247742
VTM-003365,DG-9024f403e746,pyroxene,0,2,2,0.688125491142273,0.16996271908283234,0.17049390077590942,0.46877482533454895,0.19076856970787048
VTM-003368,DG-5c008822d96c,pyroxene,0,2,2,0.569133996963501,0.007127710152417421,0.1972101926803589,0.5167434811592102,0.278918594121933
VTM-003372,DG-9a2260bd7fa8,pyroxene,0,2,3,0.787066638469696,0.26727354526519775,0.17036797106266022,0.08618319034576416,0.4761752784252167
VTM-003376,DG-377a00333bb0,quartz,0,2,2,0.717042088508606,0.21746143698692322,0.18918606638908386,0.46480631828308105,0.12854617834091187
VTM-003377,DG-097f1d18428b,quartz,0,2,2,0.4241812825202942,0.0028118635527789593,0.04198183864355087,0.9471814632415771,0.008024798706173897
VTM-003382,DG-158ff5dc1237,quartz,0,2,2,0.4261374771595001,0.0003239974903408438,0.06490236520767212,0.9272332191467285,0.007540412247180939
VTM-003385,DG-ea65739cc711,quartz,0,2,2,0.43393474817276,0.007750647142529488,0.027734030038118362,0.9167340993881226,0.04778125509619713
VTM-003389,DG-b1744c7cf0c2,quartz,0,2,2,0.4171704947948456,0.0006057891878299415,0.010494939051568508,0.987074613571167,0.001824644859880209
VTM-003403,DG-63aee8bc16a5,quartz,0,2,2,0.5795968770980835,0.015582146123051643,0.21487022936344147,0.509465217590332,0.2600823640823364
VTM-003410,DG-7c7d670e261b,quartz,0,2,2,0.5363450646400452,0.05420622229576111,0.04755140468478203,0.6841180324554443,0.21412435173988342
VTM-003411,DG-07115f81dfcd,quartz,0,2,2,0.4185251295566559,0.000827827665489167,0.032365310937166214,0.964172899723053,0.0026339879259467125
VTM-003413,DG-824db2e21f39,quartz,0,2,2,0.45942479372024536,0.025865823030471802,0.035211898386478424,0.8535100221633911,0.08541229367256165
VTM-003421,DG-4abd43475340,quartz,0,2,3,0.5790183544158936,0.0292203389108181,0.042307429015636444,0.42383450269699097,0.5046377182006836
VTM-003435,DG-96d7f42c0adb,quartz,0,2,2,0.4171806573867798,0.006071728188544512,0.020635489374399185,0.9249287843704224,0.048364005982875824
VTM-003440,DG-261ea5b34997,quartz,0,2,1,0.6920027136802673,0.027154430747032166,0.8073947429656982,0.11025281250476837,0.05519799143075943
VTM-003449,DG-16b8d9127ed1,quartz,0,2,2,0.5493714213371277,0.09930925071239471,0.0918518453836441,0.7317004203796387,0.07713854312896729
VTM-003454,DG-6bd160447dec,quartz,0,2,2,0.4219597578048706,0.0006104651838541031,0.018533846363425255,0.9785404205322266,0.0023152860812842846
VTM-003460,DG-e96452f60267,quartz,0,2,3,0.6633866429328918,0.10727132856845856,0.040494125336408615,0.21125739812850952,0.640977144241333
VTM-003461,DG-d3a537a397ff,quartz,0,2,2,0.4206722378730774,0.0005339743802323937,0.005160590633749962,0.993653416633606,0.0006519840680994093
VTM-003465,DG-c7491a8989bf,quartz,0,2,2,0.42543014883995056,0.003971199505031109,0.05495896935462952,0.9345659017562866,0.0065038809552788734
VTM-003466,DG-aa46a7de04fc,quartz,0,2,1,0.6796536445617676,0.010892174206674099,0.8250472545623779,0.11542388796806335,0.04863671213388443
VTM-003467,DG-429d37c43d66,quartz,0,2,2,0.42454153299331665,0.0024986693169921637,0.046996209770441055,0.9346834421157837,0.015821658074855804
VTM-003480,DG-3d3d9d2099e2,quartz,0,2,2,0.44391751289367676,0.010095180943608284,0.11737498641014099,0.8582242131233215,0.014305602759122849
VTM-003482,DG-bfed05c4de06,quartz,0,2,2,0.45317724347114563,0.006805376149713993,0.1743791103363037,0.8077847361564636,0.01103079505264759
VTM-003488,DG-920d18c7cd9b,quartz,0,2,2,0.42301177978515625,0.00010457230382598937,0.003832467831671238,0.9957901835441589,0.00027275591855868697
VTM-003491,DG-d3548175b837,quartz,0,2,3,0.586961030960083,0.03771991655230522,0.029431704431772232,0.026199961081147194,0.9066483974456787
VTM-003493,DG-52defffa941a,quartz,0,2,2,0.4157804250717163,0.0008036649087443948,0.0059389518573880196,0.9917112588882446,0.0015461158473044634
VTM-003496,DG-7f1d4e8c35e6,quartz,0,2,2,0.5939549207687378,0.11562429368495941,0.14519938826560974,0.6525549292564392,0.08662140369415283
VTM-003506,DG-e33088583ef2,quartz,0,2,2,0.4307776987552643,0.019133098423480988,0.05248541757464409,0.9170632362365723,0.011318247765302658
VTM-003508,DG-a38b0a9744eb,quartz,0,2,2,0.4215756356716156,0.0012159281177446246,0.06281237304210663,0.9314911365509033,0.004480558447539806
VTM-003511,DG-f72b8cc0acd6,quartz,0,2,2,0.42152729630470276,0.00032248091883957386,0.016372457146644592,0.982234001159668,0.0010711012873798609
VTM-003522,DG-910752bb3793,quartz,0,2,2,0.4212130606174469,0.001684818184003234,0.01892637275159359,0.9751715064048767,0.004217375069856644
VTM-003524,DG-be614c901c26,quartz,0,2,2,0.43042951822280884,0.010852998122572899,0.04911364987492561,0.9212920665740967,0.018741339445114136
VTM-003525,DG-ac33ddbd658c,quartz,0,2,2,0.736638605594635,0.1957506388425827,0.297473669052124,0.32510846853256226,0.18166719377040863
VTM-003529,DG-e5a471320004,quartz,0,2,2,0.4364704191684723,0.005234315525740385,0.053564682602882385,0.8900550603866577,0.051146045327186584
VTM-003533,DG-fe261ae27bba,quartz,0,2,2,0.43888401985168457,0.0028701149858534336,0.0955716073513031,0.8701972961425781,0.03136099502444267
VTM-003543,DG-3398d3725b33,quartz,0,2,2,0.41603216528892517,0.0005413625040091574,0.0046377223916351795,0.9918866753578186,0.002934167394414544
VTM-003545,DG-09051d5fe4a8,quartz,0,2,2,0.4154545068740845,9.919369767885655e-05,0.001961285248398781,0.997183620929718,0.0007559043588116765
VTM-003549,DG-25715dcbbdb0,quartz,0,2,2,0.41596177220344543,0.00020733872952405363,0.003594260895624757,0.9926803112030029,0.003518141806125641
VTM-003554,DG-f0ce4e81bd3e,quartz,0,2,2,0.49484193325042725,0.006783202290534973,0.01683983951807022,0.6807044744491577,0.29567253589630127
VTM-003555,DG-8e8e41ab8e34,quartz,0,2,2,0.42349523305892944,0.0008342232322320342,0.006543648429214954,0.9897409677505493,0.002881118329241872
VTM-003562,DG-537b7d49f26f,quartz,0,2,2,0.4902302324771881,0.005394546780735254,0.2799811065196991,0.7049987316131592,0.009625714272260666
VTM-003566,DG-4defa7fa3a5e,quartz,0,2,2,0.4223000109195709,0.0030766520649194717,0.03895929828286171,0.9509625434875488,0.007001597434282303
VTM-003567,DG-7e9e27e48328,quartz,0,2,2,0.5471629500389099,0.047488823533058167,0.0677260160446167,0.6530229449272156,0.23176220059394836
VTM-003568,DG-e3ccf6d9ccfd,quartz,0,2,2,0.41367560625076294,0.0022684382274746895,0.05580728501081467,0.9393685460090637,0.0025557191111147404
VTM-003575,DG-8e1404ad1726,quartz,0,2,3,0.6819018721580505,0.0743199959397316,0.22472678124904633,0.1869051605463028,0.5140480995178223
VTM-003591,DG-ddbf75ddcd6e,quartz,0,2,2,0.6219803690910339,0.0536436066031456,0.3113747835159302,0.473926842212677,0.16105473041534424
VTM-003594,DG-5e8919787bf8,quartz,0,2,2,0.4299684166908264,0.002674879040569067,0.04808516800403595,0.9410009384155273,0.008239042945206165
VTM-003598,DG-9bcead480c48,quartz,0,2,2,0.4142702519893646,0.0011615799739956856,0.009070944041013718,0.9865988492965698,0.0031685302965343
VTM-003602,DG-0c8e223a4767,quartz,0,2,2,0.4113146662712097,0.0007363519980572164,0.012676320970058441,0.9793968200683594,0.00719048036262393
VTM-003616,DG-abad6d7d8080,quartz,0,2,3,0.5516471266746521,0.006573810242116451,0.009736672043800354,0.03307025134563446,0.9506192207336426
VTM-003617,DG-fafc140d3a11,quartz,0,2,2,0.4177481234073639,0.004121929872781038,0.011205457150936127,0.9766170978546143,0.008055556565523148
VTM-003627,DG-250b978331a9,quartz,0,2,1,0.7044292092323303,0.07210928201675415,0.5738273859024048,0.2052457183599472,0.14881756901741028
VTM-003629,DG-a95fa2858248,quartz,0,2,2,0.41502490639686584,0.0005565214669331908,0.007416278123855591,0.990513265132904,0.0015139661263674498
VTM-003634,DG-198ae0a6221b,quartz,0,2,2,0.42145252227783203,0.00038608958129771054,0.0051126861944794655,0.9936075806617737,0.000893681775778532
VTM-003635,DG-9b1ae3e424e1,vesuvianite,0,2,2,0.43223968148231506,0.0045320577919483185,0.07302137464284897,0.9125292301177979,0.0099173653870821
VTM-003638,DG-3f6e67869303,vesuvianite,0,2,2,0.422823041677475,0.00022349583741743118,0.00750185688957572,0.9906162023544312,0.001658448250964284
VTM-003640,DG-92b9ab8ad16a,vesuvianite,0,2,2,0.42516493797302246,0.0004973190370947123,0.09568539261817932,0.9024263024330139,0.0013910179259255528
VTM-003649,DG-2e6c89c5b3ae,vesuvianite,0,2,2,0.4251670837402344,0.0006325965514406562,0.024669606238603592,0.9727843999862671,0.0019133442547172308
VTM-003653,DG-3ab34db7bfd1,vesuvianite,0,2,1,0.6778172254562378,0.02616533264517784,0.581338107585907,0.19138865172863007,0.20110788941383362
VTM-003656,DG-190999b9116a,vesuvianite,0,2,1,0.6314075589179993,0.005027297884225845,0.6473402976989746,0.3081095218658447,0.03952283412218094
VTM-003662,DG-bb227bfb3420,vesuvianite,0,2,2,0.5327626466751099,0.08483582735061646,0.08767399191856384,0.7636927366256714,0.0637974664568901
VTM-003671,DG-3e00c1c23538,vesuvianite,0,2,2,0.4198441207408905,2.3635362595086917e-05,0.013111256062984467,0.9867327213287354,0.00013234330981504172
VTM-003672,DG-822cf8738f5d,vesuvianite,0,2,2,0.42811059951782227,0.002493795473128557,0.009768009185791016,0.9451883435249329,0.042549893260002136
VTM-003677,DG-1c277c481e71,vesuvianite,0,2,2,0.42191532254219055,0.0004391958937048912,0.0036599745508283377,0.9948943853378296,0.0010064984671771526
VTM-003684,DG-9143c728f2e4,vesuvianite,0,2,2,0.4274691343307495,0.0018297025235369802,0.07070494443178177,0.9224227666854858,0.005042563192546368
VTM-003689,DG-c3f58842267c,vesuvianite,0,2,1,0.6179026365280151,0.004405877087265253,0.6521721482276917,0.33840954303741455,0.0050124190747737885
VTM-003699,DG-6fc8c9dd46c2,vesuvianite,0,2,2,0.4524702727794647,0.011930081993341446,0.14312613010406494,0.8336228132247925,0.011320928111672401
VTM-003703,DG-4b6f3648f005,vesuvianite,0,2,2,0.42675113677978516,0.0030337413772940636,0.08767973631620407,0.9074814915657043,0.001805009669624269
VTM-003709,DG-7ab9f8718c59,vesuvianite,0,2,2,0.4602918028831482,0.0005424475530162454,0.247871994972229,0.7510830163955688,0.0005024942220188677
VTM-003710,DG-2dd24a7e74de,vesuvianite,0,2,2,0.42615270614624023,0.0003039396833628416,0.0448911152780056,0.953360915184021,0.0014440782833844423
VTM-003716,DG-fec0e3ebe36c,vesuvianite,0,2,2,0.4183332026004791,0.0003563447971828282,0.0034856132697314024,0.9945188164710999,0.00163925695233047
VTM-003720,DG-f29984ccdfbc,vesuvianite,0,2,2,0.5005033612251282,0.005476005841046572,0.2592666745185852,0.686664879322052,0.0485924631357193
VTM-003721,DG-450b654cca09,vesuvianite,0,2,1,0.6861904859542847,0.021517084911465645,0.6588523983955383,0.14002539217472076,0.1796051263809204
VTM-003722,DG-36c1b91e92c4,vesuvianite,0,2,2,0.47680577635765076,0.01865551248192787,0.08676111698150635,0.7917101383209229,0.10287320613861084
VTM-003723,DG-9ac1992626f5,vesuvianite,0,2,2,0.4170372784137726,0.0008616065606474876,0.01731880009174347,0.9801950454711914,0.0016245919978246093
VTM-003725,DG-3c0710e2cf7a,vesuvianite,0,2,1,0.6377231478691101,0.006129089742898941,0.7055343389511108,0.27411845326423645,0.014218078926205635
VTM-003730,DG-2a71e1dd984b,vesuvianite,0,2,2,0.4186837077140808,0.00037898943992331624,0.03313717246055603,0.9649465084075928,0.0015373085625469685
VTM-003731,DG-203527ab6025,vesuvianite,0,2,2,0.5734409689903259,0.006306171417236328,0.22555586695671082,0.5129241943359375,0.25521373748779297
VTM-003732,DG-4da9660a3e4a,vesuvianite,0,2,2,0.5120841264724731,0.024017561227083206,0.18659088015556335,0.715461790561676,0.07392972707748413
VTM-003733,DG-01bda451d9d8,vesuvianite,0,2,2,0.47095340490341187,0.0021930031944066286,0.2532907724380493,0.7375262379646301,0.0069900257512927055
VTM-003734,DG-f4757a09ca77,vesuvianite,0,2,2,0.42322835326194763,0.0003523726772982627,0.09163099527359009,0.9073677062988281,0.0006488662911579013
VTM-003736,DG-098cd3520726,vesuvianite,0,2,1,0.7167969942092896,0.06210324913263321,0.6852355003356934,0.09517444670200348,0.15748679637908936
VTM-003738,DG-3fcc6443e50b,vesuvianite,0,2,2,0.423575758934021,0.003225520718842745,0.1005895659327507,0.8832994699478149,0.012885434553027153
VTM-003740,DG-27aea3fc2159,vesuvianite,0,2,1,0.6691601872444153,0.0021943801548331976,0.9103561639785767,0.0755055621266365,0.011943918652832508
VTM-003744,DG-4cc593148c28,vesuvianite,0,2,2,0.5263793468475342,0.01594594679772854,0.17811858654022217,0.6503590941429138,0.15557637810707092
VTM-003750,DG-515956afdf20,vesuvianite,0,2,2,0.4237167239189148,0.0008838342037051916,0.08433389663696289,0.9134352803230286,0.0013470097910612822
VTM-003782,DG-fd86295b3985,vesuvianite,0,2,2,0.43862012028694153,0.001516780350357294,0.15192702412605286,0.8439418077468872,0.0026144373696297407
VTM-003791,DG-9dff8031a414,vesuvianite,0,2,2,0.43621325492858887,0.006660329177975655,0.12397797405719757,0.8593956828117371,0.009965997189283371
VTM-003793,DG-4323ca94ec6c,vesuvianite,0,2,2,0.48122724890708923,0.006400293204933405,0.25406861305236816,0.72719407081604,0.012337002903223038
VTM-003796,DG-4ec837d93f83,vesuvianite,0,2,2,0.4982307255268097,0.006500391289591789,0.05906140059232712,0.6935205459594727,0.24091772735118866
VTM-003805,DG-78baa91d3b62,vesuvianite,0,2,2,0.5880570411682129,0.07508236169815063,0.2250821888446808,0.6120376586914062,0.08779774606227875
VTM-003807,DG-ffb1301309a4,vesuvianite,0,2,2,0.5935049057006836,0.014408165588974953,0.2884710431098938,0.4628627896308899,0.2342580109834671
VTM-003810,DG-b4aae2ea6684,vesuvianite,0,2,2,0.5595208406448364,0.004090886563062668,0.48501265048980713,0.5030086636543274,0.007887783460319042
VTM-003813,DG-49391b2e04a9,vesuvianite,0,2,2,0.4710162281990051,0.006492409855127335,0.14451777935028076,0.7816488742828369,0.0673409253358841
VTM-003816,DG-7ed07056e72b,vesuvianite,0,2,2,0.4422668516635895,0.004396146163344383,0.1453116089105606,0.8457651138305664,0.004527113400399685
VTM-003823,DG-761d07d6b728,vesuvianite,0,2,1,0.7595338821411133,0.1338987648487091,0.7581722736358643,0.0755142867565155,0.03241463750600815
VTM-003826,DG-aa64a9902042,vesuvianite,0,2,2,0.4487501084804535,0.009512266144156456,0.05056609585881233,0.8770074844360352,0.06291410326957703
VTM-003827,DG-285a110f7562,vesuvianite,0,2,2,0.42160606384277344,0.001481853425502777,0.0669163390994072,0.9277114272117615,0.0038903532549738884
VTM-003831,DG-4be4d721e464,vesuvianite,0,2,2,0.41614437103271484,0.0011075622169300914,0.03775019198656082,0.9593888521194458,0.0017533624777570367
VTM-003832,DG-aedfdef6c9dd,vesuvianite,0,2,1,0.6770761013031006,0.04113287851214409,0.627504289150238,0.2493215948343277,0.0820411890745163
VTM-003840,DG-3cf31fae6d23,vesuvianite,0,2,2,0.44306105375289917,0.0026621241122484207,0.14373275637626648,0.841048538684845,0.01255656685680151
VTM-003843,DG-e2df066724b5,vesuvianite,0,2,1,0.6547051668167114,0.0013850240502506495,0.8020666837692261,0.18928676843643188,0.007261539809405804
VTM-003850,DG-e94d11f17d33,vesuvianite,0,2,2,0.4636939764022827,0.02246534265577793,0.11085209995508194,0.8309730291366577,0.035709552466869354
VTM-003855,DG-bba20012f7ff,vesuvianite,0,2,2,0.4427013099193573,0.02378729358315468,0.06152939796447754,0.8962676525115967,0.018415626138448715
VTM-003856,DG-d3e07d74dc04,vesuvianite,0,2,2,0.48792633414268494,0.03848554193973541,0.12138798087835312,0.7983746528625488,0.04175179824233055
VTM-003862,DG-33077a1095e1,vesuvianite,0,2,1,0.6604400873184204,0.002051783725619316,0.8554271459579468,0.1371792107820511,0.005341862328350544
VTM-003868,DG-988342957832,vesuvianite,0,2,2,0.5350772142410278,0.012805439531803131,0.37438005208969116,0.6013598442077637,0.011454693973064423
VTM-003871,DG-1f03c396a434,vesuvianite,0,2,2,0.446232408285141,0.003104087896645069,0.12425104528665543,0.8459856510162354,0.026659255847334862
VTM-003876,DG-f14959620d42,vesuvianite,0,2,2,0.4193155765533447,0.0006665353430435061,0.012211022898554802,0.9850494265556335,0.0020730162505060434
VTM-003877,DG-591abe10bfe5,vesuvianite,0,2,1,0.6338574886322021,0.0010288422927260399,0.7369999885559082,0.2587989568710327,0.0031722516287118196
VTM-003878,DG-811759214977,vesuvianite,0,2,3,0.7517304420471191,0.2306043952703476,0.13662508130073547,0.2574118375778198,0.3753586411476135
VTM-003887,DG-64d015783567,vesuvianite,0,2,2,0.42823442816734314,0.00011810857540694997,0.07870899140834808,0.9209120273590088,0.0002609009970910847
VTM-003889,DG-e2f7b314b961,vesuvianite,0,2,2,0.4922056198120117,0.0009824053850024939,0.24203148484230042,0.7039544582366943,0.05303162708878517
VTM-003891,DG-382fc9f12b38,vesuvianite,0,2,2,0.5956634879112244,0.050887368619441986,0.32753288745880127,0.5443022847175598,0.07727745920419693
VTM-003897,DG-3d1dcb27dad7,vesuvianite,0,2,2,0.47297239303588867,0.007432767190039158,0.19874393939971924,0.766376793384552,0.027446545660495758
VTM-003903,DG-737047940f15,vesuvianite,0,2,2,0.43323883414268494,0.0005015564383938909,0.09013761579990387,0.8793940544128418,0.029966741800308228
VTM-003916,DG-62ff9ecdf8f9,vesuvianite,0,2,2,0.41613462567329407,0.00024250445130746812,0.06149439513683319,0.9352243542671204,0.003038777969777584
VTM-003921,DG-d6f3bfcc82a3,vesuvianite,0,2,1,0.663297712802887,0.003659263253211975,0.8422619700431824,0.14268887042999268,0.011389887891709805
VTM-003925,DG-403408a696da,vesuvianite,0,2,0,0.8380408883094788,0.40535807609558105,0.2342115193605423,0.19920644164085388,0.16122399270534515
VTM-003927,DG-30aa90b1e374,vesuvianite,0,2,2,0.4216912090778351,0.001982108922675252,0.05145292729139328,0.9404126405715942,0.006152384448796511
VTM-003933,DG-292e31308efb,vesuvianite,0,2,2,0.41989102959632874,3.453327008173801e-05,0.002209380269050598,0.9973704814910889,0.0003856545081362128
VTM-003934,DG-cde12f5c8a99,vesuvianite,0,2,2,0.44375795125961304,0.007863341830670834,0.12449021637439728,0.8488666415214539,0.018779808655381203
VTM-003935,DG-d80e49ba3f14,vesuvianite,0,2,2,0.4247279465198517,0.0005019804229959846,0.0371980220079422,0.959364652633667,0.002935404423624277
VTM-003936,DG-a5da20726561,vesuvianite,0,2,2,0.4687402844429016,0.00016726620378904045,0.251974880695343,0.7416625022888184,0.0061953747645020485
VTM-003944,DG-b8bbdd672761,vesuvianite,0,2,2,0.4256495535373688,0.0002124476886820048,0.06048659235239029,0.935570240020752,0.003730746917426586
VTM-003956,DG-e7ddac66b305,vesuvianite,0,2,1,0.6708625555038452,0.0031738700345158577,0.8958132266998291,0.08461601287126541,0.016396891325712204
VTM-003960,DG-d828cab7f924,vesuvianite,0,2,2,0.4390493333339691,0.0008636028505861759,0.13636545836925507,0.85725337266922,0.005517555400729179
VTM-003964,DG-22543172b0c1,vesuvianite,0,2,2,0.4452629089355469,0.0020081880502402782,0.15580609440803528,0.8379025459289551,0.00428316043689847
VTM-003972,DG-7df29f37c067,vesuvianite,0,2,2,0.4199695885181427,9.093643166124821e-05,0.012838765047490597,0.986894965171814,0.000175326073076576
VTM-003996,DG-3669ab7c0ab5,vesuvianite,0,2,2,0.4355836808681488,0.007352367974817753,0.06338290125131607,0.9018483757972717,0.027416344732046127
VTM-004003,DG-1ba10078971d,vesuvianite,0,2,2,0.5775500535964966,0.025286447256803513,0.1676388382911682,0.533825159072876,0.2732495367527008
VTM-004005,DG-6fc92603d80b,vesuvianite,0,2,2,0.41737574338912964,0.0002496814413461834,0.017086919397115707,0.9810960292816162,0.0015673579182475805
VTM-004007,DG-662b18f75ed5,vesuvianite,0,2,2,0.4933319091796875,0.013301108032464981,0.16664913296699524,0.7326310873031616,0.08741869032382965
VTM-004012,DG-b6258a6f84ef,vesuvianite,0,2,2,0.4232997000217438,0.0010969635332003236,0.06130016967654228,0.9287413358688354,0.008861536160111427
VTM-004025,DG-a3276c20df4d,vesuvianite,0,2,2,0.42613616585731506,0.00013034141738899052,0.0025441444013267756,0.9968714714050293,0.0004540325317066163
VTM-004027,DG-6b9df49cf5ae,vesuvianite,0,2,2,0.46813684701919556,0.007656831294298172,0.18456821143627167,0.7810226082801819,0.026752356439828873
VTM-004040,DG-195887bfa623,vesuvianite,0,2,2,0.4609631896018982,0.012908361852169037,0.033703744411468506,0.8256787061691284,0.12770922482013702
VTM-004042,DG-2d1974985d68,vesuvianite,0,2,1,0.6421142220497131,0.003258334007114172,0.7525831460952759,0.2389920949935913,0.005166429094970226
VTM-004044,DG-f9d12b79e75f,vesuvianite,0,2,1,0.5958797931671143,0.009651518426835537,0.5677105188369751,0.4164464473724365,0.006191521883010864
VTM-004063,DG-94bb3086cbb8,vesuvianite,0,2,2,0.5460143089294434,0.008344876579940319,0.23164448142051697,0.5884232521057129,0.17158740758895874
VTM-004064,DG-24d450703173,vesuvianite,0,2,2,0.6085888147354126,0.03659209609031677,0.4499730169773102,0.4671928584575653,0.04624202474951744
VTM-004075,DG-4ad0528d18ac,vesuvianite,0,2,2,0.4216483533382416,4.4926247937837616e-05,0.014761840924620628,0.9846361875534058,0.0005570253124460578
VTM-004083,DG-778c8a290902,vesuvianite,0,2,2,0.5155771970748901,0.01529549527913332,0.31593912839889526,0.6602414846420288,0.00852390006184578
VTM-004084,DG-96c776d4eabe,vesuvianite,0,2,2,0.4183778464794159,0.0016993503086268902,0.030868276953697205,0.9535986185073853,0.013833762146532536
VTM-004088,DG-fb4578ab7c80,vesuvianite,0,2,2,0.4163063168525696,0.0014208629727363586,0.037304073572158813,0.9569085836410522,0.0043664854019880295
VTM-004093,DG-c8a5825e6950,vesuvianite,0,2,2,0.4344669580459595,0.0003965944633819163,0.11976063251495361,0.875206470489502,0.004636318422853947
VTM-004096,DG-fbf28e0ec8a5,vesuvianite,0,2,2,0.42525047063827515,0.0012531920801848173,0.10273349285125732,0.892746090888977,0.0032672553788870573
VTM-004102,DG-d229bb5b117b,vesuvianite,0,2,2,0.6615166068077087,0.12798884510993958,0.3019367456436157,0.49349546432495117,0.07657895982265472
VTM-004104,DG-f9940d52117c,vesuvianite,0,2,2,0.5262458324432373,0.0012123680207878351,0.4094947576522827,0.5862817764282227,0.0030111419036984444
VTM-004109,DG-8e51afeeacec,vesuvianite,0,2,2,0.41954249143600464,0.00032415532041341066,0.08210930228233337,0.9164375066757202,0.001129061565734446
VTM-004110,DG-de4a1c71f1f3,vesuvianite,0,2,2,0.48157748579978943,0.009075524285435677,0.25481945276260376,0.7279304265975952,0.008174480870366096
VTM-004111,DG-1704c11ac22f,vesuvianite,0,2,1,0.6387463808059692,0.05067012459039688,0.52132648229599,0.40231508016586304,0.025688333436846733
VTM-004116,DG-62c3dea7d681,vesuvianite,0,2,1,0.7794985771179199,0.19883158802986145,0.5669636726379395,0.12745895981788635,0.10674580931663513
VTM-004137,DG-03cb4d8280c5,chalcopyrite,0,3,3,0.5644147992134094,0.0013956630136817694,0.06195468455553055,0.012221093289554119,0.9244285821914673
VTM-004140,DG-36252213f314,chalcopyrite,0,3,3,0.5966418385505676,0.00948063563555479,0.10075093060731888,0.05359575152397156,0.8361726999282837
VTM-004154,DG-abc4ece41987,chalcopyrite,0,3,3,0.6570309400558472,0.05516327545046806,0.17733892798423767,0.22307482361793518,0.54442298412323
VTM-004155,DG-a636b5037976,chalcopyrite,0,3,3,0.6211084723472595,0.002765403361991048,0.23374004662036896,0.020042764022946358,0.7434517741203308
VTM-004158,DG-93521f3682a4,chalcopyrite,0,3,2,0.4255000352859497,0.0016967346891760826,0.01829337328672409,0.9338879585266113,0.04612191393971443
VTM-004159,DG-32645abe6c40,chalcopyrite,0,3,3,0.6193428039550781,0.009015379473567009,0.15444441139698029,0.13760191202163696,0.698938250541687
VTM-004162,DG-e88b5f73d62e,chalcopyrite,0,3,2,0.5089098811149597,0.012083818204700947,0.07135595381259918,0.6872425079345703,0.22931768000125885
VTM-004178,DG-b6746205a70e,chalcopyrite,0,3,0,0.9092899560928345,0.6216268539428711,0.19274501502513885,0.05277184024453163,0.13285627961158752
VTM-004183,DG-4ad5a7e7e695,chalcopyrite,0,3,3,0.5447874069213867,0.0009052255190908909,0.006881574168801308,0.01422969251871109,0.9779834747314453
VTM-004190,DG-dcee6fb17ddd,chalcopyrite,0,3,0,0.8574139475822449,0.45452681183815,0.1803864687681198,0.14319373667240143,0.22189298272132874
VTM-004201,DG-0f59261d4d4f,chalcopyrite,0,3,3,0.5471216440200806,0.0017926788423210382,0.034548431634902954,0.0005214442498981953,0.9631374478340149
VTM-004203,DG-b8fbe6502090,chalcopyrite,0,3,3,0.7555657029151917,0.21464446187019348,0.15853416919708252,0.15601851046085358,0.47080284357070923
VTM-004204,DG-b19f1dc1d9f6,chalcopyrite,0,3,3,0.5965538024902344,0.0283371452242136,0.047656696289777756,0.07779394090175629,0.8462122082710266
VTM-004209,DG-17021d22a929,chalcopyrite,0,3,0,0.9029982089996338,0.5859775543212891,0.04805069789290428,0.01930684968829155,0.3466649353504181
VTM-004211,DG-1d36ceddf19c,chalcopyrite,0,3,0,0.9468327760696411,0.8950933218002319,0.072519451379776,0.0038580200634896755,0.028529273346066475
VTM-004212,DG-94683f2f8a87,chalcopyrite,0,3,0,0.9151160717010498,0.6244016289710999,0.04974823817610741,0.004156574606895447,0.3216935694217682
VTM-004220,DG-89cdb51c4697,chalcopyrite,0,3,0,0.9366739392280579,0.768433153629303,0.052840638905763626,0.0317692756652832,0.1469569206237793
VTM-004221,DG-22ef1eebfb8d,chalcopyrite,0,3,0,0.9416027665138245,0.8124984502792358,0.028990957885980606,0.024221470579504967,0.13428913056850433
VTM-004222,DG-1e0695c4192d,chalcopyrite,0,3,3,0.8639872074127197,0.4484097361564636,0.027579350396990776,0.0024940671864897013,0.5215167999267578
VTM-004224,DG-e130c8625a9a,chalcopyrite,0,3,0,0.9261892437934875,0.6810274124145508,0.005326007958501577,0.012541965581476688,0.3011046350002289
VTM-004226,DG-5cfec6919979,chalcopyrite,0,3,3,0.6279405951499939,0.03213009983301163,0.14639496803283691,0.036060631275177,0.7854143381118774
VTM-004227,DG-4ebe6c44e12a,chalcopyrite,0,3,0,0.9142571091651917,0.6455044746398926,0.08617277443408966,0.09771528095006943,0.17060744762420654
VTM-004228,DG-4db88c299408,chalcopyrite,0,3,0,0.9245545268058777,0.6806517243385315,0.030113883316516876,0.043859124183654785,0.24537533521652222
VTM-004229,DG-b2f380bd5029,chalcopyrite,0,3,0,0.937963604927063,0.7802097201347351,0.08466658741235733,0.053374484181404114,0.08174923807382584
VTM-004231,DG-1abc445edc31,chalcopyrite,0,3,0,0.9404019117355347,0.9804612398147583,0.007743742782622576,0.0008203285979107022,0.010974769480526447
VTM-004245,DG-2060f9e29a23,chalcopyrite,0,3,0,0.934279203414917,0.7317107915878296,0.07899314165115356,0.020467733964323997,0.16882839798927307
VTM-004247,DG-8adbbccdd724,chalcopyrite,0,3,0,0.946957528591156,0.8997573256492615,0.08908696472644806,0.0026512565091252327,0.008504468947649002
VTM-004252,DG-09a432e2b831,chalcopyrite,0,3,0,0.9252812266349792,0.6757801175117493,0.07643916457891464,0.01733473129570484,0.2304459661245346
VTM-004254,DG-791f22659a0e,chalcopyrite,0,3,3,0.5509933829307556,0.0009688659338280559,0.01790034770965576,0.04965300112962723,0.9314777851104736
VTM-004262,DG-66a5461be3ce,chalcopyrite,0,3,3,0.6560531854629517,0.11630690097808838,0.05299963429570198,0.008229858241975307,0.8224636316299438
VTM-004266,DG-b39923e015fb,chalcopyrite,0,3,3,0.7408419847488403,0.1967044174671173,0.11106199026107788,0.034011662006378174,0.658221960067749
VTM-004267,DG-d925da51e984,chalcopyrite,0,3,3,0.6417760848999023,0.0009151315316557884,0.3564196825027466,0.0007951374282129109,0.6418700814247131
VTM-004278,DG-6d3ffb9c1414,chalcopyrite,0,3,3,0.5424008965492249,0.0002677825978025794,0.027592217549681664,0.0035202414728701115,0.9686197638511658
VTM-004279,DG-13dbc7077595,chalcopyrite,0,3,3,0.5526387095451355,0.006419570650905371,0.03000892512500286,0.0035186470486223698,0.9600528478622437
VTM-004289,DG-1a0ff4cf7ad0,chalcopyrite,0,3,3,0.5401363968849182,0.0007224984001368284,0.001251238863915205,0.008262529969215393,0.9897637367248535
VTM-004298,DG-def14538a6dc,chalcopyrite,0,3,1,0.7441707849502563,0.08499056845903397,0.7829755544662476,0.004370146431028843,0.127663716673851
VTM-004301,DG-bb8d092cc2a9,chalcopyrite,0,3,3,0.5453612804412842,0.0029542450793087482,0.004672307521104813,0.02273007109761238,0.9696433544158936
VTM-004306,DG-e140b99834b5,chalcopyrite,0,3,1,0.7758985161781311,0.22144241631031036,0.4236959218978882,0.16907237470149994,0.1857893317937851
VTM-004307,DG-115678ab2998,chalcopyrite,0,3,3,0.5329176783561707,2.8042268240824342e-05,0.002594458404928446,0.000325892586261034,0.9970515966415405
VTM-004320,DG-b7bf2f2e5a61,chalcopyrite,0,3,3,0.6014885902404785,0.023955214768648148,0.06293237954378128,0.10172558575868607,0.8113868236541748
VTM-004330,DG-0e3eb81d53c1,chalcopyrite,0,3,3,0.5950188040733337,0.026938103139400482,0.02910993993282318,0.19192689657211304,0.7520250678062439
VTM-004333,DG-44d15721c9e7,chalcopyrite,0,3,3,0.6469890475273132,0.05013204365968704,0.1362403929233551,0.10597290098667145,0.7076547145843506
VTM-004339,DG-df0e950690cd,chalcopyrite,0,3,3,0.6229338645935059,0.003341271076351404,0.20232410728931427,0.13691505789756775,0.6574195623397827
VTM-004343,DG-f8502eda04e2,chalcopyrite,0,3,0,0.8964102268218994,0.560110867023468,0.17768897116184235,0.0693785548210144,0.19282166659832
VTM-004356,DG-52391854c813,chalcopyrite,0,3,3,0.5529761910438538,0.0011557243997231126,0.01488480158150196,0.036008525639772415,0.9479509592056274
VTM-004368,DG-190a29f63412,chalcopyrite,0,3,3,0.549565851688385,0.007958848960697651,0.009459879249334335,0.01890062354505062,0.963680624961853
VTM-004369,DG-d1667de89144,chalcopyrite,0,3,3,0.5712071061134338,0.0019117107149213552,0.06894268840551376,0.04164925217628479,0.8874963521957397
VTM-004392,DG-cd28b914392d,chalcopyrite,0,3,3,0.8331488966941833,0.36078715324401855,0.19418470561504364,0.054198116064071655,0.39083003997802734
VTM-004395,DG-b3495bc08c3b,chalcopyrite,0,3,0,0.8723899126052856,0.473426878452301,0.2499752789735794,0.06433931738138199,0.21225857734680176
VTM-004397,DG-61d7630e52cd,chalcopyrite,0,3,3,0.6638222932815552,0.1021074652671814,0.06170900911092758,0.07889439165592194,0.7572891712188721
VTM-004403,DG-94ab2759d137,chalcopyrite,0,3,3,0.5437289476394653,0.009988059289753437,0.006652778014540672,0.005650246515870094,0.9777089357376099
VTM-004404,DG-47d8fd9dfca6,chalcopyrite,0,3,3,0.6199772953987122,0.021240748465061188,0.11858223378658295,0.19764813780784607,0.6625288724899292
VTM-004405,DG-95f1e7570074,chalcopyrite,0,3,0,0.9070845246315002,0.6055997014045715,0.0432354174554348,0.020152665674686432,0.33101212978363037
VTM-004407,DG-1bf3d3b7ae53,chalcopyrite,0,3,3,0.7227954864501953,0.16484102606773376,0.12501677870750427,0.1661737859249115,0.5439683794975281
VTM-004416,DG-f4b897cc3bc8,chalcopyrite,0,3,2,0.4151129722595215,0.0013806289061903954,0.01060575619339943,0.9854027032852173,0.0026109768077731133
VTM-004417,DG-719d4b31ae6c,chalcopyrite,0,3,3,0.5561966896057129,0.008976247161626816,0.013079367578029633,0.014415791258215904,0.963528573513031
VTM-004418,DG-9aae3020dd0b,chalcopyrite,0,3,2,0.6780906915664673,0.17409197986125946,0.10284920036792755,0.49660593271255493,0.22645287215709686
VTM-004422,DG-379750c68c74,chalcopyrite,0,3,0,0.8665149211883545,0.42173245549201965,0.3670535981655121,0.04153238236904144,0.1696816235780716
VTM-004423,DG-9f1af7b13d2f,chalcopyrite,0,3,1,0.873539924621582,0.42769312858581543,0.43316221237182617,0.024319691583514214,0.11482498049736023
VTM-004431,DG-268c07fc4456,chalcopyrite,0,3,2,0.556363046169281,0.014042777009308338,0.18460983037948608,0.5629192590713501,0.23842817544937134
VTM-004432,DG-08799787483b,chalcopyrite,0,3,3,0.541619598865509,0.0013173827901482582,0.007508746348321438,0.01628849282860756,0.9748853445053101
VTM-004434,DG-c77be5eff59a,chalcopyrite,0,3,2,0.7438743114471436,0.22157028317451477,0.25982430577278137,0.3457655906677246,0.17283976078033447
VTM-004449,DG-5889b81635cb,goethite,0,3,3,0.6107622385025024,0.018238283693790436,0.09509232640266418,0.12464739382266998,0.7620219588279724
VTM-004450,DG-abcb9813a0f9,goethite,0,3,3,0.5766075253486633,0.013808031566441059,0.03165045753121376,0.07426202297210693,0.8802794218063354
VTM-004453,DG-ac0814e1d2ce,goethite,0,3,3,0.5840898752212524,0.008512877859175205,0.07975013554096222,0.0497158020734787,0.8620212078094482
VTM-004462,DG-bd1a42e1d4c1,goethite,0,3,2,0.48157328367233276,0.017505347728729248,0.04154621437191963,0.7705308794975281,0.17041757702827454
VTM-004472,DG-baeb947c7617,goethite,0,3,3,0.5623526573181152,0.02302790991961956,0.005367279052734375,0.028152067214250565,0.9434527158737183
VTM-004473,DG-f6eacbcdec2a,goethite,0,3,3,0.5523664355278015,0.00870421715080738,0.0033796082716435194,0.03049265593290329,0.9574235081672668
VTM-004474,DG-04127e857354,goethite,0,3,3,0.5833113193511963,0.03042658418416977,0.015817463397979736,0.3660070300102234,0.5877489447593689
VTM-004475,DG-704bffc2fc01,goethite,0,3,3,0.5856119394302368,0.029260914772748947,0.009750941768288612,0.08270110189914703,0.8782870173454285
VTM-004480,DG-d999cbdf9b4b,goethite,0,3,1,0.68270343542099,0.006820698268711567,0.9286926984786987,0.005998287349939346,0.058488309383392334
VTM-004482,DG-162780054af3,goethite,0,3,3,0.566861093044281,0.007618781179189682,0.01959380879998207,0.08469147980213165,0.8880959749221802
VTM-004485,DG-33a4a9142c46,goethite,0,3,0,0.8730087280273438,0.4788438081741333,0.018480578437447548,0.034573253244161606,0.468102365732193
VTM-004487,DG-9fff6f03fdf4,goethite,0,3,1,0.6776884198188782,0.05376123636960983,0.4227227568626404,0.25638410449028015,0.2671319842338562
VTM-004488,DG-2decccec0010,goethite,0,3,3,0.6580430865287781,0.03324267640709877,0.2509421110153198,0.17337939143180847,0.5424358248710632
VTM-004498,DG-bf44617a6ab2,goethite,0,3,3,0.5921416878700256,0.024843480437994003,0.02707541175186634,0.16797985136508942,0.7801012992858887
VTM-004504,DG-c1aa704d2a6e,goethite,0,3,3,0.844778299331665,0.41051268577575684,0.08541540801525116,0.06713539361953735,0.43693649768829346
VTM-004515,DG-1c6542948e6f,goethite,0,3,3,0.7352911829948425,0.2152852714061737,0.04356096684932709,0.030555397272109985,0.7105984091758728
VTM-004518,DG-f9fe66c5becf,goethite,0,3,3,0.7408649325370789,0.15385505557060242,0.26440292596817017,0.0162179134786129,0.5655241012573242
VTM-004525,DG-bbaadd195115,goethite,0,3,1,0.6169760823249817,0.020864389836788177,0.5393295288085938,0.40251898765563965,0.03728708252310753
VTM-004532,DG-1958ad54fa3a,goethite,0,3,1,0.6817466020584106,0.009663239121437073,0.5557581186294556,0.0501483678817749,0.38443028926849365
VTM-004541,DG-5544322fe5dc,goethite,0,3,3,0.7948599457740784,0.24273180961608887,0.3279286026954651,0.04105205833911896,0.3882874846458435
VTM-004542,DG-566bb1ba97ab,goethite,0,3,0,0.946075439453125,0.9355576634407043,0.0324927382171154,0.008807354606688023,0.02314213290810585
VTM-004544,DG-5dee52144675,goethite,0,3,3,0.7226549983024597,0.14973905682563782,0.1770128756761551,0.014084190130233765,0.6591638326644897
VTM-004549,DG-a434ef073065,goethite,0,3,3,0.6020866632461548,0.0394897535443306,0.036349911242723465,0.3133992552757263,0.6107611060142517
VTM-004554,DG-d8c270e4d550,goethite,0,3,1,0.7815188765525818,0.19482305645942688,0.46418172121047974,0.03738714009523392,0.3036080598831177
VTM-004555,DG-6b39bbdc8ae5,goethite,0,3,1,0.7035044431686401,0.054726749658584595,0.7153167128562927,0.15796639025211334,0.07199016213417053
VTM-004557,DG-cc9475356267,goethite,0,3,3,0.5305861234664917,0.0010511970613151789,0.0004896087339147925,0.0003934372798539698,0.998065710067749
VTM-004565,DG-0b9ec2c49631,goethite,0,3,1,0.7769792675971985,0.19134998321533203,0.49475520849227905,0.08500141650438309,0.22889336943626404
VTM-004566,DG-a96f9eb81289,goethite,0,3,1,0.6777435541152954,0.01275306474417448,0.837374210357666,0.11547909677028656,0.034393589943647385
VTM-004568,DG-ea98ad0adeb4,goethite,0,3,3,0.6368007659912109,0.030117735266685486,0.1859797090291977,0.05649547278881073,0.7274070978164673
VTM-004569,DG-6f14e9b225e4,goethite,0,3,3,0.5990898609161377,0.06152821704745293,0.024905914440751076,0.009355598129332066,0.9042103290557861
VTM-004572,DG-7a5dd27a3db7,goethite,0,3,3,0.5365198254585266,0.0012577667366713285,0.0020468272268772125,0.008504398167133331,0.9881910085678101
VTM-004578,DG-53312f8ab848,goethite,0,3,3,0.8316079378128052,0.38230258226394653,0.04304853826761246,0.02008373662829399,0.5545651316642761
VTM-004591,DG-9b5d4c76e13f,goethite,0,3,1,0.6919211149215698,0.010107893496751785,0.7123550772666931,0.05668790638446808,0.22084909677505493
VTM-004594,DG-5e455ae2a2e5,goethite,0,3,3,0.6090794801712036,0.032464705407619476,0.06056927889585495,0.2756625711917877,0.6313034296035767
VTM-004611,DG-a1546a58cd91,goethite,0,3,1,0.6287268996238708,0.03678394854068756,0.4219995439052582,0.42189687490463257,0.11931958794593811
VTM-004613,DG-89979111c25d,goethite,0,3,0,0.8552828431129456,0.41426587104797363,0.1972336769104004,0.025323381647467613,0.3631770610809326
VTM-004615,DG-d29cacb74737,goethite,0,3,0,0.9443740248680115,0.8506873250007629,0.024958273395895958,0.005785148125141859,0.1185692846775055
VTM-004623,DG-ca33ccf007de,goethite,0,3,2,0.49712073802948,0.01633087918162346,0.07123374938964844,0.7307634949684143,0.1816719025373459
VTM-004630,DG-210b75b316b3,goethite,0,3,3,0.6524276733398438,0.04717906191945076,0.17882347106933594,0.08014678955078125,0.6938506960868835
VTM-004650,DG-9815786e0c94,goethite,0,3,3,0.6355034708976746,0.06923714280128479,0.07946247607469559,0.031828828155994415,0.8194715976715088
VTM-004656,DG-5d17ac15c3f5,goethite,0,3,2,0.5350546836853027,0.011438910849392414,0.3147472143173218,0.6078568696975708,0.0659569799900055
VTM-004659,DG-ec2dd91f462f,goethite,0,3,1,0.6147984862327576,0.00659569725394249,0.5198349952697754,0.38866087794303894,0.08490844070911407
VTM-004663,DG-a56f94524b55,goethite,0,3,0,0.9243975281715393,0.6672272682189941,0.2155507504940033,0.02128157578408718,0.09594043344259262
VTM-004664,DG-b823dff07c3d,goethite,0,3,2,0.5039005279541016,0.0009553228737786412,0.08870291709899902,0.6780714988708496,0.23227030038833618
VTM-004665,DG-d672f6ddcf24,goethite,0,3,1,0.7352181077003479,0.08463020622730255,0.6324085593223572,0.050336599349975586,0.23262463510036469
VTM-004670,DG-ee8061b12d62,goethite,0,3,3,0.7880843877792358,0.26916950941085815,0.24511100351810455,0.15735402703285217,0.3283654749393463
VTM-004677,DG-7b1cc3374528,goethite,0,3,1,0.6974846124649048,0.02526112273335457,0.6239384412765503,0.07111657410860062,0.2796838879585266
VTM-004683,DG-62ffe2cbfb7e,goethite,0,3,3,0.5302081108093262,0.00034483964554965496,0.0006775087676942348,0.0004183134878985584,0.9985593557357788
VTM-004686,DG-498985017e3d,goethite,0,3,3,0.637069046497345,0.039562370628118515,0.15890654921531677,0.050718050450086594,0.7508130073547363
VTM-004695,DG-064bd74f8d66,goethite,0,3,3,0.7007268667221069,0.14746154844760895,0.08633778989315033,0.23311367630958557,0.5330870151519775
VTM-004699,DG-4983712b4f53,goethite,0,3,1,0.8059021234512329,0.28142765164375305,0.38223570585250854,0.09907704591751099,0.23725956678390503
VTM-004701,DG-3634551650f6,goethite,0,3,3,0.5959612727165222,0.04768062010407448,0.03569557145237923,0.028280049562454224,0.8883437514305115
VTM-004713,DG-76a5d9ba4878,goethite,0,3,1,0.6944991946220398,0.03014182671904564,0.9382981061935425,0.006761126220226288,0.024798937141895294
VTM-004717,DG-bac81edd48be,goethite,0,3,1,0.7348255515098572,0.09771966189146042,0.6794663071632385,0.11230143904685974,0.1105126142501831
VTM-004722,DG-420c337bacad,hematite,0,3,3,0.5688633322715759,0.01636677235364914,0.00848950631916523,0.052737556397914886,0.9224061965942383
VTM-004735,DG-f51b38ebd2ce,hematite,0,3,1,0.705797553062439,0.041779205203056335,0.9137510061264038,0.015117274597287178,0.029352426528930664
VTM-004739,DG-6d00a5116720,hematite,0,3,0,0.8773462176322937,0.4794011116027832,0.2842633128166199,0.0507422611117363,0.18559330701828003
VTM-004742,DG-56afffc2c4f3,hematite,0,3,1,0.6607193350791931,0.0005021191318519413,0.9950733780860901,0.0012443617451936007,0.003180145751684904
VTM-004751,DG-3f9343259002,hematite,0,3,0,0.8633227944374084,0.5043376088142395,0.08369960635900497,0.3096955716609955,0.10226718336343765
VTM-004757,DG-94f14ee45fd9,hematite,0,3,3,0.7962450385093689,0.2637147307395935,0.22086234390735626,0.03801547735929489,0.4774075150489807
VTM-004768,DG-ef8c2ff8e925,hematite,0,3,3,0.5765007138252258,0.028872963041067123,0.01735042966902256,0.0396931953728199,0.9140834808349609
VTM-004776,DG-e649d7ebea33,hematite,0,3,3,0.7126705646514893,0.1742459237575531,0.04717721790075302,0.09078298509120941,0.6877938508987427
VTM-004783,DG-253d2482c921,hematite,0,3,1,0.6854348182678223,0.020082425326108932,0.9437131881713867,0.027620410546660423,0.008584065362811089
VTM-004785,DG-f0a32bf60919,hematite,0,3,1,0.7631765007972717,0.12541460990905762,0.7463610172271729,0.024289902299642563,0.10393442958593369
VTM-004786,DG-f3a4e0b6555c,hematite,0,3,0,0.8568087220191956,0.4246457517147064,0.13643433153629303,0.02697843685746193,0.4119415283203125
VTM-004788,DG-965b2bf1d78a,hematite,0,3,2,0.7329310178756714,0.1950318068265915,0.24837544560432434,0.3239418566226959,0.23265093564987183
VTM-004792,DG-f77fc972ec8c,hematite,0,3,0,0.9424082040786743,0.8048364520072937,0.10238689184188843,0.013880052603781223,0.07889663428068161
VTM-004801,DG-aebe66ef7240,hematite,0,3,1,0.6854367256164551,0.019207056611776352,0.9368849992752075,0.03612045571208,0.007787514012306929
VTM-004814,DG-9055b7cc284e,hematite,0,3,0,0.9400072693824768,0.7796306014060974,0.11355575919151306,0.018530674278736115,0.08828296512365341
VTM-004823,DG-8f3494190209,hematite,0,3,0,0.8969050645828247,0.5740979909896851,0.13190419971942902,0.07037995010614395,0.22361788153648376
VTM-004825,DG-80158b250c83,hematite,0,3,0,0.8371922969818115,0.38149917125701904,0.21703799068927765,0.05852818489074707,0.34293466806411743
VTM-004826,DG-b7a0b5815b3e,hematite,0,3,3,0.5488389134407043,0.004987169057130814,0.02373378351330757,0.008359326049685478,0.9629197716712952
VTM-004839,DG-bcfdba1c3c5c,hematite,0,3,3,0.8165451884269714,0.29426053166389465,0.3199232816696167,0.02630845457315445,0.35950779914855957
VTM-004842,DG-150e4f6aae2e,hematite,0,3,2,0.5075863599777222,0.019326895475387573,0.022786300629377365,0.6704301238059998,0.2874566912651062
VTM-004845,DG-3a7a27b4f2ac,hematite,0,3,1,0.808526337146759,0.3171852231025696,0.3419603705406189,0.20623546838760376,0.134618878364563
VTM-004854,DG-69246049f0d8,hematite,0,3,3,0.5725557208061218,0.012384234927594662,0.040541768074035645,0.02771301381289959,0.9193609952926636
VTM-004855,DG-18aac18a56ef,hematite,0,3,3,0.7164903879165649,0.15966835618019104,0.09241139888763428,0.10213761031627655,0.6457825899124146
VTM-004858,DG-ceaef9a35d40,hematite,0,3,3,0.613303005695343,0.02066313847899437,0.10442288219928741,0.2188672125339508,0.6560467481613159
VTM-004860,DG-2778a0b9723d,hematite,0,3,3,0.6652469038963318,0.0755944773554802,0.12141038477420807,0.1396883875131607,0.6633067727088928
VTM-004864,DG-00dd679f3312,hematite,0,3,0,0.8393037915229797,0.4019200801849365,0.28785082697868347,0.2131754606962204,0.0970536395907402
VTM-004875,DG-1d354621213a,hematite,0,3,1,0.8242754340171814,0.3331429362297058,0.4351465106010437,0.19752374291419983,0.034186817705631256
VTM-004878,DG-faf2e184df1b,hematite,0,3,3,0.7872393131256104,0.29527902603149414,0.057172831147909164,0.008652476593852043,0.6388956308364868
VTM-004882,DG-769f57cd2cf8,hematite,0,3,0,0.8718007206916809,0.4603641927242279,0.2568567395210266,0.04234251007437706,0.24043656885623932
VTM-004888,DG-ad99a0f5aff2,hematite,0,3,3,0.786400556564331,0.3190005421638489,0.03162690997123718,0.2590165138244629,0.39035606384277344
VTM-004890,DG-65936d1143ea,hematite,0,3,0,0.8318090438842773,0.4072614908218384,0.15861275792121887,0.2578524351119995,0.17627328634262085
VTM-004893,DG-0dd74fec7b9f,hematite,0,3,0,0.8325073719024658,0.35276249051094055,0.25872236490249634,0.050186701118946075,0.33832845091819763
VTM-004894,DG-f62eaf3c0647,hematite,0,3,2,0.629490852355957,0.1275903582572937,0.03175544738769531,0.5290618538856506,0.31159231066703796
VTM-004902,DG-604f861a8a8c,hematite,0,3,0,0.8496360778808594,0.42090606689453125,0.2346474677324295,0.10660538077354431,0.23784108459949493
VTM-004910,DG-46b91cfaab7c,hematite,0,3,3,0.6329763531684875,0.07756966352462769,0.0471683032810688,0.07199352979660034,0.803268551826477
VTM-004917,DG-25d0a83898c6,hematite,0,3,1,0.6670415997505188,0.0023299509193748236,0.968052864074707,0.01906067691743374,0.010556569322943687
VTM-004930,DG-23e5de56e4c0,hematite,0,3,2,0.6301388144493103,0.07260505110025406,0.3581550419330597,0.48550736904144287,0.08373253047466278
VTM-004937,DG-ab5809dd5da8,hematite,0,3,3,0.7933143973350525,0.2439972460269928,0.32319924235343933,0.058589112013578415,0.37421438097953796
VTM-004939,DG-c8e4fa42bc5c,hematite,0,3,0,0.9004809856414795,0.5694379210472107,0.11093869805335999,0.008546320721507072,0.3110770583152771
VTM-004941,DG-821d8a7f1feb,hematite,0,3,0,0.8313984870910645,0.33898016810417175,0.3317742347717285,0.056520331650972366,0.27272528409957886
VTM-004953,DG-974ef309f918,hematite,0,3,1,0.702648937702179,0.040185458958148956,0.6459048986434937,0.09449709206819534,0.21941253542900085
VTM-004959,DG-d491c306fa10,hematite,0,3,0,0.942799985408783,0.7842616438865662,0.1895754188299179,0.014994717203080654,0.011168200522661209
VTM-004965,DG-ec5605c40be2,hematite,0,3,3,0.7974773049354553,0.3217853307723999,0.12790371477603912,0.22493092715740204,0.32538002729415894
VTM-004966,DG-67f97c86afca,hematite,0,3,3,0.601344883441925,0.04835900664329529,0.05689307302236557,0.010342232882976532,0.8844057321548462
VTM-004970,DG-5d84fd7431ec,hematite,0,3,1,0.6934520602226257,0.03117585927248001,0.6893231868743896,0.142444908618927,0.13705605268478394
VTM-004978,DG-c1d8c5df3846,hematite,0,3,3,0.6582876443862915,0.10771593451499939,0.04032474383711815,0.24980954825878143,0.6021497845649719
VTM-004980,DG-7d3162471b4a,hematite,0,3,2,0.7629374861717224,0.26138556003570557,0.29235172271728516,0.3589847683906555,0.08727801591157913
VTM-004983,DG-ad7d28354932,hematite,0,3,0,0.8858591914176941,0.4887682795524597,0.2805374562740326,0.021969135850667953,0.20872512459754944
VTM-004987,DG-f49f996beda9,hematite,0,3,3,0.5808610320091248,0.03613925725221634,0.027514804154634476,0.015990419313311577,0.9203555583953857
VTM-004998,DG-a2b8bf8028b9,hematite,0,3,1,0.7531788945198059,0.1177864819765091,0.5867055058479309,0.02400241605937481,0.27150556445121765
VTM-005005,DG-6e60bb077167,hematite,0,3,3,0.611230194568634,0.07858817279338837,0.00879391934722662,0.030472226440906525,0.8821457624435425
VTM-005007,DG-c33ec218e14c,hematite,0,3,1,0.6914420127868652,0.05270354822278023,0.6190507411956787,0.21445460617542267,0.11379112303256989
VTM-005009,DG-80d9a06a5bdb,hematite,0,3,1,0.7162415385246277,0.11158031225204468,0.3604262173175812,0.1946772038936615,0.33331620693206787
VTM-005011,DG-9f846ac38613,hematite,0,3,2,0.4376114010810852,0.009716549888253212,0.07298222184181213,0.8892712593078613,0.028030022978782654
VTM-005013,DG-004213fd6a05,hematite,0,3,0,0.8967673778533936,0.5803279876708984,0.10836222767829895,0.1396598368883133,0.1716499775648117
VTM-005014,DG-02f65976cc5c,hematite,0,3,1,0.688040554523468,0.013331331312656403,0.8377506732940674,0.0758667141199112,0.0730513408780098
VTM-005015,DG-b8ee37c13b84,hematite,0,3,0,0.9235301613807678,0.6851291656494141,0.13862234354019165,0.04234550893306732,0.13390296697616577
VTM-005017,DG-08624827eeb4,hematite,0,3,3,0.6189815998077393,0.06341996788978577,0.03212584927678108,0.289048969745636,0.6154052019119263
VTM-005018,DG-3cc40d8eeec3,hematite,0,3,2,0.808535099029541,0.38183894753456116,0.11629892885684967,0.40461188554763794,0.09725026786327362
VTM-005021,DG-5a0d013f29bc,hematite,0,3,2,0.44241809844970703,0.018182212486863136,0.08206148445606232,0.8680734038352966,0.03168290853500366
VTM-005027,DG-a471068e7ddf,pyrite,0,3,2,0.606160044670105,0.010879307985305786,0.2387104332447052,0.3992128074169159,0.3511975109577179
VTM-005033,DG-48018e5e27ec,pyrite,0,3,3,0.6528000831604004,0.06873297691345215,0.15346144139766693,0.011389992199838161,0.7664155960083008
VTM-005039,DG-1d2c37317895,pyrite,0,3,0,0.8680094480514526,0.45834967494010925,0.09968777000904083,0.012192519381642342,0.4297700524330139
VTM-005043,DG-1ae77cd6446f,pyrite,0,3,1,0.6879047155380249,0.0069060297682881355,0.7850401997566223,0.06708699464797974,0.14096678793430328
VTM-005044,DG-885f1327cdad,pyrite,0,3,1,0.6700661778450012,0.025127407163381577,0.4644266664981842,0.21266645193099976,0.29777950048446655
VTM-005053,DG-afdd2cebd5ad,pyrite,0,3,0,0.8733135461807251,0.5085904002189636,0.10335510224103928,0.1402675360441208,0.2477869838476181
VTM-005054,DG-bebe81210f06,pyrite,0,3,0,0.8772991299629211,0.5119548439979553,0.14898771047592163,0.11477858573198318,0.22427886724472046
VTM-005056,DG-93096a3f948d,pyrite,0,3,3,0.7303473949432373,0.20349878072738647,0.042966265231370926,0.08377591520547867,0.6697590351104736
VTM-005057,DG-99844870524b,pyrite,0,3,2,0.5873638391494751,0.09599918127059937,0.08149248361587524,0.6335538625717163,0.1889544576406479
VTM-005059,DG-58e451eb94e6,pyrite,0,3,1,0.6900522112846375,0.02273165062069893,0.9368798732757568,0.03460332751274109,0.005785117857158184
VTM-005062,DG-3c5a676ef940,pyrite,0,3,1,0.6682952642440796,0.004895750433206558,0.9821381568908691,0.0064758481457829475,0.006490237079560757
VTM-005068,DG-bc5b1867624d,pyrite,0,3,1,0.6634145975112915,0.00032827776158228517,0.9953600168228149,0.0007918952032923698,0.0035198235418647528
VTM-005075,DG-81dcb9b47254,pyrite,0,3,3,0.773216187953949,0.25662919878959656,0.11664445698261261,0.1499168574810028,0.47680947184562683
VTM-005084,DG-6c407e904c0f,pyrite,0,3,1,0.7549347281455994,0.17355164885520935,0.466230571269989,0.18284431099891663,0.17737343907356262
VTM-005085,DG-12fcd338d127,pyrite,0,3,1,0.7332038283348083,0.08675944060087204,0.8840414881706238,0.023870954290032387,0.005328131373971701
VTM-005087,DG-40b31d56e866,pyrite,0,3,1,0.8022868037223816,0.20751400291919708,0.7348384261131287,0.008669665083289146,0.048977889120578766
VTM-005089,DG-d8242605da4b,pyrite,0,3,3,0.5406290292739868,0.005263871978968382,0.010924283415079117,0.0023631162475794554,0.9814487099647522
VTM-005097,DG-1d67319747fd,pyrite,0,3,0,0.9463284015655518,0.9145967960357666,0.044392216950654984,0.01625876873731613,0.024752220138907433
VTM-005108,DG-60845d11361a,pyrite,0,3,3,0.5807573795318604,0.01051272265613079,0.0674426481127739,0.029681161046028137,0.8923634886741638
VTM-005109,DG-a9fa486f4e05,pyrite,0,3,3,0.6194825172424316,0.08337566256523132,0.015620792284607887,0.020797759294509888,0.8802058100700378
VTM-005111,DG-c9c7f1af00da,pyrite,0,3,3,0.5412346124649048,0.002277920488268137,0.0014172299997881055,0.0033912183716893196,0.9929136037826538
VTM-005116,DG-bf8e5fdfdbbd,pyrite,0,3,3,0.557667076587677,0.0016272729262709618,0.032637838274240494,0.017093250527977943,0.9486416578292847
VTM-005123,DG-4b94ec7288ff,pyrite,0,3,0,0.9301003813743591,0.7120425701141357,0.07405988872051239,0.006527367513626814,0.20737014710903168
VTM-005126,DG-35c61aeaf99c,pyrite,0,3,0,0.8838012218475342,0.49617570638656616,0.20800553262233734,0.0120818130671978,0.283736914396286
VTM-005128,DG-4aa68311e4f9,pyrite,0,3,3,0.5456796884536743,0.00306330481544137,0.012584373354911804,0.0005041881231591105,0.9838480949401855
VTM-005130,DG-834f56988167,pyrite,0,3,3,0.5471853017807007,0.0007314993999898434,0.017790421843528748,0.015128232538700104,0.9663498401641846
VTM-005132,DG-db5c3921883f,pyrite,0,3,2,0.7197496891021729,0.21974793076515198,0.13873015344142914,0.4377017915248871,0.20382016897201538
VTM-005141,DG-8c934d87db0a,pyrite,0,3,1,0.7096145749092102,0.10187572985887527,0.3546552062034607,0.20056897401809692,0.3429000973701477
VTM-005154,DG-7e60ce337608,pyrite,0,3,3,0.595619797706604,0.0006527225486934185,0.1564614474773407,0.024622054770588875,0.8182637691497803
VTM-005158,DG-57a469d30a7f,pyrite,0,3,3,0.5420107245445251,0.005517629906535149,0.015066644176840782,0.004034028854221106,0.9753816723823547
VTM-005174,DG-a499df07f08c,pyrite,0,3,0,0.8784739971160889,0.5163030028343201,0.06305992603302002,0.10456697642803192,0.3160701394081116
VTM-005184,DG-20dc4e724938,pyrite,0,3,3,0.6906899809837341,0.1427219808101654,0.06913591921329498,0.015430565923452377,0.7727115154266357
VTM-005185,DG-b02bcb8f8157,pyrite,0,3,3,0.5571861863136292,0.01730118691921234,0.0036534187383949757,0.021483495831489563,0.9575619697570801
VTM-005190,DG-002d42194900,pyrite,0,3,3,0.7886654734611511,0.25990739464759827,0.19089831411838531,0.06815291941165924,0.4810413718223572
VTM-005194,DG-fd4dfd469cf8,pyrite,0,3,1,0.696347713470459,0.014343926683068275,0.7955328226089478,0.030131349340081215,0.15999193489551544
VTM-005199,DG-7e48265bce06,pyrite,0,3,2,0.5498606562614441,0.013333506882190704,0.051850780844688416,0.529914379119873,0.404901385307312
VTM-005210,DG-6042ca49a613,pyrite,0,3,3,0.5427477955818176,0.0036301997024565935,0.0008553502848371863,0.0008304199436679482,0.9946840405464172
VTM-005214,DG-dadf133cc975,pyrite,0,3,3,0.7090619802474976,0.1787547916173935,0.04362573102116585,0.021652737632393837,0.7559667825698853
VTM-005218,DG-0e7b04e1f7bd,pyrite,0,3,3,0.6000256538391113,0.004926510155200958,0.13338206708431244,0.043721430003643036,0.8179700374603271
VTM-005227,DG-8998dcab4285,pyrite,0,3,1,0.802510142326355,0.24389837682247162,0.5203874707221985,0.06779423356056213,0.16791988909244537
VTM-005232,DG-dca0bf0df100,pyrite,0,3,1,0.6830782890319824,0.010436421260237694,0.6526286602020264,0.10536766797304153,0.23156723380088806
VTM-005237,DG-1ca72868977d,pyrite,0,3,2,0.5343517065048218,0.003848584834486246,0.21039599180221558,0.6086446642875671,0.1771107316017151
VTM-005243,DG-43b4714f32a0,pyrite,0,3,3,0.6551548838615417,0.037061065435409546,0.22148603200912476,0.1854090690612793,0.5560438632965088
VTM-005245,DG-dcb832ddbd03,pyrite,0,3,1,0.6414591073989868,0.014812772162258625,0.5233170986175537,0.32111507654190063,0.1407550722360611
VTM-005249,DG-58bedd854c09,pyrite,0,3,3,0.5856674313545227,0.013679379597306252,0.07945095002651215,0.019552864134311676,0.8873167634010315
VTM-005255,DG-58f9aca080f1,pyrite,0,3,3,0.5642006993293762,0.01071082428097725,0.015098834410309792,0.036439768970012665,0.9377505779266357
VTM-005257,DG-94f7f62e4a46,pyrite,0,3,0,0.857358992099762,0.43052613735198975,0.20263619720935822,0.0793515220284462,0.28748619556427
VTM-005275,DG-3a4e65c23c9a,pyrite,0,3,3,0.6156781315803528,0.00574821513146162,0.1772383153438568,0.05138213932514191,0.7656313180923462
VTM-005282,DG-2dd8ac8470e7,pyrite,0,3,3,0.6067542433738708,0.0024129259400069714,0.13976025581359863,0.12026852369308472,0.7375583648681641
VTM-005283,DG-a457079ebc89,pyrite,0,3,2,0.7202328443527222,0.19334974884986877,0.1537187099456787,0.36074376106262207,0.29218780994415283
VTM-005285,DG-e75834ebe6df,pyrite,0,3,3,0.6583518385887146,0.09456188231706619,0.10431240499019623,0.007277731783688068,0.793847918510437
VTM-005289,DG-2f8b0ab0f8ac,pyrite,0,3,0,0.9128522276878357,0.5967482328414917,0.15951187908649445,0.006732009816914797,0.23700791597366333
VTM-005293,DG-cee97aa553ab,pyrite,0,3,2,0.5962827205657959,0.025728419423103333,0.17806899547576904,0.46944087743759155,0.32676172256469727
VTM-005294,DG-8bc14bccae55,pyrite,0,3,2,0.6042442321777344,0.07566169649362564,0.17578575015068054,0.5646991729736328,0.1838533580303192
VTM-005314,DG-0d47cae31fd5,pyrite,0,3,3,0.6037127375602722,0.016941579058766365,0.07993567734956741,0.24109947681427002,0.6620232462882996
VTM-005318,DG-5acaffb8ad39,pyrite,0,3,3,0.7911898493766785,0.2883826792240143,0.08089525997638702,0.04986106604337692,0.58086097240448
VTM-005319,DG-5e7536848ebf,pyrite,0,3,2,0.5277780890464783,0.0032141520641744137,0.04012907296419144,0.5807477235794067,0.37590909004211426
VTM-005321,DG-90fc1041b1a1,pyrite,0,3,0,0.8411146402359009,0.4100913107395172,0.10335884988307953,0.12267327308654785,0.3638765811920166
VTM-005323,DG-624ea6fd1a89,pyrite,0,3,2,0.5758002400398254,0.04778338968753815,0.03462539613246918,0.5099217295646667,0.4076694846153259
VTM-005325,DG-12007c5eab6a,pyrite,0,3,3,0.7416572570800781,0.15886428952217102,0.29223406314849854,0.13388752937316895,0.4150141477584839
VTM-005328,DG-5fad50ff3fdf,anatase,0,1,1,0.6752147078514099,0.0062662148848176,0.9669770002365112,0.018311969935894012,0.008444815874099731
VTM-005332,DG-09cce3d50332,anatase,0,1,1,0.7364564538002014,0.0987427681684494,0.5871925354003906,0.09072712063789368,0.22333765029907227
VTM-005333,DG-0074b2b9fa22,anatase,0,1,1,0.7771838307380676,0.154362753033638,0.7992278337478638,0.015599790029227734,0.030809609219431877
VTM-005342,DG-b119c3a95897,anatase,0,1,0,0.8590530157089233,0.4402724802494049,0.10599076002836227,0.052768275141716,0.400968462228775
VTM-005346,DG-a212476f0e24,anatase,0,1,1,0.7399706840515137,0.1262938678264618,0.6167702078819275,0.15739578008651733,0.09954008460044861
VTM-005357,DG-083df4bcf1b6,anatase,0,1,1,0.6660938858985901,0.0019176446367055178,0.9946177005767822,0.0012420904822647572,0.0022225389257073402
VTM-005359,DG-e61d0c41d97f,anatase,0,1,1,0.6622827053070068,0.01883808895945549,0.7347126007080078,0.2223864495754242,0.0240628719329834
VTM-005376,DG-30625b154404,anatase,0,1,1,0.6856265664100647,0.01719554513692856,0.9488768577575684,0.01828092895448208,0.01564670167863369
VTM-005378,DG-5b021d05121c,anatase,0,1,3,0.6326279044151306,0.005209208931773901,0.23883983492851257,0.1022275984287262,0.6537233591079712
VTM-005387,DG-80f391e1da4e,anatase,0,1,1,0.695452868938446,0.028075549751520157,0.8337243795394897,0.09211365878582001,0.046086352318525314
VTM-005397,DG-d433d69a75eb,anatase,0,1,1,0.7576487064361572,0.15845325589179993,0.6122069358825684,0.1586085706949234,0.07073119282722473
VTM-005399,DG-bc2a2ec78e86,anatase,0,1,1,0.7404095530509949,0.09676463156938553,0.8929656744003296,0.0018823649734258652,0.008387284353375435
VTM-005401,DG-a38782d1a9f8,anatase,0,1,2,0.49229878187179565,0.00975487194955349,0.2571862041950226,0.7151587605476379,0.0179001372307539
VTM-005403,DG-ae68f6ca0273,anatase,0,1,3,0.8119217157363892,0.33449652791023254,0.15408006310462952,0.11586788296699524,0.3955555558204651
VTM-005404,DG-b9c06f4c6d67,anatase,0,1,1,0.7931817173957825,0.19149793684482574,0.7468051910400391,0.04709804430603981,0.014598817564547062
VTM-005405,DG-ea66f8d9f640,anatase,0,1,0,0.9278870224952698,0.6844332218170166,0.13098716735839844,0.007244711276143789,0.17733491957187653
VTM-005408,DG-cb08d8ff5d8d,anatase,0,1,1,0.6912322640419006,0.024285200983285904,0.9475562572479248,0.003849539440125227,0.02430906519293785
VTM-005409,DG-8bad2ba4fe15,anatase,0,1,1,0.6785485744476318,0.01409738790243864,0.9694118499755859,0.0015608546091243625,0.014929956756532192
VTM-005413,DG-b7ba5434e7cc,anatase,0,1,1,0.6592421531677246,0.017521746456623077,0.711406946182251,0.23455318808555603,0.036518096923828125
VTM-005423,DG-4c7d5ac23365,anatase,0,1,1,0.7233533263206482,0.05951002240180969,0.8041691780090332,0.04769240692257881,0.08862842619419098
VTM-005426,DG-ee8f9ef44b62,anatase,0,1,1,0.709341824054718,0.04635707661509514,0.915739893913269,0.012040960602462292,0.025862017646431923
VTM-005442,DG-f69862dc0fd6,anatase,0,1,1,0.8641108274459839,0.3883749842643738,0.39890411496162415,0.005427520256489515,0.20729336142539978
VTM-005445,DG-b43ea7f3a313,anatase,0,1,0,0.8358094096183777,0.4015597701072693,0.1324654519557953,0.16217106580734253,0.3038036525249481
VTM-005448,DG-d41fda0ff8c6,anatase,0,1,1,0.8063881993293762,0.2287922501564026,0.6166420578956604,0.02627422660589218,0.12829150259494781
VTM-005451,DG-491d3a625821,anatase,0,1,1,0.7115179300308228,0.0512884184718132,0.9185572266578674,0.009267565794289112,0.020886821672320366
VTM-005455,DG-5bb759787924,anatase,0,1,1,0.6897571682929993,0.01430746540427208,0.9321140050888062,0.006078852340579033,0.04749977961182594
VTM-005458,DG-50f1e9505f76,anatase,0,1,1,0.611304521560669,0.023430263623595238,0.4957160949707031,0.43298596143722534,0.04786769300699234
VTM-005460,DG-53183cc0ba4f,anatase,0,1,1,0.6772340536117554,0.014297213405370712,0.6932993531227112,0.16709686815738678,0.12530657649040222
VTM-005465,DG-28a3b618a89f,anatase,0,1,1,0.7028989791870117,0.018947739154100418,0.7719284296035767,0.01381663978099823,0.1953071504831314
VTM-005469,DG-3398e7cd0924,anatase,0,1,1,0.6642948985099792,0.004454575479030609,0.8431212902069092,0.1411488950252533,0.011275308206677437
VTM-005478,DG-dd5681c77e0c,anatase,0,1,1,0.6597568392753601,0.003572172485291958,0.8189001083374023,0.1635552942752838,0.013972373679280281
VTM-005484,DG-637e2ff90c73,anatase,0,1,1,0.734932005405426,0.09777335822582245,0.6189221143722534,0.10779780894517899,0.17550674080848694
VTM-005487,DG-917cd118cbf7,anatase,0,1,0,0.9202127456665039,0.5974769592285156,0.35545650124549866,0.008852890692651272,0.03821367770433426
VTM-005498,DG-b603483eda18,anatase,0,1,2,0.44495463371276855,0.010997828096151352,0.08189047873020172,0.8570598363876343,0.050051890313625336
VTM-005505,DG-146e87255e33,anatase,0,1,1,0.6440715193748474,0.037662677466869354,0.5455953478813171,0.3547353148460388,0.062006689608097076
VTM-005512,DG-556cc408206b,anatase,0,1,1,0.6834845542907715,0.012345127761363983,0.9455553293228149,0.02370072528719902,0.01839882880449295
VTM-005513,DG-0b7196629afe,anatase,0,1,1,0.6954375505447388,0.017226455733180046,0.7331947684288025,0.07291753590106964,0.17666125297546387
VTM-005521,DG-2737c9d421da,anatase,0,1,1,0.6624011397361755,0.003737123217433691,0.8486067652702332,0.1398068517446518,0.007849253714084625
VTM-005522,DG-d716ebd0e882,anatase,0,1,1,0.7332837581634521,0.08230674266815186,0.7535324096679688,0.07449021935462952,0.0896705836057663
VTM-005530,DG-c0386a4a37a3,anatase,0,1,1,0.6858251690864563,0.01947603188455105,0.960098385810852,0.013167827390134335,0.007257777266204357
VTM-005547,DG-7ec473183a7f,anatase,0,1,1,0.7247188091278076,0.07058754563331604,0.9048780202865601,0.010491902008652687,0.014042539522051811
VTM-005552,DG-4e499ebb87a9,anatase,0,1,1,0.767362654209137,0.1647728681564331,0.6282918453216553,0.11900431662797928,0.08793092519044876
VTM-005555,DG-2431c71db8f9,anatase,0,1,1,0.6677558422088623,0.0029827917460352182,0.9769110083580017,0.017319604754447937,0.0027865683659911156
VTM-005558,DG-1e86056ba2d6,anatase,0,1,1,0.6265798211097717,0.003286082996055484,0.6981493234634399,0.2958484888076782,0.0027160774916410446
VTM-005561,DG-a8b28d967905,anatase,0,1,1,0.7354445457458496,0.0874118059873581,0.9059422612190247,0.0033112529199570417,0.003334709443151951
VTM-005563,DG-72b70ff285e9,anatase,0,1,1,0.6859840154647827,0.021494489163160324,0.8444114923477173,0.10698123276233673,0.027112774550914764
VTM-005568,DG-a2ffe036094e,anatase,0,1,1,0.7705541253089905,0.14492176473140717,0.7936728000640869,0.0371067151427269,0.024298768490552902
VTM-005570,DG-99d53ddabd05,anatase,0,1,1,0.6646881699562073,0.0028750523924827576,0.9924654960632324,0.0033164892811328173,0.001343000098131597
VTM-005571,DG-b5e491db2458,anatase,0,1,1,0.698413610458374,0.024871936067938805,0.893511176109314,0.017129037529230118,0.06448788195848465
VTM-005572,DG-b1ac96405b6f,anatase,0,1,1,0.7659600973129272,0.23122432827949524,0.3277457058429718,0.2573469281196594,0.18368306756019592
VTM-005586,DG-4b15eba1dfab,anatase,0,1,3,0.6655035018920898,0.014750325120985508,0.3756216764450073,0.10272393375635147,0.5069040060043335
VTM-005594,DG-ad65af40f967,anatase,0,1,1,0.6872961521148682,0.016898632049560547,0.9182687997817993,0.04379403218626976,0.021038614213466644
VTM-005617,DG-516e624d4b18,anatase,0,1,1,0.6911706328392029,0.009900862351059914,0.8650649189949036,0.03012997657060623,0.09490424394607544
VTM-005621,DG-b799dbed84bb,anatase,0,1,1,0.6683363914489746,0.002602600958198309,0.9859460592269897,0.005941787734627724,0.005509466864168644
VTM-005623,DG-3ce35705ae4e,anatase,0,1,0,0.9419301152229309,0.7927988171577454,0.14620806276798248,0.010627910494804382,0.050365179777145386
VTM-005626,DG-ced3f034947d,anatase,0,1,1,0.6620272994041443,0.00023116212105378509,0.9940401315689087,0.0015848031034693122,0.004143854603171349
VTM-005638,DG-59e46a2127a9,anatase,0,1,1,0.688262939453125,0.0057952143251895905,0.8412007093429565,0.019092366099357605,0.13391168415546417
VTM-005642,DG-9c94a31bbfea,anatase,0,1,2,0.4979221522808075,0.003196009201928973,0.3204021751880646,0.671790599822998,0.004611188545823097
VTM-005643,DG-5846ebd32a5e,anatase,0,1,1,0.739544689655304,0.13649892807006836,0.5881773233413696,0.19821730256080627,0.07710635662078857
VTM-005647,DG-345bb3f8cf03,anatase,0,1,1,0.6629562973976135,0.0011310676345601678,0.9960283041000366,0.001331362291239202,0.0015092535177245736
VTM-005657,DG-8e491c68e772,anatase,0,1,1,0.7219648957252502,0.06266891956329346,0.8933762311935425,0.022429656237363815,0.021525170654058456
VTM-005659,DG-ac7e3430ef79,anatase,0,1,1,0.7611435651779175,0.213125079870224,0.3175961971282959,0.2179897278547287,0.2512889802455902
VTM-005661,DG-bd822846b5d3,anatase,0,1,1,0.6598407030105591,0.007667928002774715,0.7828061580657959,0.19088342785835266,0.018642529845237732
VTM-005669,DG-d020b472f9b0,anatase,0,1,1,0.6984883546829224,0.03220817819237709,0.9254984855651855,0.028036117553710938,0.014257219620049
VTM-005671,DG-d3a234a42d04,anatase,0,1,1,0.6876495480537415,0.025417625904083252,0.9631218910217285,0.0021495120599865913,0.0093110091984272
VTM-005672,DG-a3ba3e32e3a4,anatase,0,1,3,0.5709570646286011,0.0073881749995052814,0.05055911839008331,0.04611216112971306,0.8959405422210693
VTM-005677,DG-1756b320f36b,anatase,0,1,2,0.5549508929252625,0.032140783965587616,0.06206110119819641,0.572419285774231,0.3333788514137268
VTM-005678,DG-8b59a7f34894,anatase,0,1,1,0.6834453344345093,0.015575248748064041,0.9583181738853455,0.0057045030407607555,0.020402049645781517
VTM-005682,DG-713619ec862e,anatase,0,1,1,0.7181143164634705,0.05869954079389572,0.8519629240036011,0.061219312250614166,0.028118271380662918
VTM-005686,DG-78aa342bd9f6,anatase,0,1,1,0.6826992034912109,0.01542092114686966,0.9326990842819214,0.042466022074222565,0.009414036758244038
VTM-005690,DG-04c6ad3632fd,anatase,0,1,1,0.7540438175201416,0.13325674831867218,0.6569157242774963,0.10556799918413162,0.10425959527492523
VTM-005691,DG-65a260104a5a,anatase,0,1,1,0.6899247169494629,0.0457163080573082,0.6644612550735474,0.19543278217315674,0.0943896546959877
VTM-005692,DG-fbbe7f9885cd,anatase,0,1,2,0.5719191431999207,0.001718346611596644,0.40815240144729614,0.5041377544403076,0.0859915018081665
VTM-005695,DG-86129bb026ef,anatase,0,1,1,0.6716787219047546,0.005674930289387703,0.9877800345420837,0.0016204644925892353,0.004924558103084564
VTM-005699,DG-20f6cb27f286,anatase,0,1,1,0.6824352741241455,0.013528603129088879,0.8633123636245728,0.08974391222000122,0.03341514617204666
VTM-005707,DG-eec2c1800964,anatase,0,1,1,0.6697548031806946,0.002248275326564908,0.9818446636199951,0.001359859248623252,0.014547277241945267
VTM-005710,DG-7806d4995e56,anatase,0,1,2,0.4828598201274872,0.013377461582422256,0.1837746649980545,0.7608247995376587,0.04202298820018768
VTM-005715,DG-acfc7cc85cb1,anatase,0,1,0,0.8403282761573792,0.3736611604690552,0.207999125123024,0.0648956149816513,0.35344403982162476
VTM-005717,DG-d58ec01453f4,anatase,0,1,1,0.6755973696708679,0.006843212991952896,0.9706985950469971,0.016429373994469643,0.006028800271451473
VTM-005720,DG-acfc7cc85cb1,anatase,0,1,1,0.6943950653076172,0.0938086211681366,0.4011746942996979,0.28512856364250183,0.2198880910873413
VTM-005721,DG-5819d089c4c6,anatase,0,1,1,0.7284058332443237,0.06160213053226471,0.6827266812324524,0.006610458251088858,0.24906069040298462
VTM-005726,DG-38a805efc962,anatase,0,1,1,0.6668814420700073,0.0010192435001954436,0.8323986530303955,0.13853463530540466,0.028047485277056694
VTM-005727,DG-5f53bc236448,anatase,0,1,1,0.6683793663978577,0.001377567765302956,0.9434456825256348,0.05137641727924347,0.003800238948315382
VTM-005732,DG-0e1fad042bd7,anatase,0,1,1,0.6964444518089294,0.034045781940221786,0.9502222537994385,0.005486954934895039,0.01024501584470272
VTM-005744,DG-ca38cda4fae2,anatase,0,1,1,0.7444704174995422,0.10094061493873596,0.6399322748184204,0.04965370520949364,0.2094734013080597
VTM-005745,DG-5c1a21b638ff,anatase,0,1,1,0.6645515561103821,0.037881702184677124,0.6789299249649048,0.26725757122039795,0.015930863097310066
VTM-005746,DG-9e0f8778a6f7,anatase,0,1,0,0.8806682229042053,0.5084232687950134,0.20402035117149353,0.09735780209302902,0.1901986002922058
VTM-005751,DG-5d0f36bd5908,anatase,0,1,1,0.6878068447113037,0.01708003506064415,0.8636956214904785,0.0809507966041565,0.03827356547117233
VTM-005756,DG-3b51db28f48d,anatase,0,1,1,0.7646251320838928,0.12660978734493256,0.7871030569076538,0.007384266704320908,0.07890285551548004
VTM-005760,DG-2941b8f27636,anatase,0,1,1,0.666789174079895,0.000862700748257339,0.9907003045082092,0.006784312427043915,0.0016526879044249654
VTM-005770,DG-2d5c07465c62,anatase,0,1,1,0.6829882860183716,0.015708768740296364,0.9640853404998779,0.012788348831236362,0.007417582906782627
VTM-005774,DG-9ec4ec40c567,anatase,0,1,1,0.7424692511558533,0.09746770560741425,0.775138258934021,0.0687589943408966,0.05863506346940994
VTM-005777,DG-174aa415d2ec,anatase,0,1,0,0.9066005349159241,0.5353510975837708,0.42409706115722656,0.03518064692616463,0.00537111284211278
VTM-005781,DG-9e81a009454c,anatase,0,1,1,0.7453987002372742,0.10053493082523346,0.870047926902771,0.019043218344449997,0.010373927652835846
VTM-005789,DG-4f68a56f3e10,anatase,0,1,1,0.6850088238716125,0.01452203281223774,0.9458867907524109,0.018210140988230705,0.02138097956776619
VTM-005805,DG-eae3ed981d24,anatase,0,1,2,0.49736714363098145,0.000682327663525939,0.31330937147140503,0.683516263961792,0.002492006402462721
VTM-005807,DG-e9df3f657a1d,anatase,0,1,1,0.7055826187133789,0.04183189570903778,0.9288705587387085,0.007013524882495403,0.02228398434817791
VTM-005814,DG-1be091ba6cbe,anatase,0,1,1,0.6595537066459656,0.0009255071636289358,0.8416002988815308,0.14812490344047546,0.009349261410534382
VTM-005815,DG-04f09cb80678,anatase,0,1,1,0.6842504739761353,0.016653982922434807,0.9639902710914612,0.00907572265714407,0.01028001494705677
VTM-005817,DG-ec25e7241278,anatase,0,1,1,0.6699893474578857,0.0031707261223345995,0.9798650741577148,0.008713836781680584,0.00825030542910099
VTM-005824,DG-87b848eb7c59,anatase,0,1,1,0.7057607769966125,0.040194228291511536,0.8929991722106934,0.04705983027815819,0.019746799021959305
VTM-005825,DG-0a9f98d1512d,anatase,0,1,1,0.6611416935920715,0.0007493802113458514,0.8064040541648865,0.15711873769760132,0.035727836191654205
VTM-005829,DG-72f049b6a70a,anatase,0,1,1,0.666351318359375,0.001089001540094614,0.9885096549987793,0.0008715141448192298,0.009529822506010532
VTM-005833,DG-53471fdc456b,anatase,0,1,1,0.8188066482543945,0.25007355213165283,0.6536245346069336,0.03348886966705322,0.06281302869319916
VTM-005836,DG-e59f9c2f82d9,anatase,0,1,0,0.8872278332710266,0.5487557053565979,0.07427174597978592,0.12937109172344208,0.24760152399539948
VTM-005843,DG-9971cc2be60b,anatase,0,1,1,0.668556272983551,0.005240255035459995,0.9005539417266846,0.09153178334236145,0.002674070419743657
VTM-005846,DG-af6dba2d4d01,anatase,0,1,1,0.6740354299545288,0.009751949459314346,0.8914238214492798,0.09189656376838684,0.00692767882719636
VTM-005847,DG-0cf1f3555416,anatase,0,1,1,0.7338956594467163,0.08542971312999725,0.7704769372940063,0.07462304830551147,0.06947025656700134
VTM-005854,DG-b3cd54094dcf,anatase,0,1,2,0.5548319816589355,0.0016012784326449037,0.4818609952926636,0.5103307366371155,0.006206990219652653
VTM-005866,DG-c7c48942d6ce,anatase,0,1,3,0.6810415983200073,0.13556379079818726,0.06576129049062729,0.009852205403149128,0.7888227105140686
VTM-005869,DG-e9bb136a9cf8,anatase,0,1,1,0.6780458092689514,0.012113969773054123,0.967767059803009,0.014971939846873283,0.005147009156644344
VTM-005871,DG-eab2b3fac603,anatase,0,1,1,0.6836606860160828,0.015831245109438896,0.9619531631469727,0.005225364118814468,0.01699022762477398
VTM-005872,DG-a5baa7a4bc65,anatase,0,1,3,0.7860103249549866,0.2288920283317566,0.2937593460083008,0.03423909842967987,0.44310951232910156
VTM-005876,DG-088726c25bc1,anatase,0,1,1,0.7803483605384827,0.1976224035024643,0.541230320930481,0.10386298596858978,0.157284215092659
VTM-005878,DG-579eca9cb2d6,anatase,0,1,1,0.7056546211242676,0.03565332293510437,0.809790849685669,0.06046293303370476,0.09409289062023163
VTM-005883,DG-13a3caa49a59,anatase,0,1,1,0.7459673285484314,0.10689021646976471,0.7280620336532593,0.07385982573032379,0.0911879688501358
VTM-005884,DG-53eee68da881,anatase,0,1,2,0.46370750665664673,0.0011598954442888498,0.21277716755867004,0.7694183588027954,0.01664457470178604
VTM-005885,DG-2ae7725e28bb,anatase,0,1,1,0.6716926693916321,0.009663887321949005,0.5687755942344666,0.16528695821762085,0.2562735080718994
VTM-005896,DG-0f51f978cb94,anatase,0,1,1,0.6599576473236084,0.00022011384135112166,0.8688399791717529,0.12897393107414246,0.00196602544747293
VTM-005897,DG-71ec88dd661b,anatase,0,1,1,0.8641707897186279,0.38206946849823,0.5341494083404541,0.030910495668649673,0.0528707280755043
VTM-005898,DG-deb6b29342cc,anatase,0,1,0,0.9242762327194214,0.6225582957267761,0.3495897352695465,0.015690727159380913,0.012161264196038246
VTM-005903,DG-ae7c76abd0e7,anatase,0,1,1,0.6659491062164307,0.005343828350305557,0.8611754179000854,0.1267886757850647,0.006692085415124893
VTM-005908,DG-50f1936ab775,anatase,0,1,1,0.6808570027351379,0.015655819326639175,0.9618864059448242,0.0150627875700593,0.007394951768219471
VTM-005935,DG-f8fc1824da1b,anatase,0,1,2,0.5905295610427856,0.04985428601503372,0.3853338062763214,0.538762092590332,0.026049761101603508
VTM-005946,DG-043ac1fee3d4,anatase,0,1,3,0.7168818116188049,0.08519676327705383,0.38724297285079956,0.028268974274396896,0.499291330575943
VTM-005948,DG-265bfdb66536,anatase,0,1,1,0.6775890588760376,0.011764176189899445,0.9750895500183105,0.0074517689645290375,0.0056945341639220715
VTM-005949,DG-a36fc7e75bdd,anatase,0,1,1,0.6715269088745117,0.0027862489223480225,0.9194386005401611,0.06753121316432953,0.010243922472000122
VTM-005961,DG-1aced9ca1e30,anatase,0,1,1,0.6811919212341309,0.00892587099224329,0.9504824876785278,0.0021129867527633905,0.03847869485616684
VTM-005962,DG-9344984427c6,anatase,0,1,1,0.6304755210876465,0.004020795691758394,0.6971096396446228,0.288661926984787,0.010207600891590118
VTM-005967,DG-ff30bb1dfca2,anatase,0,1,1,0.6536998152732849,0.007534087169915438,0.736711859703064,0.22515426576137543,0.03059981018304825
VTM-005972,DG-aca2dfc4a505,anatase,0,1,1,0.6701598167419434,0.002164594829082489,0.974441647529602,0.02216605842113495,0.0012276406632736325
VTM-005978,DG-819ba6162e93,anatase,0,1,1,0.698525607585907,0.0216487068682909,0.8831874132156372,0.007111995946615934,0.08805181086063385
VTM-005982,DG-63644a7ed37c,anatase,0,1,1,0.6115880608558655,0.0009695320622995496,0.6448638439178467,0.3530857264995575,0.0010808485094457865
VTM-005987,DG-cc731ff0d7d1,anatase,0,1,0,0.9151612520217896,0.5995351076126099,0.3271538019180298,0.02177407592535019,0.05153713747859001
VTM-005990,DG-418900fddbbd,anatase,0,1,2,0.5664929151535034,0.006287503056228161,0.48619407415390015,0.5009210705757141,0.006597358267754316
VTM-005991,DG-37ce58f9a71b,anatase,0,1,1,0.704157292842865,0.03846551477909088,0.8032442927360535,0.08763869851827621,0.07065146416425705
VTM-005994,DG-33fccd751217,anatase,0,1,0,0.8631314635276794,0.4582120478153229,0.11235028505325317,0.07574000209569931,0.35369768738746643
VTM-005996,DG-187debedc378,anatase,0,1,1,0.6742441058158875,0.003869973123073578,0.9542988538742065,0.030947363004088402,0.010883810929954052
VTM-005997,DG-b691f6a4cccd,anatase,0,1,3,0.5971068143844604,0.00886785052716732,0.17493358254432678,0.398434042930603,0.41776448488235474
VTM-006001,DG-95c5497ecb62,anatase,0,1,1,0.7039349675178528,0.053342558443546295,0.6448797583580017,0.15053486824035645,0.15124282240867615
VTM-006003,DG-9e1dce4c666e,anatase,0,1,1,0.6759064197540283,0.0046141380444169044,0.9607377052307129,0.011678989045321941,0.02296915464103222
VTM-006007,DG-104b2c508b47,anatase,0,1,1,0.6852567195892334,0.014669205993413925,0.9394310712814331,0.030012857168912888,0.01588689349591732
VTM-006008,DG-0ae4fd881765,anatase,0,1,1,0.766872763633728,0.13609972596168518,0.7078713178634644,0.016528569161891937,0.1395004242658615
VTM-006011,DG-139cd479b6fc,anatase,0,1,1,0.6099997758865356,0.0024595223367214203,0.6264474987983704,0.35961830615997314,0.01147470436990261
VTM-006017,DG-bd75fac5c82b,anatase,0,1,2,0.423236608505249,0.0003043974284082651,0.07670266926288605,0.9223769903182983,0.0006159158074297011
VTM-006018,DG-c860d0248218,anatase,0,1,1,0.6311196684837341,0.012033753097057343,0.5989702939987183,0.34646284580230713,0.04253312200307846
VTM-006021,DG-ca17d7e11fdd,anatase,0,1,1,0.6575219631195068,0.009209154173731804,0.7660589218139648,0.20955534279346466,0.015176593326032162
VTM-006033,DG-f364e0776340,anatase,0,1,1,0.678214967250824,0.013821718282997608,0.8641035556793213,0.10847243666648865,0.013602321036159992
VTM-006038,DG-70b20ffae56f,anatase,0,1,1,0.6750620007514954,0.03174221143126488,0.4106263518333435,0.1814223676919937,0.3762090504169464
VTM-006043,DG-5f48237b5d82,anatase,0,1,1,0.7101755738258362,0.05238513648509979,0.7900158166885376,0.10546641796827316,0.052132707089185715
VTM-006045,DG-95821c552aeb,anatase,0,1,3,0.6869065165519714,0.05964258313179016,0.31279584765434265,0.1458425223827362,0.481719046831131
VTM-006049,DG-1f15edf7d003,anatase,0,1,1,0.6464824080467224,0.027332166209816933,0.5038243532180786,0.33817440271377563,0.13066908717155457
VTM-006064,DG-325792353b9c,anatase,0,1,1,0.654756486415863,0.011972248554229736,0.7539674043655396,0.2227267324924469,0.011333677917718887
VTM-006067,DG-2cdc6824216d,anatase,0,1,1,0.6662690043449402,0.000831141194794327,0.9882201552391052,0.0066590746864676476,0.004289628006517887
VTM-006074,DG-9e8e45acb3bc,anatase,0,1,1,0.6682062149047852,0.0037820241414010525,0.9763988256454468,0.017041727900505066,0.0027774195186793804
VTM-006075,DG-482f84d024e3,anatase,0,1,1,0.702308177947998,0.05939333140850067,0.47946006059646606,0.141299769282341,0.3198468089103699
VTM-006079,DG-c4af61589769,anatase,0,1,2,0.5560404658317566,0.0011556386016309261,0.4848732054233551,0.5085140466690063,0.005457067862153053
VTM-006096,DG-b807419f51c0,anatase,0,1,1,0.684722363948822,0.05587002635002136,0.583747923374176,0.25529855489730835,0.10508348047733307
VTM-006101,DG-34f9aa3cc4c2,anatase,0,1,1,0.6731882691383362,0.006739671342074871,0.9684886932373047,0.022184908390045166,0.002586748916655779
VTM-006106,DG-bcde780e96a5,anatase,0,1,1,0.6611844301223755,0.018041852861642838,0.6914782524108887,0.24077382683753967,0.049706071615219116
VTM-006114,DG-7a98ed5a2f37,anatase,0,1,2,0.43431124091148376,0.007109473459422588,0.04793008044362068,0.9071868658065796,0.0377734936773777
VTM-006115,DG-96d5b67ed849,anatase,0,1,1,0.6883206963539124,0.01563439518213272,0.9221047163009644,0.027336737141013145,0.03492419049143791
VTM-006119,DG-a519b39a64a9,anatase,0,1,1,0.6944414377212524,0.03013620153069496,0.5911985635757446,0.11824293434619904,0.2604222893714905
VTM-006123,DG-473628e6ebc0,anatase,0,1,1,0.6801599860191345,0.008681105449795723,0.9594435691833496,0.015616726130247116,0.016258642077445984
VTM-006125,DG-4a806d32fad4,anatase,0,1,1,0.679419219493866,0.004960979335010052,0.8971906304359436,0.06225273758172989,0.0355956107378006
VTM-006134,DG-268e20a41bdb,anatase,0,1,1,0.6732788681983948,0.004608301445841789,0.9494695663452148,0.04043853282928467,0.005483601242303848
VTM-006145,DG-8edd14eb12e9,anatase,0,1,1,0.6254170536994934,0.006248451769351959,0.6363586187362671,0.32806485891342163,0.02932802401483059
VTM-006156,DG-949d12188648,anatase,0,1,0,0.9180700182914734,0.6197912096977234,0.26631900668144226,0.01596420630812645,0.09792554378509521
VTM-006161,DG-929f3459e00c,anatase,0,1,1,0.6806451082229614,0.013849524781107903,0.9329944252967834,0.046591490507125854,0.006564571522176266
VTM-006163,DG-25ee34f11a10,anatase,0,1,1,0.6683215498924255,0.02373628132045269,0.7258961200714111,0.21761834621429443,0.03274920582771301
VTM-006170,DG-8ec3c654c37f,anatase,0,1,1,0.6636936664581299,0.0012352747144177556,0.9912576675415039,0.0035771133843809366,0.0039299651980400085
VTM-006187,DG-3002da884dc4,anatase,0,1,1,0.6710643172264099,0.0430445596575737,0.451443612575531,0.2744249105453491,0.23108690977096558
VTM-006195,DG-9bdef8ad78aa,anatase,0,1,2,0.5245752334594727,0.004548646975308657,0.371456503868103,0.6082199811935425,0.015774816274642944
VTM-006197,DG-a8e2877674ec,anatase,0,1,1,0.7152830362319946,0.08504989743232727,0.6077039837837219,0.1857001632452011,0.12154600024223328
VTM-006201,DG-488fcfc9941e,anatase,0,1,2,0.5145033001899719,0.0010579482186585665,0.3574102520942688,0.6253567337989807,0.016175057739019394
VTM-006215,DG-e3659b7f2ffc,anatase,0,1,1,0.6692856550216675,0.024082807824015617,0.6948412656784058,0.2285243570804596,0.052551545202732086
VTM-006216,DG-c67ecbfe12d4,anatase,0,1,2,0.4709426760673523,0.011364996433258057,0.17365732789039612,0.7815001010894775,0.033477533608675
VTM-006227,DG-e0afa4491647,anatase,0,1,2,0.5550191402435303,0.05551387369632721,0.12873965501785278,0.6750560998916626,0.1406903862953186
VTM-006229,DG-ef62715a621d,anatase,0,1,1,0.6953945159912109,0.058599889278411865,0.5578088164329529,0.20994558930397034,0.17364569008350372
VTM-006232,DG-c2e1b49c4eab,anatase,0,1,1,0.675984799861908,0.007504408713430166,0.919069766998291,0.06168097257614136,0.011744892224669456
VTM-006234,DG-d245a7bc4478,anatase,0,1,1,0.6745726466178894,0.005841700825840235,0.9621374607086182,0.026319023221731186,0.005701836664229631
VTM-006241,DG-5674bd5ac0ec,anatase,0,1,1,0.694424033164978,0.0170802753418684,0.8531962037086487,0.05080974102020264,0.07891377806663513
VTM-006242,DG-e69012fa6495,anatase,0,1,1,0.6610478162765503,0.0012174324365332723,0.8694955110549927,0.12609228491783142,0.003194797318428755
VTM-006246,DG-bf1e600c7bed,anatase,0,1,1,0.7386472821235657,0.08935020118951797,0.8818018436431885,0.013708642683923244,0.015139279887080193
VTM-006253,DG-b070be6e4bc0,anatase,0,1,1,0.713460385799408,0.04368484392762184,0.8775401711463928,0.022990722209215164,0.05578427016735077
VTM-006266,DG-f8bf9864798b,anatase,0,1,1,0.670979380607605,0.04659629240632057,0.6141862869262695,0.28168708086013794,0.057530321180820465
VTM-006274,DG-796ab43f6114,anatase,0,1,1,0.7321615815162659,0.0917123332619667,0.7549278736114502,0.11395452916622162,0.03940523415803909
VTM-006276,DG-eb341a6de4eb,anatase,0,1,1,0.6596444249153137,0.0003579436452127993,0.9933310747146606,0.0030907122418284416,0.003220240119844675
VTM-006278,DG-16f936dd9298,anatase,0,1,1,0.6992537379264832,0.07824820280075073,0.6341866254806519,0.2450461983680725,0.042518969625234604
VTM-006282,DG-6918d9390f09,anatase,0,1,1,0.8850269913673401,0.4201831817626953,0.5478423237800598,0.0023295592982321978,0.02964496612548828
VTM-006287,DG-3a3501476b61,anatase,0,1,1,0.7094048261642456,0.048947032541036606,0.929039478302002,0.0155695341527462,0.006443889811635017
VTM-006296,DG-112d6e934f1b,anatase,0,1,1,0.6676427721977234,0.004247263539582491,0.9900951385498047,0.0010857931338250637,0.004571817349642515
VTM-006300,DG-979e6edfce44,anatase,0,1,1,0.6897814869880676,0.05962216854095459,0.5962116122245789,0.23999273777008057,0.1041734516620636
VTM-006311,DG-aa46f4ad87d0,anatase,0,1,1,0.6638920307159424,0.0011501696426421404,0.9881097078323364,0.0037916735745966434,0.006948418915271759
VTM-006324,DG-1dc6871862db,anatase,0,1,1,0.6754986643791199,0.010097941383719444,0.9820992946624756,0.0024349926970899105,0.005367775447666645
VTM-006330,DG-fc214509b3bb,anatase,0,1,3,0.6565744280815125,0.038132667541503906,0.23469650745391846,0.18120355904102325,0.5459673404693604
VTM-006345,DG-9e5474b4ad58,anatase,0,1,1,0.71285080909729,0.06424637138843536,0.4966318607330322,0.0782666876912117,0.3608551025390625
VTM-006349,DG-49efe37631ec,anatase,0,1,1,0.7495467066764832,0.1099872812628746,0.7096768617630005,0.06470616161823273,0.1156296506524086
VTM-006356,DG-bf63801c3476,anatase,0,1,1,0.6503960490226746,0.003399895504117012,0.7834988832473755,0.20849904417991638,0.0046021039597690105
VTM-006363,DG-a6108475bdeb,anatase,0,1,3,0.6059437990188599,0.02655535563826561,0.07193110138177872,0.28949302434921265,0.6120205521583557
VTM-006371,DG-2e92eedabd9c,anatase,0,1,1,0.6794560551643372,0.0030101595912128687,0.9409917593002319,0.02507065422832966,0.030927445739507675
VTM-006373,DG-f1b1dceccc29,anatase,0,1,1,0.6825801134109497,0.07570528239011765,0.49051788449287415,0.30848991870880127,0.12528696656227112
VTM-006377,DG-c7e8605056a3,anatase,0,1,1,0.6622035503387451,0.010630027391016483,0.7360459566116333,0.2101220190525055,0.04320194572210312
VTM-006379,DG-a1b2af69f0d4,anatase,0,1,2,0.5391889810562134,0.0005805721157230437,0.43279117345809937,0.5596909523010254,0.0069372644647955894
VTM-006384,DG-da953788905a,anatase,0,1,1,0.8518563508987427,0.3287608325481415,0.6197337508201599,0.035858169198036194,0.015647316351532936
VTM-006390,DG-01b24e441a7a,anatase,0,1,1,0.6707746982574463,0.020735295489430428,0.7537680268287659,0.19323427975177765,0.03226242586970329
VTM-006392,DG-71d2815d1bd5,anatase,0,1,3,0.6427600979804993,0.004816864617168903,0.2964310050010681,0.15010392665863037,0.5486482381820679
VTM-006394,DG-d8d2ecff120b,anatase,0,1,1,0.6649086475372314,0.00021324731642380357,0.993984580039978,0.0035540468525141478,0.0022481849882751703
VTM-006395,DG-4198c77573ae,anatase,0,1,2,0.5059004426002502,0.02512570470571518,0.23210179805755615,0.7135061025619507,0.02926640585064888
VTM-006397,DG-beb3d06894af,anatase,0,1,1,0.6778324842453003,0.009674576111137867,0.9674080610275269,0.010187076404690742,0.012730235233902931
VTM-006408,DG-2c1083b700a0,anatase,0,1,1,0.7083039283752441,0.046089500188827515,0.8881247043609619,0.0496261827647686,0.016159556806087494
VTM-006409,DG-c37555994414,anatase,0,1,1,0.6664516925811768,0.001972753554582596,0.9822778701782227,0.013098081573843956,0.0026513016782701015
VTM-006415,DG-9e24ee739682,anatase,0,1,1,0.7953014373779297,0.22316572070121765,0.5611017346382141,0.0807119831442833,0.13502047955989838
VTM-006418,DG-30e2ec80c738,anatase,0,1,1,0.6692963242530823,0.003030824474990368,0.9846855401992798,0.008530372753739357,0.003753245808184147
VTM-006420,DG-9bda9a0160af,anatase,0,1,1,0.6664644479751587,0.00261369114741683,0.989564061164856,0.005222569685429335,0.002599661471322179
VTM-006432,DG-3a4fa0633cb1,anatase,0,1,1,0.7686890363693237,0.14197227358818054,0.6960994005203247,0.041582610458135605,0.12034570425748825
VTM-006435,DG-f8d0a1c8c68d,anatase,0,1,1,0.6776522994041443,0.014005188830196857,0.9762860536575317,0.0007242694264277816,0.008984481915831566
VTM-006437,DG-39b47311c139,anatase,0,1,1,0.6686269044876099,0.004921816289424896,0.9889999628067017,0.0009398237452842295,0.00513842748478055
VTM-006442,DG-69f04811ed52,anatase,0,1,2,0.5572395920753479,0.02521151676774025,0.37272098660469055,0.579150915145874,0.022916577756404877
VTM-006445,DG-ce8b18e9b2a2,anatase,0,1,1,0.6678932309150696,0.0026538148522377014,0.9212070107460022,0.07315515726804733,0.002984004793688655
VTM-006449,DG-6445a784e0c6,anatase,0,1,1,0.7248991131782532,0.07305364310741425,0.8140692114830017,0.08180640637874603,0.031070783734321594
VTM-006461,DG-ad0165fc6794,anatase,0,1,1,0.6782999038696289,0.010750490240752697,0.8656039237976074,0.09349489212036133,0.03015078976750374
VTM-006466,DG-265eef3b3006,anatase,0,1,1,0.6679044365882874,0.0005069298204034567,0.9799631834030151,0.007961738854646683,0.01156812533736229
VTM-006467,DG-fb2944857aa6,anatase,0,1,1,0.6762368679046631,0.009194184094667435,0.9731451272964478,0.0062590595334768295,0.011401637457311153
VTM-006471,DG-3e20b73fe28f,anatase,0,1,0,0.9406744241714478,0.7593401074409485,0.19996653497219086,0.011744489893317223,0.028948863968253136
VTM-006476,DG-d9bc43ce4b7f,anatase,0,1,1,0.7060733437538147,0.06793557107448578,0.7278296947479248,0.17801637947559357,0.026218285784125328
VTM-006478,DG-a4bdb7f9591b,anatase,0,1,1,0.7274760603904724,0.07619544863700867,0.8865435123443604,0.02823644131422043,0.009024601429700851
VTM-006480,DG-b24501d7950f,anatase,0,1,3,0.6108304262161255,0.01723795384168625,0.1316823661327362,0.058372750878334045,0.7927069067955017
VTM-006488,DG-d391398b2da7,anatase,0,1,0,0.9423377513885498,0.8127811551094055,0.11070237308740616,0.032465610653162,0.044050805270671844
VTM-006490,DG-a2f7e9929fc5,anatase,0,1,1,0.6701061129570007,0.005585222505033016,0.9836727380752563,0.00954196322709322,0.001199992373585701
VTM-006500,DG-3e4e17e6ec8d,anatase,0,1,0,0.9459492564201355,0.8584996461868286,0.07210749387741089,0.01151008065789938,0.05788283795118332
VTM-006503,DG-db7c8c165e43,anatase,0,1,1,0.8574643731117249,0.34062767028808594,0.6378791332244873,0.014584999531507492,0.0069082374684512615
VTM-006504,DG-18b4c46bb671,anatase,0,1,1,0.6864665746688843,0.023150673136115074,0.5108659267425537,0.07556619495153427,0.3904171586036682
VTM-006510,DG-87b52cf4b977,anatase,0,1,1,0.6675771474838257,0.005252327304333448,0.9819509387016296,0.0104452483355999,0.0023514563217759132
VTM-006511,DG-86b871038077,anatase,0,1,2,0.5589479207992554,0.014015095308423042,0.3784656524658203,0.5596703290939331,0.04784896969795227
VTM-006516,DG-23b4f9d15b43,anatase,0,1,1,0.8596965074539185,0.345695436000824,0.6091666221618652,0.0252546314150095,0.019883358851075172
VTM-006533,DG-1f903b18ddda,perovskite,0,1,1,0.6939164996147156,0.030875109136104584,0.8697460889816284,0.07067544758319855,0.028703296557068825
VTM-006541,DG-835a801f23da,perovskite,0,1,1,0.6065669655799866,0.007327682338654995,0.596113920211792,0.38415032625198364,0.012408064678311348
VTM-006562,DG-35d50aa085e6,perovskite,0,1,1,0.6556514501571655,0.006606658920645714,0.7757233381271362,0.20058739185333252,0.017082631587982178
VTM-006564,DG-644958babe8e,perovskite,0,1,1,0.8362009525299072,0.2878020405769348,0.6785340309143066,0.00667025800794363,0.026993650943040848
VTM-006566,DG-f6239c05b656,perovskite,0,1,2,0.5183862447738647,0.0029082130640745163,0.1853342056274414,0.6600356101989746,0.15172192454338074
VTM-006570,DG-ca69ccc90dac,perovskite,0,1,1,0.6589655876159668,0.0010471338173374534,0.9957066774368286,0.0018627610988914967,0.0013833758421242237
VTM-006575,DG-11ae31e5d33e,perovskite,0,1,0,0.930253267288208,0.7182238698005676,0.08504726737737656,0.026977088302373886,0.16975173354148865
VTM-006579,DG-03968fb48da1,perovskite,0,1,3,0.739082396030426,0.16697941720485687,0.20366373658180237,0.10639157891273499,0.5229651927947998
VTM-006580,DG-78c669fe7d06,perovskite,0,1,2,0.4697053134441376,0.014162365347146988,0.17629876732826233,0.7865079641342163,0.023030884563922882
VTM-006591,DG-1d2cf2cae958,perovskite,0,1,0,0.8157558441162109,0.3502194881439209,0.20833255350589752,0.20342692732810974,0.23802104592323303
VTM-006592,DG-6a8bff671d50,perovskite,0,1,1,0.6599097847938538,0.00018319979426451027,0.9942519664764404,0.00532834418118,0.00023645942565053701
VTM-006593,DG-6924e9fa7beb,perovskite,0,1,0,0.8283118605613708,0.4117056727409363,0.1572483330965042,0.33433660864830017,0.09670937806367874
VTM-006595,DG-a10bfe44f494,perovskite,0,1,1,0.6786988973617554,0.0024889090564101934,0.8830137252807617,0.04653994366526604,0.06795743107795715
VTM-006596,DG-e959e1343827,perovskite,0,1,1,0.716004490852356,0.06023204326629639,0.923732340335846,0.007464325986802578,0.00857127457857132
VTM-006618,DG-e058c49622bc,perovskite,0,1,1,0.6568670868873596,0.0012555491412058473,0.8084889650344849,0.17226208746433258,0.017993398010730743
VTM-006630,DG-4869d5ae8f80,perovskite,0,1,1,0.7061048150062561,0.02750910073518753,0.7829849720001221,0.025340648368000984,0.16416533291339874
VTM-006635,DG-23594ab189e8,perovskite,0,1,1,0.6854591369628906,0.006855519022792578,0.8084861040115356,0.06458455324172974,0.12007386982440948
VTM-006639,DG-93f5dc1c4df2,perovskite,0,1,0,0.9459357261657715,0.8584930300712585,0.08186832070350647,0.0043480293825268745,0.05529066547751427
VTM-006644,DG-37761b327bb4,perovskite,0,1,1,0.6667266488075256,0.006526499055325985,0.8664017915725708,0.11880192160606384,0.008269787766039371
VTM-006647,DG-8d8763f17b67,perovskite,0,1,0,0.9470157623291016,0.8481026291847229,0.1434796005487442,0.0009235988254658878,0.007494164165109396
VTM-006648,DG-d680a4d6e142,perovskite,0,1,1,0.8033360838890076,0.28232765197753906,0.36690542101860046,0.12842562794685364,0.22234132885932922
VTM-006653,DG-8acc97e99e5e,perovskite,0,1,2,0.6403424739837646,0.06482772529125214,0.39228206872940063,0.4420629143714905,0.10082734376192093
VTM-006655,DG-39398201aeb2,perovskite,0,1,0,0.9320346117019653,0.7078049778938293,0.21722905337810516,0.050966765731573105,0.023999277502298355
VTM-006657,DG-b8aafa85cd66,perovskite,0,1,0,0.883724570274353,0.47781914472579956,0.39399582147598267,0.06203581020236015,0.06614920496940613
VTM-006663,DG-7002e94c0f25,perovskite,0,1,0,0.9062225818634033,0.5722434520721436,0.30133432149887085,0.11205846071243286,0.014363779686391354
VTM-006669,DG-ca7fc283c3e0,perovskite,0,1,1,0.5919020771980286,0.003460342064499855,0.5858502984046936,0.4041025638580322,0.006586779840290546
VTM-006671,DG-4c5394909071,perovskite,0,1,1,0.6723695993423462,0.0034532546997070312,0.8563166856765747,0.10599955916404724,0.03423052281141281
VTM-006674,DG-29853a9c9e48,perovskite,0,1,0,0.9329560399055481,0.6751114726066589,0.2939434051513672,0.01123233325779438,0.019712792709469795
VTM-006702,DG-05ce0b58d145,perovskite,0,1,1,0.7222545742988586,0.11127294600009918,0.6303911209106445,0.2198542356491089,0.03848165273666382
VTM-006704,DG-35a61c51bf04,perovskite,0,1,2,0.41956716775894165,0.00022792044910602272,0.05371250957250595,0.9458215832710266,0.00023798085749149323
VTM-006712,DG-8f55863f8ea1,perovskite,0,1,1,0.7011184096336365,0.026924189180135727,0.8507758975028992,0.049129780381917953,0.07317017763853073
VTM-006718,DG-aa10f143e383,perovskite,0,1,1,0.6645435690879822,0.000436514790635556,0.9820348024368286,0.002908088266849518,0.014620581641793251
VTM-006719,DG-3afed5e49e28,perovskite,0,1,1,0.6885673403739929,0.004105545114725828,0.7501361966133118,0.053291067481040955,0.19246716797351837
VTM-006720,DG-b34cba61ef89,perovskite,0,1,2,0.7335050702095032,0.24756477773189545,0.20353442430496216,0.4652884006500244,0.08361240476369858
VTM-006723,DG-260189d80767,perovskite,0,1,1,0.6653066277503967,0.051263704895973206,0.570618748664856,0.3179997205734253,0.060117825865745544
VTM-006729,DG-f3e55769ff61,perovskite,0,1,3,0.8429237604141235,0.36650121212005615,0.22952713072299957,0.00291026895865798,0.40106135606765747
VTM-006738,DG-1c1a3c4ef6a5,perovskite,0,1,0,0.9086884260177612,0.5296241641044617,0.439716100692749,0.008466899394989014,0.022192835807800293
VTM-006745,DG-e46e9d5bd1b0,perovskite,0,1,3,0.5590585470199585,0.0001300164731219411,0.04558707773685455,0.026689454913139343,0.9275933504104614
VTM-006746,DG-15742dc2018a,perovskite,0,1,0,0.9274654984474182,0.6886959075927734,0.17990534007549286,0.01496148481965065,0.11643723398447037
VTM-006750,DG-a375d8956f65,perovskite,0,1,3,0.6876715421676636,0.13486024737358093,0.06335467845201492,0.08706200122833252,0.7147229909896851
VTM-006752,DG-0b399df40ff6,perovskite,0,1,1,0.77634197473526,0.15670306980609894,0.7749274373054504,0.04415217787027359,0.024217328056693077
VTM-006756,DG-7fe862f885ef,perovskite,0,1,1,0.8074917793273926,0.22790898382663727,0.6385110020637512,0.0253619197756052,0.10821806639432907
VTM-006763,DG-5923ebe32d44,perovskite,0,1,1,0.7986947894096375,0.2394850105047226,0.5419411659240723,0.09082353115081787,0.12775030732154846
VTM-006770,DG-8af983db7de9,perovskite,0,1,1,0.6652137637138367,0.023139864206314087,0.7236719727516174,0.2159997820854187,0.037188366055488586
VTM-006773,DG-4e4e2c60036a,perovskite,0,1,0,0.9160881042480469,0.5632010698318481,0.41786623001098633,0.014883085153996944,0.004049606621265411
VTM-006774,DG-e6573e0b29ec,perovskite,0,1,1,0.7661477327346802,0.15545839071273804,0.7232843041419983,0.10645680129528046,0.014800450764596462
VTM-006777,DG-af8325128ef5,perovskite,0,1,1,0.6830787658691406,0.022882839664816856,0.5490534901618958,0.14595675468444824,0.282106876373291
VTM-006783,DG-4ea38b753c1d,perovskite,0,1,0,0.8921971321105957,0.5312196016311646,0.27835026383399963,0.0535583421587944,0.13687175512313843
VTM-006789,DG-91a87bde4235,perovskite,0,1,0,0.8921253085136414,0.56391441822052,0.16543740034103394,0.11476321518421173,0.1558850109577179
VTM-006792,DG-35eb75caf639,perovskite,0,1,1,0.6171666383743286,0.037674661725759506,0.52278071641922,0.42782720923423767,0.011717393063008785
VTM-006795,DG-add3274436d0,perovskite,0,1,1,0.8198612332344055,0.2983624041080475,0.5179964303970337,0.1576591432094574,0.025982089340686798
VTM-006797,DG-50aefe90f359,perovskite,0,1,2,0.4495343565940857,0.003442593850195408,0.092825748026371,0.8488759994506836,0.05485565960407257
VTM-006801,DG-ea0f173988c7,perovskite,0,1,3,0.6084108948707581,0.02356007695198059,0.10234160721302032,0.05565546452999115,0.8184428811073303
VTM-006802,DG-f27d5e7ca7b3,perovskite,0,1,3,0.8044633269309998,0.277800053358078,0.2671641707420349,0.026921287178993225,0.42811450362205505
VTM-006807,DG-3db1fe4ffc10,perovskite,0,1,1,0.6443007588386536,0.007981347851455212,0.7401357889175415,0.24537938833236694,0.006503408774733543
VTM-006809,DG-52eb4c4698ac,perovskite,0,1,0,0.9419887661933899,0.7735471129417419,0.17847119271755219,0.01041292492300272,0.03756874427199364
VTM-006812,DG-d6fc273c2664,perovskite,0,1,1,0.659061849117279,0.0004349260707385838,0.9953281879425049,0.0028526142705231905,0.0013842799235135317
VTM-006814,DG-0b751e4cb272,perovskite,0,1,2,0.4373541474342346,0.006051806267350912,0.12875640392303467,0.8614484071731567,0.003743428271263838
VTM-006815,DG-417147546517,perovskite,0,1,1,0.6846199631690979,0.012195638380944729,0.8892598152160645,0.05934222415089607,0.03920232504606247
VTM-006818,DG-73cc4e599178,perovskite,0,1,1,0.8814358115196228,0.4314653277397156,0.4928438067436218,0.007077776361256838,0.06861304491758347
VTM-006821,DG-1f359c0dcffa,perovskite,0,1,0,0.8744210600852966,0.5080705285072327,0.09715986996889114,0.12048321217298508,0.2742864191532135
VTM-006827,DG-556a131aaeaf,perovskite,0,1,2,0.4472115933895111,0.013784634880721569,0.09435771405696869,0.8563719987869263,0.03548560291528702
VTM-006831,DG-d68fb0c71597,perovskite,0,1,1,0.6649861931800842,0.001739764353260398,0.9002432823181152,0.09501513838768005,0.0030018396209925413
VTM-006833,DG-94bc56856a4d,perovskite,0,1,1,0.6345753073692322,0.012161892838776112,0.6362864971160889,0.31863918900489807,0.032912477850914
VTM-006837,DG-343b09f74dde,perovskite,0,1,1,0.6707412004470825,0.009412999264895916,0.9859333038330078,0.002810615813359618,0.0018431050702929497
VTM-006844,DG-9bf13122376d,perovskite,0,1,3,0.7989836931228638,0.28003913164138794,0.1827559769153595,0.029901329427957535,0.5073035359382629
VTM-006845,DG-e8e1450adde3,perovskite,0,1,1,0.7348282933235168,0.10372436046600342,0.6250894665718079,0.12926317751407623,0.1419229954481125
VTM-006849,DG-b1f251cf666f,perovskite,0,1,1,0.6319707632064819,0.03336772322654724,0.4363667368888855,0.39591220021247864,0.13435328006744385
VTM-006853,DG-ab41a705c6a6,perovskite,0,1,3,0.6370434761047363,0.06618617475032806,0.10010886937379837,0.023564985021948814,0.8101400136947632
VTM-006855,DG-53a21c00e78d,perovskite,0,1,1,0.7396442294120789,0.0888386070728302,0.6333522796630859,0.03533107042312622,0.24247799813747406
VTM-006865,DG-63548c1d61c2,perovskite,0,1,2,0.5652741193771362,0.012400368228554726,0.32220834493637085,0.5503569841384888,0.11503426730632782
VTM-006875,DG-fb1970d2ff6f,perovskite,0,1,0,0.931037425994873,0.7106918692588806,0.16084302961826324,0.015389448031783104,0.11307568103075027
VTM-006887,DG-86578adce0e4,perovskite,0,1,1,0.6664003729820251,0.020427942276000977,0.7807047963142395,0.19503995776176453,0.003827336709946394
VTM-006891,DG-8dfa5e733ae1,perovskite,0,1,0,0.9308050870895386,0.6738235354423523,0.28962433338165283,0.0061582052148878574,0.03039397858083248
VTM-006898,DG-6f4492e2f9e1,rutile,0,1,1,0.623968243598938,0.004465972073376179,0.51985764503479,0.35694390535354614,0.11873243749141693
VTM-006906,DG-7f087c3660f5,rutile,0,1,1,0.674133837223053,0.0009017323609441519,0.8325992822647095,0.10233864188194275,0.0641602948307991
VTM-006908,DG-dc60ca226509,rutile,0,1,3,0.6601277589797974,0.09943757951259613,0.1260114312171936,0.3679500222206116,0.4066010117530823
VTM-006916,DG-4cb828c27c61,rutile,0,1,1,0.7195327877998352,0.05580253526568413,0.6199391484260559,0.031055621802806854,0.29320257902145386
VTM-006917,DG-6ee3ca1f3798,rutile,0,1,3,0.7008340954780579,0.09537265449762344,0.3196716010570526,0.21449729800224304,0.3704584240913391
VTM-006933,DG-5ba0b26133f3,rutile,0,1,1,0.6545068025588989,0.012715917080640793,0.7647230625152588,0.2150467038154602,0.00751434126868844
VTM-006934,DG-30753fc2b957,rutile,0,1,2,0.4236956536769867,0.0005829436704516411,0.0696641206741333,0.9286227226257324,0.0011301740305498242
VTM-006935,DG-e1a68ff2aa8d,rutile,0,1,3,0.6998189091682434,0.11209628731012344,0.16864736378192902,0.14622965455055237,0.5730266571044922
VTM-006959,DG-8ba48f39262c,rutile,0,1,1,0.6756965517997742,0.009709466248750687,0.7234236598014832,0.1584189236164093,0.10844794660806656
VTM-006967,DG-fa4bff23af8b,rutile,0,1,2,0.5756974816322327,0.032734520733356476,0.17148776352405548,0.5546483993530273,0.2411293387413025
VTM-006971,DG-dca3cf74d23b,rutile,0,1,1,0.6826030611991882,0.020177587866783142,0.8050956726074219,0.1340225338935852,0.040704160928726196
VTM-006976,DG-da93d215b880,rutile,0,1,1,0.6760684847831726,0.008611951023340225,0.9783908128738403,0.006189238745719194,0.006807991769164801
VTM-006978,DG-3b43749310e1,rutile,0,1,1,0.7513998746871948,0.19922615587711334,0.3015510141849518,0.232436403632164,0.2667864263057709
VTM-006983,DG-a7b59cae618b,rutile,0,1,1,0.6237470507621765,0.009438111446797848,0.6335150003433228,0.3386596739292145,0.018387239426374435
VTM-006984,DG-154c71809bbc,rutile,0,1,1,0.6610355377197266,0.0003668727003969252,0.9928802847862244,0.0022845922503620386,0.004468175116926432
VTM-006985,DG-0eee9f6bbcfc,rutile,0,1,1,0.6598682999610901,0.00024523137835785747,0.8529569506645203,0.13685499131679535,0.009942805394530296
VTM-006994,DG-a7ce3a9925a2,rutile,0,1,1,0.6848457455635071,0.01316903904080391,0.9392977952957153,0.021922582760453224,0.02561064064502716
VTM-006995,DG-b0604379d089,rutile,0,1,1,0.7499877214431763,0.11116890609264374,0.8735183477401733,0.0045522586442530155,0.010760502889752388
VTM-006998,DG-acbe1e05c541,rutile,0,1,1,0.7033281922340393,0.0563613623380661,0.6844383478164673,0.16561263799667358,0.09358763694763184
VTM-007002,DG-c6cad96fd5a7,rutile,0,1,1,0.6989306807518005,0.04665983468294144,0.9506962299346924,0.0004431038396432996,0.002200821880251169
VTM-007007,DG-493cac276dd5,rutile,0,1,2,0.7222757935523987,0.1767932027578354,0.20887978374958038,0.32150647044181824,0.2928205132484436
VTM-007026,DG-e3dbfb5405a7,rutile,0,1,1,0.7522104382514954,0.20585477352142334,0.38298317790031433,0.282001793384552,0.12916022539138794
VTM-007029,DG-0b8d368c44aa,rutile,0,1,1,0.6844383478164673,0.017608633264899254,0.9620440006256104,0.005479577463120222,0.01486777700483799
VTM-007032,DG-0b8472e2b902,rutile,0,1,1,0.6679098606109619,0.007035223767161369,0.9891409873962402,0.0021830336190760136,0.0016407030634582043
VTM-007037,DG-22d358f0e974,rutile,0,1,1,0.7328357100486755,0.07537452131509781,0.8358597755432129,0.03675823658704758,0.05200742185115814
VTM-007040,DG-b872fe4b369e,rutile,0,1,1,0.7419595718383789,0.1796402782201767,0.44434237480163574,0.2810802459716797,0.09493707120418549
VTM-007041,DG-fa8281c7c40c,rutile,0,1,1,0.693884015083313,0.02343778684735298,0.8526015281677246,0.07101328670978546,0.052947357296943665
VTM-007048,DG-f9986ce5a4bd,rutile,0,1,1,0.664030134677887,0.0016411596443504095,0.9928035736083984,0.002753710374236107,0.002801564522087574
VTM-007049,DG-4715ac3ecf84,rutile,0,1,1,0.6636397838592529,0.006269318051636219,0.8182947039604187,0.15908581018447876,0.016350215300917625
VTM-007054,DG-6a7637f40650,rutile,0,1,1,0.7087172269821167,0.04702821746468544,0.7965120077133179,0.09412732720375061,0.062332428991794586
VTM-007065,DG-cadf3c36e12e,rutile,0,1,2,0.5383013486862183,0.003065609373152256,0.43133485317230225,0.5583456754684448,0.007253913674503565
VTM-007070,DG-d34b22e095bf,rutile,0,1,1,0.665768027305603,0.0019728217739611864,0.987639307975769,0.009858427569270134,0.0005294025177136064
VTM-007081,DG-af5f4536f2b9,rutile,0,1,1,0.6908779144287109,0.03306544944643974,0.8354385495185852,0.11479158699512482,0.016704410314559937
VTM-007082,DG-6f908de6422f,rutile,0,1,1,0.7958047389984131,0.21800488233566284,0.5643736720085144,0.05524079129099846,0.1623806208372116
VTM-007088,DG-45d08d11eb84,rutile,0,1,3,0.7520965933799744,0.20029373466968536,0.1541602611541748,0.08868557959794998,0.5568603873252869
VTM-007091,DG-f83f28631de7,rutile,0,1,1,0.6522420644760132,0.014197980985045433,0.7314237952232361,0.2357940673828125,0.018584171310067177
VTM-007092,DG-f7a76505a9a5,rutile,0,1,1,0.6568403244018555,5.638552102027461e-05,0.9994456768035889,0.00047954972251318395,1.8443566659698263e-05
VTM-007093,DG-3ad8c3ee11d2,rutile,0,1,1,0.6640243530273438,0.0022498012986034155,0.9897513389587402,0.002834727056324482,0.005164118018001318
VTM-007102,DG-e197bfeae2ac,rutile,0,1,0,0.9445379972457886,0.8448219299316406,0.08324960619211197,0.011213397607207298,0.060715023428201675
VTM-007103,DG-9cbf002ecfe4,rutile,0,1,1,0.6661591529846191,0.0024057310074567795,0.9822867512702942,0.014642370864748955,0.0006651561125181615
VTM-007104,DG-d9a87af4d5e2,rutile,0,1,1,0.7099213600158691,0.06575348973274231,0.7008535861968994,0.15737873315811157,0.07601422816514969
VTM-007111,DG-ef1a791bd96c,rutile,0,1,1,0.5926165580749512,0.003436736296862364,0.5488125681877136,0.418883740901947,0.028866957873106003
VTM-007125,DG-314f5c22ba5e,rutile,0,1,1,0.801939070224762,0.20836052298545837,0.6705887317657471,0.011787229217588902,0.10926351696252823
VTM-007127,DG-6e910964969a,rutile,0,1,3,0.5771375894546509,0.004701780155301094,0.0998048186302185,0.00869014859199524,0.8868032693862915
VTM-007141,DG-05026c817e51,rutile,0,1,1,0.6805236339569092,0.02089262194931507,0.8464866876602173,0.1224747747182846,0.010145957581698895
VTM-007144,DG-8f05a74e61f7,rutile,0,1,1,0.6818773746490479,0.01723446138203144,0.9599621891975403,0.010148430243134499,0.012654954567551613
VTM-007151,DG-6ef8ee263e12,rutile,0,1,1,0.7147908806800842,0.04690341651439667,0.8353947997093201,0.04213353618979454,0.07556821405887604
VTM-007157,DG-52a07fdd8b0a,rutile,0,1,1,0.7764412760734558,0.1606128066778183,0.7180938720703125,0.054831139743328094,0.06646209955215454
VTM-007168,DG-a6848732cd54,rutile,0,1,3,0.720239520072937,0.13697975873947144,0.2576999366283417,0.20348072052001953,0.40183955430984497
VTM-007170,DG-0350d83b9da1,rutile,0,1,1,0.6504078507423401,0.02045883983373642,0.6976987719535828,0.2622573971748352,0.019585050642490387
VTM-007178,DG-8b5edeae79e0,rutile,0,1,1,0.6632125377655029,0.006194163579493761,0.8498709797859192,0.134694904088974,0.009240014478564262
VTM-007180,DG-722ac6aa9e5b,rutile,0,1,0,0.8062650561332703,0.34514665603637695,0.2721043527126312,0.3372530937194824,0.045495908707380295
VTM-007192,DG-d1ae79e833b4,rutile,0,1,2,0.7185980677604675,0.18118739128112793,0.3761664927005768,0.3977901339530945,0.0448560006916523
VTM-007208,DG-c96a7d06773e,rutile,0,1,1,0.69576495885849,0.023532472550868988,0.9106022715568542,0.016121547669172287,0.049743786454200745
VTM-007209,DG-75227de7015a,rutile,0,1,1,0.7649317979812622,0.13432347774505615,0.8190702795982361,0.03242732957005501,0.014178832061588764
VTM-007210,DG-eb7443f02093,rutile,0,1,1,0.7555655837059021,0.15930092334747314,0.625856876373291,0.17523828148841858,0.03960390016436577
VTM-007215,DG-1a04dbe54b28,rutile,0,1,3,0.774995744228363,0.24320657551288605,0.1391780972480774,0.03790716081857681,0.5797081589698792
VTM-007216,DG-22e342ab37aa,rutile,0,1,1,0.6649958491325378,0.0025253247004002333,0.9850660562515259,0.00045095683890394866,0.011957617476582527
VTM-007223,DG-342bb1eca302,rutile,0,1,0,0.9441616535186768,0.9593207240104675,0.023317039012908936,0.0028895633295178413,0.014472713693976402
VTM-007231,DG-036c5667b7e9,rutile,0,1,0,0.8593635559082031,0.43751731514930725,0.12223128974437714,0.010366284288465977,0.4298851191997528
VTM-007232,DG-2b9a3b169394,rutile,0,1,0,0.9125335812568665,0.5800039768218994,0.34330058097839355,0.008688184432685375,0.06800729781389236
VTM-007233,DG-777d83515793,rutile,0,1,1,0.6718693971633911,0.00817167293280363,0.9679862856864929,0.021903594955801964,0.0019384040497243404
VTM-007235,DG-262ac6e6eda6,rutile,0,1,1,0.639110267162323,0.0017663163598626852,0.7189542651176453,0.25902512669563293,0.02025429531931877
VTM-007248,DG-c274fac1f1b0,rutile,0,1,1,0.7752345204353333,0.149470716714859,0.8176193237304688,0.00838499329984188,0.02452494576573372
VTM-007260,DG-34ff53d91d21,rutile,0,1,1,0.6603237390518188,0.003583988407626748,0.715278148651123,0.20191919803619385,0.07921867817640305
VTM-007262,DG-d9346a5d5ba9,rutile,0,1,1,0.6527405977249146,0.001116337487474084,0.7829098701477051,0.19707217812538147,0.018901647999882698
VTM-007264,DG-d73558b211eb,rutile,0,1,1,0.6597291827201843,0.0019102822989225388,0.8749496936798096,0.12081322073936462,0.0023267725482583046
VTM-007268,DG-b8e680a00dc5,rutile,0,1,1,0.6688385009765625,0.0025450277607887983,0.9757622480392456,0.017385801300406456,0.004306954797357321
VTM-007269,DG-9513b4eb8a6c,rutile,0,1,1,0.730971097946167,0.06966431438922882,0.8232372403144836,0.031436242163181305,0.07566217333078384
VTM-007271,DG-aa36737f32b4,rutile,0,1,1,0.6823065280914307,0.02085023932158947,0.964502215385437,0.006761461962014437,0.007886151783168316
VTM-007273,DG-9b15bae5be2b,rutile,0,1,1,0.675299882888794,0.004069260787218809,0.9568363428115845,0.01761702634394169,0.021477345377206802
VTM-007277,DG-34e702311346,rutile,0,1,1,0.6956811547279358,0.05830317363142967,0.7056397199630737,0.19185200333595276,0.04420515149831772
VTM-007284,DG-ddc98eca336f,rutile,0,1,0,0.8961901664733887,0.5299625992774963,0.34349289536476135,0.04496414214372635,0.08158032596111298
VTM-007297,DG-11dd6589c9bb,rutile,0,1,0,0.9100350141525269,0.5954558253288269,0.10468313097953796,0.006074891891330481,0.2937861382961273
VTM-007298,DG-eb93b6bf811d,rutile,0,1,0,0.9012808799743652,0.5216485857963562,0.32317253947257996,0.006182697601616383,0.14899617433547974
VTM-007299,DG-4348e5d59120,rutile,0,1,3,0.7911346554756165,0.27996328473091125,0.13925790786743164,0.08667317032814026,0.49410560727119446
VTM-007310,DG-51c153e1350b,rutile,0,1,1,0.6796932816505432,0.01308571919798851,0.9428626298904419,0.03780932351946831,0.00624235812574625
VTM-007311,DG-1514d436b7a8,rutile,0,1,1,0.6739445328712463,0.005313059315085411,0.9245288968086243,0.05731969326734543,0.012838391587138176
VTM-007318,DG-71dafe8d9886,rutile,0,1,1,0.6889318823814392,0.06643933802843094,0.5272805690765381,0.2617425322532654,0.1445375680923462
VTM-007323,DG-3889b7880739,rutile,0,1,1,0.6633256673812866,0.00025333886151202023,0.99066561460495,0.00658582616597414,0.002495220862329006
VTM-007331,DG-8cc20c992753,rutile,0,1,1,0.6587286591529846,0.0009228321723639965,0.9975529313087463,0.0007067734259180725,0.0008174625691026449
VTM-007335,DG-7c2d016f2e95,rutile,0,1,1,0.6759040951728821,0.009668515995144844,0.9671427011489868,0.011093080043792725,0.01209576241672039
VTM-007340,DG-c775bdf1d201,rutile,0,1,1,0.7018261551856995,0.031048983335494995,0.9085173010826111,0.009330550208687782,0.05110318958759308
VTM-007347,DG-7c08f5eb76a2,rutile,0,1,3,0.7016036510467529,0.06155073642730713,0.38854169845581055,0.07789038866758347,0.47201716899871826
VTM-007348,DG-39597209e51d,rutile,0,1,1,0.6794453263282776,0.011838749051094055,0.8671947121620178,0.09858011454343796,0.02238638885319233
VTM-007352,DG-b544af5fc942,rutile,0,1,1,0.6048490405082703,0.00491169560700655,0.5923349857330322,0.39011943340301514,0.012633806094527245
VTM-007357,DG-5adbf853b6c3,rutile,0,1,0,0.9036404490470886,0.5904011130332947,0.19532255828380585,0.07757526636123657,0.13670110702514648
VTM-007359,DG-199c7997a512,rutile,0,1,1,0.7440922856330872,0.12412786483764648,0.6216721534729004,0.1324540674686432,0.12174591422080994
VTM-007364,DG-9ffa4b76f08e,rutile,0,1,1,0.6683681011199951,0.06660637259483337,0.5614425539970398,0.3355709910392761,0.03638006001710892
VTM-007373,DG-4e935c97ba32,rutile,0,1,1,0.7921525835990906,0.18884971737861633,0.7169541120529175,0.033876676112413406,0.06031949818134308
VTM-007377,DG-eb9bc8a2a73f,rutile,0,1,1,0.7085328698158264,0.03438233584165573,0.8212658762931824,0.02103266492486,0.1233191192150116
VTM-007380,DG-fdce72a1f494,rutile,0,1,1,0.6343808174133301,0.008955155499279499,0.6599358320236206,0.3033275306224823,0.027781516313552856
VTM-007381,DG-95ea1df312d6,rutile,0,1,1,0.6835787892341614,0.015020966529846191,0.9497272968292236,0.002970906440168619,0.03228088095784187
VTM-007382,DG-139b38e4d40e,rutile,0,1,2,0.4852178394794464,0.0026011457666754723,0.2740876078605652,0.7143380045890808,0.0089732576161623
VTM-007385,DG-4897059f854c,rutile,0,1,1,0.7946472764015198,0.19024130702018738,0.789514422416687,0.011013958603143692,0.009230314753949642
VTM-007386,DG-0a104ab8bdc8,rutile,0,1,2,0.48216840624809265,0.003227539826184511,0.26327425241470337,0.7247943878173828,0.00870377104729414
VTM-007394,DG-2c7580fecab0,rutile,0,1,1,0.8070621490478516,0.22259610891342163,0.6568780541419983,0.016929123550653458,0.10359673947095871
VTM-007395,DG-9a4fe90e7020,rutile,0,1,1,0.6401685476303101,0.002068579662591219,0.4072025418281555,0.26501864194869995,0.3257102072238922
VTM-007397,DG-8bcd5e9f4c16,rutile,0,1,1,0.6894853115081787,0.026017144322395325,0.8167736530303955,0.11900576949119568,0.03820342198014259
VTM-007400,DG-45eba17851f1,rutile,0,1,2,0.4599405825138092,0.023461923003196716,0.11607249081134796,0.8330932855606079,0.027372416108846664
VTM-007410,DG-82767d14f349,rutile,0,1,1,0.6834682822227478,0.005087012425065041,0.9104665517807007,0.02211897261440754,0.062327444553375244
VTM-007423,DG-c371acb7234e,rutile,0,1,1,0.6758036017417908,0.005791815463453531,0.9678672552108765,0.009189929813146591,0.017151035368442535
VTM-007428,DG-15d67b0d89e1,rutile,0,1,1,0.6633498072624207,0.00027214904548600316,0.9798415899276733,0.01744365133345127,0.0024426328018307686
VTM-007441,DG-c90b6affaa03,rutile,0,1,2,0.6107413172721863,0.09863221645355225,0.2699897885322571,0.5871992111206055,0.044178832322359085
VTM-007453,DG-86b7bb730720,rutile,0,1,1,0.697029173374176,0.06099745258688927,0.4119641184806824,0.15108339488506317,0.3759550452232361
VTM-007454,DG-a98d740c3883,rutile,0,1,3,0.546592116355896,0.014209135435521603,0.00643459428101778,0.0007107883575372398,0.9786454439163208
VTM-007461,DG-5b479771c1f3,rutile,0,1,3,0.5967386960983276,0.05228107050061226,0.03310709074139595,0.43721479177474976,0.47739702463150024
VTM-007464,DG-3ed493b5d858,rutile,0,1,1,0.7064772844314575,0.036848150193691254,0.8831592798233032,0.021658794954419136,0.05833374708890915
VTM-007469,DG-352ed7bda653,rutile,0,1,1,0.5840598940849304,0.007677063345909119,0.5313035845756531,0.44767773151397705,0.013341609388589859
VTM-007471,DG-8abf3b75f366,rutile,0,1,1,0.6735227108001709,0.00562091963365674,0.9589674472808838,0.022725578397512436,0.012685979716479778
VTM-007482,DG-6fb9437c2fb3,rutile,0,1,1,0.6622346639633179,0.0014521629782393575,0.9956496953964233,0.0014492071932181716,0.001448910217732191
VTM-007483,DG-a4616a0dcab1,rutile,0,1,1,0.6652175188064575,0.0007942988886497915,0.9292903542518616,0.06814968585968018,0.0017656984273344278
VTM-007486,DG-eff26cc1b3ea,rutile,0,1,1,0.6958838105201721,0.030650753527879715,0.8438348174095154,0.09067010879516602,0.03484430909156799
VTM-007497,DG-168f545ece85,rutile,0,1,2,0.4575393497943878,0.006943239364773035,0.13080255687236786,0.8192102313041687,0.04304400831460953
VTM-007501,DG-b2499e85570b,rutile,0,1,1,0.670955240726471,0.019753098487854004,0.5805321931838989,0.21048828959465027,0.18922638893127441
VTM-007505,DG-41372b09c0ad,rutile,0,1,1,0.6863572597503662,0.007583579048514366,0.8836308717727661,0.02126290649175644,0.08752264827489853
VTM-007509,DG-925dc8d0a56c,rutile,0,1,1,0.6821852326393127,0.010873018763959408,0.9531885385513306,0.005795508623123169,0.030142933130264282
VTM-007510,DG-b45f88fd00f9,rutile,0,1,1,0.6711785197257996,0.0031075815204530954,0.9663150906562805,0.01668093539774418,0.013896415010094643
VTM-007523,DG-e337aefe7e7e,rutile,0,1,1,0.6677969098091125,0.0007225790177471936,0.9713554382324219,0.01649722270667553,0.011424802243709564
VTM-007526,DG-8dea373e596d,rutile,0,1,1,0.6628286838531494,0.00040033768163993955,0.9849324226379395,0.014318214729428291,0.00034901866456493735
VTM-007527,DG-fa54bd5840ea,rutile,0,1,1,0.6779449582099915,0.008584316819906235,0.9366162419319153,0.039490990340709686,0.015308428555727005
VTM-007529,DG-d2a96e03beea,rutile,0,1,0,0.9124393463134766,0.6205635666847229,0.032841987907886505,0.03261970728635788,0.3139747381210327
VTM-007532,DG-34acfdfeae40,rutile,0,1,0,0.8126420974731445,0.38600531220436096,0.1473531872034073,0.3738511800765991,0.09279033541679382
VTM-007533,DG-0b88f16d1d5c,rutile,0,1,1,0.8236852288246155,0.2785910367965698,0.6062536239624023,0.07614190876483917,0.03901348263025284
VTM-007535,DG-db26d01eeb40,rutile,0,1,1,0.6997073292732239,0.0324140265583992,0.8662939071655273,0.06791525334119797,0.033376846462488174
VTM-007539,DG-538d5d90083a,rutile,0,1,1,0.6946445107460022,0.031639836728572845,0.9374938011169434,0.019991198554635048,0.010875120759010315
VTM-007542,DG-161b7757dac5,rutile,0,1,1,0.7355107665061951,0.08093640208244324,0.8603110909461975,0.017101062461733818,0.04165148362517357
VTM-007546,DG-2b98513691d0,rutile,0,1,1,0.6580870747566223,0.00041308676009066403,0.9955043196678162,0.0015031014336273074,0.0025794990360736847
VTM-007553,DG-3165bab86739,rutile,0,1,1,0.6635217070579529,0.0005712361889891326,0.9905418157577515,0.006933889351785183,0.001953094732016325
VTM-007557,DG-f0f1acee2624,rutile,0,1,1,0.6747077107429504,0.005817555822432041,0.9606329202651978,0.021131977438926697,0.012417558580636978
VTM-007564,DG-c77fe4795b4e,rutile,0,1,1,0.6636620759963989,0.0008926123264245689,0.9796062707901001,0.013119595125317574,0.006381498649716377
VTM-007566,DG-0e21269d2000,rutile,0,1,1,0.6878576874732971,0.02196858450770378,0.5458054542541504,0.09900869429111481,0.33321720361709595
VTM-007567,DG-d3c9e3267179,rutile,0,1,2,0.6013141870498657,0.0745159313082695,0.24921783804893494,0.5726127028465271,0.10365347564220428
VTM-007570,DG-d9477c89108a,rutile,0,1,1,0.7024692296981812,0.03482987359166145,0.739749550819397,0.08809496462345123,0.13732558488845825
VTM-007580,DG-bc48501d8fce,rutile,0,1,0,0.8360481858253479,0.39373859763145447,0.15284818410873413,0.1363385021686554,0.3170747756958008
VTM-007583,DG-b98be2ccb042,rutile,0,1,1,0.6891839504241943,0.017163237556815147,0.9278416633605957,0.03158552944660187,0.023409603163599968
VTM-007587,DG-a55b27abe7d0,rutile,0,1,1,0.7529217004776001,0.1174367144703865,0.8551071286201477,0.02366352453827858,0.003792588133364916
VTM-007591,DG-cd6dbe9adde8,rutile,0,1,1,0.7801076173782349,0.16516868770122528,0.7607689499855042,0.037605494260787964,0.036456890404224396
VTM-007604,DG-950eb1c237d2,rutile,0,1,1,0.631612241268158,0.014114346355199814,0.5484679937362671,0.3462449312210083,0.09117276966571808
VTM-007615,DG-b13ab0e3785e,rutile,0,1,1,0.7808670997619629,0.19691208004951477,0.6246050000190735,0.12810824811458588,0.050374679267406464
VTM-007616,DG-461954f116bf,rutile,0,1,1,0.7653849124908447,0.16089870035648346,0.4543231725692749,0.021885327994823456,0.3628928065299988
VTM-007619,DG-1fd3852a6314,rutile,0,1,1,0.6387026309967041,0.0007277552504092455,0.7263278961181641,0.24216526746749878,0.03077910840511322
VTM-007620,DG-a8242b078ae2,rutile,0,1,1,0.6697468757629395,0.001310668303631246,0.9514528512954712,0.04268255829811096,0.004553897771984339
VTM-007634,DG-5429475747c9,rutile,0,1,0,0.8807042837142944,0.462219774723053,0.3157352805137634,0.004015597980469465,0.21802932024002075
VTM-007653,DG-3f598ecd89b5,rutile,0,1,1,0.7634339928627014,0.1298791766166687,0.7383924722671509,0.036771129816770554,0.09495726227760315
VTM-007660,DG-79c33dbb6681,rutile,0,1,0,0.8639103770256042,0.44225507974624634,0.33329498767852783,0.11949789524078369,0.10495208948850632
VTM-007663,DG-226fb7b8a8d2,rutile,0,1,1,0.8424500823020935,0.3054061532020569,0.6378482580184937,0.01106989849358797,0.04567575454711914
VTM-007667,DG-e16b556a112b,rutile,0,1,1,0.658101499080658,0.04139813035726547,0.6196385622024536,0.310634970664978,0.02832840010523796
VTM-007670,DG-85d5798aadde,rutile,0,1,3,0.6078057885169983,0.040712613612413406,0.07795675843954086,0.02050985023379326,0.8608207702636719
VTM-007677,DG-54c3baf572f2,rutile,0,1,0,0.9254215955734253,0.6155703067779541,0.3648723363876343,0.00540144182741642,0.014155933633446693
VTM-007681,DG-f75ab0ccf62c,rutile,0,1,3,0.7716784477233887,0.24535325169563293,0.11949390918016434,0.04271832853555679,0.5924345254898071
VTM-007682,DG-941618bd8f31,rutile,0,1,1,0.6796789169311523,0.003164492081850767,0.9184449911117554,0.018762581050395966,0.059627972543239594
VTM-007687,DG-0c5f60c4a3b4,rutile,0,1,1,0.6814419627189636,0.01448548398911953,0.9561160206794739,0.023120397701859474,0.006278125569224358
VTM-007695,DG-ff4045c2a14f,rutile,0,1,2,0.5098046660423279,0.010858478955924511,0.31615668535232544,0.6618021130561829,0.011182653717696667
VTM-007697,DG-f5c6896e9b4b,rutile,0,1,1,0.6727741956710815,0.0038906214758753777,0.9216814041137695,0.05885225161910057,0.015575775876641273
VTM-007699,DG-849a873aa5a4,rutile,0,1,1,0.6258791089057922,0.00598196592181921,0.5812028646469116,0.3425979018211365,0.07021725177764893
VTM-007700,DG-b71b51b386fb,rutile,0,1,1,0.7622008323669434,0.12730422616004944,0.8071062564849854,0.02496018260717392,0.040629275143146515
VTM-007701,DG-9b582849c3d7,rutile,0,1,1,0.775822103023529,0.21713778376579285,0.4572957158088684,0.16915452480316162,0.1564120203256607
VTM-007706,DG-fafc111bab75,rutile,0,1,0,0.8796741366386414,0.4631834328174591,0.40194642543792725,0.04173216223716736,0.09313799440860748
VTM-007707,DG-f0ea92e86f33,rutile,0,1,1,0.6929705142974854,0.04358904808759689,0.7949869632720947,0.1506681740283966,0.010755842551589012
VTM-007711,DG-0fe66615eaf1,rutile,0,1,1,0.6628872752189636,0.010883647948503494,0.7555824518203735,0.20130446553230286,0.03222936391830444
VTM-007712,DG-b83e31818a0c,rutile,0,1,1,0.6658204793930054,0.09321160614490509,0.45014119148254395,0.415880024433136,0.040767259895801544
VTM-007718,DG-e9f951f4bd3f,rutile,0,1,1,0.743830144405365,0.09411079436540604,0.835728645324707,0.01914329268038273,0.05101727321743965
VTM-007732,DG-f60703cce716,rutile,0,1,2,0.499570369720459,0.00994289480149746,0.25801050662994385,0.6996191740036011,0.03242744132876396
VTM-007735,DG-05fdd115fd69,rutile,0,1,0,0.8240585923194885,0.3812050223350525,0.25696372985839844,0.31003066897392273,0.05180056765675545
VTM-007746,DG-fff3aa7f9365,rutile,0,1,1,0.6576477885246277,0.0003640006179921329,0.9987627267837524,0.0006059512961655855,0.00026724173221737146
VTM-007749,DG-5303404c2e69,rutile,0,1,1,0.7476966977119446,0.15305505692958832,0.4042859375476837,0.1316991150379181,0.3109598755836487
VTM-007750,DG-a81a25c409e8,rutile,0,1,2,0.6349930763244629,0.040597520768642426,0.33099621534347534,0.40147703886032104,0.2269292175769806
VTM-007755,DG-944f33f66490,rutile,0,1,1,0.6701219081878662,0.0009590521221980453,0.9103915095329285,0.07348562031984329,0.015163755044341087
VTM-007757,DG-80ee3b1a6e0a,rutile,0,1,1,0.6795717477798462,0.012600182555615902,0.9529916048049927,0.02552247978746891,0.008885733783245087
VTM-007765,DG-f4b7ef0ac743,rutile,0,1,1,0.6880598068237305,0.011821659281849861,0.9076407551765442,0.005649725906550884,0.07488782703876495
VTM-007768,DG-28073c0797cd,rutile,0,1,1,0.8568958044052124,0.3576313853263855,0.5712677836418152,0.03528232499957085,0.035818472504615784
VTM-007771,DG-273720ecb0d3,rutile,0,1,1,0.6669085025787354,0.0023570603225380182,0.8826366066932678,0.0975492000579834,0.017457183450460434
VTM-007784,DG-db2409770d58,rutile,0,1,1,0.6633668541908264,0.0018969960510730743,0.9857176542282104,0.009604155085980892,0.0027812588959932327
VTM-007786,DG-68853dc5763d,rutile,0,1,1,0.6795588731765747,0.007707375101745129,0.8836877346038818,0.072726771235466,0.03587809205055237
VTM-007788,DG-555f81e77195,rutile,0,1,1,0.6933580636978149,0.02516559325158596,0.9148080348968506,0.03792756050825119,0.022098829969763756
VTM-007791,DG-11892ea0a290,rutile,0,1,1,0.7025684714317322,0.098979651927948,0.5201123356819153,0.2807174623012543,0.10019052773714066
VTM-007793,DG-d6d71d7543b1,rutile,0,1,1,0.6860904693603516,0.009393913671374321,0.8593239784240723,0.05493050441145897,0.07635162770748138
VTM-007797,DG-be3486c6c842,rutile,0,1,1,0.6622693538665771,0.00083200354129076,0.9932208061218262,0.005007095169275999,0.0009400482522323728
VTM-007801,DG-749462d8666f,rutile,0,1,1,0.6654068827629089,0.0013349768705666065,0.9544258713722229,0.04227318614721298,0.0019659404642879963
VTM-007802,DG-c8a6002dd126,rutile,0,1,2,0.5408176183700562,0.00480120163410902,0.43182554841041565,0.5559148788452148,0.007458395324647427
VTM-007803,DG-10235aa01f6d,rutile,0,1,1,0.7083001136779785,0.042271725833415985,0.8915027379989624,0.015895886346697807,0.05032965913414955
VTM-007815,DG-a59bc7fb7e2f,rutile,0,1,1,0.6665878295898438,0.000971925794146955,0.9350117444992065,0.054786697030067444,0.00922958180308342
VTM-007816,DG-5ae8168464e4,rutile,0,1,1,0.6852709054946899,0.021580077707767487,0.8453729152679443,0.10322211682796478,0.029824914410710335
VTM-007827,DG-0a74a7cfe43e,rutile,0,1,1,0.7168475985527039,0.06799949705600739,0.7024939656257629,0.12483297288417816,0.1046735867857933
VTM-007838,DG-e1f9335465cb,rutile,0,1,2,0.7902581691741943,0.3226897120475769,0.2365313470363617,0.3646381199359894,0.07614082098007202
VTM-007849,DG-3f90abd10786,rutile,0,1,1,0.6840434074401855,0.007557402830570936,0.8883214592933655,0.012864276766777039,0.09125686436891556
VTM-007859,DG-6e70a4248338,rutile,0,1,3,0.7307674288749695,0.1838037073612213,0.15980422496795654,0.2508184611797333,0.40557360649108887
VTM-007881,DG-c1799ea6db6f,rutile,0,1,2,0.6969896554946899,0.23633357882499695,0.08898565918207169,0.563396155834198,0.11128465831279755
VTM-007888,DG-aacf04d2a8ae,rutile,0,1,1,0.7739076614379883,0.16246691346168518,0.7272931337356567,0.08453135192394257,0.02570851519703865
VTM-007895,DG-bc791272671a,rutile,0,1,1,0.659710705280304,0.00030071730725467205,0.9967768788337708,0.002115226350724697,0.0008072208147495985
VTM-007899,DG-47cf619f5db1,rutile,0,1,1,0.6521115899085999,0.0065943896770477295,0.7900943160057068,0.1966862976551056,0.006624975707381964
VTM-007902,DG-f7d8a9a398f7,rutile,0,1,1,0.6648510098457336,0.002116934396326542,0.9890516996383667,0.004339838866144419,0.004491581115871668
VTM-007910,DG-a0fc78f41be9,rutile,0,1,1,0.692809522151947,0.017611561343073845,0.9027609825134277,0.025104593485593796,0.054522834718227386
VTM-007913,DG-1b4f069186b0,rutile,0,1,1,0.6756669878959656,0.009322738274931908,0.9676965475082397,0.015341253951191902,0.007639408577233553
VTM-007915,DG-36d9615d8c61,rutile,0,1,0,0.9396183490753174,0.7804569005966187,0.15249577164649963,0.041727516800165176,0.025319833308458328
VTM-007918,DG-ed8cf27a2e78,rutile,0,1,1,0.677882969379425,0.011894959956407547,0.9654080867767334,0.01015068031847477,0.01254633441567421
VTM-007922,DG-0d7754f7d499,rutile,0,1,1,0.6465173959732056,0.06009918823838234,0.5159453749656677,0.3977987766265869,0.02615663781762123
VTM-007933,DG-3eb8712d6994,rutile,0,1,0,0.8808085918426514,0.5199120044708252,0.16732904314994812,0.10728681832551956,0.2054721713066101
VTM-007935,DG-cd1f1f7b383a,rutile,0,1,0,0.9207310080528259,0.6674891710281372,0.1484982669353485,0.01823294907808304,0.16577957570552826
VTM-007938,DG-248b24b44236,rutile,0,1,0,0.8885121941566467,0.5378453731536865,0.16367898881435394,0.07214155048131943,0.22633415460586548
VTM-007942,DG-e0ffe42803fb,rutile,0,1,1,0.6670162677764893,0.002451295265927911,0.9581454992294312,0.0374833419919014,0.0019198041409254074
VTM-007957,DG-7cad84161666,rutile,0,1,1,0.6273894906044006,0.01561218686401844,0.6135149002075195,0.33849287033081055,0.032380055636167526
VTM-007967,DG-d475ed7901d8,rutile,0,1,1,0.5817179679870605,0.0017957155359908938,0.4880151152610779,0.46538686752319336,0.04480230063199997
VTM-007969,DG-ac59db3c0136,rutile,0,1,1,0.8599780797958374,0.38539919257164,0.5010231733322144,0.08834603428840637,0.02523157000541687
VTM-007970,DG-688c2e18cf43,rutile,0,1,1,0.8215872645378113,0.25700050592422485,0.6631016135215759,0.027941351756453514,0.05195653438568115
VTM-007974,DG-75f7ce2166e8,rutile,0,1,1,0.7196803092956543,0.06193280965089798,0.8743988275527954,0.04371758550405502,0.019950740039348602
VTM-007979,DG-765fe6920f91,rutile,0,1,1,0.812484085559845,0.22352944314479828,0.7523643970489502,0.00854530930519104,0.015560874715447426
VTM-007982,DG-4b7aa1790ccb,rutile,0,1,0,0.9090808629989624,0.6229791641235352,0.1575804352760315,0.08439287543296814,0.1350475400686264
VTM-007986,DG-98060dcaab6c,rutile,0,1,3,0.6579270362854004,0.03849135711789131,0.22898973524570465,0.17258957028388977,0.5599293112754822
VTM-007988,DG-5bd3ed32afcb,rutile,0,1,2,0.42282015085220337,0.003199176862835884,0.060496583580970764,0.9160051941871643,0.020299019291996956
VTM-007997,DG-bc1130a58a7d,rutile,0,1,1,0.8208047151565552,0.2946702837944031,0.3533441722393036,0.02766764722764492,0.32431793212890625
VTM-007998,DG-2a947cf08731,rutile,0,1,1,0.6795061230659485,0.010796411894261837,0.9079999923706055,0.05501099303364754,0.026192693039774895
VTM-008012,DG-58aed1ffc140,rutile,0,1,3,0.6067972779273987,0.015231046825647354,0.1568414568901062,0.010635247454047203,0.8172922134399414
VTM-008018,DG-2e6dca4e47d4,rutile,0,1,1,0.6876461505889893,0.008793300949037075,0.8793929815292358,0.005057195201516151,0.1067565381526947
VTM-008024,DG-6523804f739b,rutile,0,1,1,0.6631827354431152,0.0004057028563693166,0.9722069501876831,0.02432481199502945,0.003062570234760642
VTM-008032,DG-b94efdc6f66c,rutile,0,1,1,0.7113031148910522,0.052050814032554626,0.914483904838562,0.01765212044119835,0.015813181176781654
VTM-008035,DG-a2848b06c1c6,rutile,0,1,1,0.6681070923805237,0.018677163869142532,0.7813934087753296,0.18643373250961304,0.01349564827978611
VTM-008036,DG-49324173995c,rutile,0,1,1,0.714597225189209,0.04845978692173958,0.8744418621063232,0.028575703501701355,0.04852261021733284
VTM-008037,DG-868be94e2e92,rutile,0,1,2,0.5131480693817139,0.001250140368938446,0.38211914896965027,0.614111065864563,0.0025196298956871033
VTM-008038,DG-07cbd71a0865,rutile,0,1,1,0.7510824203491211,0.16612575948238373,0.5560883283615112,0.21607249975204468,0.06171336770057678
VTM-008047,DG-fac5c63cc8c1,rutile,0,1,1,0.6648334860801697,0.027482040226459503,0.7312939763069153,0.22710177302360535,0.014122249558568
VTM-008058,DG-30855bec2c45,rutile,0,1,1,0.6180368661880493,0.007055908907204866,0.5898683071136475,0.3653298020362854,0.03774594888091087
VTM-008059,DG-a7bac81cf861,rutile,0,1,2,0.6235198378562927,0.04850895702838898,0.4027824103832245,0.46159690618515015,0.08711174130439758
VTM-008066,DG-692713a94210,rutile,0,1,0,0.9267532229423523,0.6840062141418457,0.1788814216852188,0.11241860687732697,0.024693774059414864
VTM-008069,DG-592a914da8e0,rutile,0,1,1,0.6762623190879822,0.009944360703229904,0.9510751962661743,0.03504262864589691,0.003937758505344391
VTM-008073,DG-1b817da01ddf,rutile,0,1,1,0.8028919696807861,0.24111059308052063,0.5798754096031189,0.08605608344078064,0.09295792877674103
VTM-008076,DG-44eef5fae25f,rutile,0,1,1,0.7151553630828857,0.05536963418126106,0.8992023468017578,0.035112619400024414,0.010315397754311562
VTM-008086,DG-487fbeec00c4,rutile,0,1,1,0.6831937432289124,0.02150654047727585,0.9673893451690674,0.006864643655717373,0.004239448346197605
VTM-008087,DG-c775a3ec9c79,rutile,0,1,3,0.6056029796600342,0.006480190437287092,0.1587366908788681,0.03654894977807999,0.798234224319458
VTM-008098,DG-770d313b2929,rutile,0,1,1,0.7329733371734619,0.10699555277824402,0.5500974059104919,0.134574294090271,0.20833276212215424
VTM-008100,DG-8e1cc3ce55a3,rutile,0,1,1,0.6608757376670837,0.0006166062084957957,0.8880385160446167,0.10915149748325348,0.002193406457081437
VTM-008103,DG-178878878760,rutile,0,1,1,0.6948015689849854,0.030503731220960617,0.9359222054481506,0.022590218111872673,0.010983822867274284
VTM-008104,DG-db1dbca8dc46,rutile,0,1,1,0.7114484906196594,0.05324092134833336,0.8948907852172852,0.042823947966098785,0.00904439203441143
VTM-008106,DG-4019b69d29d3,rutile,0,1,1,0.7051967978477478,0.07729227095842361,0.5010201930999756,0.19917485117912292,0.22251267731189728
VTM-008107,DG-ea3d5480ac2e,rutile,0,1,1,0.666118323802948,0.0010099849896505475,0.9642917513847351,0.03252198174595833,0.0021762815304100513
VTM-008109,DG-db6038ce6a44,rutile,0,1,0,0.8583136200904846,0.4464503526687622,0.1717764437198639,0.10909019410610199,0.27268296480178833
VTM-008114,DG-aaacda3cb80f,rutile,0,1,1,0.7790675759315491,0.17169830203056335,0.7011001706123352,0.06976062804460526,0.0574408657848835
VTM-008115,DG-ee9a87b0ab1e,rutile,0,1,1,0.6593706011772156,0.0007324496982619166,0.9979897141456604,0.0011163662420585752,0.00016151601448655128
VTM-008118,DG-179cc83abdd9,rutile,0,1,1,0.6720452308654785,0.002794781234115362,0.959449291229248,0.023108569905161858,0.014647314324975014
VTM-008119,DG-7b2fbfb3b470,rutile,0,1,2,0.6143536567687988,0.05985112488269806,0.2804638147354126,0.5167214870452881,0.14296361804008484
VTM-008121,DG-9b82089c0d36,rutile,0,1,1,0.7208647727966309,0.08009431511163712,0.7378444671630859,0.13866814970970154,0.04339306429028511
VTM-008123,DG-3a2b2e7f3eae,rutile,0,1,1,0.6780974268913269,0.009023549035191536,0.5266686677932739,0.0675080418586731,0.3967997431755066
VTM-008128,DG-878648e84483,rutile,0,1,2,0.4300557076931,0.0007309762295335531,0.08747538179159164,0.9072035551071167,0.004590021446347237
VTM-008134,DG-6b1d76f3953b,rutile,0,1,0,0.9384639263153076,0.7384020686149597,0.21457608044147491,0.005699743516743183,0.04132217913866043
VTM-008137,DG-6e939fb9860c,rutile,0,1,1,0.6704930067062378,0.002221411792561412,0.9670071601867676,0.022084133699536324,0.008687272667884827
VTM-008138,DG-93b3faa3f600,rutile,0,1,1,0.6666469573974609,0.0016012692358344793,0.9912075400352478,0.006532097235321999,0.0006590352859348059
VTM-008139,DG-5577989ff75e,rutile,0,1,0,0.9473391771316528,0.8798465728759766,0.11634752154350281,0.0014814299065619707,0.002324448898434639
VTM-008172,DG-24c14f1dbe67,rutile,0,1,1,0.6749200224876404,0.0009957979200407863,0.9250366687774658,0.006098031997680664,0.06786946952342987
VTM-008182,DG-88386d3ede84,rutile,0,1,1,0.6665993332862854,0.003525656182318926,0.9863276481628418,0.0034814951941370964,0.006665161810815334
VTM-008193,DG-f84f338db424,rutile,0,1,1,0.6678436398506165,0.0020578927360475063,0.9552475810050964,0.0371318981051445,0.0055626677349209785
VTM-008199,DG-39ee22dc019b,rutile,0,1,1,0.7214326858520508,0.07232147455215454,0.6821081042289734,0.11478499323129654,0.13078545033931732
VTM-008203,DG-7b9753be8bc3,rutile,0,1,0,0.7990216016769409,0.303610622882843,0.29770997166633606,0.21936482191085815,0.17931455373764038
VTM-008208,DG-81d901fe141d,rutile,0,1,1,0.6644240021705627,0.004142998717725277,0.9883291721343994,0.007090642582625151,0.00043720105895772576
VTM-008212,DG-c85dbe094e7c,rutile,0,1,3,0.7327331304550171,0.14079706370830536,0.2616250813007355,0.07563354074954987,0.5219442844390869
VTM-008214,DG-a867623d7bf3,rutile,0,1,1,0.6658378839492798,0.0024666113313287497,0.9799655079841614,0.015446169301867485,0.0021216878667473793
VTM-008215,DG-0102d7fcf1be,rutile,0,1,0,0.8204938173294067,0.3605940341949463,0.28437870740890503,0.23349668085575104,0.12153059244155884
VTM-008217,DG-19c51a694216,rutile,0,1,3,0.7953138947486877,0.3054877817630768,0.0693122074007988,0.10246294736862183,0.5227371454238892
VTM-008218,DG-96f1a0505965,rutile,0,1,1,0.7015173435211182,0.037287816405296326,0.9289296865463257,0.007088839076459408,0.026693599298596382
VTM-008220,DG-9b32640533f0,rutile,0,1,1,0.726340115070343,0.05787699669599533,0.7697291374206543,0.020228764042258263,0.15216509997844696
VTM-008222,DG-27ba75fc6243,rutile,0,1,1,0.6593467593193054,0.0006566300289705396,0.8856412172317505,0.11326763033866882,0.0004346130299381912
VTM-008228,DG-b432c40d4a17,rutile,0,1,0,0.8302841186523438,0.3474667966365814,0.30988457798957825,0.0873490422964096,0.2552996277809143
VTM-008230,DG-0ca73b4e55e0,rutile,0,1,2,0.4726748466491699,0.015128668397665024,0.0533783845603466,0.7991995215415955,0.1322934329509735
VTM-008231,DG-27ca6a127bd0,rutile,0,1,1,0.6294946670532227,0.03359656035900116,0.5543059706687927,0.38998839259147644,0.02210910990834236
VTM-008233,DG-b998280bb8d6,rutile,0,1,1,0.6656389236450195,0.0006112176342867315,0.9410901069641113,0.05740104243159294,0.0008975878590717912
VTM-008239,DG-74658fb0af09,rutile,0,1,1,0.7324838042259216,0.1132114827632904,0.4073100984096527,0.07930470257997513,0.40017375349998474
VTM-008241,DG-31d6b2c3f3c2,rutile,0,1,1,0.6610917448997498,0.00023353262804448605,0.9930061101913452,0.005155228078365326,0.0016051537822932005
VTM-008247,DG-67d6603c8b74,rutile,0,1,3,0.7276962399482727,0.1568213403224945,0.22475695610046387,0.1986216902732849,0.4198000431060791
VTM-008255,DG-71c0effa4eb1,rutile,0,1,2,0.5240088701248169,0.009647456929087639,0.317619264125824,0.6336950063705444,0.03903823718428612
VTM-008257,DG-4f4222ac7c39,rutile,0,1,2,0.5216864347457886,0.040408819913864136,0.22470033168792725,0.6995984315872192,0.0352923609316349
VTM-008259,DG-0000aadff800,titanite,0,1,1,0.6620117425918579,0.011128345504403114,0.43031007051467896,0.1730070859193802,0.3855544924736023
VTM-008265,DG-80346a21b719,titanite,0,1,1,0.6209986209869385,0.019056711345911026,0.48358845710754395,0.403026282787323,0.09432853013277054
VTM-008267,DG-97148a3a1138,titanite,0,1,2,0.5473953485488892,0.00852495152503252,0.3903505206108093,0.5671852827072144,0.033939260989427567
VTM-008268,DG-1f1b51b2208d,titanite,0,1,2,0.4274260997772217,0.0002606181660667062,0.0649365708231926,0.9339227080345154,0.0008801518706604838
VTM-008269,DG-222ef9355d7e,titanite,0,1,3,0.7153884172439575,0.11219822615385056,0.34913161396980286,0.17726083099842072,0.3614092767238617
VTM-008271,DG-cd419831ebe5,titanite,0,1,2,0.5328664779663086,0.0018585317302495241,0.06086308881640434,0.5694018602371216,0.36787649989128113
VTM-008274,DG-81b6a2c402c7,titanite,0,1,2,0.4966644048690796,0.000957883836235851,0.24654841423034668,0.7031236886978149,0.04937005043029785
VTM-008284,DG-ecb398c84372,titanite,0,1,1,0.673179030418396,0.00011661284224828705,0.9328609108924866,0.045595359057188034,0.021427130326628685
VTM-008291,DG-3c147c6380ca,titanite,0,1,1,0.6332048773765564,0.0012729172594845295,0.6721791625022888,0.2944333553314209,0.03211461380124092
VTM-008304,DG-7b2505b11a8c,titanite,0,1,2,0.4740537106990814,0.006650108378380537,0.21166378259658813,0.7669126987457275,0.014773418195545673
VTM-008313,DG-835b15737272,titanite,0,1,1,0.667381763458252,0.002334972145035863,0.9744268655776978,0.02130088582634926,0.0019372613169252872
VTM-008321,DG-ce970c6214f6,titanite,0,1,1,0.6867831945419312,0.11196529865264893,0.47474008798599243,0.3677304983139038,0.04556412994861603
VTM-008327,DG-8209f3f06fa1,titanite,0,1,1,0.7554596662521362,0.12842591106891632,0.5549014210700989,0.04578211531043053,0.2708905339241028
VTM-008336,DG-5a101a1a85a7,titanite,0,1,1,0.6640587449073792,0.00047383736819028854,0.9061236381530762,0.09236440062522888,0.001038106856867671
VTM-008343,DG-41bf76dfa70c,titanite,0,1,1,0.6529070734977722,0.0003029454965144396,0.8276400566101074,0.17124687135219574,0.000810096156783402
VTM-008350,DG-5392acb588dd,titanite,0,1,2,0.4383423328399658,0.014802936464548111,0.07673066854476929,0.8862285614013672,0.02223782055079937
VTM-008353,DG-6292443cc0cd,titanite,0,1,2,0.43463775515556335,0.006446928717195988,0.07355765998363495,0.8949241638183594,0.02507123164832592
VTM-008356,DG-0e327c6c2379,titanite,0,1,2,0.4415011703968048,0.00613097520545125,0.1357400268316269,0.8496836423873901,0.00844534207135439
VTM-008366,DG-2ac6d1506418,titanite,0,1,2,0.4948539733886719,0.004057111218571663,0.29521483182907104,0.6902716159820557,0.010456440970301628
VTM-008371,DG-5130f7916a46,titanite,0,1,2,0.4325869679450989,0.0018510536756366491,0.10391037166118622,0.8879067301750183,0.00633186474442482
VTM-008375,DG-1a27ab935ebf,titanite,0,1,1,0.6873447895050049,0.015139598399400711,0.9134619235992432,0.04480684548616409,0.02659165859222412
VTM-008376,DG-b454db917c27,titanite,0,1,3,0.7007158994674683,0.07203218340873718,0.3462139368057251,0.09137141704559326,0.49038246273994446
VTM-008378,DG-eb99523592f7,titanite,0,1,1,0.6630440354347229,0.012273190543055534,0.8061022758483887,0.17515665292739868,0.006467888131737709
VTM-008381,DG-885e1f8a031a,titanite,0,1,2,0.48153921961784363,0.0007959295180626214,0.2822502851486206,0.7156707048416138,0.0012830276973545551
VTM-008382,DG-a6b2518b55f4,titanite,0,1,1,0.6256052255630493,0.0031239655800163746,0.6894913911819458,0.30145934224128723,0.005925345234572887
VTM-008387,DG-0567564d711c,titanite,0,1,1,0.6677495241165161,0.005615842528641224,0.867624819278717,0.11765449494123459,0.009104849770665169
VTM-008389,DG-907c0a2749ab,titanite,0,1,1,0.6666790843009949,0.0011535444064065814,0.9767132997512817,0.02140471711754799,0.0007284535677172244
VTM-008398,DG-903f66f4e2a6,titanite,0,1,0,0.904680073261261,0.5468055009841919,0.37453439831733704,0.06263972073793411,0.016020363196730614
VTM-008399,DG-897b6c22dfc6,titanite,0,1,2,0.4443076252937317,0.0015121964970603585,0.13372941315174103,0.8554131984710693,0.009345202706754208
VTM-008406,DG-242084ca5cce,titanite,0,1,1,0.6974912881851196,0.02778109721839428,0.9099491834640503,0.026183482259511948,0.03608620911836624
VTM-008408,DG-4266166d57b4,titanite,0,1,1,0.7509428858757019,0.1216660588979721,0.7554592490196228,0.0947938784956932,0.028080828487873077
VTM-008410,DG-7d2c9546bf46,titanite,0,1,1,0.6782258749008179,0.006979819852858782,0.9436992406845093,0.03234051913022995,0.016980405896902084
VTM-008411,DG-186f644e3b43,titanite,0,1,2,0.4893099367618561,0.0034227720461785793,0.3062857687473297,0.6866364479064941,0.0036550634540617466
VTM-008413,DG-71d92d6bdb11,titanite,0,1,0,0.9258149266242981,0.6558412313461304,0.28756025433540344,0.025103136897087097,0.031495362520217896
VTM-008424,DG-5d47435f700f,titanite,0,1,2,0.7195819020271301,0.20396092534065247,0.2720588445663452,0.43196117877960205,0.09201902151107788
VTM-008437,DG-d5e78fe5540b,titanite,0,1,2,0.4562903642654419,0.0010011933045461774,0.20710501074790955,0.7906796932220459,0.0012141058687120676
VTM-008444,DG-4280a4272197,titanite,0,1,0,0.8994666934013367,0.5843713879585266,0.179625004529953,0.1171218752861023,0.1188817024230957
VTM-008447,DG-66e696aa2d94,titanite,0,1,1,0.6498758792877197,0.0005657809670083225,0.798719048500061,0.19461004436016083,0.006105104926973581
VTM-008453,DG-21eaeb565517,titanite,0,1,2,0.4867115616798401,0.002379252575337887,0.28515052795410156,0.7079325318336487,0.004537689499557018
VTM-008459,DG-a4f09cf94b67,titanite,0,1,1,0.6688225865364075,0.0014686430804431438,0.9667809009552002,0.028610602021217346,0.0031398420687764883
VTM-008461,DG-54f50b42c07a,titanite,0,1,1,0.6549507975578308,0.0022258241660892963,0.7996314764022827,0.1847875863313675,0.013355135917663574
VTM-008463,DG-eb676519a058,titanite,0,1,2,0.5162063837051392,0.0011251997202634811,0.34238511323928833,0.6362637281417847,0.02022600546479225
VTM-008465,DG-a7521885b971,titanite,0,1,2,0.524803102016449,0.0009609740227460861,0.39952272176742554,0.598090648651123,0.001425666268914938
VTM-008475,DG-0f4b629d9390,titanite,0,1,1,0.7793749570846558,0.2746002972126007,0.3461245894432068,0.32975783944129944,0.04951721802353859
VTM-008476,DG-27b83318b9c2,titanite,0,1,0,0.9413601160049438,0.7940095663070679,0.13063658773899078,0.01946115866303444,0.055892713367938995
VTM-008478,DG-886009190a8e,titanite,0,1,1,0.6348898410797119,0.007276119664311409,0.3597891330718994,0.30175989866256714,0.3311748504638672
VTM-008479,DG-9ccfb599fd77,titanite,0,1,1,0.5912051796913147,0.015188109129667282,0.4944259226322174,0.46328842639923096,0.02709755301475525
VTM-008481,DG-4a007058bcf9,titanite,0,1,1,0.6510889530181885,0.008478381671011448,0.45892494916915894,0.2518906891345978,0.280705988407135
VTM-008482,DG-1fffaf6ae75b,titanite,0,1,1,0.6887116432189941,0.023756809532642365,0.8041629791259766,0.1152595579624176,0.05682072043418884
VTM-008488,DG-cf61cbc56945,titanite,0,1,1,0.6644325852394104,0.0027637125458568335,0.991543173789978,0.005011651664972305,0.0006814994267188013
VTM-008490,DG-13f68d44547b,titanite,0,1,1,0.6486276388168335,0.0007056313334032893,0.8043423891067505,0.19327856600284576,0.0016734239179641008
VTM-008494,DG-b08fee62c352,titanite,0,1,1,0.5948731303215027,0.00042939840932376683,0.4886438548564911,0.43034183979034424,0.08058494329452515
VTM-008508,DG-2a1f698be405,titanite,0,1,1,0.6903744339942932,0.0061246477998793125,0.7886749505996704,0.03819987177848816,0.16700056195259094
VTM-008511,DG-38b189947097,titanite,0,1,0,0.9169855713844299,0.6581873893737793,0.13596680760383606,0.10003334283828735,0.10581246018409729
VTM-008536,DG-530487ff77dd,titanite,0,1,1,0.6768896579742432,0.005522795021533966,0.8939722776412964,0.07249630987644196,0.02800857461988926
VTM-008544,DG-91878df83d40,titanite,0,1,1,0.6667711138725281,0.0027531071100383997,0.8673989772796631,0.11873392760753632,0.01111400406807661
VTM-008553,DG-bb4ab0ab5d05,titanite,0,1,1,0.6270015835762024,0.013168228790163994,0.6495772004127502,0.330005019903183,0.007249563932418823
VTM-008554,DG-07584d91647f,titanite,0,1,1,0.7257323861122131,0.08224179595708847,0.8061766624450684,0.10270432382822037,0.008877189829945564
VTM-008562,DG-37eb764293e0,titanite,0,1,1,0.6693240404129028,0.0023711887188255787,0.9824400544166565,0.0073096901178359985,0.007879051379859447
VTM-008565,DG-cdf94a34139b,titanite,0,1,1,0.7210949063301086,0.05925995856523514,0.8801437020301819,0.018586592748761177,0.04200976341962814
VTM-008572,DG-fd68011a9df0,titanite,0,1,1,0.6590791344642639,0.0017214419785887003,0.8232364654541016,0.16107846796512604,0.013963591307401657
VTM-008573,DG-14c183516716,titanite,0,1,1,0.6449910402297974,0.0010489469859749079,0.7724623084068298,0.21975773572921753,0.00673103891313076
VTM-008574,DG-21d29ffc6ed9,titanite,0,1,1,0.6697967648506165,0.0004920086357742548,0.9693806171417236,0.025522533804178238,0.004604774061590433
VTM-008578,DG-2c85111e7b4d,titanite,0,1,1,0.6726586818695068,0.0025388048961758614,0.9363330602645874,0.050619035959243774,0.010509127750992775
VTM-008581,DG-defdf5c0157f,titanite,0,1,1,0.6886487603187561,0.024067070335149765,0.8748948574066162,0.08691516518592834,0.014122890308499336
VTM-008593,DG-d70851100832,titanite,0,1,1,0.6679655909538269,0.014340381138026714,0.8161409497261047,0.1642751693725586,0.005243513733148575
VTM-008598,DG-1b50211ce2f4,titanite,0,1,1,0.5967752933502197,0.007965939119458199,0.5607771873474121,0.417133629322052,0.01412327028810978
VTM-008600,DG-98559e2cad9f,titanite,0,1,1,0.6319994926452637,0.0020769217517226934,0.684302806854248,0.28920966386795044,0.024410637095570564
