image_id,split_group_id,mineral_label,true_class_id,predicted_class_id,gate,prob_0,prob_1,prob_2,prob_3
VTM-000013,DG-6fe0031f6ce0,ilmenite,0,1,0.12352591007947922,0.06074698269367218,0.8533393144607544,0.08575375378131866,0.000159933915711008
VTM-000018,DG-43315a4123ba,ilmenite,0,3,0.16771306097507477,0.3661503493785858,0.08360074460506439,0.15155239403247833,0.39869654178619385
VTM-000039,DG-3cf624d4ada7,ilmenite,0,0,0.16437283158302307,0.8909375667572021,0.032958704978227615,0.07413945347070694,0.0019642168190330267
VTM-000042,DG-dd60957cc98f,ilmenite,0,3,0.3911726474761963,0.004964013583958149,0.0012979443417862058,0.024767642840743065,0.9689704179763794
VTM-000048,DG-0f8409a21a22,ilmenite,0,1,0.11566346883773804,0.000691970344632864,0.9992745518684387,8.965126653492916e-06,2.4517616111552343e-05
VTM-000073,DG-84bf0036b89d,ilmenite,0,0,0.2983948290348053,0.8264656066894531,0.16406206786632538,0.002184965182095766,0.007287316024303436
VTM-000085,DG-7abf9c44f08e,ilmenite,0,0,0.3572400212287903,0.9574832916259766,0.002835388295352459,0.037078648805618286,0.002602729946374893
VTM-000095,DG-96eee34c08c3,ilmenite,0,0,0.34533050656318665,0.7660576701164246,0.2036866396665573,0.0006337444065138698,0.029621995985507965
VTM-000101,DG-3819820fd404,ilmenite,0,0,0.2037842571735382,0.9999344348907471,1.5043765415612143e-05,2.5761191864148714e-06,4.79692462249659e-05
VTM-000113,DG-e8234023ec6d,ilmenite,0,0,0.5095333456993103,0.9994081258773804,4.367248038761318e-06,2.8183782774249266e-07,0.0005871850298717618
VTM-000114,DG-fc3a66d13a58,ilmenite,0,0,0.3827724754810333,0.9997122883796692,3.805626647590543e-06,6.704940602730858e-08,0.00028386994381435215
VTM-000129,DG-70edfcef8486,ilmenite,0,3,0.36161500215530396,0.36537113785743713,0.0010535697219893336,0.04227008670568466,0.5913051962852478
VTM-000134,DG-93503f79d4d9,ilmenite,0,0,0.2867593765258789,0.9826066493988037,0.0161986593157053,0.00016283756121993065,0.001031875261105597
VTM-000138,DG-6cfde0785f0c,ilmenite,0,1,0.0975160077214241,0.2885894179344177,0.7113443613052368,3.7603401779051637e-06,6.252193998079747e-05
VTM-000142,DG-6f8fb1c77e4c,ilmenite,0,3,0.3088005483150482,0.02874263934791088,0.0024365116842091084,0.24806427955627441,0.7207565307617188
VTM-000152,DG-03a3f84a104f,ilmenite,0,2,0.22305996716022491,0.09205317497253418,0.005779432598501444,0.8831237554550171,0.01904367282986641
VTM-000169,DG-882efade704c,ilmenite,0,0,0.18952475488185883,0.9998549818992615,0.00012421693827491254,3.303983703517588e-06,1.7539672626298852e-05
VTM-000180,DG-697e51ad4956,ilmenite,0,1,0.17933253943920135,0.010906625539064407,0.5945991277694702,0.37529322504997253,0.019201047718524933
VTM-000192,DG-367f67f123bc,ilmenite,0,3,0.2314973920583725,0.003409999655559659,0.2379046082496643,0.03615950047969818,0.7225258946418762
VTM-000205,DG-f238da749e97,ilmenite,0,2,0.3117849826812744,0.0009421342401765287,0.002108215121552348,0.8047625422477722,0.1921870857477188
VTM-000216,DG-89f8774a7c9a,ilmenite,0,1,0.10903394967317581,0.05253161862492561,0.9455851316452026,0.0017575565725564957,0.00012565491488203406
VTM-000224,DG-c28cd4195bb9,ilmenite,0,3,0.16411270201206207,7.581403770018369e-05,0.00039182291948236525,0.000259215448750183,0.9992731213569641
VTM-000233,DG-32c842af1cd2,ilmenite,0,0,0.20863105356693268,0.8234730362892151,0.17260116338729858,0.0007781441090628505,0.003147721756249666
VTM-000244,DG-ba95ac85aaaa,ilmenite,0,1,0.08378395438194275,0.01859174109995365,0.7214478850364685,0.2529989182949066,0.006961450446397066
VTM-000258,DG-795a8bc1fa12,ilmenite,0,3,0.380230188369751,0.26604411005973816,0.005912349559366703,0.00011788927804445848,0.7279255986213684
VTM-000261,DG-e311be893061,ilmenite,0,0,0.3173767924308777,0.9777437448501587,0.009307097643613815,0.003248135792091489,0.009701022878289223
VTM-000268,DG-ffc518265518,ilmenite,0,0,0.23114079236984253,0.6415049433708191,0.33549684286117554,0.0003508664376568049,0.022647319361567497
VTM-000276,DG-a8354183856e,ilmenite,0,0,0.15481732785701752,0.9434159994125366,0.05306124687194824,6.097475306887645e-06,0.0035166959278285503
VTM-000281,DG-84fcc1d3f52a,ilmenite,0,1,0.08000770211219788,0.010834244079887867,0.988726019859314,0.00011584884487092495,0.000323896441841498
VTM-000292,DG-345c8aeebf6a,ilmenite,0,1,0.19192707538604736,0.0015967880608513951,0.8219700455665588,0.0033124233596026897,0.17312076687812805
VTM-000307,DG-a7eccdebae54,ilmenite,0,2,0.14121872186660767,0.0765199065208435,0.4494040608406067,0.47219955921173096,0.0018764398992061615
VTM-000309,DG-c0cdc88e13b5,ilmenite,0,0,0.27603673934936523,0.6577625274658203,0.21132877469062805,0.08207520097494125,0.04883353412151337
VTM-000328,DG-b92bf0a3d3da,ilmenite,0,0,0.29872190952301025,0.5300455093383789,0.0014697054866701365,0.0011999226408079267,0.4672848582267761
VTM-000340,DG-d5390af5bbbe,magnetite,0,0,0.19188374280929565,0.9922857880592346,0.007438700646162033,0.00017733030836097896,9.821040293900296e-05
VTM-000343,DG-385678a99654,magnetite,0,2,0.2146979123353958,0.08845190703868866,0.09429295361042023,0.8143607974052429,0.0028943479992449284
VTM-000374,DG-f4e221fe8b8b,magnetite,0,0,0.11277104914188385,0.9695024490356445,0.03036416694521904,8.0705049754215e-08,0.00013331940863281488
VTM-000379,DG-d5032af262ad,magnetite,0,0,0.3944706320762634,0.9919598698616028,0.0009414389496669173,0.003606181126087904,0.0034924373030662537
VTM-000398,DG-a438eff7787c,magnetite,0,1,0.20009075105190277,0.045121077448129654,0.94741290807724,0.005776319652795792,0.001689633820205927
VTM-000404,DG-3f327924f3a6,magnetite,0,0,0.23491685092449188,0.9986019730567932,0.0012690414441749454,8.095549333120289e-07,0.0001282066950807348
VTM-000417,DG-d1165a605e01,magnetite,0,2,0.17921051383018494,0.12101525068283081,0.0009457552805542946,0.8777157664299011,0.00032321177423000336
VTM-000420,DG-bea3245792a5,magnetite,0,0,0.23757077753543854,0.9283747673034668,0.06843183189630508,0.00014739327889401466,0.0030460525304079056
VTM-000435,DG-cdac5b53685c,magnetite,0,0,0.4194132089614868,0.9256062507629395,0.0008214449626393616,9.52173286350444e-05,0.07347709685564041
VTM-000444,DG-ce12d30fa21f,magnetite,0,0,0.28470343351364136,0.9271050095558167,0.00618257699534297,0.0046395487152040005,0.06207282841205597
VTM-000445,DG-135b572fdce3,magnetite,0,0,0.3444109559059143,0.9709818363189697,0.004179486073553562,0.0006085776258260012,0.02423013187944889
VTM-000455,DG-07eed7826155,magnetite,0,0,0.165868878364563,0.9501975774765015,0.04965938627719879,1.6729404705984052e-07,0.00014281288895290345
VTM-000464,DG-2d7adf4c3825,magnetite,0,1,0.22002659738063812,0.1667376011610031,0.8216069936752319,0.0008285276708193123,0.010826881974935532
VTM-000466,DG-cc133e156077,magnetite,0,0,0.10258562862873077,0.9963715672492981,0.003626878373324871,5.208431730352459e-07,1.0379183095210465e-06
VTM-000481,DG-bd2d632589ac,magnetite,0,0,0.3586866557598114,0.9919916391372681,0.0033169358503073454,0.000332790456013754,0.0043586804531514645
VTM-000490,DG-43477d7a0ba9,magnetite,0,0,0.35773733258247375,0.9238014221191406,0.006403593812137842,0.06155463308095932,0.008240274153649807
VTM-000503,DG-572766d5cc60,magnetite,0,3,0.15314547717571259,0.0007986343698576093,0.006723467726260424,0.034595027565956116,0.9578828811645508
VTM-000504,DG-bb27983bc666,magnetite,0,0,0.38709738850593567,0.8021085262298584,0.0002875459904316813,0.0038227231707423925,0.19378124177455902
VTM-000507,DG-ab23a7ae7b4a,magnetite,0,1,0.04031107574701309,0.006643504370003939,0.9933385252952576,1.4016125533089507e-05,3.966651092923712e-06
VTM-000509,DG-c4c2974889e2,magnetite,0,0,0.37676066160202026,0.9526686668395996,0.02424757555127144,0.006646004971116781,0.01643776148557663
VTM-000511,DG-810c02dbca34,magnetite,0,0,0.4602273404598236,0.9992698431015015,0.00037178213824518025,1.576900467625819e-05,0.00034260714892297983
VTM-000524,DG-c17be4bb822a,magnetite,0,0,0.27519491314888,0.5191103219985962,0.025632156059145927,5.905101716052741e-06,0.4552515745162964
VTM-000525,DG-82fecec84b49,magnetite,0,0,0.4283955991268158,0.7132647037506104,0.013889963738620281,0.002862249966710806,0.26998308300971985
VTM-000574,DG-d2a6f15126ec,magnetite,0,1,0.20957538485527039,0.006325204391032457,0.7429197430610657,0.10416857898235321,0.14658640325069427
VTM-000580,DG-6d19f0d06ebd,magnetite,0,0,0.2346286028623581,0.8108597993850708,0.1575646996498108,0.0027155589777976274,0.028859881684184074
VTM-000594,DG-652cb2e58470,magnetite,0,0,0.24348801374435425,0.983950674533844,0.014751150272786617,1.558760800435266e-06,0.0012966329231858253
VTM-000599,DG-1798cb9ea7ad,magnetite,0,0,0.16768455505371094,0.9260151386260986,0.07230498641729355,0.0012219612253829837,0.00045791533193551004
VTM-000606,DG-8453249814c4,magnetite,0,0,0.4278009235858917,0.7725927829742432,0.00046742340782657266,0.0005285710212774575,0.22641128301620483
VTM-000614,DG-a68783d9878c,magnetite,0,0,0.30288106203079224,0.991007387638092,0.0023926272988319397,0.0021789984311908484,0.0044210003688931465
VTM-000620,DG-dc6502d23098,magnetite,0,0,0.3097544312477112,0.9998890161514282,6.30401773378253e-05,2.7501973818289116e-05,2.0510737158474512e-05
VTM-000630,DG-4d3c9beb5824,magnetite,0,3,0.17761088907718658,0.0005854195333085954,0.008104111067950726,5.731646160711534e-05,0.9912531971931458
VTM-000649,DG-4d4e149abdad,magnetite,0,0,0.49971726536750793,0.699863612651825,0.0007201676489785314,0.1002315804362297,0.19918468594551086
VTM-000654,DG-870455a260e3,magnetite,0,0,0.4555991291999817,0.738037109375,0.08826953172683716,0.03683779016137123,0.1368556022644043
VTM-000657,DG-1beca935d1a2,magnetite,0,3,0.43922072649002075,0.4251663386821747,0.003323861863464117,2.8462833142839372e-05,0.5714813470840454
VTM-000694,DG-1bf50f8d6297,magnetite,0,0,0.2476884126663208,0.999907910823822,8.028267620829865e-05,4.553246526484145e-06,7.264071882673306e-06
VTM-000714,DG-d5b2d2d0f47d,magnetite,0,0,0.3125513792037964,0.9153263568878174,0.08234104514122009,0.0010742158629000187,0.001258433097973466
VTM-000719,DG-4b0e141be02b,magnetite,0,0,0.24890676140785217,0.8897813558578491,0.010555615648627281,0.0010078391060233116,0.09865521639585495
VTM-000758,DG-9cdd8f83ad65,magnetite,0,0,0.5054289698600769,0.9797933101654053,1.7918344383360818e-05,1.0851738352357643e-06,0.020187698304653168
VTM-000766,DG-dbe67ebecc29,magnetite,0,0,0.11894932389259338,0.6412181854248047,0.35861024260520935,5.75778585698572e-07,0.00017098411626648158
VTM-000772,DG-c3c48efc1988,magnetite,0,0,0.14634080231189728,0.9841533303260803,0.012829354032874107,0.002875715959817171,0.00014153191295918077
VTM-000776,DG-c51cf9d0838a,magnetite,0,0,0.22817352414131165,0.9871135354042053,0.009450554847717285,6.097972800489515e-05,0.0033749230206012726
VTM-000782,DG-c2d5781a014e,magnetite,0,0,0.1882438063621521,0.525484561920166,0.4435553252696991,0.01112574152648449,0.019834373146295547
VTM-000788,DG-95ce869eb316,magnetite,0,0,0.21126356720924377,0.997627854347229,0.0020557818934321404,3.0439636248047464e-05,0.000285932095721364
VTM-000789,DG-1c975bac96ef,magnetite,0,1,0.3384702205657959,0.16290174424648285,0.7597931623458862,0.0018196474993601441,0.07548544555902481
VTM-000797,DG-c7ce5a7b78aa,magnetite,0,0,0.34126418828964233,0.9770287871360779,0.014815610833466053,1.0211550034000538e-05,0.008145434781908989
VTM-000811,DG-1220f8569f0c,magnetite,0,0,0.4542497396469116,0.5405409932136536,0.015901274979114532,0.000667428772430867,0.4428902864456177
VTM-000826,DG-9c76f6c542bd,magnetite,0,0,0.19151969254016876,0.7815566062927246,0.213211327791214,5.4827527492307127e-05,0.005177222657948732
VTM-000834,DG-4fd36e28095f,magnetite,0,0,0.3808317184448242,0.7427853941917419,0.25222286581993103,0.0026019217912107706,0.002389842178672552
VTM-000846,DG-df1c722de400,magnetite,0,0,0.3654980957508087,0.9985617995262146,0.0008736642776057124,1.0516357178858016e-05,0.0005539892008528113
VTM-000847,DG-dd94c98fb4ba,magnetite,0,0,0.42897385358810425,0.8989307880401611,0.0022941348142921925,0.09227748215198517,0.006497638300061226
VTM-000852,DG-5d917c5ebd3b,magnetite,0,0,0.4681187868118286,0.9954221248626709,0.0006421850412152708,1.358322515443433e-05,0.00392210902646184
VTM-000855,DG-bd37ade00a53,magnetite,0,0,0.3946473300457001,0.9710522294044495,0.004086356144398451,7.97059983597137e-05,0.02478175051510334
VTM-000858,DG-d5dbb212e8df,magnetite,0,3,0.519127607345581,0.4245832562446594,0.013137138448655605,0.0023430411238223314,0.5599365830421448
VTM-000870,DG-499f33781720,magnetite,0,0,0.28843632340431213,0.6177619695663452,0.33653953671455383,0.015346594154834747,0.030351949855685234
VTM-000883,DG-235488269109,magnetite,0,0,0.3976481258869171,0.7552303671836853,0.0012532786931842566,0.02080443687736988,0.22271190583705902
VTM-000892,DG-c3abb5c8c502,magnetite,0,0,0.15793316066265106,0.999837338924408,0.0001595475769136101,2.114877815984073e-06,1.0155418976864894e-06
VTM-000896,DG-031f3b0c48c1,magnetite,0,3,0.18783040344715118,8.365283861166972e-07,3.577886673156172e-05,9.285347914556041e-05,0.9998705387115479
VTM-000917,DG-7e4620e7d677,magnetite,0,2,0.10068509727716446,0.024867067113518715,0.0007821765029802918,0.9736538529396057,0.0006969255045987666
VTM-000925,DG-7bde1cba2701,magnetite,0,0,0.29552075266838074,0.9703397750854492,0.022418813779950142,0.0015660773497074842,0.005675389431416988
VTM-000936,DG-ec4735c918e8,magnetite,0,0,0.14865562319755554,0.9962201714515686,0.003598251845687628,8.364562381757423e-05,9.793167555471882e-05
VTM-000941,DG-fd253a7c389e,magnetite,0,0,0.24360153079032898,0.7964131236076355,0.051142431795597076,0.150973841547966,0.0014706363435834646
VTM-000960,DG-cf54d4446135,magnetite,0,2,0.17413288354873657,0.0342615582048893,0.4424334764480591,0.4491587281227112,0.07414625585079193
VTM-000964,DG-bf33035fb162,magnetite,0,0,0.3596091866493225,0.996205747127533,0.0034098909236490726,8.574264938943088e-05,0.0002985414757858962
VTM-000969,DG-ce6c2900638e,magnetite,0,0,0.32543250918388367,0.9920632839202881,0.0006330664036795497,6.363268767017871e-06,0.0072972653433680534
VTM-000982,DG-a6431bed4d70,magnetite,0,3,0.2744433879852295,0.21691939234733582,0.19104890525341034,0.004525366239249706,0.5875063538551331
VTM-000984,DG-20a1ed1c7f25,magnetite,0,0,0.15880745649337769,0.8303591012954712,0.16722531616687775,4.730362434202107e-06,0.00241090077906847
VTM-001030,DG-f8f4554509c3,magnetite,0,0,0.5174922943115234,0.9544003009796143,0.002432309789583087,0.00028249682509340346,0.04288480803370476
VTM-001037,DG-78c7d8b1005e,magnetite,0,0,0.27825912833213806,0.9994102120399475,2.565814611443784e-06,1.1982108389929635e-06,0.000586022506467998
VTM-001048,DG-294a75101264,magnetite,0,0,0.3338540494441986,0.991292417049408,0.003994241822510958,0.0026295564603060484,0.0020837595220655203
VTM-001076,DG-5d50abc742d1,magnetite,0,0,0.3259516954421997,0.9948657155036926,0.00409655598923564,0.00011276787699898705,0.0009249236900359392
VTM-001094,DG-4c493c986ea7,magnetite,0,0,0.2693368196487427,0.9981438517570496,5.291786146699451e-05,4.173214256297797e-05,0.0017614834941923618
VTM-001111,DG-25ca3871af31,magnetite,0,0,0.12116300314664841,0.833081066608429,0.0838322788476944,0.08184464275836945,0.0012420323910191655
VTM-001117,DG-9646bdd090a8,magnetite,0,0,0.12531214952468872,0.9328850507736206,0.06699098646640778,7.297196134459227e-06,0.0001166846341220662
VTM-001124,DG-bf40fd4a2b51,magnetite,0,1,0.11168116331100464,0.0040237996727228165,0.9946078658103943,0.00031038926681503654,0.0010579527588561177
VTM-001127,DG-9ea5ea2040e1,magnetite,0,0,0.42349058389663696,0.8633278608322144,0.004042704124003649,0.061337925493717194,0.07129143923521042
VTM-001128,DG-0ad958cdf304,magnetite,0,3,0.513658881187439,0.39117205142974854,9.959015005733818e-05,1.3979692994325887e-05,0.6087143421173096
VTM-001135,DG-929ae7d5a34a,magnetite,0,0,0.08265309780836105,0.7597915530204773,0.23846501111984253,0.0008368850685656071,0.0009065619087778032
VTM-001142,DG-8c52049fed71,magnetite,0,0,0.2425522655248642,0.7608548402786255,0.0031352322548627853,0.1992170363664627,0.03679291158914566
VTM-001143,DG-32261429f75b,magnetite,0,0,0.3643161952495575,0.9914506077766418,0.0007208968163467944,0.0002771869767457247,0.007551337126642466
VTM-001153,DG-65acd4222cf0,magnetite,0,2,0.19362883269786835,0.0019149314612150192,0.21047832071781158,0.6571045517921448,0.13050220906734467
VTM-001156,DG-634890ede108,magnetite,0,0,0.1889110505580902,0.9026418924331665,0.011056073941290379,0.06118306517601013,0.025119028985500336
VTM-001157,DG-2941afb34a16,magnetite,0,0,0.3517817258834839,0.773088812828064,0.0028650450985878706,0.008169364184141159,0.21587680280208588
VTM-001159,DG-5a4ebb61334d,magnetite,0,0,0.3756358325481415,0.9999472498893738,7.82149641054275e-07,2.4682256480446085e-05,2.72936395049328e-05
VTM-001166,DG-ff39aa7ef84a,magnetite,0,0,0.2674187123775482,0.9936680793762207,0.005196967162191868,0.0009584935032762587,0.00017647740605752915
VTM-001181,DG-cd17d016b4ae,magnetite,0,3,0.36806145310401917,0.0192549005150795,0.00013876523007638752,0.00036053569056093693,0.9802457690238953
VTM-001208,DG-85edd83dff71,magnetite,0,0,0.14963160455226898,0.9375720620155334,0.05826684832572937,0.004014648962765932,0.00014646313502453268
VTM-001210,DG-3a89d85ccde3,magnetite,0,1,0.13188551366329193,0.02069886401295662,0.9623923301696777,0.01426493190228939,0.002643870422616601
VTM-001213,DG-c08d45836fcd,magnetite,0,0,0.27960968017578125,0.9478527903556824,0.048661235719919205,0.0029746280051767826,0.0005113286315463483
VTM-001235,DG-9ef39c882f85,magnetite,0,0,0.37016499042510986,0.9801810383796692,0.016757434234023094,0.0006624614470638335,0.00239902688190341
VTM-001236,DG-2e49a2b873b5,magnetite,0,0,0.18770429491996765,0.7159841060638428,0.1945911943912506,0.006569979712367058,0.082854725420475
VTM-001242,DG-40ce2a937e56,magnetite,0,3,0.19200432300567627,0.009137889370322227,0.009126255288720131,0.33443427085876465,0.6473015546798706
VTM-001246,DG-7fd1f47999b4,magnetite,0,0,0.2087152898311615,0.99982750415802,0.00014457285578828305,3.173255436195177e-06,2.4749913791310973e-05
VTM-001267,DG-acf7bc6d5b10,magnetite,0,0,0.31368744373321533,0.994135856628418,0.0009521880419924855,0.0037441905587911606,0.0011677483562380075
VTM-001274,DG-79259dff6552,magnetite,0,0,0.3514939248561859,0.8445373773574829,0.016502220183610916,2.0520203634077916e-06,0.13895834982395172
VTM-001275,DG-dcfd4084a64d,magnetite,0,0,0.29745346307754517,0.7437092661857605,0.2000068724155426,8.981643622973934e-05,0.056194063276052475
VTM-001276,DG-ed5f37afc816,magnetite,0,1,0.1808280199766159,0.23187293112277985,0.6007989048957825,0.16585330665111542,0.001474888762459159
VTM-001278,DG-83b2d732c7e4,magnetite,0,0,0.2431551069021225,0.9445664286613464,0.03468118980526924,0.004624154418706894,0.01612822152674198
VTM-001279,DG-1b3bc4362fe0,magnetite,0,1,0.1246425062417984,0.02444963902235031,0.9749712347984314,0.00018319310038350523,0.0003959440509788692
VTM-001285,DG-be177d4296ea,magnetite,0,0,0.3355650007724762,0.9963602423667908,0.00013282251893542707,7.124876719899476e-05,0.0034356883261352777
VTM-001305,DG-ad49a9cbae05,magnetite,0,3,0.437957763671875,0.030084969475865364,2.820247391355224e-05,0.00011191381054231897,0.9697749018669128
VTM-001309,DG-79cbfb1a67f8,magnetite,0,0,0.47655943036079407,0.9348602294921875,0.008848373778164387,0.02308560721576214,0.033205851912498474
VTM-001321,DG-e7411971efd2,magnetite,0,0,0.33830526471138,0.9371181130409241,0.00969225075095892,0.001474684802815318,0.05171498656272888
VTM-001334,DG-a4546bbfbf01,magnetite,0,0,0.17183105647563934,0.9923084378242493,0.0067364671267569065,0.0008795250905677676,7.554481999250129e-05
VTM-001342,DG-4329fd0fa254,magnetite,0,1,0.2502712309360504,0.3911875784397125,0.44114187359809875,0.12372218072414398,0.04394838586449623
VTM-001344,DG-81a4fee94b84,magnetite,0,0,0.3570694327354431,0.9832412600517273,0.0065683238208293915,4.63464020867832e-05,0.01014410424977541
VTM-001352,DG-ec3babb402e9,magnetite,0,0,0.1815095692873001,0.7615377306938171,0.0945061594247818,0.0019181569805368781,0.142038032412529
VTM-001375,DG-25c9d1334ba7,magnetite,0,0,0.2726232707500458,0.932108461856842,0.061131712049245834,0.005612279754132032,0.00114756403490901
VTM-001379,DG-09f401514ecd,magnetite,0,2,0.07202216982841492,0.007510676048696041,0.248658686876297,0.7425495386123657,0.00128110870718956
VTM-001382,DG-1509292b6cc8,magnetite,0,1,0.14670534431934357,0.010841580107808113,0.9876057505607605,0.0009909457294270396,0.0005617492715828121
VTM-001389,DG-b72f30e8d6a7,magnetite,0,0,0.11983350664377213,0.5313295125961304,0.4675275981426239,0.0006341965054161847,0.0005086958408355713
VTM-001394,DG-4dacfe3a288c,magnetite,0,1,0.2755648195743561,0.2343757152557373,0.5987419486045837,0.05490630865097046,0.1119760200381279
VTM-001396,DG-a150f7a82498,magnetite,0,3,0.41865062713623047,0.07716134935617447,0.003520954865962267,0.005739596672356129,0.9135780930519104
VTM-001399,DG-41d0e5580b6a,magnetite,0,0,0.21598796546459198,0.9994678497314453,0.0003008236235473305,6.457520385083626e-07,0.0002306155365658924
VTM-001436,DG-7b12906d788f,magnetite,0,0,0.22412632405757904,0.9900515079498291,0.007380962371826172,0.0023391954600811005,0.00022832772810943425
VTM-001438,DG-7255a46e94a7,magnetite,0,0,0.30785202980041504,0.9996055960655212,8.806953701423481e-05,2.4692204192433564e-07,0.00030611318652518094
VTM-001441,DG-b8b2c4f178aa,magnetite,0,3,0.24121609330177307,0.003361727111041546,0.32746708393096924,0.00031022579059936106,0.6688609719276428
VTM-001452,DG-bdcde94a85b5,magnetite,0,0,0.29092615842819214,0.9981808066368103,0.001275205402635038,0.000378813041606918,0.00016521148791071028
VTM-001466,DG-43f42fac07e9,magnetite,0,0,0.2789233326911926,0.5180050730705261,0.43995964527130127,0.0007480905042029917,0.04128722846508026
VTM-001478,DG-58262c85df83,magnetite,0,0,0.31260940432548523,0.8605461120605469,0.04785262048244476,0.05802438408136368,0.03357681259512901
VTM-001484,DG-d59fcb9222f2,magnetite,0,0,0.40338635444641113,0.9995807409286499,0.0001118681175285019,0.00018923675816040486,0.00011818516941275448
VTM-001485,DG-a2b94815594a,magnetite,0,3,0.4983343780040741,0.4862282872200012,0.0009125928627327085,0.0014241170138120651,0.5114350318908691
VTM-001487,DG-9785201ed410,magnetite,0,0,0.4467570185661316,0.9999945759773254,1.0619177714943362e-07,1.9296075493002718e-07,5.117482487548841e-06
VTM-001489,DG-23a7ab10b23b,magnetite,0,2,0.19264523684978485,0.036711256951093674,0.00047169154277071357,0.9606283903121948,0.0021886546164751053
VTM-001492,DG-1dca19335664,magnetite,0,0,0.3183235824108124,0.9405379891395569,0.05610160529613495,0.0004584600974339992,0.002901935251429677
VTM-001502,DG-4731480706ec,magnetite,0,0,0.22745093703269958,0.9887248277664185,0.010848346166312695,0.0003195156459696591,0.00010726763139246032
VTM-001542,DG-5d9bb0931076,magnetite,0,3,0.24793438613414764,0.21641972661018372,0.026143236085772514,0.0315985269844532,0.7258384823799133
VTM-001551,DG-05595eff1ad3,magnetite,0,1,0.11304792016744614,0.04678703099489212,0.9529958963394165,1.0525335710553918e-05,0.0002065673324977979
VTM-001556,DG-329943ef1dad,magnetite,0,3,0.15619759261608124,0.00022954781888984144,0.06326421350240707,0.006700130179524422,0.929806113243103
VTM-001571,DG-eee01346f14d,magnetite,0,3,0.31714415550231934,0.4353749752044678,0.034867122769355774,0.009667810052633286,0.5200901031494141
VTM-001585,DG-d29af017305e,magnetite,0,0,0.208109050989151,0.8230459690093994,0.1727495640516281,0.002232067985460162,0.001972403610125184
VTM-001602,DG-13f8a822dbfc,magnetite,0,0,0.5825027227401733,0.6688239574432373,0.003592821303755045,0.0014128292677924037,0.3261703848838806
VTM-001613,DG-9ea805a5c9d8,magnetite,0,0,0.22112710773944855,0.9998522996902466,0.00011470348545117304,9.123090421780944e-06,2.3909546143841e-05
VTM-001614,DG-84504a7012b9,magnetite,0,0,0.30013206601142883,0.944953203201294,0.005786378867924213,0.0007369433296844363,0.04852346330881119
VTM-001617,DG-b1f18f1f37fb,magnetite,0,3,0.2652592062950134,0.004575252067297697,0.0006781817646697164,3.325780198792927e-05,0.994713306427002
VTM-001635,DG-244307d1d268,magnetite,0,0,0.30675461888313293,0.9977284073829651,0.0003805851156357676,6.968364232307067e-06,0.0018840580014511943
VTM-001644,DG-85bdd9be320a,magnetite,0,0,0.34161683917045593,0.9967972040176392,0.0008123263833113015,2.4161285182344727e-05,0.0023663039319217205
VTM-001649,DG-89f24a8b6ab6,magnetite,0,0,0.16226725280284882,0.969279944896698,0.030670076608657837,1.8271024600835517e-05,3.171360367559828e-05
VTM-001661,DG-2e96be8541ff,magnetite,0,2,0.21948078274726868,0.007410562131553888,0.41831937432289124,0.5279656052589417,0.04630446061491966
VTM-001690,DG-b0fe7cb99124,titanomagnetite,0,1,0.25044015049934387,0.3937617540359497,0.5853858590126038,0.01651945523917675,0.004332880489528179
VTM-001694,DG-97f74c72b5b7,titanomagnetite,0,0,0.26443055272102356,0.8667948842048645,0.13071627914905548,9.006182517623529e-05,0.0023987162858247757
VTM-001709,DG-5667dcfe048e,calcite,2,2,0.08618590980768204,4.724858229110396e-07,0.0008530343184247613,0.9991408586502075,5.6555318224127404e-06
VTM-001713,DG-a31daab35958,calcite,2,2,0.22364048659801483,7.9184646892827e-06,0.0006718664662912488,0.9905188679695129,0.008801317773759365
VTM-001718,DG-76d30c6c5612,calcite,2,2,0.4063023626804352,0.0005757777253165841,0.0008494646172039211,0.9911492466926575,0.007425505667924881
VTM-001719,DG-71efe00888af,calcite,2,2,0.1479673534631729,4.972095553057443e-07,2.1000125343562104e-05,0.999779462814331,0.00019906846864614636
VTM-001734,DG-a139c32410c3,calcite,2,2,0.07116881012916565,2.0863129890358323e-08,1.1537305226738681e-06,0.9999985098838806,3.5886685623154335e-07
VTM-001736,DG-a69a03d4cc5e,calcite,2,2,0.16175253689289093,3.5860070056514814e-05,0.01766258105635643,0.9819342494010925,0.00036726557300426066
VTM-001740,DG-4b56e6a07cac,calcite,2,2,0.13896869122982025,0.00017766791279427707,0.006771584041416645,0.9919252395629883,0.001125501235947013
VTM-001775,DG-8e3da4981bde,calcite,2,1,0.1490330994129181,0.005689716432243586,0.877873957157135,0.110253244638443,0.006183027755469084
VTM-001801,DG-5ed230bcaeae,calcite,2,2,0.09028894454240799,0.0004647912865038961,0.036512188613414764,0.962978184223175,4.485248791752383e-05
VTM-001825,DG-0be1a7cb809b,calcite,2,2,0.06895162910223007,1.1766049112793553e-07,4.1729867916728836e-06,0.9999445676803589,5.1124399760738015e-05
VTM-001827,DG-633fa2f6211f,calcite,2,2,0.15474209189414978,5.227738438406959e-05,1.810333924368024e-05,0.9999197721481323,9.858797056949697e-06
VTM-001834,DG-ef83fc7b1744,calcite,2,3,0.23741137981414795,0.0022039262112230062,2.5410281523363665e-06,0.15607397258281708,0.8417195677757263
VTM-001839,DG-9a5c0c5a1717,calcite,2,2,0.09475311636924744,0.0019938573241233826,0.08520109206438065,0.9126721620559692,0.00013290454808156937
VTM-001843,DG-f77f26be144c,calcite,2,2,0.11974958330392838,0.00033555785194039345,0.0009159725159406662,0.9987303614616394,1.812378286558669e-05
VTM-001849,DG-55f6c7371d43,calcite,2,2,0.21448327600955963,0.020106008276343346,0.36347508430480957,0.3872404396533966,0.22917847335338593
VTM-001856,DG-d0ae9de522c3,calcite,2,2,0.1210833191871643,3.969217141275294e-05,0.0025755350943654776,0.9973746538162231,1.0070949429064058e-05
VTM-001862,DG-3cbe78ac7f28,calcite,2,2,0.15023081004619598,2.1556921637966298e-05,0.04981962963938713,0.5771329998970032,0.3730258047580719
VTM-001891,DG-a35ac479557c,calcite,2,2,0.12139474600553513,4.6144776888468186e-07,3.1527263217867585e-06,0.9999793171882629,1.702853842289187e-05
VTM-001897,DG-cae4c10c6d2e,calcite,2,2,0.06231292709708214,2.7059161311626667e-07,0.0015481896698474884,0.9984045028686523,4.701423313235864e-05
VTM-001909,DG-1a7b849d8231,calcite,2,3,0.23760086297988892,0.0028776947874575853,0.005371906328946352,0.00878660473972559,0.9829638004302979
VTM-001911,DG-4992f8434a77,calcite,2,2,0.15293848514556885,3.966537769883871e-05,5.721629349864088e-06,0.9996918439865112,0.0002628001675475389
VTM-001913,DG-3707ecbb95e5,calcite,2,2,0.2605402171611786,0.00012817609240300953,0.008451206609606743,0.9896299242973328,0.001790727605111897
VTM-001920,DG-c70c5779a71a,calcite,2,2,0.11873643100261688,3.0120445444481447e-06,6.102865881985053e-06,0.999939501285553,5.1356953918002546e-05
VTM-001938,DG-b3d7bf80d2a2,calcite,2,0,0.21026398241519928,0.41712814569473267,0.3198544383049011,0.25788170099258423,0.005135644227266312
VTM-001946,DG-eda8ba2e978a,calcite,2,2,0.06934676319360733,0.0002170459774788469,0.015252197161316872,0.9844498038291931,8.096850797301158e-05
VTM-001959,DG-7b3cde349dd2,calcite,2,2,0.1096828430891037,0.0018859029514715075,0.0016810476081445813,0.9964109659194946,2.2095253370935097e-05
VTM-001969,DG-3996bf01109f,calcite,2,2,0.24330399930477142,0.06435591727495193,5.137353946338408e-05,0.9343472719192505,0.0012454658281058073
VTM-001972,DG-87f47806a6ee,calcite,2,2,0.1236562579870224,3.7004606383561622e-06,5.6592161854496226e-05,0.9998944401741028,4.5261826016940176e-05
VTM-001983,DG-dada7ee7c7b7,calcite,2,2,0.18171660602092743,2.5392419047420844e-06,0.000276893813861534,0.9991641044616699,0.0005564452731050551
VTM-001987,DG-2bd03ef1f80d,calcite,2,2,0.17381829023361206,6.848285556770861e-05,3.837765325442888e-05,0.9984268546104431,0.0014662467874586582
VTM-001997,DG-9e06bcbc3761,calcite,2,2,0.14503830671310425,6.54984796710778e-06,0.001342426403425634,0.9938361644744873,0.004814865533262491
VTM-002004,DG-fc86d1207a8c,calcite,2,2,0.146786168217659,1.2004624068140402e-06,0.0004687101172748953,0.9992902874946594,0.00023984347353689373
VTM-002010,DG-3738ebb23911,calcite,2,2,0.3581148087978363,0.004179816693067551,0.004958865698426962,0.917941689491272,0.07291960716247559
VTM-002018,DG-c2299ae73b20,calcite,2,2,0.18238461017608643,1.1772429388656747e-05,0.0008740852936170995,0.9970334768295288,0.0020807371474802494
VTM-002024,DG-f27e59284db3,calcite,2,1,0.08405599743127823,0.0005301113706082106,0.5109460353851318,0.48721572756767273,0.0013080739881843328
VTM-002036,DG-d05b7db8a03a,calcite,2,0,0.3741917610168457,0.9746410846710205,0.00014881965762469918,0.005437349900603294,0.019772769883275032
VTM-002059,DG-7a4ef2336533,feldspar,2,2,0.33109334111213684,0.09299850463867188,0.061500463634729385,0.8156938552856445,0.029807202517986298
VTM-002070,DG-4d2397e45b8d,feldspar,2,2,0.19254356622695923,0.000698345189448446,0.0020628173369914293,0.9934227466583252,0.0038160730618983507
VTM-002074,DG-8d1bab30b0b2,feldspar,2,2,0.33603137731552124,0.0033155884593725204,0.11770185083150864,0.6360149383544922,0.24296759068965912
VTM-002077,DG-7b65be4b9679,feldspar,2,2,0.19632519781589508,2.733481323957676e-06,0.00020611628133337945,0.9997291564941406,6.197783659445122e-05
VTM-002085,DG-93dd367747d7,feldspar,2,1,0.17718246579170227,0.17759400606155396,0.8008759617805481,0.017307566478848457,0.004222466144710779
VTM-002093,DG-41defb57d166,feldspar,2,2,0.23737867176532745,0.0024440502747893333,0.00066710589453578,0.9943045377731323,0.002584303030744195
VTM-002099,DG-ca4676ee122b,feldspar,2,2,0.23611152172088623,0.010269366204738617,0.0011556530371308327,0.9799917340278625,0.008583282120525837
VTM-002119,DG-f6cfc775e0f7,feldspar,2,2,0.2751748263835907,0.00029943036497570574,0.0006694655166938901,0.9073085784912109,0.09172257035970688
VTM-002122,DG-e3fd0082ebbc,feldspar,2,2,0.05869486927986145,3.8763893826399e-05,0.05745765566825867,0.9423282742500305,0.00017532346828375012
VTM-002125,DG-38ecb3b17658,feldspar,2,2,0.26373839378356934,0.16506421566009521,0.004644468892365694,0.8221772909164429,0.008114008232951164
VTM-002146,DG-b61f7916473e,feldspar,2,2,0.2031625509262085,0.00011399340291973203,0.0014397978084161878,0.9918018579483032,0.006644329056143761
VTM-002148,DG-8c8100639791,feldspar,2,2,0.15019360184669495,0.0008124667219817638,0.00028611006564460695,0.9988330602645874,6.838096305727959e-05
VTM-002160,DG-c721d9903034,feldspar,2,2,0.15469983220100403,1.7328040485153906e-05,0.06572781503200531,0.9291812777519226,0.005073550622910261
VTM-002162,DG-58e9a9e63982,feldspar,2,2,0.05000148341059685,3.513165665935958e-06,0.008033443242311478,0.9919559955596924,7.0423971010313835e-06
VTM-002170,DG-8735f3b5117b,feldspar,2,2,0.2405398041009903,0.0035089647863060236,0.00024099041183944792,0.9930594563484192,0.0031905982177704573
VTM-002193,DG-c794c43abb0b,feldspar,2,2,0.13654564321041107,0.0009034210233949125,0.011664176359772682,0.9869131445884705,0.0005192877724766731
VTM-002215,DG-7f5f37a85907,feldspar,2,2,0.06989636272192001,1.654295488151547e-06,0.00038788485107943416,0.9996083974838257,2.0400445919221966e-06
VTM-002216,DG-43da8351f430,feldspar,2,2,0.27568724751472473,0.009294044226408005,0.0034336084499955177,0.9550702571868896,0.0322021022439003
VTM-002218,DG-2c3950bc4ff9,feldspar,2,2,0.177869975566864,0.00030556900310330093,3.180028897986631e-06,0.999228835105896,0.0004624561406672001
VTM-002244,DG-dd983ea4596e,feldspar,2,2,0.22923803329467773,0.00014645233750343323,0.010608822107315063,0.8225870728492737,0.16665767133235931
VTM-002259,DG-e4ff8cdf5b02,feldspar,2,1,0.03992175683379173,2.501060123449861e-07,0.9950295686721802,0.000973482325207442,0.003996716812252998
VTM-002267,DG-b6b3dc6cb54a,feldspar,2,2,0.15120145678520203,6.20673454250209e-05,0.051838990300893784,0.9333637356758118,0.014735173434019089
VTM-002270,DG-20fd5166bb61,feldspar,2,2,0.12320257723331451,0.0014653190737590194,0.09959791600704193,0.883815348148346,0.015121446922421455
VTM-002272,DG-8ee7a09610fa,feldspar,2,2,0.17610584199428558,2.36862415476935e-05,0.13668173551559448,0.813208281993866,0.050086334347724915
VTM-002276,DG-419ba4b696ff,feldspar,2,2,0.14632682502269745,0.00011336740135448053,0.00015008807531557977,0.9996683597564697,6.819042755523697e-05
VTM-002286,DG-68bc250cc9a1,feldspar,2,2,0.10647930949926376,2.105942985508591e-05,0.0026556856464594603,0.9973039627075195,1.9258493921370246e-05
VTM-002307,DG-dd9a8c5d9f57,feldspar,2,2,0.11866335570812225,6.010266133671394e-06,8.740809425944462e-05,0.999902606010437,3.982792350143427e-06
VTM-002319,DG-096e6302dea3,feldspar,2,2,0.11768252402544022,8.636722554911103e-07,4.437175903149182e-06,0.9999862909317017,8.45055365061853e-06
VTM-002328,DG-19dbdc53bcd4,feldspar,2,2,0.17445673048496246,0.007318506482988596,0.002569875679910183,0.9864542484283447,0.0036573875695466995
VTM-002331,DG-bdfbd80f95da,feldspar,2,2,0.2752496004104614,0.003009880194440484,0.0061600059270858765,0.9813324809074402,0.00949763786047697
VTM-002334,DG-856685443b2c,feldspar,2,2,0.12044815719127655,0.0009502644534222782,0.0002607381611596793,0.9982028603553772,0.0005861167446710169
VTM-002335,DG-30c595ffee50,feldspar,2,2,0.3405373990535736,0.024687470868229866,0.0019516119500622153,0.9712995886802673,0.0020613279193639755
VTM-002372,DG-8c516806dace,fluorapatite,2,2,0.07162471860647202,4.727015038952231e-06,6.814721564296633e-05,0.9999206066131592,6.549725640070392e-06
VTM-002376,DG-6990fca3f9fd,fluorapatite,2,2,0.09596982598304749,2.0905549718008842e-06,9.684365068096668e-05,0.9998800158500671,2.1028617993579246e-05
VTM-002384,DG-0980dea5bbcb,fluorapatite,2,2,0.20588354766368866,0.00031462436891160905,0.006539999041706324,0.9801181554794312,0.013027186505496502
VTM-002398,DG-8b0f6c6f3aed,fluorapatite,2,2,0.05648728832602501,8.632354365545325e-06,2.996688124312641e-07,0.9999910593032837,2.803088428038336e-08
VTM-002407,DG-0dd02f3efca5,fluorapatite,2,2,0.40089747309684753,0.011746988631784916,0.0021151425316929817,0.8703134655952454,0.11582444608211517
VTM-002409,DG-0fd392a51bf0,fluorapatite,2,2,0.06682924181222916,2.904268512793351e-05,0.0435095876455307,0.9563554525375366,0.00010595437925076112
VTM-002410,DG-e4e94a87f937,fluorapatite,2,2,0.10389712452888489,1.9055737539019901e-06,0.002537754364311695,0.9968363642692566,0.0006239356589503586
VTM-002416,DG-931673004572,fluorapatite,2,2,0.08398294448852539,0.0001288783532800153,0.10624639689922333,0.8928965330123901,0.0007281850557774305
VTM-002425,DG-72bb26f4ed2f,fluorapatite,2,2,0.20622460544109344,0.000919019861612469,0.0033383567351847887,0.9928610920906067,0.002881511114537716
VTM-002426,DG-70ae871f721c,fluorapatite,2,2,0.05312972888350487,1.0838679372682236e-05,0.1432921439409256,0.8566071391105652,8.991682989289984e-05
VTM-002433,DG-fbaa772afdb1,fluorapatite,2,2,0.1378554105758667,3.0323768442030996e-05,1.2292691280890722e-05,0.9999394416809082,1.791206705092918e-05
VTM-002438,DG-86d5432fe9c6,fluorapatite,2,2,0.08249686658382416,6.643397682637442e-06,0.00019216527289245278,0.9997931122779846,8.085427907644771e-06
VTM-002453,DG-d81a26fc98cc,fluorapatite,2,2,0.1666034758090973,0.0004132863541599363,0.005550079047679901,0.9923063516616821,0.0017302485648542643
VTM-002459,DG-9bbb9ce55e0b,fluorapatite,2,2,0.13156668841838837,0.02001243829727173,0.2968265116214752,0.6813100576400757,0.0018509491346776485
VTM-002488,DG-1fbba0246cb5,fluorapatite,2,2,0.16120347380638123,0.0002293057186761871,3.0265769964898936e-05,0.9989302158355713,0.0008101908024400473
VTM-002492,DG-bca1b9ac8053,fluorapatite,2,2,0.12278204411268234,0.00626674760133028,0.00016494303417857736,0.9935462474822998,2.1987749278196134e-05
VTM-002494,DG-0b1798750509,fluorapatite,2,2,0.03396234288811684,8.338245606864803e-06,0.0011819261126220226,0.998809278011322,4.5853025198994146e-07
VTM-002498,DG-ba77c7896a2e,fluorapatite,2,2,0.08171697705984116,4.26490760219167e-06,0.0016796281561255455,0.9979934096336365,0.0003226646804250777
VTM-002524,DG-e7ea14e488c5,fluorapatite,2,2,0.17310422658920288,0.2638126611709595,0.0563068687915802,0.5482085943222046,0.13167189061641693
VTM-002532,DG-f5727e40eaf0,fluorapatite,2,2,0.18953625857830048,0.0005386756383813918,0.004696497227996588,0.9933129549026489,0.0014518997631967068
VTM-002533,DG-b3d54423379a,fluorapatite,2,2,0.11282367259263992,7.136250587791437e-06,0.00010820469469763339,0.9998752474784851,9.372419299324974e-06
VTM-002553,DG-ebc844601fc2,fluorapatite,2,2,0.051898181438446045,0.00023786556266713887,0.09382251650094986,0.9059310555458069,8.624380825494882e-06
VTM-002560,DG-fce16a9389ed,fluorapatite,2,2,0.19189530611038208,0.06669158488512039,0.2686077952384949,0.6206095814704895,0.044091105461120605
VTM-002562,DG-6caae9acb9f7,fluorapatite,2,2,0.03888877108693123,4.748026469769684e-07,1.6988999504974345e-06,0.9999920725822449,5.7641918829176575e-06
VTM-002588,DG-bf1e0b7b2b2d,fluorapatite,2,2,0.12157873809337616,1.2138882993895095e-05,0.011448767967522144,0.984201192855835,0.004337843973189592
VTM-002594,DG-173a6b0ad21a,fluorapatite,2,2,0.07995331287384033,9.8995815278613e-07,7.963139069033787e-05,0.9998293519020081,9.000773570733145e-05
VTM-002605,DG-0f47d6b5986a,fluorapatite,2,1,0.08848975598812103,0.00033037769026122987,0.8114344477653503,0.18790443241596222,0.00033073831582441926
VTM-002610,DG-41bbe58aa022,fluorapatite,2,3,0.18960362672805786,0.0010526478290557861,0.022535376250743866,0.08713994175195694,0.8892720341682434
VTM-002620,DG-2f0ec9964ed1,fluorapatite,2,2,0.13111723959445953,3.1978910556063056e-05,6.446583938668482e-06,0.9999093413352966,5.219159720581956e-05
VTM-002624,DG-ebe5477d9d4e,fluorapatite,2,2,0.15281623601913452,0.007965566590428352,0.01076545286923647,0.977095365524292,0.004173619672656059
VTM-002635,DG-08ba49dd32f8,fluorapatite,2,1,0.14583845436573029,0.0016660186229273677,0.9349437355995178,0.04546203836798668,0.017928142100572586
VTM-002637,DG-49f9ce893fdb,fluorapatite,2,2,0.27435818314552307,0.03745878487825394,0.0007047069375403225,0.956695020198822,0.005141532048583031
VTM-002642,DG-458ad01f99c5,fluorapatite,2,2,0.09081283956766129,1.0838194612006191e-05,8.269985119113699e-05,0.9998620748519897,4.440156044438481e-05
VTM-002669,DG-94d163b6955c,fluorapatite,2,2,0.2428201287984848,0.007538937963545322,0.3180820345878601,0.6681824922561646,0.006196522619575262
VTM-002685,DG-2371f5e69821,fluorapatite,2,2,0.06981296092271805,9.427929035155103e-05,0.14331740140914917,0.8565359115600586,5.244915155344643e-05
VTM-002700,DG-5a9a649090e8,fluorapatite,2,2,0.08962757140398026,4.784273642144399e-06,0.0026132389903068542,0.9970020651817322,0.0003799416299443692
VTM-002701,DG-a4daf9c45a67,fluorapatite,2,2,0.12910574674606323,0.00036011540214531124,0.005397822707891464,0.9926058053970337,0.0016362862661480904
VTM-002705,DG-a45e2458cc11,fluorapatite,2,2,0.17264868319034576,0.004257014021277428,0.06107185035943985,0.9319899678230286,0.002681172452867031
VTM-002706,DG-0d92fb7cb95e,fluorapatite,2,2,0.14594069123268127,0.0005679287714883685,0.018189717084169388,0.628213107585907,0.3530292809009552
VTM-002712,DG-7306db6b5311,fluorapatite,2,2,0.23564106225967407,0.018733197823166847,0.1202901229262352,0.8177108764648438,0.043265827000141144
VTM-002716,DG-2cfb90213ded,fluorapatite,2,2,0.06797845661640167,2.6060974050778896e-05,0.0005222747568041086,0.999424159526825,2.755308560153935e-05
VTM-002728,DG-85256a8dc87c,fluorapatite,2,3,0.10251478850841522,3.621738505898975e-05,0.008159950375556946,2.433429290249478e-05,0.9917794466018677
VTM-002732,DG-3fde00040150,fluorapatite,2,1,0.08282198756933212,1.7705891877994873e-05,0.522850513458252,0.4769590198993683,0.0001727638446027413
VTM-002753,DG-14675da71f30,fluorapatite,2,2,0.17942337691783905,0.0011106869205832481,0.29439297318458557,0.6873645782470703,0.01713172346353531
VTM-002757,DG-92a6cda372d9,fluorapatite,2,3,0.15573127567768097,3.842084333882667e-05,7.298453419934958e-05,0.3468424379825592,0.6530462503433228
VTM-002763,DG-617149045788,fluorapatite,2,2,0.05971458926796913,1.935031150424038e-06,5.2347757446113974e-05,0.9999391436576843,6.581206434930209e-06
VTM-002765,DG-04feb0d85ca2,fluorapatite,2,2,0.08285272866487503,2.2623546101385728e-05,0.00010560454393271357,0.9998560547828674,1.5696832633693703e-05
VTM-002772,DG-be4ab2bcc955,fluorapatite,2,3,0.3665332794189453,0.045181792229413986,0.002918154699727893,0.46310651302337646,0.4887934923171997
VTM-002781,DG-46e771570fcc,fluorapatite,2,2,0.20407827198505402,0.00020787352696061134,0.007570664398372173,0.9653639793395996,0.02685748040676117
VTM-002798,DG-2fc3c91217fd,fluorapatite,2,2,0.24691380560398102,0.0006832345388829708,0.0009590685949660838,0.9960897564888,0.0022679660469293594
VTM-002810,DG-c7cefc4405fa,fluorapatite,2,2,0.09851265698671341,4.974758849130012e-05,0.00042128495988436043,0.9992268681526184,0.0003020900476258248
VTM-002817,DG-72e46144068c,fluorapatite,2,2,0.09719271212816238,9.95410459836421e-07,0.004047471564263105,0.9958687424659729,8.282440103357658e-05
VTM-002839,DG-cc6dea240596,fluorapatite,2,2,0.08021558821201324,0.0002726493985392153,0.0001570423337398097,0.9995676875114441,2.6124826035811566e-06
VTM-002848,DG-9438a8d01734,fluorapatite,2,2,0.078314870595932,9.617406612960622e-05,0.004292958416044712,0.5848098397254944,0.4108010530471802
VTM-002860,DG-c256a200d15c,fluorapatite,2,2,0.12198315560817719,0.0003786624001804739,0.44789987802505493,0.5499581694602966,0.0017632563831284642
VTM-002876,DG-b9538958ce5c,fluorapatite,2,2,0.13871191442012787,4.05418686568737e-05,8.176855772035196e-06,0.9997437596321106,0.00020752746786456555
VTM-002909,DG-9bbfec4037a2,pyroxene,2,2,0.06292414665222168,3.434839300098247e-06,0.00014948540774639696,0.9998272657394409,1.9780112779699266e-05
VTM-002914,DG-ecd4fac4287f,pyroxene,2,2,0.1364905685186386,7.954414286359679e-06,1.000121187644254e-06,0.9999876022338867,3.4854174373322167e-06
VTM-002919,DG-356ea2090c53,pyroxene,2,2,0.08424541354179382,0.000615646771620959,0.031024659052491188,0.9655192494392395,0.002840429311618209
VTM-002931,DG-4b287bf51a6f,pyroxene,2,2,0.19453561305999756,0.001031973515637219,0.0001683275622781366,0.9984519481658936,0.00034774342202581465
VTM-002936,DG-f2341a4eb33d,pyroxene,2,1,0.09259643405675888,6.597242463612929e-05,0.5912221670150757,0.40838655829429626,0.0003253419417887926
VTM-002938,DG-bc185c527a55,pyroxene,2,2,0.11916407942771912,4.6753921196796e-05,0.003384339390322566,0.9963249564170837,0.00024398494861088693
VTM-002965,DG-39c6e752f427,pyroxene,2,2,0.16516651213169098,8.28743759484496e-06,2.457082246110076e-06,0.9999033212661743,8.591727237217128e-05
VTM-002982,DG-2f45f8a0936b,pyroxene,2,2,0.10960777848958969,0.00020011674496345222,1.760037412168458e-05,0.9997745156288147,7.816871402610559e-06
VTM-003000,DG-ca7739728c21,pyroxene,2,2,0.13316920399665833,0.004946448374539614,0.03351050615310669,0.9503518342971802,0.011191155761480331
VTM-003001,DG-83d2bf0fab9e,pyroxene,2,2,0.1163446307182312,1.1574910786293913e-05,0.00018519202421884984,0.999772846698761,3.0406663427129388e-05
VTM-003018,DG-6a899d32c512,pyroxene,2,2,0.0792791098356247,1.1005558917531744e-05,6.523313641082495e-05,0.9999130964279175,1.0632811608957127e-05
VTM-003049,DG-4d3059f55084,pyroxene,2,2,0.06618743389844894,5.826433948641352e-07,1.3707077641811338e-06,0.9999978542327881,1.8476025331892743e-07
VTM-003065,DG-d07ead84c7a2,pyroxene,2,0,0.2140459418296814,0.7512754797935486,0.014255131594836712,0.1930328756570816,0.04143654182553291
VTM-003070,DG-316331c5fc65,pyroxene,2,2,0.18831311166286469,0.0074120196513831615,0.0021280464716255665,0.9899459481239319,0.0005140082794241607
VTM-003073,DG-53909db5f730,pyroxene,2,2,0.1746838241815567,0.0006463434547185898,0.03955064341425896,0.959123432636261,0.0006795723456889391
VTM-003076,DG-27c27a638953,pyroxene,2,2,0.12204261869192123,0.0009391105268150568,0.0003789541660808027,0.998565673828125,0.00011628282663878053
VTM-003089,DG-6e83ee1cd5c2,pyroxene,2,1,0.028951680287718773,0.0005444387788884342,0.9994423985481262,2.1641512830683496e-06,1.0995860066032037e-05
VTM-003101,DG-270a257d6333,pyroxene,2,3,0.45237603783607483,0.017698228359222412,0.05186218395829201,0.20734310150146484,0.723096489906311
VTM-003102,DG-eb49f9733f96,pyroxene,2,0,0.3615536689758301,0.9677113890647888,0.0022010072134435177,0.022639550268650055,0.0074480390176177025
VTM-003107,DG-eb291857b5f2,pyroxene,2,2,0.055466651916503906,2.351563068714313e-07,2.0570532797137275e-05,0.999967634677887,1.1536232705111615e-05
VTM-003108,DG-8e63d42ac29e,pyroxene,2,1,0.12696164846420288,0.0024865702725946903,0.9951519966125488,0.0019692236091941595,0.0003921986208297312
VTM-003109,DG-5009da639d73,pyroxene,2,2,0.2848680317401886,0.0002560970897320658,0.003093069652095437,0.9126479029655457,0.08400294929742813
VTM-003130,DG-65e305e9a731,pyroxene,2,2,0.12151341885328293,0.0006230677245184779,4.5894284994574264e-05,0.9992033839225769,0.0001277015107916668
VTM-003136,DG-5b84681da663,pyroxene,2,2,0.2551576495170593,0.00032764277420938015,8.375111974601168e-06,0.9996008276939392,6.313675839919597e-05
VTM-003137,DG-8ff769650c04,pyroxene,2,2,0.16652792692184448,7.165490387706086e-06,3.286301580374129e-05,0.9999287724494934,3.1211435270961374e-05
VTM-003150,DG-a4568071fec7,pyroxene,2,2,0.12819069623947144,6.19660277152434e-05,0.03212064877152443,0.7310156226158142,0.23680178821086884
VTM-003155,DG-82eaf07a7bdb,pyroxene,2,2,0.16868454217910767,0.00013633847993332893,9.731994396133814e-06,0.9998459815979004,7.955840374052059e-06
VTM-003166,DG-fefad8b6e176,pyroxene,2,2,0.19366852939128876,5.487051384989172e-05,2.9735019779764116e-05,0.9998804330825806,3.4958207834279165e-05
VTM-003167,DG-fde5f2d58bd6,pyroxene,2,2,0.27084147930145264,0.18783912062644958,0.005628588609397411,0.7850019931793213,0.02153029292821884
VTM-003171,DG-462d909e6446,pyroxene,2,2,0.14008894562721252,0.036355022341012955,0.17429892718791962,0.7885572910308838,0.000788772595115006
VTM-003172,DG-de8624b5213f,pyroxene,2,2,0.06978529691696167,1.9142235032632016e-06,0.059107132256031036,0.9406733512878418,0.00021760156960226595
VTM-003187,DG-20fae7745a04,pyroxene,2,3,0.09334252029657364,6.205366844369564e-06,0.05111004039645195,2.6139739475183887e-06,0.9488811492919922
VTM-003190,DG-95f9589a4c5f,pyroxene,2,1,0.18203555047512054,0.20989678800106049,0.7274129986763,0.05030469223856926,0.01238560676574707
VTM-003191,DG-771a6afc0275,pyroxene,2,0,0.2811395525932312,0.8688972592353821,0.006854697596281767,0.010417483747005463,0.11383060365915298
VTM-003192,DG-3d7227aa9b91,pyroxene,2,2,0.1649630218744278,9.98527139017824e-06,0.0001298060524277389,0.9998160004615784,4.421189441927709e-05
VTM-003195,DG-9c3b22aefc04,pyroxene,2,2,0.06639934331178665,0.00018016125250142068,0.001295066555030644,0.9985052347183228,1.9514618543325923e-05
VTM-003201,DG-1dd2f524e776,pyroxene,2,2,0.19094209372997284,0.0008467642473988235,0.002425379352644086,0.9946139454841614,0.002113937633112073
VTM-003210,DG-89f5c9cca930,pyroxene,2,2,0.13017694652080536,0.010885338298976421,0.4446597397327423,0.5433778762817383,0.0010770491790026426
VTM-003217,DG-589a19f16dbe,pyroxene,2,2,0.15713448822498322,0.0018618011381477118,0.20648573338985443,0.7866855263710022,0.004966979380697012
VTM-003218,DG-6a0fe6019816,pyroxene,2,2,0.20626722276210785,0.0018343862611800432,0.0006585838855244219,0.9972540140151978,0.0002530129568185657
VTM-003235,DG-1793687c7efc,pyroxene,2,0,0.2742632031440735,0.9794093370437622,0.003082375042140484,0.01480040606111288,0.002707883482798934
VTM-003252,DG-c2662337c3f4,pyroxene,2,2,0.2335309386253357,0.005506165325641632,0.0009377043461427093,0.9918054938316345,0.0017506314907222986
VTM-003260,DG-88a40d491940,pyroxene,2,1,0.10293653607368469,0.0631067082285881,0.6379073262214661,0.29762086272239685,0.001365138334222138
VTM-003274,DG-66e6fbd39ec0,pyroxene,2,2,0.05902045965194702,6.958936182854814e-07,6.041235974407755e-05,0.9999205470085144,1.83547363121761e-05
VTM-003299,DG-876b60276a74,pyroxene,2,2,0.36291584372520447,0.038408562541007996,0.04453393816947937,0.6042338609695435,0.31282365322113037
VTM-003306,DG-1ee4428aac3b,pyroxene,2,2,0.17543372511863708,0.0009718601941131055,0.01976964995265007,0.7399471998214722,0.2393113225698471
VTM-003316,DG-8a5ae1d39e37,pyroxene,2,1,0.1427123248577118,0.0005151169607415795,0.6048353910446167,0.3756429851055145,0.019006477668881416
VTM-003317,DG-0d894807161b,pyroxene,2,1,0.2929209768772125,0.03071209229528904,0.7584333419799805,0.027393031865358353,0.1834615170955658
VTM-003326,DG-0de282cf4a43,pyroxene,2,2,0.30474311113357544,0.015065652318298817,0.02115192450582981,0.8425461649894714,0.12123633176088333
VTM-003346,DG-ee78988ee792,pyroxene,2,1,0.09754055738449097,0.17093557119369507,0.48288148641586304,0.3460984230041504,8.449226879747584e-05
VTM-003349,DG-a0069817896e,pyroxene,2,2,0.1478041112422943,0.012830096296966076,0.31007111072540283,0.6718936562538147,0.005205151159316301
VTM-003377,DG-097f1d18428b,quartz,2,2,0.05255035310983658,7.525107292849498e-08,0.014305753633379936,0.985683023929596,1.1182578418811318e-05
VTM-003384,DG-0eb7767ce0ba,quartz,2,2,0.17482858896255493,0.0004444725054781884,0.006554711144417524,0.9722666144371033,0.02073419652879238
VTM-003389,DG-b1744c7cf0c2,quartz,2,2,0.05986682325601578,9.078813434371114e-08,0.0005578068667091429,0.999421238899231,2.083650542772375e-05
VTM-003394,DG-167449254eec,quartz,2,2,0.08159486949443817,4.413810074765934e-06,4.1043291275855154e-05,0.9999435544013977,1.1021318641724065e-05
VTM-003416,DG-0b638c363e60,quartz,2,2,0.05530313029885292,4.151749521952297e-07,5.765233436250128e-05,0.9999385476112366,3.3586159133847104e-06
VTM-003424,DG-7f0121f17922,quartz,2,2,0.06392504274845123,5.90616309636971e-07,2.3389669877360575e-05,0.9999697208404541,6.291207228059648e-06
VTM-003438,DG-c257f06511b6,quartz,2,2,0.0793178454041481,1.5039318896015175e-05,0.035589173436164856,0.9643087983131409,8.701327169546857e-05
VTM-003473,DG-0bfd13e84a38,quartz,2,2,0.13501010835170746,0.00017409512656740844,0.022915106266736984,0.9762400984764099,0.000670659588649869
VTM-003493,DG-52defffa941a,quartz,2,2,0.026747580617666245,6.744052711837867e-07,1.0059705601861424e-07,0.9999992251396179,6.882399983254572e-09
VTM-003497,DG-60a63d00b63c,quartz,2,2,0.19585704803466797,0.0003553933638613671,0.0024015263188630342,0.9597050547599792,0.03753800317645073
VTM-003505,DG-7173d65b2ce7,quartz,2,2,0.21891483664512634,8.772483852226287e-05,0.001663545030169189,0.996936023235321,0.0013126718113198876
VTM-003512,DG-f9160b87266c,quartz,2,2,0.16614079475402832,0.059160299599170685,0.03167630359530449,0.9033846855163574,0.005778732243925333
VTM-003513,DG-cf3123da1ef5,quartz,2,2,0.07731875777244568,0.00025469675892964005,0.004206210840493441,0.9955187439918518,2.0338588001322933e-05
VTM-003516,DG-4026c5251868,quartz,2,2,0.12292830646038055,3.995086080976762e-05,0.007909433916211128,0.9916337728500366,0.00041682421579025686
VTM-003527,DG-875a8bbe2ff4,quartz,2,2,0.04070787504315376,2.8144091857029707e-07,0.00567089207470417,0.9942750930786133,5.372344094212167e-05
VTM-003549,DG-25715dcbbdb0,quartz,2,2,0.1889829933643341,1.638420690142084e-05,0.010823305696249008,0.9703778624534607,0.018782470375299454
VTM-003562,DG-537b7d49f26f,quartz,2,2,0.11549414694309235,0.01874532736837864,0.2630329430103302,0.7169266939163208,0.0012949813390150666
VTM-003566,DG-4defa7fa3a5e,quartz,2,2,0.140238955616951,0.0016088886186480522,0.021359223872423172,0.9765791296958923,0.00045276200398802757
VTM-003567,DG-7e9e27e48328,quartz,2,2,0.18139615654945374,0.00988588947802782,0.022439289838075638,0.9615889191627502,0.006085948087275028
VTM-003569,DG-53a4f289f76f,quartz,2,2,0.09583048522472382,6.137738182587782e-06,8.993777100840816e-07,0.9999917149543762,1.2770766488756635e-06
VTM-003577,DG-22dd8e7760ba,quartz,2,2,0.03527504950761795,2.472499147643248e-07,2.3463851903215982e-05,0.999972403049469,3.902715434378479e-06
VTM-003593,DG-013eb48bba8e,quartz,2,2,0.1532139927148819,3.882655073539354e-05,0.00029849313432350755,0.9996070861816406,5.5636697652516887e-05
VTM-003603,DG-90e2b90bb2ec,quartz,2,2,0.1495063453912735,8.39069252833724e-05,0.00015923847968224436,0.9995701313018799,0.00018666769028641284
VTM-003611,DG-c2f28b733e44,quartz,2,2,0.17397604882717133,0.0001382755144732073,0.032566286623477936,0.9657362699508667,0.0015590942930430174
VTM-003613,DG-4e32ba353abf,quartz,2,2,0.21310025453567505,0.005886115599423647,0.2041100710630417,0.7879161238670349,0.0020876615308225155
VTM-003618,DG-96498eebcd64,quartz,2,2,0.12010613083839417,6.0202124586794525e-05,0.011843999847769737,0.9860182404518127,0.002077531535178423
VTM-003633,DG-70dd9e62b8ab,quartz,2,1,0.08445949107408524,0.0019282546127215028,0.684996485710144,0.31158486008644104,0.0014903724659234285
VTM-003638,DG-3f6e67869303,vesuvianite,2,2,0.18971993029117584,0.00012119345046812668,0.0035033344756811857,0.9939866662025452,0.0023888442665338516
VTM-003674,DG-4edb6d8469ab,vesuvianite,2,2,0.09807142615318298,1.6132453311001882e-05,0.0016067881369963288,0.9983578324317932,1.9201494069420733e-05
VTM-003675,DG-63275627a9ea,vesuvianite,2,2,0.10954934358596802,2.2873631678521633e-05,0.00898843165487051,0.9900807738304138,0.0009079044684767723
VTM-003681,DG-6ca56a4d7446,vesuvianite,2,2,0.05923774838447571,2.6616089598974213e-06,0.009287049062550068,0.9906933307647705,1.6938731278060004e-05
VTM-003684,DG-9143c728f2e4,vesuvianite,2,2,0.09329620748758316,2.345840766793117e-05,0.0002473932399880141,0.9997236132621765,5.505583885678789e-06
VTM-003686,DG-f11c31142702,vesuvianite,2,1,0.1853756606578827,0.0033937448170036077,0.7396448850631714,0.25461167097091675,0.0023496579378843307
VTM-003699,DG-6fc8c9dd46c2,vesuvianite,2,2,0.18234072625637054,0.013617223128676414,0.08991491049528122,0.8954457640647888,0.0010221204720437527
VTM-003713,DG-9a0dffb9303d,vesuvianite,2,2,0.23659461736679077,0.016926057636737823,0.2814066410064697,0.4317750930786133,0.26989221572875977
VTM-003721,DG-450b654cca09,vesuvianite,2,3,0.12944954633712769,2.454020250297617e-05,0.07065403461456299,0.01579195074737072,0.9135295152664185
VTM-003722,DG-36c1b91e92c4,vesuvianite,2,2,0.06999944895505905,0.0031095831654965878,0.00022767976042814553,0.9965807199478149,8.203412289731205e-05
VTM-003729,DG-eae070f6d413,vesuvianite,2,2,0.16165179014205933,0.0019063068320974708,0.0026566714514046907,0.9946466684341431,0.0007903341320343316
VTM-003736,DG-098cd3520726,vesuvianite,2,2,0.19712668657302856,0.048672810196876526,0.03975239023566246,0.9026829600334167,0.008891886100172997
VTM-003750,DG-515956afdf20,vesuvianite,2,2,0.07202911376953125,2.3723841877654195e-05,0.0004287778865545988,0.999545156955719,2.3803036128811073e-06
VTM-003753,DG-f6d60a625935,vesuvianite,2,2,0.07316012680530548,2.413066113149398e-06,0.00029352030833251774,0.999697208404541,6.894549187563825e-06
VTM-003757,DG-d452f36e0df9,vesuvianite,2,2,0.07063812762498856,5.80401035676914e-07,0.00010061379725812003,0.9998981952667236,5.84577151130361e-07
VTM-003767,DG-d712b95e8d03,vesuvianite,2,3,0.14445939660072327,0.00024347356520593166,0.006866780109703541,0.3376575708389282,0.6552322506904602
VTM-003774,DG-d1bfbb45f49d,vesuvianite,2,2,0.2594311237335205,0.010074732825160027,0.030744316056370735,0.9500460624694824,0.009134868159890175
VTM-003781,DG-a453b1efc70f,vesuvianite,2,2,0.2075105607509613,5.8152800193056464e-05,0.0010099117644131184,0.9986007213592529,0.00033118249848484993
VTM-003787,DG-a57f7ec315c0,vesuvianite,2,2,0.11249586939811707,0.00017159344861283898,0.00047573118354193866,0.9992549419403076,9.77222589426674e-05
VTM-003814,DG-947f07df57f9,vesuvianite,2,2,0.05591694265604019,4.295387441288767e-07,2.7221984055358917e-05,0.9999701380729675,2.2265887764660874e-06
VTM-003824,DG-9034054e323d,vesuvianite,2,2,0.11944735050201416,0.0006233309977687895,0.0002769645943772048,0.9989924430847168,0.00010723990271799266
VTM-003832,DG-aedfdef6c9dd,vesuvianite,2,2,0.11741374433040619,0.004899672232568264,0.03110375814139843,0.9588124752044678,0.005184108391404152
VTM-003842,DG-66ccc92610c5,vesuvianite,2,2,0.07492391020059586,0.00013261946151033044,0.0013973363675177097,0.998460590839386,9.415596650796942e-06
VTM-003846,DG-65ee9832cb87,vesuvianite,2,2,0.0762924775481224,5.467658047564328e-05,0.0024471774231642485,0.9973903298377991,0.00010781118180602789
VTM-003861,DG-4b5998612f30,vesuvianite,2,2,0.06422402709722519,4.6594013838330284e-05,0.00046375204692594707,0.9994876384735107,1.9761130261031212e-06
VTM-003863,DG-187dda875561,vesuvianite,2,2,0.06577061116695404,0.00024088910140562803,0.006925384514033794,0.9925899505615234,0.0002438087685732171
VTM-003875,DG-b9ac843632dd,vesuvianite,2,2,0.27708080410957336,0.0009547246154397726,0.002316974103450775,0.9708684682846069,0.025859836488962173
VTM-003877,DG-591abe10bfe5,vesuvianite,2,1,0.07456179708242416,0.0020851073786616325,0.9966742396354675,0.0009196926257573068,0.0003209846618119627
VTM-003926,DG-66e1a06eb335,vesuvianite,2,2,0.14039185643196106,0.00020384661911521107,0.0592421218752861,0.9401317238807678,0.0004222995776217431
VTM-003928,DG-7baf62e4bd78,vesuvianite,2,1,0.0518764965236187,0.001069332822225988,0.695894718170166,0.30298224091529846,5.369412247091532e-05
VTM-003935,DG-d80e49ba3f14,vesuvianite,2,2,0.05932682380080223,5.5655800679232925e-06,1.830891051213257e-05,0.9999749064445496,1.227649249813112e-06
VTM-003946,DG-d67239230354,vesuvianite,2,2,0.15191352367401123,0.005086501128971577,0.17000161111354828,0.8240125775337219,0.0008993707015179098
VTM-003954,DG-d3113b27d149,vesuvianite,2,2,0.2225458174943924,0.0021838743705302477,0.0003684925031848252,0.977878212928772,0.01956944353878498
VTM-003962,DG-c5b5257cfa3d,vesuvianite,2,2,0.07099819928407669,1.0589138810246368e-06,7.06251466908725e-06,0.9999876618385315,4.19754678659956e-06
VTM-003971,DG-14f935be0016,vesuvianite,2,2,0.04589211568236351,5.937070000072708e-07,7.028509571682662e-05,0.9999275803565979,1.5490777514060028e-06
VTM-003973,DG-14d7772a2cce,vesuvianite,2,2,0.05307060852646828,4.320527659729123e-05,0.0005470453761518002,0.9994032979011536,6.436681360355578e-06
VTM-004006,DG-2e79c7b33fc4,vesuvianite,2,2,0.12714149057865143,0.0011239310260862112,0.00032545282738283277,0.9981157779693604,0.00043483858462423086
VTM-004007,DG-662b18f75ed5,vesuvianite,2,2,0.1845611333847046,0.0015167735982686281,0.010890546254813671,0.9835101366043091,0.0040825605392456055
VTM-004018,DG-9836822b50db,vesuvianite,2,2,0.1875889003276825,4.238577821524814e-05,0.0018163203494623303,0.9930917024612427,0.005049624480307102
VTM-004023,DG-b626d61ca459,vesuvianite,2,2,0.12451642751693726,9.596246854925994e-06,0.0026070084422826767,0.9961764812469482,0.0012069616932421923
VTM-004026,DG-59e18c2e392d,vesuvianite,2,2,0.042356859892606735,5.348276772565441e-07,6.365964054566575e-06,0.9999911189079285,1.9763433556363452e-06
VTM-004033,DG-06fa710908bb,vesuvianite,2,2,0.107935830950737,2.8311824280535802e-05,0.002119196578860283,0.9977895021438599,6.297033542068675e-05
VTM-004040,DG-195887bfa623,vesuvianite,2,2,0.23654989898204803,0.03204067423939705,0.013013246469199657,0.9300839900970459,0.024862095713615417
VTM-004055,DG-e9120d8e1974,vesuvianite,2,1,0.07613983750343323,0.00023161688295658678,0.8636729121208191,0.13531593978405,0.0007795154233463109
VTM-004059,DG-fbac0c61b5c8,vesuvianite,2,2,0.06149427220225334,0.00023895390040706843,0.000840016407892108,0.9988910555839539,2.992973713844549e-05
VTM-004060,DG-40cc236e2a0b,vesuvianite,2,3,0.3718063235282898,0.04495515301823616,0.07268724590539932,0.3825221657752991,0.49983543157577515
VTM-004064,DG-24d450703173,vesuvianite,2,2,0.29845723509788513,0.023766806349158287,0.10417289286851883,0.8692626357078552,0.0027976452838629484
VTM-004076,DG-628d38eee682,vesuvianite,2,2,0.211610347032547,0.013464433141052723,0.1938200443983078,0.7672607898712158,0.025454703718423843
VTM-004085,DG-34684666499d,vesuvianite,2,2,0.11109089106321335,4.841974714508979e-06,0.00023368898837361485,0.9997300505638123,3.141857450827956e-05
VTM-004102,DG-d229bb5b117b,vesuvianite,2,2,0.3126765489578247,0.3332898020744324,0.013265370391309261,0.6261337399482727,0.027311066165566444
VTM-004106,DG-293f69987720,vesuvianite,2,2,0.05994487926363945,1.0699332051444799e-05,0.053589820861816406,0.946386992931366,1.2478419193939772e-05
VTM-004108,DG-3cca43ecbc30,vesuvianite,2,1,0.11482910811901093,0.0005034706555306911,0.8685688376426697,0.1304159015417099,0.0005117947584949434
VTM-004137,DG-03cb4d8280c5,chalcopyrite,3,3,0.2856218218803406,2.8557362838910194e-06,5.402044553193264e-05,1.3059040611551609e-05,0.9999300837516785
VTM-004145,DG-a5e8cf82e011,chalcopyrite,3,0,0.2578602731227875,0.9591274261474609,0.02809937857091427,0.004254769999533892,0.008518454618752003
VTM-004152,DG-b3ea3eabff40,chalcopyrite,3,3,0.3700454533100128,1.6749234418966807e-05,7.599289801873965e-07,3.566828468137828e-07,0.9999821186065674
VTM-004155,DG-a636b5037976,chalcopyrite,3,1,0.07655870914459229,3.955555075663142e-05,0.9966427683830261,0.00011803465895354748,0.0031996502075344324
VTM-004175,DG-59972296a1e6,chalcopyrite,3,1,0.15122690796852112,0.00034582961234264076,0.5035700798034668,0.0031180272344499826,0.49296608567237854
VTM-004199,DG-ffab15fd8963,chalcopyrite,3,3,0.2299230396747589,0.027705783024430275,0.014044443145394325,0.005371873266994953,0.9528778791427612
VTM-004200,DG-f51e3b6143c9,chalcopyrite,3,3,0.37694060802459717,0.024289418011903763,0.00023456852068193257,0.0019965015817433596,0.9734795093536377
VTM-004201,DG-0f59261d4d4f,chalcopyrite,3,3,0.43691086769104004,0.07308837026357651,0.00017425307305529714,7.404659118037671e-05,0.926663339138031
VTM-004207,DG-56e580b37e9f,chalcopyrite,3,3,0.17482700943946838,0.002201552502810955,0.32626232504844666,0.009776528924703598,0.6617595553398132
VTM-004222,DG-1e0695c4192d,chalcopyrite,3,3,0.4627355933189392,0.3050518035888672,0.0004073927120771259,3.0275423341663554e-05,0.6945105791091919
VTM-004224,DG-e130c8625a9a,chalcopyrite,3,3,0.3249083161354065,0.00038883177330717444,6.9326356424426194e-06,0.015025431290268898,0.9845787882804871
VTM-004239,DG-7569fb280464,chalcopyrite,3,3,0.3570106029510498,0.15607014298439026,0.031071513891220093,0.3116034269332886,0.5012548565864563
VTM-004248,DG-e250671dc3de,chalcopyrite,3,3,0.5770633220672607,0.14678128063678741,0.047017086297273636,0.21905796229839325,0.5871436595916748
VTM-004254,DG-791f22659a0e,chalcopyrite,3,3,0.3741799294948578,0.003456718986853957,0.007604107726365328,0.03525737673044205,0.9536818265914917
VTM-004289,DG-1a0ff4cf7ad0,chalcopyrite,3,3,0.14146344363689423,3.171416196323662e-08,2.222081320724101e-06,1.9382505342946388e-06,0.9999958276748657
VTM-004295,DG-e07f1c25b65b,chalcopyrite,3,3,0.33437880873680115,0.01464275736361742,0.009578966535627842,0.054507482796907425,0.9212707877159119
VTM-004300,DG-57a9dde3b5e2,chalcopyrite,3,3,0.1578855961561203,0.00033908162731677294,0.11026939749717712,0.03546270355582237,0.853928804397583
VTM-004308,DG-22eb61db09a9,chalcopyrite,3,3,0.26773515343666077,0.0002198364381911233,0.0020907914731651545,0.0010221230331808329,0.9966672658920288
VTM-004325,DG-b207741b0c14,chalcopyrite,3,0,0.10820800065994263,0.8457783460617065,0.14452770352363586,0.00038699619472026825,0.00930697564035654
VTM-004337,DG-40f5e70ee74e,chalcopyrite,3,3,0.22529500722885132,8.062724532464927e-07,9.894178219838068e-06,3.8324331399053335e-05,0.9999510049819946
VTM-004339,DG-df0e950690cd,chalcopyrite,3,3,0.21666362881660461,0.038211651146411896,0.0014986080350354314,4.1541086829965934e-05,0.9602482318878174
VTM-004347,DG-f40746051508,chalcopyrite,3,3,0.14407406747341156,0.00010938917694147676,0.2262754738330841,0.05629144608974457,0.7173236608505249
VTM-004368,DG-190a29f63412,chalcopyrite,3,3,0.3659730851650238,2.093082912324462e-05,0.00019972174777649343,1.4276857655204367e-05,0.9997650980949402
VTM-004370,DG-9910ec82dbc3,chalcopyrite,3,2,0.14425858855247498,3.6707745039166184e-06,0.010391034185886383,0.9792636632919312,0.01034159678965807
VTM-004390,DG-ea9c51520a5e,chalcopyrite,3,3,0.3685913383960724,0.0073696463368833065,0.00939253717660904,6.169825792312622e-05,0.9831761121749878
VTM-004398,DG-e5eea438b686,chalcopyrite,3,0,0.19662882387638092,0.6235343217849731,0.23226231336593628,0.0021721457596868277,0.14203126728534698
VTM-004412,DG-9bef6018723c,chalcopyrite,3,3,0.46510109305381775,0.0031119559425860643,0.0012120157480239868,0.0033715188037604094,0.9923045039176941
VTM-004418,DG-9aae3020dd0b,chalcopyrite,3,0,0.3804644048213959,0.8079633712768555,0.06796780973672867,0.09456262737512589,0.0295062568038702
VTM-004420,DG-d531c03d0d41,chalcopyrite,3,3,0.2635963261127472,0.0003816118696704507,0.0033064333256334066,0.04723747447133064,0.9490744471549988
VTM-004422,DG-379750c68c74,chalcopyrite,3,3,0.35788995027542114,0.02210475504398346,0.12973307073116302,0.06904804706573486,0.7791141271591187
VTM-004428,DG-b470b1746d67,chalcopyrite,3,0,0.36222338676452637,0.9632770419120789,0.0004981258534826338,0.00010149305308004841,0.036123279482126236
VTM-004446,DG-22db508a3ee0,chalcopyrite,3,3,0.5009154677391052,0.03250393643975258,0.0005749401752837002,0.007361500058323145,0.9595595598220825
VTM-004451,DG-41c292ffbe46,goethite,3,3,0.20300406217575073,1.4612598533858545e-05,2.2642336261924356e-05,0.002198787871748209,0.9977639317512512
VTM-004465,DG-b25c7d12c261,goethite,3,3,0.40004074573516846,0.01021877396851778,0.008521429263055325,0.0022640645038336515,0.978995680809021
VTM-004467,DG-68dfbe9fc626,goethite,3,3,0.33944961428642273,0.028406834229826927,3.47321511071641e-05,0.00022005928622093052,0.9713383913040161
VTM-004503,DG-0a825a208653,goethite,3,3,0.36352986097335815,0.007185140624642372,0.0009748890297487378,0.006731302011758089,0.9851086735725403
VTM-004504,DG-c1aa704d2a6e,goethite,3,0,0.47113755345344543,0.8598291873931885,0.03644155338406563,0.0036180380266159773,0.10011114180088043
VTM-004513,DG-b0d63e3d4115,goethite,3,0,0.21809132397174835,0.7998488545417786,0.18657296895980835,0.00941637996584177,0.00416181655600667
VTM-004524,DG-f34d4718785f,goethite,3,3,0.32290488481521606,0.004727277439087629,0.048700615763664246,0.06514542549848557,0.8814266324043274
VTM-004535,DG-c5ecc3a3de89,goethite,3,3,0.09926725178956985,3.348455948071205e-06,0.001830736524425447,2.123520062013995e-06,0.9981637597084045
VTM-004536,DG-cd5ac65925db,goethite,3,3,0.2588373124599457,0.00021111065871082246,0.0035575195215642452,0.034296609461307526,0.9619347453117371
VTM-004541,DG-5544322fe5dc,goethite,3,3,0.40582332015037537,0.27042800188064575,0.009250479750335217,0.0005511500057764351,0.7197703719139099
VTM-004542,DG-566bb1ba97ab,goethite,3,0,0.45746853947639465,0.6623201370239258,0.0563056580722332,0.23430275917053223,0.04707145690917969
VTM-004551,DG-790ba3916d97,goethite,3,3,0.15105071663856506,5.0259437557542697e-05,2.5357915092172334e-06,0.23068296909332275,0.7692641615867615
VTM-004571,DG-e11f0c422035,goethite,3,3,0.2411481887102127,2.4574275812483393e-05,1.3360117009142414e-05,0.0009072996908798814,0.9990547299385071
VTM-004590,DG-82a5d3fbebab,goethite,3,3,0.31841742992401123,0.00022188083676155657,0.0023217680864036083,0.0034555154852569103,0.9940008521080017
VTM-004591,DG-9b5d4c76e13f,goethite,3,1,0.09208284318447113,8.306616905429109e-07,0.9989370703697205,0.00012938839790876955,0.0009326894069090486
VTM-004596,DG-ee811f7b2e16,goethite,3,3,0.3068142831325531,0.0002895345096476376,0.06336116790771484,0.2181326299905777,0.7182167172431946
VTM-004602,DG-e3cb63300161,goethite,3,3,0.23774480819702148,2.4649121769471094e-05,2.048439910140587e-06,0.00018614127475302666,0.9997872114181519
VTM-004611,DG-a1546a58cd91,goethite,3,2,0.1521739363670349,0.00015514565166085958,0.0008918648818507791,0.5606513619422913,0.4383016526699066
VTM-004613,DG-89979111c25d,goethite,3,3,0.18348343670368195,0.0005307772080413997,0.014487488195300102,0.0005141914007253945,0.9844675660133362
VTM-004619,DG-7124eccb0fa9,goethite,3,3,0.2521905303001404,0.04583863914012909,2.122624391631689e-05,1.5633962902938947e-05,0.9541245102882385
VTM-004633,DG-7551d69f7293,goethite,3,3,0.2099384069442749,6.138667959021404e-05,0.07013337314128876,0.0029827537946403027,0.9268224835395813
VTM-004641,DG-863365ae316e,goethite,3,3,0.24230845272541046,3.094408748438582e-05,0.00052790401969105,0.0510302372276783,0.9484109282493591
VTM-004661,DG-c7e61f41eeb1,goethite,3,3,0.28599846363067627,0.0010451023699715734,0.004592656623572111,0.43470609188079834,0.5596562027931213
VTM-004662,DG-ff3c831b2bc9,goethite,3,3,0.1833609640598297,0.0091444943100214,0.0009969292441383004,2.1708021904487396e-06,0.9898564219474792
VTM-004680,DG-c885724d568f,goethite,3,3,0.2795730233192444,9.36310098040849e-05,4.0412785892840475e-05,1.6120724467327818e-05,0.9998498558998108
VTM-004687,DG-2eded55bf079,goethite,3,3,0.39641815423965454,0.0006380525883287191,0.00010724832100095227,0.0009593366412445903,0.9982954263687134
VTM-004696,DG-0c9925831678,goethite,3,3,0.3964259624481201,0.028169088065624237,1.9220507965655997e-05,0.004995499737560749,0.9668161869049072
VTM-004701,DG-3634551650f6,goethite,3,3,0.14596787095069885,5.168983534531435e-07,5.1527826144592836e-05,2.4930553990998305e-05,0.999923050403595
VTM-004736,DG-5065b4a871df,hematite,3,1,0.13687151670455933,0.00025066788657568395,0.9907787442207336,0.00016383513866458088,0.008806797675788403
VTM-004751,DG-3f9343259002,hematite,3,0,0.16368775069713593,0.8735487461090088,0.059420615434646606,0.018235892057418823,0.04879473149776459
VTM-004764,DG-35a355eecef9,hematite,3,3,0.48686546087265015,0.04525892436504364,0.00018952309619635344,0.0016362789319828153,0.9529152512550354
VTM-004776,DG-e649d7ebea33,hematite,3,3,0.40914177894592285,0.002849566750228405,0.002494438551366329,0.0027268279809504747,0.9919291138648987
VTM-004786,DG-f3a4e0b6555c,hematite,3,3,0.3156346082687378,0.045009009540081024,0.02266683056950569,0.15307767689228058,0.7792465090751648
VTM-004795,DG-2103504c4bdb,hematite,3,3,0.22811467945575714,4.805353455594741e-05,0.014957358129322529,0.0003816578537225723,0.9846129417419434
VTM-004806,DG-fc9524d09b95,hematite,3,2,0.23771072924137115,0.00027098788996227086,0.014390412718057632,0.9826955199241638,0.0026430778671056032
VTM-004826,DG-b7a0b5815b3e,hematite,3,3,0.34050077199935913,0.05062635987997055,0.14740915596485138,0.14029404520988464,0.661670446395874
VTM-004831,DG-a8213982e46a,hematite,3,3,0.3406631350517273,1.7972499222196348e-07,5.862239618181775e-07,3.864278141918476e-07,0.9999988675117493
VTM-004849,DG-18f3860bdb05,hematite,3,3,0.20122048258781433,0.001407791394740343,0.08944262564182281,0.31098273396492004,0.5981668829917908
VTM-004859,DG-36609173255a,hematite,3,2,0.2279757857322693,0.007386976387351751,0.02514716424047947,0.9211225509643555,0.04634329304099083
VTM-004877,DG-4967513704bf,hematite,3,1,0.22002056241035461,0.028560437262058258,0.8913732767105103,0.01727541908621788,0.0627908781170845
VTM-004881,DG-9bde80e0c14c,hematite,3,1,0.020393207669258118,2.708354145397607e-07,0.9999995827674866,8.720218858115913e-08,3.680347759882352e-08
VTM-004882,DG-769f57cd2cf8,hematite,3,3,0.3450916111469269,0.4151371717453003,0.027603773400187492,0.00047790026292204857,0.5567811727523804
VTM-004883,DG-d8f9fa7c1040,hematite,3,0,0.3791636824607849,0.726442277431488,0.004856620449572802,0.0058338758535683155,0.2628672420978546
VTM-004892,DG-0b02904cd2d9,hematite,3,1,0.04067496582865715,2.4105838747345842e-06,0.9999120831489563,2.9091959277138812e-06,8.26140894787386e-05
VTM-004893,DG-0dd74fec7b9f,hematite,3,3,0.37742871046066284,4.708853521151468e-05,0.0007371898973360658,0.0016226748703047633,0.9975930452346802
VTM-004903,DG-03ee3b4153cc,hematite,3,0,0.472309410572052,0.901838481426239,0.006546503398567438,0.0033438217360526323,0.08827120065689087
VTM-004907,DG-78b3d3ddbae7,hematite,3,1,0.16109159588813782,0.0008237257716245949,0.8885498046875,0.06961590051651001,0.04101056233048439
VTM-004919,DG-f36a83941799,hematite,3,1,0.18185673654079437,0.10134140402078629,0.8979874849319458,0.0003688088327180594,0.0003022804739885032
VTM-004926,DG-8097974f3dde,hematite,3,3,0.30190983414649963,0.47474151849746704,4.609678944689222e-05,0.0009229875868186355,0.5242894291877747
VTM-004936,DG-a8b68565511e,hematite,3,2,0.1522345393896103,1.1977217582170852e-05,0.022536398842930794,0.8949601650238037,0.08249145746231079
VTM-004937,DG-ab5809dd5da8,hematite,3,2,0.32640644907951355,0.006142760161310434,0.025121143087744713,0.5798917412757874,0.38884443044662476
VTM-004951,DG-8c3dbde4dc22,hematite,3,3,0.2933043837547302,0.4371925890445709,0.05006761476397514,0.00775595149025321,0.5049838423728943
VTM-004954,DG-65c13edaf745,hematite,3,1,0.14300324022769928,0.23875130712985992,0.7522099018096924,0.0014983840519562364,0.007540410850197077
VTM-004960,DG-4bd8424d7cae,hematite,3,2,0.167754665017128,0.00013691345520783216,0.009701661765575409,0.9880068302154541,0.0021545924246311188
VTM-004964,DG-789f52be1e9c,hematite,3,1,0.15532377362251282,0.000693261215928942,0.8998353481292725,0.0007576650241389871,0.09871373325586319
VTM-004965,DG-ec5605c40be2,hematite,3,2,0.26324334740638733,0.10774212330579758,0.000745315570384264,0.8156309723854065,0.07588156312704086
VTM-004978,DG-c1d8c5df3846,hematite,3,3,0.48434773087501526,0.028769873082637787,0.0018663336522877216,0.008607388474047184,0.9607564210891724
VTM-005011,DG-9f846ac38613,hematite,3,2,0.1569993495941162,4.8054440412670374e-05,0.0009811498457565904,0.9985498189926147,0.0004209958715364337
VTM-005013,DG-004213fd6a05,hematite,3,3,0.17540818452835083,0.005755274090915918,0.3902309238910675,0.15557001531124115,0.44844383001327515
VTM-005015,DG-b8ee37c13b84,hematite,3,0,0.3359585404396057,0.6240116953849792,0.005051617976278067,0.03741824999451637,0.3335184156894684
VTM-005037,DG-254019202fdb,pyrite,3,3,0.2761186957359314,0.0013565714471042156,0.0968109592795372,0.012679381296038628,0.8891531229019165
VTM-005057,DG-99844870524b,pyrite,3,2,0.14605146646499634,1.3017436685913708e-05,7.989384175743908e-05,0.9096163511276245,0.09029080718755722
VTM-005062,DG-3c5a676ef940,pyrite,3,1,0.14210201799869537,0.00032269672374241054,0.9917630553245544,2.6617079129209742e-05,0.007887681014835835
VTM-005067,DG-b4d0b6499ae1,pyrite,3,3,0.3650885820388794,0.0010906506795436144,0.022803232073783875,0.0007439864566549659,0.9753621220588684
VTM-005074,DG-e676ba76f662,pyrite,3,3,0.16638830304145813,1.0217095223197248e-06,0.0075958501547575,8.538696420146152e-05,0.9923177361488342
VTM-005102,DG-2b0ce78a18cf,pyrite,3,3,0.13774870336055756,5.159624265616003e-07,0.000492792169097811,6.953406409593299e-05,0.999437153339386
VTM-005106,DG-edc03301ed52,pyrite,3,3,0.3376290798187256,0.02606712281703949,0.2203882783651352,0.017321927472949028,0.7362226247787476
VTM-005111,DG-c9c7f1af00da,pyrite,3,3,0.48074114322662354,0.04071769118309021,0.0002752828295342624,4.866402014158666e-05,0.9589583873748779
VTM-005132,DG-db5c3921883f,pyrite,3,3,0.31831198930740356,0.20690424740314484,0.2448098361492157,0.04446122795343399,0.5038247108459473
VTM-005136,DG-eab6e568fca2,pyrite,3,3,0.08487747609615326,2.1025563910370693e-05,0.3588537275791168,0.039452631026506424,0.6016726493835449
VTM-005139,DG-015a32b12348,pyrite,3,3,0.30250290036201477,0.00032249357900582254,0.0005128852208144963,0.00011760474444599822,0.9990469813346863
VTM-005144,DG-b447ded5a7f9,pyrite,3,3,0.26970475912094116,9.23388943192549e-05,0.0004219933762215078,2.848992380677373e-06,0.9994828104972839
VTM-005145,DG-17eb62a05995,pyrite,3,2,0.13688641786575317,0.00017646452761255205,0.005565474275499582,0.9859746694564819,0.008283394388854504
VTM-005178,DG-2d82b0c36628,pyrite,3,1,0.2942061126232147,0.01943458802998066,0.8359882235527039,0.04806755110621452,0.09650962799787521
VTM-005182,DG-b51949e7b2e2,pyrite,3,3,0.39006099104881287,0.07093916833400726,0.0008947424939833581,0.009894750081002712,0.9182713627815247
VTM-005184,DG-20dc4e724938,pyrite,3,3,0.41606834530830383,0.05036427080631256,0.0008606347837485373,0.025733811780810356,0.9230413436889648
VTM-005189,DG-7d07d7ad37f5,pyrite,3,0,0.2893940210342407,0.5121849775314331,0.32162904739379883,0.001432863064110279,0.16475318372249603
VTM-005202,DG-017a1586ac26,pyrite,3,3,0.5197744369506836,0.02075972966849804,0.041554782539606094,0.2752664387226105,0.6624190211296082
VTM-005207,DG-6017bfeda9e7,pyrite,3,2,0.2384122908115387,0.00030120607698336244,0.0009492210228927433,0.9898180961608887,0.008931498974561691
VTM-005211,DG-1387f1c5cef6,pyrite,3,3,0.28910255432128906,2.8674150598817505e-05,9.999545000027865e-06,0.00012048174539813772,0.9998408555984497
VTM-005234,DG-d3b9b5d7fd7d,pyrite,3,3,0.18390391767024994,7.721973088337108e-05,0.001856354414485395,0.0001777720171958208,0.9978886842727661
VTM-005241,DG-bb537794a606,pyrite,3,3,0.45587754249572754,0.0012524332851171494,0.00027359704836271703,0.0002372775343246758,0.9982367157936096
VTM-005245,DG-dcb832ddbd03,pyrite,3,3,0.1351340413093567,0.00042566299089230597,0.40207406878471375,0.07036900520324707,0.5271312594413757
VTM-005254,DG-b366a9bbbfdc,pyrite,3,2,0.15213356912136078,0.03256932273507118,0.3581525683403015,0.6042349338531494,0.005043181125074625
VTM-005263,DG-3081169c4d16,pyrite,3,3,0.2284899652004242,0.00013281810970511287,1.3567338100983761e-05,0.008367827162146568,0.9914857149124146
VTM-005284,DG-1b585a59ad79,pyrite,3,3,0.30759498476982117,0.08594678342342377,0.0012188024120405316,0.4404185712337494,0.47241586446762085
VTM-005287,DG-821438e5afc8,pyrite,3,0,0.1633935421705246,0.9575049877166748,0.0041905553080141544,5.556150881602662e-07,0.038303960114717484
VTM-005289,DG-2f8b0ab0f8ac,pyrite,3,3,0.3326835036277771,0.018761541694402695,0.001716946018859744,1.4543783208864625e-06,0.9795200228691101
VTM-005304,DG-3f3ea9638ade,pyrite,3,3,0.4287731647491455,0.0004675653763115406,0.00015564112982247025,6.287391443038359e-05,0.9993139505386353
VTM-005319,DG-5e7536848ebf,pyrite,3,3,0.3080974817276001,1.657813299971167e-06,0.0001028898186632432,0.0009731905302032828,0.9989222884178162
VTM-005323,DG-624ea6fd1a89,pyrite,3,2,0.2404700666666031,0.00021791522158309817,0.009224573150277138,0.9297451972961426,0.06081235781311989
VTM-005336,DG-3149ee858b1d,anatase,1,1,0.11269046366214752,0.006951594725251198,0.566952645778656,0.42419078946113586,0.0019049810944125056
VTM-005346,DG-a212476f0e24,anatase,1,1,0.14853154122829437,0.009680484421551228,0.9617559313774109,0.027989795431494713,0.0005738174659200013
VTM-005361,DG-b149ba2cb086,anatase,1,1,0.2280110865831375,0.0012809563195332885,0.9773373603820801,0.01943654753267765,0.0019450680119916797
VTM-005378,DG-5b021d05121c,anatase,1,3,0.12353215366601944,8.039944077609107e-06,0.020662769675254822,0.004181993659585714,0.9751472473144531
VTM-005380,DG-f29079b5613c,anatase,1,1,0.07457658648490906,1.2613757462531794e-05,0.9999644756317139,1.6146231018865365e-06,2.1277195628499612e-05
VTM-005385,DG-2131992c4dec,anatase,1,1,0.08891857415437698,0.0005742398789152503,0.9969464540481567,0.0022253557108342648,0.00025398220168426633
VTM-005386,DG-9e3198cf05b8,anatase,1,1,0.1636592596769333,0.13653381168842316,0.8602028489112854,5.118237459100783e-05,0.0032121874392032623
VTM-005394,DG-213eff94626c,anatase,1,1,0.1291406750679016,0.0024343833792954683,0.6953889727592468,0.28910380601882935,0.01307287160307169
VTM-005406,DG-dae8ad2f36ee,anatase,1,1,0.04554328694939613,1.527488711872138e-05,0.9999822378158569,6.708287401124835e-07,1.7800668956624577e-06
VTM-005415,DG-f9be190cdda3,anatase,1,2,0.05546252802014351,1.8353568520979024e-05,0.11686480045318604,0.8830727338790894,4.4108084694016725e-05
VTM-005417,DG-c259932f598d,anatase,1,1,0.152206152677536,0.12200877815485,0.8764360547065735,0.0004259840934537351,0.001129177981056273
VTM-005418,DG-08e9f2c1dfba,anatase,1,1,0.07665986567735672,2.9078489660605555e-06,0.9991151690483093,0.0008751839632168412,6.712044068990508e-06
VTM-005433,DG-45f7b30a13f5,anatase,1,1,0.11598639190196991,3.527790249790996e-05,0.9645187854766846,0.033193957060575485,0.0022519310005009174
VTM-005445,DG-b43ea7f3a313,anatase,1,0,0.22767215967178345,0.8623366355895996,0.07700158655643463,0.0009955881396308541,0.05966626852750778
VTM-005458,DG-50f1e9505f76,anatase,1,1,0.16706039011478424,0.00076151208486408,0.6171204447746277,0.0002762018993962556,0.38184186816215515
VTM-005467,DG-9c63372a2b99,anatase,1,2,0.1950649619102478,7.11645552655682e-05,0.004192386753857136,0.948298454284668,0.04743802174925804
VTM-005482,DG-659366388893,anatase,1,1,0.21475638449192047,0.036047667264938354,0.7564201354980469,0.1527959257364273,0.054736196994781494
VTM-005486,DG-05835c7394fc,anatase,1,0,0.1579153835773468,0.752509355545044,0.24677729606628418,0.00043454987462610006,0.00027878503897227347
VTM-005489,DG-a933844c528e,anatase,1,2,0.08480188250541687,0.006016821134835482,0.11313501745462418,0.8804952502250671,0.0003528883389662951
VTM-005494,DG-8d8a82e8221e,anatase,1,1,0.21289491653442383,0.005786295980215073,0.9675157070159912,0.024969441816210747,0.0017285883659496903
VTM-005507,DG-3900464f533f,anatase,1,1,0.15342366695404053,0.00435719545930624,0.9739789366722107,0.008160116150975227,0.01350377220660448
VTM-005533,DG-12c55890ddbd,anatase,1,1,0.05543248727917671,3.098003435297869e-05,0.9998559355735779,2.2563710899703437e-06,0.00011081365664722398
VTM-005538,DG-21c371c33ed3,anatase,1,1,0.11301589012145996,3.358365211170167e-05,0.9989216923713684,0.0009932616958394647,5.146703188074753e-05
VTM-005541,DG-437a22bd4b75,anatase,1,1,0.09673643857240677,0.0005706208758056164,0.9740939140319824,0.0235002264380455,0.001835227943956852
VTM-005544,DG-e42568faf0c1,anatase,1,1,0.3054332435131073,0.007250468246638775,0.790166974067688,0.10585244745016098,0.09673012048006058
VTM-005545,DG-83710705536d,anatase,1,1,0.27364030480384827,0.0011421757517382503,0.9657950401306152,0.028788482770323753,0.004274321720004082
VTM-005564,DG-b6b206543214,anatase,1,1,0.11351554095745087,0.00016721489373594522,0.9996132850646973,4.7605277359252796e-05,0.00017187248158734292
VTM-005572,DG-b1ac96405b6f,anatase,1,2,0.1546030342578888,0.00191171292681247,0.41409239172935486,0.5834255814552307,0.0005702379276044667
VTM-005582,DG-9396bdd17958,anatase,1,1,0.22974319756031036,0.064860038459301,0.8572577238082886,0.06385553628206253,0.014026692137122154
VTM-005587,DG-c05ff4d0658f,anatase,1,1,0.09948038309812546,5.287583917379379e-05,0.9994040727615356,0.0004565230046864599,8.646494097774848e-05
VTM-005605,DG-6b3f3aec1405,anatase,1,1,0.0649513453245163,1.461990632378729e-05,0.9920395612716675,0.007927498780190945,1.832963971537538e-05
VTM-005616,DG-e8f3c4a4ddbe,anatase,1,1,0.046460334211587906,1.570846052345587e-06,0.9999179840087891,7.991156599018723e-05,5.548442345570948e-07
VTM-005629,DG-ed2f2deb6fd7,anatase,1,1,0.12940196692943573,0.0005658039008267224,0.9972017407417297,0.0009428354678675532,0.0012896605767309666
VTM-005642,DG-9c94a31bbfea,anatase,1,1,0.052830182015895844,0.002617589198052883,0.7286310791969299,0.2687130570411682,3.8260986912064254e-05
VTM-005653,DG-cabec6b110ac,anatase,1,1,0.045336294919252396,3.695730129038566e-06,0.9975359439849854,0.0024466258473694324,1.3787901480100118e-05
VTM-005654,DG-dd082813bbc6,anatase,1,1,0.10514260828495026,7.563603048765799e-06,0.9792951941490173,0.02055637165904045,0.00014082582492846996
VTM-005656,DG-1d85c0020088,anatase,1,2,0.23359979689121246,4.7820456529734656e-05,0.07085582613945007,0.8719018697738647,0.057194434106349945
VTM-005669,DG-d020b472f9b0,anatase,1,0,0.13713140785694122,0.7912027835845947,0.2079571634531021,0.0001815051946323365,0.0006585958763025701
VTM-005670,DG-b4c666cef21a,anatase,1,0,0.19814938306808472,0.5147327184677124,0.11688122153282166,0.1592935025691986,0.20909249782562256
VTM-005677,DG-1756b320f36b,anatase,1,1,0.3307506740093231,0.0018469799542799592,0.5375475883483887,0.4321684241294861,0.02843700349330902
VTM-005682,DG-713619ec862e,anatase,1,1,0.10638204216957092,0.0020792786963284016,0.9967917799949646,0.0010570312151685357,7.192713383119553e-05
VTM-005692,DG-fbbe7f9885cd,anatase,1,1,0.25874534249305725,0.001184871420264244,0.5350548028945923,0.44667816162109375,0.017082126811146736
VTM-005706,DG-c6cb0c15edb5,anatase,1,1,0.09254616498947144,0.00014272953558247536,0.9993350505828857,5.6498083722544834e-05,0.00046575249871239066
VTM-005715,DG-acfc7cc85cb1,anatase,1,0,0.2516278922557831,0.4932391941547394,0.31061726808547974,0.1758463829755783,0.020297186449170113
VTM-005720,DG-acfc7cc85cb1,anatase,1,1,0.17877979576587677,0.04049349203705788,0.7228941917419434,0.2303614765405655,0.006250845268368721
VTM-005724,DG-60c8682c7d23,anatase,1,1,0.16681921482086182,0.0012688854476436973,0.9945101737976074,0.0037833957467228174,0.0004375422722660005
VTM-005744,DG-ca38cda4fae2,anatase,1,1,0.22107304632663727,0.04338371381163597,0.8397863507270813,0.0021718251518905163,0.11465813964605331
VTM-005745,DG-5c1a21b638ff,anatase,1,1,0.22794513404369354,0.214399054646492,0.7450729608535767,0.023063888773322105,0.01746411807835102
VTM-005750,DG-49291462e044,anatase,1,1,0.08628961443901062,0.0023299246095120907,0.9738737344741821,0.023169202730059624,0.0006271455204114318
VTM-005751,DG-5d0f36bd5908,anatase,1,1,0.17919538915157318,0.0064056566916406155,0.9762061834335327,0.010272021405398846,0.007116143591701984
VTM-005767,DG-0a3e27d61744,anatase,1,2,0.20483872294425964,0.00011614526738412678,0.06825372576713562,0.7648470997810364,0.16678303480148315
VTM-005770,DG-2d5c07465c62,anatase,1,1,0.10434253513813019,0.0028982493095099926,0.9966654777526855,0.00036257231840863824,7.373243715846911e-05
VTM-005776,DG-680dd5bb102e,anatase,1,1,0.07696911692619324,0.0005665015778504312,0.9986931681632996,0.0007104858523234725,2.9853355954401195e-05
VTM-005778,DG-e8f5c39b1e5f,anatase,1,0,0.22938935458660126,0.9479789733886719,0.049119796603918076,0.00016717951803002506,0.002734099980443716
VTM-005784,DG-d23005e0bceb,anatase,1,1,0.07043776661157608,7.669592014281079e-05,0.9560953974723816,0.043762337416410446,6.556241714861244e-05
VTM-005799,DG-9317a8b8f2a9,anatase,1,1,0.1406485140323639,0.2501056492328644,0.6921163201332092,0.05519472062587738,0.0025832715909928083
VTM-005805,DG-eae3ed981d24,anatase,1,1,0.09447723627090454,9.303519618697464e-05,0.9395371675491333,0.06033490225672722,3.490152084850706e-05
VTM-005835,DG-0c776d0577eb,anatase,1,1,0.06497107446193695,7.29030289221555e-05,0.9316704273223877,0.06820270419120789,5.4032745538279414e-05
VTM-005847,DG-0cf1f3555416,anatase,1,1,0.041745107620954514,0.0006894315010868013,0.999102771282196,0.00020142941502854228,6.307297553576063e-06
VTM-005849,DG-da5f12e0e4a4,anatase,1,1,0.0759936049580574,1.0451256457599811e-05,0.9287704825401306,0.05866587162017822,0.012553203850984573
VTM-005854,DG-b3cd54094dcf,anatase,1,1,0.018769390881061554,5.515881085216279e-09,0.9998437166213989,4.271579200576525e-06,0.0001520191872259602
VTM-005861,DG-61d3d6c8c87c,anatase,1,1,0.14215852320194244,0.04983190819621086,0.8934100866317749,0.049842916429042816,0.006915086414664984
VTM-005866,DG-c7c48942d6ce,anatase,1,1,0.22075767815113068,0.01582997292280197,0.8400416374206543,0.0663624256849289,0.07776594161987305
VTM-005867,DG-3b43c5c2e58b,anatase,1,1,0.12645690143108368,0.0001119070511776954,0.9997182488441467,8.69139694259502e-05,8.29101845738478e-05
VTM-005870,DG-97346d76139a,anatase,1,1,0.1366034597158432,0.0004949872381985188,0.9990781545639038,0.0001078651548596099,0.00031898362794891
VTM-005880,DG-568ec803f6c9,anatase,1,1,0.10799553245306015,0.00016220561519730836,0.9997602105140686,6.066308924346231e-05,1.6920690541155636e-05
VTM-005885,DG-2ae7725e28bb,anatase,1,1,0.08705297112464905,1.8181339100920013e-06,0.9976726770401001,0.001934157102368772,0.0003913743421435356
VTM-005895,DG-132f044f6d46,anatase,1,1,0.02102120965719223,0.00013985144323669374,0.9998512268066406,2.077966954061594e-08,8.88508111529518e-06
VTM-005903,DG-ae7c76abd0e7,anatase,1,1,0.0892675369977951,0.0009770567994564772,0.9259451031684875,0.07099752873182297,0.0020803429652005434
VTM-005929,DG-481426ed9d47,anatase,1,0,0.12001710385084152,0.9307425022125244,0.0632006898522377,0.005853008478879929,0.00020385165407788008
VTM-005937,DG-4425f339563f,anatase,1,3,0.43435433506965637,0.004841949325054884,0.004759775009006262,0.002598752733319998,0.9877995252609253
VTM-005946,DG-043ac1fee3d4,anatase,1,3,0.18750996887683868,0.0003311675100121647,0.27650579810142517,0.16219554841518402,0.5609674453735352
VTM-005947,DG-96bc918d08ab,anatase,1,2,0.12314417958259583,0.00021863040456082672,0.002001121174544096,0.9976387023925781,0.00014151696814224124
VTM-005950,DG-d58902e949cf,anatase,1,1,0.13815993070602417,0.20333744585514069,0.458349347114563,0.337253600358963,0.0010595758212730289
VTM-005959,DG-2668fb757267,anatase,1,1,0.11613623797893524,0.0014877298381179571,0.9956706762313843,0.00019329808128532022,0.0026483237743377686
VTM-005963,DG-84a0a194dc30,anatase,1,2,0.25109538435935974,0.005574471782892942,0.2864595651626587,0.6501231789588928,0.057842765003442764
VTM-005991,DG-37ce58f9a71b,anatase,1,2,0.1765008419752121,0.007357659749686718,0.09692756831645966,0.8950768709182739,0.0006379072437994182
VTM-005998,DG-3bded29fb736,anatase,1,1,0.10999206453561783,8.254439308075234e-05,0.9998159408569336,2.864763700927142e-05,7.289562927326187e-05
VTM-006007,DG-104b2c508b47,anatase,1,1,0.1494404375553131,0.00024269740970339626,0.9959636330604553,0.0032542129047214985,0.000539495493285358
VTM-006018,DG-c860d0248218,anatase,1,1,0.07851341366767883,0.0015997837763279676,0.9624003767967224,0.03493710607290268,0.0010627229930832982
VTM-006027,DG-39ce6d397743,anatase,1,1,0.11026636511087418,0.0012439744314178824,0.9972617030143738,0.0005846577696502209,0.000909714144654572
VTM-006039,DG-538a5cd77f21,anatase,1,1,0.12211291491985321,9.048062202055007e-05,0.994829535484314,0.004544476978480816,0.0005354987224563956
VTM-006040,DG-b1f45917babf,anatase,1,1,0.22412696480751038,0.0011662452016025782,0.5698372721672058,0.3469444513320923,0.08205199986696243
VTM-006042,DG-ceb0192f51e1,anatase,1,1,0.057149533182382584,1.741670303090359e-06,0.9993577599525452,0.0005086968303658068,0.00013178965309634805
VTM-006049,DG-1f15edf7d003,anatase,1,1,0.12098540365695953,0.0005558619741350412,0.9983251094818115,0.0009510165546089411,0.00016800969024188817
VTM-006051,DG-601f95d04581,anatase,1,1,0.09147811681032181,9.319951459474396e-06,0.6554373502731323,0.3390032947063446,0.005550030618906021
VTM-006053,DG-d78d2dfe2bcf,anatase,1,1,0.06618079543113708,3.859319349430734e-06,0.9994853138923645,0.0004932313458994031,1.760867417033296e-05
VTM-006078,DG-edfe25bba75f,anatase,1,1,0.1392313539981842,0.008033616468310356,0.9696227312088013,0.011203855276107788,0.011139762587845325
VTM-006082,DG-98e81feb4fe8,anatase,1,1,0.17339469492435455,0.026736998930573463,0.9446597695350647,0.026035752147436142,0.0025675150100141764
VTM-006088,DG-469cddc8381b,anatase,1,1,0.09556951373815536,0.0023574521765112877,0.992449164390564,0.0050788018852472305,0.00011455573985585943
VTM-006094,DG-6a834fd64d19,anatase,1,1,0.11930877715349197,1.1496133083710447e-05,0.8673027157783508,0.13173745572566986,0.00094837840879336
VTM-006098,DG-3ed15375e869,anatase,1,3,0.16307803988456726,0.0037495968863368034,0.4276089370250702,0.0001204221262014471,0.5685210227966309
VTM-006101,DG-34f9aa3cc4c2,anatase,1,1,0.0874728411436081,0.03790290281176567,0.660739004611969,0.30048641562461853,0.0008717437740415335
VTM-006113,DG-3ea250d09846,anatase,1,1,0.07912655919790268,0.0021457180846482515,0.9489887356758118,0.048521239310503006,0.00034428233630023897
VTM-006117,DG-c10118bf2fc4,anatase,1,1,0.08050514757633209,8.768675616011024e-05,0.9981905221939087,0.0016738383565098047,4.7933215682860464e-05
VTM-006143,DG-160a05e6c1b1,anatase,1,1,0.07862632721662521,0.00042838830268010497,0.9989178776741028,0.0005213457625359297,0.0001324007025687024
VTM-006149,DG-5567451d4304,anatase,1,3,0.16197527945041656,0.00032818136969581246,0.1287507563829422,0.11859481781721115,0.752326250076294
VTM-006152,DG-addc2c073362,anatase,1,1,0.21050670742988586,0.0003187436959706247,0.4740367531776428,0.2392856776714325,0.2863588333129883
VTM-006156,DG-949d12188648,anatase,1,0,0.16064341366291046,0.7981382608413696,0.1637466698884964,0.0005893855122849345,0.037525732070207596
VTM-006157,DG-148c44f2201f,anatase,1,1,0.05924582481384277,3.6483932490227744e-05,0.9997978806495667,9.428730118088424e-05,7.13361005182378e-05
VTM-006165,DG-7dec16db5cba,anatase,1,1,0.1528135985136032,0.015837261453270912,0.9826492071151733,0.0003575026348698884,0.0011560068232938647
VTM-006179,DG-5d8a52bdcbe9,anatase,1,1,0.07189054787158966,5.269077155389823e-05,0.9991732835769653,0.0002786001714412123,0.0004953981260769069
VTM-006196,DG-a1043c7bb269,anatase,1,1,0.11667626351118088,1.8254511815030128e-05,0.9990423917770386,0.0005056330701336265,0.0004337449208833277
VTM-006232,DG-c2e1b49c4eab,anatase,1,1,0.14705361425876617,0.0013030074769631028,0.9079875349998474,0.04887570068240166,0.0418337844312191
VTM-006235,DG-896bfb106724,anatase,1,1,0.08257852494716644,1.78137870534556e-05,0.9784690737724304,0.00027784850681200624,0.021235261112451553
VTM-006244,DG-87fee055cb0f,anatase,1,1,0.1759941577911377,0.0008480166434310377,0.6474138498306274,0.30568912625312805,0.04604899510741234
VTM-006252,DG-b71f7a0eedef,anatase,1,0,0.20077727735042572,0.9796269536018372,0.01897040568292141,0.00010869928519241512,0.0012938977451995015
VTM-006255,DG-457ca85147b4,anatase,1,2,0.2794879078865051,0.02575758844614029,0.044535841792821884,0.9137579202651978,0.01594865508377552
VTM-006257,DG-897610d3f51d,anatase,1,0,0.14440767467021942,0.9531880617141724,0.029512755572795868,2.3771656287863152e-07,0.01729896478354931
VTM-006285,DG-8f5c4b4d6175,anatase,1,0,0.09977846592664719,0.7683770060539246,0.12783822417259216,0.10364125669002533,0.00014352158177644014
VTM-006291,DG-02083579fa1d,anatase,1,2,0.13600647449493408,0.0016465575899928808,0.11076240241527557,0.8872061371803284,0.0003848889609798789
VTM-006325,DG-d03ad24a0029,anatase,1,2,0.21692869067192078,0.06893936544656754,0.14158694446086884,0.7816446423530579,0.007829076610505581
VTM-006346,DG-40c917b5ff36,anatase,1,1,0.10606232285499573,0.0009197889594361186,0.9717189073562622,0.00073092250386253,0.02663036435842514
VTM-006353,DG-4e8866b518a1,anatase,1,1,0.0727587416768074,0.00030071832588873804,0.998794674873352,0.0006975719588808715,0.00020703408517874777
VTM-006361,DG-338e12f998d7,anatase,1,1,0.23296625912189484,0.05699174106121063,0.8840386271476746,0.05267373099923134,0.00629590405151248
VTM-006371,DG-2e92eedabd9c,anatase,1,1,0.0817127376794815,3.566413215594366e-05,0.9991951584815979,0.00020669902733061463,0.0005625454941764474
VTM-006409,DG-c37555994414,anatase,1,1,0.03835593909025192,8.765059646975715e-07,0.999947190284729,2.509326077415608e-05,2.6841118597076274e-05
VTM-006410,DG-022ae13da487,anatase,1,1,0.19856078922748566,0.055775176733732224,0.820878803730011,0.12082366645336151,0.002522306749597192
VTM-006411,DG-aee52280e28c,anatase,1,1,0.05561946704983711,0.002749741543084383,0.9970444440841675,0.00020507753652054816,7.302410267584492e-07
VTM-006413,DG-c1ac36574047,anatase,1,1,0.08109481632709503,6.464567832153989e-06,0.9920613765716553,0.0013657142408192158,0.006566513329744339
VTM-006426,DG-d4b66708682a,anatase,1,1,0.15053342282772064,0.00881554838269949,0.9878962635993958,0.002120313933119178,0.0011678789742290974
VTM-006433,DG-803665b754b3,anatase,1,1,0.10517745465040207,0.0074089085683226585,0.9919047355651855,0.0006290388409979641,5.735150261898525e-05
VTM-006447,DG-dd8018eb38c7,anatase,1,2,0.09178036451339722,0.001419378095306456,0.08915451169013977,0.9093284010887146,9.775577200343832e-05
VTM-006457,DG-595b39e5fc32,anatase,1,1,0.08759931474924088,0.0005417882930487394,0.9985503554344177,2.4398423192906193e-05,0.0008834443287923932
VTM-006501,DG-7cb6bafc6a24,anatase,1,2,0.1312476247549057,0.24837668240070343,0.0523906871676445,0.6983882188796997,0.0008444771519862115
VTM-006516,DG-23b4f9d15b43,anatase,1,1,0.20920908451080322,0.14570733904838562,0.8458645343780518,0.0003661612863652408,0.00806194357573986
VTM-006522,DG-63a0ea025e3e,perovskite,1,3,0.1521139144897461,9.337109077023342e-06,0.01717374287545681,0.1004888042807579,0.8823280930519104
VTM-006531,DG-26addbb97201,perovskite,1,3,0.08232592791318893,1.1072390407207422e-05,0.16848163306713104,0.12097536027431488,0.7105319499969482
VTM-006549,DG-ee06d368012f,perovskite,1,1,0.10579785704612732,0.0003910348459612578,0.9305728673934937,8.29682030598633e-05,0.06895305961370468
VTM-006565,DG-76bdada12601,perovskite,1,1,0.08945091813802719,0.0008108884212560952,0.9983277916908264,0.0007394315907731652,0.00012185699597466737
VTM-006571,DG-28a47dc4856c,perovskite,1,1,0.03279156610369682,0.00016987576964311302,0.9722834229469299,0.027544749900698662,1.884689140752016e-06
VTM-006572,DG-c0bbfe1a7c56,perovskite,1,0,0.4014101028442383,0.9997755289077759,0.00016706215683370829,9.512235919828527e-06,4.7874294978100806e-05
VTM-006580,DG-78c669fe7d06,perovskite,1,1,0.1952379047870636,0.18438345193862915,0.4730990529060364,0.32218658924102783,0.02033085748553276
VTM-006585,DG-5ec74ad43624,perovskite,1,0,0.20961378514766693,0.8990700244903564,0.09920289367437363,0.0007229736656881869,0.0010041543282568455
VTM-006587,DG-e6fd0881dbfa,perovskite,1,1,0.12872228026390076,0.0007898526964709163,0.8448134660720825,6.626767572015524e-05,0.15433041751384735
VTM-006609,DG-039a38e5cb1c,perovskite,1,1,0.23047085106372833,0.0009844227461144328,0.7461341619491577,0.018758010119199753,0.23412340879440308
VTM-006610,DG-424dffb4d12f,perovskite,1,0,0.23978391289710999,0.6077077388763428,0.35064423084259033,0.00306418864056468,0.03858383372426033
VTM-006614,DG-587b256f2ca6,perovskite,1,1,0.19364012777805328,0.0011111543281003833,0.9278604984283447,0.045870862901210785,0.025157514959573746
VTM-006624,DG-aa4dba954904,perovskite,1,1,0.12068566679954529,7.174851634772494e-05,0.9420894980430603,0.0007838305318728089,0.05705486610531807
VTM-006625,DG-76addff51c9b,perovskite,1,0,0.11610208451747894,0.9602223634719849,0.039099644869565964,2.0822790247621015e-05,0.0006571694975718856
VTM-006636,DG-a53a1c074f95,perovskite,1,1,0.049859728664159775,0.0004924454260617495,0.9992279410362244,0.00027840453549288213,1.1748857104976196e-06
VTM-006640,DG-b2e0b9a9e609,perovskite,1,1,0.2332100123167038,0.006873386912047863,0.569259524345398,0.00355481612496078,0.4203123152256012
VTM-006641,DG-afca5cfa2167,perovskite,1,3,0.23265351355075836,0.258890300989151,0.2734083831310272,0.004582508467137814,0.4631188213825226
VTM-006655,DG-39398201aeb2,perovskite,1,0,0.1529780626296997,0.9975497126579285,0.0024235532619059086,1.6405230780947022e-05,1.0337457752029877e-05
VTM-006659,DG-ce2da1460d7b,perovskite,1,1,0.1257304847240448,0.26029860973358154,0.7392373085021973,0.00017913649207912385,0.0002849484153557569
VTM-006661,DG-772aed270a5e,perovskite,1,2,0.07335491478443146,7.468024705303833e-06,0.001210588961839676,0.998771607875824,1.0386302164988592e-05
VTM-006704,DG-35a61c51bf04,perovskite,1,1,0.04483988508582115,0.0001131677272496745,0.9760715961456299,0.023801233619451523,1.3987623788125347e-05
VTM-006707,DG-520e790099f2,perovskite,1,1,0.10324357450008392,0.000838960986584425,0.981872022151947,0.017034240067005157,0.0002548046759329736
VTM-006721,DG-0fbe1b0915ad,perovskite,1,1,0.0978926569223404,0.40613192319869995,0.5919240713119507,0.0018856993410736322,5.8325575082562864e-05
VTM-006725,DG-83daee72ea6f,perovskite,1,0,0.13924482464790344,0.9642025828361511,0.03552945703268051,0.0002024992718361318,6.546344957314432e-05
VTM-006732,DG-06c6c341d0db,perovskite,1,1,0.013450267724692822,1.5495965044465265e-06,0.9998015761375427,0.00019688982865773141,2.5013983773192194e-08
VTM-006738,DG-1c1a3c4ef6a5,perovskite,1,1,0.04077997803688049,0.00012310620513744652,0.9998754262924194,1.2012460501864552e-06,3.056762523101497e-07
VTM-006743,DG-8c42a130c03c,perovskite,1,1,0.13394935429096222,0.06258973479270935,0.9326872229576111,0.0009374183136969805,0.003785670967772603
VTM-006749,DG-3dbaf3a5ceae,perovskite,1,1,0.16559085249900818,0.12241970747709274,0.8582526445388794,0.007009212858974934,0.012318423949182034
VTM-006758,DG-631dba844d66,perovskite,1,1,0.10581297427415848,0.0008321182103827596,0.9980368614196777,0.0003819107369054109,0.0007490830612368882
VTM-006779,DG-1774a0b0d8f9,perovskite,1,3,0.26595258712768555,0.019009632989764214,0.2801542580127716,0.03812364116311073,0.6627125144004822
VTM-006786,DG-4e3ed1ed4939,perovskite,1,0,0.204481303691864,0.5056641101837158,0.19593964517116547,0.13237503170967102,0.16602127254009247
VTM-006825,DG-162fd13f9aa1,perovskite,1,1,0.05525357276201248,0.0002205849450547248,0.9997711777687073,6.626654339925153e-06,1.6084578646768932e-06
VTM-006832,DG-2bdc8e99e86c,perovskite,1,1,0.07114453613758087,0.0007953978492878377,0.9983057379722595,7.343304605456069e-05,0.0008254467393271625
VTM-006838,DG-86610b92c7f8,perovskite,1,1,0.03976043313741684,0.00011582256411202252,0.9998417496681213,4.220240225549787e-05,1.528420057184121e-07
VTM-006849,DG-b1f251cf666f,perovskite,1,2,0.09041678160429001,0.00427553104236722,0.005035669542849064,0.9903053641319275,0.00038342864718288183
VTM-006851,DG-44d70a6edaff,perovskite,1,1,0.08711688220500946,0.026077035814523697,0.9728176593780518,0.0009498015278950334,0.00015552500553894788
VTM-006853,DG-ab41a705c6a6,perovskite,1,3,0.3494813144207001,0.010041228495538235,0.004137163516134024,0.003736578393727541,0.9820849895477295
VTM-006856,DG-bcaed3d082f7,perovskite,1,1,0.044811978936195374,0.06996531039476395,0.54929518699646,0.3807030916213989,3.6381847166921943e-05
VTM-006863,DG-c7c1fd656b76,perovskite,1,1,0.0704636350274086,0.0788089707493782,0.8816251754760742,0.03914843499660492,0.00041741362656466663
VTM-006900,DG-ffe4b9e0e07f,rutile,1,2,0.28218841552734375,0.01528589241206646,0.039915602654218674,0.6053197383880615,0.33947882056236267
VTM-006925,DG-2e4c5e64b2c7,rutile,1,1,0.15752695500850677,0.0001647273893468082,0.9504823088645935,0.0004474918241612613,0.048905421048402786
VTM-006932,DG-63e9c4a90251,rutile,1,1,0.10129271447658539,0.0007568852161057293,0.9986532926559448,0.0004182982083875686,0.0001715156395221129
VTM-006935,DG-e1a68ff2aa8d,rutile,1,3,0.2161378413438797,0.002253713784739375,0.005262154154479504,0.005644985008984804,0.9868391752243042
VTM-006946,DG-7c3febbcd8b9,rutile,1,1,0.19767703115940094,0.003278265707194805,0.8431022763252258,0.14402204751968384,0.009597414173185825
VTM-006954,DG-fc34f2131065,rutile,1,1,0.16260594129562378,0.32929727435112,0.6200547218322754,0.027526475489139557,0.02312144823372364
VTM-006958,DG-0e7cb96e3008,rutile,1,1,0.05921092629432678,2.7031037461711094e-06,0.9999780654907227,1.2027912816847675e-05,7.183967682067305e-06
VTM-006968,DG-3ad9d2c91d9f,rutile,1,3,0.20777371525764465,0.0022392154205590487,0.1977768838405609,0.005178343504667282,0.7948055863380432
VTM-006983,DG-a7b59cae618b,rutile,1,1,0.09391897916793823,2.5305784220108762e-05,0.9750386476516724,0.024540787562727928,0.0003952606930397451
VTM-006991,DG-a10644b32c6d,rutile,1,1,0.13717520236968994,0.000326171750202775,0.9958226084709167,6.168355321278796e-05,0.003789556911215186
VTM-006996,DG-b7cf638c0421,rutile,1,1,0.08076436072587967,0.0025511630810797215,0.9973765015602112,2.317282087460626e-05,4.919697676086798e-05
VTM-007021,DG-0cb808e4d44c,rutile,1,2,0.07254935801029205,2.484362084942404e-07,0.030721014365553856,0.9587733745574951,0.010505404323339462
VTM-007026,DG-e3dbfb5405a7,rutile,1,2,0.2646075487136841,0.001459971652366221,0.2843821048736572,0.5651993751525879,0.14895857870578766
VTM-007032,DG-0b8472e2b902,rutile,1,1,0.0519757941365242,8.528797479812056e-05,0.9999066591262817,3.1417309855896747e-06,4.965849257132504e-06
VTM-007040,DG-b872fe4b369e,rutile,1,1,0.1580498218536377,0.0037156271282583475,0.6172219514846802,0.37753361463546753,0.0015288821887224913
VTM-007073,DG-408bf3f465f4,rutile,1,1,0.10648994147777557,1.611164589121472e-05,0.9962303638458252,0.0037198562640696764,3.36892408085987e-05
VTM-007112,DG-e26d6b558205,rutile,1,1,0.12203340977430344,1.1087812708865386e-05,0.9932119846343994,0.002721058437600732,0.004055860918015242
VTM-007117,DG-2a28894a69c2,rutile,1,1,0.045795805752277374,1.801601865736302e-05,0.9999209046363831,1.1943990330109955e-06,5.9889298427151516e-05
VTM-007121,DG-a939f20b22e0,rutile,1,1,0.16694501042366028,0.0009875291725620627,0.8322250843048096,0.13235631585121155,0.034431036561727524
VTM-007133,DG-a8675b2a8279,rutile,1,1,0.08264309912919998,7.876841118559241e-05,0.9962428212165833,0.003620096715167165,5.8321744290878996e-05
VTM-007134,DG-d3fb009b5883,rutile,1,1,0.04024595394730568,8.154846909746993e-06,0.9995309710502625,0.0003365660668350756,0.00012433479423634708
VTM-007146,DG-93e1adefaa54,rutile,1,0,0.21929776668548584,0.8483232259750366,0.14405253529548645,0.003066290868446231,0.004557924345135689
VTM-007152,DG-07a2473666c2,rutile,1,2,0.25509145855903625,0.11958027631044388,0.21050263941287994,0.6624370217323303,0.0074800895527005196
VTM-007157,DG-52a07fdd8b0a,rutile,1,1,0.20433008670806885,0.0542745478451252,0.8640272617340088,0.03375128284096718,0.04794686287641525
VTM-007168,DG-a6848732cd54,rutile,1,1,0.0681522861123085,0.001484836800955236,0.9979812502861023,0.00019698093819897622,0.00033694729791022837
VTM-007171,DG-6669aaaedfa6,rutile,1,1,0.046916164457798004,1.0327379641239531e-05,0.9998851418495178,9.565473737893626e-05,8.860016350809019e-06
VTM-007183,DG-c256eac31ccf,rutile,1,0,0.3683267831802368,0.8283432722091675,0.03114265203475952,0.0003030058287549764,0.1402110904455185
VTM-007191,DG-5799653ea8ae,rutile,1,1,0.10520036518573761,0.0029786592349410057,0.9703027009963989,0.026150686666369438,0.0005679714377038181
VTM-007238,DG-f545dfed1043,rutile,1,2,0.1411268562078476,0.004863796755671501,0.34993717074394226,0.643284261226654,0.001914815977215767
VTM-007245,DG-81422215b21f,rutile,1,0,0.40346115827560425,0.929650068283081,0.025544896721839905,0.010693928226828575,0.0341111458837986
VTM-007253,DG-4cbb2583aed0,rutile,1,1,0.14274290204048157,0.0005006436840631068,0.9970492720603943,0.0013503602240234613,0.0010997605277225375
VTM-007271,DG-aa36737f32b4,rutile,1,1,0.21745988726615906,0.006240606773644686,0.9132124781608582,0.004329846240580082,0.07621704787015915
VTM-007279,DG-ddffb43ef6a6,rutile,1,2,0.1576089709997177,0.00047916106996126473,0.08255480974912643,0.9123872518539429,0.004578703083097935
VTM-007289,DG-2c4bb16b01a6,rutile,1,2,0.07324983924627304,0.0010530957952141762,0.1191667914390564,0.8797715902328491,8.533521395293064e-06
VTM-007301,DG-8384da6a9dac,rutile,1,1,0.11197741329669952,0.14980018138885498,0.8265174627304077,0.02167341858148575,0.002008975250646472
VTM-007309,DG-ca5040bd20bc,rutile,1,3,0.25530925393104553,0.0024223888758569956,0.33603745698928833,0.019816486164927483,0.6417236924171448
VTM-007313,DG-01602a83846e,rutile,1,0,0.13986298441886902,0.7358893752098083,0.26320680975914,7.824093700037338e-06,0.0008959784754551947
VTM-007315,DG-df55ae0ee4f0,rutile,1,1,0.14259293675422668,0.00026902282843366265,0.9785457849502563,0.01840021274983883,0.00278493482619524
VTM-007321,DG-4333b71779ff,rutile,1,1,0.11005327105522156,0.0033407602459192276,0.9951079487800598,0.0012056283885613084,0.0003456354606896639
VTM-007334,DG-1f7816fb0f97,rutile,1,3,0.34626689553260803,0.16497346758842468,0.1718919277191162,0.010343695059418678,0.652790904045105
VTM-007335,DG-7c2d016f2e95,rutile,1,1,0.13128648698329926,0.0004706693289335817,0.9716039299964905,0.0029739507008343935,0.024951422587037086
VTM-007340,DG-c775bdf1d201,rutile,1,1,0.1857302337884903,0.0012407770846039057,0.9879467487335205,0.00027925657923333347,0.010533244349062443
VTM-007344,DG-ed49674b7d31,rutile,1,1,0.07675667107105255,0.00030697218608111143,0.999199628829956,2.5398563593626022e-05,0.0004680179990828037
VTM-007346,DG-ca63711475f6,rutile,1,1,0.23856408894062042,0.0006013303063809872,0.9482547640800476,0.0029686219058930874,0.048175327479839325
VTM-007348,DG-39597209e51d,rutile,1,1,0.09511124342679977,4.893704317510128e-05,0.9966569542884827,0.00227052322588861,0.0010235955705866218
VTM-007385,DG-4897059f854c,rutile,1,1,0.08022455871105194,0.0007939254865050316,0.9991856217384338,1.2829897059418727e-05,7.582410489703761e-06
VTM-007400,DG-45eba17851f1,rutile,1,1,0.07559318840503693,0.10395269095897675,0.5823965668678284,0.313495010137558,0.0001557726936880499
VTM-007401,DG-0044119f3863,rutile,1,1,0.21554741263389587,0.16552938520908356,0.8225163221359253,0.008136403746902943,0.0038178323302417994
VTM-007413,DG-ea718fbcfed5,rutile,1,0,0.31814906001091003,0.7779841423034668,0.1345164179801941,0.00038889265852048993,0.08711053431034088
VTM-007431,DG-be7118adc888,rutile,1,3,0.3819126784801483,0.007638369221240282,0.32757920026779175,0.03259919583797455,0.6321831941604614
VTM-007440,DG-d204ab09731c,rutile,1,1,0.1478031724691391,0.020088570192456245,0.842476487159729,0.006434819661080837,0.13100005686283112
VTM-007450,DG-42859d31b2ee,rutile,1,2,0.16698125004768372,1.8917295165010728e-05,0.003336226101964712,0.9906817078590393,0.005963143426924944
VTM-007469,DG-352ed7bda653,rutile,1,1,0.22925512492656708,0.0020860577933490276,0.9198159575462341,0.05142337083816528,0.026674572378396988
VTM-007471,DG-8abf3b75f366,rutile,1,1,0.08511567115783691,3.2461171940667555e-05,0.9999270439147949,1.6330064681824297e-05,2.413529364275746e-05
VTM-007472,DG-0144f325e475,rutile,1,2,0.22287987172603607,0.16817918419837952,0.0011781844077631831,0.8292406797409058,0.0014018712099641562
VTM-007496,DG-54f100935459,rutile,1,1,0.1108921617269516,1.9652008631965145e-05,0.9998964667320251,3.159332845825702e-05,5.2284522098489106e-05
VTM-007497,DG-168f545ece85,rutile,1,2,0.17532801628112793,6.753285560989752e-05,0.07611025124788284,0.8961129188537598,0.027709264308214188
VTM-007509,DG-925dc8d0a56c,rutile,1,1,0.10040146857500076,7.081091462168843e-05,0.9995102882385254,5.891484397579916e-05,0.0003599871415644884
VTM-007512,DG-fea175dbfc71,rutile,1,1,0.08231339603662491,0.0004944109241478145,0.9565749168395996,0.04277343302965164,0.0001572344044689089
VTM-007519,DG-0815b6a19d0f,rutile,1,1,0.16447241604328156,0.003184446832165122,0.9002848267555237,0.09206698089838028,0.004463762044906616
VTM-007535,DG-db26d01eeb40,rutile,1,1,0.03981183469295502,4.074960088473745e-06,0.9999849796295166,7.912896762718447e-06,3.0518413041136228e-06
VTM-007542,DG-161b7757dac5,rutile,1,1,0.06554104387760162,0.00024991316604427993,0.9994152784347534,2.8338956326479092e-05,0.0003064413904212415
VTM-007546,DG-2b98513691d0,rutile,1,1,0.16352513432502747,0.002897299360483885,0.9780563116073608,0.016473157331347466,0.002573220757767558
VTM-007548,DG-99bf52c0dc86,rutile,1,1,0.17265161871910095,0.002040138002485037,0.8910079598426819,0.022039085626602173,0.08491279929876328
VTM-007563,DG-38da1b311950,rutile,1,1,0.09317637234926224,1.8200022168457508e-05,0.9989990592002869,0.0008683258201926947,0.00011437165812822059
VTM-007566,DG-0e21269d2000,rutile,1,1,0.15649627149105072,0.001426303992047906,0.9762213230133057,0.0003948463418055326,0.021957485005259514
VTM-007571,DG-07e454f9029d,rutile,1,2,0.06629268825054169,0.0017167271580547094,0.14951753616333008,0.847520112991333,0.0012456579133868217
VTM-007583,DG-b98be2ccb042,rutile,1,1,0.09662387520074844,0.00013525536633096635,0.9778279066085815,0.021475905552506447,0.0005609227810055017
VTM-007590,DG-c818734dcd10,rutile,1,1,0.18121202290058136,0.004442751873284578,0.9907613396644592,2.1392685084720142e-05,0.004774500150233507
VTM-007591,DG-cd6dbe9adde8,rutile,1,1,0.23513498902320862,0.013806481845676899,0.7298917174339294,0.08421207219362259,0.17208974063396454
VTM-007613,DG-f744beb6169c,rutile,1,1,0.18725328147411346,0.0054573314264416695,0.9877974390983582,0.0034440746530890465,0.0033011515624821186
VTM-007616,DG-461954f116bf,rutile,1,1,0.13318684697151184,0.0012562003685161471,0.9958157539367676,0.0006551482365466654,0.0022729020565748215
VTM-007620,DG-a8242b078ae2,rutile,1,1,0.09101201593875885,0.0026574323419481516,0.9807229042053223,0.012239380739629269,0.004380237776786089
VTM-007627,DG-b70b0c99c4c8,rutile,1,1,0.11567588895559311,0.001641561510041356,0.5230347514152527,0.47294512391090393,0.00237854802981019
VTM-007629,DG-d6e94e89c8d7,rutile,1,1,0.025509733706712723,3.718798325280659e-06,0.9999960064888,2.2976011848641065e-07,6.689329268283473e-08
VTM-007640,DG-07082b3b06b9,rutile,1,1,0.16980324685573578,0.06219882145524025,0.9100766181945801,0.00038473267341032624,0.027339795604348183
VTM-007644,DG-3d5b6b8733d7,rutile,1,1,0.17312535643577576,0.008854489773511887,0.8583504557609558,0.0024186864029616117,0.13037632405757904
VTM-007652,DG-0a8eef444122,rutile,1,1,0.16657236218452454,0.0013438962632790208,0.9618154764175415,0.031312357634305954,0.005528270732611418
VTM-007655,DG-f007265677a2,rutile,1,1,0.13404573500156403,0.00022560436627827585,0.998665452003479,0.0003280860255472362,0.0007808826630935073
VTM-007657,DG-c08dc9127d8d,rutile,1,1,0.08909527957439423,0.0001985979761229828,0.7927681803703308,0.20680198073387146,0.00023127900203689933
VTM-007671,DG-4e7f422eadf7,rutile,1,1,0.08030705899000168,4.469706254894845e-06,0.997100830078125,0.0024889798369258642,0.00040576281026005745
VTM-007679,DG-e1153de13325,rutile,1,1,0.0903048887848854,2.5904002995957853e-06,0.9761603474617004,0.023635979741811752,0.0002011147007578984
VTM-007681,DG-f75ab0ccf62c,rutile,1,3,0.33459433913230896,0.0028398772701621056,0.1984667032957077,0.00831392128020525,0.7903794646263123
VTM-007686,DG-64a76619aea6,rutile,1,1,0.2049248367547989,0.0010214184876531363,0.9862817525863647,0.012230194173753262,0.0004666182794608176
VTM-007693,DG-dd1ac453b0e3,rutile,1,0,0.27455562353134155,0.881248414516449,0.09182854741811752,0.00048230894026346505,0.026440653949975967
VTM-007697,DG-f5c6896e9b4b,rutile,1,1,0.11273641139268875,0.00012020147551083937,0.9942867159843445,0.005528662353754044,6.43838502583094e-05
VTM-007707,DG-f0ea92e86f33,rutile,1,1,0.09497009217739105,0.010524979792535305,0.9563162922859192,0.03284074738621712,0.0003179736086167395
VTM-007737,DG-2772a0787aac,rutile,1,2,0.3289812207221985,0.008408434689044952,0.3485669493675232,0.524418294429779,0.11860627681016922
VTM-007740,DG-bc7d543fae0b,rutile,1,1,0.017866142094135284,9.470163604419213e-06,0.9999895691871643,9.75713874140638e-07,1.0808436812226319e-08
VTM-007746,DG-fff3aa7f9365,rutile,1,1,0.08677618950605392,1.2409527698764578e-05,0.9999715089797974,1.1856413948407862e-05,4.254777195455972e-06
VTM-007747,DG-e705e3ff61f9,rutile,1,1,0.09352168440818787,0.0038083947729319334,0.9918439388275146,0.004175538197159767,0.0001720915170153603
VTM-007755,DG-944f33f66490,rutile,1,1,0.10595856606960297,0.0009705649572424591,0.9935323596000671,0.0038212148938328028,0.0016758805140852928
VTM-007780,DG-7dbfd0834471,rutile,1,1,0.07816964387893677,1.3867504094378091e-05,0.9996156692504883,0.00027510113432072103,9.534361743135378e-05
VTM-007789,DG-a384b18b1c1f,rutile,1,1,0.09703958034515381,1.3538268831325695e-05,0.9669530987739563,0.031458597630262375,0.0015747862635180354
VTM-007797,DG-be3486c6c842,rutile,1,1,0.16002146899700165,0.004011263605207205,0.9886309504508972,0.006090869195759296,0.0012669237330555916
VTM-007801,DG-749462d8666f,rutile,1,1,0.2319677174091339,0.10878271609544754,0.766568660736084,0.09378053992986679,0.030868137255311012
VTM-007802,DG-c8a6002dd126,rutile,1,1,0.11673963814973831,0.00032697973074391484,0.9695287346839905,0.02956315129995346,0.0005811825394630432
VTM-007807,DG-ccb009827c69,rutile,1,1,0.2591311037540436,0.0020740528125315905,0.7717527747154236,0.19090993702411652,0.03526325896382332
VTM-007841,DG-0960bad16888,rutile,1,1,0.1052832081913948,1.0046452189271804e-05,0.9981445074081421,0.00038010478601790965,0.0014653763500973582
VTM-007859,DG-6e70a4248338,rutile,1,0,0.4502553343772888,0.9498453736305237,0.008104403503239155,0.006655500736087561,0.035394713282585144
VTM-007868,DG-a2f920f286aa,rutile,1,0,0.18960103392601013,0.999096691608429,0.0007167874719016254,1.2288385732972529e-05,0.00017426455451641232
VTM-007869,DG-15c82cedfefa,rutile,1,3,0.2874760031700134,0.04140428453683853,0.09134594351053238,0.02575676143169403,0.8414930105209351
VTM-007872,DG-ff363c9f0846,rutile,1,1,0.08933132141828537,7.376898429356515e-05,0.9991739392280579,0.0005531562492251396,0.0001991230237763375
VTM-007888,DG-aacf04d2a8ae,rutile,1,1,0.14458799362182617,0.022675970569252968,0.9752408266067505,0.0003412942751310766,0.0017418523784726858
VTM-007902,DG-f7d8a9a398f7,rutile,1,1,0.06824659556150436,6.427886546589434e-05,0.9997946619987488,7.846650078136008e-06,0.0001331592065980658
VTM-007904,DG-92edea4b7ce2,rutile,1,1,0.10988488793373108,7.029758307908196e-06,0.9988279938697815,0.000398472388042137,0.0007664738222956657
VTM-007911,DG-eee09062d05e,rutile,1,1,0.23651809990406036,0.01829906925559044,0.8170485496520996,0.08236788213253021,0.08228456228971481
VTM-007922,DG-0d7754f7d499,rutile,1,1,0.08450557291507721,0.002463092328980565,0.9564695358276367,0.04105805978178978,9.258596037398092e-06
VTM-007934,DG-454db376da74,rutile,1,1,0.11369751393795013,0.2919043004512787,0.701414167881012,0.002755653578788042,0.003925889730453491
VTM-007936,DG-6c0996576299,rutile,1,1,0.10125435143709183,0.002126980572938919,0.9326965808868408,0.06506959348917007,0.00010681913408916444
VTM-007948,DG-8ac7084e6971,rutile,1,1,0.1112678274512291,1.2476221854740288e-05,0.9976906776428223,0.0012482848251238465,0.001048496225848794
VTM-007950,DG-f7c6df6839b5,rutile,1,1,0.19568710029125214,0.00017093800124712288,0.9233744740486145,0.03984338790178299,0.036611247807741165
VTM-007964,DG-13b289d67ee7,rutile,1,1,0.10840436071157455,0.0003662866947706789,0.9885295629501343,0.010452267713844776,0.0006519039743579924
VTM-007982,DG-4b7aa1790ccb,rutile,1,0,0.16695672273635864,0.8848254680633545,0.07797923684120178,0.03141377866268158,0.005781486164778471
VTM-007985,DG-a1436822c297,rutile,1,1,0.06990980356931686,5.4534311857423745e-06,0.9924452304840088,0.007370550651103258,0.0001787609508028254
VTM-007987,DG-893cead3977a,rutile,1,1,0.1477585732936859,0.02088530734181404,0.8939605355262756,0.06203404814004898,0.023120088502764702
VTM-007990,DG-4c3c3495fd64,rutile,1,2,0.12193108350038528,0.001308278413489461,0.14683587849140167,0.8511263132095337,0.0007294814568012953
VTM-008005,DG-6274573a2579,rutile,1,1,0.08261671662330627,0.00013783799658995122,0.9969622492790222,0.00102451432030648,0.0018753934418782592
VTM-008011,DG-638742f0968e,rutile,1,0,0.3362135589122772,0.8102373480796814,0.13414020836353302,0.025844549760222435,0.029777877032756805
VTM-008014,DG-c400f4826287,rutile,1,2,0.24842892587184906,0.001969489734619856,0.2730732858181,0.6809510588645935,0.04400619491934776
VTM-008016,DG-1f165c2aafa1,rutile,1,3,0.2598806917667389,0.013510267250239849,0.16603714227676392,0.0022456396836787462,0.8182069659233093
VTM-008018,DG-2e6dca4e47d4,rutile,1,1,0.03896144777536392,5.5920354498084635e-05,0.9998604655265808,1.2254765806574142e-06,8.236725261667743e-05
VTM-008034,DG-60a8e8e0cdf8,rutile,1,1,0.08300165832042694,0.018789665773510933,0.9806880354881287,0.0004914147430099547,3.087504592258483e-05
VTM-008038,DG-07cbd71a0865,rutile,1,1,0.09596162289381027,0.3918689787387848,0.6048499941825867,0.0031989242415875196,8.214317495003343e-05
VTM-008039,DG-2659e17e7594,rutile,1,2,0.0421161986887455,7.7563185186591e-05,0.08025137335062027,0.9186897277832031,0.0009813400683924556
VTM-008040,DG-116e3855c7b9,rutile,1,0,0.1286967396736145,0.9872511029243469,0.008366437628865242,0.004362922627478838,1.954438994289376e-05
VTM-008041,DG-9f9b1a014ec5,rutile,1,0,0.37577810883522034,0.9181005358695984,0.006280030123889446,0.0014564041048288345,0.07416307926177979
VTM-008065,DG-c1fe557dee1e,rutile,1,1,0.1176944375038147,0.00044372936827130616,0.9194046258926392,0.07967942953109741,0.0004722445155493915
VTM-008073,DG-1b817da01ddf,rutile,1,1,0.15260542929172516,0.016533365473151207,0.9731649160385132,0.00958999153226614,0.0007117507630027831
VTM-008076,DG-44eef5fae25f,rutile,1,1,0.11715909093618393,0.028369875624775887,0.9710033535957336,0.000591442221775651,3.5364399082027376e-05
VTM-008087,DG-c775a3ec9c79,rutile,1,3,0.2645201086997986,0.0810377448797226,0.2594442367553711,0.030078595504164696,0.6294393539428711
VTM-008100,DG-8e1cc3ce55a3,rutile,1,1,0.11399969458580017,0.000263273628661409,0.9432374238967896,0.056264571845531464,0.00023475369380321354
VTM-008103,DG-178878878760,rutile,1,1,0.09665722399950027,3.578248288249597e-05,0.9996386170387268,0.0002966522879432887,2.8959300834685564e-05
VTM-008127,DG-5b2d2bc5deb3,rutile,1,1,0.09042496234178543,0.00024233890871983021,0.8154030442237854,0.1806744486093521,0.0036802084650844336
VTM-008128,DG-878648e84483,rutile,1,2,0.09363947063684464,8.335301799888839e-07,0.004089502152055502,0.9958406686782837,6.902238965267316e-05
VTM-008152,DG-4bf70d177966,rutile,1,1,0.17123565077781677,0.00419059069827199,0.9811592102050781,0.006000557914376259,0.00864966306835413
VTM-008191,DG-4bb2ff503620,rutile,1,1,0.11788753420114517,0.21967042982578278,0.7788729667663574,0.001322875963523984,0.00013372597459238023
VTM-008205,DG-c68fd3c56ba9,rutile,1,1,0.15094943344593048,0.00015589759277645499,0.9984406232833862,0.0012293366016820073,0.00017418096831534058
VTM-008228,DG-b432c40d4a17,rutile,1,1,0.3325336277484894,0.2652798295021057,0.47405534982681274,0.006072006653994322,0.2545928359031677
VTM-008247,DG-67d6603c8b74,rutile,1,0,0.4923745095729828,0.8665198087692261,0.0008614442776888609,0.12750977277755737,0.005108984187245369
VTM-008250,DG-c8fa3dd2aad8,rutile,1,1,0.1647304892539978,0.01108651701360941,0.5048801302909851,0.37475284934043884,0.10928042978048325
VTM-008254,DG-e574ec894d99,rutile,1,1,0.16660398244857788,0.015758346766233444,0.9816431403160095,0.0016112485900521278,0.0009872833034023643
VTM-008259,DG-0000aadff800,titanite,1,3,0.24108049273490906,0.07778389751911163,0.0784091204404831,0.07354535162448883,0.7702616453170776
VTM-008263,DG-b4411174c5c2,titanite,1,1,0.22897329926490784,0.09447234123945236,0.8255416750907898,0.0391542986035347,0.04083172604441643
VTM-008273,DG-4b55fbcc34db,titanite,1,1,0.08252876996994019,2.4472863515256904e-05,0.9910749197006226,0.008665591478347778,0.0002350447466596961
VTM-008274,DG-81b6a2c402c7,titanite,1,2,0.3351189196109772,0.033639535307884216,0.3410840928554535,0.3674069941043854,0.2578694224357605
VTM-008283,DG-25977fd79355,titanite,1,0,0.16488885879516602,0.8083981275558472,0.11701524257659912,0.03941982239484787,0.035166800022125244
VTM-008304,DG-7b2505b11a8c,titanite,1,2,0.1940220594406128,0.0005412707105278969,0.079798124730587,0.9156692624092102,0.003991317935287952
VTM-008345,DG-7a386c652497,titanite,1,1,0.12541207671165466,0.00046359418774954975,0.8943743705749512,0.0209101103246212,0.08425189554691315
VTM-008347,DG-6455fda523c2,titanite,1,1,0.05209121108055115,0.0005295986193232238,0.9985911250114441,0.0008663928601890802,1.2893934581370559e-05
VTM-008348,DG-5a41bafd6b8a,titanite,1,1,0.07955261319875717,0.00018284849647898227,0.9804697036743164,0.014151416718959808,0.005196015350520611
VTM-008363,DG-99a82fc55364,titanite,1,1,0.07565551996231079,0.0020262538455426693,0.9732581377029419,0.0034449449740350246,0.02127067558467388
VTM-008368,DG-ed224ebac022,titanite,1,1,0.13744206726551056,0.00010367919458076358,0.9307523965835571,0.03940185531973839,0.029742050915956497
VTM-008385,DG-7443ab537df4,titanite,1,2,0.29622361063957214,0.0013963526580482721,0.01793419010937214,0.9761188626289368,0.004550599493086338
VTM-008387,DG-0567564d711c,titanite,1,2,0.14005450904369354,0.0007666336605325341,0.11364562064409256,0.8839658498764038,0.001621923758648336
VTM-008391,DG-e20ada6ff2fb,titanite,1,2,0.12537197768688202,0.025458762422204018,0.2685773968696594,0.7033926248550415,0.002571278251707554
VTM-008396,DG-7264b05a2cd3,titanite,1,1,0.07066971808671951,0.000323331740219146,0.5681629180908203,0.4309495985507965,0.0005641576717607677
VTM-008398,DG-903f66f4e2a6,titanite,1,1,0.03609727323055267,0.00010165537969442084,0.9996858835220337,0.000211825841688551,6.344242819977808e-07
VTM-008399,DG-897b6c22dfc6,titanite,1,1,0.06730050593614578,0.0013762509915977716,0.8856161832809448,0.1129913404583931,1.623114076210186e-05
VTM-008416,DG-06fcc5cb4e9e,titanite,1,1,0.11391335725784302,0.002063841326162219,0.7404442429542542,0.2573271691799164,0.00016482976207043976
VTM-008419,DG-d069c0d46a7a,titanite,1,2,0.161786288022995,0.0008499699761159718,0.06126764416694641,0.9369475841522217,0.0009347913437522948
VTM-008449,DG-1caad0f05cb2,titanite,1,1,0.1256992071866989,0.00019832934776786715,0.9982873201370239,0.0005219908198341727,0.0009923363104462624
VTM-008459,DG-a4f09cf94b67,titanite,1,1,0.132698193192482,0.0034220709931105375,0.971858024597168,0.024391697719693184,0.0003282387915533036
VTM-008466,DG-b35e864c1165,titanite,1,1,0.17549188435077667,0.018666161224246025,0.5676295161247253,0.41007858514785767,0.0036257028114050627
VTM-008479,DG-9ccfb599fd77,titanite,1,2,0.10765006393194199,6.95881899446249e-05,0.47274333238601685,0.5117570161819458,0.01543009839951992
VTM-008482,DG-1fffaf6ae75b,titanite,1,1,0.2727283537387848,0.012189420871436596,0.8943055272102356,0.0806894451379776,0.01281558908522129
VTM-008491,DG-af7f9e0b3a59,titanite,1,1,0.15871892869472504,0.002170635387301445,0.79160076379776,0.20530042052268982,0.0009281847160309553
VTM-008499,DG-9ed843508094,titanite,1,1,0.14389926195144653,0.10510286688804626,0.7024096846580505,0.18855786323547363,0.003929599188268185
VTM-008511,DG-38b189947097,titanite,1,0,0.39357990026474,0.9739452600479126,0.0015242756344377995,0.014667332172393799,0.009863140992820263
VTM-008517,DG-8b44899247eb,titanite,1,0,0.19017265737056732,0.9496483206748962,0.030555671080946922,0.01905842311680317,0.000737616908736527
VTM-008520,DG-cc289f754191,titanite,1,0,0.3256087005138397,0.7414401173591614,0.22940853238105774,0.019460128620266914,0.00969123374670744
VTM-008546,DG-f56dc1bdd66d,titanite,1,2,0.047127045691013336,2.4996130377985537e-05,0.005660551134496927,0.9943114519119263,3.041358013433637e-06
VTM-008557,DG-af2db7871b5d,titanite,1,1,0.158819779753685,0.013064231723546982,0.9192062020301819,0.0008098974940367043,0.06691960245370865
VTM-008565,DG-cdf94a34139b,titanite,1,1,0.11008579283952713,0.18922190368175507,0.800876796245575,0.009513436816632748,0.00038783453055657446
VTM-008572,DG-fd68011a9df0,titanite,1,1,0.2039797157049179,0.024664828553795815,0.763235867023468,0.1679602712392807,0.04413900151848793
VTM-008575,DG-efd1431d078a,titanite,1,0,0.0883442685008049,0.9421520829200745,0.057466644793748856,2.1299554646247998e-05,0.00035998254315927625
VTM-008592,DG-ac439782958b,titanite,1,2,0.025973493233323097,0.00010250680497847497,0.014932786114513874,0.9849646091461182,9.646106491345563e-08
VTM-008601,DG-deb465c57e11,titanite,1,2,0.21663056313991547,0.18386588990688324,0.013354643248021603,0.8002098202705383,0.002569644246250391
