image_id,split_group_id,mineral_label,outer_fold,true_class_id,predicted_class_id,route,prob_0,prob_1,prob_2,prob_3
VTM-000004,DG-93711816d7a2,ilmenite,0,0,3,0.527786910533905,0.1652359664440155,0.07005082070827484,0.04538067430257797,0.7193324565887451
VTM-000019,DG-1f6c9a170d0a,ilmenite,0,0,1,0.5470594763755798,0.14477533102035522,0.8131843209266663,0.0077140117064118385,0.03432636708021164
VTM-000022,DG-f06e5066d583,ilmenite,0,0,0,0.53420490026474,0.7487256526947021,0.23580411076545715,0.0029400959610939026,0.012530133128166199
VTM-000023,DG-57c8be1f1a44,ilmenite,0,0,3,0.5333049297332764,0.07547953724861145,0.060797419399023056,0.07224199175834656,0.7914810180664062
VTM-000026,DG-0cb281befc77,ilmenite,0,0,1,0.5451915264129639,0.4747866690158844,0.47836634516716003,0.022575171664357185,0.02427184209227562
VTM-000029,DG-9f879b68f7a9,ilmenite,0,0,0,0.5383655428886414,0.33911073207855225,0.20631146430969238,0.3381664752960205,0.11641132831573486
VTM-000031,DG-d7115b5d6740,ilmenite,0,0,0,0.5274689197540283,0.9063282012939453,0.06141166761517525,0.00407331483438611,0.028186870738863945
VTM-000032,DG-a4d032ac7c43,ilmenite,0,0,3,0.5428645610809326,0.34827935695648193,0.1918686479330063,0.04544704407453537,0.4144049286842346
VTM-000033,DG-835a9a31582b,ilmenite,0,0,3,0.5447856783866882,0.2571045458316803,0.215576633810997,0.11592961847782135,0.41138923168182373
VTM-000042,DG-dd60957cc98f,ilmenite,0,0,3,0.5401482582092285,0.07958647608757019,0.19386188685894012,0.21825829148292542,0.5082933306694031
VTM-000053,DG-0c19a5da525e,ilmenite,0,0,1,0.5491105318069458,0.046580970287323,0.8049250841140747,0.03376804292201996,0.11472593247890472
VTM-000054,DG-4dc01708b6c1,ilmenite,0,0,3,0.5422875881195068,0.09491100907325745,0.19647423923015594,0.035942405462265015,0.6726723313331604
VTM-000055,DG-3cad097ede55,ilmenite,0,0,1,0.548933207988739,0.2211695909500122,0.49503010511398315,0.19196444749832153,0.0918358713388443
VTM-000059,DG-104f7493d31e,ilmenite,0,0,0,0.5227843523025513,0.955026388168335,0.013957256451249123,0.0001454065932193771,0.030870959162712097
VTM-000063,DG-a13316fbba17,ilmenite,0,0,0,0.5377976894378662,0.7473694086074829,0.23107558488845825,0.008509182371199131,0.013045829720795155
VTM-000067,DG-5e3c1a734ecf,ilmenite,0,0,1,0.548439085483551,0.32379013299942017,0.610834538936615,0.02420349419116974,0.04117182642221451
VTM-000071,DG-43ff4b7e71d7,ilmenite,0,0,0,0.5280296802520752,0.762596607208252,0.048025645315647125,0.01028213556855917,0.17909562587738037
VTM-000072,DG-f00d4292aa19,ilmenite,0,0,2,0.5260732173919678,0.08907301723957062,0.22746941447257996,0.6015221476554871,0.08193545043468475
VTM-000078,DG-6cfccac709da,ilmenite,0,0,0,0.5241855382919312,0.9252467155456543,0.045538462698459625,0.007850535213947296,0.021364305168390274
VTM-000079,DG-865801959617,ilmenite,0,0,0,0.5220142602920532,0.9644432067871094,0.020830582827329636,0.0047644320875406265,0.009961758740246296
VTM-000081,DG-a37ea3e212b7,ilmenite,0,0,0,0.5232632160186768,0.9243760108947754,0.026795458048582077,0.0030876724049448967,0.04574090987443924
VTM-000097,DG-52dbc2d87ae6,ilmenite,0,0,1,0.5464620590209961,0.025260433554649353,0.8298494815826416,0.08106039464473724,0.06382975727319717
VTM-000102,DG-8f39b68c7460,ilmenite,0,0,0,0.5372776389122009,0.7121657133102417,0.16153497993946075,0.014243656769394875,0.11205562204122543
VTM-000103,DG-edd7bbc96d6a,ilmenite,0,0,0,0.521174430847168,0.9681187272071838,0.020794834941625595,0.0023702604230493307,0.00871619489043951
VTM-000107,DG-2643e93c71a5,ilmenite,0,0,1,0.5392827987670898,0.004597768187522888,0.9853264093399048,0.006937774363905191,0.003138034138828516
VTM-000109,DG-45cfbbb23bdc,ilmenite,0,0,0,0.5362357497215271,0.7241109013557434,0.17724661529064178,0.0757133886218071,0.0229291170835495
VTM-000114,DG-fc3a66d13a58,ilmenite,0,0,0,0.5203386545181274,0.970486044883728,0.013436457142233849,0.0015527465147897601,0.014524759724736214
VTM-000119,DG-fb23410b9ff9,ilmenite,0,0,0,0.5445586442947388,0.44901859760284424,0.11647231876850128,0.07744716852903366,0.3570619225502014
VTM-000120,DG-3e885422ff43,ilmenite,0,0,3,0.5402525663375854,0.3025442063808441,0.16234000027179718,0.12778332829475403,0.40733247995376587
VTM-000123,DG-f7048b8cdbe5,ilmenite,0,0,2,0.532925546169281,0.017571181058883667,0.4670639932155609,0.49780720472335815,0.017557628452777863
VTM-000126,DG-c9aba633a410,ilmenite,0,0,0,0.5271540284156799,0.8636972904205322,0.059555478394031525,0.011471706442534924,0.06527550518512726
VTM-000129,DG-70edfcef8486,ilmenite,0,0,0,0.538116991519928,0.452757328748703,0.2092856615781784,0.2254037857055664,0.11255323886871338
VTM-000130,DG-c93fa69bd002,ilmenite,0,0,0,0.530713677406311,0.8161336183547974,0.0741041898727417,0.011241823434829712,0.09852041304111481
VTM-000136,DG-7d68bf215ad3,ilmenite,0,0,1,0.5455524921417236,0.32828396558761597,0.3970891535282135,0.0013069834094494581,0.27331995964050293
VTM-000137,DG-c1aed5f668d2,ilmenite,0,0,1,0.5504348278045654,0.14647948741912842,0.577008068561554,0.010942824184894562,0.2655695974826813
VTM-000138,DG-6cfde0785f0c,ilmenite,0,0,1,0.5403574109077454,0.008258428424596786,0.953484058380127,0.022327952086925507,0.01592959649860859
VTM-000143,DG-9af7bd61913c,ilmenite,0,0,3,0.5377898812294006,0.07089239358901978,0.12826703488826752,0.3076217770576477,0.4932187795639038
VTM-000156,DG-b07c5902c813,ilmenite,0,0,0,0.5455816984176636,0.4184177815914154,0.32807379961013794,0.17745742201805115,0.0760510116815567
VTM-000164,DG-188a4021410f,ilmenite,0,0,0,0.5413963198661804,0.7207022905349731,0.1982189267873764,0.06426334381103516,0.0168154239654541
VTM-000193,DG-52c3a93b717f,ilmenite,0,0,3,0.5460490584373474,0.058843307197093964,0.2995251715183258,0.20927199721336365,0.432359516620636
VTM-000196,DG-7327ff5c7b8d,ilmenite,0,0,3,0.5249578356742859,0.15078750252723694,0.06832904368638992,0.01620502397418022,0.7646784782409668
VTM-000199,DG-c725c58e3f4e,ilmenite,0,0,0,0.531619131565094,0.7402870655059814,0.07212401926517487,0.1107000857591629,0.07688882201910019
VTM-000203,DG-c9a72486b1ef,ilmenite,0,0,0,0.5418177247047424,0.5674823522567749,0.15549308061599731,0.03361467272043228,0.2434099316596985
VTM-000212,DG-a9d34317443f,ilmenite,0,0,1,0.551448404788971,0.266679584980011,0.7260912656784058,0.004210934974253178,0.003018241375684738
VTM-000214,DG-e243cfd0a50c,ilmenite,0,0,1,0.5415149927139282,0.004116427153348923,0.8828094005584717,0.11083437502384186,0.002239781431853771
VTM-000216,DG-89f8774a7c9a,ilmenite,0,0,1,0.5488767027854919,0.06301268935203552,0.7471749186515808,0.1143808513879776,0.07543149590492249
VTM-000217,DG-aaf59fa905f6,ilmenite,0,0,2,0.5238636136054993,0.044644664973020554,0.13551950454711914,0.5865193605422974,0.23331651091575623
VTM-000219,DG-90f99d0b37a9,ilmenite,0,0,1,0.5470040440559387,0.07279770076274872,0.8278340697288513,0.03489374369382858,0.0644744485616684
VTM-000226,DG-f38e353637cc,ilmenite,0,0,2,0.5210797786712646,0.13476361334323883,0.1562824249267578,0.6766618490219116,0.03229210525751114
VTM-000239,DG-eafba2c762ae,ilmenite,0,0,0,0.5361815690994263,0.7147532105445862,0.25901031494140625,0.017035536468029022,0.00920095294713974
VTM-000241,DG-0f6c6dd21429,ilmenite,0,0,1,0.5461171865463257,0.47831523418426514,0.4841003119945526,0.030519932508468628,0.007064530160278082
VTM-000247,DG-1d85bd9b85f1,ilmenite,0,0,0,0.5301849246025085,0.7863762974739075,0.06217273324728012,0.0813208743929863,0.07013007998466492
VTM-000249,DG-b2860bfb1647,ilmenite,0,0,1,0.5515666007995605,0.12706704437732697,0.6986744403839111,0.023909583687782288,0.15034891664981842
VTM-000265,DG-d503d286be4e,ilmenite,0,0,0,0.5394443273544312,0.7946231961250305,0.17890727519989014,0.0011059131938964128,0.025363652035593987
VTM-000280,DG-d28666dbe553,ilmenite,0,0,0,0.5494428873062134,0.5662549734115601,0.42288538813591003,0.0028834231197834015,0.007976215332746506
VTM-000282,DG-40aa4d6edc70,ilmenite,0,0,0,0.5314854979515076,0.7163708209991455,0.06245246157050133,0.014075974002480507,0.20710071921348572
VTM-000283,DG-0d5911cba632,ilmenite,0,0,0,0.5325190424919128,0.8516583442687988,0.07372444123029709,0.00962391309440136,0.06499327719211578
VTM-000285,DG-acd642196a86,ilmenite,0,0,0,0.5406714081764221,0.6628634929656982,0.18752655386924744,0.06810925900936127,0.08150064200162888
VTM-000288,DG-3587dab97d70,ilmenite,0,0,2,0.5256099700927734,0.03846648707985878,0.24280530214309692,0.6787306666374207,0.03999749571084976
VTM-000290,DG-51aa7aceda75,ilmenite,0,0,3,0.5274841785430908,0.2145226001739502,0.0550454705953598,0.021777283400297165,0.7086546421051025
VTM-000294,DG-964e0d7fd6bb,ilmenite,0,0,0,0.5336611866950989,0.48740154504776,0.09337317198514938,0.19276615977287292,0.22645911574363708
VTM-000308,DG-653233a1d69c,ilmenite,0,0,2,0.5292952656745911,0.04129190742969513,0.32311809062957764,0.5901790261268616,0.045410990715026855
VTM-000322,DG-7bd6164a6379,ilmenite,0,0,0,0.45395034551620483,0.655436098575592,0.032744668424129486,0.011774616315960884,0.30004462599754333
VTM-000323,DG-8b1bb30dd6dc,ilmenite,0,0,1,0.5503740906715393,0.21566429734230042,0.4321281313896179,0.173310786485672,0.17889682948589325
VTM-000328,DG-b92bf0a3d3da,ilmenite,0,0,3,0.5282022953033447,0.09368516504764557,0.050550393760204315,0.12173773348331451,0.7340267300605774
VTM-000340,DG-d5390af5bbbe,magnetite,0,0,0,0.5326687693595886,0.8141593337059021,0.10446826368570328,0.062258489429950714,0.01911393739283085
VTM-000342,DG-3d91fefd53d4,magnetite,0,0,0,0.5307281017303467,0.7706701159477234,0.07980242371559143,0.07106593996286392,0.07846149057149887
VTM-000349,DG-7481d8c0d8a5,magnetite,0,0,0,0.5385968089103699,0.6560013890266418,0.17201465368270874,0.066257543861866,0.10572647303342819
VTM-000362,DG-a03abcd13fa1,magnetite,0,0,0,0.5476651787757874,0.4842410683631897,0.45889559388160706,0.015916727483272552,0.04094656556844711
VTM-000365,DG-403301c9b56e,magnetite,0,0,0,0.5308922529220581,0.6858960390090942,0.0615367591381073,0.01786702126264572,0.2347002476453781
VTM-000368,DG-5ec9d3b3f9d9,magnetite,0,0,3,0.5445141196250916,0.013059565797448158,0.2466801106929779,0.3145691752433777,0.4256911277770996
VTM-000403,DG-6365ef6796fd,magnetite,0,0,0,0.5276285409927368,0.8773388862609863,0.10687926411628723,0.0028667012229561806,0.012915162369608879
VTM-000407,DG-b34933b09131,magnetite,0,0,0,0.5272747278213501,0.8816388845443726,0.10850536823272705,0.0027692453004419804,0.007086499594151974
VTM-000408,DG-33df6424b3d6,magnetite,0,0,0,0.5240203738212585,0.9365317821502686,0.04510698467493057,0.001208839938044548,0.017152419313788414
VTM-000419,DG-d335465b98d0,magnetite,0,0,1,0.5517240166664124,0.38009464740753174,0.4978567957878113,0.06447672843933105,0.057571809738874435
VTM-000420,DG-bea3245792a5,magnetite,0,0,0,0.5394399762153625,0.7704847455024719,0.20801958441734314,0.004575045313686132,0.01692059449851513
VTM-000421,DG-74bfd6871e69,magnetite,0,0,0,0.540185272693634,0.6662290096282959,0.16883651912212372,0.0660276710987091,0.09890685975551605
VTM-000424,DG-bf000ef4445e,magnetite,0,0,0,0.5213452577590942,0.9755736589431763,0.011830078437924385,0.0006346293957903981,0.011961646378040314
VTM-000425,DG-255b8042624f,magnetite,0,0,0,0.5350238680839539,0.5712001323699951,0.09431618452072144,0.13426989316940308,0.20021376013755798
VTM-000433,DG-c8fe44598de6,magnetite,0,0,1,0.539715051651001,0.0031775697134435177,0.9873718023300171,0.007949281483888626,0.0015014053788036108
VTM-000449,DG-f157fe6a84d8,magnetite,0,0,1,0.5380994081497192,0.004029345232993364,0.967394232749939,0.014139494858682156,0.01443694531917572
VTM-000453,DG-151237aade76,magnetite,0,0,1,0.5450471639633179,0.30512136220932007,0.5949758291244507,0.056756168603897095,0.043146610260009766
VTM-000457,DG-da2371bedc70,magnetite,0,0,0,0.5282396078109741,0.8254325985908508,0.06289653480052948,0.001594391418620944,0.11007644236087799
VTM-000459,DG-8f86ca807d93,magnetite,0,0,0,0.530937671661377,0.8334288597106934,0.1547827422618866,0.004377342760562897,0.0074110571295022964
VTM-000461,DG-bd4555044da8,magnetite,0,0,0,0.5440574288368225,0.47532039880752563,0.3072800636291504,0.12826009094715118,0.0891394391655922
VTM-000464,DG-2d7adf4c3825,magnetite,0,0,1,0.5444647073745728,0.007825871929526329,0.8058348894119263,0.05839806795120239,0.12794119119644165
VTM-000465,DG-5d8be5aba542,magnetite,0,0,0,0.5387790203094482,0.6484490633010864,0.1750979721546173,0.00591269601136446,0.17054030299186707
VTM-000469,DG-55628b24d169,magnetite,0,0,0,0.5433769226074219,0.6103453636169434,0.1756831705570221,0.016355235129594803,0.19761615991592407
VTM-000475,DG-8ccebb8113c3,magnetite,0,0,0,0.5446531772613525,0.5754936337471008,0.3578788638114929,0.0125587098300457,0.05406884104013443
VTM-000482,DG-252e52464d94,magnetite,0,0,1,0.5489282011985779,0.3235815167427063,0.553315281867981,0.015485337004065514,0.10761786997318268
VTM-000484,DG-f6cdfd76d655,magnetite,0,0,0,0.5295444130897522,0.8243142366409302,0.0928998664021492,0.04848311096429825,0.034302812069654465
VTM-000485,DG-139309e9779f,magnetite,0,0,1,0.5494311451911926,0.1496293991804123,0.7365270853042603,0.06062368303537369,0.05321985483169556
VTM-000487,DG-fa21589d0eae,magnetite,0,0,2,0.5412600040435791,0.18022949993610382,0.2296280860900879,0.3595903515815735,0.23055201768875122
VTM-000488,DG-4c58be6039ce,magnetite,0,0,3,0.5414036512374878,0.335989773273468,0.1563721001148224,0.03422607108950615,0.47341206669807434
VTM-000494,DG-2a5290c5d7d8,magnetite,0,0,0,0.5251538753509521,0.9228661060333252,0.04991164058446884,0.002851206576451659,0.02437106892466545
VTM-000498,DG-d0d8d1193f14,magnetite,0,0,0,0.5269135236740112,0.8944382071495056,0.06241856887936592,0.03409690409898758,0.009046328254044056
VTM-000503,DG-572766d5cc60,magnetite,0,0,3,0.53999924659729,0.13174685835838318,0.1725510060787201,0.08785939961671829,0.6078426837921143
VTM-000508,DG-2db55b805efd,magnetite,0,0,1,0.5497764945030212,0.42105183005332947,0.4972493052482605,0.01433995645493269,0.06735887378454208
VTM-000509,DG-c4c2974889e2,magnetite,0,0,0,0.5220484733581543,0.9706895351409912,0.012876835651695728,0.0011375350877642632,0.015296129509806633
VTM-000518,DG-85333005c1cb,magnetite,0,0,0,0.5397030711174011,0.3634952902793884,0.15737418830394745,0.3319803774356842,0.14715012907981873
VTM-000521,DG-a364591e5a94,magnetite,0,0,0,0.5236005187034607,0.9386218190193176,0.05163510888814926,0.0005134629900567234,0.009229605086147785
VTM-000528,DG-5c4892601427,magnetite,0,0,1,0.5541828274726868,0.23834756016731262,0.4163263440132141,0.08467124402523041,0.26065483689308167
VTM-000531,DG-f79e95555def,magnetite,0,0,0,0.5487343668937683,0.5105739831924438,0.3150486946105957,0.03535591810941696,0.13902141153812408
VTM-000533,DG-13e216bf967a,magnetite,0,0,0,0.5266667604446411,0.8923957347869873,0.09362347424030304,0.007523372303694487,0.006457425653934479
VTM-000541,DG-ac65b778544d,magnetite,0,0,1,0.5422672629356384,0.044826753437519073,0.9203255772590637,0.025710754096508026,0.009136965498328209
VTM-000542,DG-abef6c79e38a,magnetite,0,0,3,0.5506706237792969,0.13147827982902527,0.30947843194007874,0.0660339742898941,0.4930093288421631
VTM-000543,DG-8637f69df099,magnetite,0,0,0,0.5451753735542297,0.5544207096099854,0.42797571420669556,0.012173586525022984,0.005429980345070362
VTM-000550,DG-d6c4964bebe0,magnetite,0,0,3,0.530004620552063,0.32184046506881714,0.06044303625822067,0.053453803062438965,0.5642626285552979
VTM-000554,DG-d69aeb666d37,magnetite,0,0,0,0.5394454598426819,0.5578835010528564,0.16845014691352844,0.048047177493572235,0.2256191521883011
VTM-000560,DG-f8b487ada0f0,magnetite,0,0,3,0.54116290807724,0.1921592354774475,0.1901209056377411,0.0874188095331192,0.5303010940551758
VTM-000561,DG-90ed9625cbcc,magnetite,0,0,1,0.5455294847488403,0.14678213000297546,0.3553099036216736,0.20391499996185303,0.2939929962158203
VTM-000566,DG-88a8c17089a3,magnetite,0,0,0,0.5358694195747375,0.6628024578094482,0.119516521692276,0.019291134551167488,0.19838988780975342
VTM-000571,DG-badeafbc76d2,magnetite,0,0,0,0.5437034964561462,0.5471509695053101,0.28505754470825195,0.05254247039556503,0.11524900048971176
VTM-000582,DG-0ee8078237dd,magnetite,0,0,1,0.5485682487487793,0.24607235193252563,0.7233222126960754,0.007892586290836334,0.022712871432304382
VTM-000584,DG-f734cca44fe3,magnetite,0,0,0,0.5346245169639587,0.7923255562782288,0.16128385066986084,0.015022078529000282,0.031368523836135864
VTM-000590,DG-c990436be263,magnetite,0,0,0,0.5264894962310791,0.8693807125091553,0.060326989740133286,0.004260732792317867,0.0660315677523613
VTM-000601,DG-939340a3be9e,magnetite,0,0,0,0.5292185544967651,0.8427568674087524,0.0738249272108078,0.04720338433980942,0.036214813590049744
VTM-000607,DG-99ee770e1ec4,magnetite,0,0,0,0.5444098114967346,0.5968718528747559,0.3235922157764435,0.0073089697398245335,0.07222702354192734
VTM-000616,DG-8627d5243277,magnetite,0,0,0,0.533138632774353,0.8248000144958496,0.12729397416114807,0.027733121067285538,0.020172905176877975
VTM-000632,DG-106e1814764b,magnetite,0,0,0,0.5291004776954651,0.798241376876831,0.0659504383802414,0.01943078823387623,0.11637742817401886
VTM-000635,DG-0a7197b1c473,magnetite,0,0,2,0.5143980383872986,0.023252055048942566,0.1342572569847107,0.8071510791778564,0.03533966839313507
VTM-000644,DG-5f2a9cfc90f1,magnetite,0,0,0,0.5466119647026062,0.4211565852165222,0.3602738082408905,0.1233895868062973,0.09518001973628998
VTM-000645,DG-1e092660f768,magnetite,0,0,0,0.5425434708595276,0.4548192024230957,0.22040751576423645,0.22966837882995605,0.0951048955321312
VTM-000651,DG-9619aff54888,magnetite,0,0,0,0.5346752405166626,0.68831467628479,0.10123877972364426,0.026186678558588028,0.18425986170768738
VTM-000654,DG-870455a260e3,magnetite,0,0,3,0.5390034317970276,0.2573228180408478,0.22450125217437744,0.036717332899570465,0.4814586341381073
VTM-000660,DG-ad58ef2bbda3,magnetite,0,0,1,0.5487650036811829,0.3865666389465332,0.4680359661579132,0.09290117025375366,0.05249617248773575
VTM-000666,DG-42d073c596a6,magnetite,0,0,1,0.5473118424415588,0.053077008575201035,0.7509722113609314,0.15297695994377136,0.04297379031777382
VTM-000675,DG-a74f36131fe6,magnetite,0,0,3,0.5245203375816345,0.02604198455810547,0.05100949853658676,0.19884878396987915,0.7240997552871704
VTM-000681,DG-35c7c8b5abb3,magnetite,0,0,0,0.5229066610336304,0.954055905342102,0.0410805344581604,0.001963454531505704,0.0029001208022236824
VTM-000695,DG-23db2eab5a9a,magnetite,0,0,0,0.5437551736831665,0.6178280115127563,0.27797430753707886,0.07201414555311203,0.03218349814414978
VTM-000710,DG-73f5251f3a0d,magnetite,0,0,0,0.5337169170379639,0.7725908756256104,0.19787053763866425,0.011936850845813751,0.017601782456040382
VTM-000711,DG-94a4562acff5,magnetite,0,0,0,0.524109959602356,0.9305094480514526,0.061454035341739655,0.0004636230878531933,0.0075729768723249435
VTM-000713,DG-e7526efc7838,magnetite,0,0,0,0.5400410890579224,0.6513631343841553,0.26022958755493164,0.03493812307715416,0.05346917733550072
VTM-000719,DG-4b0e141be02b,magnetite,0,0,1,0.547130823135376,0.08298220485448837,0.8642832636833191,0.01493578776717186,0.03779875114560127
VTM-000723,DG-511bc90a21cd,magnetite,0,0,0,0.5321238040924072,0.7618592977523804,0.09363177418708801,0.0074545773677527905,0.13705433905124664
VTM-000734,DG-7943e07eda8b,magnetite,0,0,3,0.5053772330284119,0.012558704242110252,0.0019495957531034946,0.02083902433514595,0.9646526575088501
VTM-000738,DG-acfec52406c0,magnetite,0,0,1,0.5439633131027222,0.21668916940689087,0.7731286287307739,0.008034263737499714,0.002147897845134139
VTM-000744,DG-51c20dbdad13,magnetite,0,0,0,0.54546719789505,0.6738613247871399,0.26826417446136475,0.00562465563416481,0.05224984884262085
VTM-000749,DG-9d6f8b7cd056,magnetite,0,0,0,0.5323231816291809,0.7879021167755127,0.11620812118053436,0.030374623835086823,0.06551513075828552
VTM-000751,DG-3d9dc0979618,magnetite,0,0,1,0.5523862838745117,0.3559293746948242,0.4983823597431183,0.07175090909004211,0.07393734902143478
VTM-000753,DG-7598f8d56a09,magnetite,0,0,0,0.5367525815963745,0.6755787134170532,0.26309844851493835,0.003846478648483753,0.057476356625556946
VTM-000754,DG-a5308d80eb1e,magnetite,0,0,2,0.508087694644928,0.0006336723454296589,0.03734854981303215,0.959581196308136,0.002436643000692129
VTM-000764,DG-f1908d5df853,magnetite,0,0,0,0.5338289737701416,0.7776848077774048,0.12111151218414307,0.054908595979213715,0.04629509896039963
VTM-000765,DG-3ce0b36731d7,magnetite,0,0,0,0.5268404483795166,0.8933546543121338,0.08429604768753052,0.010714240372180939,0.011635078117251396
VTM-000767,DG-b58c9f9e67a7,magnetite,0,0,0,0.5371933579444885,0.7224056720733643,0.26384198665618896,0.003283784491941333,0.010468559339642525
VTM-000770,DG-ddef072441c7,magnetite,0,0,1,0.5432976484298706,0.0250101201236248,0.8548598289489746,0.011085543781518936,0.10904449224472046
VTM-000774,DG-4344ec37eaf0,magnetite,0,0,0,0.5449460744857788,0.5588330030441284,0.3115837574005127,0.0599827840924263,0.06960050761699677
VTM-000782,DG-c2d5781a014e,magnetite,0,0,1,0.540005087852478,0.008047902025282383,0.9709599018096924,0.015420416370034218,0.005571713671088219
VTM-000785,DG-63c201539c7b,magnetite,0,0,3,0.5444546937942505,0.021903308108448982,0.23698392510414124,0.21045875549316406,0.5306540131568909
VTM-000801,DG-e9839908fe36,magnetite,0,0,1,0.5501962900161743,0.1947454810142517,0.4858742952346802,0.10474331676959991,0.21463695168495178
VTM-000803,DG-9a9234085770,magnetite,0,0,0,0.5472713112831116,0.4504554271697998,0.3107415437698364,0.1414964646100998,0.09730654209852219
VTM-000804,DG-36f41fac9a42,magnetite,0,0,0,0.5335424542427063,0.8050601482391357,0.11941468715667725,0.025092992931604385,0.050432249903678894
VTM-000811,DG-1220f8569f0c,magnetite,0,0,0,0.5441268682479858,0.5315454602241516,0.20823471248149872,0.06297609955072403,0.19724366068840027
VTM-000821,DG-1057be1a7c8a,magnetite,0,0,0,0.5190457105636597,0.9959893226623535,0.0017496809596195817,6.193501758389175e-05,0.002199055626988411
VTM-000828,DG-7c561f5d11ca,magnetite,0,0,1,0.5433613657951355,0.020471125841140747,0.9100507497787476,0.026807233691215515,0.04267087206244469
VTM-000843,DG-6efd90c3e13c,magnetite,0,0,0,0.5401433110237122,0.6730007529258728,0.2621966004371643,0.03204530477523804,0.03275739401578903
VTM-000846,DG-df1c722de400,magnetite,0,0,0,0.538304328918457,0.5656490325927734,0.24756892025470734,0.10683026909828186,0.07995176315307617
VTM-000855,DG-bd37ade00a53,magnetite,0,0,3,0.5147954821586609,0.17089249193668365,0.01791740581393242,0.005257036536931992,0.8059329986572266
VTM-000874,DG-a7d122d49764,magnetite,0,0,0,0.5216376781463623,0.9697009325027466,0.027264663949608803,0.0006197550101205707,0.002414654241874814
VTM-000876,DG-1f9b1f9113dd,magnetite,0,0,0,0.5239552855491638,0.9447532892227173,0.029488205909729004,0.005636761896312237,0.020121684297919273
VTM-000879,DG-3d7eadac6d8d,magnetite,0,0,0,0.5385872721672058,0.7504860162734985,0.19800087809562683,0.020244402810931206,0.03126867860555649
VTM-000893,DG-dfe6d03394c5,magnetite,0,0,3,0.5405693054199219,0.30458420515060425,0.1340273916721344,0.021264448761940002,0.5401239395141602
VTM-000896,DG-031f3b0c48c1,magnetite,0,0,3,0.5304778814315796,0.07071040570735931,0.08439421653747559,0.22646364569664001,0.618431806564331
VTM-000904,DG-07ad539d2e2a,magnetite,0,0,0,0.5362247228622437,0.7367778420448303,0.16461285948753357,0.043920353055000305,0.05468898266553879
VTM-000906,DG-fe30e68f161c,magnetite,0,0,1,0.5462638735771179,0.05543339252471924,0.719772219657898,0.17185352742671967,0.052940916270017624
VTM-000911,DG-fcd10f6fe6ef,magnetite,0,0,2,0.538501501083374,0.09449877589941025,0.3762814402580261,0.4604519009590149,0.06876792013645172
VTM-000912,DG-06fccb2adcda,magnetite,0,0,1,0.5499371290206909,0.17407865822315216,0.41421759128570557,0.18539825081825256,0.2263055145740509
VTM-000915,DG-2e391d98d6b0,magnetite,0,0,0,0.53986656665802,0.7288652658462524,0.16221562027931213,0.030179006978869438,0.07874011993408203
VTM-000916,DG-c36987988ec5,magnetite,0,0,0,0.5367410778999329,0.7619772553443909,0.1470436006784439,0.01580587588250637,0.0751732587814331
VTM-000917,DG-7e4620e7d677,magnetite,0,0,2,0.5338068604469299,0.09428702294826508,0.2924744784832001,0.5114492177963257,0.10178924351930618
VTM-000919,DG-e093a55c5608,magnetite,0,0,3,0.5392557978630066,0.3982601463794708,0.1700061559677124,0.006442166864871979,0.4252915382385254
VTM-000925,DG-7bde1cba2701,magnetite,0,0,0,0.5391185283660889,0.6154026985168457,0.18702679872512817,0.12664498388767242,0.07092557847499847
VTM-000926,DG-42e9164b4f2a,magnetite,0,0,0,0.530167818069458,0.848946213722229,0.10392846167087555,0.002982273232191801,0.04414305090904236
VTM-000927,DG-2d91e78bf98a,magnetite,0,0,1,0.5519638657569885,0.3673093318939209,0.5547022819519043,0.009819777682423592,0.06816861033439636
VTM-000930,DG-a39cd1739153,magnetite,0,0,0,0.5303253531455994,0.7769210934638977,0.07770905643701553,0.010233104228973389,0.13513672351837158
VTM-000931,DG-b8e13ca0cc72,magnetite,0,0,0,0.5264127850532532,0.8841798305511475,0.07866276800632477,0.007337998598814011,0.029819415882229805
VTM-000937,DG-0f89ce89ad6d,magnetite,0,0,1,0.5515397787094116,0.26565971970558167,0.4219089150428772,0.08482490479946136,0.22760649025440216
VTM-000940,DG-dcc3ee1f5386,magnetite,0,0,0,0.5393344163894653,0.4871525168418884,0.1332155019044876,0.085389643907547,0.29424232244491577
VTM-000942,DG-ce8e860c69dd,magnetite,0,0,0,0.5402604341506958,0.6080551147460938,0.2716655731201172,0.020822763442993164,0.09945656359195709
VTM-000961,DG-e0491f2bf943,magnetite,0,0,1,0.5445306301116943,0.46236342191696167,0.48863470554351807,0.011898433789610863,0.03710339218378067
VTM-000964,DG-bf33035fb162,magnetite,0,0,0,0.5298100113868713,0.8440935611724854,0.10701341927051544,0.010218018665909767,0.03867499902844429
VTM-000966,DG-3901d27052ca,magnetite,0,0,0,0.5256034135818481,0.9043313264846802,0.05085482448339462,0.005053455010056496,0.03976036608219147
VTM-000969,DG-ce6c2900638e,magnetite,0,0,0,0.5425520539283752,0.6482944488525391,0.3016209006309509,0.008539590053260326,0.0415450856089592
VTM-000970,DG-444b324739f5,magnetite,0,0,0,0.53815096616745,0.4467366337776184,0.1329788863658905,0.07128575444221497,0.3489987850189209
VTM-000973,DG-0b135def70f5,magnetite,0,0,0,0.5295814871788025,0.73721843957901,0.0518001951277256,0.011183369904756546,0.19979800283908844
VTM-000975,DG-322e5cd29fe8,magnetite,0,0,0,0.5325360894203186,0.613050103187561,0.06901683658361435,0.12365692853927612,0.19427607953548431
VTM-000981,DG-7618d529f7f5,magnetite,0,0,1,0.5399889945983887,0.07126887142658234,0.5280864238739014,0.38924968242645264,0.01139502041041851
VTM-000987,DG-903f97fc0367,magnetite,0,0,1,0.5466490983963013,0.4579574465751648,0.5151810646057129,0.011076955124735832,0.015784546732902527
VTM-000993,DG-fdfa7c7266b9,magnetite,0,0,1,0.5525285005569458,0.23784196376800537,0.5008043050765991,0.11289940029382706,0.14845430850982666
VTM-000999,DG-d9cb3882af34,magnetite,0,0,0,0.5285025238990784,0.8851960897445679,0.0655711367726326,0.002238110639154911,0.046994633972644806
VTM-001012,DG-2c6dec8ca7f9,magnetite,0,0,1,0.5435221195220947,0.0674188882112503,0.35495319962501526,0.27623113989830017,0.30139678716659546
VTM-001019,DG-7bd1b6bc7ec6,magnetite,0,0,0,0.537970244884491,0.7331952452659607,0.13184204697608948,0.013413500040769577,0.12154923379421234
VTM-001021,DG-5aa237ea1fa2,magnetite,0,0,2,0.5207878351211548,0.21545818448066711,0.04820600152015686,0.5163741111755371,0.2199617177248001
VTM-001029,DG-9033b8dfa588,magnetite,0,0,0,0.531501054763794,0.8053624629974365,0.08199232816696167,0.03168761357665062,0.08095761388540268
VTM-001040,DG-c6c321e98c34,magnetite,0,0,0,0.5475745797157288,0.3496593236923218,0.27467769384384155,0.1832903027534485,0.19237270951271057
VTM-001041,DG-e50d9188d429,magnetite,0,0,1,0.5467634797096252,0.47746509313583374,0.4802495241165161,0.010116538032889366,0.032168857753276825
VTM-001042,DG-c37b534b6448,magnetite,0,0,1,0.5408845543861389,0.04222472384572029,0.9508275985717773,0.0041066743433475494,0.0028410074301064014
VTM-001048,DG-294a75101264,magnetite,0,0,1,0.5481703281402588,0.40948957204818726,0.4166681170463562,0.15642008185386658,0.01742221601307392
VTM-001049,DG-fd9699cff34d,magnetite,0,0,1,0.5507081747055054,0.2778128981590271,0.36976301670074463,0.22416076064109802,0.12826332449913025
VTM-001056,DG-ba5ec5b88c08,magnetite,0,0,1,0.5489736199378967,0.11007646471261978,0.7886012196540833,0.017511731013655663,0.08381050825119019
VTM-001057,DG-21ea50fc5028,magnetite,0,0,0,0.5411778688430786,0.6705006957054138,0.26021671295166016,0.04003892093896866,0.029243703931570053
VTM-001067,DG-f54efc24a0ef,magnetite,0,0,0,0.5327122807502747,0.6688933372497559,0.09776143729686737,0.03841477632522583,0.19493049383163452
VTM-001069,DG-062abef62047,magnetite,0,0,1,0.5493325591087341,0.26076868176460266,0.7131284475326538,0.008423072285950184,0.017679790034890175
VTM-001070,DG-02185085c8ae,magnetite,0,0,1,0.5506316423416138,0.21780657768249512,0.6321754455566406,0.020531918853521347,0.129486083984375
VTM-001071,DG-87a01d60685b,magnetite,0,0,0,0.5377975702285767,0.5525648593902588,0.14777767658233643,0.047414906322956085,0.2522425949573517
VTM-001080,DG-2ced1c21c3c2,magnetite,0,0,0,0.5253061056137085,0.8519750237464905,0.04434579983353615,0.0007788906805217266,0.10290026664733887
VTM-001084,DG-0e9d9a99571e,magnetite,0,0,0,0.5312675833702087,0.8350350856781006,0.14165139198303223,0.004081861115992069,0.019231710582971573
VTM-001090,DG-42ea8e76a008,magnetite,0,0,0,0.5439558029174805,0.40718162059783936,0.11609768867492676,0.13215488195419312,0.34456583857536316
VTM-001095,DG-caaccc43116b,magnetite,0,0,0,0.5272680521011353,0.8725583553314209,0.05559134855866432,0.026303621008992195,0.04554661363363266
VTM-001101,DG-308848cdb01d,magnetite,0,0,1,0.5470675230026245,0.37400752305984497,0.4276313781738281,0.046638861298561096,0.1517222374677658
VTM-001103,DG-48b1b8c499c8,magnetite,0,0,1,0.5491518378257751,0.31668636202812195,0.48644834756851196,0.07922132313251495,0.11764400452375412
VTM-001105,DG-a4f589be876a,magnetite,0,0,0,0.5385006070137024,0.7054572105407715,0.1748824119567871,0.0030539892613887787,0.11660636961460114
VTM-001106,DG-875f97ea9cfa,magnetite,0,0,1,0.5494242906570435,0.44971323013305664,0.4952945113182068,0.008476079441606998,0.04651617258787155
VTM-001107,DG-ceb789ebbe88,magnetite,0,0,0,0.5393319129943848,0.39867109060287476,0.17041051387786865,0.2532057762145996,0.17771261930465698
VTM-001111,DG-25ca3871af31,magnetite,0,0,1,0.5512705445289612,0.25103914737701416,0.6352312564849854,0.02369624935090542,0.09003333002328873
VTM-001113,DG-301aafd99b38,magnetite,0,0,0,0.5470733642578125,0.4311222434043884,0.3282533288002014,0.1354399025440216,0.10518451035022736
VTM-001120,DG-0dacad7f7ee9,magnetite,0,0,2,0.5210871696472168,0.013033097609877586,0.25552791357040405,0.7264375686645508,0.005001334473490715
VTM-001130,DG-c5a6af6065c0,magnetite,0,0,1,0.5499906539916992,0.051955919712781906,0.5940369367599487,0.18777333199977875,0.16623377799987793
VTM-001143,DG-32261429f75b,magnetite,0,0,0,0.5340195298194885,0.5649385452270508,0.0895203948020935,0.10506097972393036,0.24048009514808655
VTM-001152,DG-b4000b2fa9fc,magnetite,0,0,0,0.5464141964912415,0.5384945869445801,0.3670831024646759,0.031903430819511414,0.06251893937587738
VTM-001156,DG-634890ede108,magnetite,0,0,0,0.5380226373672485,0.734702467918396,0.16644684970378876,0.03233620151877403,0.06651449203491211
VTM-001158,DG-1de4dc8fec97,magnetite,0,0,1,0.547027051448822,0.4233638048171997,0.5531120896339417,0.015034815296530724,0.00848931260406971
VTM-001161,DG-c57e59035121,magnetite,0,0,0,0.546549379825592,0.5935301780700684,0.341183066368103,0.041312478482723236,0.02397429570555687
VTM-001165,DG-2f609435c786,magnetite,0,0,1,0.5522103905677795,0.18296149373054504,0.5787041783332825,0.028282228857278824,0.21005214750766754
VTM-001166,DG-ff39aa7ef84a,magnetite,0,0,0,0.5228337645530701,0.9453421831130981,0.034394003450870514,0.007700806017965078,0.012563014402985573
VTM-001175,DG-fdd72133346b,magnetite,0,0,3,0.520601749420166,0.01857067085802555,0.028205707669258118,0.026026595383882523,0.9271970987319946
VTM-001181,DG-cd17d016b4ae,magnetite,0,0,3,0.5254256725311279,0.13656741380691528,0.05849689245223999,0.11148867011070251,0.6934469938278198
VTM-001188,DG-f6f8d37839ed,magnetite,0,0,3,0.5416868925094604,0.22145090997219086,0.17775782942771912,0.24263499677181244,0.3581562638282776
VTM-001193,DG-be73f8e30ba1,magnetite,0,0,0,0.5213480591773987,0.9724122285842896,0.009223861619830132,0.002373569644987583,0.01599036157131195
VTM-001194,DG-d745a36f7dc6,magnetite,0,0,1,0.534733235836029,0.0010926927207037807,0.9445018768310547,0.013344135135412216,0.041061289608478546
VTM-001200,DG-99702ce55314,magnetite,0,0,0,0.5272199511528015,0.8587380051612854,0.06442777812480927,0.02385834977030754,0.05297590047121048
VTM-001202,DG-adfa41dcb198,magnetite,0,0,0,0.5265998840332031,0.8822932243347168,0.07224415242671967,0.004039606545120478,0.041423045098781586
VTM-001203,DG-7c411471435c,magnetite,0,0,0,0.5254333019256592,0.927022397518158,0.06438668072223663,0.0036229484248906374,0.004967974964529276
VTM-001205,DG-6c53e1e8d2d1,magnetite,0,0,0,0.5275740623474121,0.8590601682662964,0.05655919015407562,0.03236847370862961,0.05201215296983719
VTM-001206,DG-1b0ed4f60c4e,magnetite,0,0,1,0.5478984117507935,0.1977721005678177,0.5743106603622437,0.15573164820671082,0.07218557596206665
VTM-001208,DG-85edd83dff71,magnetite,0,0,0,0.5330769419670105,0.8036004304885864,0.14924287796020508,0.02049892395734787,0.02665780670940876
VTM-001211,DG-d3bcaed802ae,magnetite,0,0,0,0.5273664593696594,0.7768828868865967,0.03900042176246643,0.008531437255442142,0.1755852997303009
VTM-001212,DG-993fdf7feb7f,magnetite,0,0,0,0.5209608674049377,0.9465147852897644,0.009201133623719215,0.0009597474709153175,0.04332435503602028
VTM-001213,DG-c08d45836fcd,magnetite,0,0,1,0.5471757650375366,0.07517744600772858,0.8163188695907593,0.07218515127897263,0.03631850332021713
VTM-001220,DG-b6e02e6a5f5e,magnetite,0,0,3,0.51484614610672,0.045853763818740845,0.017084510996937752,0.028340158984065056,0.9087215662002563
VTM-001233,DG-6c42bba1681b,magnetite,0,0,2,0.5290020108222961,0.1528443843126297,0.17191767692565918,0.5355662703514099,0.1396716833114624
VTM-001238,DG-cc1498d4b189,magnetite,0,0,0,0.5359692573547363,0.7061501741409302,0.13323301076889038,0.12960326671600342,0.03101358935236931
VTM-001242,DG-40ce2a937e56,magnetite,0,0,0,0.5426942706108093,0.37053772807121277,0.20699191093444824,0.12133247405290604,0.30113792419433594
VTM-001252,DG-77a24993f0c3,magnetite,0,0,0,0.5324884057044983,0.8077828884124756,0.16378545761108398,0.014688821509480476,0.013742847368121147
VTM-001253,DG-06bfd56e789a,magnetite,0,0,1,0.5492859482765198,0.11118006706237793,0.6892975568771362,0.02601676434278488,0.17350563406944275
VTM-001259,DG-0cea73103dae,magnetite,0,0,0,0.5431748628616333,0.5599550008773804,0.4127352833747864,0.0026683909818530083,0.024641305208206177
VTM-001278,DG-83b2d732c7e4,magnetite,0,0,1,0.548143744468689,0.4157191514968872,0.4765954911708832,0.0185154490172863,0.0891699492931366
VTM-001279,DG-1b3bc4362fe0,magnetite,0,0,1,0.5467737317085266,0.2342642992734909,0.746981143951416,0.003250851295888424,0.015503788366913795
VTM-001297,DG-8c0c76db7f0b,magnetite,0,0,0,0.5318339467048645,0.7759167551994324,0.12117114663124084,0.0033360363449901342,0.09957608580589294
VTM-001305,DG-ad49a9cbae05,magnetite,0,0,0,0.5428450107574463,0.42882612347602844,0.22556312382221222,0.10362418740987778,0.24198660254478455
VTM-001311,DG-1936b5493f0b,magnetite,0,0,1,0.5454965829849243,0.16841155290603638,0.670011043548584,0.12814918160438538,0.03342820703983307
VTM-001314,DG-b7f859fcb495,magnetite,0,0,2,0.5205932259559631,0.23621653020381927,0.021480076014995575,0.4505026936531067,0.29180070757865906
VTM-001316,DG-b041bd5a4223,magnetite,0,0,0,0.5216774344444275,0.970772922039032,0.016537964344024658,0.004253081977367401,0.008436080999672413
VTM-001320,DG-ca6a621c508b,magnetite,0,0,0,0.5411415696144104,0.5037065148353577,0.18433716893196106,0.04380723834037781,0.26814907789230347
VTM-001321,DG-e7411971efd2,magnetite,0,0,1,0.5478537678718567,0.4049864411354065,0.5287725329399109,0.024854330345988274,0.04138671234250069
VTM-001327,DG-642c9a4e12c8,magnetite,0,0,0,0.538790225982666,0.46643680334091187,0.13517485558986664,0.0395994707942009,0.3587889075279236
VTM-001328,DG-a9437641f549,magnetite,0,0,1,0.5399506688117981,0.00667207594960928,0.8590863347053528,0.10278590023517609,0.031455643475055695
VTM-001330,DG-cb2866ff68c8,magnetite,0,0,1,0.546002984046936,0.030260402709245682,0.8045294284820557,0.09574756026268005,0.06946255266666412
VTM-001334,DG-a4546bbfbf01,magnetite,0,0,1,0.5520777702331543,0.24926820397377014,0.7172393798828125,0.01584819331765175,0.01764422468841076
VTM-001335,DG-72c75b0d27f5,magnetite,0,0,0,0.545026421546936,0.5050503015518188,0.3572753667831421,0.06922461092472076,0.0684497281908989
VTM-001338,DG-05fbe6d202fc,magnetite,0,0,0,0.5420610308647156,0.7165912389755249,0.2130836546421051,0.03789054974913597,0.03243458643555641
VTM-001339,DG-ed71d5eca4be,magnetite,0,0,0,0.5244139432907104,0.935664713382721,0.051558054983615875,0.006508516147732735,0.006268702447414398
VTM-001344,DG-81a4fee94b84,magnetite,0,0,0,0.5369558334350586,0.7132806777954102,0.2521488070487976,0.0010510100983083248,0.033519525080919266
VTM-001345,DG-dc02ff5add68,magnetite,0,0,0,0.5466286540031433,0.33324187994003296,0.2597646713256836,0.19469711184501648,0.21229630708694458
VTM-001349,DG-3419ff8591dc,magnetite,0,0,3,0.5231705904006958,0.13955354690551758,0.03496208041906357,0.15413978695869446,0.6713445782661438
VTM-001358,DG-dc86d652d8d5,magnetite,0,0,1,0.5484643578529358,0.21394279599189758,0.39653193950653076,0.12422657012939453,0.26529866456985474
VTM-001360,DG-06e482e4a9b5,magnetite,0,0,2,0.5250325202941895,0.011439305730164051,0.2097080945968628,0.6306878328323364,0.1481648087501526
VTM-001366,DG-0df11cb7037f,magnetite,0,0,0,0.5269927382469177,0.8417397141456604,0.036777447909116745,0.019632495939731598,0.10185040533542633
VTM-001373,DG-1e43abaf49da,magnetite,0,0,1,0.5529009103775024,0.14698319137096405,0.6240081787109375,0.10596178472042084,0.12304684519767761
VTM-001378,DG-28273d8c2e74,magnetite,0,0,0,0.5422754287719727,0.6499954462051392,0.17226800322532654,0.025549570098519325,0.1521870195865631
VTM-001379,DG-09f401514ecd,magnetite,0,0,2,0.5410234928131104,0.2448498010635376,0.27302226424217224,0.3577566146850586,0.12437132000923157
VTM-001401,DG-153fe14c9b29,magnetite,0,0,1,0.5488205552101135,0.277557373046875,0.5639674663543701,0.12715688347816467,0.031318314373493195
VTM-001407,DG-4fa6df91d021,magnetite,0,0,0,0.5335745811462402,0.7968097925186157,0.1482221931219101,0.0323302298784256,0.022637786343693733
VTM-001411,DG-691f76272560,magnetite,0,0,1,0.5523307919502258,0.2525954246520996,0.6265237331390381,0.05136773735284805,0.06951312720775604
VTM-001412,DG-9300491d708f,magnetite,0,0,0,0.5247845649719238,0.9351620674133301,0.0511520579457283,0.005428177770227194,0.008257671259343624
VTM-001422,DG-4951c0589100,magnetite,0,0,1,0.5505272150039673,0.1956740915775299,0.6351966857910156,0.10389653593301773,0.06523267179727554
VTM-001427,DG-8e08059bd85d,magnetite,0,0,1,0.5487454533576965,0.2806520164012909,0.6984068155288696,0.006031012162566185,0.014910254627466202
VTM-001435,DG-ead9dd3dd581,magnetite,0,0,2,0.5344492793083191,0.17354486882686615,0.19441695511341095,0.45599886775016785,0.17603927850723267
VTM-001436,DG-7b12906d788f,magnetite,0,0,0,0.532496988773346,0.7496119737625122,0.10370008647441864,0.050667524337768555,0.09602039307355881
VTM-001438,DG-7255a46e94a7,magnetite,0,0,0,0.5256567001342773,0.9081647992134094,0.051614854484796524,0.003389367600902915,0.03683089464902878
VTM-001441,DG-b8b2c4f178aa,magnetite,0,0,1,0.5460201501846313,0.08377417922019958,0.8264756202697754,0.04217199981212616,0.04757821559906006
VTM-001450,DG-0e4c4508a46c,magnetite,0,0,1,0.5505164861679077,0.17332801222801208,0.6951721906661987,0.001406756928190589,0.13009308278560638
VTM-001457,DG-42ecb1464c64,magnetite,0,0,0,0.44647106528282166,0.4556978940963745,0.37829962372779846,0.12249942123889923,0.0435030534863472
VTM-001462,DG-808d97578000,magnetite,0,0,1,0.5525999069213867,0.32716846466064453,0.5478225946426392,0.07479327917098999,0.05021561682224274
VTM-001466,DG-43f42fac07e9,magnetite,0,0,0,0.5457171201705933,0.5136352777481079,0.2337762713432312,0.012609042227268219,0.23997944593429565
VTM-001467,DG-6ca2ae245829,magnetite,0,0,1,0.5480021834373474,0.12424153089523315,0.7850919365882874,0.01109684631228447,0.07956965267658234
VTM-001480,DG-79909d5f8fc7,magnetite,0,0,0,0.5350159406661987,0.49654579162597656,0.07749735563993454,0.13486242294311523,0.29109445214271545
VTM-001488,DG-4bb523166eaa,magnetite,0,0,0,0.5415465235710144,0.5287554264068604,0.22292953729629517,0.04818513244390488,0.20012985169887543
VTM-001492,DG-1dca19335664,magnetite,0,0,0,0.5361410975456238,0.7237016558647156,0.12902379035949707,0.0102760698646307,0.1369985044002533
VTM-001495,DG-18d9d165cd74,magnetite,0,0,1,0.5507405400276184,0.043728724122047424,0.6305729150772095,0.17505598068237305,0.15064240992069244
VTM-001497,DG-58104a6ef56a,magnetite,0,0,2,0.5211864113807678,0.07383686304092407,0.07307939231395721,0.5622889995574951,0.2907947301864624
VTM-001498,DG-7843e4ee19c4,magnetite,0,0,1,0.5439117550849915,0.061937980353832245,0.9221925139427185,0.011645780876278877,0.004223690368235111
VTM-001501,DG-c0b8914f591f,magnetite,0,0,0,0.5467221736907959,0.5584232807159424,0.28080737590789795,0.11063295602798462,0.05013642460107803
VTM-001502,DG-4731480706ec,magnetite,0,0,1,0.550051212310791,0.34765350818634033,0.5842930674552917,0.04160524904727936,0.026448197662830353
VTM-001505,DG-0734caba8ba3,magnetite,0,0,0,0.5444748997688293,0.5642214417457581,0.3646879196166992,0.012594152241945267,0.058496493846178055
VTM-001522,DG-0d493dc0202b,magnetite,0,0,0,0.5309139490127563,0.8591228723526001,0.13086345791816711,0.008615643717348576,0.0013980637304484844
VTM-001527,DG-6d1b32b7d8e6,magnetite,0,0,3,0.525709867477417,0.12458480894565582,0.0993349552154541,0.09987378865480423,0.6762064695358276
VTM-001529,DG-c875743d382f,magnetite,0,0,1,0.5412620902061462,0.025381965562701225,0.9465118646621704,0.017221514135599136,0.010884704068303108
VTM-001539,DG-9043a7af155d,magnetite,0,0,0,0.5273421406745911,0.5131474733352661,0.03099101036787033,0.01393796969205141,0.4419235587120056
VTM-001540,DG-8e35d0435c17,magnetite,0,0,1,0.5470126867294312,0.39939939975738525,0.45857805013656616,0.02171325869858265,0.12030929327011108
VTM-001541,DG-42d7049a2254,magnetite,0,0,0,0.5286323428153992,0.7239782810211182,0.04579302668571472,0.012420142069458961,0.21780851483345032
VTM-001542,DG-5d9bb0931076,magnetite,0,0,2,0.5296772718429565,0.2238282710313797,0.12184146046638489,0.41146767139434814,0.24286259710788727
VTM-001546,DG-2f854626f3fb,magnetite,0,0,1,0.5443680286407471,0.019889840856194496,0.8267589807510376,0.04848954826593399,0.10486163944005966
VTM-001550,DG-895bc6badd0a,magnetite,0,0,0,0.5245053172111511,0.9260038137435913,0.06835392862558365,0.0011209499789401889,0.004521277267485857
VTM-001551,DG-05595eff1ad3,magnetite,0,0,0,0.543133020401001,0.6422255039215088,0.3117886185646057,0.007726890034973621,0.03825896605849266
VTM-001557,DG-e2a79cf12a7b,magnetite,0,0,0,0.5366618037223816,0.7381823062896729,0.2010865956544876,0.02491733431816101,0.03581373393535614
VTM-001566,DG-f945f9ea2c9d,magnetite,0,0,0,0.528368353843689,0.7166818380355835,0.029087074100971222,0.012839153409004211,0.24139192700386047
VTM-001571,DG-eee01346f14d,magnetite,0,0,3,0.540052056312561,0.031576283276081085,0.14807522296905518,0.04165850952267647,0.778689980506897
VTM-001572,DG-37e9c947ddda,magnetite,0,0,3,0.5267231464385986,0.025403335690498352,0.06410765647888184,0.042311906814575195,0.8681771755218506
VTM-001573,DG-870586b0725b,magnetite,0,0,0,0.5394577980041504,0.6942988634109497,0.29211291670799255,0.008173445239663124,0.005414802581071854
VTM-001577,DG-d7517209d587,magnetite,0,0,1,0.5497322082519531,0.1722899079322815,0.5690008401870728,0.12810179591178894,0.1306075006723404
VTM-001590,DG-53944a1a1fc4,magnetite,0,0,0,0.5453477501869202,0.57182377576828,0.3120923638343811,0.03813619911670685,0.07794765383005142
VTM-001594,DG-a4c62bed652d,magnetite,0,0,0,0.5378149747848511,0.72453773021698,0.17519517242908478,0.032851628959178925,0.06741543114185333
VTM-001606,DG-f2b0d8788c86,magnetite,0,0,0,0.5428488850593567,0.6157735586166382,0.35935503244400024,0.020345740020275116,0.004525687545537949
VTM-001608,DG-c12cc4bec9e4,magnetite,0,0,0,0.5260119438171387,0.9145231246948242,0.06068206578493118,0.006314434111118317,0.018480375409126282
VTM-001610,DG-d76cae0825a8,magnetite,0,0,0,0.5317983031272888,0.8625496625900269,0.13241134583950043,0.0010098045459017158,0.0040292018093168736
VTM-001613,DG-9ea805a5c9d8,magnetite,0,0,0,0.5378243923187256,0.78691166639328,0.1981598436832428,0.003570844419300556,0.011357689276337624
VTM-001619,DG-8a235f0d54a4,magnetite,0,0,1,0.5483865141868591,0.17590650916099548,0.7390455603599548,0.04008902609348297,0.04495890811085701
VTM-001624,DG-82e1ce080808,magnetite,0,0,0,0.5384507179260254,0.4191586673259735,0.12055464088916779,0.25942668318748474,0.200859934091568
VTM-001629,DG-b771911d1db9,magnetite,0,0,3,0.5151554346084595,0.023200999945402145,0.0195442046970129,0.16624481976032257,0.7910099625587463
VTM-001631,DG-42529c9edd64,magnetite,0,0,1,0.5521203279495239,0.18871885538101196,0.5782702565193176,0.07730068266391754,0.15571019053459167
VTM-001640,DG-4a796e8d031b,magnetite,0,0,1,0.5465074777603149,0.45519083738327026,0.5404163599014282,0.002135943155735731,0.0022568856365978718
VTM-001642,DG-0cd61033186c,magnetite,0,0,1,0.5484696626663208,0.18937912583351135,0.719881534576416,0.07559864968061447,0.015140686184167862
VTM-001652,DG-0ded931af025,magnetite,0,0,1,0.5479395985603333,0.3530827462673187,0.4240099787712097,0.18405422568321228,0.03885304182767868
VTM-001656,DG-cae810603d55,magnetite,0,0,0,0.5325274467468262,0.6535220146179199,0.09140707552433014,0.156839519739151,0.09823143482208252
VTM-001660,DG-d3caffd4d715,magnetite,0,0,0,0.5305734872817993,0.8389484882354736,0.10319699347019196,0.009147759526968002,0.04870672896504402
VTM-001663,DG-9659592b06c2,magnetite,0,0,0,0.5359059572219849,0.547221839427948,0.1287081092596054,0.015166745521128178,0.3089032769203186
VTM-001690,DG-b0fe7cb99124,titanomagnetite,0,0,0,0.5277336835861206,0.8834553956985474,0.08089764416217804,0.016458561643958092,0.019188350066542625
VTM-001694,DG-97f74c72b5b7,titanomagnetite,0,0,0,0.5405715107917786,0.6535736322402954,0.2647189795970917,0.0388057604432106,0.042901694774627686
VTM-001696,DG-cd596e924528,titanomagnetite,0,0,0,0.521270751953125,0.9663720726966858,0.009270671755075455,0.002035493031144142,0.022321753203868866
VTM-001697,DG-a84937488bab,titanomagnetite,0,0,0,0.535365104675293,0.7393297553062439,0.19412092864513397,0.007360293995589018,0.05918901413679123
VTM-001698,DG-181b7f3e8822,titanomagnetite,0,0,0,0.5318888425827026,0.4620599150657654,0.06240088492631912,0.037811070680618286,0.4377281665802002
VTM-001709,DG-5667dcfe048e,calcite,0,2,2,0.5088582038879395,0.0007966399425640702,0.0408463254570961,0.9555717706680298,0.0027852796483784914
VTM-001726,DG-5043e5f0b3db,calcite,0,2,2,0.5098235011100769,0.00233395304530859,0.0870007872581482,0.9032307863235474,0.007434457540512085
VTM-001729,DG-5635cbf5730b,calcite,0,2,2,0.506350040435791,0.001978399232029915,0.048331744968891144,0.915919303894043,0.033770591020584106
VTM-001731,DG-d2725a33a5d1,calcite,0,2,2,0.4980451166629791,0.031783122569322586,0.006189689040184021,0.7900055646896362,0.17202165722846985
VTM-001732,DG-591b08c9e873,calcite,0,2,2,0.5186167359352112,0.056515008211135864,0.0696306899189949,0.5054811835289001,0.3683730959892273
VTM-001741,DG-2884eda5c063,calcite,0,2,2,0.5067724585533142,0.0017395360628142953,0.022809233516454697,0.9660853743553162,0.009365851059556007
VTM-001744,DG-a3efb5ca3ae0,calcite,0,2,2,0.509904682636261,0.002792388666421175,0.10161080956459045,0.8877052068710327,0.007891641929745674
VTM-001747,DG-58a2a7202e9b,calcite,0,2,2,0.5074611306190491,0.004016180522739887,0.054092615842819214,0.8855721354484558,0.05631903558969498
VTM-001748,DG-bc566074a60f,calcite,0,2,2,0.5116320252418518,0.04500573128461838,0.11203189194202423,0.7977603077888489,0.0452021062374115
VTM-001758,DG-8cb62c9ac09f,calcite,0,2,2,0.5053324103355408,0.008616584353148937,0.0390036404132843,0.9454998970031738,0.006879881024360657
VTM-001765,DG-d9f0353a1d8a,calcite,0,2,2,0.5086913704872131,0.0007902927463874221,0.01434116717427969,0.9837266206741333,0.0011418956564739347
VTM-001770,DG-6c0ebc885248,calcite,0,2,2,0.5068557858467102,0.03175264596939087,0.049551356583833694,0.8627519607543945,0.0559440553188324
VTM-001773,DG-8d30df6419c9,calcite,0,2,2,0.5040276646614075,0.0013905930100008845,0.007710806559771299,0.9816539287567139,0.009244672954082489
VTM-001777,DG-ac56c77a4896,calcite,0,2,2,0.5168761014938354,0.0065069058910012245,0.22127419710159302,0.7570321559906006,0.015186730772256851
VTM-001778,DG-08bb995679af,calcite,0,2,2,0.5078598856925964,0.0006547209341078997,0.05174405500292778,0.9427066445350647,0.004894576035439968
VTM-001784,DG-afafc051d015,calcite,0,2,2,0.506693422794342,0.00018831869238056242,0.00344136543571949,0.9932988882064819,0.0030713998712599277
VTM-001793,DG-e71672adb788,calcite,0,2,2,0.5092852711677551,0.0008779957424849272,0.07843945175409317,0.9172196388244629,0.0034629241563379765
VTM-001795,DG-bd288e4af5ab,calcite,0,2,2,0.5260754227638245,0.004860233515501022,0.2886247932910919,0.6297566294670105,0.07675834745168686
VTM-001800,DG-887b6e4bf087,calcite,0,2,2,0.5073827505111694,0.00029223429737612605,0.005022704601287842,0.9926619529724121,0.0020231117960065603
VTM-001801,DG-5ed230bcaeae,calcite,0,2,2,0.5117985606193542,0.00845734030008316,0.11616931855678558,0.8379632830619812,0.037410058081150055
VTM-001803,DG-287c6c8b574c,calcite,0,2,2,0.5068911910057068,0.0018582697957754135,0.010410184040665627,0.9840247631072998,0.003706812160089612
VTM-001810,DG-61f5809a780d,calcite,0,2,3,0.5453898906707764,0.08110341429710388,0.27970990538597107,0.2706366777420044,0.36855000257492065
VTM-001815,DG-fab154955a5a,calcite,0,2,2,0.5044784545898438,0.002987201325595379,0.030005546286702156,0.9532452821731567,0.013761986047029495
VTM-001830,DG-0ab0b9aba8e3,calcite,0,2,2,0.5077865719795227,0.0021582762710750103,0.03145330026745796,0.9587926268577576,0.007595831993967295
VTM-001831,DG-31912d161108,calcite,0,2,2,0.5274038314819336,0.0005150414071977139,0.3829091489315033,0.5725406408309937,0.04403519630432129
VTM-001832,DG-fa7c30f8c349,calcite,0,2,2,0.5208097100257874,0.11155606806278229,0.08519601076841354,0.5592334270477295,0.24401450157165527
VTM-001835,DG-4b4f4e467f8a,calcite,0,2,2,0.5040441751480103,0.03177748620510101,0.03591633588075638,0.7969211935997009,0.13538500666618347
VTM-001839,DG-9a5c0c5a1717,calcite,0,2,2,0.5141198635101318,0.0014196287374943495,0.15880310535430908,0.8379778861999512,0.001799367368221283
VTM-001842,DG-c62fba3016f2,calcite,0,2,2,0.5323402285575867,0.12426750361919403,0.24212095141410828,0.5271271467208862,0.10648436844348907
VTM-001843,DG-f77f26be144c,calcite,0,2,2,0.5112283229827881,0.017783742398023605,0.09242963790893555,0.8777860403060913,0.012000614777207375
VTM-001844,DG-4f32288eacd1,calcite,0,2,1,0.5395326614379883,0.011928968131542206,0.5953077077865601,0.3747762143611908,0.017987065017223358
VTM-001849,DG-55f6c7371d43,calcite,0,2,2,0.5152177810668945,0.06470023095607758,0.043803226202726364,0.5914864540100098,0.3000100553035736
VTM-001852,DG-54e91aeb86ea,calcite,0,2,2,0.5045944452285767,0.00139379664324224,0.024217963218688965,0.9264960289001465,0.04789222404360771
VTM-001856,DG-d0ae9de522c3,calcite,0,2,2,0.5058577060699463,0.0048875994980335236,0.03037189319729805,0.9572712182998657,0.007469350006431341
VTM-001861,DG-36af760283be,calcite,0,2,2,0.5047879219055176,0.00023708344087935984,0.0011622635647654533,0.9941201210021973,0.0044804904609918594
VTM-001865,DG-a1eae64f6041,calcite,0,2,2,0.5071964859962463,5.2061011956539005e-05,0.006232353392988443,0.9927992820739746,0.000916319084353745
VTM-001867,DG-bb0c6c9154c2,calcite,0,2,2,0.5056326389312744,0.0044836001470685005,0.03944393992424011,0.9401747584342957,0.015897709876298904
VTM-001868,DG-1a20fac9e758,calcite,0,2,2,0.5207445025444031,0.0024944148026406765,0.28252172470092773,0.711546778678894,0.0034370762296020985
VTM-001871,DG-2afc41e00fc4,calcite,0,2,2,0.5072471499443054,0.027264157310128212,0.08659589290618896,0.8650528788566589,0.021087076514959335
VTM-001875,DG-082d60591008,calcite,0,2,1,0.5337719917297363,0.00713470159098506,0.5269604325294495,0.43954718112945557,0.02635769546031952
VTM-001889,DG-3e55fcbac659,calcite,0,2,3,0.5266436338424683,0.13055147230625153,0.05441620200872421,0.30478695034980774,0.5102453231811523
VTM-001895,DG-9858479a52dd,calcite,0,2,1,0.5552179217338562,0.24530184268951416,0.42186248302459717,0.054687634110450745,0.2781480550765991
VTM-001904,DG-79624400fc84,calcite,0,2,2,0.5103410482406616,0.003368320409208536,0.07618530094623566,0.917812705039978,0.002633660566061735
VTM-001905,DG-3f2eab309b73,calcite,0,2,2,0.503372848033905,0.0012540759053081274,0.01288074254989624,0.9357801675796509,0.05008497089147568
VTM-001908,DG-c402f65cd9d2,calcite,0,2,3,0.5183871984481812,0.04617106914520264,0.04262729734182358,0.07978866249322891,0.8314129710197449
VTM-001942,DG-5c736945e099,calcite,0,2,2,0.5056653022766113,0.0014026188291609287,0.01793643832206726,0.9741790294647217,0.006481893826276064
VTM-001951,DG-51ad9099a53f,calcite,0,2,2,0.5071273446083069,0.00011752911086659878,0.020137503743171692,0.9778215885162354,0.0019233287312090397
VTM-001954,DG-30341d03a931,calcite,0,2,2,0.5221902132034302,0.005758893210440874,0.28756263852119446,0.6968512535095215,0.009827205911278725
VTM-001955,DG-3376dde08b37,calcite,0,2,1,0.5401042103767395,0.055828772485256195,0.42869633436203003,0.40356308221817017,0.11191179603338242
VTM-001956,DG-cac2e6eb0f46,calcite,0,2,2,0.5070213675498962,0.00036956623080186546,0.005854155868291855,0.9921796321868896,0.0015966466162353754
VTM-001958,DG-38c7067d021b,calcite,0,2,2,0.5129613280296326,0.008373827673494816,0.09140728414058685,0.8084591627120972,0.09175972640514374
VTM-001959,DG-7b3cde349dd2,calcite,0,2,2,0.5099027156829834,0.0009969264501705766,0.04977521300315857,0.94782954454422,0.0013983314856886864
VTM-001962,DG-cae5140d5d04,calcite,0,2,2,0.5087252855300903,0.002517126966267824,0.06044050306081772,0.9295914769172668,0.007450906094163656
VTM-001967,DG-91b97aea3daf,calcite,0,2,3,0.5260170698165894,0.026510462164878845,0.02805788815021515,0.055636584758758545,0.8897951245307922
VTM-001972,DG-87f47806a6ee,calcite,0,2,2,0.5067458152770996,0.0002247937663923949,0.004954800941050053,0.9925124645233154,0.0023079421371221542
VTM-001984,DG-89652f612d09,calcite,0,2,2,0.5272488594055176,0.009097585454583168,0.2651232182979584,0.612348198890686,0.11343096196651459
VTM-001987,DG-2bd03ef1f80d,calcite,0,2,3,0.5315766930580139,0.17773395776748657,0.08179053664207458,0.24161234498023987,0.498863160610199
VTM-001991,DG-898fe2810e90,calcite,0,2,2,0.517857551574707,0.049666084349155426,0.06318193674087524,0.4548810124397278,0.43227094411849976
VTM-001995,DG-a819eca5f78b,calcite,0,2,2,0.498476505279541,0.01242465153336525,0.012695273384451866,0.8809163570404053,0.09396382421255112
VTM-002001,DG-87e6b895d9f2,calcite,0,2,2,0.5367986559867859,0.026898421347141266,0.45479530096054077,0.4586547911167145,0.059651464223861694
VTM-002008,DG-d4a1091cab58,calcite,0,2,2,0.49976032972335815,0.01106768473982811,0.015816066414117813,0.8771968483924866,0.0959194004535675
VTM-002012,DG-74b63d2735cc,calcite,0,2,2,0.5057801604270935,0.002653422299772501,0.026517564430832863,0.921688437461853,0.0491405613720417
VTM-002013,DG-e759b87cec15,calcite,0,2,2,0.5092248320579529,0.0010633914498612285,0.08669627457857132,0.9089479446411133,0.0032924101687967777
VTM-002019,DG-3271d47128c6,calcite,0,2,2,0.5277348160743713,0.04596864432096481,0.1965658962726593,0.5335274934768677,0.2239379584789276
VTM-002025,DG-bf2ebb1198da,calcite,0,2,0,0.5400785207748413,0.31627827882766724,0.17983141541481018,0.22343450784683228,0.2804557979106903
VTM-002032,DG-fbd9427b3bd6,calcite,0,2,2,0.5093403458595276,0.028067689388990402,0.03575626760721207,0.6465805768966675,0.28959551453590393
VTM-002033,DG-fb8b73e9eed1,calcite,0,2,2,0.506463885307312,0.0042333584278821945,0.011975027620792389,0.9794518947601318,0.004339724779129028
VTM-002046,DG-168ff7c2fa35,feldspar,0,2,2,0.5022312998771667,0.00926654227077961,0.01490989699959755,0.955747663974762,0.020075902342796326
VTM-002052,DG-8c6229423a18,feldspar,0,2,0,0.5282675623893738,0.5334680080413818,0.024680741131305695,0.22384962439537048,0.2180016040802002
VTM-002053,DG-fd56db2790f4,feldspar,0,2,2,0.5150266885757446,0.03130244463682175,0.1275060474872589,0.8040034770965576,0.03718801587820053
VTM-002057,DG-69efed462ca5,feldspar,0,2,2,0.5165308117866516,0.15629994869232178,0.05848078429698944,0.6055223941802979,0.17969688773155212
VTM-002058,DG-92f5f13947b3,feldspar,0,2,1,0.54371577501297,0.01307746209204197,0.8091739416122437,0.12924790382385254,0.04850064218044281
VTM-002061,DG-d8d5a8e4adc9,feldspar,0,2,2,0.5068835616111755,0.0018991369288414717,0.019593432545661926,0.9737271666526794,0.004780296236276627
VTM-002068,DG-a935bf04c969,feldspar,0,2,2,0.5104310512542725,0.0026706813368946314,0.0796368420124054,0.9143990874290466,0.0032933386974036694
VTM-002073,DG-299d45bb53e3,feldspar,0,2,1,0.53929603099823,0.04686339944601059,0.5179243087768555,0.4022279381752014,0.03298434242606163
VTM-002077,DG-7b65be4b9679,feldspar,0,2,3,0.5264471769332886,0.13639867305755615,0.05125468969345093,0.16123442351818085,0.6511122584342957
VTM-002079,DG-2c4553d781e1,feldspar,0,2,0,0.5322628021240234,0.6972769498825073,0.07466880977153778,0.037258394062519073,0.1907958984375
VTM-002085,DG-93dd367747d7,feldspar,0,2,1,0.542267918586731,0.038323014974594116,0.5772513151168823,0.33840274810791016,0.04602287709712982
VTM-002086,DG-a8a66cab92d9,feldspar,0,2,2,0.5051574110984802,0.0008127646869979799,0.0068135447800159454,0.9189574122428894,0.07341626286506653
VTM-002091,DG-cfb5f2037272,feldspar,0,2,2,0.5105841159820557,0.0402861163020134,0.027759233489632607,0.5272034406661987,0.404751181602478
VTM-002093,DG-41defb57d166,feldspar,0,2,2,0.5053147077560425,0.031904928386211395,0.04165028780698776,0.8860577344894409,0.04038706049323082
VTM-002096,DG-47a3decdba46,feldspar,0,2,0,0.5371912121772766,0.386516273021698,0.18317115306854248,0.2847006022930145,0.14561201632022858
VTM-002105,DG-51d39850f9eb,feldspar,0,2,2,0.5053863525390625,0.0009634201414883137,0.015321826562285423,0.9599429368972778,0.023771779611706734
VTM-002106,DG-77e04d086838,feldspar,0,2,2,0.5045692324638367,0.0038097244687378407,0.031123381108045578,0.9177130460739136,0.047353848814964294
VTM-002107,DG-ac7a6b0963f8,feldspar,0,2,2,0.504240870475769,0.00965004600584507,0.026952698826789856,0.9461026191711426,0.017294635996222496
VTM-002113,DG-065892749628,feldspar,0,2,2,0.5078110098838806,0.0002027665905188769,0.004784566815942526,0.9938898086547852,0.001122870366089046
VTM-002117,DG-20e63845d1c5,feldspar,0,2,2,0.5077634453773499,0.0015880375867709517,0.01806476339697838,0.9773508310317993,0.0029964190907776356
VTM-002119,DG-f6cfc775e0f7,feldspar,0,2,2,0.5016618967056274,0.021415363997220993,0.03550642356276512,0.8606513738632202,0.08242685347795486
VTM-002122,DG-e3fd0082ebbc,feldspar,0,2,2,0.5095430612564087,0.011802139692008495,0.1066419929265976,0.8675304651260376,0.014025425538420677
VTM-002125,DG-38ecb3b17658,feldspar,0,2,0,0.5454120635986328,0.3763023912906647,0.2646561861038208,0.2243671715259552,0.13467425107955933
VTM-002144,DG-d6dd4352276f,feldspar,0,2,2,0.5046232342720032,0.0018523503094911575,0.015540894120931625,0.9665297269821167,0.01607702672481537
VTM-002146,DG-b61f7916473e,feldspar,0,2,2,0.5104827880859375,0.0028168715070933104,0.11454643309116364,0.8605928421020508,0.02204384095966816
VTM-002160,DG-c721d9903034,feldspar,0,2,2,0.511082649230957,0.010438354685902596,0.11565303802490234,0.8175365924835205,0.0563720241189003
VTM-002164,DG-ad735c7f337e,feldspar,0,2,2,0.5066108107566833,0.004666029009968042,0.04412486031651497,0.9362472295761108,0.01496184803545475
VTM-002168,DG-2e5c91a57bab,feldspar,0,2,0,0.5378541350364685,0.4679076671600342,0.19186991453170776,0.21252129971981049,0.12770113348960876
VTM-002181,DG-d7019067d0cc,feldspar,0,2,1,0.5396051406860352,0.0018044912721961737,0.9447638988494873,0.04992496594786644,0.0035066313575953245
VTM-002183,DG-2c21f60b687f,feldspar,0,2,2,0.5025079250335693,0.020499588921666145,0.03822270780801773,0.835612416267395,0.10566528886556625
VTM-002187,DG-d31fa807352a,feldspar,0,2,2,0.5266419053077698,0.008933093398809433,0.31138932704925537,0.6145864129066467,0.06509122252464294
VTM-002196,DG-d9f272320af0,feldspar,0,2,2,0.5071381330490112,0.06299076974391937,0.0467509850859642,0.7887461185455322,0.1015121266245842
VTM-002202,DG-c04e2225b9a5,feldspar,0,2,2,0.5081928372383118,0.001998788909986615,0.012971741147339344,0.983610987663269,0.0014185246545821428
VTM-002203,DG-8a634a985fbb,feldspar,0,2,2,0.5070288777351379,0.0007676377426832914,0.03029491752386093,0.9610392451286316,0.007898200303316116
VTM-002211,DG-59bf77a1bee2,feldspar,0,2,2,0.5093498229980469,0.005438291933387518,0.09047608077526093,0.8651801347732544,0.03890547901391983
VTM-002235,DG-f481aeeafce1,feldspar,0,2,2,0.5048677325248718,0.035175301134586334,0.044899046421051025,0.8651760816574097,0.054749589413404465
VTM-002241,DG-bc19e24ff0e7,feldspar,0,2,2,0.5353785157203674,0.17005136609077454,0.2948557734489441,0.47403690218925476,0.061055999249219894
VTM-002246,DG-1323ace755bf,feldspar,0,2,2,0.5044459700584412,0.0017099010292440653,0.007614707574248314,0.9776051044464111,0.013070330023765564
VTM-002254,DG-51ad4def987b,feldspar,0,2,2,0.5071645975112915,0.00014450031449086964,0.00609465129673481,0.9925800561904907,0.0011807623086497188
VTM-002257,DG-f048671a52b3,feldspar,0,2,2,0.5069810152053833,0.008804552257061005,0.05469662323594093,0.8912948369979858,0.04520398750901222
VTM-002267,DG-b6b3dc6cb54a,feldspar,0,2,2,0.5261015892028809,0.026440303772687912,0.30621474981307983,0.6329755783081055,0.03436937928199768
VTM-002269,DG-1c17ceac47ca,feldspar,0,2,2,0.5137659907341003,0.0013894842704758048,0.15893413126468658,0.837519645690918,0.002156725386157632
VTM-002270,DG-20fd5166bb61,feldspar,0,2,2,0.5221408009529114,0.058203913271427155,0.19468648731708527,0.7144525051116943,0.032657116651535034
VTM-002271,DG-ffa5569ffcfd,feldspar,0,2,2,0.5050891041755676,0.008477156981825829,0.045118920505046844,0.9225672483444214,0.02383674681186676
VTM-002272,DG-8ee7a09610fa,feldspar,0,2,3,0.5414105653762817,0.008908092975616455,0.1504111886024475,0.2409951239824295,0.5996856093406677
VTM-002275,DG-9db1cdeffbcd,feldspar,0,2,2,0.5079264640808105,0.0009714136831462383,0.026921063661575317,0.968100905418396,0.004006601870059967
VTM-002277,DG-35824c2ee6e2,feldspar,0,2,2,0.5108947157859802,0.008223761804401875,0.10068538039922714,0.8839203119277954,0.007170516066253185
VTM-002290,DG-3961b2f3475e,feldspar,0,2,1,0.5437686443328857,0.0478682816028595,0.5252530574798584,0.3510451316833496,0.07583356648683548
VTM-002293,DG-100441ccbb89,feldspar,0,2,2,0.5064331889152527,0.0010390994139015675,0.011436529457569122,0.9826751351356506,0.004849222954362631
VTM-002304,DG-d300e922c382,feldspar,0,2,2,0.5037248730659485,0.00486818328499794,0.026266325265169144,0.9374004006385803,0.031465083360672
VTM-002305,DG-389c57060916,feldspar,0,2,2,0.523598313331604,0.007668687030673027,0.07632365077733994,0.5952757596969604,0.32073187828063965
VTM-002307,DG-dd9a8c5d9f57,feldspar,0,2,2,0.5054661631584167,0.0034336326643824577,0.031034743413329124,0.9380887746810913,0.027442891150712967
VTM-002317,DG-c4186ede5ac8,feldspar,0,2,2,0.5322062969207764,0.0057211145758628845,0.2378227412700653,0.5509657263755798,0.20549041032791138
VTM-002319,DG-096e6302dea3,feldspar,0,2,2,0.5053615570068359,0.0002497257082723081,0.0016938276821747422,0.9942855834960938,0.0037707968149334192
VTM-002320,DG-cca48b4243d0,feldspar,0,2,2,0.5076249837875366,0.0005246232030913234,0.045081667602062225,0.9497390389442444,0.004654679447412491
VTM-002324,DG-e24f2813b7f9,feldspar,0,2,2,0.5039500594139099,0.0017900484381243587,0.0064729987643659115,0.9862896203994751,0.005447373725473881
VTM-002327,DG-aa1a9a0b233e,feldspar,0,2,2,0.5020347833633423,0.0608646422624588,0.03518861159682274,0.8395581245422363,0.06438863277435303
VTM-002334,DG-856685443b2c,feldspar,0,2,2,0.5045045614242554,0.0009073400869965553,0.007677256129682064,0.9724624156951904,0.018953032791614532
VTM-002339,DG-1a583f6c95e0,feldspar,0,2,2,0.5054423809051514,0.0009894606191664934,0.0050321840681135654,0.9904371500015259,0.00354111660271883
VTM-002345,DG-b851572a511e,feldspar,0,2,2,0.5065659880638123,0.000534627353772521,0.011443544179201126,0.9814773797988892,0.00654441025108099
VTM-002350,DG-44cb49f4c0db,fluorapatite,0,2,2,0.5078607201576233,0.003413994098082185,0.0782330110669136,0.8916581869125366,0.026694752275943756
VTM-002356,DG-f28cda30033c,fluorapatite,0,2,2,0.5109446048736572,0.014858147129416466,0.11690319329500198,0.8252885341644287,0.042950116097927094
VTM-002360,DG-632a18d12072,fluorapatite,0,2,1,0.5417675375938416,0.011288831941783428,0.670781135559082,0.27687668800354004,0.04105335474014282
VTM-002363,DG-4d61e2e8c9ea,fluorapatite,0,2,2,0.5142930150032043,0.0018846362363547087,0.19593951106071472,0.7932088971138,0.008966957218945026
VTM-002376,DG-6990fca3f9fd,fluorapatite,0,2,2,0.5149032473564148,0.005540932063013315,0.1304970681667328,0.7691045999526978,0.09485738724470139
VTM-002377,DG-4949a603ee5a,fluorapatite,0,2,2,0.5104530453681946,0.0006925808265805244,0.07545911520719528,0.9220172166824341,0.0018311021849513054
VTM-002378,DG-cbe3f5d12560,fluorapatite,0,2,2,0.5229284763336182,0.02821303904056549,0.1516273319721222,0.6407040357589722,0.17945557832717896
VTM-002379,DG-7f8c0c5a6496,fluorapatite,0,2,2,0.5080011487007141,0.0004818331217393279,0.04895247891545296,0.9486073851585388,0.0019582947716116905
VTM-002381,DG-43040ae5be38,fluorapatite,0,2,2,0.5348559617996216,0.11832857131958008,0.23859308660030365,0.5174778699874878,0.12560054659843445
VTM-002384,DG-0980dea5bbcb,fluorapatite,0,2,2,0.5267994999885559,0.06005872040987015,0.11367331445217133,0.5760492086410522,0.2502187490463257
VTM-002399,DG-c45b552351d5,fluorapatite,0,2,2,0.51846843957901,0.013119019567966461,0.19136998057365417,0.7474338412284851,0.048077136278152466
VTM-002402,DG-d0393f4f6983,fluorapatite,0,2,3,0.5468116402626038,0.20456895232200623,0.23967184126377106,0.14055800437927246,0.41520118713378906
VTM-002406,DG-a52784f671eb,fluorapatite,0,2,1,0.5400699377059937,0.019049713388085365,0.5589908957481384,0.3661409318447113,0.05581846088171005
VTM-002409,DG-0fd392a51bf0,fluorapatite,0,2,2,0.5110006928443909,0.02218703180551529,0.09776163101196289,0.8082944750785828,0.07175683975219727
VTM-002411,DG-aa3adabce6ec,fluorapatite,0,2,2,0.5215951800346375,0.07289059460163116,0.06418292224407196,0.4464786648750305,0.41644781827926636
VTM-002419,DG-2e0b86d9ee85,fluorapatite,0,2,2,0.5146082639694214,0.0015698152128607035,0.19580861926078796,0.7955520153045654,0.00706959143280983
VTM-002426,DG-70ae871f721c,fluorapatite,0,2,2,0.5300227999687195,0.05481692776083946,0.3387998938560486,0.5548620223999023,0.051521185785532
VTM-002429,DG-8205ac659861,fluorapatite,0,2,2,0.5070176124572754,0.0032188505865633488,0.020148932933807373,0.9683855772018433,0.008246596902608871
VTM-002433,DG-fbaa772afdb1,fluorapatite,0,2,2,0.507477879524231,0.00014698287122882903,0.0033746901899576187,0.9948924779891968,0.0015857915859669447
VTM-002435,DG-e579e6d2957d,fluorapatite,0,2,2,0.5056237578392029,0.0006560812471434474,0.011891437694430351,0.977203905582428,0.01024857722222805
VTM-002438,DG-86d5432fe9c6,fluorapatite,0,2,2,0.5093758702278137,0.0010582178365439177,0.05694248154759407,0.9385444521903992,0.0034548379480838776
VTM-002443,DG-94c04c108a15,fluorapatite,0,2,2,0.5097991228103638,0.0006771052721887827,0.06041768193244934,0.9381297826766968,0.0007753920508548617
VTM-002444,DG-e64228a627d7,fluorapatite,0,2,2,0.5332604646682739,0.013704661279916763,0.33309659361839294,0.5379167199134827,0.11528199911117554
VTM-002446,DG-b686b2ab094b,fluorapatite,0,2,2,0.5068777203559875,0.001118114567361772,0.02794473059475422,0.9644021987915039,0.006534921936690807
VTM-002449,DG-89eb6a8ca65b,fluorapatite,0,2,1,0.5413882732391357,0.014337508007884026,0.42392921447753906,0.410217821598053,0.151515394449234
VTM-002451,DG-c9f661bdfc44,fluorapatite,0,2,2,0.5181203484535217,0.0010601985268294811,0.2609959542751312,0.7217848300933838,0.0161590613424778
VTM-002465,DG-c6e686d5bace,fluorapatite,0,2,2,0.5078659057617188,0.0001391299010720104,0.005941046867519617,0.9922069311141968,0.0017128782346844673
VTM-002467,DG-df56414c7ac1,fluorapatite,0,2,2,0.5124411582946777,0.0042910161428153515,0.12539713084697723,0.8573629856109619,0.012948870658874512
VTM-002475,DG-9091fc6cb922,fluorapatite,0,2,2,0.526852548122406,0.002923361724242568,0.39151981472969055,0.5997995734214783,0.005757263861596584
VTM-002477,DG-3cb38ff90f45,fluorapatite,0,2,2,0.5091519355773926,0.00033059847191907465,0.0859140157699585,0.9114484786987305,0.0023069167509675026
VTM-002482,DG-022e0ba12b56,fluorapatite,0,2,1,0.549801766872406,0.013956788927316666,0.49512189626693726,0.2106136977672577,0.2803076505661011
VTM-002484,DG-b689aa9a20d4,fluorapatite,0,2,2,0.5196138620376587,0.0006456251139752567,0.20146286487579346,0.7224715948104858,0.07541992515325546
VTM-002488,DG-1fbba0246cb5,fluorapatite,0,2,2,0.5064506530761719,0.03918829560279846,0.012535086832940578,0.929509162902832,0.018767524510622025
VTM-002501,DG-d2f3fad193f6,fluorapatite,0,2,2,0.5061565041542053,0.0007702300790697336,0.012270183302462101,0.963984489440918,0.02297511324286461
VTM-002502,DG-691af9ea3c83,fluorapatite,0,2,2,0.5086299777030945,0.0018391739577054977,0.026241334155201912,0.9693241119384766,0.0025954144075512886
VTM-002506,DG-df09e3ebcb22,fluorapatite,0,2,0,0.5347443222999573,0.7357001304626465,0.09636499732732773,0.01531864795833826,0.15261626243591309
VTM-002511,DG-acfa5bbc9fc2,fluorapatite,0,2,2,0.508995532989502,0.0007098829373717308,0.01709762215614319,0.9805838465690613,0.0016086581163108349
VTM-002514,DG-6b354123b89f,fluorapatite,0,2,2,0.5109803080558777,0.00040942587656900287,0.13266649842262268,0.8621600866317749,0.004763964097946882
VTM-002518,DG-f17c54399b5a,fluorapatite,0,2,2,0.5082442760467529,0.0005450441967695951,0.012665278278291225,0.9832360148429871,0.003553688060492277
VTM-002519,DG-429781daa88f,fluorapatite,0,2,2,0.5032378435134888,0.012964827008545399,0.014498635195195675,0.9521692991256714,0.020367242395877838
VTM-002525,DG-dabc93460fe3,fluorapatite,0,2,1,0.5506353378295898,0.0277925506234169,0.6785603165626526,0.13132795691490173,0.162319153547287
VTM-002529,DG-aed4677afb88,fluorapatite,0,2,2,0.5132696628570557,0.004284239374101162,0.10313863307237625,0.7485937476158142,0.143983393907547
VTM-002535,DG-4a0123fe1eb9,fluorapatite,0,2,2,0.525903046131134,0.020248595625162125,0.2519206404685974,0.6242383718490601,0.10359238088130951
VTM-002540,DG-0918bf701a82,fluorapatite,0,2,2,0.5098045468330383,0.00034895629505626857,0.00935262069106102,0.9897768497467041,0.0005215479177422822
VTM-002551,DG-b4df31af3ff3,fluorapatite,0,2,0,0.5256935954093933,0.9127755165100098,0.07186292111873627,0.007986917160451412,0.007374667562544346
VTM-002556,DG-8038caa5c793,fluorapatite,0,2,2,0.5302857756614685,0.00726169953122735,0.42658308148384094,0.5362565517425537,0.029898641631007195
VTM-002559,DG-b40096cb2674,fluorapatite,0,2,2,0.5086722373962402,8.3365106547717e-05,0.022602591663599014,0.976918637752533,0.0003954343846999109
VTM-002566,DG-da683ce1a5e0,fluorapatite,0,2,2,0.526291012763977,0.011076226830482483,0.35310637950897217,0.6223200559616089,0.01349741593003273
VTM-002570,DG-06b7293c4bf4,fluorapatite,0,2,1,0.5374841094017029,0.0029717283323407173,0.5157601237297058,0.3974508047103882,0.08381736278533936
VTM-002577,DG-a6dc8eb14bc3,fluorapatite,0,2,3,0.5372673273086548,0.12289927154779434,0.14186984300613403,0.108894944190979,0.6263359189033508
VTM-002580,DG-e3d751c5769d,fluorapatite,0,2,2,0.5022565126419067,0.008756923489272594,0.016919132322072983,0.9566636085510254,0.01766032725572586
VTM-002594,DG-173a6b0ad21a,fluorapatite,0,2,2,0.5082080960273743,0.0010363598121330142,0.0696214884519577,0.921951413154602,0.007390784099698067
VTM-002595,DG-3bbe07533535,fluorapatite,0,2,2,0.5256485342979431,0.005557171069085598,0.3654734492301941,0.6176367402076721,0.01133259478956461
VTM-002601,DG-bce24eb203c7,fluorapatite,0,2,2,0.5118014216423035,0.007883289828896523,0.11488530784845352,0.8582559823989868,0.018975403159856796
VTM-002615,DG-937456083f0f,fluorapatite,0,2,2,0.5281426906585693,0.01653074473142624,0.23786279559135437,0.5802277326583862,0.16537871956825256
VTM-002624,DG-ebe5477d9d4e,fluorapatite,0,2,2,0.533296525478363,0.28942450881004333,0.19097566604614258,0.47781485319137573,0.04178497940301895
VTM-002629,DG-c049ed768645,fluorapatite,0,2,2,0.5088081359863281,0.0004518129280768335,0.003430650569498539,0.9948825836181641,0.0012349227908998728
VTM-002633,DG-90bbebd261ac,fluorapatite,0,2,2,0.5068027973175049,0.0005364007083699107,0.009764261543750763,0.9869952201843262,0.002704052720218897
VTM-002634,DG-c78196f43dde,fluorapatite,0,2,2,0.5089921951293945,0.005539387464523315,0.07533807307481766,0.890460729598999,0.028661835938692093
VTM-002635,DG-08ba49dd32f8,fluorapatite,0,2,1,0.5335860252380371,0.0004621658881660551,0.9354379773139954,0.036011382937431335,0.02808850258588791
VTM-002637,DG-49f9ce893fdb,fluorapatite,0,2,2,0.5239840745925903,0.282982736825943,0.08405019342899323,0.5038608908653259,0.12910622358322144
VTM-002639,DG-d59be955cb06,fluorapatite,0,2,2,0.5086462497711182,0.0030119980219751596,0.029250018298625946,0.9654001593589783,0.0023378231562674046
VTM-002641,DG-11fad6d5929c,fluorapatite,0,2,2,0.5120810270309448,0.007447543554008007,0.13621267676353455,0.8389266729354858,0.01741308718919754
VTM-002646,DG-f677d90ff131,fluorapatite,0,2,2,0.5089552402496338,0.0015091011300683022,0.024567317217588425,0.9708622097969055,0.0030614095740020275
VTM-002656,DG-4383e5fea250,fluorapatite,0,2,2,0.5088629722595215,0.009789608418941498,0.07703914493322372,0.8770650625228882,0.036106232553720474
VTM-002667,DG-f757c41d7081,fluorapatite,0,2,2,0.5086744427680969,0.02569350227713585,0.06398079544305801,0.879808783531189,0.03051687777042389
VTM-002669,DG-94d163b6955c,fluorapatite,0,2,0,0.5419573187828064,0.4019164443016052,0.18670107424259186,0.13270112872123718,0.27868133783340454
VTM-002672,DG-541249a33c15,fluorapatite,0,2,2,0.5070712566375732,0.00699766818434,0.05486238747835159,0.894538402557373,0.04360148683190346
VTM-002684,DG-d01a6509ec5e,fluorapatite,0,2,2,0.5063220262527466,0.0021627340465784073,0.008058726787567139,0.9842311143875122,0.005547439679503441
VTM-002685,DG-2371f5e69821,fluorapatite,0,2,2,0.5192843079566956,0.000918528821785003,0.27762123942375183,0.7059656381607056,0.01549462042748928
VTM-002687,DG-283391bf5821,fluorapatite,0,2,2,0.5063883066177368,0.0005370436119847,0.019325697794556618,0.9411749839782715,0.03896229714155197
VTM-002691,DG-949d61a3561e,fluorapatite,0,2,1,0.5388777852058411,0.011240586638450623,0.4595974087715149,0.4245739281177521,0.10458804666996002
VTM-002692,DG-cdf7d6c07e83,fluorapatite,0,2,2,0.5060961246490479,0.0007600516546517611,0.01370533462613821,0.9717493057250977,0.013785319402813911
VTM-002697,DG-18f828d9814e,fluorapatite,0,2,2,0.5059634447097778,0.0002549159398768097,0.006516946014016867,0.9750995635986328,0.018128596246242523
VTM-002702,DG-29f2ca53ef94,fluorapatite,0,2,2,0.5081631541252136,0.003239596262574196,0.06747832894325256,0.8969089984893799,0.03237302601337433
VTM-002705,DG-a45e2458cc11,fluorapatite,0,2,2,0.5090416669845581,0.004195216111838818,0.022927792742848396,0.7774723768234253,0.19540460407733917
VTM-002706,DG-0d92fb7cb95e,fluorapatite,0,2,3,0.5156040787696838,0.05949709936976433,0.024547789245843887,0.1589544266462326,0.7570006847381592
VTM-002708,DG-e6a42d9d99b7,fluorapatite,0,2,2,0.5102289319038391,0.001726028393022716,0.09196660667657852,0.8509149551391602,0.055392373353242874
VTM-002709,DG-f9d90ea3eb02,fluorapatite,0,2,2,0.5320831537246704,0.01661555841565132,0.312438428401947,0.5422359704971313,0.1287100464105606
VTM-002726,DG-83cfe2ace11e,fluorapatite,0,2,2,0.5298047661781311,0.0403706356883049,0.3538852334022522,0.5907317399978638,0.015012357383966446
VTM-002727,DG-c3b7204f25c6,fluorapatite,0,2,2,0.5206151604652405,0.005914445035159588,0.27453792095184326,0.7043927311897278,0.015154929831624031
VTM-002731,DG-3edc0f696a60,fluorapatite,0,2,2,0.5028949975967407,0.003495151177048683,0.004330444149672985,0.9815583825111389,0.01061597466468811
VTM-002732,DG-3fde00040150,fluorapatite,0,2,1,0.5380067825317383,0.024387331679463387,0.46710753440856934,0.45152491331100464,0.056980229914188385
VTM-002733,DG-da2ce27c52e8,fluorapatite,0,2,2,0.5230662226676941,0.0015581515617668629,0.32399800419807434,0.6728928089141846,0.001550993649289012
VTM-002734,DG-d7b7ee90f035,fluorapatite,0,2,2,0.5229618549346924,0.0016026082448661327,0.33222299814224243,0.6619353294372559,0.004239123314619064
VTM-002743,DG-99025d3d8d5d,fluorapatite,0,2,2,0.5164494514465332,0.0037643942050635815,0.18388454616069794,0.7693040370941162,0.04304701089859009
VTM-002745,DG-21cf25dd1974,fluorapatite,0,2,2,0.5100288391113281,0.006240133661776781,0.0964154303073883,0.8860721588134766,0.011272303760051727
VTM-002752,DG-43133dfa71c9,fluorapatite,0,2,1,0.5399098992347717,0.028073018416762352,0.6202292442321777,0.3470911979675293,0.004606609698385
VTM-002764,DG-776225aa1e4c,fluorapatite,0,2,2,0.5101690292358398,0.0009789102477952838,0.05035174638032913,0.9472212791442871,0.0014479950768873096
VTM-002766,DG-ff21086b640f,fluorapatite,0,2,2,0.5083016157150269,0.000538105028681457,0.040623102337121964,0.9569342732429504,0.0019045587396249175
VTM-002767,DG-9d024c10251f,fluorapatite,0,2,2,0.5185337066650391,0.03124319016933441,0.18417944014072418,0.7656491994857788,0.018928099423646927
VTM-002771,DG-272c62f09ed9,fluorapatite,0,2,1,0.5400504469871521,0.06047259271144867,0.5194171667098999,0.37640446424484253,0.04370584338903427
VTM-002772,DG-be4ab2bcc955,fluorapatite,0,2,2,0.5371724367141724,0.13808295130729675,0.22943595051765442,0.40214526653289795,0.23033589124679565
VTM-002781,DG-46e771570fcc,fluorapatite,0,2,2,0.5221014022827148,0.011204873211681843,0.1792110800743103,0.6697669625282288,0.13981711864471436
VTM-002785,DG-4469f02a60a8,fluorapatite,0,2,2,0.5082499980926514,0.0026706382632255554,0.03418800234794617,0.9582017660140991,0.004939633421599865
VTM-002790,DG-e68a1a5c5b3a,fluorapatite,0,2,2,0.50829017162323,0.0009600386256352067,0.011329487897455692,0.9858201742172241,0.0018902646843343973
VTM-002807,DG-69def72eb9e9,fluorapatite,0,2,2,0.5293970704078674,0.2679082751274109,0.06362196058034897,0.3356727063655853,0.3327970504760742
VTM-002823,DG-2736a493772c,fluorapatite,0,2,2,0.5149765014648438,0.1400454044342041,0.07694673538208008,0.7098114490509033,0.07319650053977966
VTM-002825,DG-72c1ed9d3742,fluorapatite,0,2,2,0.50458163022995,0.006186827085912228,0.03528638929128647,0.9100598096847534,0.048466987907886505
VTM-002836,DG-52b433221a61,fluorapatite,0,2,2,0.506750762462616,0.008230647072196007,0.06283844262361526,0.8955453634262085,0.03338554501533508
VTM-002837,DG-80b30b3877a9,fluorapatite,0,2,2,0.5088388323783875,0.006450101733207703,0.06587111949920654,0.9117612838745117,0.015917468816041946
VTM-002843,DG-6cf9e43f18ec,fluorapatite,0,2,2,0.5097276568412781,0.0003721076063811779,0.027513178065419197,0.9713596105575562,0.0007551417220383883
VTM-002868,DG-36c6aeaf573b,fluorapatite,0,2,2,0.5087677240371704,0.012163342908024788,0.05567551776766777,0.9167366623878479,0.015424485318362713
VTM-002871,DG-df382346e67f,fluorapatite,0,2,2,0.5198078155517578,0.04131563380360603,0.16187739372253418,0.7194139957427979,0.07739299535751343
VTM-002877,DG-8a907223c66e,fluorapatite,0,2,2,0.5079813003540039,0.0010014309082180262,0.02587074413895607,0.9705969095230103,0.002530883066356182
VTM-002883,DG-36aae56870fe,pyroxene,0,2,2,0.5033038854598999,0.013009116984903812,0.018387049436569214,0.9434442520141602,0.02515958994626999
VTM-002889,DG-eab811b126b9,pyroxene,0,2,2,0.5115305185317993,0.002251984551548958,0.10576748847961426,0.8896551132202148,0.0023254631087183952
VTM-002890,DG-11491d7706ee,pyroxene,0,2,2,0.5266264081001282,0.0044000716879963875,0.396536648273468,0.5890282988548279,0.010035012848675251
VTM-002897,DG-2d0fc3c5c9d3,pyroxene,0,2,2,0.5029597878456116,0.007111468352377415,0.01368294283747673,0.9466798305511475,0.03252577781677246
VTM-002905,DG-e77a1968fdac,pyroxene,0,2,2,0.5256363153457642,0.10118483752012253,0.18379326164722443,0.6055271625518799,0.10949467867612839
VTM-002906,DG-b16fad4d3847,pyroxene,0,2,2,0.5313707590103149,0.011363264173269272,0.4327853322029114,0.520045280456543,0.03580605238676071
VTM-002908,DG-4cb62f3b3d05,pyroxene,0,2,2,0.5253698825836182,0.02353019081056118,0.315276563167572,0.6533936262130737,0.007799647748470306
VTM-002916,DG-1c7371bdcb66,pyroxene,0,2,2,0.5190034508705139,0.0038271131925284863,0.11281619966030121,0.687184751033783,0.19617190957069397
VTM-002925,DG-be861e30956d,pyroxene,0,2,2,0.5126017332077026,0.002193101216107607,0.1584688425064087,0.8321059346199036,0.007232067175209522
VTM-002932,DG-2c26f97e5fb9,pyroxene,0,2,2,0.5072490572929382,0.0008180635632015765,0.0020231937523931265,0.995208740234375,0.0019499377813190222
VTM-002938,DG-bc185c527a55,pyroxene,0,2,2,0.5103113651275635,0.0019557131454348564,0.09617193043231964,0.8936482667922974,0.008224064484238625
VTM-002940,DG-549fc5a84cd4,pyroxene,0,2,1,0.5516566634178162,0.006893147714436054,0.61800217628479,0.02288709208369255,0.35221758484840393
VTM-002943,DG-07330e94de70,pyroxene,0,2,1,0.5489620566368103,0.052891552448272705,0.6245567202568054,0.22402513027191162,0.09852659702301025
VTM-002944,DG-b8a1ecd98f5a,pyroxene,0,2,0,0.5314874053001404,0.7715153694152832,0.07364378869533539,0.04447036236524582,0.11037048697471619
VTM-002945,DG-a3da53eac318,pyroxene,0,2,3,0.5468640327453613,0.11480794847011566,0.3016042709350586,0.24312320351600647,0.3404645323753357
VTM-002949,DG-ad541d9a5e1b,pyroxene,0,2,2,0.5022119879722595,0.008352255448698997,0.013383903540670872,0.9480656981468201,0.03019813820719719
VTM-002959,DG-3e022997c6a8,pyroxene,0,2,3,0.5346617102622986,0.3656991422176361,0.06194836646318436,0.026201654225587845,0.546150803565979
VTM-002965,DG-39c6e752f427,pyroxene,0,2,2,0.5068302750587463,0.0017349736299365759,0.011798178777098656,0.9811309576034546,0.0053358376026153564
VTM-002967,DG-14999e51fe9c,pyroxene,0,2,1,0.5413179993629456,0.004953117109835148,0.6898689270019531,0.25804397463798523,0.04713401943445206
VTM-002970,DG-9017ab1d9737,pyroxene,0,2,1,0.534858226776123,0.0010310683865100145,0.6192055344581604,0.37041541934013367,0.009347968734800816
VTM-002976,DG-cdaffff70d2b,pyroxene,0,2,1,0.5374926328659058,0.006666834466159344,0.6181992292404175,0.36791396141052246,0.007220004219561815
VTM-002984,DG-12e46649f5c8,pyroxene,0,2,2,0.5069046020507812,0.0007526506669819355,0.005297698080539703,0.9911155104637146,0.0028341871220618486
VTM-002989,DG-4b523dce0848,pyroxene,0,2,3,0.5374675989151001,0.2425878643989563,0.15643534064292908,0.2806547284126282,0.3203221261501312
VTM-002990,DG-3b33867e6177,pyroxene,0,2,2,0.5044311881065369,0.004727701656520367,0.01979515515267849,0.9578592777252197,0.01761791855096817
VTM-002994,DG-844c37912472,pyroxene,0,2,2,0.5249376893043518,0.08990118652582169,0.20292460918426514,0.6069217920303345,0.10025247931480408
VTM-002998,DG-02530580d7df,pyroxene,0,2,2,0.5084822773933411,0.0005683673662133515,0.015021953731775284,0.9838045835494995,0.0006051013479009271
VTM-003001,DG-83d2bf0fab9e,pyroxene,0,2,2,0.5067170262336731,0.002720786491408944,0.03559958189725876,0.9420720338821411,0.01960759609937668
VTM-003004,DG-06d08f9dea64,pyroxene,0,2,1,0.5485788583755493,0.08294855058193207,0.4611021876335144,0.24115175008773804,0.21479752659797668
VTM-003005,DG-6e6ba758e9a7,pyroxene,0,2,2,0.5289456248283386,0.00870670285075903,0.40113288164138794,0.5698220729827881,0.020338337868452072
VTM-003022,DG-36d27ee1f175,pyroxene,0,2,2,0.505156934261322,0.004246724769473076,0.016782382503151894,0.9661701321601868,0.012800736352801323
VTM-003028,DG-4862682be165,pyroxene,0,2,1,0.5375478863716125,0.02164958044886589,0.5357998609542847,0.42613089084625244,0.0164196640253067
VTM-003031,DG-7d95cd5f2601,pyroxene,0,2,2,0.5086334943771362,0.011211471632122993,0.07257000356912613,0.893120288848877,0.023098284378647804
VTM-003032,DG-9b6b7039f87d,pyroxene,0,2,2,0.5136430263519287,0.07435226440429688,0.06636036932468414,0.6966186761856079,0.16266873478889465
VTM-003038,DG-cc2d318d7866,pyroxene,0,2,2,0.520238995552063,0.1710822880268097,0.07007528841495514,0.5279169678688049,0.23092541098594666
VTM-003050,DG-a8ccd74c97e8,pyroxene,0,2,2,0.5222823023796082,0.013862865045666695,0.056222014129161835,0.534407913684845,0.39550721645355225
VTM-003052,DG-85795c0d6b16,pyroxene,0,2,2,0.5087894201278687,0.02327430061995983,0.09444954246282578,0.8507901430130005,0.031485993415117264
VTM-003061,DG-02721674da63,pyroxene,0,2,0,0.5394561290740967,0.6846761703491211,0.18511244654655457,0.09273871779441833,0.03747262433171272
VTM-003064,DG-b7f4a5c233c8,pyroxene,0,2,2,0.5054365396499634,0.04293975979089737,0.0512978732585907,0.8391733169555664,0.06658904254436493
VTM-003065,DG-d07ead84c7a2,pyroxene,0,2,2,0.5106809735298157,0.09143801033496857,0.03278900682926178,0.6791900396347046,0.19658297300338745
VTM-003067,DG-2634c9e90787,pyroxene,0,2,2,0.5080307722091675,0.011359221301972866,0.0523357056081295,0.8175318241119385,0.11877325922250748
VTM-003070,DG-316331c5fc65,pyroxene,0,2,2,0.5097360610961914,0.02468699961900711,0.10243639349937439,0.8165985345840454,0.056278057396411896
VTM-003073,DG-53909db5f730,pyroxene,0,2,1,0.5384329557418823,0.006567841861397028,0.46881139278411865,0.4097382128238678,0.11488249897956848
VTM-003074,DG-1599a4790f64,pyroxene,0,2,2,0.501878559589386,0.008295668289065361,0.011884795501828194,0.9511242508888245,0.02869529277086258
VTM-003075,DG-ba0752659635,pyroxene,0,2,2,0.5052509903907776,0.001643442315980792,0.00512029230594635,0.9890896081924438,0.004146629944443703
VTM-003076,DG-27c27a638953,pyroxene,0,2,2,0.5056158900260925,0.002448291052132845,0.027659304440021515,0.9626030325889587,0.007289321161806583
VTM-003077,DG-24c93776e634,pyroxene,0,2,2,0.5052041411399841,0.005701265297830105,0.028722669929265976,0.9433046579360962,0.022271443158388138
VTM-003079,DG-5e46fbd860b7,pyroxene,0,2,0,0.5310098528862,0.6171959042549133,0.05250637233257294,0.06637264788150787,0.26392507553100586
VTM-003082,DG-c0e74af687b9,pyroxene,0,2,2,0.505558431148529,0.04179152473807335,0.05003209412097931,0.7056581974029541,0.20251820981502533
VTM-003086,DG-7ca64cc7944a,pyroxene,0,2,2,0.5067072510719299,0.0013611726462841034,0.005425816401839256,0.9898687601089478,0.00334428739733994
VTM-003100,DG-efd3e7c09da1,pyroxene,0,2,2,0.5041415691375732,0.011520808562636375,0.03315246105194092,0.9000246524810791,0.055302128195762634
VTM-003121,DG-4a2a9de238bd,pyroxene,0,2,2,0.5231298804283142,0.09505435079336166,0.15761876106262207,0.6657557487487793,0.08157111704349518
VTM-003123,DG-4769b5641f77,pyroxene,0,2,1,0.5361125469207764,0.02374354563653469,0.49618062376976013,0.4381241798400879,0.041951604187488556
VTM-003131,DG-3879cfb76799,pyroxene,0,2,2,0.5151723027229309,0.0038361777551472187,0.1965697705745697,0.7766146659851074,0.022979341447353363
VTM-003138,DG-1c3426d57d0e,pyroxene,0,2,2,0.5079549551010132,0.0003865715698339045,0.03713679686188698,0.9603793621063232,0.0020972886122763157
VTM-003150,DG-a4568071fec7,pyroxene,0,2,3,0.5424889922142029,0.07916208356618881,0.20675665140151978,0.19628243148326874,0.5177988409996033
VTM-003153,DG-09bec96d834d,pyroxene,0,2,2,0.5089459419250488,7.298255513887852e-05,0.0013031564885750413,0.9983100295066833,0.0003138567553833127
VTM-003160,DG-42c5982d528d,pyroxene,0,2,1,0.5498005151748657,0.10873960703611374,0.6689651608467102,0.13581043481826782,0.08648484200239182
VTM-003166,DG-fefad8b6e176,pyroxene,0,2,2,0.5064032673835754,0.004833588842302561,0.018818266689777374,0.9659216403961182,0.010426546446979046
VTM-003167,DG-fde5f2d58bd6,pyroxene,0,2,2,0.5372418165206909,0.2192119061946869,0.2163819670677185,0.3695333003997803,0.19487285614013672
VTM-003171,DG-462d909e6446,pyroxene,0,2,1,0.5406346917152405,0.01917141303420067,0.6576287746429443,0.30609968304634094,0.01710013672709465
VTM-003194,DG-aa5a0a987491,pyroxene,0,2,2,0.5074150562286377,0.00034228479489684105,0.009789185598492622,0.9872784614562988,0.002590115647763014
VTM-003203,DG-8941dbf84126,pyroxene,0,2,2,0.507447361946106,0.011937154456973076,0.04777895659208298,0.9266314506530762,0.013652458786964417
VTM-003206,DG-22c07204cbd1,pyroxene,0,2,1,0.5463191866874695,0.2527182400226593,0.4521510601043701,0.2470690906047821,0.04806163161993027
VTM-003207,DG-950feff8cd7c,pyroxene,0,2,3,0.5357247591018677,0.1467001885175705,0.1630426049232483,0.22882336378097534,0.46143385767936707
VTM-003212,DG-1f9988a126e0,pyroxene,0,2,2,0.5057769417762756,0.002888703253120184,0.02971116453409195,0.9529783725738525,0.014421742409467697
VTM-003213,DG-560d0dea0375,pyroxene,0,2,2,0.508378803730011,0.0005331649444997311,0.0496838241815567,0.9479341506958008,0.00184884131886065
VTM-003214,DG-a100a5d98221,pyroxene,0,2,2,0.5194063186645508,0.0012442503357306123,0.26004329323768616,0.7371180057525635,0.0015943703474476933
VTM-003222,DG-8288d203dff6,pyroxene,0,2,2,0.5202264785766602,0.008119622245430946,0.220550075173378,0.706863284111023,0.06446700543165207
VTM-003223,DG-ab7eefd4077b,pyroxene,0,2,2,0.5140610933303833,0.11131304502487183,0.07552997767925262,0.6806951761245728,0.132461816072464
VTM-003228,DG-f7485785bb60,pyroxene,0,2,2,0.5260199904441833,0.12959834933280945,0.14484164118766785,0.589910626411438,0.13564936816692352
VTM-003234,DG-3d3392c2e5f0,pyroxene,0,2,0,0.5428094863891602,0.49604713916778564,0.16419757902622223,0.1822567880153656,0.15749847888946533
VTM-003237,DG-14ea4ea1ba5a,pyroxene,0,2,2,0.5034685134887695,0.006092492025345564,0.024212859570980072,0.9467837810516357,0.02291080914437771
VTM-003241,DG-95614b45fff9,pyroxene,0,2,2,0.5242904424667358,0.0547841414809227,0.24318282306194305,0.6271576285362244,0.0748753696680069
VTM-003247,DG-338ead0166e2,pyroxene,0,2,2,0.5347430109977722,0.05429947376251221,0.37942788004875183,0.5081923007965088,0.05808033049106598
VTM-003250,DG-18740d3fe08a,pyroxene,0,2,1,0.5373358130455017,0.001999388914555311,0.9551386833190918,0.0314045213162899,0.011457357555627823
VTM-003263,DG-6965691b2848,pyroxene,0,2,3,0.5323481559753418,0.006848575081676245,0.07054021954536438,0.28249645233154297,0.6401147842407227
VTM-003267,DG-02b2d54663c6,pyroxene,0,2,2,0.5085070729255676,0.0004700943536590785,0.004552616737782955,0.9935694336891174,0.0014078523963689804
VTM-003270,DG-1f5a0b16a3ed,pyroxene,0,2,2,0.5065127015113831,0.001553236274048686,0.005025026388466358,0.9880147576332092,0.005407016724348068
VTM-003271,DG-8ebff64cb761,pyroxene,0,2,0,0.5384509563446045,0.40742605924606323,0.16369321942329407,0.135860413312912,0.2930202782154083
VTM-003278,DG-3c6a6909d89a,pyroxene,0,2,2,0.5372776985168457,0.010165166109800339,0.33844682574272156,0.4470972716808319,0.2042907476425171
VTM-003285,DG-1ff1ce12d66b,pyroxene,0,2,2,0.5103541016578674,0.011052150279283524,0.09471699595451355,0.8149138689041138,0.07931701838970184
VTM-003292,DG-eddf3fe91859,pyroxene,0,2,0,0.5375394225120544,0.6346814036369324,0.1322510540485382,0.09098075330257416,0.14208683371543884
VTM-003295,DG-d59fd9a05c51,pyroxene,0,2,2,0.5079516768455505,0.002256138017401099,0.035853080451488495,0.9562667608261108,0.005624043755233288
VTM-003310,DG-1b4c1aa9a9fe,pyroxene,0,2,2,0.5211314558982849,0.1502900868654251,0.07670928537845612,0.5475670099258423,0.22543370723724365
VTM-003312,DG-fbffbc92ac4c,pyroxene,0,2,0,0.5309926867485046,0.67254638671875,0.04756487160921097,0.1055176705121994,0.17437109351158142
VTM-003317,DG-0d894807161b,pyroxene,0,2,3,0.5177028775215149,0.11546678841114044,0.03557214140892029,0.06734733283519745,0.7816137671470642
VTM-003320,DG-22b3614d5d80,pyroxene,0,2,2,0.5158131718635559,0.029350977391004562,0.13551762700080872,0.7738971710205078,0.061234161257743835
VTM-003333,DG-661055fb0015,pyroxene,0,2,2,0.5096651315689087,0.01798884943127632,0.09020887315273285,0.8217025995254517,0.07009972631931305
VTM-003336,DG-3dba07bb68d0,pyroxene,0,2,1,0.5326204299926758,0.00019843524205498397,0.547606348991394,0.43776780366897583,0.014427419751882553
VTM-003339,DG-4035b23cd25e,pyroxene,0,2,2,0.515946090221405,0.0013675191439688206,0.21880841255187988,0.7773112058639526,0.002512847539037466
VTM-003346,DG-ee78988ee792,pyroxene,0,2,2,0.5212528705596924,0.019812025129795074,0.2580333650112152,0.7022571563720703,0.019897449761629105
VTM-003349,DG-a0069817896e,pyroxene,0,2,1,0.5487367510795593,0.12456368654966354,0.6348050236701965,0.1491057276725769,0.09152555465698242
VTM-003350,DG-0690521d9dd1,pyroxene,0,2,1,0.5413773655891418,0.00967375934123993,0.7502638697624207,0.2303289771080017,0.009733420796692371
VTM-003360,DG-8944adb9e4d0,pyroxene,0,2,2,0.5056233406066895,0.0013655119109898806,0.02444830909371376,0.8990321755409241,0.07515397667884827
VTM-003365,DG-9024f403e746,pyroxene,0,2,2,0.5311576724052429,0.17006954550743103,0.17052263021469116,0.468674898147583,0.19073298573493958
VTM-003368,DG-5c008822d96c,pyroxene,0,2,2,0.533618688583374,0.007128467783331871,0.197346493601799,0.5164512395858765,0.2790738046169281
VTM-003372,DG-9a2260bd7fa8,pyroxene,0,2,3,0.5404975414276123,0.26944249868392944,0.1692955195903778,0.08506707102060318,0.47619491815567017
VTM-003376,DG-377a00333bb0,quartz,0,2,2,0.535836398601532,0.21955077350139618,0.19085492193698883,0.461323618888855,0.1282707303762436
VTM-003377,DG-097f1d18428b,quartz,0,2,2,0.5083097219467163,0.0028113368898630142,0.04198678210377693,0.9471914768218994,0.008010383695363998
VTM-003382,DG-158ff5dc1237,quartz,0,2,2,0.508111834526062,0.0003234488540329039,0.06481696665287018,0.9273340702056885,0.007525542750954628
VTM-003385,DG-ea65739cc711,quartz,0,2,2,0.5023530721664429,0.0077568357810378075,0.027737170457839966,0.9167588949203491,0.04774714261293411
VTM-003389,DG-b1744c7cf0c2,quartz,0,2,2,0.5081530809402466,0.0006053022807464004,0.01049106102436781,0.9870811104774475,0.0018225614912807941
VTM-003403,DG-63aee8bc16a5,quartz,0,2,2,0.5321852564811707,0.015587832778692245,0.21494975686073303,0.5092864632606506,0.2601759135723114
VTM-003410,DG-7c7d670e261b,quartz,0,2,2,0.510186493396759,0.05424053966999054,0.04754364490509033,0.6840946674346924,0.21412122249603271
VTM-003411,DG-07115f81dfcd,quartz,0,2,2,0.5084999799728394,0.0008277157321572304,0.03236176073551178,0.964177131652832,0.002633359283208847
VTM-003413,DG-824db2e21f39,quartz,0,2,2,0.5037026405334473,0.025863872841000557,0.03521863371133804,0.8534899950027466,0.08542749285697937
VTM-003421,DG-4abd43475340,quartz,0,2,3,0.5258429050445557,0.02918691374361515,0.04213177040219307,0.4233950078487396,0.5052862763404846
VTM-003435,DG-96d7f42c0adb,quartz,0,2,2,0.5014001727104187,0.0060469405725598335,0.020786959677934647,0.9245684146881104,0.048597730696201324
VTM-003440,DG-261ea5b34997,quartz,0,2,1,0.5468119978904724,0.027133682742714882,0.808668851852417,0.10949677228927612,0.054700665175914764
VTM-003449,DG-16b8d9127ed1,quartz,0,2,2,0.5146366953849792,0.09948830306529999,0.0919659435749054,0.7314577102661133,0.07708805799484253
VTM-003454,DG-6bd160447dec,quartz,0,2,2,0.5081968903541565,0.0006082402542233467,0.018483689054846764,0.9786072373390198,0.0023008189164102077
VTM-003460,DG-e96452f60267,quartz,0,2,3,0.524146556854248,0.10759913921356201,0.03992673009634018,0.20941099524497986,0.6430631279945374
VTM-003461,DG-d3a537a397ff,quartz,0,2,2,0.5091155171394348,0.0005318851908668876,0.005142956972122192,0.9936772584915161,0.0006479104631580412
VTM-003465,DG-c7491a8989bf,quartz,0,2,2,0.5093182921409607,0.003968607168644667,0.05493338033556938,0.9346026182174683,0.0064953891560435295
VTM-003466,DG-aa46a7de04fc,quartz,0,2,1,0.5437178015708923,0.010831231251358986,0.8265781402587891,0.11427213251590729,0.048318542540073395
VTM-003467,DG-429d37c43d66,quartz,0,2,2,0.5062538385391235,0.002499259077012539,0.04699011892080307,0.9346956610679626,0.015814997255802155
VTM-003480,DG-3d3d9d2099e2,quartz,0,2,2,0.51219242811203,0.01009744219481945,0.1174328625202179,0.8581486940383911,0.0143209770321846
VTM-003482,DG-bfed05c4de06,quartz,0,2,2,0.5154769420623779,0.006815370637923479,0.1745494157075882,0.8075653314590454,0.011069881729781628
VTM-003488,DG-920d18c7cd9b,quartz,0,2,2,0.5091361999511719,0.00010461505007697269,0.0038385766092687845,0.9957862496376038,0.00027060607681050897
VTM-003491,DG-d3548175b837,quartz,0,2,3,0.5202416181564331,0.03730623796582222,0.029108718037605286,0.025758802890777588,0.9078262448310852
VTM-003493,DG-52defffa941a,quartz,0,2,2,0.5080057978630066,0.0008036732906475663,0.00593939982354641,0.9917105436325073,0.0015464432071894407
VTM-003496,DG-7f1d4e8c35e6,quartz,0,2,2,0.5229211449623108,0.11562487483024597,0.14482279121875763,0.6531352996826172,0.08641700446605682
VTM-003506,DG-e33088583ef2,quartz,0,2,2,0.5087348818778992,0.01919020339846611,0.05268813669681549,0.9167476892471313,0.011373985558748245
VTM-003508,DG-a38b0a9744eb,quartz,0,2,2,0.5085371136665344,0.0012169694527983665,0.06284578144550323,0.9314507246017456,0.0044865477830171585
VTM-003511,DG-f72b8cc0acd6,quartz,0,2,2,0.5095871686935425,0.0003210206050425768,0.016325563192367554,0.9822893142700195,0.001064075855538249
VTM-003522,DG-910752bb3793,quartz,0,2,2,0.5080268383026123,0.0016816728748381138,0.01887354627251625,0.975243091583252,0.004201745614409447
VTM-003524,DG-be614c901c26,quartz,0,2,2,0.5068532228469849,0.010852323845028877,0.049110833555459976,0.9212924242019653,0.01874440535902977
VTM-003525,DG-ac33ddbd658c,quartz,0,2,2,0.5437153577804565,0.19695459306240082,0.297873854637146,0.32369107007980347,0.18148046731948853
VTM-003529,DG-e5a471320004,quartz,0,2,2,0.508040189743042,0.005234073381870985,0.05356465280056,0.8900560140609741,0.05114530771970749
VTM-003533,DG-fe261ae27bba,quartz,0,2,2,0.5098051428794861,0.0028707939200103283,0.09559671580791473,0.8701627850532532,0.031369686126708984
VTM-003543,DG-3398d3725b33,quartz,0,2,2,0.5063942074775696,0.000541334564331919,0.004637883510440588,0.9918869733810425,0.002933830488473177
VTM-003545,DG-09051d5fe4a8,quartz,0,2,2,0.5074833035469055,9.919843432726339e-05,0.001961302710697055,0.9971835613250732,0.0007559720543213189
VTM-003549,DG-25715dcbbdb0,quartz,0,2,2,0.506980836391449,0.00020731764379888773,0.003593676956370473,0.9926815032958984,0.003517542965710163
VTM-003554,DG-f0ce4e81bd3e,quartz,0,2,2,0.5058547854423523,0.006780575029551983,0.016843296587467194,0.6807452440261841,0.29563087224960327
VTM-003555,DG-8e8e41ab8e34,quartz,0,2,2,0.5078396797180176,0.0008315780432894826,0.0065245190635323524,0.989784836769104,0.00285909790545702
VTM-003562,DG-537b7d49f26f,quartz,0,2,2,0.5210792422294617,0.00539429672062397,0.2799476981163025,0.7050306797027588,0.009627338498830795
VTM-003566,DG-4defa7fa3a5e,quartz,0,2,2,0.5078309774398804,0.003076487686485052,0.03895252197980881,0.9509760141372681,0.006995013449341059
VTM-003567,DG-7e9e27e48328,quartz,0,2,2,0.5136226415634155,0.04748988896608353,0.0677257776260376,0.6530254483222961,0.23175886273384094
VTM-003568,DG-e3ccf6d9ccfd,quartz,0,2,2,0.5089683532714844,0.0022674615029245615,0.05554162710905075,0.9396188855171204,0.0025720123667269945
VTM-003575,DG-8e1404ad1726,quartz,0,2,3,0.5394424796104431,0.0743349939584732,0.22467371821403503,0.18680718541145325,0.5141841173171997
VTM-003591,DG-ddbf75ddcd6e,quartz,0,2,2,0.5377309918403625,0.05365481600165367,0.3109501004219055,0.474371075630188,0.16102397441864014
VTM-003594,DG-5e8919787bf8,quartz,0,2,2,0.5081459879875183,0.0026712301187217236,0.04792443662881851,0.9412068128585815,0.008197523653507233
VTM-003598,DG-9bcead480c48,quartz,0,2,2,0.5069147944450378,0.0011614267714321613,0.009068761020898819,0.9865949153900146,0.003174911253154278
VTM-003602,DG-0c8e223a4767,quartz,0,2,2,0.5067683458328247,0.0007360984454862773,0.01267847791314125,0.9793710708618164,0.0072143240831792355
VTM-003616,DG-abad6d7d8080,quartz,0,2,3,0.5276747941970825,0.006538073997944593,0.009683599695563316,0.032851219177246094,0.9509270787239075
VTM-003617,DG-fafc140d3a11,quartz,0,2,2,0.5053281784057617,0.0041205910965800285,0.011208061128854752,0.9766109585762024,0.008060412481427193
VTM-003627,DG-250b978331a9,quartz,0,2,1,0.548861563205719,0.07190003991127014,0.5764567852020264,0.20348936319351196,0.14815376698970795
VTM-003629,DG-a95fa2858248,quartz,0,2,2,0.507836639881134,0.0005562911974266171,0.007415322586894035,0.9905135631561279,0.0015147648518905044
VTM-003634,DG-198ae0a6221b,quartz,0,2,2,0.5088967084884644,0.00038558105006814003,0.005106775090098381,0.993619441986084,0.0008882253896445036
VTM-003635,DG-9b1ae3e424e1,vesuvianite,0,2,2,0.5089111924171448,0.00453195720911026,0.07294635474681854,0.912627100944519,0.00989459827542305
VTM-003638,DG-3f6e67869303,vesuvianite,0,2,2,0.5075517296791077,0.0002234187995782122,0.007484075613319874,0.9906407594680786,0.0016518052434548736
VTM-003640,DG-92b9ab8ad16a,vesuvianite,0,2,2,0.5094408392906189,0.0004966639680787921,0.09552866220474243,0.9025841951370239,0.0013905058149248362
VTM-003649,DG-2e6c89c5b3ae,vesuvianite,0,2,2,0.5086419582366943,0.0006306632421910763,0.024547114968299866,0.972923219203949,0.001899005495943129
VTM-003653,DG-3ab34db7bfd1,vesuvianite,0,2,1,0.5456307530403137,0.026152176782488823,0.5812913179397583,0.1907728910446167,0.20178356766700745
VTM-003656,DG-190999b9116a,vesuvianite,0,2,1,0.5404921174049377,0.005024919286370277,0.6486566066741943,0.3068527281284332,0.03946574404835701
VTM-003662,DG-bb227bfb3420,vesuvianite,0,2,2,0.5149149894714355,0.08482000231742859,0.08768483251333237,0.7636816501617432,0.06381353735923767
VTM-003671,DG-3e00c1c23538,vesuvianite,0,2,2,0.5077276825904846,2.3666068955208175e-05,0.013132510706782341,0.9867118000984192,0.0001320120063610375
VTM-003672,DG-822cf8738f5d,vesuvianite,0,2,2,0.5031747221946716,0.0024989726953208447,0.00975225493311882,0.9452332258224487,0.042515598237514496
VTM-003677,DG-1c277c481e71,vesuvianite,0,2,2,0.5079726576805115,0.0004375638673081994,0.003639145754277706,0.9949240684509277,0.000999186304397881
VTM-003684,DG-9143c728f2e4,vesuvianite,0,2,2,0.5092709064483643,0.0018314023036509752,0.07072680443525314,0.9223964214324951,0.0050453441217541695
VTM-003689,DG-c3f58842267c,vesuvianite,0,2,1,0.5376250743865967,0.004399850033223629,0.6537072658538818,0.3369062542915344,0.004986641928553581
VTM-003699,DG-6fc8c9dd46c2,vesuvianite,0,2,2,0.513900876045227,0.01192559115588665,0.14310477674007416,0.8336493372917175,0.011320296674966812
VTM-003703,DG-4b6f3648f005,vesuvianite,0,2,2,0.5104994177818298,0.003032231703400612,0.08765988051891327,0.9075019359588623,0.0018059982685372233
VTM-003709,DG-7ab9f8718c59,vesuvianite,0,2,2,0.5180383324623108,0.0005424257833510637,0.24790504574775696,0.751047670841217,0.0005048562888987362
VTM-003710,DG-2dd24a7e74de,vesuvianite,0,2,2,0.5091941356658936,0.0003033169487025589,0.0447399839758873,0.9535225629806519,0.0014341432834044099
VTM-003716,DG-fec0e3ebe36c,vesuvianite,0,2,2,0.5075575113296509,0.0003558844327926636,0.003478898201137781,0.9945303201675415,0.0016349060460925102
VTM-003720,DG-f29984ccdfbc,vesuvianite,0,2,2,0.5208805799484253,0.005475461483001709,0.25927919149398804,0.6866322755813599,0.04861307144165039
VTM-003721,DG-450b654cca09,vesuvianite,0,2,1,0.5489556193351746,0.021438486874103546,0.6595553159713745,0.1384974718093872,0.18050876259803772
VTM-003722,DG-36c1b91e92c4,vesuvianite,0,2,2,0.5097247958183289,0.018658820539712906,0.08680109679698944,0.7916421294212341,0.10289791226387024
VTM-003723,DG-9ac1992626f5,vesuvianite,0,2,2,0.5075145959854126,0.0008615333354100585,0.017316825687885284,0.9801974296569824,0.0016242687124758959
VTM-003725,DG-3c0710e2cf7a,vesuvianite,0,2,1,0.5410774350166321,0.0061192684806883335,0.7075841426849365,0.2721160054206848,0.014180577360093594
VTM-003730,DG-2a71e1dd984b,vesuvianite,0,2,2,0.5076063275337219,0.0003792135394178331,0.033145010471343994,0.9649385213851929,0.001537230215035379
VTM-003731,DG-203527ab6025,vesuvianite,0,2,2,0.5326833724975586,0.006308930926024914,0.22561804950237274,0.5127792358398438,0.2552937865257263
VTM-003732,DG-4da9660a3e4a,vesuvianite,0,2,2,0.5191303491592407,0.024018317461013794,0.18658500909805298,0.7154673337936401,0.07392928749322891
VTM-003733,DG-01bda451d9d8,vesuvianite,0,2,2,0.5180843472480774,0.0021886599715799093,0.25297126173973083,0.7378462553024292,0.0069938404485583305
VTM-003734,DG-f4757a09ca77,vesuvianite,0,2,2,0.5102911591529846,0.0003524597268551588,0.09162047505378723,0.9073768854141235,0.0006501641473732889
VTM-003736,DG-098cd3520726,vesuvianite,0,2,1,0.5502382516860962,0.06203071027994156,0.6852068901062012,0.09465233236551285,0.15811008214950562
VTM-003738,DG-3fcc6443e50b,vesuvianite,0,2,2,0.5095701813697815,0.0032128277234733105,0.10041098296642303,0.8834733963012695,0.012902723625302315
VTM-003740,DG-27aea3fc2159,vesuvianite,0,2,1,0.5387266278266907,0.0021830503828823566,0.9110585451126099,0.0748785212635994,0.01187988929450512
VTM-003744,DG-4cc593148c28,vesuvianite,0,2,2,0.5243011116981506,0.015946771949529648,0.17812135815620422,0.6503555774688721,0.15557631850242615
VTM-003750,DG-515956afdf20,vesuvianite,0,2,2,0.5101343393325806,0.0008847732678987086,0.08440419286489487,0.9133610725402832,0.001349955447949469
VTM-003782,DG-fd86295b3985,vesuvianite,0,2,2,0.5124462246894836,0.0015166322700679302,0.15191924571990967,0.8439449071884155,0.0026192632503807545
VTM-003791,DG-9dff8031a414,vesuvianite,0,2,2,0.5115559697151184,0.006647131405770779,0.12388896942138672,0.8594800233840942,0.009983805008232594
VTM-003793,DG-4323ca94ec6c,vesuvianite,0,2,2,0.5184059739112854,0.006399593316018581,0.2541895806789398,0.7270616292953491,0.012349184602499008
VTM-003796,DG-4ec837d93f83,vesuvianite,0,2,2,0.5152871012687683,0.006497426889836788,0.05905861780047417,0.6935005187988281,0.24094343185424805
VTM-003805,DG-78baa91d3b62,vesuvianite,0,2,2,0.5280248522758484,0.07510058581829071,0.22508466243743896,0.6120158433914185,0.08779887855052948
VTM-003807,DG-ffb1301309a4,vesuvianite,0,2,2,0.5381109714508057,0.01443902775645256,0.288143128156662,0.4628419876098633,0.23457586765289307
VTM-003810,DG-b4aae2ea6684,vesuvianite,0,2,2,0.5312656164169312,0.004090855363756418,0.4850212335586548,0.5030112266540527,0.007876643911004066
VTM-003813,DG-49391b2e04a9,vesuvianite,0,2,2,0.5150192379951477,0.006489576771855354,0.14446154236793518,0.7817177176475525,0.06733117997646332
VTM-003816,DG-7ed07056e72b,vesuvianite,0,2,2,0.5132559537887573,0.004395041614770889,0.14529336988925934,0.8457821607589722,0.004529379308223724
VTM-003823,DG-761d07d6b728,vesuvianite,0,2,1,0.5489617586135864,0.1335446834564209,0.7611246109008789,0.07368937134742737,0.03164132684469223
VTM-003826,DG-aa64a9902042,vesuvianite,0,2,2,0.5052179098129272,0.009511467069387436,0.05047302693128586,0.8772082328796387,0.06280721724033356
VTM-003827,DG-285a110f7562,vesuvianite,0,2,2,0.5087251663208008,0.0014813472516834736,0.06691610813140869,0.9277073740959167,0.003895135596394539
VTM-003831,DG-4be4d721e464,vesuvianite,0,2,2,0.5082230567932129,0.0011054030619561672,0.03773042559623718,0.9594109058380127,0.001753269461914897
VTM-003832,DG-aedfdef6c9dd,vesuvianite,0,2,1,0.5461908578872681,0.041177161037921906,0.6299718618392944,0.2469659298658371,0.08188503980636597
VTM-003840,DG-3cf31fae6d23,vesuvianite,0,2,2,0.5122203230857849,0.0026625245809555054,0.14378580451011658,0.8409856557846069,0.012566019780933857
VTM-003843,DG-e2df066724b5,vesuvianite,0,2,1,0.5367124080657959,0.0013853278942406178,0.8023273944854736,0.18900001049041748,0.007287248503416777
VTM-003850,DG-e94d11f17d33,vesuvianite,0,2,2,0.510561466217041,0.022464219480752945,0.11085012555122375,0.8309762477874756,0.03570946305990219
VTM-003855,DG-bba20012f7ff,vesuvianite,0,2,2,0.5067241787910461,0.023786015808582306,0.06155094876885414,0.8962371945381165,0.018425822257995605
VTM-003856,DG-d3e07d74dc04,vesuvianite,0,2,2,0.5137797594070435,0.038486361503601074,0.12136533856391907,0.7984059453010559,0.04174235463142395
VTM-003862,DG-33077a1095e1,vesuvianite,0,2,1,0.5395176410675049,0.0020547225140035152,0.8562593460083008,0.13637524843215942,0.005310645326972008
VTM-003868,DG-988342957832,vesuvianite,0,2,2,0.5271558165550232,0.012806992046535015,0.37438642978668213,0.6013525128364563,0.01145409606397152
VTM-003871,DG-1f03c396a434,vesuvianite,0,2,2,0.5115962624549866,0.003103835042566061,0.12424035370349884,0.8460028171539307,0.026653021574020386
VTM-003876,DG-f14959620d42,vesuvianite,0,2,2,0.5071183443069458,0.0006684863474220037,0.012235271744430065,0.9850198030471802,0.002076410688459873
VTM-003877,DG-591abe10bfe5,vesuvianite,0,2,1,0.5371142625808716,0.0010290838545188308,0.7372951507568359,0.25851136445999146,0.003164400579407811
VTM-003878,DG-811759214977,vesuvianite,0,2,3,0.5379143357276917,0.23315410315990448,0.13624393939971924,0.2554504871368408,0.3751514256000519
VTM-003887,DG-64d015783567,vesuvianite,0,2,2,0.5092284083366394,0.000117767762276344,0.07871486246585846,0.9209073781967163,0.0002599434519652277
VTM-003889,DG-e2f7b314b961,vesuvianite,0,2,2,0.5201560854911804,0.00098292191978544,0.24211573600769043,0.7038150429725647,0.053086284548044205
VTM-003891,DG-382fc9f12b38,vesuvianite,0,2,2,0.5323073863983154,0.05092347413301468,0.32750317454338074,0.5443447828292847,0.07722863554954529
VTM-003897,DG-3d1dcb27dad7,vesuvianite,0,2,2,0.5160712003707886,0.007431535981595516,0.1987638771533966,0.7663494348526001,0.02745521068572998
VTM-003903,DG-737047940f15,vesuvianite,0,2,2,0.5092030167579651,0.0005015109200030565,0.09013047814369202,0.8794068098068237,0.0299612358212471
VTM-003916,DG-62ff9ecdf8f9,vesuvianite,0,2,2,0.5073790550231934,0.00024306146951857954,0.0616241879761219,0.9350836277008057,0.003049144521355629
VTM-003921,DG-d6f3bfcc82a3,vesuvianite,0,2,1,0.5383768677711487,0.003664707764983177,0.8426501154899597,0.14231839776039124,0.011366751976311207
VTM-003925,DG-403408a696da,vesuvianite,0,2,0,0.5452859997749329,0.40934956073760986,0.23322567343711853,0.19819900393486023,0.15922580659389496
VTM-003927,DG-30aa90b1e374,vesuvianite,0,2,2,0.507606029510498,0.0019821240566670895,0.051455676555633545,0.9404083490371704,0.006153822410851717
VTM-003933,DG-292e31308efb,vesuvianite,0,2,2,0.5077568888664246,3.441059743636288e-05,0.002201917115598917,0.9973798990249634,0.0003837750991806388
VTM-003934,DG-cde12f5c8a99,vesuvianite,0,2,2,0.5115723609924316,0.007858903147280216,0.12435102462768555,0.8490136861801147,0.018776386976242065
VTM-003935,DG-d80e49ba3f14,vesuvianite,0,2,2,0.5080202221870422,0.0005009965389035642,0.03709036856889725,0.9594862461090088,0.002922401763498783
VTM-003936,DG-a5da20726561,vesuvianite,0,2,2,0.5160530805587769,0.0001672578218858689,0.2516482472419739,0.7419852018356323,0.00619929376989603
VTM-003944,DG-b8bbdd672761,vesuvianite,0,2,2,0.5078580975532532,0.00021222182840574533,0.06052057445049286,0.9355419874191284,0.003725185990333557
VTM-003956,DG-e7ddac66b305,vesuvianite,0,2,1,0.5374149680137634,0.0031981347128748894,0.8969393968582153,0.08354872465133667,0.01631372608244419
VTM-003960,DG-d828cab7f924,vesuvianite,0,2,2,0.511184811592102,0.0008634934783913195,0.13636094331741333,0.8572601079940796,0.005515440367162228
VTM-003964,DG-22543172b0c1,vesuvianite,0,2,2,0.5128642320632935,0.002007759641855955,0.1557811200618744,0.8379318714141846,0.0042792800813913345
VTM-003972,DG-7df29f37c067,vesuvianite,0,2,2,0.5093464851379395,9.057680290425196e-05,0.012819493189454079,0.9869155287742615,0.00017440758529119194
VTM-003996,DG-3669ab7c0ab5,vesuvianite,0,2,2,0.5069785118103027,0.007357376627624035,0.06338461488485336,0.9018484354019165,0.027409596368670464
VTM-004003,DG-1ba10078971d,vesuvianite,0,2,2,0.5298387408256531,0.025288641452789307,0.1676103174686432,0.5339524149894714,0.27314865589141846
VTM-004005,DG-6fc92603d80b,vesuvianite,0,2,2,0.5073859095573425,0.0002497714012861252,0.01708788424730301,0.981095552444458,0.0015667814295738935
VTM-004007,DG-662b18f75ed5,vesuvianite,0,2,2,0.5176041126251221,0.013298138976097107,0.1667112410068512,0.732541561126709,0.08744904398918152
VTM-004012,DG-b6258a6f84ef,vesuvianite,0,2,2,0.5078644156455994,0.0010969068389385939,0.06130991131067276,0.9287304878234863,0.008862674236297607
VTM-004025,DG-a3276c20df4d,vesuvianite,0,2,2,0.508838951587677,0.00012955957208760083,0.002515750238671899,0.9969061613082886,0.0004485142999328673
VTM-004027,DG-6b9df49cf5ae,vesuvianite,0,2,2,0.5159024000167847,0.007658407092094421,0.1845932900905609,0.780982255935669,0.026765994727611542
VTM-004040,DG-195887bfa623,vesuvianite,0,2,2,0.5057100653648376,0.012908056378364563,0.03371052071452141,0.8256595134735107,0.1277218759059906
VTM-004042,DG-2d1974985d68,vesuvianite,0,2,1,0.53908371925354,0.0032513788901269436,0.7537498474121094,0.23786959052085876,0.005129180382937193
VTM-004044,DG-f9d12b79e75f,vesuvianite,0,2,1,0.536613941192627,0.009631788358092308,0.5681412220001221,0.4160652756690979,0.0061617218889296055
VTM-004063,DG-94bb3086cbb8,vesuvianite,0,2,2,0.5295560359954834,0.008347278460860252,0.23172709345817566,0.5882900953292847,0.17163553833961487
VTM-004064,DG-24d450703173,vesuvianite,0,2,2,0.5372458100318909,0.03668336570262909,0.450777143239975,0.46650248765945435,0.04603702202439308
VTM-004075,DG-4ad0528d18ac,vesuvianite,0,2,2,0.5078188180923462,4.483427619561553e-05,0.014753432944417,0.9846473932266235,0.0005543108563870192
VTM-004083,DG-778c8a290902,vesuvianite,0,2,2,0.5250171422958374,0.015295499935746193,0.3159392178058624,0.6602413654327393,0.008523913100361824
VTM-004084,DG-96c776d4eabe,vesuvianite,0,2,2,0.50588059425354,0.0016976664774119854,0.030851611867547035,0.9536186456680298,0.013832040131092072
VTM-004088,DG-fb4578ab7c80,vesuvianite,0,2,2,0.5066321492195129,0.0014204706531018019,0.03732975572347641,0.9568784236907959,0.004371350631117821
VTM-004093,DG-c8a5825e6950,vesuvianite,0,2,2,0.5101141333580017,0.00039673346327617764,0.11972314864397049,0.8752450942993164,0.004635048098862171
VTM-004096,DG-fbf28e0ec8a5,vesuvianite,0,2,2,0.5106437802314758,0.0012539825402200222,0.10268066823482513,0.8927903175354004,0.0032750400714576244
VTM-004102,DG-d229bb5b117b,vesuvianite,0,2,2,0.5332401394844055,0.1283109337091446,0.3017251789569855,0.49345606565475464,0.07650783658027649
VTM-004104,DG-f9940d52117c,vesuvianite,0,2,2,0.5263933539390564,0.00121237151324749,0.40949416160583496,0.5862823724746704,0.0030111582018435
VTM-004109,DG-8e51afeeacec,vesuvianite,0,2,2,0.5086323618888855,0.000323324667988345,0.08196358382701874,0.9165827035903931,0.0011303755454719067
VTM-004110,DG-de4a1c71f1f3,vesuvianite,0,2,2,0.5206666588783264,0.009075296111404896,0.25485149025917053,0.7278846502304077,0.008188513107597828
VTM-004111,DG-1704c11ac22f,vesuvianite,0,2,1,0.5392018556594849,0.050658971071243286,0.5223193168640137,0.4013681411743164,0.02565358765423298
VTM-004116,DG-62c3dea7d681,vesuvianite,0,2,1,0.550142765045166,0.2017786055803299,0.5688254833221436,0.12481214106082916,0.10458381474018097
VTM-004137,DG-03cb4d8280c5,chalcopyrite,0,3,3,0.5377222299575806,0.0013952276203781366,0.06193756312131882,0.012191515415906906,0.9244757294654846
VTM-004140,DG-36252213f314,chalcopyrite,0,3,3,0.5371420383453369,0.009481774643063545,0.10028039664030075,0.053233690559864044,0.8370041847229004
VTM-004154,DG-abc4ece41987,chalcopyrite,0,3,3,0.5371229648590088,0.055226318538188934,0.17758336663246155,0.22295916080474854,0.5442311763763428
VTM-004155,DG-a636b5037976,chalcopyrite,0,3,3,0.5479163527488708,0.0027740690857172012,0.23260733485221863,0.019831698387861252,0.7447869181632996
VTM-004158,DG-93521f3682a4,chalcopyrite,0,3,2,0.503835141658783,0.0016966976691037416,0.01828777976334095,0.933901309967041,0.046114202588796616
VTM-004159,DG-32645abe6c40,chalcopyrite,0,3,3,0.5363505482673645,0.009018557146191597,0.154283344745636,0.1376006305217743,0.6990974545478821
VTM-004162,DG-e88b5f73d62e,chalcopyrite,0,3,2,0.5127826929092407,0.012083478271961212,0.0713554248213768,0.6872397661209106,0.22932128608226776
VTM-004178,DG-b6746205a70e,chalcopyrite,0,3,0,0.5461938977241516,0.6172326803207397,0.19734394550323486,0.05200539529323578,0.1334179788827896
VTM-004183,DG-4ad5a7e7e695,chalcopyrite,0,3,3,0.5207415819168091,0.0009045798215083778,0.006868364289402962,0.014186333864927292,0.9780406951904297
VTM-004190,DG-dcee6fb17ddd,chalcopyrite,0,3,0,0.5401166677474976,0.4575260877609253,0.17926235496997833,0.14146429300308228,0.22174721956253052
VTM-004201,DG-0f59261d4d4f,chalcopyrite,0,3,3,0.5354679226875305,0.001798310549929738,0.03457086160778999,0.000519882480148226,0.9631109237670898
VTM-004203,DG-b8fbe6502090,chalcopyrite,0,3,3,0.5400442481040955,0.2148672640323639,0.1585846096277237,0.15465177595615387,0.47189635038375854
VTM-004204,DG-b19f1dc1d9f6,chalcopyrite,0,3,3,0.5247045755386353,0.028499580919742584,0.04759640991687775,0.07750862836837769,0.8463953733444214
VTM-004209,DG-17021d22a929,chalcopyrite,0,3,0,0.5302018523216248,0.597542405128479,0.047341238707304,0.018407639116048813,0.3367087244987488
VTM-004211,DG-1d36ceddf19c,chalcopyrite,0,3,0,0.5260219573974609,0.901756763458252,0.06942959129810333,0.003447367809712887,0.02536628767848015
VTM-004212,DG-94683f2f8a87,chalcopyrite,0,3,0,0.4369353652000427,0.6459182500839233,0.048740483820438385,0.003687439952045679,0.30165380239486694
VTM-004220,DG-89cdb51c4697,chalcopyrite,0,3,0,0.5301892757415771,0.7790635824203491,0.05148375779390335,0.03031351789832115,0.1391391158103943
VTM-004221,DG-22ef1eebfb8d,chalcopyrite,0,3,0,0.5262534022331238,0.8252943754196167,0.026856064796447754,0.023068314418196678,0.12478125095367432
VTM-004222,DG-1e0695c4192d,chalcopyrite,0,3,0,0.28836411237716675,0.48706984519958496,0.026778636500239372,0.0021537262946367264,0.48399779200553894
VTM-004224,DG-e130c8625a9a,chalcopyrite,0,3,0,0.25297024846076965,0.7330958843231201,0.004648235626518726,0.01122267171740532,0.2510332465171814
VTM-004226,DG-5cfec6919979,chalcopyrite,0,3,3,0.5366044044494629,0.03229641914367676,0.14676019549369812,0.035912394523620605,0.7850309610366821
VTM-004227,DG-4ebe6c44e12a,chalcopyrite,0,3,0,0.5351980924606323,0.658482551574707,0.08377144485712051,0.09451201558113098,0.1632339060306549
VTM-004228,DG-4db88c299408,chalcopyrite,0,3,0,0.37199974060058594,0.7099069952964783,0.029046736657619476,0.040260665118694305,0.22078561782836914
VTM-004229,DG-b2f380bd5029,chalcopyrite,0,3,0,0.531544029712677,0.7883060574531555,0.08383171260356903,0.050732724368572235,0.07712956517934799
VTM-004231,DG-1abc445edc31,chalcopyrite,0,3,0,0.519614577293396,0.9829269647598267,0.006961993873119354,0.0007116607157513499,0.009399380534887314
VTM-004245,DG-2060f9e29a23,chalcopyrite,0,3,0,0.3151690661907196,0.7706506848335266,0.07167626172304153,0.01720571517944336,0.14046728610992432
VTM-004247,DG-8adbbccdd724,chalcopyrite,0,3,0,0.5273465514183044,0.9052544832229614,0.08501040935516357,0.002316200640052557,0.00741892633959651
VTM-004252,DG-09a432e2b831,chalcopyrite,0,3,0,0.3526144325733185,0.7078246474266052,0.07432685047388077,0.015094839036464691,0.2027537077665329
VTM-004254,DG-791f22659a0e,chalcopyrite,0,3,3,0.535679042339325,0.0009686845587566495,0.01790117658674717,0.04961301386356354,0.9315171241760254
VTM-004262,DG-66a5461be3ce,chalcopyrite,0,3,3,0.5236373543739319,0.11720503866672516,0.052587177604436874,0.007996401749551296,0.8222113847732544
VTM-004266,DG-b39923e015fb,chalcopyrite,0,3,3,0.5350898504257202,0.19938191771507263,0.1115969866514206,0.033534761518239975,0.6554863452911377
VTM-004267,DG-d925da51e984,chalcopyrite,0,3,3,0.5509309768676758,0.000920901307836175,0.3565569519996643,0.0007863423670642078,0.6417357921600342
VTM-004278,DG-6d3ffb9c1414,chalcopyrite,0,3,3,0.5401782989501953,0.0002678878663573414,0.02759261056780815,0.003518394660204649,0.9686211347579956
VTM-004279,DG-13dbc7077595,chalcopyrite,0,3,3,0.5259991884231567,0.006453419104218483,0.03005930222570896,0.0035065324045717716,0.9599807262420654
VTM-004289,DG-1a0ff4cf7ad0,chalcopyrite,0,3,3,0.5178022384643555,0.0007216261001303792,0.001247707987204194,0.008246490731835365,0.9897841215133667
VTM-004298,DG-def14538a6dc,chalcopyrite,0,3,1,0.5500760674476624,0.08622775971889496,0.7817527651786804,0.00431304844096303,0.127706378698349
VTM-004301,DG-bb8d092cc2a9,chalcopyrite,0,3,3,0.5142428874969482,0.0029553622007369995,0.004654662683606148,0.022655196487903595,0.969734787940979
VTM-004306,DG-e140b99834b5,chalcopyrite,0,3,1,0.5489439964294434,0.22118739783763885,0.4251536428928375,0.1684909611940384,0.18516802787780762
VTM-004307,DG-115678ab2998,chalcopyrite,0,3,3,0.5364621877670288,2.8052996640326455e-05,0.002595440950244665,0.00032619957346469164,0.9970503449440002
VTM-004320,DG-b7bf2f2e5a61,chalcopyrite,0,3,3,0.5287613272666931,0.024038247764110565,0.06289293617010117,0.10146002471446991,0.8116087913513184
VTM-004330,DG-0e3eb81d53c1,chalcopyrite,0,3,3,0.5199267268180847,0.027016352862119675,0.029167648404836655,0.19145220518112183,0.7523638010025024
VTM-004333,DG-44d15721c9e7,chalcopyrite,0,3,3,0.5330281853675842,0.05022084712982178,0.1363634169101715,0.10529613494873047,0.7081196308135986
VTM-004339,DG-df0e950690cd,chalcopyrite,0,3,3,0.5480172038078308,0.00334470858797431,0.20200374722480774,0.13673755526542664,0.6579139828681946
VTM-004343,DG-f8502eda04e2,chalcopyrite,0,3,0,0.5460864901542664,0.5698777437210083,0.18468432128429413,0.06522876024246216,0.18020926415920258
VTM-004356,DG-52391854c813,chalcopyrite,0,3,3,0.527604341506958,0.0011577081168070436,0.014885970391333103,0.035976067185401917,0.9479802846908569
VTM-004368,DG-190a29f63412,chalcopyrite,0,3,3,0.5136703252792358,0.008006591349840164,0.009458842687308788,0.01886831410229206,0.9636662006378174
VTM-004369,DG-d1667de89144,chalcopyrite,0,3,3,0.5403042435646057,0.001909848884679377,0.06892655789852142,0.041635751724243164,0.8875278234481812
VTM-004392,DG-cd28b914392d,chalcopyrite,0,3,3,0.5467544794082642,0.3655584454536438,0.1948816478252411,0.05284961313009262,0.3867102861404419
VTM-004395,DG-b3495bc08c3b,chalcopyrite,0,3,0,0.5482231974601746,0.4768705368041992,0.2477901428937912,0.06313037872314453,0.21220895648002625
VTM-004397,DG-61d7630e52cd,chalcopyrite,0,3,3,0.5231671333312988,0.10250048339366913,0.061440251767635345,0.07795166969299316,0.7581076622009277
VTM-004403,DG-94ab2759d137,chalcopyrite,0,3,3,0.5104345083236694,0.010004982352256775,0.006630944088101387,0.005596772767603397,0.9777673482894897
VTM-004404,DG-47d8fd9dfca6,chalcopyrite,0,3,3,0.5315619707107544,0.02125290408730507,0.11855390667915344,0.19754265248775482,0.662650465965271
VTM-004405,DG-95f1e7570074,chalcopyrite,0,3,0,0.5292555093765259,0.6076748371124268,0.043017417192459106,0.019725117832422256,0.3295825719833374
VTM-004407,DG-1bf3d3b7ae53,chalcopyrite,0,3,3,0.5337347984313965,0.1647481918334961,0.12448019534349442,0.16601793467998505,0.5447536706924438
VTM-004416,DG-f4b897cc3bc8,chalcopyrite,0,3,2,0.507976233959198,0.0013811567332595587,0.010606782510876656,0.985397458076477,0.0026146245654672384
VTM-004417,DG-719d4b31ae6c,chalcopyrite,0,3,3,0.515229344367981,0.008977524936199188,0.013098527677357197,0.014380164444446564,0.9635437726974487
VTM-004418,DG-9aae3020dd0b,chalcopyrite,0,3,2,0.5249613523483276,0.17429524660110474,0.10278652608394623,0.49670273065567017,0.22621548175811768
VTM-004422,DG-379750c68c74,chalcopyrite,0,3,0,0.5452805757522583,0.42894670367240906,0.3645992875099182,0.040138304233551025,0.16631576418876648
VTM-004423,DG-9f1af7b13d2f,chalcopyrite,0,3,0,0.550068736076355,0.4335286617279053,0.4302728772163391,0.02338981069624424,0.11280863732099533
VTM-004431,DG-268c07fc4456,chalcopyrite,0,3,2,0.5290547609329224,0.014064629562199116,0.1847357600927353,0.5627659559249878,0.23843370378017426
VTM-004432,DG-08799787483b,chalcopyrite,0,3,3,0.5284708738327026,0.0013149502919986844,0.007499001920223236,0.016246430575847626,0.9749395847320557
VTM-004434,DG-c77be5eff59a,chalcopyrite,0,3,2,0.5405945777893066,0.2216413915157318,0.25984451174736023,0.34570586681365967,0.1728082001209259
VTM-004449,DG-5889b81635cb,goethite,0,3,3,0.5322858691215515,0.018251199275255203,0.0950152575969696,0.12451240420341492,0.762221097946167
VTM-004450,DG-abcb9813a0f9,goethite,0,3,3,0.5263049602508545,0.01386174000799656,0.031694598495960236,0.07421009242534637,0.8802335262298584
VTM-004453,DG-ac0814e1d2ce,goethite,0,3,3,0.5371829867362976,0.008516360074281693,0.07943317294120789,0.049475669860839844,0.8625748157501221
VTM-004462,DG-bd1a42e1d4c1,goethite,0,3,2,0.5073071718215942,0.017506854608654976,0.0415615513920784,0.7704272270202637,0.1705043613910675
VTM-004472,DG-baeb947c7617,goethite,0,3,3,0.508525013923645,0.023389704525470734,0.005380935035645962,0.028278842568397522,0.9429504871368408
VTM-004473,DG-f6eacbcdec2a,goethite,0,3,3,0.5051187872886658,0.008739687502384186,0.003377830144017935,0.030443377792835236,0.957439124584198
VTM-004474,DG-04127e857354,goethite,0,3,3,0.513461172580719,0.03045232594013214,0.01581081934273243,0.366157203912735,0.5875796675682068
VTM-004475,DG-704bffc2fc01,goethite,0,3,3,0.5076005458831787,0.029314689338207245,0.009728804230690002,0.08261165022850037,0.8783448934555054
VTM-004480,DG-d999cbdf9b4b,goethite,0,3,1,0.53925621509552,0.006806560792028904,0.9295153617858887,0.0058535318821668625,0.057824552059173584
VTM-004482,DG-162780054af3,goethite,0,3,3,0.5142220854759216,0.007648903876543045,0.019695069640874863,0.08475599437952042,0.8879000544548035
VTM-004485,DG-33a4a9142c46,goethite,0,3,0,0.3843821883201599,0.5036073923110962,0.017010660842061043,0.03337489441037178,0.4460070729255676
VTM-004487,DG-9fff6f03fdf4,goethite,0,3,1,0.5461857914924622,0.05381673574447632,0.4227871894836426,0.2560642957687378,0.2673318684101105
VTM-004488,DG-2decccec0010,goethite,0,3,3,0.5419424176216125,0.03324339911341667,0.2507619261741638,0.17287848889827728,0.5431162118911743
VTM-004498,DG-bf44617a6ab2,goethite,0,3,3,0.5258452892303467,0.024644332006573677,0.02691412903368473,0.16658347845077515,0.7818580865859985
VTM-004504,DG-c1aa704d2a6e,goethite,0,3,3,0.5335344076156616,0.41083264350891113,0.08536183834075928,0.06698893010616302,0.43681657314300537
VTM-004515,DG-1c6542948e6f,goethite,0,3,3,0.522864818572998,0.21445398032665253,0.043638862669467926,0.030047301203012466,0.7118598222732544
VTM-004518,DG-f9fe66c5becf,goethite,0,3,3,0.547947347164154,0.15370409190654755,0.26652586460113525,0.015677353367209435,0.564092755317688
VTM-004525,DG-bbaadd195115,goethite,0,3,1,0.5374759435653687,0.020872028544545174,0.5393706560134888,0.40252548456192017,0.03723178803920746
VTM-004532,DG-1958ad54fa3a,goethite,0,3,1,0.5498915314674377,0.009667955338954926,0.5555509924888611,0.04928432032465935,0.38549676537513733
VTM-004541,DG-5544322fe5dc,goethite,0,3,3,0.5506397485733032,0.2494494616985321,0.3248637020587921,0.03982546180486679,0.3858613669872284
VTM-004542,DG-566bb1ba97ab,goethite,0,3,0,0.5233613848686218,0.9405678510665894,0.030310282483696938,0.008164933882653713,0.02095688506960869
VTM-004544,DG-5dee52144675,goethite,0,3,3,0.5471518039703369,0.153468519449234,0.17929017543792725,0.013708507642149925,0.6535327434539795
VTM-004549,DG-a434ef073065,goethite,0,3,3,0.5193933248519897,0.03961292654275894,0.03626842424273491,0.3133598566055298,0.6107587814331055
VTM-004554,DG-d8c270e4d550,goethite,0,3,1,0.5538923740386963,0.1960955262184143,0.46554815769195557,0.03663528338074684,0.3017210364341736
VTM-004555,DG-6b39bbdc8ae5,goethite,0,3,1,0.5484791994094849,0.054898202419281006,0.7179017663002014,0.15648230910301208,0.07071777433156967
VTM-004557,DG-cc9475356267,goethite,0,3,3,0.510520339012146,0.0010580118978396058,0.0004920638748444617,0.0003934381529688835,0.9980564117431641
VTM-004565,DG-0b9ec2c49631,goethite,0,3,1,0.5521751642227173,0.1919587105512619,0.497799813747406,0.08293347805738449,0.2273080050945282
VTM-004566,DG-a96f9eb81289,goethite,0,3,1,0.5434587001800537,0.012627586722373962,0.8395340442657471,0.11396826803684235,0.03387007489800453
VTM-004568,DG-ea98ad0adeb4,goethite,0,3,3,0.5435230731964111,0.030348584055900574,0.18613725900650024,0.055914875119924545,0.7275992631912231
VTM-004569,DG-6f14e9b225e4,goethite,0,3,3,0.5137950778007507,0.062166087329387665,0.02476789616048336,0.009232266806066036,0.9038337469100952
VTM-004572,DG-7a5dd27a3db7,goethite,0,3,3,0.5170554518699646,0.0012538458686321974,0.002037507016211748,0.00846538133919239,0.9882432818412781
VTM-004578,DG-53312f8ab848,goethite,0,3,3,0.5270812511444092,0.38611340522766113,0.042877182364463806,0.019436106085777283,0.5515732765197754
VTM-004591,DG-9b5d4c76e13f,goethite,0,3,1,0.5488299131393433,0.01012728177011013,0.7141503095626831,0.05607983469963074,0.2196425199508667
VTM-004594,DG-5e455ae2a2e5,goethite,0,3,3,0.5264039635658264,0.03250010311603546,0.06051521748304367,0.27573540806770325,0.6312493085861206
VTM-004611,DG-a1546a58cd91,goethite,0,3,1,0.539831280708313,0.03678111359477043,0.42228177189826965,0.4217061996459961,0.11923088878393173
VTM-004613,DG-89979111c25d,goethite,0,3,0,0.5479893088340759,0.42030617594718933,0.19915278255939484,0.02419402450323105,0.356346994638443
VTM-004615,DG-d29cacb74737,goethite,0,3,0,0.5243314504623413,0.8609325885772705,0.023535698652267456,0.005293190013617277,0.11023854464292526
VTM-004623,DG-ca33ccf007de,goethite,0,3,2,0.5121616721153259,0.016330115497112274,0.07123373448848724,0.7307785749435425,0.18165762722492218
VTM-004630,DG-210b75b316b3,goethite,0,3,3,0.5410965085029602,0.04745766520500183,0.1794150471687317,0.07956309616565704,0.6935641765594482
VTM-004650,DG-9815786e0c94,goethite,0,3,3,0.5250840783119202,0.06891220808029175,0.0783795639872551,0.031085742637515068,0.8216224908828735
VTM-004656,DG-5d17ac15c3f5,goethite,0,3,2,0.5282652378082275,0.011437359265983105,0.31482112407684326,0.607826828956604,0.06591469049453735
VTM-004659,DG-ec2dd91f462f,goethite,0,3,1,0.5397924184799194,0.006589533295482397,0.5210686326026917,0.38766396045684814,0.08467784523963928
VTM-004663,DG-a56f94524b55,goethite,0,3,0,0.539993941783905,0.6714894771575928,0.21799089014530182,0.02013649046421051,0.09038321673870087
VTM-004664,DG-b823dff07c3d,goethite,0,3,2,0.5202875137329102,0.0009553263080306351,0.08871860802173615,0.6780574917793274,0.23226860165596008
VTM-004665,DG-d672f6ddcf24,goethite,0,3,1,0.5526055693626404,0.08507135510444641,0.6332595348358154,0.04973878338932991,0.23193030059337616
VTM-004670,DG-ee8061b12d62,goethite,0,3,3,0.5466462969779968,0.2711717486381531,0.24634699523448944,0.15696410834789276,0.32551711797714233
VTM-004677,DG-7b1cc3374528,goethite,0,3,1,0.550325870513916,0.025313548743724823,0.6244352459907532,0.07058660686016083,0.27966463565826416
VTM-004683,DG-62ffe2cbfb7e,goethite,0,3,3,0.5164857506752014,0.0003449071373324841,0.0006777694215998054,0.00041697241249494255,0.9985603094100952
VTM-004686,DG-498985017e3d,goethite,0,3,3,0.5385727286338806,0.03955516591668129,0.1578194797039032,0.04983430355787277,0.7527910470962524
VTM-004695,DG-064bd74f8d66,goethite,0,3,3,0.5287531018257141,0.14786285161972046,0.08616387099027634,0.2324971854686737,0.5334761142730713
VTM-004699,DG-4983712b4f53,goethite,0,3,1,0.5495938658714294,0.2815149426460266,0.3820967972278595,0.09857730567455292,0.2378109097480774
VTM-004701,DG-3634551650f6,goethite,0,3,3,0.5243802666664124,0.04746784269809723,0.035638973116874695,0.028291672468185425,0.888601541519165
VTM-004713,DG-76a5d9ba4878,goethite,0,3,1,0.5422953963279724,0.030095038935542107,0.9391796588897705,0.006534947082400322,0.024190353229641914
VTM-004717,DG-bac81edd48be,goethite,0,3,1,0.5504342317581177,0.09858934581279755,0.6824743747711182,0.11065572500228882,0.10828059166669846
VTM-004722,DG-420c337bacad,hematite,0,3,3,0.5118833780288696,0.01635885424911976,0.00845050998032093,0.05253608897328377,0.9226545691490173
VTM-004735,DG-f51b38ebd2ce,hematite,0,3,1,0.5431631803512573,0.04164474084973335,0.914389431476593,0.014759195037186146,0.029206596314907074
VTM-004739,DG-6d00a5116720,hematite,0,3,0,0.5496488213539124,0.48240819573402405,0.28124332427978516,0.05003390461206436,0.18631455302238464
VTM-004742,DG-56afffc2c4f3,hematite,0,3,1,0.5350126624107361,0.0004950448637828231,0.9951973557472229,0.001203078543767333,0.003104556817561388
VTM-004751,DG-3f9343259002,hematite,0,3,0,0.531058132648468,0.5051185488700867,0.08319380134344101,0.3099595606327057,0.10172811150550842
VTM-004757,DG-94f14ee45fd9,hematite,0,3,3,0.5422430634498596,0.2668599486351013,0.2178596705198288,0.037238843739032745,0.4780415892601013
VTM-004768,DG-ef8c2ff8e925,hematite,0,3,3,0.5221206545829773,0.02873878739774227,0.017302365973591805,0.039633139967918396,0.9143257141113281
VTM-004776,DG-e649d7ebea33,hematite,0,3,3,0.5250828266143799,0.17519889771938324,0.04646376520395279,0.09006819128990173,0.6882691383361816
VTM-004783,DG-253d2482c921,hematite,0,3,1,0.5419230461120605,0.019897103309631348,0.9444127082824707,0.027221795171499252,0.00846846029162407
VTM-004785,DG-f0a32bf60919,hematite,0,3,1,0.5465189814567566,0.12626296281814575,0.7459887862205505,0.02395021729171276,0.10379807651042938
VTM-004786,DG-f3a4e0b6555c,hematite,0,3,0,0.5377539992332458,0.43286988139152527,0.13678286969661713,0.026558805257081985,0.4037884473800659
VTM-004788,DG-965b2bf1d78a,hematite,0,3,2,0.541427493095398,0.19542603194713593,0.24837395548820496,0.32383930683135986,0.23236075043678284
VTM-004792,DG-f77fc972ec8c,hematite,0,3,0,0.5297689437866211,0.8135528564453125,0.09790340811014175,0.013208912685513496,0.0753348171710968
VTM-004801,DG-aebe66ef7240,hematite,0,3,1,0.5423760414123535,0.019173389300704002,0.9373124837875366,0.03584381192922592,0.0076703401282429695
VTM-004814,DG-9055b7cc284e,hematite,0,3,0,0.5320255160331726,0.7925430536270142,0.10874812304973602,0.017169471830129623,0.0815393477678299
VTM-004823,DG-8f3494190209,hematite,0,3,0,0.5357277989387512,0.5758285522460938,0.1316966712474823,0.06982886791229248,0.22264596819877625
VTM-004825,DG-80158b250c83,hematite,0,3,0,0.5447099804878235,0.378220796585083,0.21798643469810486,0.058894313871860504,0.3448984622955322
VTM-004826,DG-b7a0b5815b3e,hematite,0,3,3,0.5224502682685852,0.005001577083021402,0.023814063519239426,0.008333871141076088,0.9628505110740662
VTM-004839,DG-bcfdba1c3c5c,hematite,0,3,3,0.5492529273033142,0.2962327003479004,0.3198811411857605,0.02545500174164772,0.35843122005462646
VTM-004842,DG-150e4f6aae2e,hematite,0,3,2,0.5078569054603577,0.019327333196997643,0.02278696559369564,0.6704261898994446,0.2874595522880554
VTM-004845,DG-3a7a27b4f2ac,hematite,0,3,1,0.5475683808326721,0.317923903465271,0.3418559432029724,0.20569513738155365,0.13452494144439697
VTM-004854,DG-69246049f0d8,hematite,0,3,3,0.5283979177474976,0.01232730969786644,0.04038908705115318,0.027550220489501953,0.9197334051132202
VTM-004855,DG-18aac18a56ef,hematite,0,3,3,0.5326154232025146,0.1599973887205124,0.09226261079311371,0.10190999507904053,0.6458300352096558
VTM-004858,DG-ceaef9a35d40,hematite,0,3,3,0.5345669388771057,0.020668402314186096,0.10434521734714508,0.21836796402931213,0.6566183567047119
VTM-004860,DG-2778a0b9723d,hematite,0,3,3,0.5293477773666382,0.07564674317836761,0.12130194157361984,0.13941815495491028,0.6636332273483276
VTM-004864,DG-00dd679f3312,hematite,0,3,0,0.5438482761383057,0.40437495708465576,0.2867368459701538,0.21309861540794373,0.0957895815372467
VTM-004875,DG-1d354621213a,hematite,0,3,1,0.5461138486862183,0.33460482954978943,0.43644940853118896,0.1954747438430786,0.033471059054136276
VTM-004878,DG-faf2e184df1b,hematite,0,3,3,0.52535480260849,0.29700368642807007,0.055314935743808746,0.008440503850579262,0.6392408609390259
VTM-004882,DG-769f57cd2cf8,hematite,0,3,0,0.5454530715942383,0.46522462368011475,0.25623276829719543,0.040918994694948196,0.23762360215187073
VTM-004888,DG-ad99a0f5aff2,hematite,0,3,3,0.5267423391342163,0.3223734200000763,0.03091621771454811,0.2582665681838989,0.38844382762908936
VTM-004890,DG-65936d1143ea,hematite,0,3,0,0.5421316623687744,0.4097503423690796,0.158410906791687,0.25644397735595703,0.17539474368095398
VTM-004893,DG-0dd74fec7b9f,hematite,0,3,0,0.5482797622680664,0.3556321859359741,0.2581248879432678,0.04954654723405838,0.3366963565349579
VTM-004894,DG-f62eaf3c0647,hematite,0,3,2,0.5156945586204529,0.12831783294677734,0.03161989152431488,0.5281261801719666,0.31193608045578003
VTM-004902,DG-604f861a8a8c,hematite,0,3,0,0.5462695956230164,0.420403391122818,0.23599231243133545,0.10648044943809509,0.23712384700775146
VTM-004910,DG-46b91cfaab7c,hematite,0,3,3,0.52643883228302,0.07705274224281311,0.04615439474582672,0.07205872237682343,0.8047341108322144
VTM-004917,DG-25d0a83898c6,hematite,0,3,1,0.5364746451377869,0.002314790152013302,0.9687058329582214,0.01857428438961506,0.010405143722891808
VTM-004930,DG-23e5de56e4c0,hematite,0,3,2,0.5357010960578918,0.0725673958659172,0.35781097412109375,0.486039936542511,0.08358168601989746
VTM-004937,DG-ab5809dd5da8,hematite,0,3,3,0.5491524338722229,0.25224560499191284,0.32229262590408325,0.056902386248111725,0.36855942010879517
VTM-004939,DG-c8e4fa42bc5c,hematite,0,3,0,0.5364589095115662,0.5699939727783203,0.10916196554899216,0.00815730169415474,0.3126867115497589
VTM-004941,DG-821d8a7f1feb,hematite,0,3,0,0.550398588180542,0.34161925315856934,0.33337485790252686,0.05564047396183014,0.26936542987823486
VTM-004953,DG-974ef309f918,hematite,0,3,1,0.5538362264633179,0.03988277167081833,0.6471130847930908,0.09491493552923203,0.21808919310569763
VTM-004959,DG-d491c306fa10,hematite,0,3,0,0.5355457663536072,0.787948489189148,0.1870654821395874,0.01434563659131527,0.010640356689691544
VTM-004965,DG-ec5605c40be2,hematite,0,3,0,0.5369118452072144,0.32622283697128296,0.1264181137084961,0.2243088185787201,0.32305026054382324
VTM-004966,DG-67f97c86afca,hematite,0,3,3,0.5260279774665833,0.04767078161239624,0.05648323893547058,0.010178197175264359,0.8856678009033203
VTM-004970,DG-5d84fd7431ec,hematite,0,3,1,0.5482942461967468,0.03109988383948803,0.6906717419624329,0.14174538850784302,0.13648299872875214
VTM-004978,DG-c1d8c5df3846,hematite,0,3,3,0.5263503193855286,0.10668410360813141,0.03978271037340164,0.24971696734428406,0.6038162708282471
VTM-004980,DG-7d3162471b4a,hematite,0,3,2,0.5407291054725647,0.2618340253829956,0.29163289070129395,0.3594098687171936,0.08712325990200043
VTM-004983,DG-ad7d28354932,hematite,0,3,0,0.5455098152160645,0.4989359676837921,0.2731224298477173,0.021331503987312317,0.20661009848117828
VTM-004987,DG-f49f996beda9,hematite,0,3,3,0.5134152173995972,0.03605704754590988,0.027278538793325424,0.015871988609433174,0.9207924604415894
VTM-004998,DG-a2b8bf8028b9,hematite,0,3,1,0.5556953549385071,0.12129420042037964,0.5865642428398132,0.023457925766706467,0.26868361234664917
VTM-005005,DG-6e60bb077167,hematite,0,3,3,0.5111638903617859,0.07897760719060898,0.008699941448867321,0.03030915930867195,0.8820133209228516
VTM-005007,DG-c33ec218e14c,hematite,0,3,1,0.5489315390586853,0.053242653608322144,0.6207635402679443,0.21301785111427307,0.11297596991062164
VTM-005009,DG-80d9a06a5bdb,hematite,0,3,1,0.5474116802215576,0.11167645454406738,0.3624989986419678,0.19301828742027283,0.33280622959136963
VTM-005011,DG-9f846ac38613,hematite,0,3,2,0.5092887878417969,0.009716037660837173,0.0729752629995346,0.8892770409584045,0.028031673282384872
VTM-005013,DG-004213fd6a05,hematite,0,3,0,0.5384988784790039,0.5918221473693848,0.10599006712436676,0.13608995079994202,0.16609787940979004
VTM-005014,DG-02f65976cc5c,hematite,0,3,1,0.5446918606758118,0.013211194425821304,0.8404752016067505,0.07428611814975739,0.0720275416970253
VTM-005015,DG-b8ee37c13b84,hematite,0,3,0,0.538628339767456,0.6874238848686218,0.13955454528331757,0.04140828922390938,0.13161328434944153
VTM-005017,DG-08624827eeb4,hematite,0,3,3,0.5219144225120544,0.06435628235340118,0.03220178931951523,0.2900133728981018,0.6134285926818848
VTM-005018,DG-3cc40d8eeec3,hematite,0,3,2,0.5341171622276306,0.38709744811058044,0.11566844582557678,0.4012284278869629,0.09600572288036346
VTM-005021,DG-5a0d013f29bc,hematite,0,3,2,0.5103074312210083,0.0181598924100399,0.08179184049367905,0.868325412273407,0.031722865998744965
VTM-005027,DG-a471068e7ddf,pyrite,0,3,2,0.5399652719497681,0.010916176252067089,0.2394569218158722,0.39837557077407837,0.35125136375427246
VTM-005033,DG-48018e5e27ec,pyrite,0,3,3,0.5375602841377258,0.06914089620113373,0.1529039740562439,0.011177286505699158,0.7667778730392456
VTM-005039,DG-1d2c37317895,pyrite,0,3,0,0.5385696291923523,0.46767717599868774,0.10022197663784027,0.011334056034684181,0.42076680064201355
VTM-005043,DG-1ae77cd6446f,pyrite,0,3,1,0.5459476709365845,0.006894067395478487,0.7854650020599365,0.06678471714258194,0.1408562958240509
VTM-005044,DG-885f1327cdad,pyrite,0,3,1,0.5489264130592346,0.025164183229207993,0.46436581015586853,0.21240800619125366,0.2980620265007019
VTM-005053,DG-afdd2cebd5ad,pyrite,0,3,0,0.5391627550125122,0.5096724629402161,0.10320340096950531,0.14017868041992188,0.24694544076919556
VTM-005054,DG-bebe81210f06,pyrite,0,3,0,0.5393097400665283,0.5148705244064331,0.14899592101573944,0.11415740847587585,0.221976175904274
VTM-005056,DG-93096a3f948d,pyrite,0,3,3,0.5295559763908386,0.20585128664970398,0.04277607798576355,0.08242307603359222,0.668949544429779
VTM-005057,DG-99844870524b,pyrite,0,3,2,0.5175477862358093,0.09603501856327057,0.08146654814481735,0.633591890335083,0.1889064908027649
VTM-005059,DG-58e451eb94e6,pyrite,0,3,1,0.5405762195587158,0.022716060280799866,0.9368865489959717,0.03461092710494995,0.0057865045964717865
VTM-005062,DG-3c5a676ef940,pyrite,0,3,1,0.5393109321594238,0.004846604540944099,0.9824216961860657,0.006307890173047781,0.006423828192055225
VTM-005068,DG-bc5b1867624d,pyrite,0,3,1,0.5310148000717163,0.0003249541041441262,0.9954332113265991,0.0007753794780001044,0.0034664571285247803
VTM-005075,DG-81dcb9b47254,pyrite,0,3,3,0.536957323551178,0.25792476534843445,0.11682730913162231,0.14876800775527954,0.4764798879623413
VTM-005084,DG-6c407e904c0f,pyrite,0,3,1,0.5490618944168091,0.17626887559890747,0.4662962555885315,0.18045225739479065,0.176982581615448
VTM-005085,DG-12fcd338d127,pyrite,0,3,1,0.5449598431587219,0.08707030862569809,0.8844615817070007,0.023318499326705933,0.005149638745933771
VTM-005087,DG-40b31d56e866,pyrite,0,3,1,0.551306426525116,0.2078571915626526,0.7364243865013123,0.008279283531010151,0.047439124435186386
VTM-005089,DG-d8242605da4b,pyrite,0,3,3,0.5208601951599121,0.0052565112709999084,0.010903607122600079,0.002348652109503746,0.981491208076477
VTM-005097,DG-1d67319747fd,pyrite,0,3,0,0.5250191688537598,0.9221794009208679,0.041969478130340576,0.014420870691537857,0.021430253982543945
VTM-005108,DG-60845d11361a,pyrite,0,3,3,0.5339652299880981,0.010549915954470634,0.06755450367927551,0.029658351093530655,0.8922371864318848
VTM-005109,DG-a9fa486f4e05,pyrite,0,3,3,0.5115270018577576,0.08342793583869934,0.015525050461292267,0.020515888929367065,0.8805311322212219
VTM-005111,DG-c9c7f1af00da,pyrite,0,3,3,0.5060303211212158,0.0022796927951276302,0.0014103329740464687,0.0033771037124097347,0.992932915687561
VTM-005116,DG-bf8e5fdfdbbd,pyrite,0,3,3,0.534595251083374,0.0016278848052024841,0.03262178972363472,0.017072269693017006,0.9486780762672424
VTM-005123,DG-4b94ec7288ff,pyrite,0,3,0,0.5323951244354248,0.7200786471366882,0.07378033548593521,0.006207980215549469,0.19993305206298828
VTM-005126,DG-35c61aeaf99c,pyrite,0,3,0,0.5424471497535706,0.4986737370491028,0.20678623020648956,0.011542458087205887,0.28299757838249207
VTM-005128,DG-4aa68311e4f9,pyrite,0,3,3,0.5236024856567383,0.003067786106839776,0.012589926831424236,0.0005028201267123222,0.9838393926620483
VTM-005130,DG-834f56988167,pyrite,0,3,3,0.5337820053100586,0.0007299454882740974,0.0177721306681633,0.015084286220371723,0.966413676738739
VTM-005132,DG-db5c3921883f,pyrite,0,3,2,0.5303292274475098,0.22029975056648254,0.1386759877204895,0.4371561110019684,0.20386818051338196
VTM-005141,DG-8c934d87db0a,pyrite,0,3,1,0.5486540198326111,0.10248792171478271,0.3558814227581024,0.19879527390003204,0.34283536672592163
VTM-005154,DG-7e60ce337608,pyrite,0,3,3,0.5472577214241028,0.0006512310355901718,0.15656352043151855,0.024456439539790154,0.8183287978172302
VTM-005158,DG-57a469d30a7f,pyrite,0,3,3,0.523291289806366,0.0055141570046544075,0.015036417171359062,0.004013015888631344,0.9754363894462585
VTM-005174,DG-a499df07f08c,pyrite,0,3,0,0.5330072045326233,0.5203268527984619,0.062151290476322174,0.1034531444311142,0.3140687942504883
VTM-005184,DG-20dc4e724938,pyrite,0,3,3,0.5296279191970825,0.14362508058547974,0.06899778544902802,0.01518087089061737,0.7721962332725525
VTM-005185,DG-b02bcb8f8157,pyrite,0,3,3,0.5119079947471619,0.017272673547267914,0.003626087913289666,0.02128954976797104,0.957811713218689
VTM-005190,DG-002d42194900,pyrite,0,3,3,0.5444451570510864,0.26249733567237854,0.19105207920074463,0.06760668754577637,0.4788438677787781
VTM-005194,DG-fd4dfd469cf8,pyrite,0,3,1,0.5484756231307983,0.01440061442553997,0.7978830337524414,0.02930564060807228,0.15841075778007507
VTM-005199,DG-7e48265bce06,pyrite,0,3,2,0.523759126663208,0.013338848948478699,0.05184166878461838,0.5297677516937256,0.40505173802375793
VTM-005210,DG-6042ca49a613,pyrite,0,3,3,0.5049956440925598,0.003641180694103241,0.000855655875056982,0.0008282761555165052,0.9946749210357666
VTM-005214,DG-dadf133cc975,pyrite,0,3,3,0.5214512348175049,0.17810896039009094,0.04272926598787308,0.02126573771238327,0.7578960657119751
VTM-005218,DG-0e7b04e1f7bd,pyrite,0,3,3,0.538192093372345,0.004912114702165127,0.13281765580177307,0.043399617075920105,0.8188706040382385
VTM-005227,DG-8998dcab4285,pyrite,0,3,1,0.5515926480293274,0.244487464427948,0.5213028192520142,0.06710118800401688,0.16710853576660156
VTM-005232,DG-dca0bf0df100,pyrite,0,3,1,0.5520862936973572,0.010442721657454967,0.6527768969535828,0.10427545011043549,0.2325049340724945
VTM-005237,DG-1ca72868977d,pyrite,0,3,2,0.5275073051452637,0.003847715677693486,0.2103801667690277,0.6087384223937988,0.1770336925983429
VTM-005243,DG-43b4714f32a0,pyrite,0,3,3,0.5411262512207031,0.03706222400069237,0.22172901034355164,0.18519151210784912,0.556017279624939
VTM-005245,DG-dcb832ddbd03,pyrite,0,3,1,0.5444054007530212,0.014821875840425491,0.5242336988449097,0.32029062509536743,0.1406538039445877
VTM-005249,DG-58bedd854c09,pyrite,0,3,3,0.5287919640541077,0.01371549442410469,0.07928308844566345,0.019471973180770874,0.8875294327735901
VTM-005255,DG-58f9aca080f1,pyrite,0,3,3,0.5123535990715027,0.010732973925769329,0.015101343393325806,0.03643269091844559,0.937732994556427
VTM-005257,DG-94f7f62e4a46,pyrite,0,3,0,0.5476683974266052,0.43813806772232056,0.20425871014595032,0.07686804234981537,0.2807352542877197
VTM-005275,DG-3a4e65c23c9a,pyrite,0,3,3,0.5420405268669128,0.005766545422375202,0.17657169699668884,0.05121198296546936,0.7664498090744019
VTM-005282,DG-2dd8ac8470e7,pyrite,0,3,3,0.5447340607643127,0.0024172323755919933,0.13970623910427094,0.12026701867580414,0.7376095056533813
VTM-005283,DG-a457079ebc89,pyrite,0,3,2,0.5308851003646851,0.19339334964752197,0.15371128916740417,0.3606838881969452,0.29221147298812866
VTM-005285,DG-e75834ebe6df,pyrite,0,3,3,0.5351611971855164,0.09480340778827667,0.10235781222581863,0.007074994966387749,0.7957637310028076
VTM-005289,DG-2f8b0ab0f8ac,pyrite,0,3,0,0.3589980900287628,0.6271734833717346,0.14878469705581665,0.005840282887220383,0.2182016223669052
VTM-005293,DG-cee97aa553ab,pyrite,0,3,2,0.5326964855194092,0.02572488784790039,0.1780523657798767,0.4693199396133423,0.3269028067588806
VTM-005294,DG-8bc14bccae55,pyrite,0,3,2,0.526349663734436,0.07568428665399551,0.17579655349254608,0.5645896196365356,0.18392953276634216
VTM-005314,DG-0d47cae31fd5,pyrite,0,3,3,0.5310786366462708,0.01695021614432335,0.0799054354429245,0.24111145734786987,0.6620328426361084
VTM-005318,DG-5acaffb8ad39,pyrite,0,3,3,0.5358927845954895,0.29057276248931885,0.0808069184422493,0.04962695389986038,0.5789934396743774
VTM-005319,DG-5e7536848ebf,pyrite,0,3,2,0.5177891254425049,0.0032141467090696096,0.04012951999902725,0.5807462930679321,0.3759100139141083
VTM-005321,DG-90fc1041b1a1,pyrite,0,3,0,0.5380345582962036,0.4140295386314392,0.10356218367815018,0.12063305824995041,0.3617752194404602
VTM-005323,DG-624ea6fd1a89,pyrite,0,3,2,0.5158870816230774,0.04776191711425781,0.034532736986875534,0.5101170539855957,0.40758830308914185
VTM-005325,DG-12007c5eab6a,pyrite,0,3,3,0.547548770904541,0.15975090861320496,0.29162466526031494,0.1328555792570114,0.4157688617706299
VTM-005328,DG-5fad50ff3fdf,anatase,0,1,1,0.5385751128196716,0.006257748231291771,0.9671313762664795,0.018211424350738525,0.00839947909116745
VTM-005332,DG-09cce3d50332,anatase,0,1,1,0.5529685616493225,0.09897342324256897,0.5885945558547974,0.0894717276096344,0.22296033799648285
VTM-005333,DG-0074b2b9fa22,anatase,0,1,1,0.5474820733070374,0.15417073667049408,0.8003194332122803,0.015185446478426456,0.030324339866638184
VTM-005342,DG-b119c3a95897,anatase,0,1,0,0.5377941727638245,0.4460196793079376,0.10486151278018951,0.05215201526880264,0.39696675539016724
VTM-005346,DG-a212476f0e24,anatase,0,1,1,0.5491323471069336,0.12779192626476288,0.6177791357040405,0.15587419271469116,0.09855470061302185
VTM-005357,DG-083df4bcf1b6,anatase,0,1,1,0.5367878079414368,0.0019280151464045048,0.9946289658546448,0.0012297199573367834,0.0022132748272269964
VTM-005359,DG-e61d0c41d97f,anatase,0,1,1,0.5425505638122559,0.01886487565934658,0.7350438833236694,0.22210708260536194,0.02398417517542839
VTM-005376,DG-30625b154404,anatase,0,1,1,0.5400307774543762,0.017112253233790398,0.9493230581283569,0.018020667135715485,0.015544041991233826
VTM-005378,DG-5b021d05121c,anatase,0,1,3,0.5490074157714844,0.005182879976928234,0.23802243173122406,0.10197369009256363,0.6548210382461548
VTM-005387,DG-80f391e1da4e,anatase,0,1,1,0.5439071655273438,0.02807573601603508,0.8340746760368347,0.09184995293617249,0.04599963128566742
VTM-005397,DG-d433d69a75eb,anatase,0,1,1,0.5485938787460327,0.15925246477127075,0.611587643623352,0.15863969922065735,0.07052011787891388
VTM-005399,DG-bc2a2ec78e86,anatase,0,1,1,0.545488715171814,0.09733554720878601,0.892740786075592,0.0018153951968997717,0.008108219131827354
VTM-005401,DG-a38782d1a9f8,anatase,0,1,2,0.5213156938552856,0.009755542501807213,0.25718551874160767,0.7151562571525574,0.017902638763189316
VTM-005403,DG-ae68f6ca0273,anatase,0,1,3,0.545859158039093,0.333319753408432,0.1530553102493286,0.11408647149801254,0.399538516998291
VTM-005404,DG-b9c06f4c6d67,anatase,0,1,1,0.5452319383621216,0.19216272234916687,0.746807336807251,0.04662980139255524,0.014400126412510872
VTM-005405,DG-ea66f8d9f640,anatase,0,1,0,0.5361828207969666,0.6969031095504761,0.1261320859193802,0.006812336388975382,0.17015251517295837
VTM-005408,DG-cb08d8ff5d8d,anatase,0,1,1,0.5413042902946472,0.024166760966181755,0.9480654001235962,0.003757908008992672,0.024009983986616135
VTM-005409,DG-8bad2ba4fe15,anatase,0,1,1,0.5405413508415222,0.01400795392692089,0.969793438911438,0.0015132385306060314,0.01468539610505104
VTM-005413,DG-b7ba5434e7cc,anatase,0,1,1,0.543295681476593,0.017541181296110153,0.7121158242225647,0.23398509621620178,0.036357879638671875
VTM-005423,DG-4c7d5ac23365,anatase,0,1,1,0.548556387424469,0.05999641492962837,0.8043502569198608,0.047495756298303604,0.08815760165452957
VTM-005426,DG-ee8f9ef44b62,anatase,0,1,1,0.541857898235321,0.046529870480298996,0.9164165258407593,0.011787108145654202,0.025266442447900772
VTM-005442,DG-f69862dc0fd6,anatase,0,1,0,0.503628134727478,0.40255075693130493,0.3895617127418518,0.0050460463389754295,0.20284152030944824
VTM-005445,DG-b43ea7f3a313,anatase,0,1,0,0.5409600138664246,0.4038771390914917,0.13151632249355316,0.16153377294540405,0.3030726909637451
VTM-005448,DG-d41fda0ff8c6,anatase,0,1,1,0.548450231552124,0.22975605726242065,0.6168545484542847,0.025496743619441986,0.1278926283121109
VTM-005451,DG-491d3a625821,anatase,0,1,1,0.543765127658844,0.051400281488895416,0.9188967943191528,0.009076717309653759,0.020626205950975418
VTM-005455,DG-5bb759787924,anatase,0,1,1,0.5398107767105103,0.014394773170351982,0.9320895671844482,0.006053411867469549,0.04746229946613312
VTM-005458,DG-50f1e9505f76,anatase,0,1,1,0.5373722314834595,0.0234341099858284,0.49570345878601074,0.4330156445503235,0.04784679412841797
VTM-005460,DG-53183cc0ba4f,anatase,0,1,1,0.5479680895805359,0.01429908536374569,0.6948319673538208,0.16587665677070618,0.124992236495018
VTM-005465,DG-28a3b618a89f,anatase,0,1,1,0.5486288070678711,0.018871106207370758,0.774114727973938,0.013609044253826141,0.19340509176254272
VTM-005469,DG-3398e7cd0924,anatase,0,1,1,0.5391926765441895,0.004435265436768532,0.8437195420265198,0.14062555134296417,0.011219642125070095
VTM-005478,DG-dd5681c77e0c,anatase,0,1,1,0.5395224094390869,0.003568644169718027,0.8193621635437012,0.1631728708744049,0.013896266929805279
VTM-005484,DG-637e2ff90c73,anatase,0,1,1,0.5500690340995789,0.09827937185764313,0.6193883419036865,0.10714490711688995,0.17518743872642517
VTM-005487,DG-917cd118cbf7,anatase,0,1,0,0.5431038737297058,0.6050688624382019,0.34956854581832886,0.008521289564669132,0.036841318011283875
VTM-005498,DG-b603483eda18,anatase,0,1,2,0.5104047656059265,0.010996878147125244,0.08193331956863403,0.8569509983062744,0.0501188263297081
VTM-005505,DG-146e87255e33,anatase,0,1,1,0.5430027842521667,0.03772967308759689,0.5458441376686096,0.3546244502067566,0.06180177256464958
VTM-005512,DG-556cc408206b,anatase,0,1,1,0.5402036905288696,0.012335330247879028,0.9457746744155884,0.023566309362649918,0.018323618918657303
VTM-005513,DG-0b7196629afe,anatase,0,1,1,0.5500580668449402,0.017176976427435875,0.7352941036224365,0.07212872058153152,0.17540016770362854
VTM-005521,DG-2737c9d421da,anatase,0,1,1,0.540073573589325,0.003726397408172488,0.8489458560943604,0.13953068852424622,0.0077970921993255615
VTM-005522,DG-d716ebd0e882,anatase,0,1,1,0.5475119352340698,0.08303315192461014,0.7547714114189148,0.07369109988212585,0.08850432932376862
VTM-005530,DG-c0386a4a37a3,anatase,0,1,1,0.5408004522323608,0.019449420273303986,0.9603167176246643,0.013051846995949745,0.007182000204920769
VTM-005547,DG-7ec473183a7f,anatase,0,1,1,0.5437366962432861,0.070943184196949,0.9050241708755493,0.010283242911100388,0.013749444857239723
VTM-005552,DG-4e499ebb87a9,anatase,0,1,1,0.5525287985801697,0.165255606174469,0.6308948993682861,0.11654786765575409,0.08730167150497437
VTM-005555,DG-2431c71db8f9,anatase,0,1,1,0.5396488308906555,0.002954057650640607,0.9771968126296997,0.017114799469709396,0.0027342690154910088
VTM-005558,DG-1e86056ba2d6,anatase,0,1,1,0.5390526652336121,0.0032845623791217804,0.698222279548645,0.29578137397766113,0.0027117966674268246
VTM-005561,DG-a8b28d967905,anatase,0,1,1,0.5415968894958496,0.08881824463605881,0.9046663045883179,0.003244770225137472,0.003270654007792473
VTM-005563,DG-72b70ff285e9,anatase,0,1,1,0.5430387854576111,0.021508697420358658,0.8445765972137451,0.10687050223350525,0.027044225484132767
VTM-005568,DG-a2ffe036094e,anatase,0,1,1,0.544813871383667,0.14472365379333496,0.7945895195007324,0.03672739490866661,0.023959405720233917
VTM-005570,DG-99d53ddabd05,anatase,0,1,1,0.539154589176178,0.002837901934981346,0.9925933480262756,0.003250319045037031,0.0013184258714318275
VTM-005571,DG-b5e491db2458,anatase,0,1,1,0.5427716374397278,0.02488746866583824,0.8940372467041016,0.016750779002904892,0.06432456523180008
VTM-005572,DG-b1ac96405b6f,anatase,0,1,1,0.5480835437774658,0.2327558696269989,0.33292317390441895,0.2524458169937134,0.18187519907951355
VTM-005586,DG-4b15eba1dfab,anatase,0,1,3,0.5508633255958557,0.01477253157645464,0.3755147457122803,0.10248561203479767,0.5072270631790161
VTM-005594,DG-ad65af40f967,anatase,0,1,1,0.5418035984039307,0.016891181468963623,0.9186092615127563,0.043539926409721375,0.020959606394171715
VTM-005617,DG-516e624d4b18,anatase,0,1,1,0.5430774688720703,0.00988774187862873,0.8660881519317627,0.029724929481744766,0.09429917484521866
VTM-005621,DG-b799dbed84bb,anatase,0,1,1,0.5370790362358093,0.0025890127290040255,0.9860705137252808,0.005870918743312359,0.0054695275612175465
VTM-005623,DG-3ce35705ae4e,anatase,0,1,0,0.5339271426200867,0.796876847743988,0.14385762810707092,0.010295598767697811,0.048969924449920654
VTM-005626,DG-ced3f034947d,anatase,0,1,1,0.5317423343658447,0.00022648111917078495,0.9941729307174683,0.0015425992896780372,0.004057981073856354
VTM-005638,DG-59e46a2127a9,anatase,0,1,1,0.5443576574325562,0.005778742954134941,0.8414441347122192,0.0186835415661335,0.13409358263015747
VTM-005642,DG-9c94a31bbfea,anatase,0,1,2,0.5231480002403259,0.0031955197919160128,0.3204073905944824,0.6717847585678101,0.004612256772816181
VTM-005643,DG-5846ebd32a5e,anatase,0,1,1,0.5470848679542542,0.1370530128479004,0.5896272659301758,0.19669845700263977,0.07662123441696167
VTM-005647,DG-345bb3f8cf03,anatase,0,1,1,0.5381717085838318,0.0011252820258960128,0.9960852265357971,0.001309047220274806,0.0014804424718022346
VTM-005657,DG-8e491c68e772,anatase,0,1,1,0.5444138050079346,0.06286346167325974,0.8937739133834839,0.022098641842603683,0.021263986825942993
VTM-005659,DG-ac7e3430ef79,anatase,0,1,1,0.5463480949401855,0.21276529133319855,0.3177024722099304,0.218235045671463,0.2512972354888916
VTM-005661,DG-bd822846b5d3,anatase,0,1,1,0.5419886112213135,0.007645098492503166,0.7841543555259705,0.1897452473640442,0.018455326557159424
VTM-005669,DG-d020b472f9b0,anatase,0,1,1,0.5419339537620544,0.03206498548388481,0.9260748624801636,0.027741681784391403,0.014118488878011703
VTM-005671,DG-d3a234a42d04,anatase,0,1,1,0.5405153632164001,0.025370195508003235,0.9633779525756836,0.0020935109350830317,0.009158321656286716
VTM-005672,DG-a3ba3e32e3a4,anatase,0,1,3,0.5336511731147766,0.007402090355753899,0.05055902153253555,0.04584500938653946,0.8961938619613647
VTM-005677,DG-1756b320f36b,anatase,0,1,2,0.5159377455711365,0.03216696158051491,0.06201236695051193,0.5724056959152222,0.3334149718284607
VTM-005678,DG-8b59a7f34894,anatase,0,1,1,0.5414053201675415,0.015444135293364525,0.9589763879776001,0.005579403135925531,0.019999999552965164
VTM-005682,DG-713619ec862e,anatase,0,1,1,0.5435495376586914,0.058676935732364655,0.852441668510437,0.060882631689310074,0.02799883484840393
VTM-005686,DG-78aa342bd9f6,anatase,0,1,1,0.5409501791000366,0.01543483603745699,0.9329404830932617,0.04227837175130844,0.009346404112875462
VTM-005690,DG-04c6ad3632fd,anatase,0,1,1,0.5488259792327881,0.13377991318702698,0.6571308374404907,0.10515862703323364,0.10393066704273224
VTM-005691,DG-65a260104a5a,anatase,0,1,1,0.5480972528457642,0.045718125998973846,0.666408360004425,0.19446983933448792,0.09340369701385498
VTM-005692,DG-fbbe7f9885cd,anatase,0,1,2,0.533378541469574,0.001718275947496295,0.4082595109939575,0.5040521621704102,0.08597004413604736
VTM-005695,DG-86129bb026ef,anatase,0,1,1,0.5382261276245117,0.005698421970009804,0.987785279750824,0.0016118448693305254,0.0049044350162148476
VTM-005699,DG-20f6cb27f286,anatase,0,1,1,0.5425000190734863,0.013550465926527977,0.8639540672302246,0.08920934051275253,0.033286143094301224
VTM-005707,DG-eec2c1800964,anatase,0,1,1,0.535037100315094,0.00226908503100276,0.9819028377532959,0.0013470456469804049,0.014481058344244957
VTM-005710,DG-7806d4995e56,anatase,0,1,2,0.5156857967376709,0.013376723974943161,0.18376633524894714,0.7608331441879272,0.04202374070882797
VTM-005715,DG-acfc7cc85cb1,anatase,0,1,0,0.5502358675003052,0.3834732174873352,0.20402584969997406,0.06375254690647125,0.3487483263015747
VTM-005717,DG-d58ec01453f4,anatase,0,1,1,0.5388961434364319,0.00685036089271307,0.97071373462677,0.016414489597082138,0.006021353416144848
VTM-005720,DG-acfc7cc85cb1,anatase,0,1,1,0.5502762198448181,0.0947430282831192,0.4014005661010742,0.28464987874031067,0.21920646727085114
VTM-005721,DG-5819d089c4c6,anatase,0,1,1,0.5504974722862244,0.062289394438266754,0.6836467981338501,0.006553027778863907,0.24751071631908417
VTM-005726,DG-38a805efc962,anatase,0,1,1,0.5398293733596802,0.0010134270414710045,0.8362244367599487,0.13515037298202515,0.027611758559942245
VTM-005727,DG-5f53bc236448,anatase,0,1,1,0.5378026366233826,0.001367318443953991,0.9443250894546509,0.05056634545326233,0.003741204272955656
VTM-005732,DG-0e1fad042bd7,anatase,0,1,1,0.5405964851379395,0.034106943756341934,0.950432300567627,0.005380640737712383,0.010080164298415184
VTM-005744,DG-ca38cda4fae2,anatase,0,1,1,0.5481091141700745,0.1013217493891716,0.6401212215423584,0.04925961792469025,0.20929738879203796
VTM-005745,DG-5c1a21b638ff,anatase,0,1,1,0.5411233901977539,0.037872087210416794,0.6789578795433044,0.2673017978668213,0.015868259593844414
VTM-005746,DG-9e0f8778a6f7,anatase,0,1,0,0.5443692803382874,0.5145775079727173,0.2018432319164276,0.09607110172510147,0.18750816583633423
VTM-005751,DG-5d0f36bd5908,anatase,0,1,1,0.5424076914787292,0.017090924084186554,0.8637418746948242,0.08092324435710907,0.03824397176504135
VTM-005756,DG-3b51db28f48d,anatase,0,1,1,0.5493302941322327,0.12909558415412903,0.7862300872802734,0.007120898924767971,0.07755342125892639
VTM-005760,DG-2941b8f27636,anatase,0,1,1,0.5371299982070923,0.000863302149809897,0.9907232522964478,0.006768571212887764,0.001644923584535718
VTM-005770,DG-2d5c07465c62,anatase,0,1,1,0.5403283834457397,0.0156465582549572,0.9643044471740723,0.012685254216194153,0.007363766897469759
VTM-005774,DG-9ec4ec40c567,anatase,0,1,1,0.5487843751907349,0.09778176248073578,0.7759189009666443,0.06805199384689331,0.05824733525514603
VTM-005777,DG-174aa415d2ec,anatase,0,1,0,0.5473566651344299,0.5365159511566162,0.42507970333099365,0.0333811417222023,0.005023110657930374
VTM-005781,DG-9e81a009454c,anatase,0,1,1,0.5432640314102173,0.10042908787727356,0.8705326318740845,0.018768060952425003,0.010270200669765472
VTM-005789,DG-4f68a56f3e10,anatase,0,1,1,0.5405620336532593,0.014547954313457012,0.9461672306060791,0.01799686625599861,0.021287910640239716
VTM-005805,DG-eae3ed981d24,anatase,0,1,2,0.5207430124282837,0.000681641511619091,0.31327325105667114,0.683558464050293,0.0024866783060133457
VTM-005807,DG-e9df3f657a1d,anatase,0,1,1,0.5412407517433167,0.04184539616107941,0.9292702674865723,0.006856986321508884,0.022027336061000824
VTM-005814,DG-1be091ba6cbe,anatase,0,1,1,0.537040650844574,0.0009193381993100047,0.8423580527305603,0.14743737876415253,0.009285219013690948
VTM-005815,DG-04f09cb80678,anatase,0,1,1,0.5390629172325134,0.016757085919380188,0.9639244079589844,0.00905544776469469,0.010263033211231232
VTM-005817,DG-ec25e7241278,anatase,0,1,1,0.5367488265037537,0.0031402460299432278,0.9801477193832397,0.008568214252591133,0.008143757469952106
VTM-005824,DG-87b848eb7c59,anatase,0,1,1,0.5429234504699707,0.0401993989944458,0.8930098414421082,0.04704771935939789,0.019743066281080246
VTM-005825,DG-0a9f98d1512d,anatase,0,1,1,0.5396841764450073,0.0007423810311593115,0.8074226975440979,0.15625444054603577,0.035580478608608246
VTM-005829,DG-72f049b6a70a,anatase,0,1,1,0.5331389904022217,0.001087877550162375,0.9885724782943726,0.0008596449624747038,0.009480052627623081
VTM-005833,DG-53471fdc456b,anatase,0,1,1,0.551792562007904,0.25365394353866577,0.6519420146942139,0.03283656761050224,0.06156747788190842
VTM-005836,DG-e59f9c2f82d9,anatase,0,1,0,0.5353337526321411,0.5563119649887085,0.07322581112384796,0.12737441062927246,0.24308785796165466
VTM-005843,DG-9971cc2be60b,anatase,0,1,1,0.5412501096725464,0.00523407245054841,0.900577187538147,0.09153580665588379,0.0026529678143560886
VTM-005846,DG-af6dba2d4d01,anatase,0,1,1,0.5413966178894043,0.009747665375471115,0.8918190002441406,0.09156358242034912,0.006869722157716751
VTM-005847,DG-0cf1f3555416,anatase,0,1,1,0.5476362705230713,0.08579961955547333,0.7711734771728516,0.0740901306271553,0.06893672794103622
VTM-005854,DG-b3cd54094dcf,anatase,0,1,2,0.530005693435669,0.0015999842435121536,0.4819234311580658,0.5102767944335938,0.0061997584998607635
VTM-005866,DG-c7c48942d6ce,anatase,0,1,3,0.5227121114730835,0.1368100792169571,0.06480126082897186,0.009639404714107513,0.7887492179870605
VTM-005869,DG-e9bb136a9cf8,anatase,0,1,1,0.539827823638916,0.01207839697599411,0.9680793285369873,0.014766080304980278,0.005076118744909763
VTM-005871,DG-eab2b3fac603,anatase,0,1,1,0.5399214625358582,0.015859775245189667,0.9622151255607605,0.00514382217079401,0.016781281679868698
VTM-005872,DG-a5baa7a4bc65,anatase,0,1,3,0.5504503846168518,0.2296294867992401,0.29234781861305237,0.0335954949259758,0.44442716240882874
VTM-005876,DG-088726c25bc1,anatase,0,1,1,0.5511645674705505,0.19775724411010742,0.5412275791168213,0.10379770398139954,0.15721741318702698
VTM-005878,DG-579eca9cb2d6,anatase,0,1,1,0.5474571585655212,0.03556700795888901,0.8107987642288208,0.059776462614536285,0.09385780990123749
VTM-005883,DG-13a3caa49a59,anatase,0,1,1,0.5495446920394897,0.1082497388124466,0.7281992435455322,0.0732637569308281,0.09028728306293488
VTM-005884,DG-53eee68da881,anatase,0,1,2,0.5153337121009827,0.0011604923056438565,0.2127835601568222,0.7693904638290405,0.01666548103094101
VTM-005885,DG-2ae7725e28bb,anatase,0,1,1,0.5493810772895813,0.009686179459095001,0.5697447657585144,0.16438110172748566,0.25618791580200195
VTM-005896,DG-0f51f978cb94,anatase,0,1,1,0.5353843569755554,0.00021866883616894484,0.869539737701416,0.1282922327518463,0.0019494321895763278
VTM-005897,DG-71ec88dd661b,anatase,0,1,1,0.5489477515220642,0.38278645277023315,0.5339087843894958,0.030697952955961227,0.05260689556598663
VTM-005898,DG-deb6b29342cc,anatase,0,1,0,0.5424414873123169,0.624828577041626,0.34807655215263367,0.01522250659763813,0.011872335337102413
VTM-005903,DG-ae7c76abd0e7,anatase,0,1,1,0.5408943295478821,0.00533722247928381,0.8616936206817627,0.12632563710212708,0.006643583532422781
VTM-005908,DG-50f1936ab775,anatase,0,1,1,0.5409401059150696,0.015568191185593605,0.9623599052429199,0.014790099114179611,0.007281764410436153
VTM-005935,DG-f8fc1824da1b,anatase,0,1,2,0.5329247713088989,0.04991820454597473,0.38535112142562866,0.5387287139892578,0.026001952588558197
VTM-005946,DG-043ac1fee3d4,anatase,0,1,3,0.5478566884994507,0.08598081767559052,0.3873456120491028,0.02772744558751583,0.4989461600780487
VTM-005948,DG-265bfdb66536,anatase,0,1,1,0.5396564602851868,0.011722592636942863,0.975263237953186,0.007371481973677874,0.005642648786306381
VTM-005949,DG-a36fc7e75bdd,anatase,0,1,1,0.5382137894630432,0.002788640558719635,0.9196555614471436,0.06736363470554352,0.01019213441759348
VTM-005961,DG-1aced9ca1e30,anatase,0,1,1,0.5403062105178833,0.008922995068132877,0.9510477781295776,0.002067786641418934,0.0379614531993866
VTM-005962,DG-9344984427c6,anatase,0,1,1,0.5392642617225647,0.004011333454400301,0.6976146697998047,0.28822314739227295,0.010150816291570663
VTM-005967,DG-ff30bb1dfca2,anatase,0,1,1,0.5408137440681458,0.0075227040797472,0.7373840808868408,0.22461706399917603,0.030476126819849014
VTM-005972,DG-aca2dfc4a505,anatase,0,1,1,0.5384238362312317,0.0021648630499839783,0.9744348526000977,0.022172007709741592,0.00122828409075737
VTM-005978,DG-819ba6162e93,anatase,0,1,1,0.5425915122032166,0.022035649046301842,0.883324384689331,0.0070236679166555405,0.08761625736951828
VTM-005982,DG-63644a7ed37c,anatase,0,1,1,0.5370802283287048,0.0009694286854937673,0.6473119258880615,0.35064420104026794,0.001074411440640688
VTM-005987,DG-cc731ff0d7d1,anatase,0,1,0,0.5436877012252808,0.5979591012001038,0.32826411724090576,0.02194402739405632,0.05183282494544983
VTM-005990,DG-418900fddbbd,anatase,0,1,2,0.5324916839599609,0.006288090720772743,0.486152708530426,0.5009596943855286,0.00659951101988554
VTM-005991,DG-37ce58f9a71b,anatase,0,1,1,0.5450619459152222,0.03844936192035675,0.8045792579650879,0.08677026629447937,0.0702010914683342
VTM-005994,DG-33fccd751217,anatase,0,1,0,0.5361664295196533,0.4629281163215637,0.11252518743276596,0.07468202710151672,0.3498646914958954
VTM-005996,DG-187debedc378,anatase,0,1,1,0.5380319356918335,0.003856675699353218,0.9545832276344299,0.030742786824703217,0.010817324742674828
VTM-005997,DG-b691f6a4cccd,anatase,0,1,3,0.5363134145736694,0.00886920839548111,0.17493854463100433,0.3982129693031311,0.41797927021980286
VTM-006001,DG-95c5497ecb62,anatase,0,1,1,0.5492298603057861,0.05339740961790085,0.6453237533569336,0.15009421110153198,0.1511845737695694
VTM-006003,DG-9e1dce4c666e,anatase,0,1,1,0.5354793071746826,0.00460869399830699,0.9608861207962036,0.011583278886973858,0.02292182482779026
VTM-006007,DG-104b2c508b47,anatase,0,1,1,0.5402910113334656,0.014662918634712696,0.939629316329956,0.02988181635737419,0.015825990587472916
VTM-006008,DG-0ae4fd881765,anatase,0,1,1,0.5520709753036499,0.13607700169086456,0.7097591161727905,0.01610255241394043,0.1380612999200821
VTM-006011,DG-139cd479b6fc,anatase,0,1,1,0.5361545085906982,0.002454576548188925,0.6271165013313293,0.3589777946472168,0.011451151221990585
VTM-006017,DG-bd75fac5c82b,anatase,0,1,2,0.509391188621521,0.00030436518136411905,0.07668446004390717,0.9223951697349548,0.000615966971963644
VTM-006018,DG-c860d0248218,anatase,0,1,1,0.5407310128211975,0.01206898596137762,0.6017695069313049,0.3437389135360718,0.04242253676056862
VTM-006021,DG-ca17d7e11fdd,anatase,0,1,1,0.5416528582572937,0.009218276478350163,0.7677345275878906,0.20799067616462708,0.015056516975164413
VTM-006033,DG-f364e0776340,anatase,0,1,1,0.5418648719787598,0.013820989057421684,0.8640937805175781,0.10848113894462585,0.013604061678051949
VTM-006038,DG-70b20ffae56f,anatase,0,1,1,0.5469912886619568,0.03179154917597771,0.41103625297546387,0.18080031871795654,0.3763718605041504
VTM-006043,DG-5f48237b5d82,anatase,0,1,1,0.5475407838821411,0.05263720825314522,0.7917604446411133,0.10424251854419708,0.051359888166189194
VTM-006045,DG-95821c552aeb,anatase,0,1,3,0.5456607341766357,0.05988185107707977,0.3129462003707886,0.14495307207107544,0.482218861579895
VTM-006049,DG-1f15edf7d003,anatase,0,1,1,0.5420295596122742,0.027333758771419525,0.5041288137435913,0.3379194736480713,0.1306179165840149
VTM-006064,DG-325792353b9c,anatase,0,1,1,0.5416426062583923,0.011970637366175652,0.7542375326156616,0.2224903106689453,0.011301563121378422
VTM-006067,DG-2cdc6824216d,anatase,0,1,1,0.5348387360572815,0.0008345632813870907,0.9882823824882507,0.0066245500929653645,0.004258495755493641
VTM-006074,DG-9e8e45acb3bc,anatase,0,1,1,0.5396315455436707,0.003719460219144821,0.9768282175064087,0.01673639938235283,0.002715898212045431
VTM-006075,DG-482f84d024e3,anatase,0,1,1,0.5497295260429382,0.059716906398534775,0.4798400104045868,0.1411096155643463,0.3193334639072418
VTM-006079,DG-c4af61589769,anatase,0,1,2,0.5299925208091736,0.0011548022739589214,0.48532766103744507,0.5080652832984924,0.0054522790014743805
VTM-006096,DG-b807419f51c0,anatase,0,1,1,0.5462015867233276,0.055882032960653305,0.5845239162445068,0.2547686994075775,0.10482527315616608
VTM-006101,DG-34f9aa3cc4c2,anatase,0,1,1,0.5399632453918457,0.006722063757479191,0.9687650203704834,0.021959828212857246,0.0025531258434057236
VTM-006106,DG-bcde780e96a5,anatase,0,1,1,0.5444443225860596,0.018001306802034378,0.6927300691604614,0.23973171412944794,0.04953688383102417
VTM-006114,DG-7a98ed5a2f37,anatase,0,1,2,0.5057457089424133,0.007112778257578611,0.04793630540370941,0.9071888327598572,0.037762075662612915
VTM-006115,DG-96d5b67ed849,anatase,0,1,1,0.5408280491828918,0.015597660094499588,0.9232102632522583,0.026801221072673798,0.034390877932310104
VTM-006119,DG-a519b39a64a9,anatase,0,1,1,0.5517643094062805,0.030112210661172867,0.5926288366317749,0.11728587746620178,0.25997304916381836
VTM-006123,DG-473628e6ebc0,anatase,0,1,1,0.5387352705001831,0.008695757016539574,0.9594526290893555,0.015604940243065357,0.016246739774942398
VTM-006125,DG-4a806d32fad4,anatase,0,1,1,0.5376021862030029,0.004963305778801441,0.8972328901290894,0.06221846491098404,0.03558536246418953
VTM-006134,DG-268e20a41bdb,anatase,0,1,1,0.5394062995910645,0.004602011293172836,0.9495922327041626,0.04035268723964691,0.005453053861856461
VTM-006145,DG-8edd14eb12e9,anatase,0,1,1,0.5389556288719177,0.006241927854716778,0.6368408203125,0.3276726007461548,0.02924458682537079
VTM-006156,DG-949d12188648,anatase,0,1,0,0.5453993082046509,0.6248802542686462,0.26355767250061035,0.015596603974699974,0.0959654375910759
VTM-006161,DG-929f3459e00c,anatase,0,1,1,0.5410140752792358,0.01388038881123066,0.933380663394928,0.046229831874370575,0.006509115919470787
VTM-006163,DG-25ee34f11a10,anatase,0,1,1,0.5444737076759338,0.02373906783759594,0.726432204246521,0.2172088325023651,0.03261987492442131
VTM-006170,DG-8ec3c654c37f,anatase,0,1,1,0.538081705570221,0.001216934877447784,0.9914429783821106,0.0034943590871989727,0.0038457554765045643
VTM-006187,DG-3002da884dc4,anatase,0,1,1,0.545978844165802,0.043015219271183014,0.45133495330810547,0.27460139989852905,0.23104840517044067
VTM-006195,DG-9bdef8ad78aa,anatase,0,1,2,0.5261918902397156,0.00454877782613039,0.3714599609375,0.6082150936126709,0.015776125714182854
VTM-006197,DG-a8e2877674ec,anatase,0,1,1,0.5470671057701111,0.08505755662918091,0.6091070175170898,0.1845991611480713,0.12123628705739975
VTM-006201,DG-488fcfc9941e,anatase,0,1,2,0.523510754108429,0.0010581368114799261,0.35743486881256104,0.6253259181976318,0.0161810964345932
VTM-006215,DG-e3659b7f2ffc,anatase,0,1,1,0.5438826084136963,0.02406121790409088,0.6946364641189575,0.2287243753671646,0.05257795751094818
VTM-006216,DG-c67ecbfe12d4,anatase,0,1,2,0.5158143043518066,0.011359483003616333,0.17358052730560303,0.781588077545166,0.033471912145614624
VTM-006227,DG-e0afa4491647,anatase,0,1,2,0.5168360471725464,0.05546534061431885,0.12873446941375732,0.6750441789627075,0.1407560110092163
VTM-006229,DG-ef62715a621d,anatase,0,1,1,0.5488220453262329,0.058679889887571335,0.5581811666488647,0.2095472812652588,0.17359161376953125
VTM-006232,DG-c2e1b49c4eab,anatase,0,1,1,0.5405338406562805,0.007505711168050766,0.9195794463157654,0.06126192957162857,0.011652939952909946
VTM-006234,DG-d245a7bc4478,anatase,0,1,1,0.5393209457397461,0.0058374712243676186,0.9623138904571533,0.026175606995821,0.005673037376254797
VTM-006241,DG-5674bd5ac0ec,anatase,0,1,1,0.5457121729850769,0.016985943540930748,0.8545898795127869,0.05023902654647827,0.07818516343832016
VTM-006242,DG-e69012fa6495,anatase,0,1,1,0.5378574728965759,0.0012198842596262693,0.8697614669799805,0.12584075331687927,0.0031779762357473373
VTM-006246,DG-bf1e600c7bed,anatase,0,1,1,0.5444331169128418,0.09084343910217285,0.8807722330093384,0.01352663990110159,0.014857664704322815
VTM-006253,DG-b070be6e4bc0,anatase,0,1,1,0.5440551042556763,0.04367755353450775,0.8778125047683716,0.02282869443297386,0.0556812584400177
VTM-006266,DG-f8bf9864798b,anatase,0,1,1,0.5427191257476807,0.04659617319703102,0.6144914627075195,0.2814377546310425,0.05747455358505249
VTM-006274,DG-796ab43f6114,anatase,0,1,1,0.5479875802993774,0.0917614996433258,0.7549648880958557,0.11388003826141357,0.03939354419708252
VTM-006276,DG-eb341a6de4eb,anatase,0,1,1,0.5343197584152222,0.0003474681288935244,0.9935497641563416,0.0029847966507077217,0.0031179911457002163
VTM-006278,DG-16f936dd9298,anatase,0,1,1,0.5461270809173584,0.07842160761356354,0.6355150938034058,0.24392345547676086,0.04213985428214073
VTM-006282,DG-6918d9390f09,anatase,0,1,1,0.5468043684959412,0.42919957637786865,0.5403336882591248,0.002179557690396905,0.02828718163073063
VTM-006287,DG-3a3501476b61,anatase,0,1,1,0.5412644147872925,0.0490124374628067,0.9291201829910278,0.015465965494513512,0.006401435472071171
VTM-006296,DG-112d6e934f1b,anatase,0,1,1,0.5382130146026611,0.004217471461743116,0.9902161359786987,0.0010637810919433832,0.004502633586525917
VTM-006300,DG-979e6edfce44,anatase,0,1,1,0.5438776016235352,0.05988985300064087,0.5967921018600464,0.239556223154068,0.10376176983118057
VTM-006311,DG-aa46f4ad87d0,anatase,0,1,1,0.5353326201438904,0.0011216842103749514,0.9884265661239624,0.0036764757242053747,0.006775288842618465
VTM-006324,DG-1dc6871862db,anatase,0,1,1,0.5387016534805298,0.010100699961185455,0.9821369051933289,0.0024141937028616667,0.00534818647429347
VTM-006330,DG-fc214509b3bb,anatase,0,1,3,0.545123279094696,0.038707882165908813,0.23497119545936584,0.1798231601715088,0.5464978218078613
VTM-006345,DG-9e5474b4ad58,anatase,0,1,1,0.5495525002479553,0.064564049243927,0.49678388237953186,0.07769535481929779,0.36095672845840454
VTM-006349,DG-49efe37631ec,anatase,0,1,1,0.5494768023490906,0.11046970635652542,0.710515022277832,0.06403793394565582,0.11497729271650314
VTM-006356,DG-bf63801c3476,anatase,0,1,1,0.5386497378349304,0.0033946246840059757,0.7833035588264465,0.20869246125221252,0.004609350115060806
VTM-006363,DG-a6108475bdeb,anatase,0,1,3,0.5292474627494812,0.026533721014857292,0.07177887856960297,0.28896990418434143,0.6127175092697144
VTM-006371,DG-2e92eedabd9c,anatase,0,1,1,0.5342063307762146,0.0029995942022651434,0.9409741163253784,0.02510744147002697,0.030918851494789124
VTM-006373,DG-f1b1dceccc29,anatase,0,1,1,0.5451683402061462,0.07598155736923218,0.49197065830230713,0.3071245551109314,0.12492324411869049
VTM-006377,DG-c7e8605056a3,anatase,0,1,1,0.5419366955757141,0.010639728046953678,0.7357449531555176,0.2103601098060608,0.04325518012046814
VTM-006379,DG-a1b2af69f0d4,anatase,0,1,2,0.5257090330123901,0.0005806128610856831,0.43277662992477417,0.5597044229507446,0.006938281003385782
VTM-006384,DG-da953788905a,anatase,0,1,1,0.5498203039169312,0.33243876695632935,0.617172122001648,0.035106875002384186,0.015282206237316132
VTM-006390,DG-01b24e441a7a,anatase,0,1,1,0.5438148379325867,0.020665520802140236,0.7547975182533264,0.19245804846286774,0.03207894414663315
VTM-006392,DG-71d2815d1bd5,anatase,0,1,3,0.5506855249404907,0.00484453747048974,0.29621168971061707,0.1488836109638214,0.5500601530075073
VTM-006394,DG-d8d2ecff120b,anatase,0,1,1,0.5311759114265442,0.00021224850206635892,0.9940316677093506,0.0035219783894717693,0.002234141808003187
VTM-006395,DG-4198c77573ae,anatase,0,1,2,0.521117091178894,0.025126129388809204,0.23211541771888733,0.7134796380996704,0.029278770089149475
VTM-006397,DG-beb3d06894af,anatase,0,1,1,0.5391535758972168,0.009662125259637833,0.9676985740661621,0.010053792968392372,0.01258546207100153
VTM-006408,DG-2c1083b700a0,anatase,0,1,1,0.542914628982544,0.04633396863937378,0.8886419534683228,0.04903789237141609,0.01598612777888775
VTM-006409,DG-c37555994414,anatase,0,1,1,0.5376473665237427,0.001948794350028038,0.9825655221939087,0.012876779772341251,0.0026089181192219257
VTM-006415,DG-9e24ee739682,anatase,0,1,1,0.5533170104026794,0.2246788591146469,0.5610622763633728,0.07992154359817505,0.13433727622032166
VTM-006418,DG-30e2ec80c738,anatase,0,1,1,0.5381308197975159,0.003042460884898901,0.984760046005249,0.008470372296869755,0.0037271075416356325
VTM-006420,DG-9bda9a0160af,anatase,0,1,1,0.538391649723053,0.002604380249977112,0.9896870851516724,0.005148039665073156,0.0025604646652936935
VTM-006432,DG-3a4fa0633cb1,anatase,0,1,1,0.5492093563079834,0.14271581172943115,0.6957679986953735,0.041268106549978256,0.12024804949760437
VTM-006435,DG-f8d0a1c8c68d,anatase,0,1,1,0.5389173626899719,0.013823829591274261,0.9766302108764648,0.0007055572932586074,0.008840340189635754
VTM-006437,DG-39b47311c139,anatase,0,1,1,0.5384878516197205,0.0049021923914551735,0.989098072052002,0.0009209319832734764,0.005078835412859917
VTM-006442,DG-69f04811ed52,anatase,0,1,2,0.5308037996292114,0.025214791297912598,0.372847318649292,0.5790317058563232,0.022906215861439705
VTM-006445,DG-ce8b18e9b2a2,anatase,0,1,1,0.5402199029922485,0.0026502287946641445,0.9213582277297974,0.07302914559841156,0.002962440950796008
VTM-006449,DG-6445a784e0c6,anatase,0,1,1,0.5459792613983154,0.07351220399141312,0.8145657777786255,0.08109812438488007,0.030823860317468643
VTM-006461,DG-ad0165fc6794,anatase,0,1,1,0.5424029231071472,0.010749191045761108,0.8664429187774658,0.09283780306577682,0.029970157891511917
VTM-006466,DG-265eef3b3006,anatase,0,1,1,0.5316923260688782,0.0005004230188205838,0.9803024530410767,0.007811921648681164,0.011385191231966019
VTM-006467,DG-fb2944857aa6,anatase,0,1,1,0.5388164520263672,0.009190667420625687,0.9733046293258667,0.006193569861352444,0.01131113525480032
VTM-006471,DG-3e20b73fe28f,anatase,0,1,0,0.536659300327301,0.7685791850090027,0.1944250762462616,0.010638807900249958,0.026356928050518036
VTM-006476,DG-d9bc43ce4b7f,anatase,0,1,1,0.5447800755500793,0.06794214248657227,0.7279236316680908,0.17793476581573486,0.026199446991086006
VTM-006478,DG-a4bdb7f9591b,anatase,0,1,1,0.5445473194122314,0.0762934535741806,0.8870285749435425,0.027810074388980865,0.008867921307682991
VTM-006480,DG-b24501d7950f,anatase,0,1,3,0.5386236310005188,0.01729287952184677,0.13124679028987885,0.057368986308574677,0.7940913438796997
VTM-006488,DG-d391398b2da7,anatase,0,1,0,0.5314337015151978,0.8159317970275879,0.10926133394241333,0.031849171966314316,0.04295773804187775
VTM-006490,DG-a2f7e9929fc5,anatase,0,1,1,0.5391135811805725,0.00559577438980341,0.9837217330932617,0.009491121396422386,0.0011913320049643517
VTM-006500,DG-3e4e17e6ec8d,anatase,0,1,0,0.528454601764679,0.867129921913147,0.06834899634122849,0.010510710999369621,0.054010406136512756
VTM-006503,DG-db7c8c165e43,anatase,0,1,1,0.5477457046508789,0.3413437008857727,0.6378915905952454,0.014081621542572975,0.0066830990836024284
VTM-006504,DG-18b4c46bb671,anatase,0,1,1,0.5488947033882141,0.023239240050315857,0.5116168260574341,0.074641153216362,0.39050278067588806
VTM-006510,DG-87b52cf4b977,anatase,0,1,1,0.5399966239929199,0.005163931287825108,0.9823306798934937,0.010209912434220314,0.002295519458130002
VTM-006511,DG-86b871038077,anatase,0,1,2,0.5304810404777527,0.01402055099606514,0.37862735986709595,0.5595194101333618,0.04783271625638008
VTM-006516,DG-23b4f9d15b43,anatase,0,1,1,0.5495842695236206,0.3511321544647217,0.6050682067871094,0.024503592401742935,0.01929605007171631
VTM-006533,DG-1f903b18ddda,perovskite,0,1,1,0.545465350151062,0.031231693923473358,0.8701670169830322,0.06998728960752487,0.028614040464162827
VTM-006541,DG-835a801f23da,perovskite,0,1,1,0.5376881957054138,0.007317977957427502,0.597549557685852,0.38276225328445435,0.012370208278298378
VTM-006562,DG-35d50aa085e6,perovskite,0,1,1,0.5411191582679749,0.006596638821065426,0.7758755683898926,0.200504332780838,0.017023421823978424
VTM-006564,DG-644958babe8e,perovskite,0,1,1,0.5523314476013184,0.2875593900680542,0.6801871061325073,0.0062980493530631065,0.025955451652407646
VTM-006566,DG-f6239c05b656,perovskite,0,1,2,0.5230571627616882,0.0029081921093165874,0.18533359467983246,0.6600346565246582,0.15172357857227325
VTM-006570,DG-ca69ccc90dac,perovskite,0,1,1,0.53752201795578,0.0010311310179531574,0.9958211183547974,0.0017985282465815544,0.0013491378631442785
VTM-006575,DG-11ae31e5d33e,perovskite,0,1,0,0.532191812992096,0.7282394170761108,0.08344689011573792,0.025306183844804764,0.16300755739212036
VTM-006579,DG-03968fb48da1,perovskite,0,1,3,0.5431548357009888,0.16899453103542328,0.20389509201049805,0.10582751035690308,0.5212828516960144
VTM-006580,DG-78c669fe7d06,perovskite,0,1,2,0.5158079862594604,0.014167294837534428,0.17635700106620789,0.7864137887954712,0.023061901330947876
VTM-006591,DG-1d2cf2cae958,perovskite,0,1,0,0.5439711213111877,0.35257500410079956,0.2079647183418274,0.2024185061454773,0.23704181611537933
VTM-006592,DG-6a8bff671d50,perovskite,0,1,1,0.5381500720977783,0.00017822894733399153,0.9944418668746948,0.005150977522134781,0.0002289581170771271
VTM-006593,DG-6924e9fa7beb,perovskite,0,1,0,0.5369958281517029,0.4140320420265198,0.15750283002853394,0.33226150274276733,0.09620360285043716
VTM-006595,DG-a10bfe44f494,perovskite,0,1,1,0.5413539409637451,0.0025211330503225327,0.88511061668396,0.04524289816617966,0.06712532788515091
VTM-006596,DG-e959e1343827,perovskite,0,1,1,0.5405380725860596,0.05963218957185745,0.9246580600738525,0.007284246850758791,0.008425498381257057
VTM-006618,DG-e058c49622bc,perovskite,0,1,1,0.5386599898338318,0.0012453433591872454,0.8097422122955322,0.1712169051170349,0.01779552362859249
VTM-006630,DG-4869d5ae8f80,perovskite,0,1,1,0.5490229725837708,0.027625614777207375,0.7844457030296326,0.024793807417154312,0.1631348729133606
VTM-006635,DG-23594ab189e8,perovskite,0,1,1,0.5471603274345398,0.006789238657802343,0.8106724619865417,0.06420472264289856,0.1183336079120636
VTM-006639,DG-93f5dc1c4df2,perovskite,0,1,0,0.5291046500205994,0.86300128698349,0.08007249236106873,0.004126228392124176,0.05280004441738129
VTM-006644,DG-37761b327bb4,perovskite,0,1,1,0.54225754737854,0.006459525786340237,0.8682630062103271,0.11718180775642395,0.008095617406070232
VTM-006647,DG-8d8763f17b67,perovskite,0,1,0,0.5290970802307129,0.8534451127052307,0.13875925540924072,0.0008454284397885203,0.006950192153453827
VTM-006648,DG-d680a4d6e142,perovskite,0,1,1,0.5481364727020264,0.2843317687511444,0.3658680021762848,0.1278129369020462,0.2219873070716858
VTM-006653,DG-8acc97e99e5e,perovskite,0,1,2,0.536663830280304,0.06488746404647827,0.3921922445297241,0.44215652346611023,0.10076379776000977
VTM-006655,DG-39398201aeb2,perovskite,0,1,0,0.5383182764053345,0.7119619250297546,0.21487320959568024,0.04975148290395737,0.02341340109705925
VTM-006657,DG-b8aafa85cd66,perovskite,0,1,0,0.5454292893409729,0.4800494313240051,0.39315563440322876,0.06118372827768326,0.06561119854450226
VTM-006663,DG-7002e94c0f25,perovskite,0,1,0,0.5452521443367004,0.5773404836654663,0.29881325364112854,0.10997167974710464,0.013874595984816551
VTM-006669,DG-ca7fc283c3e0,perovskite,0,1,1,0.535518229007721,0.003465191926807165,0.5856896042823792,0.40427708625793457,0.006568127777427435
VTM-006671,DG-4c5394909071,perovskite,0,1,1,0.539905846118927,0.0034366443287581205,0.8573094010353088,0.10517359524965286,0.034080374985933304
VTM-006674,DG-29853a9c9e48,perovskite,0,1,0,0.5395704507827759,0.6850800514221191,0.2860141396522522,0.010504236444830894,0.018401604145765305
VTM-006702,DG-05ce0b58d145,perovskite,0,1,1,0.5461785197257996,0.11142470687627792,0.6308735609054565,0.21940355002880096,0.03829815238714218
VTM-006704,DG-35a61c51bf04,perovskite,0,1,2,0.5097177028656006,0.0002278849424328655,0.05370628461241722,0.9458277821540833,0.00023805646924301982
VTM-006712,DG-8f55863f8ea1,perovskite,0,1,1,0.5445793271064758,0.026841046288609505,0.851778507232666,0.048590630292892456,0.07278984785079956
VTM-006718,DG-aa10f143e383,perovskite,0,1,1,0.5329064130783081,0.0004319874569773674,0.9824423789978027,0.0028202924877405167,0.01430538110435009
VTM-006719,DG-3afed5e49e28,perovskite,0,1,1,0.5496882200241089,0.004064805340021849,0.7546651363372803,0.05196201801300049,0.1893080472946167
VTM-006720,DG-b34cba61ef89,perovskite,0,1,2,0.53449946641922,0.24774965643882751,0.20351576805114746,0.46517425775527954,0.0835602879524231
VTM-006723,DG-260189d80767,perovskite,0,1,1,0.5432812571525574,0.05122535675764084,0.5714256763458252,0.317368745803833,0.05998018756508827
VTM-006729,DG-f3e55769ff61,perovskite,0,1,3,0.542740523815155,0.37024986743927,0.22569866478443146,0.0027395118959248066,0.4013119339942932
VTM-006738,DG-1c1a3c4ef6a5,perovskite,0,1,0,0.5440940260887146,0.5357097387313843,0.43503904342651367,0.008063516579568386,0.021187707781791687
VTM-006745,DG-e46e9d5bd1b0,perovskite,0,1,3,0.5410001873970032,0.00013006143853999674,0.04554490000009537,0.02673690766096115,0.9275881052017212
VTM-006746,DG-15742dc2018a,perovskite,0,1,0,0.5391947627067566,0.691899836063385,0.1784842610359192,0.014621149748563766,0.11499476432800293
VTM-006750,DG-a375d8956f65,perovskite,0,1,3,0.5286199450492859,0.1352299153804779,0.06250137090682983,0.08524885773658752,0.71701979637146
VTM-006752,DG-0b399df40ff6,perovskite,0,1,1,0.5460125207901001,0.15700916945934296,0.7752377390861511,0.04377449303865433,0.023978568613529205
VTM-006756,DG-7fe862f885ef,perovskite,0,1,1,0.5503554344177246,0.22833351790905,0.6413428783416748,0.02464744821190834,0.10567615926265717
VTM-006763,DG-5923ebe32d44,perovskite,0,1,1,0.5538256764411926,0.23748725652694702,0.545910656452179,0.08999964594841003,0.126602441072464
VTM-006770,DG-8af983db7de9,perovskite,0,1,1,0.5439741015434265,0.023188922554254532,0.7229064702987671,0.21680039167404175,0.037104249000549316
VTM-006773,DG-4e4e2c60036a,perovskite,0,1,0,0.5425578951835632,0.5663179755210876,0.4150886535644531,0.01464899443089962,0.003944363910704851
VTM-006774,DG-e6573e0b29ec,perovskite,0,1,1,0.5501859188079834,0.15607114136219025,0.7232282161712646,0.10608929395675659,0.014611274935305119
VTM-006777,DG-af8325128ef5,perovskite,0,1,1,0.5511038303375244,0.023008890450000763,0.5501609444618225,0.14557982981204987,0.2812502980232239
VTM-006783,DG-4ea38b753c1d,perovskite,0,1,0,0.5449156165122986,0.5337433218955994,0.2781376242637634,0.05280293896794319,0.13531610369682312
VTM-006789,DG-91a87bde4235,perovskite,0,1,0,0.541062593460083,0.5649187564849854,0.16544629633426666,0.11440978944301605,0.15522512793540955
VTM-006792,DG-35eb75caf639,perovskite,0,1,1,0.5383063554763794,0.0376962386071682,0.5228908061981201,0.42772620916366577,0.011686760932207108
VTM-006795,DG-add3274436d0,perovskite,0,1,1,0.5483027696609497,0.30028703808784485,0.517053484916687,0.1569206714630127,0.025738880038261414
VTM-006797,DG-50aefe90f359,perovskite,0,1,2,0.5101330280303955,0.003441331908106804,0.09278880059719086,0.8489357829093933,0.054834090173244476
VTM-006801,DG-ea0f173988c7,perovskite,0,1,3,0.5349792242050171,0.0234542116522789,0.10131234675645828,0.0549333393573761,0.8203001022338867
VTM-006802,DG-f27d5e7ca7b3,perovskite,0,1,3,0.5439068675041199,0.27729588747024536,0.2674490511417389,0.025987066328525543,0.4292680025100708
VTM-006807,DG-3db1fe4ffc10,perovskite,0,1,1,0.5416034460067749,0.007962136529386044,0.7414653301239014,0.2441534698009491,0.006419023033231497
VTM-006809,DG-52eb4c4698ac,perovskite,0,1,0,0.532251238822937,0.7838181257247925,0.17072220146656036,0.009822686202824116,0.0356370285153389
VTM-006812,DG-d6fc273c2664,perovskite,0,1,1,0.5385053753852844,0.00042690348345786333,0.9954749345779419,0.0027568722143769264,0.0013412514235824347
VTM-006814,DG-0b751e4cb272,perovskite,0,1,2,0.5130686163902283,0.006043177098035812,0.12878143787384033,0.8614289164543152,0.003746483940631151
VTM-006815,DG-417147546517,perovskite,0,1,1,0.541278600692749,0.012128840200603008,0.8903900980949402,0.0584658682346344,0.03901515156030655
VTM-006818,DG-73cc4e599178,perovskite,0,1,1,0.5501313805580139,0.43565571308135986,0.4913797974586487,0.00674402853474021,0.0662204772233963
VTM-006821,DG-1f359c0dcffa,perovskite,0,1,0,0.5362693071365356,0.5099188685417175,0.09630033373832703,0.11949004232883453,0.2742907404899597
VTM-006827,DG-556a131aaeaf,perovskite,0,1,2,0.5103572607040405,0.013775518164038658,0.09437339007854462,0.8563487529754639,0.03550238534808159
VTM-006831,DG-d68fb0c71597,perovskite,0,1,1,0.5398557782173157,0.001727099996060133,0.9014085531234741,0.09391368925571442,0.0029506951104849577
VTM-006833,DG-94bc56856a4d,perovskite,0,1,1,0.540219247341156,0.012171192094683647,0.637158989906311,0.3178693652153015,0.03280045464634895
VTM-006837,DG-343b09f74dde,perovskite,0,1,1,0.5399828553199768,0.009353824891149998,0.9860993027687073,0.002739138901233673,0.001807756838388741
VTM-006844,DG-9bf13122376d,perovskite,0,1,3,0.5443820357322693,0.2836452126502991,0.1840371936559677,0.028971506282687187,0.5033460855484009
VTM-006845,DG-e8e1450adde3,perovskite,0,1,1,0.5502779483795166,0.10417978465557098,0.6262380480766296,0.12847179174423218,0.1411103904247284
VTM-006849,DG-b1f251cf666f,perovskite,0,1,1,0.5414054989814758,0.03339562565088272,0.43599188327789307,0.39637482166290283,0.1342376470565796
VTM-006853,DG-ab41a705c6a6,perovskite,0,1,3,0.5362380146980286,0.06542029231786728,0.09950421005487442,0.023221369832754135,0.8118541240692139
VTM-006855,DG-53a21c00e78d,perovskite,0,1,1,0.5498789548873901,0.08951947093009949,0.6345741152763367,0.03467680886387825,0.2412295937538147
VTM-006865,DG-63548c1d61c2,perovskite,0,1,2,0.5325360298156738,0.012409222312271595,0.3225580155849457,0.5500732064247131,0.11495950818061829
VTM-006875,DG-fb1970d2ff6f,perovskite,0,1,0,0.5368426442146301,0.716338574886322,0.15824925899505615,0.014903182163834572,0.11050902307033539
VTM-006887,DG-86578adce0e4,perovskite,0,1,1,0.5429131984710693,0.020369358360767365,0.7817901372909546,0.19405266642570496,0.0037877890281379223
VTM-006891,DG-8dfa5e733ae1,perovskite,0,1,0,0.5408702492713928,0.6763775944709778,0.2890418767929077,0.005867585074156523,0.028712961822748184
VTM-006898,DG-6f4492e2f9e1,rutile,0,1,1,0.5411361455917358,0.0044653951190412045,0.5199651718139648,0.35688239336013794,0.1186869814991951
VTM-006906,DG-7f087c3660f5,rutile,0,1,1,0.5406538844108582,0.0008987333858385682,0.8332648277282715,0.1019294261932373,0.06390701979398727
VTM-006908,DG-dc60ca226509,rutile,0,1,3,0.530340850353241,0.09969982504844666,0.12604719400405884,0.3676450848579407,0.4066079258918762
VTM-006916,DG-4cb828c27c61,rutile,0,1,1,0.5540620684623718,0.056129805743694305,0.6189993023872375,0.03054383210837841,0.2943269908428192
VTM-006917,DG-6ee3ca1f3798,rutile,0,1,3,0.5464321970939636,0.0958099216222763,0.32045575976371765,0.21333442628383636,0.3703998923301697
VTM-006933,DG-5ba0b26133f3,rutile,0,1,1,0.5419140458106995,0.01275540329515934,0.7642876505851746,0.21547916531562805,0.007477817125618458
VTM-006934,DG-30753fc2b957,rutile,0,1,2,0.5091040730476379,0.0005826014094054699,0.06963129341602325,0.9286569356918335,0.0011290798429399729
VTM-006935,DG-e1a68ff2aa8d,rutile,0,1,3,0.5369613766670227,0.11234422028064728,0.1685560643672943,0.1454797089099884,0.5736199617385864
VTM-006959,DG-8ba48f39262c,rutile,0,1,1,0.5463559627532959,0.009691393002867699,0.7251971960067749,0.15732309222221375,0.10778829455375671
VTM-006967,DG-fa4bff23af8b,rutile,0,1,2,0.5258321762084961,0.03274876996874809,0.17149075865745544,0.5546145439147949,0.24114590883255005
VTM-006971,DG-dca3cf74d23b,rutile,0,1,1,0.5432262420654297,0.020195938646793365,0.8054757118225098,0.13375872373580933,0.04056961089372635
VTM-006976,DG-da93d215b880,rutile,0,1,1,0.5387887358665466,0.008598890155553818,0.9784678220748901,0.006153496913611889,0.006779787130653858
VTM-006978,DG-3b43749310e1,rutile,0,1,1,0.5471360683441162,0.2005007565021515,0.30179664492607117,0.23063446581363678,0.26706814765930176
VTM-006983,DG-a7b59cae618b,rutile,0,1,1,0.5384156703948975,0.009442286565899849,0.6339410543441772,0.3382752537727356,0.018341388553380966
VTM-006984,DG-154c71809bbc,rutile,0,1,1,0.5328978896141052,0.00036144006298854947,0.9930485486984253,0.0022059124894440174,0.004384079948067665
VTM-006985,DG-0eee9f6bbcfc,rutile,0,1,1,0.537541925907135,0.00024553254479542375,0.8553545475006104,0.13441692292690277,0.009983012452721596
VTM-006994,DG-a7ce3a9925a2,rutile,0,1,1,0.5407426357269287,0.01321672834455967,0.9397189617156982,0.021673383191227913,0.025390930473804474
VTM-006995,DG-b0604379d089,rutile,0,1,1,0.5450287461280823,0.11141354590654373,0.8737046122550964,0.004409912042319775,0.010471908375620842
VTM-006998,DG-acbe1e05c541,rutile,0,1,1,0.5472476482391357,0.056405000388622284,0.6848539710044861,0.16532564163208008,0.09341534972190857
VTM-007002,DG-c6cad96fd5a7,rutile,0,1,1,0.5430381298065186,0.046061381697654724,0.9514064788818359,0.0004220753617119044,0.0021100910380482674
VTM-007007,DG-493cac276dd5,rutile,0,1,2,0.5355554819107056,0.17672836780548096,0.208877295255661,0.3216782212257385,0.2927160859107971
VTM-007026,DG-e3dbfb5405a7,rutile,0,1,1,0.544158935546875,0.20758846402168274,0.3838618993759155,0.27953270077705383,0.1290169507265091
VTM-007029,DG-0b8d368c44aa,rutile,0,1,1,0.5404767394065857,0.017573904246091843,0.9623863101005554,0.005379728972911835,0.014660019427537918
VTM-007032,DG-0b8472e2b902,rutile,0,1,1,0.5395442843437195,0.007089042570441961,0.9891695976257324,0.002134420210495591,0.0016069752164185047
VTM-007037,DG-22d358f0e974,rutile,0,1,1,0.5467388033866882,0.07530837506055832,0.8366581201553345,0.036364324390888214,0.051669150590896606
VTM-007040,DG-b872fe4b369e,rutile,0,1,1,0.5474082827568054,0.1799890398979187,0.44477027654647827,0.28033190965652466,0.09490874409675598
VTM-007041,DG-fa8281c7c40c,rutile,0,1,1,0.5436570644378662,0.02345547080039978,0.8542969226837158,0.06984347105026245,0.05240411311388016
VTM-007048,DG-f9986ce5a4bd,rutile,0,1,1,0.5378551483154297,0.0016232975758612156,0.9929536581039429,0.002688660519197583,0.002734372392296791
VTM-007049,DG-4715ac3ecf84,rutile,0,1,1,0.539871096611023,0.006254355423152447,0.8188060522079468,0.158676415681839,0.016263198107481003
VTM-007054,DG-6a7637f40650,rutile,0,1,1,0.5472161769866943,0.04696884751319885,0.7975521087646484,0.09348778426647186,0.061991237103939056
VTM-007065,DG-cadf3c36e12e,rutile,0,1,2,0.5284199714660645,0.003065924858674407,0.4313015937805176,0.5583814978599548,0.007250986993312836
VTM-007070,DG-d34b22e095bf,rutile,0,1,1,0.5388208031654358,0.001972300000488758,0.9877159595489502,0.009789721108973026,0.0005220731254667044
VTM-007081,DG-af5f4536f2b9,rutile,0,1,1,0.5445991158485413,0.033161453902721405,0.8366082906723022,0.11373035609722137,0.01649988628923893
VTM-007082,DG-6f908de6422f,rutile,0,1,1,0.5529803037643433,0.21934455633163452,0.5679366588592529,0.053979773074388504,0.15873897075653076
VTM-007088,DG-45d08d11eb84,rutile,0,1,3,0.5372515916824341,0.20039960741996765,0.1539716124534607,0.08776648342609406,0.5578622817993164
VTM-007091,DG-f83f28631de7,rutile,0,1,1,0.5426438450813293,0.014219798147678375,0.732536792755127,0.2348695546388626,0.018373895436525345
VTM-007092,DG-f7a76505a9a5,rutile,0,1,1,0.5394386053085327,5.628404323942959e-05,0.9994592666625977,0.00046648032730445266,1.7999102055910043e-05
VTM-007093,DG-3ad8c3ee11d2,rutile,0,1,1,0.5374071002006531,0.0022219482343643904,0.9899711608886719,0.002747665625065565,0.00505920359864831
VTM-007102,DG-e197bfeae2ac,rutile,0,1,0,0.5299763679504395,0.8453629016876221,0.08388685435056686,0.010830668732523918,0.0599195659160614
VTM-007103,DG-9cbf002ecfe4,rutile,0,1,1,0.5386803150177002,0.0024591160472482443,0.9822479486465454,0.014627929776906967,0.0006650073919445276
VTM-007104,DG-d9a87af4d5e2,rutile,0,1,1,0.5453828573226929,0.06673163175582886,0.7028968334197998,0.15572741627693176,0.07464408874511719
VTM-007111,DG-ef1a791bd96c,rutile,0,1,1,0.5348398685455322,0.003444475354626775,0.5486932396888733,0.41899967193603516,0.028862636536359787
VTM-007125,DG-314f5c22ba5e,rutile,0,1,1,0.5517691969871521,0.2099362015724182,0.671718180179596,0.011433012783527374,0.10691258311271667
VTM-007127,DG-6e910964969a,rutile,0,1,3,0.5365363359451294,0.004721507430076599,0.10021200776100159,0.008636505343019962,0.8864299654960632
VTM-007141,DG-05026c817e51,rutile,0,1,1,0.5438557863235474,0.020932622253894806,0.8485692739486694,0.12052460014820099,0.009973550215363503
VTM-007144,DG-8f05a74e61f7,rutile,0,1,1,0.5401666760444641,0.01729491725564003,0.960310697555542,0.00993352197110653,0.012460900470614433
VTM-007151,DG-6ef8ee263e12,rutile,0,1,1,0.5477572679519653,0.046718351542949677,0.8370856642723083,0.041502922773361206,0.07469302415847778
VTM-007157,DG-52a07fdd8b0a,rutile,0,1,1,0.548496425151825,0.1609502136707306,0.7185590267181396,0.05429192632436752,0.06619878113269806
VTM-007168,DG-a6848732cd54,rutile,0,1,3,0.5475925803184509,0.13781532645225525,0.25820624828338623,0.2020355761051178,0.40194278955459595
VTM-007170,DG-0350d83b9da1,rutile,0,1,1,0.5425415635108948,0.020436521619558334,0.6978098154067993,0.2623743414878845,0.0193793922662735
VTM-007178,DG-8b5edeae79e0,rutile,0,1,1,0.5416777729988098,0.006196250207722187,0.8506084084510803,0.13402271270751953,0.009172692894935608
VTM-007180,DG-722ac6aa9e5b,rutile,0,1,0,0.5393444299697876,0.3476608097553253,0.27084705233573914,0.3366471529006958,0.04484499245882034
VTM-007192,DG-d1ae79e833b4,rutile,0,1,2,0.5406642556190491,0.1812705248594284,0.3761569559574127,0.39778444170951843,0.04478808119893074
VTM-007208,DG-c96a7d06773e,rutile,0,1,1,0.5421484112739563,0.023633290082216263,0.9117453098297119,0.015714634209871292,0.048906825482845306
VTM-007209,DG-75227de7015a,rutile,0,1,1,0.543967604637146,0.13394084572792053,0.819986879825592,0.03208308666944504,0.013989122584462166
VTM-007210,DG-eb7443f02093,rutile,0,1,1,0.5478945374488831,0.15960992872714996,0.6262773275375366,0.17487433552742004,0.03923840820789337
VTM-007215,DG-1a04dbe54b28,rutile,0,1,3,0.5370144844055176,0.24436523020267487,0.13977807760238647,0.0372932031750679,0.5785635113716125
VTM-007216,DG-22e342ab37aa,rutile,0,1,1,0.5380449295043945,0.002513247076421976,0.9852378368377686,0.0004363519256003201,0.011812555603682995
VTM-007223,DG-342bb1eca302,rutile,0,1,0,0.5219756960868835,0.9623864889144897,0.02237146906554699,0.002597277285531163,0.012644799426198006
VTM-007231,DG-036c5667b7e9,rutile,0,1,0,0.5396423935890198,0.4409036636352539,0.12172196805477142,0.009913001209497452,0.42746132612228394
VTM-007232,DG-2b9a3b169394,rutile,0,1,0,0.5454338192939758,0.5832327604293823,0.34384995698928833,0.008074447512626648,0.06484284996986389
VTM-007233,DG-777d83515793,rutile,0,1,1,0.5399842262268066,0.008361157029867172,0.9680237770080566,0.02169707790017128,0.0019179179798811674
VTM-007235,DG-262ac6e6eda6,rutile,0,1,1,0.5392241477966309,0.0017536301165819168,0.720718264579773,0.25742781162261963,0.020100269466638565
VTM-007248,DG-c274fac1f1b0,rutile,0,1,1,0.5507451295852661,0.15285736322402954,0.8156490325927734,0.00802814681082964,0.023465421050786972
VTM-007260,DG-34ff53d91d21,rutile,0,1,1,0.5425677299499512,0.0035825842060148716,0.7154035568237305,0.20183855295181274,0.07917535305023193
VTM-007262,DG-d9346a5d5ba9,rutile,0,1,1,0.5374869108200073,0.0011167117627337575,0.7828637361526489,0.19710904359817505,0.01891045831143856
VTM-007264,DG-d73558b211eb,rutile,0,1,1,0.5403094291687012,0.001914379419758916,0.874875545501709,0.12090584635734558,0.00230421032756567
VTM-007268,DG-b8e680a00dc5,rutile,0,1,1,0.5377556085586548,0.0025425725616514683,0.9759511947631836,0.017233191058039665,0.004273014608770609
VTM-007269,DG-9513b4eb8a6c,rutile,0,1,1,0.5476201176643372,0.06968695670366287,0.8238427639007568,0.031158868223428726,0.07531142234802246
VTM-007271,DG-aa36737f32b4,rutile,0,1,1,0.5411526560783386,0.020843952894210815,0.9650024175643921,0.006517856381833553,0.007635836489498615
VTM-007273,DG-9b15bae5be2b,rutile,0,1,1,0.5347372889518738,0.004104623571038246,0.9567691087722778,0.017550243064761162,0.021576061844825745
VTM-007277,DG-34e702311346,rutile,0,1,1,0.5434858798980713,0.05965537577867508,0.7054080963134766,0.1911829560995102,0.04375363141298294
VTM-007284,DG-ddc98eca336f,rutile,0,1,0,0.5437896847724915,0.5296658277511597,0.34361404180526733,0.045058928430080414,0.08166113495826721
VTM-007297,DG-11dd6589c9bb,rutile,0,1,0,0.3363858163356781,0.6290913224220276,0.10540269315242767,0.005331111140549183,0.26017487049102783
VTM-007298,DG-eb93b6bf811d,rutile,0,1,0,0.4139251708984375,0.5450887680053711,0.309964120388031,0.005500392988324165,0.13944675028324127
VTM-007299,DG-4348e5d59120,rutile,0,1,3,0.5396313667297363,0.2820633053779602,0.1387675404548645,0.08559161424636841,0.4935775399208069
VTM-007310,DG-51c153e1350b,rutile,0,1,1,0.5407558083534241,0.013077202253043652,0.9432188272476196,0.037544067949056625,0.006159934215247631
VTM-007311,DG-1514d436b7a8,rutile,0,1,1,0.5390095114707947,0.005244184751063585,0.9258226156234741,0.05624761804938316,0.012685615569353104
VTM-007318,DG-71dafe8d9886,rutile,0,1,1,0.5464311242103577,0.06639717519283295,0.5279661417007446,0.2612417936325073,0.1443949043750763
VTM-007323,DG-3889b7880739,rutile,0,1,1,0.5327298641204834,0.0002488369063939899,0.9908742904663086,0.006440829485654831,0.002436016220599413
VTM-007331,DG-8cc20c992753,rutile,0,1,1,0.5384214520454407,0.0009224980603903532,0.9975823163986206,0.0006875800900161266,0.0008075759978964925
VTM-007335,DG-7c2d016f2e95,rutile,0,1,1,0.5391039848327637,0.009595810435712337,0.967637300491333,0.010832667350769043,0.01193419098854065
VTM-007340,DG-c775bdf1d201,rutile,0,1,1,0.5428675413131714,0.030897201970219612,0.9097546339035034,0.009097426198422909,0.050250716507434845
VTM-007347,DG-7c08f5eb76a2,rutile,0,1,3,0.5496978759765625,0.06162746995687485,0.3911389708518982,0.0772775188088417,0.46995604038238525
VTM-007348,DG-39597209e51d,rutile,0,1,1,0.540309727191925,0.011838549748063087,0.8671860694885254,0.09858636558055878,0.022388966754078865
VTM-007352,DG-b544af5fc942,rutile,0,1,1,0.5354341864585876,0.0049127619713544846,0.5922039747238159,0.39023011922836304,0.012653075158596039
VTM-007357,DG-5adbf853b6c3,rutile,0,1,0,0.5423187613487244,0.5963574647903442,0.1934039294719696,0.07644923031330109,0.13378942012786865
VTM-007359,DG-199c7997a512,rutile,0,1,1,0.552397608757019,0.12422408908605576,0.6234838962554932,0.13117218017578125,0.12111987173557281
VTM-007364,DG-9ffa4b76f08e,rutile,0,1,1,0.5406910181045532,0.06664570420980453,0.5614213943481445,0.3356081247329712,0.03632473945617676
VTM-007373,DG-4e935c97ba32,rutile,0,1,1,0.5491424202919006,0.18904228508472443,0.7181745171546936,0.03324073553085327,0.059542421251535416
VTM-007377,DG-eb9bc8a2a73f,rutile,0,1,1,0.5463217496871948,0.03495250642299652,0.8206837177276611,0.020848702639341354,0.1235150620341301
VTM-007380,DG-fdce72a1f494,rutile,0,1,1,0.540154218673706,0.008953619748353958,0.6607083082199097,0.3026892840862274,0.027648787945508957
VTM-007381,DG-95ea1df312d6,rutile,0,1,1,0.541803240776062,0.015070021152496338,0.950607180595398,0.002883617300540209,0.031439147889614105
VTM-007382,DG-139b38e4d40e,rutile,0,1,2,0.519811749458313,0.0026010549627244473,0.2740820646286011,0.7143450975418091,0.008971864357590675
VTM-007385,DG-4897059f854c,rutile,0,1,1,0.5461267232894897,0.18981137871742249,0.7906075716018677,0.010635219514369965,0.008945874869823456
VTM-007386,DG-0a104ab8bdc8,rutile,0,1,2,0.5184526443481445,0.003227581735700369,0.2632606029510498,0.7248098850250244,0.008701926097273827
VTM-007394,DG-2c7580fecab0,rutile,0,1,1,0.5514739155769348,0.22468584775924683,0.6585410833358765,0.01624326966702938,0.10052981972694397
VTM-007395,DG-9a4fe90e7020,rutile,0,1,1,0.5488703846931458,0.002073343377560377,0.40714097023010254,0.26473554968833923,0.3260501027107239
VTM-007397,DG-8bcd5e9f4c16,rutile,0,1,1,0.5441407561302185,0.02601926028728485,0.8173941373825073,0.11853203177452087,0.03805461898446083
VTM-007400,DG-45eba17851f1,rutile,0,1,2,0.5142765045166016,0.023452360183000565,0.115958072245121,0.8332049250602722,0.027384676039218903
VTM-007410,DG-82767d14f349,rutile,0,1,1,0.539168119430542,0.00505131296813488,0.9111803770065308,0.02176881767809391,0.061999570578336716
VTM-007423,DG-c371acb7234e,rutile,0,1,1,0.5362153649330139,0.005821292754262686,0.9680448770523071,0.0091386828571558,0.016995185986161232
VTM-007428,DG-15d67b0d89e1,rutile,0,1,1,0.5345576405525208,0.0002665689680725336,0.9804339408874512,0.016895044595003128,0.0024044709280133247
VTM-007441,DG-c90b6affaa03,rutile,0,1,2,0.5287473201751709,0.09864593297243118,0.26997047662734985,0.5872270464897156,0.04415656626224518
VTM-007453,DG-86b7bb730720,rutile,0,1,1,0.5477073788642883,0.0610930398106575,0.4120334982872009,0.15058481693267822,0.3762887120246887
VTM-007454,DG-a98d740c3883,rutile,0,1,3,0.5091942548751831,0.014193247072398663,0.0063874125480651855,0.0007027689134702086,0.9787166118621826
VTM-007461,DG-5b479771c1f3,rutile,0,1,3,0.5133342146873474,0.05230291932821274,0.03308707848191261,0.43717941641807556,0.4774305820465088
VTM-007464,DG-3ed493b5d858,rutile,0,1,1,0.5442684292793274,0.03676988184452057,0.8848673105239868,0.0210412610322237,0.057321567088365555
VTM-007469,DG-352ed7bda653,rutile,0,1,1,0.5352399945259094,0.007675815373659134,0.5318159461021423,0.4472060203552246,0.013302257284522057
VTM-007471,DG-8abf3b75f366,rutile,0,1,1,0.5362550616264343,0.0056509943678975105,0.9594443440437317,0.022331491112709045,0.012573165819048882
VTM-007482,DG-6fb9437c2fb3,rutile,0,1,1,0.5384600162506104,0.0014290778199210763,0.9957385063171387,0.0014120909618213773,0.001420365646481514
VTM-007483,DG-a4616a0dcab1,rutile,0,1,1,0.5387036204338074,0.0007824696367606521,0.930802583694458,0.06668400019407272,0.001730946940369904
VTM-007486,DG-eff26cc1b3ea,rutile,0,1,1,0.5447554588317871,0.030630795285105705,0.8453402519226074,0.0896538496017456,0.03437517583370209
VTM-007497,DG-168f545ece85,rutile,0,1,2,0.5121530294418335,0.0069438982754945755,0.13082805275917053,0.8191730380058289,0.04305502772331238
VTM-007501,DG-b2499e85570b,rutile,0,1,1,0.5487655997276306,0.019838036969304085,0.581269383430481,0.21035881340503693,0.18853381276130676
VTM-007505,DG-41372b09c0ad,rutile,0,1,1,0.5428780317306519,0.0075110094621777534,0.8849642276763916,0.02068336308002472,0.0868413895368576
VTM-007509,DG-925dc8d0a56c,rutile,0,1,1,0.5401331186294556,0.010811069048941135,0.9536443948745728,0.0056871529668569565,0.02985743246972561
VTM-007510,DG-b45f88fd00f9,rutile,0,1,1,0.5370712280273438,0.0030765507835894823,0.9668276309967041,0.01639292947947979,0.013702894560992718
VTM-007523,DG-e337aefe7e7e,rutile,0,1,1,0.5337411165237427,0.0007124881958588958,0.972003698348999,0.016082152724266052,0.01120167225599289
VTM-007526,DG-8dea373e596d,rutile,0,1,1,0.5382004380226135,0.0003995435545220971,0.9851597547531128,0.014098412357270718,0.00034227618016302586
VTM-007527,DG-fa54bd5840ea,rutile,0,1,1,0.5410150289535522,0.008497951552271843,0.937427282333374,0.03899122029542923,0.015083575621247292
VTM-007529,DG-d2a96e03beea,rutile,0,1,0,0.512664794921875,0.6358823776245117,0.031609416007995605,0.03101622685790062,0.30149197578430176
VTM-007532,DG-34acfdfeae40,rutile,0,1,0,0.5328201055526733,0.3862517476081848,0.14722849428653717,0.37382596731185913,0.09269380569458008
VTM-007533,DG-0b88f16d1d5c,rutile,0,1,1,0.5491471886634827,0.280828595161438,0.6066410541534424,0.0742282047867775,0.03830219432711601
VTM-007535,DG-db26d01eeb40,rutile,0,1,1,0.5433228611946106,0.032460689544677734,0.8663731813430786,0.06784482300281525,0.03332137316465378
VTM-007539,DG-538d5d90083a,rutile,0,1,1,0.5413553714752197,0.03211120143532753,0.9371806383132935,0.019977468997240067,0.010730595327913761
VTM-007542,DG-161b7757dac5,rutile,0,1,1,0.5453880429267883,0.08082741498947144,0.8615531921386719,0.016719957813620567,0.04089941456913948
VTM-007546,DG-2b98513691d0,rutile,0,1,1,0.5323430299758911,0.0004052481963299215,0.9955931305885315,0.0014468017034232616,0.0025548082776367664
VTM-007553,DG-3165bab86739,rutile,0,1,1,0.5334529876708984,0.0005792624433524907,0.9905721545219421,0.0068926434032619,0.0019559981301426888
VTM-007557,DG-f0f1acee2624,rutile,0,1,1,0.5373551249504089,0.005827682092785835,0.9609115123748779,0.02089909091591835,0.012361760251224041
VTM-007564,DG-c77fe4795b4e,rutile,0,1,1,0.5347080826759338,0.0008840177906677127,0.9801297783851624,0.012751679867506027,0.0062344865873456
VTM-007566,DG-0e21269d2000,rutile,0,1,1,0.5539140701293945,0.021995414048433304,0.5480719804763794,0.09800542891025543,0.3319271206855774
VTM-007567,DG-d3c9e3267179,rutile,0,1,2,0.5286865234375,0.07455748319625854,0.24921123683452606,0.5726408958435059,0.10359032452106476
VTM-007570,DG-d9477c89108a,rutile,0,1,1,0.5498618483543396,0.03500901162624359,0.7411317825317383,0.0870661735534668,0.13679300248622894
VTM-007580,DG-bc48501d8fce,rutile,0,1,0,0.5455405116081238,0.39772218465805054,0.1509501338005066,0.1344255656003952,0.31690216064453125
VTM-007583,DG-b98be2ccb042,rutile,0,1,1,0.5413423180580139,0.01716836914420128,0.9278926253318787,0.03155449405312538,0.02338450774550438
VTM-007587,DG-a55b27abe7d0,rutile,0,1,1,0.5478690266609192,0.11606345325708389,0.8573442697525024,0.022938953712582588,0.0036533314269036055
VTM-007591,DG-cd6dbe9adde8,rutile,0,1,1,0.5482256412506104,0.1666877269744873,0.7606830596923828,0.03687082603573799,0.035758428275585175
VTM-007604,DG-950eb1c237d2,rutile,0,1,1,0.5402629971504211,0.014145339839160442,0.5487345457077026,0.3459440767765045,0.0911760926246643
VTM-007615,DG-b13ab0e3785e,rutile,0,1,1,0.5479255318641663,0.19735464453697205,0.6253554821014404,0.12721940875053406,0.050070494413375854
VTM-007616,DG-461954f116bf,rutile,0,1,1,0.5513966679573059,0.16380132734775543,0.4519349932670593,0.02088051103055477,0.36338314414024353
VTM-007619,DG-1fd3852a6314,rutile,0,1,1,0.5399770140647888,0.0007203306304290891,0.7259488105773926,0.24289000034332275,0.03044082410633564
VTM-007620,DG-a8242b078ae2,rutile,0,1,1,0.5343941450119019,0.0013135080225765705,0.9514251947402954,0.04271691292524338,0.004544427152723074
VTM-007634,DG-5429475747c9,rutile,0,1,0,0.5504918694496155,0.4705522656440735,0.316010057926178,0.003736542072147131,0.20970109105110168
VTM-007653,DG-3f598ecd89b5,rutile,0,1,1,0.5508609414100647,0.1306329369544983,0.739917516708374,0.036017123609781265,0.0934324562549591
VTM-007660,DG-79c33dbb6681,rutile,0,1,0,0.5471542477607727,0.44613903760910034,0.333029568195343,0.11763067543506622,0.103200763463974
VTM-007663,DG-226fb7b8a8d2,rutile,0,1,1,0.5483564734458923,0.30530601739883423,0.6396548748016357,0.010656546801328659,0.04438260942697525
VTM-007667,DG-e16b556a112b,rutile,0,1,1,0.5416317582130432,0.041450224816799164,0.6200231909751892,0.3102896511554718,0.02823694422841072
VTM-007670,DG-85d5798aadde,rutile,0,1,3,0.5291850566864014,0.04057849943637848,0.07758382707834244,0.020356694236397743,0.8614809513092041
VTM-007677,DG-54c3baf572f2,rutile,0,1,0,0.5449417233467102,0.6216986179351807,0.35982954502105713,0.005104654468595982,0.01336721982806921
VTM-007681,DG-f75ab0ccf62c,rutile,0,1,3,0.5331040024757385,0.24544939398765564,0.1185910701751709,0.041692934930324554,0.5942666530609131
VTM-007682,DG-941618bd8f31,rutile,0,1,1,0.5385369658470154,0.0031143641099333763,0.9193092584609985,0.018293257802724838,0.05928308516740799
VTM-007687,DG-0c5f60c4a3b4,rutile,0,1,1,0.5407505035400391,0.0143525879830122,0.9566391706466675,0.022814638912677765,0.006193606648594141
VTM-007695,DG-ff4045c2a14f,rutile,0,1,2,0.5246676206588745,0.010859368368983269,0.3160831928253174,0.6618697643280029,0.011187601834535599
VTM-007697,DG-f5c6896e9b4b,rutile,0,1,1,0.5386101603507996,0.0038660545833408833,0.9230641722679138,0.05772804096341133,0.015341714024543762
VTM-007699,DG-849a873aa5a4,rutile,0,1,1,0.541062593460083,0.005982465110719204,0.5824108719825745,0.34165242314338684,0.06995423883199692
VTM-007700,DG-b71b51b386fb,rutile,0,1,1,0.5446167588233948,0.12901873886585236,0.8067600727081299,0.024342011660337448,0.039879195392131805
VTM-007701,DG-9b582849c3d7,rutile,0,1,1,0.5494153499603271,0.21908752620220184,0.4584192633628845,0.16696152091026306,0.15553167462348938
VTM-007706,DG-fafc111bab75,rutile,0,1,0,0.5498411655426025,0.46484941244125366,0.40175870060920715,0.040962740778923035,0.09242913126945496
VTM-007707,DG-f0ea92e86f33,rutile,0,1,1,0.5449041128158569,0.04356272518634796,0.7955061197280884,0.15024125576019287,0.010689896531403065
VTM-007711,DG-0fe66615eaf1,rutile,0,1,1,0.5422598719596863,0.010849254205822945,0.7569631934165955,0.20017766952514648,0.03200986608862877
VTM-007712,DG-b83e31818a0c,rutile,0,1,1,0.5364382863044739,0.0930972546339035,0.44971704483032227,0.4163411855697632,0.04084452986717224
VTM-007718,DG-e9f951f4bd3f,rutile,0,1,1,0.547535240650177,0.09305214881896973,0.8388369083404541,0.018540946766734123,0.04956994950771332
VTM-007732,DG-f60703cce716,rutile,0,1,2,0.5208466649055481,0.009942896664142609,0.2579955458641052,0.6996318101882935,0.032429736107587814
VTM-007735,DG-05fdd115fd69,rutile,0,1,0,0.5405978560447693,0.3830134868621826,0.2574191391468048,0.3082735538482666,0.05129381641745567
VTM-007746,DG-fff3aa7f9365,rutile,0,1,1,0.5383721590042114,0.0003566811792552471,0.9987962245941162,0.0005868107546120882,0.000260232831351459
VTM-007749,DG-5303404c2e69,rutile,0,1,1,0.5538440346717834,0.1542210876941681,0.40657952427864075,0.1306196004152298,0.30857977271080017
VTM-007750,DG-a81a25c409e8,rutile,0,1,2,0.541715145111084,0.04060954600572586,0.3311888575553894,0.4012106657028198,0.2269909381866455
VTM-007755,DG-944f33f66490,rutile,0,1,1,0.5361214280128479,0.0009561356855556369,0.911321222782135,0.07273803651332855,0.014984602108597755
VTM-007757,DG-80ee3b1a6e0a,rutile,0,1,1,0.5408562421798706,0.012474153190851212,0.9536209106445312,0.025190629065036774,0.008714322000741959
VTM-007765,DG-f4b7ef0ac743,rutile,0,1,1,0.5398918390274048,0.011893273331224918,0.9087735414505005,0.005516539327800274,0.07381658256053925
VTM-007768,DG-28073c0797cd,rutile,0,1,1,0.5499231219291687,0.35672903060913086,0.573760449886322,0.03435097634792328,0.03515949100255966
VTM-007771,DG-273720ecb0d3,rutile,0,1,1,0.5391104817390442,0.0023608850315213203,0.8831762671470642,0.09693796932697296,0.017524931579828262
VTM-007784,DG-db2409770d58,rutile,0,1,1,0.5374640822410583,0.0018821314442902803,0.9860620498657227,0.009334077127277851,0.0027217797469347715
VTM-007786,DG-68853dc5763d,rutile,0,1,1,0.540817141532898,0.0076757874339818954,0.884601891040802,0.07218816876411438,0.03553410619497299
VTM-007788,DG-555f81e77195,rutile,0,1,1,0.542891800403595,0.02500663883984089,0.9158554077148438,0.0372217632830143,0.02191617339849472
VTM-007791,DG-11892ea0a290,rutile,0,1,1,0.5470526814460754,0.09957140684127808,0.521686315536499,0.27903178334236145,0.09971051663160324
VTM-007793,DG-d6d71d7543b1,rutile,0,1,1,0.5438203811645508,0.00932291615754366,0.8619972467422485,0.0535261332988739,0.07515373826026917
VTM-007797,DG-be3486c6c842,rutile,0,1,1,0.5380801558494568,0.0008204428013414145,0.9933632612228394,0.004897677339613438,0.0009185273665934801
VTM-007801,DG-749462d8666f,rutile,0,1,1,0.5384426116943359,0.0013227129820734262,0.9548026323318481,0.04194397106766701,0.0019306910689920187
VTM-007802,DG-c8a6002dd126,rutile,0,1,2,0.5289528965950012,0.0048015667125582695,0.43188896775245667,0.5558545589447021,0.007454893551766872
VTM-007803,DG-10235aa01f6d,rutile,0,1,1,0.5445990562438965,0.041917331516742706,0.892395555973053,0.015479439869523048,0.05020768195390701
VTM-007815,DG-a59bc7fb7e2f,rutile,0,1,1,0.5371069312095642,0.0009555324795655906,0.9359181523323059,0.05403250828385353,0.009093795903027058
VTM-007816,DG-5ae8168464e4,rutile,0,1,1,0.544017493724823,0.021607425063848495,0.8460869789123535,0.10255414247512817,0.029751498252153397
VTM-007827,DG-0a74a7cfe43e,rutile,0,1,1,0.5490127205848694,0.06834360957145691,0.7030725479125977,0.1238521933555603,0.10473161935806274
VTM-007838,DG-e1f9335465cb,rutile,0,1,2,0.5392690896987915,0.3255769908428192,0.23698335886001587,0.3617839515209198,0.07565572112798691
VTM-007849,DG-3f90abd10786,rutile,0,1,1,0.543060302734375,0.00755032803863287,0.8886353373527527,0.012549465522170067,0.09126488864421844
VTM-007859,DG-6e70a4248338,rutile,0,1,3,0.5368602871894836,0.1838250458240509,0.15978556871414185,0.2507461905479431,0.4056432247161865
VTM-007881,DG-c1799ea6db6f,rutile,0,1,2,0.5253555774688721,0.23655965924263,0.08880630135536194,0.563300609588623,0.11133350431919098
VTM-007888,DG-aacf04d2a8ae,rutile,0,1,1,0.5473535060882568,0.16272121667861938,0.7277892231941223,0.08391475677490234,0.02557475119829178
VTM-007895,DG-bc791272671a,rutile,0,1,1,0.5343684554100037,0.0003035280969925225,0.9968130588531494,0.0020728842355310917,0.000810530036687851
VTM-007899,DG-47cf619f5db1,rutile,0,1,1,0.5417406558990479,0.006583385169506073,0.7898167371749878,0.19701361656188965,0.006586223840713501
VTM-007902,DG-f7d8a9a398f7,rutile,0,1,1,0.5368298292160034,0.0021153483539819717,0.9891850352287292,0.004251078236848116,0.0044485339894890785
VTM-007910,DG-a0fc78f41be9,rutile,0,1,1,0.5422008037567139,0.017593085765838623,0.9031087160110474,0.024831688031554222,0.05446647107601166
VTM-007913,DG-1b4f069186b0,rutile,0,1,1,0.5402107834815979,0.00922594778239727,0.9681006669998169,0.015124008059501648,0.007549384143203497
VTM-007915,DG-36d9615d8c61,rutile,0,1,0,0.5343738794326782,0.7809377908706665,0.15267321467399597,0.0416644811630249,0.024724554270505905
VTM-007918,DG-ed8cf27a2e78,rutile,0,1,1,0.5408079028129578,0.011844264343380928,0.9658617973327637,0.00995467510074377,0.012339244596660137
VTM-007922,DG-0d7754f7d499,rutile,0,1,1,0.5402358770370483,0.06010255590081215,0.5171864628791809,0.3966946005821228,0.026016369462013245
VTM-007933,DG-3eb8712d6994,rutile,0,1,0,0.5386731028556824,0.5234887599945068,0.1668374240398407,0.10597136616706848,0.20370244979858398
VTM-007935,DG-cd1f1f7b383a,rutile,0,1,0,0.5381026268005371,0.6681005954742432,0.14849258959293365,0.01866600289940834,0.16474078595638275
VTM-007938,DG-248b24b44236,rutile,0,1,0,0.540753185749054,0.544585108757019,0.16455218195915222,0.0689041018486023,0.22195862233638763
VTM-007942,DG-e0ffe42803fb,rutile,0,1,1,0.5399324893951416,0.0024521369487047195,0.9586909413337708,0.03698050230741501,0.0018763981061056256
VTM-007957,DG-7cad84161666,rutile,0,1,1,0.540412425994873,0.015565242618322372,0.6136947870254517,0.33852988481521606,0.032210104167461395
VTM-007967,DG-d475ed7901d8,rutile,0,1,1,0.5333420634269714,0.0017954634968191385,0.48829185962677,0.46514004468917847,0.04477262496948242
VTM-007969,DG-ac59db3c0136,rutile,0,1,1,0.5483852028846741,0.3893091678619385,0.4988507628440857,0.08720605075359344,0.024633992463350296
VTM-007970,DG-688c2e18cf43,rutile,0,1,1,0.5488916039466858,0.25728854537010193,0.6644982099533081,0.027009334415197372,0.05120394378900528
VTM-007974,DG-75f7ce2166e8,rutile,0,1,1,0.5457335710525513,0.06221266835927963,0.874950647354126,0.04309994727373123,0.019736748188734055
VTM-007979,DG-765fe6920f91,rutile,0,1,1,0.5467463135719299,0.22340509295463562,0.7530488967895508,0.008351324126124382,0.015194663777947426
VTM-007982,DG-4b7aa1790ccb,rutile,0,1,0,0.5431288480758667,0.6272307634353638,0.15915097296237946,0.08164598047733307,0.1319723129272461
VTM-007986,DG-98060dcaab6c,rutile,0,1,3,0.5464847087860107,0.03858552873134613,0.22896260023117065,0.17215214669704437,0.5602997541427612
VTM-007988,DG-5bd3ed32afcb,rutile,0,1,2,0.5061801075935364,0.0032064057886600494,0.06070477515459061,0.9157280325889587,0.020360756665468216
VTM-007997,DG-bc1130a58a7d,rutile,0,1,1,0.5502701997756958,0.3003077208995819,0.35105565190315247,0.02691541612148285,0.32172125577926636
VTM-007998,DG-2a947cf08731,rutile,0,1,1,0.5406254529953003,0.010798821225762367,0.9087353944778442,0.054619476199150085,0.025846343487501144
VTM-008012,DG-58aed1ffc140,rutile,0,1,3,0.5454244017601013,0.015054251998662949,0.1556505560874939,0.010464740917086601,0.8188304901123047
VTM-008018,DG-2e6dca4e47d4,rutile,0,1,1,0.5412896871566772,0.008781235665082932,0.8802853226661682,0.0048799156211316586,0.10605353116989136
VTM-008024,DG-6523804f739b,rutile,0,1,1,0.5351299047470093,0.0003991902049165219,0.9730175733566284,0.023587847128510475,0.002995430026203394
VTM-008032,DG-b94efdc6f66c,rutile,0,1,1,0.5432459115982056,0.05229870602488518,0.9150348901748657,0.01719123311340809,0.015475181862711906
VTM-008035,DG-a2848b06c1c6,rutile,0,1,1,0.5432241559028625,0.018667781725525856,0.7823529839515686,0.18558353185653687,0.013395714573562145
VTM-008036,DG-49324173995c,rutile,0,1,1,0.5446287393569946,0.04813755303621292,0.8760708570480347,0.0279675405472517,0.047824010252952576
VTM-008037,DG-868be94e2e92,rutile,0,1,2,0.525115966796875,0.001250297063961625,0.3821222186088562,0.6141061782836914,0.002521336078643799
VTM-008038,DG-07cbd71a0865,rutile,0,1,1,0.5483619570732117,0.16617321968078613,0.5560812950134277,0.21603824198246002,0.06170716881752014
VTM-008047,DG-fac5c63cc8c1,rutile,0,1,1,0.5437028408050537,0.027411524206399918,0.732012152671814,0.22657521069049835,0.01400117389857769
VTM-008058,DG-30855bec2c45,rutile,0,1,1,0.5392773747444153,0.007037365809082985,0.5909612774848938,0.3643963038921356,0.03760501742362976
VTM-008059,DG-a7bac81cf861,rutile,0,1,2,0.5372094511985779,0.04857735335826874,0.4035481810569763,0.46069052815437317,0.08718392252922058
VTM-008066,DG-692713a94210,rutile,0,1,0,0.5396586060523987,0.6953337788581848,0.17342396080493927,0.10775526612997055,0.023486997932195663
VTM-008069,DG-592a914da8e0,rutile,0,1,1,0.5406472682952881,0.009842980653047562,0.9518089294433594,0.03447246178984642,0.0038756364956498146
VTM-008073,DG-1b817da01ddf,rutile,0,1,1,0.5534946918487549,0.23859697580337524,0.5850734114646912,0.0845276266336441,0.09180203080177307
VTM-008076,DG-44eef5fae25f,rutile,0,1,1,0.5417242050170898,0.05520850419998169,0.899733304977417,0.0348205491900444,0.010237593203783035
VTM-008086,DG-487fbeec00c4,rutile,0,1,1,0.5411651134490967,0.021508369594812393,0.9675973653793335,0.006702624727040529,0.004191574640572071
VTM-008087,DG-c775a3ec9c79,rutile,0,1,3,0.5409975051879883,0.006483131088316441,0.15885360538959503,0.03630981594324112,0.7983534336090088
VTM-008098,DG-770d313b2929,rutile,0,1,1,0.5542613863945007,0.10745061933994293,0.5520082712173462,0.13288047909736633,0.20766061544418335
VTM-008100,DG-8e1cc3ce55a3,rutile,0,1,1,0.5378912091255188,0.0006125137442722917,0.888937771320343,0.10828894376754761,0.0021608155220746994
VTM-008103,DG-178878878760,rutile,0,1,1,0.5424578785896301,0.03022013232111931,0.9368316531181335,0.022134725004434586,0.01081344299018383
VTM-008104,DG-db1dbca8dc46,rutile,0,1,1,0.5432864427566528,0.05286192148923874,0.8960070610046387,0.042264051735401154,0.008867010474205017
VTM-008106,DG-4019b69d29d3,rutile,0,1,1,0.5498695373535156,0.07724016904830933,0.5021209120750427,0.19846639037132263,0.22217249870300293
VTM-008107,DG-ea3d5480ac2e,rutile,0,1,1,0.5372247099876404,0.0010136495111510158,0.96489417552948,0.03193867206573486,0.002153540961444378
VTM-008109,DG-db6038ce6a44,rutile,0,1,0,0.5405042171478271,0.4537777304649353,0.171458899974823,0.10791148245334625,0.26685184240341187
VTM-008114,DG-aaacda3cb80f,rutile,0,1,1,0.5489794611930847,0.17184951901435852,0.702635645866394,0.06878969073295593,0.0567251518368721
VTM-008115,DG-ee9a87b0ab1e,rutile,0,1,1,0.5392906069755554,0.0007402964401990175,0.9980090856552124,0.0010926231043413281,0.00015802934649400413
VTM-008118,DG-179cc83abdd9,rutile,0,1,1,0.5358583927154541,0.002783957403153181,0.9598467350006104,0.02283373847603798,0.014535592868924141
VTM-008119,DG-7b2fbfb3b470,rutile,0,1,2,0.5320345163345337,0.05984590947628021,0.2804689407348633,0.516719400882721,0.14296573400497437
VTM-008121,DG-9b82089c0d36,rutile,0,1,1,0.5484541654586792,0.08059343695640564,0.7392369508743286,0.1372235268354416,0.042946137487888336
VTM-008123,DG-3a2b2e7f3eae,rutile,0,1,1,0.5513949990272522,0.008963494561612606,0.5267255306243896,0.06664050370454788,0.3976704478263855
VTM-008128,DG-878648e84483,rutile,0,1,2,0.5098760724067688,0.0007306557381525636,0.08753770589828491,0.907148003578186,0.004583563655614853
VTM-008134,DG-6b1d76f3953b,rutile,0,1,0,0.538905918598175,0.7461051940917969,0.20941774547100067,0.005299191921949387,0.03917791321873665
VTM-008137,DG-6e939fb9860c,rutile,0,1,1,0.5381259918212891,0.002194526605308056,0.9675001502037048,0.021751195192337036,0.00855412520468235
VTM-008138,DG-93b3faa3f600,rutile,0,1,1,0.5385828018188477,0.0015920840669423342,0.9912757873535156,0.006478659342974424,0.0006534180720336735
VTM-008139,DG-5577989ff75e,rutile,0,1,0,0.5285390019416809,0.8808213472366333,0.1155586987733841,0.001407776609994471,0.0022122138179838657
VTM-008172,DG-24c14f1dbe67,rutile,0,1,1,0.5381076335906982,0.0009881514124572277,0.9251803159713745,0.005883418954908848,0.0679481029510498
VTM-008182,DG-88386d3ede84,rutile,0,1,1,0.5375054478645325,0.003481161780655384,0.9865761995315552,0.003381711896508932,0.006560909561812878
VTM-008193,DG-f84f338db424,rutile,0,1,1,0.5373521447181702,0.0020405929535627365,0.9561882019042969,0.036258064210414886,0.0055131749249994755
VTM-008199,DG-39ee22dc019b,rutile,0,1,1,0.550455629825592,0.0720522552728653,0.6834434270858765,0.11417102813720703,0.13033336400985718
VTM-008203,DG-7b9753be8bc3,rutile,0,1,0,0.5475727915763855,0.3039870262145996,0.2976321578025818,0.21921837329864502,0.1791624128818512
VTM-008208,DG-81d901fe141d,rutile,0,1,1,0.5404390096664429,0.004044645931571722,0.9886406660079956,0.006890150718390942,0.0004246000899001956
VTM-008212,DG-c85dbe094e7c,rutile,0,1,3,0.549311101436615,0.14306050539016724,0.2641129195690155,0.07463760673999786,0.5181889533996582
VTM-008214,DG-a867623d7bf3,rutile,0,1,1,0.5379211902618408,0.0024986304342746735,0.9799187183380127,0.015464560128748417,0.002118075266480446
VTM-008215,DG-0102d7fcf1be,rutile,0,1,0,0.5468393564224243,0.3624008893966675,0.284834086894989,0.23244017362594604,0.12032481282949448
VTM-008217,DG-19c51a694216,rutile,0,1,3,0.5345376133918762,0.305580735206604,0.0693010613322258,0.10163047909736633,0.5234878063201904
VTM-008218,DG-96f1a0505965,rutile,0,1,1,0.5413919687271118,0.03726842999458313,0.9295631647109985,0.0069132000207901,0.026255205273628235
VTM-008220,DG-9b32640533f0,rutile,0,1,1,0.5481193661689758,0.058234892785549164,0.7692856788635254,0.019950147718191147,0.1525292992591858
VTM-008222,DG-27ba75fc6243,rutile,0,1,1,0.5408415198326111,0.000662035308778286,0.8848809599876404,0.11402561515569687,0.00043142036884091794
VTM-008228,DG-b432c40d4a17,rutile,0,1,0,0.5468388795852661,0.3479372262954712,0.31091445684432983,0.08649925887584686,0.2546490728855133
VTM-008230,DG-0ca73b4e55e0,rutile,0,1,2,0.5074722766876221,0.015128588303923607,0.05337848886847496,0.7991981506347656,0.13229475915431976
VTM-008231,DG-27ca6a127bd0,rutile,0,1,1,0.5388873815536499,0.03363199159502983,0.5551129579544067,0.38921117782592773,0.022043852135539055
VTM-008233,DG-b998280bb8d6,rutile,0,1,1,0.5374650955200195,0.0006153209833428264,0.9414114952087402,0.057081349194049835,0.0008918411913327873
VTM-008239,DG-74658fb0af09,rutile,0,1,1,0.5504016876220703,0.11630834639072418,0.40904951095581055,0.07871397584676743,0.3959282338619232
VTM-008241,DG-31d6b2c3f3c2,rutile,0,1,1,0.5336207151412964,0.00023539442918263376,0.9930546283721924,0.005121872294694185,0.001588135026395321
VTM-008247,DG-67d6603c8b74,rutile,0,1,3,0.5431528091430664,0.15694759786128998,0.22496956586837769,0.1982528120279312,0.4198300242424011
VTM-008255,DG-71c0effa4eb1,rutile,0,1,2,0.524848222732544,0.009647656232118607,0.31762605905532837,0.6336862444877625,0.039040058851242065
VTM-008257,DG-4f4222ac7c39,rutile,0,1,2,0.5226304531097412,0.04040950536727905,0.2247055470943451,0.6995903253555298,0.0352945476770401
VTM-008259,DG-0000aadff800,titanite,0,1,1,0.550303041934967,0.011125274933874607,0.43131542205810547,0.17202985286712646,0.38552945852279663
VTM-008265,DG-80346a21b719,titanite,0,1,1,0.5388663411140442,0.01905764266848564,0.48359012603759766,0.4030332565307617,0.09431898593902588
VTM-008267,DG-97148a3a1138,titanite,0,1,2,0.5298031568527222,0.008526356890797615,0.3903735280036926,0.5671827793121338,0.033917319029569626
VTM-008268,DG-1f1b51b2208d,titanite,0,1,2,0.5094369053840637,0.00025968108093366027,0.06474198400974274,0.9341232776641846,0.0008750467095524073
VTM-008269,DG-222ef9355d7e,titanite,0,1,3,0.5491417646408081,0.11203958094120026,0.34943100810050964,0.17702138423919678,0.36150798201560974
VTM-008271,DG-cd419831ebe5,titanite,0,1,2,0.5217248201370239,0.0018584830686450005,0.06085884943604469,0.569403886795044,0.3678787350654602
VTM-008274,DG-81b6a2c402c7,titanite,0,1,2,0.5194857120513916,0.0009578558965586126,0.24646922945976257,0.7032053470611572,0.04936756193637848
VTM-008284,DG-ecb398c84372,titanite,0,1,1,0.5323201417922974,0.00011675415589706972,0.9328262805938721,0.04562123864889145,0.021435771137475967
VTM-008291,DG-3c147c6380ca,titanite,0,1,1,0.536801278591156,0.0012701295781880617,0.6724634170532227,0.29413920640945435,0.0321272648870945
VTM-008304,DG-7b2505b11a8c,titanite,0,1,2,0.517310380935669,0.00665004039183259,0.21169641613960266,0.7668957710266113,0.01475777942687273
VTM-008313,DG-835b15737272,titanite,0,1,1,0.5394454598426819,0.002311539137735963,0.974818229675293,0.02097320556640625,0.0018970778910443187
VTM-008321,DG-ce970c6214f6,titanite,0,1,1,0.5428761839866638,0.11146010458469391,0.47528594732284546,0.36823344230651855,0.04502049833536148
VTM-008327,DG-8209f3f06fa1,titanite,0,1,1,0.5526208281517029,0.13069769740104675,0.555612325668335,0.04515611752867699,0.2685338854789734
VTM-008336,DG-5a101a1a85a7,titanite,0,1,1,0.5371339321136475,0.0004738307907246053,0.9061871767044067,0.09230457246303558,0.0010343862231820822
VTM-008343,DG-41bf76dfa70c,titanite,0,1,1,0.5386227965354919,0.00030304049141705036,0.8276222348213196,0.1712636798620224,0.0008110624039545655
VTM-008350,DG-5392acb588dd,titanite,0,1,2,0.5100308656692505,0.01483121421188116,0.07683650404214859,0.8860287666320801,0.02230357751250267
VTM-008353,DG-6292443cc0cd,titanite,0,1,2,0.5079872608184814,0.006447136402130127,0.0735582560300827,0.8949213624000549,0.025073200464248657
VTM-008356,DG-0e327c6c2379,titanite,0,1,2,0.5132764577865601,0.006139502860605717,0.1357562392950058,0.8496407270431519,0.008463488891720772
VTM-008366,DG-2ac6d1506418,titanite,0,1,2,0.5209375023841858,0.004057067912071943,0.2952237129211426,0.6902623772621155,0.010456795804202557
VTM-008371,DG-5130f7916a46,titanite,0,1,2,0.5108769536018372,0.0018508859211578965,0.10388672351837158,0.8879334330558777,0.006328973453491926
VTM-008375,DG-1a27ab935ebf,titanite,0,1,1,0.5403627753257751,0.015140494331717491,0.9137961864471436,0.04459486901760101,0.026468461379408836
VTM-008376,DG-b454db917c27,titanite,0,1,3,0.5500439405441284,0.07202420383691788,0.34509843587875366,0.09032845497131348,0.49254894256591797
VTM-008378,DG-eb99523592f7,titanite,0,1,1,0.5423179268836975,0.012270325794816017,0.8061937093734741,0.1751040667295456,0.006431917659938335
VTM-008381,DG-885e1f8a031a,titanite,0,1,2,0.5202302932739258,0.0007956436602398753,0.2822033166885376,0.7157191038131714,0.001281948760151863
VTM-008382,DG-a6b2518b55f4,titanite,0,1,1,0.5375879406929016,0.0031221811659634113,0.6895720958709717,0.30139321088790894,0.00591249717399478
VTM-008387,DG-0567564d711c,titanite,0,1,1,0.540898859500885,0.005630957894027233,0.8678157329559326,0.11750361323356628,0.009049706161022186
VTM-008389,DG-907c0a2749ab,titanite,0,1,1,0.5390589833259583,0.0011430801823735237,0.9770531058311462,0.021087083965539932,0.0007167517323978245
VTM-008398,DG-903f66f4e2a6,titanite,0,1,0,0.5469669103622437,0.5496494770050049,0.3739468455314636,0.06103954091668129,0.015364155173301697
VTM-008399,DG-897b6c22dfc6,titanite,0,1,2,0.5107197165489197,0.0015104119665920734,0.1335575133562088,0.8556163311004639,0.009315719828009605
VTM-008406,DG-242084ca5cce,titanite,0,1,1,0.5433267951011658,0.027611184865236282,0.910955548286438,0.02574094757437706,0.03569234907627106
VTM-008408,DG-4266166d57b4,titanite,0,1,1,0.5472209453582764,0.12204430997371674,0.7559494972229004,0.0940915197134018,0.027914687991142273
VTM-008410,DG-7d2c9546bf46,titanite,0,1,1,0.5383239388465881,0.0069609396159648895,0.9441180229187012,0.032076265662908554,0.016844812780618668
VTM-008411,DG-186f644e3b43,titanite,0,1,2,0.5226691365242004,0.0034247362054884434,0.306265652179718,0.6866487264633179,0.0036608935333788395
VTM-008413,DG-71d92d6bdb11,titanite,0,1,0,0.540007472038269,0.6570541858673096,0.2879437208175659,0.024380963295698166,0.03062107414007187
VTM-008424,DG-5d47435f700f,titanite,0,1,2,0.5383721590042114,0.20413628220558167,0.2717444598674774,0.4322558045387268,0.09186343103647232
VTM-008437,DG-d5e78fe5540b,titanite,0,1,2,0.5163615942001343,0.0010011628037318587,0.20707914233207703,0.7907059192657471,0.0012137204175814986
VTM-008444,DG-4280a4272197,titanite,0,1,0,0.5396808981895447,0.5898317098617554,0.17833146452903748,0.1148173063993454,0.11701957136392593
VTM-008447,DG-66e696aa2d94,titanite,0,1,1,0.5368911027908325,0.0005657818401232362,0.7987146973609924,0.19461360573768616,0.006105915177613497
VTM-008453,DG-21eaeb565517,titanite,0,1,2,0.5204070210456848,0.002378924982622266,0.2850903272628784,0.7079954147338867,0.004535330925136805
VTM-008459,DG-a4f09cf94b67,titanite,0,1,1,0.5385146737098694,0.00145629548933357,0.9671274423599243,0.02831421047449112,0.003102049231529236
VTM-008461,DG-54f50b42c07a,titanite,0,1,1,0.5380245447158813,0.0022235517390072346,0.8000649213790894,0.184404656291008,0.013306811451911926
VTM-008463,DG-eb676519a058,titanite,0,1,2,0.5228477716445923,0.0011251855175942183,0.3423915505409241,0.6362600326538086,0.020223215222358704
VTM-008465,DG-a7521885b971,titanite,0,1,2,0.5264230370521545,0.0009609648259356618,0.39951807260513306,0.5980952978134155,0.0014256052672863007
VTM-008475,DG-0f4b629d9390,titanite,0,1,1,0.546455442905426,0.27773821353912354,0.3448655605316162,0.3280511200428009,0.049345098435878754
VTM-008476,DG-27b83318b9c2,titanite,0,1,0,0.5341030955314636,0.7987565994262695,0.1286684274673462,0.019517067819833755,0.05305790901184082
VTM-008478,DG-886009190a8e,titanite,0,1,1,0.5453919172286987,0.007278693839907646,0.3599761128425598,0.3016427457332611,0.3311024308204651
VTM-008479,DG-9ccfb599fd77,titanite,0,1,1,0.5352489352226257,0.015193898230791092,0.4947478473186493,0.4629790782928467,0.027079207822680473
VTM-008481,DG-4a007058bcf9,titanite,0,1,1,0.547868013381958,0.00848592258989811,0.45910415053367615,0.25186967849731445,0.28054025769233704
VTM-008482,DG-1fffaf6ae75b,titanite,0,1,1,0.5443968176841736,0.02374025247991085,0.8054659366607666,0.11445078998804092,0.05634301155805588
VTM-008488,DG-cf61cbc56945,titanite,0,1,1,0.5396528244018555,0.0027189457323402166,0.9917222261428833,0.004894154611974955,0.0006646789843216538
VTM-008490,DG-13f68d44547b,titanite,0,1,1,0.5379970669746399,0.000706368125975132,0.804585874080658,0.19303759932518005,0.0016701673157513142
VTM-008494,DG-b08fee62c352,titanite,0,1,1,0.5364491939544678,0.00042914494406431913,0.48822206258773804,0.4308621287345886,0.08048667013645172
VTM-008508,DG-2a1f698be405,titanite,0,1,1,0.5473995804786682,0.006088262423872948,0.7909582853317261,0.037340398877859116,0.165613055229187
VTM-008511,DG-38b189947097,titanite,0,1,0,0.537009596824646,0.6646163463592529,0.1339140385389328,0.09836886823177338,0.1031007319688797
VTM-008536,DG-530487ff77dd,titanite,0,1,1,0.5388807654380798,0.005511267110705376,0.8945950865745544,0.07208307087421417,0.027810582891106606
VTM-008544,DG-91878df83d40,titanite,0,1,1,0.5386537313461304,0.002726057544350624,0.8689777851104736,0.11732585728168488,0.010970266535878181
VTM-008553,DG-bb4ab0ab5d05,titanite,0,1,1,0.53889399766922,0.013169690035283566,0.6496126055717468,0.3299829959869385,0.007234747521579266
VTM-008554,DG-07584d91647f,titanite,0,1,1,0.5455640554428101,0.0823667123913765,0.8062047958374023,0.10260333120822906,0.008825184777379036
VTM-008562,DG-37eb764293e0,titanite,0,1,1,0.53603595495224,0.0023604268208146095,0.9826291799545288,0.007206994574517012,0.007803392596542835
VTM-008565,DG-cdf94a34139b,titanite,0,1,1,0.544416069984436,0.06002212315797806,0.8804677724838257,0.018220949918031693,0.041289202868938446
VTM-008572,DG-fd68011a9df0,titanite,0,1,1,0.5377315282821655,0.0017223546747118235,0.8232424259185791,0.16107897460460663,0.013956286013126373
VTM-008573,DG-14c183516716,titanite,0,1,1,0.5368861556053162,0.001048787496984005,0.7726713418960571,0.21955710649490356,0.006722814403474331
VTM-008574,DG-21d29ffc6ed9,titanite,0,1,1,0.5312320590019226,0.0004920187639072537,0.9693703651428223,0.02553071826696396,0.0046069081872701645
VTM-008578,DG-2c85111e7b4d,titanite,0,1,1,0.5357779860496521,0.00252815755084157,0.9366523027420044,0.05037251114845276,0.01044706255197525
VTM-008581,DG-defdf5c0157f,titanite,0,1,1,0.5442071557044983,0.023935211822390556,0.8766909837722778,0.08545607328414917,0.013917716220021248
VTM-008593,DG-d70851100832,titanite,0,1,1,0.5420645475387573,0.014330752193927765,0.8163279294967651,0.16410565376281738,0.005235699936747551
VTM-008598,DG-1b50211ce2f4,titanite,0,1,1,0.5359054803848267,0.007966877892613411,0.5608664155006409,0.4170680642127991,0.014098621904850006
VTM-008600,DG-98559e2cad9f,titanite,0,1,1,0.5379237532615662,0.0020793054718524218,0.6846346855163574,0.2889116704463959,0.024374324828386307
