image_id,split_group_id,true_label,gate,direct_true_probability,mapped_true_probability,fused_true_probability,hard_oracle_gate,soft_oracle_gate,routing_regret_nll
VTM-000010,DG-de799a8fec64,target_mineral,0.422809332609177,0.000032630108763,0.000103467449662,0.000073516755947,0,0.003109710523859,0.341743469238281
VTM-000021,DG-02d77b36654c,target_mineral,0.518838226795197,0.791924715042114,0.867154359817505,0.82812237739563,0,0.388468742370605,0.046056061983109
VTM-000025,DG-834694a900f8,target_mineral,0.575310468673706,0.988434314727783,0.97372967004776,0.982189416885376,1,0.518726825714111,0.00633801240474
VTM-000028,DG-1d76694ca56a,target_mineral,0.439847588539124,0.998566806316376,0.998180747032166,0.998350560665131,1,0.500483334064484,0.000216579530388
VTM-000068,DG-eb8aface81ea,target_mineral,0.423576533794403,0.555260002613068,0.82420951128006,0.710288763046265,0,0.1218591183424,0.14875316619873
VTM-000084,DG-f28e29d399dc,target_mineral,0.452464759349823,0.99621045589447,0.978725850582123,0.986636996269226,1,0.522119224071503,0.009656350128353
VTM-000086,DG-65665907131c,target_mineral,0.563641548156738,0.99992299079895,0.999777019023895,0.99985933303833,1,0.500182509422302,0.000063664687332
VTM-000094,DG-0d3035211918,target_mineral,0.42434224486351,0.960632622241974,0.990989208221436,0.978107571601868,0,0.461188733577728,0.013083987869322
VTM-000099,DG-0cb77f3a3394,target_mineral,0.416213989257812,0.222262844443321,0.29471543431282,0.264559656381607,0,0.196116134524345,0.107943534851074
VTM-000100,DG-134c1cda5ae8,target_mineral,0.409629374742508,0.443736910820007,0.436954230070114,0.439732640981674,1,0.519244730472565,0.009064972400665
VTM-000106,DG-97b93373f548,target_mineral,0.685127377510071,0.92417448759079,0.63624507188797,0.833513379096985,1,0.866062641143799,0.10325114428997
VTM-000121,DG-947c4a2d49b1,target_mineral,0.409779757261276,0.760202407836914,0.707780718803406,0.729262053966522,1,0.588375091552734,0.04155158996582
VTM-000125,DG-92cd703d8751,target_mineral,0.50963282585144,0.748140513896942,0.65590912103653,0.702913284301758,1,0.658775627613068,0.062357276678085
VTM-000128,DG-73af3e0fd0e5,target_mineral,0.470907032489777,0.896812558174133,0.790991365909576,0.840823292732239,1,0.651990234851837,0.06446535885334
VTM-000140,DG-93845f92f943,target_mineral,0.446208357810974,0.388501912355423,0.247559607028961,0.310449242591858,1,0.904929041862488,0.22427761554718
VTM-000144,DG-7b8d80377985,target_mineral,0.45207354426384,0.342036664485931,0.106284089386463,0.212861597537994,1,0.997111201286316,0.474275708198547
VTM-000148,DG-6b6127386ae0,target_mineral,0.525129973888397,0.380250006914139,0.3919597864151,0.385810613632202,0,0.462159603834152,0.015812635421753
VTM-000151,DG-f6ec95d06e37,target_mineral,0.439077943563461,0.13713102042675,0.115571722388268,0.1250379383564,1,0.701662719249725,0.09231960773468
VTM-000155,DG-41c3f25eedcf,target_mineral,0.472999900579453,0.803450465202332,0.704482018947601,0.751294076442719,1,0.658645451068878,0.067118361592293
VTM-000158,DG-ac0a79840c69,target_mineral,0.409020632505417,0.881885528564453,0.895337760448456,0.889835476875305,0,0.481085568666458,0.006164439022541
VTM-000168,DG-9549f16ca6f8,target_mineral,0.356841534376144,0.001039082184434,0.001299159135669,0.001206352841109,0,0.246587127447128,0.074115753173828
VTM-000174,DG-3c8051956848,target_mineral,0.575802624225616,0.999774515628815,0.998643457889557,0.999294757843018,1,0.501414954662323,0.000479981128592
VTM-000178,DG-7a19944a6977,target_mineral,0.398431897163391,0.068262323737144,0.139121875166893,0.110889166593552,0,0.027653461322188,0.226819038391113
VTM-000181,DG-bcfe127ab507,target_mineral,0.466051757335663,0.990336418151855,0.970480859279633,0.979734599590302,1,0.525294661521912,0.010762983001769
VTM-000186,DG-8de210fffeaa,target_mineral,0.536679923534393,0.000221790847718,0.000201313130674,0.000212303100852,1,0.6187784075737,0.043720245361328
VTM-000191,DG-2100b8d4655a,target_mineral,0.479080528020859,0.500759959220886,0.544434726238251,0.523510992527008,0,0.396970063447952,0.039190053939819
VTM-000195,DG-92c6b940c46e,target_mineral,0.539783537387848,0.997042000293732,0.9905024766922,0.994032382965088,1,0.508224904537201,0.003023111028597
VTM-000198,DG-7401df8c67d6,target_mineral,0.444031715393066,0.099299475550652,0.194195315241814,0.152058556675911,0,0.033776819705963,0.244598746299744
VTM-000227,DG-4630e0da03c1,target_mineral,0.532538831233978,0.999771058559418,0.999254286289215,0.999529480934143,1,0.5006462931633,0.00024166215735
VTM-000235,DG-7b45371666b6,target_mineral,0.505371868610382,0.991525828838348,0.972616970539093,0.982172966003418,1,0.524049758911133,0.009477567858994
VTM-000245,DG-1fb802e22fc8,target_mineral,0.424595594406128,0.004712382797152,0.008393282070756,0.0068303886801,0,0.052840460091829,0.206050395965576
VTM-000250,DG-cff71e195439,target_mineral,0.457722842693329,0.982888221740723,0.990627884864807,0.987085223197937,0,0.490196764469147,0.003582587465644
VTM-000253,DG-d78ae7856456,target_mineral,0.452415078878403,0.767721652984619,0.659961938858032,0.708714008331299,1,0.680533707141876,0.079975187778473
VTM-000255,DG-87ae78ae448b,target_mineral,0.524513125419617,0.996289372444153,0.994216918945312,0.995303988456726,1,0.502602875232697,0.000989543274045
VTM-000257,DG-5049063dc2ef,target_mineral,0.473634570837021,0.993631184101105,0.988036870956421,0.990686476230621,1,0.507057130336761,0.002967982087284
VTM-000264,DG-da94223b5a67,target_mineral,0.49392181634903,0.988645553588867,0.980360984802246,0.984452962875366,1,0.510517239570618,0.004249759018421
VTM-000269,DG-22f5c2a57f9b,target_mineral,0.520867347717285,0.000056769735238,0.000101921497844,0.000078403420048,0,0.050883311778307,0.262334823608398
VTM-000271,DG-2ad0853858a5,target_mineral,0.428648054599762,0.659451425075531,0.626067519187927,0.640377521514893,1,0.564574956893921,0.029350429773331
VTM-000274,DG-4ef8af2130d1,target_mineral,0.531081974506378,0.982112884521484,0.964735507965088,0.973964333534241,1,0.522300541400909,0.008331570774317
VTM-000275,DG-01acb20ce6af,target_mineral,0.475235670804977,0.995533227920532,0.981146931648254,0.987983822822571,1,0.518187344074249,0.007612177636474
VTM-000277,DG-8596bd375713,target_mineral,0.493562370538712,0.993552207946777,0.970372259616852,0.981813073158264,1,0.529474318027496,0.011885672807693
VTM-000279,DG-393984939add,target_mineral,0.381680369377136,0.02485454082489,0.009513683617115,0.015368986874819,1,0.991850018501282,0.480688810348511
VTM-000286,DG-a9e66e544943,target_mineral,0.564175665378571,0.373558044433594,0.632867693901062,0.486571490764618,0,0.066860921680927,0.262877523899078
VTM-000295,DG-022950aec806,target_mineral,0.482383370399475,0.811120390892029,0.767283082008362,0.788429498672485,1,0.569007575511932,0.028373509645462
VTM-000296,DG-7eeee3bf6195,target_mineral,0.46356463432312,0.994275271892548,0.996204137802124,0.995310008525848,0,0.497577428817749,0.000897939084098
VTM-000303,DG-c7d6902b0f52,target_mineral,0.404425084590912,0.022567812353373,0.054798796772957,0.04176377505064,0,0.01170785818249,0.271638870239258
VTM-000317,DG-23c65e850884,target_mineral,0.485944896936417,0.989363789558411,0.973370730876923,0.981142520904541,1,0.520360112190247,0.008344369009137
VTM-000318,DG-1963609157d8,target_mineral,0.413608461618423,0.000375723378966,0.000999693875201,0.000741614378057,0,0.007443234790117,0.298619747161865
VTM-000319,DG-03fad6b454d3,target_mineral,0.489577800035477,0.763546943664551,0.64308089017868,0.702058434486389,1,0.702351450920105,0.083957970142365
VTM-000324,DG-5b572bca6c6d,target_mineral,0.506513655185699,0.007083487231284,0.013650196604431,0.010324068367481,0,0.036265943199396,0.279275894165039
VTM-000332,DG-45e0e504e360,target_mineral,0.576285898685455,0.709581315517426,0.822541058063507,0.757443964481354,0,0.323306709527969,0.082448840141296
VTM-000333,DG-054b4ded8482,target_mineral,0.434787750244141,0.334306716918945,0.315988153219223,0.323952853679657,1,0.569980204105377,0.031460881233215
VTM-000338,DG-4d18b403f26f,target_mineral,0.51556932926178,0.000723654753529,0.003648478770629,0.002140529220924,0,0.000306876434479,0.533257484436035
VTM-000344,DG-2f8cebc5b197,target_mineral,0.368670225143433,0.014867153950036,0.001016040914692,0.006122533697635,1,0.999998450279236,0.887178421020508
VTM-000348,DG-a2483299fee4,target_mineral,0.449238926172256,0.010962715372443,0.014245443046093,0.012770714238286,0,0.212539851665497,0.10928201675415
VTM-000351,DG-a48fa79cf69f,target_mineral,0.366997450590134,0.02458792552352,0.001296422444284,0.009844345040619,1,0.999999642372131,0.915358304977417
VTM-000352,DG-1782d4b3d09c,target_mineral,0.458775728940964,0.00184881396126,0.0027131868992,0.002316633472219,0,0.128096073865891,0.158009052276611
VTM-000356,DG-a2c1700d01c0,target_mineral,0.539006531238556,0.999124944210052,0.998539805412292,0.998855233192444,1,0.500732243061066,0.0002699837205
VTM-000358,DG-4505009c7166,target_mineral,0.449420213699341,0.949765801429749,0.957691013813019,0.954129278659821,0,0.489614248275757,0.00372601673007
VTM-000359,DG-30c34c3d847b,target_mineral,0.46664497256279,0.000635083182715,0.000905129651073,0.000779113790486,0,0.145342245697975,0.14992094039917
VTM-000360,DG-1c1339c0ecd6,target_mineral,0.435495615005493,0.041045896708965,0.029326990246773,0.034430522471666,1,0.843025326728821,0.175747394561768
VTM-000364,DG-304b3e2f5877,target_mineral,0.641453564167023,0.99992847442627,0.999670922756195,0.999836087226868,1,0.500321984291077,0.000092398069683
VTM-000370,DG-0e59f5d8e9e4,target_mineral,0.424861907958984,0.000680568511598,0.00051486690063,0.00058526720386,1,0.801405429840088,0.150859832763672
VTM-000375,DG-7135d402d270,target_mineral,0.47643119096756,0.887726128101349,0.87010258436203,0.87849897146225,1,0.52504426240921,0.010448552668095
VTM-000376,DG-00ab810c1dea,target_mineral,0.521677732467651,0.88890939950943,0.927948951721191,0.907582879066467,0,0.446479082107544,0.02219182997942
VTM-000389,DG-4471c0222b39,target_mineral,0.497702240943909,0.999889135360718,0.999801635742188,0.999845147132874,1,0.500109374523163,0.000043994070438
VTM-000393,DG-3f40939f066b,target_mineral,0.552123069763184,0.478938937187195,0.393365651369095,0.440612614154816,1,0.72793436050415,0.083407044410706
VTM-000399,DG-26b764c57ddc,target_mineral,0.541671574115753,0.164032831788063,0.178437635302544,0.17063495516777,0,0.396310210227966,0.044712662696838
VTM-000402,DG-46dec4b46ad4,target_mineral,0.549309432506561,0.999932289123535,0.999929130077362,0.999930858612061,1,0.500003933906555,0.000001430613338
VTM-000405,DG-b0bfb8edf35a,target_mineral,0.436845332384109,0.227689728140831,0.21267469227314,0.219233945012093,1,0.584457874298096,0.03784453868866
VTM-000412,DG-843b1c898c47,target_mineral,0.536998629570007,0.997367918491364,0.997098684310913,0.997243285179138,1,0.500337481498718,0.000124969985336
VTM-000415,DG-4892c85208f5,target_mineral,0.479153215885162,0.999278843402863,0.9993896484375,0.99933660030365,0,0.499861389398575,0.000053081952501
VTM-000416,DG-01b17c267ab6,target_mineral,0.411988317966461,0.154310986399651,0.078067898750305,0.109479159116745,1,0.967921197414398,0.343235731124878
VTM-000422,DG-b99d9ad9680f,target_mineral,0.575290739536285,0.994991481304169,0.993943393230438,0.994546353816986,1,0.501317381858826,0.000447468366474
VTM-000426,DG-9bbc69442c87,target_mineral,0.46412205696106,0.997485399246216,0.998230874538422,0.9978848695755,0,0.499066144227982,0.000346678309143
VTM-000436,DG-229c5d1f2165,target_mineral,0.523007154464722,0.99773383140564,0.997811675071716,0.99777090549469,0,0.49990251660347,0.000040859682485
VTM-000440,DG-26e215fcf397,target_mineral,0.480292201042175,0.988843679428101,0.952799201011658,0.970111072063446,1,0.546282231807709,0.019125686958432
VTM-000446,DG-0182b1ffd727,target_mineral,0.556970417499542,0.996784806251526,0.998619377613068,0.997597575187683,0,0.497701525688171,0.001023738877848
VTM-000447,DG-74f509f8f214,target_mineral,0.44482833147049,0.983558714389801,0.948964715003967,0.964353084564209,1,0.544637978076935,0.019719835370779
VTM-000454,DG-b3b80973fad4,target_mineral,0.545262634754181,0.990105211734772,0.991690576076508,0.99082612991333,0,0.498000055551529,0.000872069038451
VTM-000480,DG-0374a0215e25,target_mineral,0.47191521525383,0.996951103210449,0.984186589717865,0.990210294723511,1,0.516102254390717,0.006784385070205
VTM-000486,DG-3404a4c37c78,target_mineral,0.527282416820526,0.984262704849243,0.970593512058258,0.977801084518433,1,0.517474234104156,0.006586579605937
VTM-000495,DG-cd33cc03272a,target_mineral,0.535785257816315,0.997644484043121,0.998392939567566,0.997991919517517,0,0.499062567949295,0.000401746248826
VTM-000515,DG-dedfb348a740,target_mineral,0.611789166927338,0.999918103218079,0.999710261821747,0.999837398529053,1,0.500259816646576,0.0000807145625
VTM-000516,DG-066bdb998722,target_mineral,0.541786551475525,0.987932622432709,0.996826827526093,0.992008090019226,0,0.488798648118973,0.004845798946917
VTM-000519,DG-7a74423f6148,target_mineral,0.47020959854126,0.076566360890865,0.087312795221806,0.082259714603424,0,0.341482073068619,0.059615612030029
VTM-000520,DG-0cd6b458a201,target_mineral,0.531535565853119,0.958207130432129,0.916099011898041,0.938480973243713,1,0.555939197540283,0.02080138027668
VTM-000536,DG-b6c39ebba6ea,target_mineral,0.471366465091705,0.469658493995667,0.37911719083786,0.421795308589935,1,0.744749426841736,0.10748565196991
VTM-000546,DG-c7420c1b2740,target_mineral,0.537620484828949,0.004291013814509,0.002753049135208,0.003579890588298,1,0.901948869228363,0.181190490722656
VTM-000563,DG-4296abd6bef5,target_mineral,0.576360702514648,0.999923944473267,0.999830663204193,0.999884486198425,1,0.500116586685181,0.000039462051063
VTM-000569,DG-766b882a7bd3,target_mineral,0.387826502323151,0.966324865818024,0.954526484012604,0.959102153778076,1,0.515351057052612,0.007502485066652
VTM-000578,DG-095650be25fb,target_mineral,0.530847549438477,0.999573767185211,0.999369502067566,0.999477982521057,1,0.500255465507507,0.000095830124337
VTM-000585,DG-f70fa0342c91,target_mineral,0.609317302703857,0.998422265052795,0.994305491447449,0.996813893318176,1,0.505164563655853,0.001612212276086
VTM-000596,DG-92087835a076,target_mineral,0.559122145175934,0.998611450195312,0.995311200618744,0.997156500816345,1,0.504137814044952,0.001458034734242
VTM-000604,DG-e888896d9b37,target_mineral,0.403283774852753,0.108177684247494,0.021411651745439,0.056402985006571,1,0.999696373939514,0.65125298500061
VTM-000609,DG-a39935564f74,target_mineral,0.431946784257889,0.559845983982086,0.621544420719147,0.594893991947174,0,0.372214496135712,0.043824136257172
VTM-000624,DG-3cce33a6ffbb,target_mineral,0.487328678369522,0.787621796131134,0.717884361743927,0.751869440078735,1,0.613855421543121,0.046455323696136
VTM-000629,DG-9b35375352db,target_mineral,0.584636270999908,0.999292612075806,0.998484969139099,0.99895715713501,1,0.501010656356812,0.000335748773068
VTM-000636,DG-1405e8e74d83,target_mineral,0.4752217233181,0.968490660190582,0.919599533081055,0.942833662033081,1,0.564391136169434,0.026848964393139
VTM-000650,DG-9e3f5c033faf,target_mineral,0.513475000858307,0.987958431243896,0.98362272977829,0.985849022865295,1,0.505497515201569,0.002137401141226
VTM-000652,DG-b01298ae6cdb,target_mineral,0.44901904463768,0.845100700855255,0.806074619293213,0.823598027229309,1,0.558825671672821,0.025773212313652
VTM-000659,DG-37c895d8c548,target_mineral,0.579494118690491,0.714683294296265,0.482095658779144,0.616878807544708,1,0.877448260784149,0.147166937589645
VTM-000662,DG-2a0fe031cac1,target_mineral,0.456418067216873,0.694744467735291,0.460812091827393,0.567583084106445,1,0.886227071285248,0.20215693116188
VTM-000670,DG-6357d6bf990d,target_mineral,0.521416664123535,0.000003110446414,0.000009206402865,0.000006027869858,0,0.004382852464914,0.423505783081055
VTM-000671,DG-8be949c54504,target_mineral,0.476372748613358,0.627150654792786,0.733496367931366,0.682836174964905,0,0.313635110855103,0.071567684412003
VTM-000672,DG-ed3c66600628,target_mineral,0.467046439647675,0.999926328659058,0.999637961387634,0.999772667884827,1,0.500360488891602,0.000153683911776
VTM-000680,DG-a7b69a564f94,target_mineral,0.530939519405365,0.999360978603363,0.999267995357513,0.999317407608032,1,0.500116288661957,0.000043599808123
VTM-000682,DG-3a8ea9b2f8b5,target_mineral,0.442146271467209,0.937873721122742,0.797189950942993,0.859392762184143,1,0.692665755748749,0.087389260530472
VTM-000689,DG-c23942417425,target_mineral,0.504716813564301,0.889597833156586,0.725071609020233,0.808110773563385,1,0.735458374023438,0.096070341765881
VTM-000708,DG-c52411578891,target_mineral,0.482099145650864,0.979879021644592,0.974426448345184,0.977055072784424,1,0.506974637508392,0.002886097878218
VTM-000718,DG-6f1fc593083c,target_mineral,0.413019746541977,0.024840699508786,0.012493409216404,0.017593083903193,1,0.968823313713074,0.344977378845215
VTM-000722,DG-941068494d83,target_mineral,0.505762219429016,0.061332050710917,0.038165900856256,0.049882464110851,1,0.914651572704315,0.2066330909729
VTM-000726,DG-dc1c8674eb97,target_mineral,0.408797562122345,0.545442342758179,0.292152971029282,0.395697057247162,1,0.957774877548218,0.32094818353653
VTM-000735,DG-0cfbdf44d8ac,target_mineral,0.545835375785828,0.017399339005351,0.02487919293344,0.020796425640583,0,0.143318399786949,0.179250717163086
VTM-000748,DG-010582eeea15,target_mineral,0.529705464839935,0.993021428585052,0.982543587684631,0.988093793392181,1,0.513256311416626,0.004974617622793
VTM-000752,DG-57a3f51fe77b,target_mineral,0.498247355222702,0.998800158500671,0.997478008270264,0.998136758804321,1,0.501655757427216,0.000664417282678
VTM-000762,DG-b21a383d2487,target_mineral,0.390278249979019,0.431888669729233,0.297316312789917,0.349836975336075,1,0.86609411239624,0.210700511932373
VTM-000769,DG-8af9664b4c05,target_mineral,0.600760459899902,0.996887505054474,0.992919504642487,0.995303332805634,1,0.504985272884369,0.001590382540599
VTM-000773,DG-d0373b75621b,target_mineral,0.47696378827095,0.971774935722351,0.966276586055756,0.968899130821228,1,0.507092177867889,0.002963719889522
VTM-000779,DG-4fe4247df2a8,target_mineral,0.538718581199646,0.995509147644043,0.991037428379059,0.993446469306946,1,0.505627274513245,0.002074132673442
VTM-000786,DG-35d3105fc54c,target_mineral,0.517137765884399,0.996498227119446,0.997656166553497,0.997057318687439,0,0.498548328876495,0.000600434839725
VTM-000802,DG-bd6d5b0fc43d,target_mineral,0.404734253883362,0.166198834776878,0.138040736317635,0.14943727850914,1,0.716705918312073,0.106308102607727
VTM-000805,DG-ab7ab3811ea3,target_mineral,0.383624523878098,0.988603830337524,0.98444277048111,0.986039042472839,1,0.505272209644318,0.002597725018859
VTM-000808,DG-22fa6310aff3,target_mineral,0.511686623096466,0.995196402072906,0.986177265644073,0.990792274475098,1,0.511377990245819,0.004435205832124
VTM-000817,DG-761bae88ef1e,target_mineral,0.587409794330597,0.999292492866516,0.997811257839203,0.998681306838989,1,0.501854240894318,0.0006118058227
VTM-000824,DG-cae8deaf336a,target_mineral,0.448972821235657,0.28277525305748,0.173569709062576,0.222600027918816,1,0.919854044914246,0.239275813102722
VTM-000830,DG-d9138bce157b,target_mineral,0.617836117744446,0.812325596809387,0.63681161403656,0.745250523090363,1,0.771559298038483,0.086180806159973
VTM-000832,DG-b96d92a292a4,target_mineral,0.521384477615356,0.099454432725906,0.024242931976914,0.063457041978836,1,0.99914014339447,0.449336528778076
VTM-000838,DG-f0bef7b93979,target_mineral,0.498901158571243,0.996660113334656,0.995419025421143,0.996038198471069,1,0.501557528972626,0.000624193809927
VTM-000848,DG-ae498e22dbc7,target_mineral,0.573385000228882,0.993746638298035,0.986437439918518,0.99062842130661,1,0.50922691822052,0.003142772242427
VTM-000849,DG-3aecf3f78d73,target_mineral,0.457190781831741,0.063648290932178,0.032131794840097,0.046540848910809,1,0.96825110912323,0.313041925430298
VTM-000857,DG-750826b46bc8,target_mineral,0.568083345890045,0.992048680782318,0.993901252746582,0.992848873138428,0,0.497667878866196,0.001059398055077
VTM-000877,DG-a4f6a22b0834,target_mineral,0.551387786865234,0.915421545505524,0.86814284324646,0.894211769104004,1,0.565899908542633,0.023442037403584
VTM-000882,DG-68969453403f,target_mineral,0.561958789825439,0.999842643737793,0.999313592910767,0.999610900878906,1,0.500661611557007,0.000231806203374
VTM-000889,DG-9ec84b1c3b1f,target_mineral,0.48871436715126,0.969323396682739,0.979797601699829,0.974678754806519,0,0.486568599939346,0.005238085985184
VTM-000895,DG-83b7a86707f0,target_mineral,0.432415753602982,0.000979253090918,0.000368099921616,0.000632372219115,1,0.992550849914551,0.437312126159668
VTM-000901,DG-33aeb3afee1c,target_mineral,0.556296765804291,0.999486327171326,0.995535731315613,0.997733473777771,1,0.504950404167175,0.001755293924361
VTM-000902,DG-67fc394ffd69,target_mineral,0.512294769287109,0.911825954914093,0.76948755979538,0.842406749725342,1,0.700277984142303,0.079186163842678
VTM-000913,DG-d89aa41f3591,target_mineral,0.484432399272919,0.945546746253967,0.917372226715088,0.931020855903625,1,0.537740588188171,0.015481647104025
VTM-000914,DG-cabdda36ed80,target_mineral,0.510493993759155,0.946306645870209,0.768839120864868,0.859435200691223,1,0.738545894622803,0.096291244029999
VTM-000928,DG-b7eded2dcc53,target_mineral,0.57111531496048,0.999624967575073,0.99932849407196,0.999497830867767,1,0.500370800495148,0.000127192499349
VTM-000938,DG-c1f73d80cd03,target_mineral,0.479175418615341,0.964997589588165,0.871496796607971,0.916300058364868,1,0.624704957008362,0.051781721413136
VTM-000951,DG-2a123dcd3038,target_mineral,0.484035611152649,0.252093970775604,0.302334427833557,0.278016269207001,0,0.287274181842804,0.083854198455811
VTM-000955,DG-7d3a98f1e72a,target_mineral,0.536241710186005,0.968620955944061,0.96966814994812,0.969106614589691,0,0.498649328947067,0.000579265877604
VTM-000962,DG-b929b3b86b15,target_mineral,0.476991534233093,0.447955012321472,0.345448791980743,0.394343376159668,1,0.785707354545593,0.127470791339874
VTM-000974,DG-655c77de7774,target_mineral,0.557005286216736,0.999981641769409,0.999956130981445,0.999970316886902,1,0.500031888484955,0.000011325153537
VTM-000983,DG-e64f2c7ee759,target_mineral,0.507035374641418,0.988506197929382,0.979106187820435,0.983872294425964,1,0.511941254138947,0.00469880644232
VTM-000986,DG-1896fc46a326,target_mineral,0.421955496072769,0.000343466352206,0.000797607877757,0.000605980399996,0,0.014591179788113,0.274769306182861
VTM-000994,DG-26cfb8a047e3,target_mineral,0.392097502946854,0.999864220619202,0.999451637268066,0.999613404273987,1,0.500515878200531,0.000250881857937
VTM-000995,DG-d0bbc290947e,target_mineral,0.437587112188339,0.813893496990204,0.553454041481018,0.667418956756592,1,0.873056054115295,0.198411554098129
VTM-001001,DG-27608015d71b,target_mineral,0.485861450433731,0.157128438353539,0.154300168156624,0.155674308538437,1,0.522688984870911,0.009297370910645
VTM-001003,DG-c918290a9b35,target_mineral,0.505844473838806,0.999931693077087,0.999931395053864,0.999931514263153,1,0.500000417232513,0.00000017882121
VTM-001006,DG-667908559ec7,target_mineral,0.445832699537277,0.86115437746048,0.726031959056854,0.786273956298828,1,0.701279640197754,0.090968519449234
VTM-001007,DG-ce6525f8700a,target_mineral,0.377457201480865,0.081162042915821,0.021997889503837,0.044329825788736,1,0.998539447784424,0.604789733886719
VTM-001010,DG-75528e48d5ef,target_mineral,0.557827055454254,0.995148003101349,0.991342186927795,0.993465185165405,1,0.504789471626282,0.001692454330623
VTM-001011,DG-122b1631d7c9,target_mineral,0.471343100070953,0.968437910079956,0.965401709079742,0.966832756996155,1,0.503925025463104,0.001658841967583
VTM-001013,DG-25c6ebca1f79,target_mineral,0.513244450092316,0.027407174929976,0.024184852838516,0.025838691741228,1,0.651443719863892,0.058931827545166
VTM-001014,DG-667c44301a4e,target_mineral,0.452708512544632,0.000171759587829,0.000223280367209,0.000199956470169,0,0.212209224700928,0.110328674316406
VTM-001016,DG-877f56dec13a,target_mineral,0.564129948616028,0.99995219707489,0.999774873256683,0.999874949455261,1,0.50022166967392,0.000077254291682
VTM-001024,DG-c8c8becfb1f6,target_mineral,0.543298602104187,0.906549572944641,0.737343549728394,0.829272985458374,1,0.73748916387558,0.089096315205097
VTM-001028,DG-e783c078edbc,target_mineral,0.550199866294861,0.997858345508575,0.997475147247314,0.99768602848053,1,0.500480115413666,0.000172701664269
VTM-001044,DG-ff9c71ecc36a,target_mineral,0.45005863904953,0.999536991119385,0.999416768550873,0.999470889568329,1,0.500150382518768,0.000066134380177
VTM-001047,DG-9dff3b622070,target_mineral,0.479189336299896,0.999151587486267,0.9995476603508,0.999357879161835,0,0.499504566192627,0.00018988508964
VTM-001050,DG-787ac9c41959,target_mineral,0.464631408452988,0.075054638087749,0.047990005463362,0.060565080493689,1,0.90344625711441,0.214497804641724
VTM-001053,DG-750f5d0fbed9,target_mineral,0.424300640821457,0.524921774864197,0.513661205768585,0.518439054489136,1,0.527080118656158,0.012426793575287
VTM-001062,DG-a0122c32d33b,target_mineral,0.53137344121933,0.999932646751404,0.999955534934998,0.999943375587463,0,0.499971389770508,0.000012159962353
VTM-001063,DG-eb8584897af3,target_mineral,0.563563764095306,0.996568918228149,0.995561599731445,0.996129274368286,1,0.501264095306396,0.000441254815087
VTM-001065,DG-6393b0999c7f,target_mineral,0.441650956869125,0.538030385971069,0.46840301156044,0.49915400147438,1,0.666618347167969,0.07500034570694
VTM-001066,DG-7ba913c0c901,target_mineral,0.527527868747711,0.992789566516876,0.986476421356201,0.989806771278381,1,0.507973432540894,0.003008981235325
VTM-001072,DG-03cebc55504e,target_mineral,0.408758461475372,0.468780428171158,0.625334084033966,0.561341464519501,0,0.191428020596504,0.107956647872925
VTM-001079,DG-8d56ab7d5356,target_mineral,0.556721270084381,0.977650046348572,0.978223204612732,0.977904081344604,0,0.499267399311066,0.000326279550791
VTM-001108,DG-36e4d8fe768f,target_mineral,0.516896665096283,0.979177296161652,0.960679411888123,0.970240950584412,1,0.523821949958801,0.009168282151222
VTM-001110,DG-6b685c91f7f4,target_mineral,0.571561396121979,0.997526705265045,0.994822919368744,0.996368288993835,1,0.503392696380615,0.001161963446066
VTM-001119,DG-a357023c9e4e,target_mineral,0.469676494598389,0.01183483377099,0.007718336768448,0.00965175870806,1,0.894470453262329,0.203907012939453
VTM-001125,DG-2f41cca5e43c,target_mineral,0.484462112188339,0.795896351337433,0.624593794345856,0.707583367824554,1,0.770623922348022,0.117613509297371
VTM-001129,DG-fe2618c191cd,target_mineral,0.410574465990067,0.657316565513611,0.68361622095108,0.672818303108215,0,0.451117962598801,0.015921354293823
VTM-001133,DG-e21b856510cc,target_mineral,0.480491459369659,0.999806940555573,0.999657571315765,0.99972927570343,1,0.500186741352081,0.000077682852861
VTM-001145,DG-2e049c65edf0,target_mineral,0.486412614583969,0.955596923828125,0.930265426635742,0.942586958408356,1,0.533532381057739,0.013708017766476
VTM-001146,DG-54169e174bc5,target_mineral,0.551155805587769,0.000041284947656,0.000028358592317,0.000035483026295,1,0.867362499237061,0.151443481445312
VTM-001154,DG-b218ecc00a11,target_mineral,0.5836501121521,0.999958515167236,0.999877572059631,0.999924838542938,1,0.500101208686829,0.000033678585169
VTM-001155,DG-b7a8837254d7,target_mineral,0.436853528022766,0.999098896980286,0.999386072158813,0.999260663986206,0,0.499640733003616,0.000125493097585
VTM-001167,DG-7f9bd8a744c3,target_mineral,0.43821969628334,0.07862962782383,0.066041260957718,0.071557730436325,1,0.70523339509964,0.094244003295898
VTM-001171,DG-64792b22a49e,target_mineral,0.485991626977921,0.991103053092957,0.965644061565399,0.978016972541809,1,0.532483220100403,0.013291493058205
VTM-001172,DG-6cfc0f0f72ec,target_mineral,0.537338018417358,0.998730003833771,0.999544262886047,0.999106764793396,0,0.498981297016144,0.000437793409219
VTM-001178,DG-998c8cab27b0,target_mineral,0.465081095695496,0.974902153015137,0.962111115455627,0.96806001663208,1,0.516502916812897,0.007043022662401
VTM-001179,DG-ab4dfa03f97a,target_mineral,0.546173453330994,0.997850298881531,0.995060324668884,0.996584177017212,1,0.503499805927277,0.001269655302167
VTM-001183,DG-5a709c002b49,target_mineral,0.467936307191849,0.334788501262665,0.168339088559151,0.246226817369461,1,0.968859016895294,0.307245850563049
VTM-001190,DG-7dd248a77538,target_mineral,0.57729583978653,0.713854014873505,0.649170219898224,0.686511874198914,1,0.616546988487244,0.039054960012436
VTM-001191,DG-4006a0036304,target_mineral,0.502521157264709,0.998560607433319,0.999011635780334,0.998785018920898,0,0.499435514211655,0.000226866803132
VTM-001196,DG-77136c1a78af,target_mineral,0.454762846231461,0.881518065929413,0.794953525066376,0.834319889545441,1,0.626401364803314,0.05502861738205
VTM-001214,DG-e0efb09d0a2e,target_mineral,0.585339963436127,0.997888743877411,0.991271317005157,0.995144784450531,1,0.508316159248352,0.00275355251506
VTM-001221,DG-116305ff0ab7,target_mineral,0.618370532989502,0.999770700931549,0.999422490596771,0.999637842178345,1,0.500435411930084,0.000132898057927
VTM-001222,DG-13596ba772d9,target_mineral,0.428389310836792,0.924343049526215,0.954652547836304,0.941668272018433,0,0.459757030010223,0.013694390654564
VTM-001223,DG-debcfbf2e066,target_mineral,0.578551113605499,0.986111998558044,0.966077864170074,0.977668642997742,1,0.525634407997131,0.008599135093391
VTM-001227,DG-edcbd7866319,target_mineral,0.506965041160583,0.986806809902191,0.955813884735107,0.971526265144348,1,0.539804458618164,0.015605982393026
VTM-001237,DG-2abde3967615,target_mineral,0.526423573493958,0.984886944293976,0.941924393177032,0.964540898799896,1,0.555522382259369,0.020874623209238
VTM-001245,DG-e9b769615b80,target_mineral,0.460954278707504,0.201807871460915,0.132239952683449,0.164307579398155,1,0.892207384109497,0.205575942993164
VTM-001249,DG-d3a019827fdf,target_mineral,0.550487637519836,0.999764025211334,0.999280095100403,0.999546527862549,1,0.500605165958405,0.000217572349356
VTM-001261,DG-b6d59d54cb99,target_mineral,0.515328526496887,0.75610226392746,0.794779300689697,0.77484792470932,0,0.437961518764496,0.025397688150406
VTM-001273,DG-d099c941f251,target_mineral,0.511334478855133,0.999298810958862,0.998655319213867,0.998984336853027,1,0.500805199146271,0.000314744364005
VTM-001282,DG-12a1b3fc76a3,target_mineral,0.529635071754456,0.000124155310914,0.000223460214329,0.000170864863321,0,0.050282880663872,0.268360137939453
VTM-001288,DG-337282447e9f,target_mineral,0.419508427381516,0.005736501887441,0.005495520308614,0.005596613977104,1,0.553440451622009,0.024687767028809
VTM-001292,DG-8b852254d1fc,target_mineral,0.452387154102325,0.99083685874939,0.995164334774017,0.99320662021637,0,0.494552701711655,0.001969165168703
VTM-001295,DG-51e85e0f298f,target_mineral,0.511689007282257,0.806509375572205,0.64315140247345,0.726739883422852,1,0.756148219108582,0.104146897792816
VTM-001298,DG-55df385c03a7,target_mineral,0.528689384460449,0.980781435966492,0.986785590648651,0.983611285686493,0,0.492371678352356,0.003221998922527
VTM-001299,DG-d8a423cdb82b,target_mineral,0.404748469591141,0.113380081951618,0.104165256023407,0.107894942164421,1,0.60440069437027,0.049587726593018
VTM-001301,DG-80aa1d1eedda,target_mineral,0.431741416454315,0.147722706198692,0.181483820080757,0.166907757520676,0,0.263249307870865,0.083725214004517
VTM-001303,DG-db040277a56e,target_mineral,0.395411342382431,0.7842897772789,0.722132444381714,0.746710121631622,1,0.601771056652069,0.049101516604424
VTM-001304,DG-bdaffa012f1b,target_mineral,0.508808255195618,0.963806986808777,0.941655337810516,0.952926278114319,1,0.529031932353973,0.011353511363268
VTM-001318,DG-322e7986f0e2,target_mineral,0.462547093629837,0.992529928684235,0.986069798469543,0.989057958126068,1,0.508161783218384,0.003504233900458
VTM-001323,DG-07428b24b9da,target_mineral,0.537682831287384,0.836013495922089,0.78424483537674,0.812079906463623,1,0.579231023788452,0.029046013951302
VTM-001329,DG-eb1417043974,target_mineral,0.421290397644043,0.986347258090973,0.944787800312042,0.962296366691589,1,0.55360335111618,0.024686004966497
VTM-001332,DG-d0a82615d542,target_mineral,0.531413435935974,0.995071709156036,0.983631789684296,0.989711105823517,1,0.514449954032898,0.005401716101915
VTM-001347,DG-537858c6c8ac,target_mineral,0.429717183113098,0.989410817623138,0.971279501914978,0.979070782661438,1,0.523102700710297,0.010505691170692
VTM-001359,DG-795c73445594,target_mineral,0.531833529472351,0.998983085155487,0.998432755470276,0.998725414276123,1,0.500688791275024,0.000257966341451
VTM-001361,DG-944c3d022c5b,target_mineral,0.489482194185257,0.952809810638428,0.933146297931671,0.942771255970001,1,0.526043057441711,0.010591633617878
VTM-001383,DG-bb2260f3efc1,target_mineral,0.63402247428894,0.999640464782715,0.999000906944275,0.999406456947327,1,0.500799953937531,0.00023411939037
VTM-001384,DG-aa44d5c33cf9,target_mineral,0.563187777996063,0.998093664646149,0.995521485805511,0.996970117092133,1,0.50322550535202,0.001126327551901
VTM-001390,DG-44bec2fc4346,target_mineral,0.564895570278168,0.999670743942261,0.99941873550415,0.999561131000519,1,0.500315129756927,0.000109655054985
VTM-001402,DG-c35a71af2b15,target_mineral,0.435869306325912,0.999926328659058,0.999857902526855,0.999887704849243,1,0.500085532665253,0.000038627404138
VTM-001410,DG-58b3c857ed3e,target_mineral,0.490240782499313,0.998013377189636,0.997790455818176,0.99789971113205,1,0.500279247760773,0.0001138986554
VTM-001417,DG-5688035b4ca9,target_mineral,0.427283883094788,0.962997198104858,0.862661123275757,0.905533075332642,1,0.634168684482574,0.061526697129011
VTM-001423,DG-708917b47fa2,target_mineral,0.488269567489624,0.999992251396179,0.999979555606842,0.999985694885254,1,0.50001585483551,0.000006556583685
VTM-001431,DG-94e9f3bef394,target_mineral,0.517469763755798,0.988418161869049,0.977203845977783,0.983006954193115,1,0.514259338378906,0.005489654839039
VTM-001449,DG-03af000b3c50,target_mineral,0.385067731142044,0.140505850315094,0.012641475535929,0.06187792122364,1,0.999994158744812,0.820085644721985
VTM-001454,DG-a3dc4613f3a0,target_mineral,0.594057679176331,0.999996662139893,0.999996483325958,0.999996602535248,1,0.500000238418579,0.000000059604645
VTM-001455,DG-fd757412518a,target_mineral,0.650771141052246,0.999958634376526,0.999971151351929,0.999962985515594,0,0.499984383583069,0.000008166103726
VTM-001486,DG-3e62e0f6f971,target_mineral,0.46375972032547,0.939181447029114,0.890981495380402,0.913334727287292,1,0.565478086471558,0.027906253933907
VTM-001493,DG-f6120fbf46a1,target_mineral,0.442713022232056,0.095328606665134,0.402532070875168,0.266529083251953,0,0.000744372955523,0.412291407585144
VTM-001500,DG-b2ad78db7124,target_mineral,0.492719113826752,0.9924556016922,0.988209009170532,0.990301370620728,1,0.505359888076782,0.002172966487706
VTM-001544,DG-c954259e0e6c,target_mineral,0.524797320365906,0.926526129245758,0.801958858966827,0.867331385612488,1,0.67303067445755,0.066021114587784
VTM-001552,DG-972e8385e9ae,target_mineral,0.55360609292984,0.536301910877228,0.376577705144882,0.465002000331879,1,0.854191839694977,0.142655551433563
VTM-001559,DG-1f85d7d4b5c3,target_mineral,0.55059540271759,0.991943955421448,0.980601489543915,0.986846625804901,1,0.514371633529663,0.005151975899935
VTM-001568,DG-725b96f47bf5,target_mineral,0.333557635545731,0.001318991417065,0.000051574163081,0.000474330881843,1,0.99999988079071,1.022717475891113
VTM-001569,DG-0b72c084915b,target_mineral,0.630550503730774,0.972168743610382,0.913825392723083,0.950613796710968,1,0.576750814914703,0.022421514615417
VTM-001574,DG-ae33164e67e6,target_mineral,0.366299778223038,0.000534521357622,0.000140512129292,0.000284837617073,1,0.998746275901794,0.629452705383301
VTM-001597,DG-8696b53bb753,target_mineral,0.549860060214996,0.999669909477234,0.999893724918365,0.999770641326904,0,0.499720126390457,0.000123104255181
VTM-001604,DG-a20a3d666cef,target_mineral,0.495016276836395,0.994987964630127,0.988871216773987,0.991899132728577,1,0.507707536220551,0.003109219949692
VTM-001618,DG-7b8fa0c4d38e,target_mineral,0.547849118709564,0.998812913894653,0.994884490966797,0.997036695480347,1,0.504925906658173,0.001779912621714
VTM-001620,DG-cb9abad43c30,target_mineral,0.570854365825653,0.992538511753082,0.983772575855255,0.988776683807373,1,0.511087000370026,0.003797308541834
VTM-001622,DG-1982c4714901,target_mineral,0.435041517019272,0.573886215686798,0.452433168888092,0.50527024269104,1,0.766554176807404,0.127337694168091
VTM-001645,DG-07d000d8d1fb,target_mineral,0.574757993221283,0.999658465385437,0.99944669008255,0.999568462371826,1,0.500264823436737,0.000090037821792
VTM-001651,DG-d29d8e2ae71a,target_mineral,0.429157435894012,0.990252017974854,0.967325866222382,0.977164804935455,1,0.529246628284454,0.013304152525961
VTM-001659,DG-215b9a009877,target_mineral,0.516893923282623,0.99809604883194,0.996712684631348,0.997427701950073,1,0.501733720302582,0.000669846194796
VTM-001664,DG-4742712dff64,target_mineral,0.561053812503815,0.223114684224129,0.142695367336273,0.187814936041832,1,0.903337299823761,0.172228813171387
VTM-001668,DG-391ca5b60e2e,target_mineral,0.577536404132843,0.505358219146729,0.333065509796143,0.432570815086365,1,0.889401376247406,0.15552145242691
VTM-001670,DG-cce1c199eb96,target_mineral,0.485293954610825,0.978228330612183,0.901283264160156,0.938624203205109,1,0.600996136665344,0.041327923536301
VTM-001677,DG-24fd2a1b1cc3,target_mineral,0.602018892765045,0.992230236530304,0.992692232131958,0.992414116859436,0,0.49941810965538,0.00028020190075
VTM-001682,DG-a0ca75898087,target_mineral,0.541404545307159,0.9999018907547,0.999997854232788,0.999945878982544,0,0.49988004565239,0.000051976712712
VTM-001693,DG-d05c588604ec,target_mineral,0.517243623733521,0.999940872192383,0.999998033046722,0.999968469142914,0,0.499928534030914,0.000029564400393
VTM-001701,DG-7ccfdcad436b,target_mineral,0.456629931926727,0.980076968669891,0.977069616317749,0.978442847728729,1,0.503841400146484,0.00166873075068
VTM-001707,DG-9d06bac022ce,gangue_negative,0.283530592918396,0.9845050573349,0.999395191669464,0.995173394680023,0,0.481244742870331,0.00423329975456
VTM-001712,DG-c15494f533cc,gangue_negative,0.196841210126877,0.944283962249756,0.999644577503204,0.988747298717499,0,0.429261595010757,0.010961006395519
VTM-001745,DG-f45296f632cf,gangue_negative,0.462163358926773,0.983540832996368,0.976822018623352,0.979927241802216,1,0.50856751203537,0.00368082895875
VTM-001746,DG-a02707b3f939,gangue_negative,0.4160216152668,0.998231112957001,0.990876734256744,0.993936359882355,1,0.509242296218872,0.004311644937843
VTM-001763,DG-b73465b9f57e,gangue_negative,0.466565310955048,0.999962568283081,0.999856531620026,0.999906003475189,1,0.50013256072998,0.000056568522268
VTM-001764,DG-baccdd9d54ac,gangue_negative,0.359130024909973,0.995814859867096,0.99681943655014,0.996458649635315,0,0.498739629983902,0.000362003687769
VTM-001774,DG-3ebfbe1f40db,gangue_negative,0.255280792713165,0.990417242050171,0.997143030166626,0.995426058769226,0,0.491540938615799,0.001723374705762
VTM-001776,DG-01b232202e70,gangue_negative,0.448838770389557,0.290623188018799,0.316514015197754,0.30489319562912,0,0.394914567470551,0.037405967712402
VTM-001780,DG-bbfd61129e47,gangue_negative,0.209103032946587,0.999958872795105,0.999990582466125,0.999983906745911,0,0.499960362911224,0.000006675804798
VTM-001787,DG-541b1ebaceba,gangue_negative,0.276170372962952,0.112743400037289,0.250632077455521,0.212551295757294,0,0.018086140975356,0.164802670478821
VTM-001799,DG-2df12f33e22c,gangue_negative,0.34005481004715,0.99993908405304,0.999980330467224,0.999966263771057,0,0.499948441982269,0.000014067070879
VTM-001807,DG-f13e46765d0b,gangue_negative,0.190409377217293,0.999996066093445,0.99999874830246,0.999998271465302,0,0.499996662139893,0.00000047683784
VTM-001812,DG-b1ad06fa4d29,gangue_negative,0.222380593419075,0.683462023735046,0.819054782390594,0.788901567459106,0,0.288044720888138,0.037509426474571
VTM-001821,DG-e8725a1973a5,gangue_negative,0.159572616219521,0.9991175532341,0.999735534191132,0.999636948108673,0,0.499227046966553,0.00009861701983
VTM-001824,DG-561e14a01e9d,gangue_negative,0.335653156042099,0.999543845653534,0.999627590179443,0.999599456787109,0,0.499895244836807,0.000028144277167
VTM-001829,DG-9e57df79f2bd,gangue_negative,0.089305780827999,0.999906420707703,0.999987661838531,0.999980390071869,0,0.499898463487625,0.000007271883078
VTM-001846,DG-a311c92bfb72,gangue_negative,0.301068663597107,0.002371550304815,0.002489108592272,0.002453715540469,0,0.439817160367966,0.014321327209473
VTM-001848,DG-7e2acd113488,gangue_negative,0.18844909965992,0.999980330467224,0.999999761581421,0.99999612569809,0,0.499975681304932,0.000003635891062
VTM-001858,DG-ccadf448e367,gangue_negative,0.324977248907089,0.991441130638123,0.983712136745453,0.986223816871643,1,0.509781539440155,0.005276248790324
VTM-001860,DG-1c31dd60081c,gangue_negative,0.343618333339691,0.121113121509552,0.643788278102875,0.464187502861023,0,0.000235579907894,0.327081352472305
VTM-001879,DG-ca140c41474f,gangue_negative,0.228559538722038,0.999996423721313,0.999998509883881,0.999998033046722,0,0.49999737739563,0.000000476838068
VTM-001881,DG-55bd00ef60cd,gangue_negative,0.394451975822449,0.999953746795654,0.999966561794281,0.999961495399475,0,0.499983966350555,0.000005066576705
VTM-001885,DG-0b48a64e710d,gangue_negative,0.325405031442642,0.995711326599121,0.999264597892761,0.998108386993408,0,0.495547354221344,0.001157731749117
VTM-001887,DG-4aa6a42754f6,gangue_negative,0.298955053091049,0.998841464519501,0.999554395675659,0.999341249465942,0,0.499108105897903,0.000213263963815
VTM-001888,DG-b6bcc8fe9fb9,gangue_negative,0.33295065164566,0.98396772146225,0.99522453546524,0.991476595401764,0,0.485784709453583,0.003773033153266
VTM-001894,DG-10a9a20390cd,gangue_negative,0.430168271064758,0.317313075065613,0.330564618110657,0.324864208698273,0,0.449036061763763,0.01739490032196
VTM-001910,DG-ac5026a95f31,gangue_negative,0.274687975645065,0.940580546855927,0.999296605587006,0.983168005943298,0,0.424880027770996,0.016271619126201
VTM-001918,DG-3ab5c517c9ed,gangue_negative,0.22105348110199,0.99874085187912,0.999904751777649,0.999647438526154,0,0.498544186353683,0.00025737087708
VTM-001922,DG-8683315fd568,gangue_negative,0.378043711185455,0.996260941028595,0.998116135597229,0.997414767742157,0,0.497674494981766,0.000702938530594
VTM-001923,DG-b895ab0d9796,gangue_negative,0.381223082542419,0.99970418214798,0.999473690986633,0.999561548233032,1,0.500288248062134,0.000142686301842
VTM-001924,DG-21f63af6e120,gangue_negative,0.223016127943993,0.950391829013824,0.998298704624176,0.987614691257477,0,0.438835173845291,0.010759901255369
VTM-001928,DG-ba0ab1e62908,gangue_negative,0.237416297197342,0.024058524519205,0.355707913637161,0.276968955993652,0,0.000001415392148,0.25020444393158
VTM-001940,DG-c8d90fc165ae,gangue_negative,0.321216881275177,0.999788105487823,0.9999640583992,0.999907553195953,0,0.499780029058456,0.000056508826674
VTM-001943,DG-f1f1d012b770,gangue_negative,0.203057006001472,0.999998092651367,0.999999165534973,0.999998986721039,0,0.499998688697815,0.000000178814162
VTM-001948,DG-8427f1560e80,gangue_negative,0.501580893993378,0.937837839126587,0.883726358413696,0.910867691040039,1,0.573745131492615,0.029179409146309
VTM-001961,DG-01fa44016dbb,gangue_negative,0.164225518703461,0.994202077388763,0.999944806098938,0.999001681804657,0,0.492800980806351,0.000943621387705
VTM-001973,DG-5fcffb0250b0,gangue_negative,0.237372621893883,0.999853014945984,0.999684810638428,0.999724745750427,1,0.500210285186768,0.000128296291223
VTM-001974,DG-d6bad3d84d2f,gangue_negative,0.28382134437561,0.999489545822144,0.999920427799225,0.999798178672791,0,0.499461263418198,0.000122266326798
VTM-001980,DG-3ec6a9b89a8c,gangue_negative,0.388924688100815,0.001179256592877,0.008280984126031,0.005518946796656,0,0.000058560704929,0.405774593353271
VTM-001985,DG-ea258d38c1f1,gangue_negative,0.325365245342255,0.964172661304474,0.973843991756439,0.970697283744812,0,0.487526655197144,0.003236455842853
VTM-001999,DG-146bd5394d03,gangue_negative,0.31242835521698,0.893089532852173,0.969834208488464,0.945856988430023,0,0.398386746644974,0.025033753365278
VTM-002002,DG-456764511431,gangue_negative,0.17252553999424,0.984930276870728,0.991078078746796,0.990017414093018,0,0.492222517728806,0.001070786267519
VTM-002006,DG-e7c1dd432d8d,gangue_negative,0.451806485652924,0.998888313770294,0.997441351413727,0.998095154762268,1,0.501812040805817,0.000794357154518
VTM-002014,DG-bcdea50f90b1,gangue_negative,0.508333265781403,0.996744155883789,0.993884801864624,0.995338320732117,1,0.503590941429138,0.00141142308712
VTM-002015,DG-47602cde82de,gangue_negative,0.290912121534348,0.997165620326996,0.996394395828247,0.996618747711182,1,0.500967144966125,0.000548577401787
VTM-002023,DG-bd25517c1755,gangue_negative,0.35614487528801,0.907803595066071,0.805677354335785,0.842049062252045,1,0.644906342029572,0.075189761817455
VTM-002030,DG-6ad6d3040c94,gangue_negative,0.305774301290512,0.999949932098389,0.999949634075165,0.99994969367981,1,0.500000417232513,0.000000238429493
VTM-002035,DG-f9a86f4992d5,gangue_negative,0.443270832300186,0.12493684887886,0.295544654130936,0.219919204711914,0,0.013320277445018,0.295559644699097
VTM-002037,DG-6e1917ae7d38,gangue_negative,0.373738259077072,0.999979138374329,0.999902248382568,0.99993097782135,1,0.500096082687378,0.000048162713938
VTM-002041,DG-2b95d37cdbac,gangue_negative,0.332426697015762,0.876110374927521,0.913622200489044,0.901152312755585,0,0.447784751653671,0.013742849230766
VTM-002043,DG-1d09b31035a6,gangue_negative,0.220549657940865,0.999924659729004,0.999975442886353,0.999964237213135,0,0.499936461448669,0.00001120601155
VTM-002045,DG-a411047b0d5e,gangue_negative,0.314267426729202,0.63513195514679,0.867491543292999,0.794468522071838,0,0.173809573054314,0.087932407855988
VTM-002048,DG-571b6e5832cb,gangue_negative,0.426057547330856,0.993170738220215,0.996850073337555,0.995282411575317,0,0.495377868413925,0.001573853194714
VTM-002054,DG-a16d935f0838,gangue_negative,0.453920066356659,0.000018425344024,0.000076489668572,0.000050133105105,0,0.00081041973317,0.42247486114502
VTM-002055,DG-a60de25843e1,gangue_negative,0.442109316587448,0.924279153347015,0.984874725341797,0.95808482170105,0,0.421284765005112,0.027578134089708
VTM-002064,DG-26da55e0c997,gangue_negative,0.465192496776581,0.999797999858856,0.99997866153717,0.999894618988037,0,0.499774128198624,0.000084047875134
VTM-002083,DG-8c58a5a40e58,gangue_negative,0.402765661478043,0.999922871589661,0.999697089195251,0.999788045883179,1,0.500282287597656,0.000134845206048
VTM-002088,DG-3fc3524fb57d,gangue_negative,0.357879459857941,0.998659014701843,0.999803781509399,0.999394059181213,0,0.498567938804626,0.00040988670662
VTM-002089,DG-f7672d1516db,gangue_negative,0.492243111133575,0.170455187559128,0.256132453680038,0.213958412408829,0,0.11546329408884,0.17991304397583
VTM-002097,DG-2636b3950cdb,gangue_negative,0.330888897180557,0.999188482761383,0.99994158744812,0.999692440032959,0,0.499058246612549,0.00024919299176
VTM-002108,DG-ddd3ce9989df,gangue_negative,0.420910954475403,0.99727600812912,0.99130243062973,0.993816792964935,1,0.507509350776672,0.003474693279713
VTM-002114,DG-7db9e33bd321,gangue_negative,0.495258301496506,0.998115539550781,0.997375071048737,0.99774181842804,1,0.500927686691284,0.000374496798031
VTM-002118,DG-295848eab4a1,gangue_negative,0.448260009288788,0.682731628417969,0.674531102180481,0.678207039833069,1,0.515100479125977,0.006649255752563
VTM-002126,DG-2a7e8ec101c6,gangue_negative,0.411445468664169,0.942674934864044,0.806481838226318,0.862517833709717,1,0.68572336435318,0.088865682482719
VTM-002129,DG-11a86fa5f961,gangue_negative,0.389364749193192,0.997621357440948,0.999849021434784,0.998981654644012,0,0.497211962938309,0.000867874245159
VTM-002130,DG-800cdc022ebb,gangue_negative,0.350859314203262,0.999750792980194,0.999983608722687,0.9999018907547,0,0.499708950519562,0.000081722639152
VTM-002131,DG-8b1fd1e513de,gangue_negative,0.437879085540771,0.857046127319336,0.918842852115631,0.891783356666565,0,0.413839131593704,0.02989187836647
VTM-002133,DG-1b8c4bbc2ef9,gangue_negative,0.363659679889679,0.99999463558197,0.999994456768036,0.999994516372681,1,0.500000238418579,0.000000119209744
VTM-002141,DG-35f878097700,gangue_negative,0.427964866161346,0.999168753623962,0.99865061044693,0.998872399330139,1,0.500648379325867,0.000296644808259
VTM-002143,DG-8784b69efa28,gangue_negative,0.420363366603851,0.999784648418427,0.99852192401886,0.999052703380585,1,0.501579701900482,0.000732370768674
VTM-002159,DG-2085916da613,gangue_negative,0.365747839212418,0.999982357025146,0.999999463558197,0.999993205070496,0,0.499978601932526,0.000006258510894
VTM-002163,DG-22344461dbb5,gangue_negative,0.494781225919724,0.017265839502215,0.06157473474741,0.039651524275541,0,0.001730508753099,0.440122127532959
VTM-002175,DG-01f4fe913adb,gangue_negative,0.40559309720993,0.999856472015381,0.999821782112122,0.999835848808289,1,0.500043392181396,0.00002062637941
VTM-002177,DG-45da50c30754,gangue_negative,0.39217010140419,0.999996066093445,1,0.999998450279236,0,0.499995112419128,0.000001549722015
VTM-002185,DG-154273957ce1,gangue_negative,0.428058832883835,0.999982595443726,0.999957263469696,0.9999680519104,1,0.500031650066376,0.000014543891666
VTM-002191,DG-abd166db4fc9,gangue_negative,0.348375707864761,0.999401569366455,0.999253809452057,0.999305307865143,1,0.500184834003448,0.000096323783509
VTM-002195,DG-5115b71b4066,gangue_negative,0.458202689886093,0.834664523601532,0.907725095748901,0.874248504638672,0,0.396622389554977,0.037576906383038
VTM-002214,DG-5de0e2a4fa96,gangue_negative,0.43347504734993,0.813442409038544,0.897470772266388,0.861046552658081,0,0.379533916711807,0.041431978344917
VTM-002219,DG-4389fca8a08e,gangue_negative,0.407195746898651,0.999300241470337,0.999978184700012,0.999702095985413,0,0.499152302742004,0.00027613286511
VTM-002225,DG-0daca63bbd1a,gangue_negative,0.4149469435215,0.043418679386377,0.007951667532325,0.022668596357107,1,0.999794065952301,0.649909019470215
VTM-002228,DG-c1ac0434b4e0,gangue_negative,0.448028415441513,0.973719596862793,0.992483258247375,0.984076619148254,0,0.476159632205963,0.008506384678185
VTM-002234,DG-18de40885822,gangue_negative,0.368375152349472,0.945824980735779,0.968522071838379,0.960160970687866,0,0.470392525196075,0.008670326322317
VTM-002237,DG-a166010db091,gangue_negative,0.379223227500916,0.99981278181076,0.999973356723785,0.99991250038147,0,0.499799281358719,0.000060859812947
VTM-002245,DG-2bc20953fe0d,gangue_negative,0.480413913726807,0.136152669787407,0.14132234454155,0.138838768005371,0,0.453551054000854,0.017730116844177
VTM-002253,DG-962b2c3b98a9,gangue_negative,0.286449521780014,0.999916195869446,0.999998867511749,0.999975144863129,0,0.499896675348282,0.000023722957849
VTM-002255,DG-659ecd5d0ee4,gangue_negative,0.354519307613373,0.994530856609344,0.941227316856384,0.960124492645264,1,0.568426012992859,0.03520816937089
VTM-002260,DG-a7bb54b8313d,gangue_negative,0.348773598670959,0.876925528049469,0.648817777633667,0.728375732898712,1,0.818519771099091,0.185605049133301
VTM-002261,DG-de4346da0765,gangue_negative,0.299301207065582,0.902924060821533,0.959129333496094,0.94230705499649,0,0.425083935260773,0.017694745212793
VTM-002295,DG-df99ce90452f,gangue_negative,0.369438797235489,0.331013709306717,0.112302325665951,0.193102806806564,1,0.995525300502777,0.538937091827393
VTM-002310,DG-f510cf6a3ee8,gangue_negative,0.420357465744019,0.478658616542816,0.493955969810486,0.48752561211586,0,0.460757493972778,0.013103544712067
VTM-002311,DG-f4b9df0c357d,gangue_negative,0.44157075881958,0.933696329593658,0.915653884410858,0.923620939254761,1,0.524371683597565,0.010849505662918
VTM-002314,DG-57e52c0ccadd,gangue_negative,0.430818915367126,0.999909162521362,0.999697685241699,0.999788761138916,1,0.500264346599579,0.000120419565064
VTM-002316,DG-ab7c6c7aef15,gangue_negative,0.440503656864166,0.999980568885803,0.999966979026794,0.999972939491272,1,0.500016987323761,0.000007629570973
VTM-002318,DG-e488ed2c40b2,gangue_negative,0.376145660877228,0.997991323471069,0.995770037174225,0.996605575084686,1,0.502785265445709,0.001389502547681
VTM-002333,DG-b93f6045b793,gangue_negative,0.260439038276672,0.973025798797607,0.989810287952423,0.985438942909241,0,0.478634625673294,0.004426127299666
VTM-002338,DG-0bcf6571d8b0,gangue_negative,0.434815347194672,0.999968290328979,0.999796807765961,0.999871373176575,1,0.500214397907257,0.000096924930403
VTM-002343,DG-e5ae08946a06,gangue_negative,0.512507557868958,0.284384608268738,0.429670184850693,0.355210244655609,0,0.112700238823891,0.190307974815369
VTM-002383,DG-33b39b4c2a37,gangue_negative,0.278837561607361,0.835722148418427,0.948938727378845,0.917369723320007,0,0.346323281526566,0.033833656460047
VTM-002385,DG-983ad0782334,gangue_negative,0.323679089546204,0.999695301055908,0.999986708164215,0.999892354011536,0,0.49963566660881,0.00009435985703
VTM-002396,DG-d5803d09663f,gangue_negative,0.347565293312073,0.999693036079407,0.998890995979309,0.999169766902924,1,0.501003265380859,0.000523566850461
VTM-002418,DG-0b6681539f23,gangue_negative,0.417316108942032,0.999944806098938,0.99945729970932,0.999660789966583,1,0.500609576702118,0.000284072157228
VTM-002421,DG-aa28c31bc8ed,gangue_negative,0.399716854095459,0.55632358789444,0.794416844844818,0.699246942996979,0,0.144143790006638,0.127604350447655
VTM-002422,DG-9e7825ab007d,gangue_negative,0.443745791912079,0.9935542345047,0.991178929805756,0.992232918739319,1,0.50299197435379,0.001330773346126
VTM-002423,DG-10af8db188f5,gangue_negative,0.379630327224731,0.199392765760422,0.34203028678894,0.287880778312683,0,0.063084736466408,0.172352910041809
VTM-002424,DG-e693242d9d09,gangue_negative,0.384751796722412,0.995965957641602,0.996519923210144,0.996306777000427,0,0.499304890632629,0.000213913386688
VTM-002436,DG-897b03b4035d,gangue_negative,0.375162780284882,0.999999523162842,0.999999821186066,0.999999701976776,0,0.499999642372131,0.000000119209332
VTM-002447,DG-e855736873f5,gangue_negative,0.431312620639801,0.877822399139404,0.833005428314209,0.852335572242737,1,0.565132975578308,0.029463976621628
VTM-002461,DG-ff7b02149e00,gangue_negative,0.389693945646286,0.999946594238281,0.999948382377625,0.999947667121887,0,0.499997735023499,0.000000715292117
VTM-002462,DG-fb5161dae3f2,gangue_negative,0.439842879772186,0.306208044290543,0.699893951416016,0.526733994483948,0,0.015776673331857,0.284233182668686
VTM-002463,DG-46b53f03219c,gangue_negative,0.446418821811676,0.958204805850983,0.945987462997437,0.951441526412964,1,0.516034781932831,0.007083311676979
VTM-002464,DG-fd286d1ff730,gangue_negative,0.428172469139099,0.985056817531586,0.95887303352356,0.970084190368652,1,0.533624947071075,0.01531646028161
VTM-002470,DG-795c0354d5e2,gangue_negative,0.362503170967102,0.998945653438568,0.999321281909943,0.999185085296631,0,0.499530047178268,0.000136298418511
VTM-002471,DG-11b8d5d9b267,gangue_negative,0.432504177093506,0.867215156555176,0.787965595722198,0.822241365909576,1,0.617550313472748,0.053253129124641
VTM-002472,DG-92beb82958cd,gangue_negative,0.446881860494614,0.002097342163324,0.003530323505402,0.002889950061217,0,0.068907544016838,0.200150489807129
VTM-002480,DG-d493a304ed9d,gangue_negative,0.371605306863785,0.735961437225342,0.637732923030853,0.674235224723816,1,0.671789705753326,0.08759868144989
VTM-002493,DG-286240ca3b9a,gangue_negative,0.251452058553696,0.996417999267578,0.998469352722168,0.997953474521637,0,0.497429251670837,0.000516802654602
VTM-002497,DG-e7ca00b17e78,gangue_negative,0.413353472948074,0.999278128147125,0.998773455619812,0.998982071876526,1,0.50063145160675,0.000296314014122
VTM-002509,DG-df7e52dd8b0e,gangue_negative,0.429547786712646,0.367714017629623,0.508340775966644,0.447934865951538,0,0.165310725569725,0.126504182815552
VTM-002517,DG-5d7199d0630a,gangue_negative,0.336398810148239,0.99999725818634,0.999982118606567,0.999987185001373,1,0.500018894672394,0.000010073263184
VTM-002520,DG-38281f3d55d0,gangue_negative,0.256792217493057,0.999505877494812,0.997195839881897,0.997789025306702,1,0.502892315387726,0.001719177816994
VTM-002537,DG-ba22856e28b3,gangue_negative,0.442362904548645,0.984141290187836,0.998865723609924,0.99235212802887,0,0.481444925069809,0.006542346440256
VTM-002538,DG-df7b91204ca1,gangue_negative,0.385891497135162,0.997090339660645,0.978599846363068,0.985735177993774,1,0.523381114006042,0.011453640647233
VTM-002541,DG-55ebe2b18708,gangue_negative,0.426845818758011,0.294510722160339,0.552497148513794,0.442376732826233,0,0.041262459009886,0.222286403179169
VTM-002542,DG-23006691523f,gangue_negative,0.256395637989044,0.988328814506531,0.980960309505463,0.982849538326263,1,0.509353220462799,0.005559406243265
VTM-002552,DG-1500fcb65425,gangue_negative,0.386242657899857,0.995345175266266,0.999750912189484,0.998049259185791,0,0.494479537010193,0.001703527057543
VTM-002555,DG-cab4b7b44364,gangue_negative,0.35462087392807,0.999969720840454,0.999997198581696,0.999987483024597,0,0.499965667724609,0.000009715631677
VTM-002569,DG-1271fa71a27e,gangue_negative,0.354310601949692,0.414572417736053,0.347342044115067,0.371162474155426,1,0.70779287815094,0.110607802867889
VTM-002572,DG-42ba29110a33,gangue_negative,0.308552801609039,0.999981284141541,0.999978363513947,0.999979257583618,1,0.500003635883331,0.00000202659794
VTM-002578,DG-a20ad066dd8a,gangue_negative,0.318608790636063,0.999426960945129,0.999944567680359,0.99977970123291,0,0.499352812767029,0.00016488917754
VTM-002587,DG-1b7ea6b28770,gangue_negative,0.350897490978241,0.218589574098587,0.218931674957275,0.218811631202698,0,0.498045116662979,0.000548481941223
VTM-002592,DG-aaee3eec65de,gangue_negative,0.44038137793541,0.986888885498047,0.983650505542755,0.985076546669006,1,0.504108428955078,0.001838103868067
VTM-002600,DG-2abba89a2814,gangue_negative,0.400030970573425,0.999146103858948,0.999432563781738,0.999317944049835,0,0.499641686677933,0.000114691385534
VTM-002608,DG-7749b62bdba4,gangue_negative,0.43563973903656,0.9991534948349,0.998648822307587,0.998868703842163,1,0.500631511211395,0.000285072892439
VTM-002609,DG-612f23dc2eb7,gangue_negative,0.471694648265839,0.114785850048065,0.203094929456711,0.161440014839172,0,0.054525066167116,0.22953987121582
VTM-002616,DG-6874f6c0eb2c,gangue_negative,0.488228529691696,0.000139796087751,0.001100220484659,0.000631313887425,0,0.000033117794374,0.55546236038208
VTM-002618,DG-ec28e0fd9de0,gangue_negative,0.391358971595764,0.908144891262054,0.941580057144165,0.928494930267334,0,0.454928368330002,0.013994451612234
VTM-002619,DG-5f83fae5d38b,gangue_negative,0.402170717716217,0.048841692507267,0.157510638237,0.113807164132595,0,0.002858648076653,0.324987411499023
VTM-002638,DG-733d95b61ff8,gangue_negative,0.40704008936882,0.997045457363129,0.998753666877747,0.998058319091797,0,0.497860223054886,0.000696458038874
VTM-002643,DG-9bfa2f4a5092,gangue_negative,0.411287397146225,0.998424649238586,0.995860695838928,0.99691516160965,1,0.503214061260223,0.001513013383374
VTM-002651,DG-8712cf3325f8,gangue_negative,0.425227493047714,0.995485961437225,0.999492943286896,0.997789025306702,0,0.494978815317154,0.001706237206236
VTM-002655,DG-804481c20841,gangue_negative,0.368541449308395,0.978298008441925,0.981308102607727,0.980198740959167,0,0.496159940958023,0.001131132245064
VTM-002657,DG-091da33b89e3,gangue_negative,0.386885285377502,0.99992823600769,0.999989986419678,0.999966084957123,0,0.499922811985016,0.000023901986424
VTM-002658,DG-5b3b867ba618,gangue_negative,0.479584813117981,0.982940196990967,0.971835970878601,0.977161407470703,1,0.514197766780853,0.005896434187889
VTM-002665,DG-b5c7e930c9d2,gangue_negative,0.353618770837784,0.995839953422546,0.996148109436035,0.996039152145386,0,0.499613225460052,0.000109384767711
VTM-002676,DG-f3f358f76444,gangue_negative,0.44041895866394,0.99916934967041,0.999498605728149,0.999353647232056,0,0.499588161706924,0.000145041733049
VTM-002689,DG-ae3f659b5e14,gangue_negative,0.368433147668839,0.581694781780243,0.821168124675751,0.732938230037689,0,0.151368245482445,0.113666445016861
VTM-002698,DG-116bae216c54,gangue_negative,0.347851812839508,0.998136520385742,0.998209416866302,0.998184084892273,0,0.499908715486526,0.000025377725251
VTM-002703,DG-25c231c7460e,gangue_negative,0.400131464004517,0.888414621353149,0.90022999048233,0.895502269268036,0,0.483491361141205,0.005265519022942
VTM-002707,DG-8920070165c7,gangue_negative,0.432177126407623,0.999794185161591,0.99951559305191,0.999635934829712,1,0.500348389148712,0.000158295442816
VTM-002710,DG-f2583bb32b12,gangue_negative,0.451065272092819,0.99994421005249,0.99986606836319,0.999901294708252,1,0.500097692012787,0.000042918662075
VTM-002720,DG-67d2564f4c10,gangue_negative,0.529439508914948,0.838409423828125,0.863139450550079,0.850046396255493,0,0.463726699352264,0.015285342931747
VTM-002723,DG-ca72690481eb,gangue_negative,0.43989634513855,0.999953985214233,0.999817848205566,0.999877691268921,1,0.500170171260834,0.000076300362707
VTM-002729,DG-7cac70e3879c,gangue_negative,0.306111395359039,0.998655080795288,0.995455145835876,0.996434688568115,1,0.504011690616608,0.002225857926533
VTM-002730,DG-bd26cd380703,gangue_negative,0.408215016126633,0.999527335166931,0.99942010641098,0.99946391582489,1,0.500134110450745,0.000063451385358
VTM-002737,DG-259aa440d148,gangue_negative,0.425757139921188,0.998913049697876,0.997081518173218,0.997861266136169,1,0.50229400396347,0.001053482759744
VTM-002739,DG-ff46168434cd,gangue_negative,0.46717369556427,0.983936786651611,0.991568744182587,0.988003253936768,0,0.490342915058136,0.003602287732065
VTM-002742,DG-dbe6401348f0,gangue_negative,0.322176933288574,0.999968290328979,0.999698340892792,0.999785304069519,1,0.500337481498718,0.000183008814929
VTM-002758,DG-8a8089c3889e,gangue_negative,0.493586242198944,0.342779278755188,0.45493021607399,0.399574041366577,0,0.195401549339294,0.129744946956635
VTM-002769,DG-1b9a266dbca8,gangue_negative,0.382602989673615,0.99999988079071,0.999999523162842,0.999999642372131,1,0.500000476837158,0.000000238418636
VTM-002774,DG-098ad45faea0,gangue_negative,0.42021232843399,0.95404440164566,0.953971922397614,0.954002380371094,1,0.500094950199127,0.000044044107199
VTM-002783,DG-baaebb4735b4,gangue_negative,0.449750572443008,0.998329341411591,0.98395961523056,0.990422487258911,1,0.518115043640137,0.007951616309583
VTM-002787,DG-52520dbc2d31,gangue_negative,0.496758162975311,0.541657626628876,0.765527844429016,0.654318511486053,0,0.15063139796257,0.156971335411072
VTM-002789,DG-1af808a1937a,gangue_negative,0.349662691354752,0.950732350349426,0.984382748603821,0.97261655330658,0,0.456631541252136,0.012024875730276
VTM-002797,DG-a9a18dd907ff,gangue_negative,0.445748686790466,0.992791891098022,0.985775768756866,0.988903164863586,1,0.508864283561707,0.003924651071429
VTM-002803,DG-7f59b0a0be25,gangue_negative,0.42916265130043,0.999999761581421,0.9999960064888,0.999997675418854,1,0.500004708766937,0.000002086165296
VTM-002814,DG-222c9600f028,gangue_negative,0.414119064807892,0.920245945453644,0.930977284908295,0.926533222198486,0,0.485511630773544,0.004784971475601
VTM-002821,DG-927c5e7d50ec,gangue_negative,0.460081338882446,0.999952077865601,0.999988973140717,0.999971985816956,0,0.499953866004944,0.000016987654817
VTM-002822,DG-b04f13052973,gangue_negative,0.41040027141571,0.956142246723175,0.937770009040833,0.945309996604919,1,0.524233460426331,0.011393781751394
VTM-002827,DG-e26218b60c26,gangue_negative,0.479797631502151,0.999741852283478,0.999343812465668,0.999534845352173,1,0.500497758388519,0.000207081815461
VTM-002850,DG-2753a7f933d0,gangue_negative,0.316494882106781,0.999993205070496,0.999986886978149,0.999988913536072,1,0.500007927417755,0.000004291573077
VTM-002852,DG-66c4d59527ae,gangue_negative,0.422449380159378,0.999218463897705,0.999535322189331,0.999401450157166,0,0.499603718519211,0.000133943249239
VTM-002856,DG-6e6a8bc957ab,gangue_negative,0.408445984125137,0.95829051733017,0.898501336574554,0.922922015190125,1,0.57983934879303,0.037606243044138
VTM-002861,DG-28906d1ebd76,gangue_negative,0.397250264883041,0.999951481819153,0.999354600906372,0.999591648578644,1,0.500746369361877,0.000359915487934
VTM-002864,DG-4cc9d3a3d398,gangue_negative,0.356726080179214,0.024515734985471,0.047904875129461,0.039561361074448,0,0.033911198377609,0.191364288330078
VTM-002870,DG-ba1876d1c89d,gangue_negative,0.488922744989395,0.998028457164764,0.998821139335632,0.998433589935303,0,0.49900758266449,0.000388082116842
VTM-002872,DG-832ca50bcada,gangue_negative,0.368851482868195,0.990618050098419,0.993228554725647,0.992265701293945,0,0.496710389852524,0.000969888176769
VTM-002875,DG-60c93a68d392,gangue_negative,0.44199126958847,0.011934383772314,0.038398575037718,0.02670163474977,0,0.002891785465181,0.363295555114746
VTM-002882,DG-242be3b3d0f4,gangue_negative,0.380667984485626,0.919483423233032,0.970699965953827,0.951203465461731,0,0.432654976844788,0.020289435982704
VTM-002888,DG-ae648082e74b,gangue_negative,0.362577885389328,0.999997973442078,0.999990344047546,0.999993085861206,1,0.500009536743164,0.000004887602699
VTM-002892,DG-daac49f9f675,gangue_negative,0.411193460226059,0.999937653541565,0.999985933303833,0.999966025352478,0,0.499939680099487,0.000019908431568
VTM-002915,DG-f5ac58c82a76,gangue_negative,0.443098217248917,0.789328396320343,0.869124412536621,0.833766937255859,0,0.381893485784531,0.04153236746788
VTM-002918,DG-0151353fcb6a,gangue_negative,0.355077564716339,0.994153559207916,0.975295424461365,0.981991529464722,1,0.523920774459839,0.012308998033404
VTM-002937,DG-d243ff2a0d18,gangue_negative,0.383684158325195,0.575664699077606,0.388714909553528,0.460444569587708,1,0.876900017261505,0.223332941532135
VTM-002941,DG-64799f28e9f8,gangue_negative,0.42346003651619,0.999691724777222,0.999094188213348,0.99934720993042,1,0.500747382640839,0.000344680476701
VTM-002951,DG-1c5f30c679d6,gangue_negative,0.421434074640274,0.67324697971344,0.863412439823151,0.783270239830017,0,0.223757654428482,0.097414717078209
VTM-002955,DG-a1f1bb2780b1,gangue_negative,0.386786550283432,0.004605123773217,0.004101132974029,0.004296069499105,1,0.640959560871124,0.069468975067139
VTM-002958,DG-631180628bef,gangue_negative,0.305487245321274,0.197039276361465,0.39575606584549,0.335050582885742,0,0.02968511916697,0.166516542434692
VTM-002973,DG-50f0a4681bb3,gangue_negative,0.369089275598526,0.815356969833374,0.875700235366821,0.853428184986115,0,0.411688596010208,0.025762438774109
VTM-002983,DG-8bd6c15a554c,gangue_negative,0.451100438833237,0.999980568885803,0.999885261058807,0.99992823600769,1,0.500119149684906,0.000052335264627
VTM-002997,DG-427de1fe7f59,gangue_negative,0.40537816286087,0.014088125899434,0.017239036038518,0.015961725264788,0,0.267132312059402,0.076982975006104
VTM-003006,DG-d755988174e8,gangue_negative,0.473678410053253,0.66847836971283,0.794704377651215,0.73491382598877,0,0.29633104801178,0.078216940164566
VTM-003008,DG-1dac09c0013f,gangue_negative,0.552085101604462,0.215104222297668,0.356227725744247,0.278315544128418,0,0.07431385666132,0.246814727783203
VTM-003010,DG-9a251ec9a2d1,gangue_negative,0.343542844057083,0.999337136745453,0.998512089252472,0.998795568943024,1,0.501032412052155,0.000542073976249
VTM-003011,DG-41f34c0d2965,gangue_negative,0.308721452951431,0.999971628189087,0.999908030033112,0.999927639961243,1,0.50007951259613,0.000043990447011
VTM-003024,DG-8b5434f20880,gangue_negative,0.372363895177841,0.751973688602448,0.771489024162292,0.764222145080566,0,0.468017339706421,0.009463936090469
VTM-003026,DG-8fcad0fe2aa7,gangue_negative,0.405923843383789,0.895437657833099,0.873869359493256,0.882624447345734,1,0.530439496040344,0.014412805438042
VTM-003027,DG-cb0a83d139e3,gangue_negative,0.423560827970505,0.99824857711792,0.996941089630127,0.99749481678009,1,0.501638293266296,0.000755368033424
VTM-003037,DG-ffac4f130f6b,gangue_negative,0.342658519744873,0.999865412712097,0.999690294265747,0.999750256538391,1,0.50021892786026,0.000115178321721
VTM-003043,DG-052b0d3da9ed,gangue_negative,0.426362633705139,0.132706239819527,0.107801638543606,0.118420034646988,1,0.738700687885284,0.113899946212769
VTM-003051,DG-cf171f93724c,gangue_negative,0.359284251928329,0.799755156040192,0.534522712230682,0.62981653213501,1,0.882327437400818,0.238877058029175
VTM-003057,DG-27464ef1d19f,gangue_negative,0.332265615463257,0.999712526798248,0.99994832277298,0.9998699426651,0,0.499705255031586,0.000078387223766
VTM-003058,DG-bc56afc56994,gangue_negative,0.38130784034729,0.998932063579559,0.995454013347626,0.996780216693878,1,0.504359662532806,0.002156470902264
VTM-003059,DG-9cda6d2dd186,gangue_negative,0.45257967710495,0.013781731016934,0.05160640925169,0.03448772802949,0,0.001356472843327,0.403042316436768
VTM-003066,DG-98a82ca8d635,gangue_negative,0.54295289516449,0.00007106175326,0.000882803404238,0.000442065909738,0,0.000003379555437,0.691643238067627
VTM-003080,DG-dd60edaf25a8,gangue_negative,0.392597317695618,0.999993681907654,0.999996781349182,0.999995589256287,0,0.49999612569809,0.000001192097216
VTM-003087,DG-49e323b10706,gangue_negative,0.470695704221725,0.393827229738235,0.453006058931351,0.425150811672211,0,0.331819772720337,0.063461542129517
VTM-003094,DG-5ceac4cdad9f,gangue_negative,0.340266019105911,0.999961853027344,0.999988436698914,0.999979376792908,0,0.499966740608215,0.000009060051525
VTM-003112,DG-09ceb6f2211e,gangue_negative,0.331681728363037,0.999575555324554,0.999955654144287,0.999829590320587,0,0.499524801969528,0.000126077356981
VTM-003116,DG-8ad445e3a7db,gangue_negative,0.382086336612701,0.774586915969849,0.572140693664551,0.649492621421814,1,0.819760382175446,0.176138401031494
VTM-003117,DG-df2d805235f9,gangue_negative,0.470159649848938,0.987227141857147,0.976565480232239,0.981578171253204,1,0.513569593429565,0.005738492123783
VTM-003125,DG-c9b2d3401c6f,gangue_negative,0.468055576086044,0.99905663728714,0.998912632465363,0.998980045318604,1,0.500180184841156,0.000076667231042
VTM-003128,DG-e17802d16c27,gangue_negative,0.392223954200745,0.987704038619995,0.934213936328888,0.955193996429443,1,0.569150984287262,0.033468641340733
VTM-003139,DG-bc87b0ed26a0,gangue_negative,0.33695051074028,0.999942660331726,0.999976694583893,0.999965190887451,0,0.49995744228363,0.000011504032955
VTM-003140,DG-5e075b369ca7,gangue_negative,0.367016613483429,0.000593784672674,0.008301259018481,0.005472488235682,0,0.000001872510552,0.416674137115479
VTM-003141,DG-c70639c9d921,gangue_negative,0.338023781776428,0.997810184955597,0.999828815460205,0.999146461486816,0,0.497473776340485,0.000682703801431
VTM-003148,DG-1ea8b182bbc8,gangue_negative,0.400925755500793,0.221910238265991,0.561782121658325,0.425518721342087,0,0.009525557979941,0.277805149555206
VTM-003162,DG-051a001789df,gangue_negative,0.294557273387909,0.999674797058105,0.999922394752502,0.999849498271942,0,0.499690413475037,0.000072904789704
VTM-003168,DG-9c24fc84c1d6,gangue_negative,0.406790852546692,0.938599586486816,0.8894864320755,0.909465193748474,1,0.566779553890228,0.031532235443592
VTM-003169,DG-e283dbef65a9,gangue_negative,0.267572283744812,0.999899625778198,0.999981582164764,0.999959707260132,0,0.499897569417953,0.000021875546736
VTM-003174,DG-b0545ce32a3c,gangue_negative,0.376347154378891,0.999987483024597,0.99991911649704,0.999944806098938,1,0.500085473060608,0.000042678373575
VTM-003176,DG-7e5695103279,gangue_negative,0.487907528877258,0.213538318872452,0.263717830181122,0.239234864711761,0,0.258205413818359,0.097433924674988
VTM-003182,DG-dd5902cafe5b,gangue_negative,0.38228115439415,0.999983668327332,0.999995768070221,0.999991118907928,0,0.499984860420227,0.000004649192306
VTM-003185,DG-aae4ea4771a3,gangue_negative,0.357722729444504,0.999362289905548,0.999624490737915,0.999530673027039,0,0.499672025442123,0.000093857350294
VTM-003189,DG-becf8df85499,gangue_negative,0.3570336997509,0.999988079071045,0.999937057495117,0.999955236911774,1,0.50006377696991,0.000032843090594
VTM-003199,DG-2a15cc84dab2,gangue_negative,0.363306134939194,0.999877214431763,0.999984443187714,0.999945461750031,0,0.499865919351578,0.000038982805563
VTM-003230,DG-705afb38a1be,gangue_negative,0.463829159736633,0.613295674324036,0.543550133705139,0.575900137424469,1,0.646485447883606,0.062912881374359
VTM-003232,DG-875dddd71e99,gangue_negative,0.381927728652954,0.793970704078674,0.916334509849548,0.869600415229797,0,0.328125685453415,0.052347674965858
VTM-003233,DG-3e55478ea055,gangue_negative,0.389436900615692,0.74489027261734,0.652712225914001,0.688609719276428,1,0.659373342990875,0.078562259674072
VTM-003236,DG-9302df13e91e,gangue_negative,0.456432163715363,0.687591433525085,0.637901484966278,0.660581588745117,1,0.592679858207703,0.040074169635773
VTM-003238,DG-7d1b71b97faf,gangue_negative,0.41966986656189,0.927465975284576,0.901699066162109,0.91251266002655,1,0.535160958766937,0.016254149377346
VTM-003242,DG-c6623afb44e0,gangue_negative,0.479021430015564,0.999994516372681,0.999998807907104,0.999996781349182,0,0.49999463558197,0.00000202656247
VTM-003249,DG-2ed269e24836,gangue_negative,0.375504344701767,0.73479950428009,0.300711542367935,0.463713467121124,1,0.988651275634766,0.460330873727798
VTM-003251,DG-85aa94456f85,gangue_negative,0.427395850419998,0.488490104675293,0.244514927268028,0.348788917064667,1,0.969534337520599,0.336852252483368
VTM-003264,DG-3ec644767e20,gangue_negative,0.378085047006607,0.984165549278259,0.958065748214722,0.967933714389801,1,0.533546686172485,0.0166305154562
VTM-003282,DG-4c4bdae41fb2,gangue_negative,0.437713414430618,0.999990224838257,0.999992370605469,0.999991416931152,0,0.499997317790985,0.000000953682502
VTM-003289,DG-77df5f4dc9ad,gangue_negative,0.45499449968338,0.338365614414215,0.511729001998901,0.432849586009979,0,0.11221220344305,0.167404890060425
VTM-003290,DG-b253c5bd2688,gangue_negative,0.505654454231262,0.80202454328537,0.880883395671844,0.841008067131042,0,0.384869456291199,0.046324014663696
VTM-003294,DG-1f5fa6f03b55,gangue_negative,0.410344541072845,0.99995493888855,0.999942302703857,0.999947488307953,1,0.500015795230865,0.000007450944395
VTM-003305,DG-3d2ee9433731,gangue_negative,0.484667420387268,0.715485155582428,0.683185815811157,0.698840260505676,1,0.557487070560455,0.023538649082184
VTM-003308,DG-963e48f5b80c,gangue_negative,0.348843336105347,0.999954700469971,0.99988728761673,0.999910831451416,1,0.500084280967712,0.000043871965318
VTM-003318,DG-0a4aa623ff3f,gangue_negative,0.465683579444885,0.023191191256046,0.047519840300083,0.036190386861563,0,0.026938939467072,0.272353887557983
VTM-003319,DG-428c8cdb6ae4,gangue_negative,0.359712839126587,0.990681350231171,0.950630664825439,0.965037405490875,1,0.551401913166046,0.026226077228785
VTM-003325,DG-08463bf33976,gangue_negative,0.456247270107269,0.734984695911407,0.574641525745392,0.647797644138336,1,0.773908972740173,0.126271307468414
VTM-003328,DG-831ecc778986,gangue_negative,0.39241161942482,0.998814702033997,0.998728096485138,0.998762130737305,1,0.500108361244202,0.000052635092288
VTM-003329,DG-5d67817059a7,gangue_negative,0.421621263027191,0.254527509212494,0.364858061075211,0.318340361118317,0,0.141790553927422,0.136387228965759
VTM-003331,DG-002e662f658d,gangue_negative,0.461657166481018,0.992762744426727,0.948806464672089,0.969099164009094,1,0.556367993354797,0.024124763906002
VTM-003332,DG-f8f1b5ad10b0,gangue_negative,0.392955332994461,0.999901056289673,0.999671936035156,0.999761998653412,1,0.500286459922791,0.000139081064845
VTM-003341,DG-327ad8726fd0,gangue_negative,0.454398542642593,0.99997615814209,0.999945223331451,0.999959349632263,1,0.500038683414459,0.000016809051886
VTM-003344,DG-f16934e3624d,gangue_negative,0.458253860473633,0.044130373746157,0.128403767943382,0.089785158634186,0,0.004772236570716,0.357759952545166
VTM-003366,DG-c89ed059c99e,gangue_negative,0.392396926879883,0.562893152236938,0.445055842399597,0.491294860839844,1,0.763948559761047,0.136045396327972
VTM-003369,DG-1ebabd983b79,gangue_negative,0.545226514339447,0.009218106046319,0.019476819783449,0.013883496634662,0,0.023196626454592,0.338524103164673
VTM-003380,DG-29a996ab0385,gangue_negative,0.330202370882034,0.999528884887695,0.999811887741089,0.999718427658081,0,0.499646127223969,0.000093482027296
VTM-003386,DG-e9aa380e6fc9,gangue_negative,0.352518260478973,0.998481452465057,0.997016191482544,0.997532725334167,1,0.501835703849792,0.000950621673837
VTM-003388,DG-b4b03d426633,gangue_negative,0.406013041734695,0.700791656970978,0.921067714691162,0.831632733345032,0,0.203167364001274,0.102142639458179
VTM-003390,DG-630922be5f6c,gangue_negative,0.356726765632629,0.999218106269836,0.997706174850464,0.998245477676392,1,0.501892805099487,0.000973863760009
VTM-003391,DG-181c97e45770,gangue_negative,0.372389823198318,0.224505200982094,0.175948306918144,0.194030404090881,1,0.771807074546814,0.145884037017822
VTM-003397,DG-b38324dfa8ab,gangue_negative,0.270344972610474,0.992664396762848,0.999971449375153,0.997995972633362,0,0.490833401679993,0.001977487001568
VTM-003401,DG-5b22282c8904,gangue_negative,0.322707325220108,0.93953150510788,0.978713512420654,0.966069221496582,0,0.449104875326157,0.013003475964069
VTM-003402,DG-c724c7ad8170,gangue_negative,0.440344989299774,0.996895313262939,0.999594569206238,0.998405933380127,0,0.496620059013367,0.001189825474285
VTM-003408,DG-adf1c32e56d1,gangue_negative,0.417046815156937,0.99573826789856,0.98771333694458,0.991060137748718,1,0.510113537311554,0.004709223750979
VTM-003418,DG-6566455e7485,gangue_negative,0.291944772005081,0.999015688896179,0.998632669448853,0.998744487762451,1,0.500479340553284,0.000271505210549
VTM-003426,DG-8b28b33d8520,gangue_negative,0.343174368143082,0.994391024112701,0.998322904109955,0.996973633766174,0,0.495067328214645,0.001352451043203
VTM-003429,DG-2490c409a127,gangue_negative,0.271387934684753,0.998352646827698,0.996706902980804,0.997153520584106,1,0.502062261104584,0.001201826846227
VTM-003437,DG-c03e19abd084,gangue_negative,0.387545973062515,0.997485399246216,0.992989957332611,0.994732141494751,1,0.505645990371704,0.002764014992863
VTM-003443,DG-08719a98839a,gangue_negative,0.340424329042435,0.999997973442078,0.999991595745087,0.999993801116943,1,0.5000079870224,0.000004172342415
VTM-003445,DG-4d3573de38b9,gangue_negative,0.298263728618622,0.999560177326202,0.999994695186615,0.999865114688873,0,0.499456763267517,0.000129589578137
VTM-003447,DG-adff4999dff6,gangue_negative,0.334851533174515,0.999860644340515,0.999505221843719,0.999624252319336,1,0.500444412231445,0.000236452920944
VTM-003455,DG-5d79b055564c,gangue_negative,0.332265406847,0.999993801116943,0.999967336654663,0.99997615814209,1,0.50003308057785,0.000017643240426
VTM-003462,DG-e0b231c8f375,gangue_negative,0.42921382188797,0.990505397319794,0.987455427646637,0.988764524459839,1,0.503854870796204,0.001759106293321
VTM-003463,DG-bacd328e411c,gangue_negative,0.440525114536285,0.958816170692444,0.920260727405548,0.93724536895752,1,0.551123678684235,0.02275425195694
VTM-003470,DG-36640bf51a97,gangue_negative,0.305339515209198,0.996670663356781,0.998038470745087,0.997620820999146,0,0.498285710811615,0.000418558251113
VTM-003495,DG-e3126ebd88b9,gangue_negative,0.323707938194275,0.999389171600342,0.999855816364288,0.999704718589783,0,0.499416440725327,0.000151130981976
VTM-003519,DG-e09bc2965e1c,gangue_negative,0.363293051719666,0.999923467636108,0.999985814094543,0.999963164329529,0,0.499922037124634,0.000022650339815
VTM-003534,DG-cf6aa8f82df7,gangue_negative,0.272097438573837,0.997566819190979,0.989750921726227,0.991877555847168,1,0.509831011295319,0.005719465203583
VTM-003539,DG-eba708d4a6f6,gangue_negative,0.434075504541397,0.036114878952503,0.102512165904045,0.073690727353096,0,0.005397629924119,0.330104351043701
VTM-003541,DG-07823c93109f,gangue_negative,0.409495383501053,0.999999523162842,0.999996423721313,0.999997735023499,1,0.50000387430191,0.000001788141731
VTM-003547,DG-e4f4e0df006f,gangue_negative,0.205889850854874,0.95952445268631,0.999000430107117,0.990872740745544,0,0.449773192405701,0.008169097825885
VTM-003563,DG-d2e9862a5b54,gangue_negative,0.372238963842392,0.976671278476715,0.995000123977661,0.988177418708801,0,0.476775854825974,0.006880606524646
VTM-003565,DG-e2bf81b24895,gangue_negative,0.322325825691223,0.99993622303009,0.999997437000275,0.999977707862854,0,0.499923467636108,0.000019729382984
VTM-003570,DG-bad55a95c40b,gangue_negative,0.420963883399963,0.999999165534973,0.999997079372406,0.999997973442078,1,0.50000262260437,0.000001192094601
VTM-003582,DG-db35e4120d02,gangue_negative,0.29109126329422,0.999915599822998,0.999903976917267,0.999907374382019,1,0.500014543533325,0.000008226168575
VTM-003596,DG-0f17ed60bf3f,gangue_negative,0.478318363428116,0.996243119239807,0.989839553833008,0.992902517318726,1,0.508059859275818,0.003358833957464
VTM-003597,DG-7a0093afbdb8,gangue_negative,0.50989693403244,0.000730591476895,0.004624409135431,0.002638963516802,0,0.000098412150692,0.560962200164795
VTM-003600,DG-f6eb755c28db,gangue_negative,0.390316605567932,0.930310845375061,0.9869264960289,0.964828491210938,0,0.42668628692627,0.022645208984613
VTM-003607,DG-2ebbd7bbb666,gangue_negative,0.304189741611481,0.999555647373199,0.999377906322479,0.999431967735291,1,0.500222325325012,0.000123742298456
VTM-003614,DG-10f9c1b10e37,gangue_negative,0.403734028339386,0.885829448699951,0.970394194126129,0.936252534389496,0,0.387961387634277,0.035817135125399
VTM-003619,DG-c659047cd9cd,gangue_negative,0.41472139954567,0.742694497108459,0.928970038890839,0.851717591285706,0,0.246204540133476,0.086821481585503
VTM-003624,DG-923ab721f46c,gangue_negative,0.473254799842834,0.923813819885254,0.973178744316101,0.949816584587097,0,0.435293406248093,0.024298870936036
VTM-003625,DG-f776577c1282,gangue_negative,0.449514716863632,0.622670531272888,0.849252760410309,0.74740070104599,0,0.174841344356537,0.127755403518677
VTM-003630,DG-0a4e4cc1a146,gangue_negative,0.284924179315567,0.999955296516418,0.999999821186066,0.999987185001373,0,0.49994432926178,0.000012636266547
VTM-003632,DG-1717c766fd48,gangue_negative,0.370828449726105,0.999940037727356,0.999896049499512,0.99991238117218,1,0.500054955482483,0.00002765859972
VTM-003639,DG-f894c712dcc4,gangue_negative,0.419852674007416,0.063261710107327,0.040305946022272,0.04994398355484,1,0.904987037181854,0.23637843132019
VTM-003643,DG-cfb48dbefaa2,gangue_negative,0.425613194704056,0.993046581745148,0.995111703872681,0.994232773780823,0,0.497403234243393,0.000883638393134
VTM-003645,DG-a46eddec1712,gangue_negative,0.418877154588699,0.999998927116394,0.999994039535522,0.99999612569809,1,0.500006139278412,0.00000280142558
VTM-003646,DG-dea7afd4b0ab,gangue_negative,0.336205154657364,0.998920083045959,0.999241292476654,0.999133348464966,0,0.499598115682602,0.000108031847049
VTM-003648,DG-a6134259e89a,gangue_negative,0.425364047288895,0.029665028676391,0.195093244314194,0.124726034700871,0,0.000081278776634,0.447358012199402
VTM-003657,DG-c0939ead5dd2,gangue_negative,0.45318928360939,0.999949812889099,0.999809801578522,0.999873280525208,1,0.500174999237061,0.000076539137808
VTM-003660,DG-151f1400c84f,gangue_negative,0.339608758687973,0.999951720237732,0.999908268451691,0.99992299079895,1,0.50005429983139,0.000028731243219
VTM-003664,DG-b2d6c181d3c5,gangue_negative,0.362764239311218,0.999444186687469,0.998784422874451,0.999023735523224,1,0.500825464725494,0.000420773460064
VTM-003670,DG-2caafa3afdce,gangue_negative,0.37731072306633,0.999962568283081,0.999924421310425,0.999938726425171,1,0.50004768371582,0.000023843032977
VTM-003673,DG-0d8ad7abfcf0,gangue_negative,0.382348209619522,0.91272360086441,0.961115598678589,0.942613005638123,0,0.435779720544815,0.019438877701759
VTM-003683,DG-d5909bfd2402,gangue_negative,0.316169917583466,0.999964952468872,0.999861419200897,0.999894142150879,1,0.500129461288452,0.0000708153093
VTM-003690,DG-b878441ca92a,gangue_negative,0.372542232275009,0.999477922916412,0.999971985816956,0.999787926673889,0,0.499382257461548,0.000184081247426
VTM-003697,DG-d7a8a5a3da5f,gangue_negative,0.377311825752258,0.715356886386871,0.568307757377625,0.623791098594666,1,0.759619176387787,0.136966019868851
VTM-003705,DG-659e95104ea6,gangue_negative,0.35939422249794,0.999760806560516,0.99977046251297,0.999767065048218,0,0.499987959861755,0.000003398250556
VTM-003717,DG-5bc11cc269bb,gangue_negative,0.361799776554108,0.999314069747925,0.998932003974915,0.999070286750793,1,0.500478029251099,0.000243980088271
VTM-003718,DG-8ce053599801,gangue_negative,0.416468560695648,0.949619889259338,0.987056970596313,0.971465587615967,0,0.451817482709885,0.015921913087368
VTM-003746,DG-aa2e80e8635d,gangue_negative,0.405066609382629,0.986496984958649,0.940709114074707,0.959256231784821,1,0.559129893779755,0.028002042323351
VTM-003763,DG-e6c7e8a3fa8b,gangue_negative,0.318823546171188,0.999750792980194,0.999973714351654,0.999902606010437,0,0.499721318483353,0.000071112735895
VTM-003768,DG-80ddaabacd93,gangue_negative,0.412671625614166,0.984336495399475,0.81377387046814,0.884160220623016,1,0.721401989459991,0.10732951015234
VTM-003769,DG-09011d6d25fe,gangue_negative,0.38743594288826,0.19886539876461,0.169783368706703,0.181050792336464,1,0.687943935394287,0.093850612640381
VTM-003777,DG-503a70719a8e,gangue_negative,0.471166759729385,0.910888075828552,0.713727295398712,0.806622922420502,1,0.771992385387421,0.121563725173473
VTM-003783,DG-a81e6b3b8eb3,gangue_negative,0.417791813611984,0.99970668554306,0.999872088432312,0.999802947044373,0,0.499793201684952,0.000069152622018
VTM-003784,DG-dbd0117296ea,gangue_negative,0.410548150539398,0.95080691576004,0.940000772476196,0.944437205791473,1,0.514284014701843,0.006721805781126
VTM-003786,DG-e411a486efd4,gangue_negative,0.378352373838425,0.618746042251587,0.692658543586731,0.664693593978882,0,0.362573623657227,0.041210979223251
VTM-003818,DG-3f8faa0ee02c,gangue_negative,0.346353650093079,0.963931024074554,0.953473091125488,0.957095265388489,1,0.513632297515869,0.007116809487343
VTM-003833,DG-d26fe019ff6d,gangue_negative,0.367160350084305,0.999634981155396,0.999966561794281,0.99984484910965,0,0.499585449695587,0.000121724158817
VTM-003834,DG-7cc47fbcd822,gangue_negative,0.374714910984039,0.906063437461853,0.931898057460785,0.922217488288879,0,0.464915096759796,0.010442346334457
VTM-003845,DG-53ce6612ce65,gangue_negative,0.424276858568192,0.99497663974762,0.99888151884079,0.997224807739258,0,0.495103985071182,0.001659943140112
VTM-003852,DG-6be5443dee38,gangue_negative,0.374019861221313,0.979450106620789,0.978527426719666,0.978872537612915,1,0.501178085803986,0.000589860603213
VTM-003853,DG-65c891702dcc,gangue_negative,0.394111186265945,0.996391236782074,0.991762459278107,0.993586719036102,1,0.505820214748383,0.002818643813953
VTM-003857,DG-eec51d005c3f,gangue_negative,0.311701416969299,0.999974250793457,0.999997913837433,0.999990582466125,0,0.499970436096191,0.000007331413599
VTM-003865,DG-9ccd51a5611e,gangue_negative,0.483543545007706,0.997388064861298,0.998363137245178,0.997891664505005,0,0.498778581619263,0.000472357263789
VTM-003866,DG-da296d08149a,gangue_negative,0.427000999450684,0.983896374702454,0.964702904224396,0.972898483276367,1,0.524605572223663,0.011240838095546
VTM-003867,DG-69c6da087417,gangue_negative,0.357762694358826,0.758978128433228,0.901888966560364,0.850760817527771,0,0.296798020601273,0.058360390365124
VTM-003879,DG-25f26671d2bf,gangue_negative,0.39886537194252,0.994818866252899,0.998675644397736,0.997137308120728,0,0.495163470506668,0.00154156377539
VTM-003881,DG-0442afbb494c,gangue_negative,0.378640711307526,0.924743592739105,0.965643346309662,0.950157046318054,0,0.446112513542175,0.016167275607586
VTM-003883,DG-5b8dec800036,gangue_negative,0.393658876419067,0.999944448471069,0.999889850616455,0.999911308288574,1,0.500068247318268,0.000033142576285
VTM-003885,DG-3bd402d684a5,gangue_negative,0.51042765378952,0.48991322517395,0.317158669233322,0.405337393283844,1,0.897902250289917,0.189508497714996
VTM-003892,DG-50d70c8aa378,gangue_negative,0.37667641043663,0.98765355348587,0.998840510845184,0.994626581668854,0,0.48592483997345,0.004227744881064
VTM-003893,DG-3f533bb93426,gangue_negative,0.33934098482132,0.999923944473267,0.99998527765274,0.999964475631714,0,0.499923348426819,0.000020802541258
VTM-003898,DG-872dd9626575,gangue_negative,0.331810116767883,0.999997735023499,0.999987840652466,0.999991178512573,1,0.500012397766113,0.000006556547305
VTM-003908,DG-87f43e73226f,gangue_negative,0.378092169761658,0.997799932956696,0.99908584356308,0.998599648475647,0,0.498390078544617,0.000486758362968
VTM-003917,DG-cd2edfb4870c,gangue_negative,0.289209514856339,0.987975060939789,0.995749175548553,0.993500888347626,0,0.490203827619553,0.002260438166559
VTM-003918,DG-e88ef3befbd4,gangue_negative,0.421327650547028,0.006634963676333,0.211515322327614,0.125193566083908,0,0.000000030372664,0.524436354637146
VTM-003924,DG-c18835401483,gangue_negative,0.421624958515167,0.999537467956543,0.998846650123596,0.999137878417969,1,0.500864207744598,0.000399854354328
VTM-003929,DG-a3a3866548c7,gangue_negative,0.384292125701904,0.998522818088531,0.99658739566803,0.997331142425537,1,0.502425193786621,0.001194151234813
VTM-003939,DG-a00a27df5ea6,gangue_negative,0.451147466897964,0.059259127825499,0.183074370026588,0.127215445041656,0,0.00354077341035,0.364010334014893
VTM-003951,DG-67f2924f6aa7,gangue_negative,0.460709869861603,0.000303073582472,0.002766048070043,0.00163133139722,0,0.000015791925762,0.528023242950439
VTM-003967,DG-429eaf8b1104,gangue_negative,0.424724072217941,0.916637063026428,0.989714860916138,0.958676934242249,0,0.40527668595314,0.031862743198872
VTM-003968,DG-e132f59afe54,gangue_negative,0.431239187717438,0.990482687950134,0.996808648109436,0.994080662727356,0,0.492042601108551,0.002740470692515
VTM-003970,DG-23abb502c453,gangue_negative,0.422721028327942,0.996386766433716,0.990660190582275,0.993080973625183,1,0.507204413414001,0.003323297016323
VTM-003981,DG-68ff1bb4b821,gangue_negative,0.394944489002228,0.159059047698975,0.684396982192993,0.476917684078217,0,0.000677574484143,0.361194252967834
VTM-003983,DG-58db362e069f,gangue_negative,0.466077238321304,0.975873649120331,0.998958349227905,0.9881991147995,0,0.470808297395706,0.010828875005245
VTM-003986,DG-0db619a6a0f1,gangue_negative,0.378120273351669,0.669706046581268,0.77635931968689,0.736031532287598,0,0.323248475790024,0.053342491388321
VTM-003991,DG-953f0025b71e,gangue_negative,0.343257516622543,0.999813616275787,0.999737083911896,0.999763309955597,1,0.500095665454865,0.00005031695764
VTM-004001,DG-42e3613ecebc,gangue_negative,0.476976037025452,0.99960869550705,0.999894380569458,0.999758124351501,0,0.499642819166183,0.000136279908475
VTM-004002,DG-560f8a32afc5,gangue_negative,0.398906797170639,0.980062782764435,0.995482325553894,0.989331364631653,0,0.480496495962143,0.00619804346934
VTM-004010,DG-2d5da953e48c,gangue_negative,0.327200204133987,0.938826143741608,0.99805736541748,0.978676915168762,0,0.424115270376205,0.019609183073044
VTM-004016,DG-da569d21cffa,gangue_negative,0.304439127445221,0.99925023317337,0.999924063682556,0.999718904495239,0,0.49915736913681,0.000205195829039
VTM-004028,DG-dd7002f2ef21,gangue_negative,0.376773864030838,0.993504643440247,0.997528374195099,0.996012389659882,0,0.494947850704193,0.001520896796137
VTM-004036,DG-40e886492f22,gangue_negative,0.461445361375809,0.809027373790741,0.774688899517059,0.790534257888794,1,0.554002523422241,0.023123756051064
VTM-004045,DG-65eabe4c4d84,gangue_negative,0.273566246032715,0.589357912540436,0.35507869720459,0.41916960477829,1,0.926455199718475,0.34075802564621
VTM-004046,DG-90dbb664ba9d,gangue_negative,0.408834159374237,0.999998331069946,0.999988257884979,0.999992370605469,1,0.500012576580048,0.000005960492217
VTM-004052,DG-fb92825ab371,gangue_negative,0.277111142873764,0.999942302703857,0.999983727931976,0.999972224235535,0,0.49994820356369,0.000011503949281
VTM-004065,DG-4eb0ca8702aa,gangue_negative,0.351944476366043,0.804603576660156,0.621775090694427,0.686120629310608,1,0.783953547477722,0.159296259284019
VTM-004067,DG-e0c1b9cf2925,gangue_negative,0.360449194908142,0.985954821109772,0.981602430343628,0.983171224594116,1,0.505529999732971,0.002827242948115
VTM-004071,DG-42cfa58f2681,gangue_negative,0.444397449493408,0.999856233596802,0.999925553798676,0.999894738197327,0,0.499913364648819,0.000030818366213
VTM-004080,DG-b79cf3269d3c,gangue_negative,0.338255017995834,0.972895443439484,0.334386795759201,0.550365567207336,1,0.995226502418518,0.569693922996521
VTM-004090,DG-4c4b5559c990,gangue_negative,0.255621671676636,0.999992251396179,0.999998509883881,0.999996900558472,0,0.499992191791534,0.000001609329047
VTM-004094,DG-0711140876d8,gangue_negative,0.432177066802979,0.003108152654022,0.004355047363788,0.00381616782397,0,0.156232088804245,0.132088661193848
VTM-004100,DG-dfa6edcb2069,gangue_negative,0.394264817237854,0.978956520557404,0.9897301197052,0.985482454299927,0,0.486322045326233,0.004300977103412
VTM-004117,DG-b2eed62d16a2,gangue_negative,0.256832510232925,0.999467432498932,0.999712765216827,0.9996497631073,0,0.499693214893341,0.000063022191171
VTM-004120,DG-b76abca6e457,gangue_negative,0.297725528478622,0.999949932098389,0.99998950958252,0.999977707862854,0,0.499950528144836,0.000011801913388
VTM-004130,DG-8256e1911a9e,gangue_negative,0.391325414180756,0.999651789665222,0.999429881572723,0.999516725540161,1,0.500277519226074,0.000135120295454
VTM-004134,DG-b741400b9e2d,gangue_negative,0.495636075735092,0.653886377811432,0.824917674064636,0.740148365497589,0,0.238349452614784,0.108432948589325
VTM-004135,DG-adc1175125a1,metallic_hard_negative,0.395604759454727,0.837766230106354,0.832073628902435,0.834325671195984,1,0.508521854877472,0.004115283489227
VTM-004149,DG-6a2365056b07,metallic_hard_negative,0.440681010484695,0.273843318223953,0.839089870452881,0.589996457099915,0,0.003688616678119,0.352201282978058
VTM-004160,DG-8add3fa7edc2,metallic_hard_negative,0.384780645370483,0.000283073080936,0.00064348167507,0.000504803436343,0,0.016207478940487,0.242724418640137
VTM-004174,DG-3e71a8cd21fd,metallic_hard_negative,0.452863216400146,0.986906230449677,0.991534948348999,0.989438772201538,0,0.494151324033737,0.002116309478879
VTM-004176,DG-575bee434464,metallic_hard_negative,0.380980342626572,0.415708303451538,0.651927828788757,0.561932802200317,0,0.095371000468731,0.148551553487778
VTM-004180,DG-75df9f2308ff,metallic_hard_negative,0.411807030439377,0.9835284948349,0.996377944946289,0.991086483001709,0,0.483780682086945,0.005324849393219
VTM-004188,DG-a4254b0e00f4,metallic_hard_negative,0.414890706539154,0.64626157283783,0.799680709838867,0.736028552055359,0,0.256347328424454,0.082943618297577
VTM-004192,DG-8d595d262675,metallic_hard_negative,0.448066741228104,0.787605583667755,0.95545369386673,0.880246520042419,0,0.275689601898193,0.081984288990498
VTM-004206,DG-6fc3e16be27c,metallic_hard_negative,0.413077831268311,0.988158047199249,0.964398860931396,0.974213242530823,1,0.530384659767151,0.014212436974049
VTM-004230,DG-1ff8468fcb64,metallic_hard_negative,0.531879365444183,0.788366854190826,0.878836512565613,0.83071756362915,0,0.367448896169662,0.056309014558792
VTM-004232,DG-19235d79b660,metallic_hard_negative,0.547420918941498,0.642407536506653,0.719653844833374,0.677367568016052,0,0.361759126186371,0.060556262731552
VTM-004233,DG-c9ccef5c07fe,metallic_hard_negative,0.635423958301544,0.501502931118011,0.936351895332336,0.660038471221924,0,0.04221248626709,0.349693238735199
VTM-004236,DG-0aff0279da72,metallic_hard_negative,0.434580743312836,0.997610092163086,0.997351586818695,0.997463941574097,1,0.500323951244354,0.000146511476487
VTM-004237,DG-1ea94c1b61aa,metallic_hard_negative,0.297309666872025,0.996155321598053,0.999924778938293,0.998804092407227,0,0.49527907371521,0.001121399458498
VTM-004258,DG-8529b5281a89,metallic_hard_negative,0.355474442243576,0.82449746131897,0.243235677480698,0.449859380722046,1,0.997770428657532,0.605839014053345
VTM-004260,DG-374b453fd12e,metallic_hard_negative,0.546753585338593,0.998018741607666,0.997616767883301,0.997836589813232,1,0.500503599643707,0.000182529911399
VTM-004269,DG-d76a5798987b,metallic_hard_negative,0.352195084095001,0.999619126319885,0.99974262714386,0.999699115753174,0,0.499845564365387,0.000043523556087
VTM-004270,DG-c8c9c1834ea8,metallic_hard_negative,0.415529251098633,0.928652167320251,0.944586992263794,0.937965631484985,0,0.478745877742767,0.007034480571747
VTM-004272,DG-10928d8997b0,metallic_hard_negative,0.361972123384476,0.996675848960876,0.999231219291687,0.998306274414062,0,0.496799290180206,0.000926085223909
VTM-004275,DG-da0e446b594e,metallic_hard_negative,0.406796842813492,0.993199646472931,0.9798903465271,0.985304594039917,1,0.516857385635376,0.00798087194562
VTM-004288,DG-3515d6411579,metallic_hard_negative,0.439946085214615,0.137918189167976,0.087536536157131,0.109701752662659,1,0.906617999076843,0.228895425796509
VTM-004290,DG-ae7e9d8b1407,metallic_hard_negative,0.378529936075211,0.999107182025909,0.993794023990631,0.995805263519287,1,0.506664752960205,0.003310342086479
VTM-004311,DG-2a993278a0ab,metallic_hard_negative,0.344049274921417,0.999929428100586,0.999936282634735,0.999933958053589,0,0.499991416931152,0.000002324733941
VTM-004315,DG-e2bfa4c17486,metallic_hard_negative,0.48872983455658,0.831460952758789,0.817271769046783,0.824206471443176,1,0.521502554416656,0.008763268589973
VTM-004316,DG-35a4c19258c2,metallic_hard_negative,0.445203393697739,0.688744485378265,0.49085196852684,0.578954339027405,1,0.844702064990997,0.173646748065948
VTM-004318,DG-514e7a7059a3,metallic_hard_negative,0.433670043945312,0.88341748714447,0.945983409881592,0.918850481510162,0,0.415290772914886,0.029101621359587
VTM-004327,DG-9369817684ab,metallic_hard_negative,0.414310187101364,0.998830735683441,0.998970746994019,0.998912692070007,0,0.499824821949005,0.000058116391301
VTM-004328,DG-f99566266cc1,metallic_hard_negative,0.427124589681625,0.999084949493408,0.99836802482605,0.998674273490906,1,0.500897288322449,0.000411136599723
VTM-004338,DG-06674b61b121,metallic_hard_negative,0.575053095817566,0.000058579305914,0.00010749467765,0.000079365738202,0,0.045856490731239,0.303374290466309
VTM-004341,DG-eab770ac9997,metallic_hard_negative,0.368471950292587,0.99947851896286,0.999374747276306,0.999412894248962,1,0.500129818916321,0.000065661093686
VTM-004344,DG-7444563a613d,metallic_hard_negative,0.382533013820648,0.997317850589752,0.999251365661621,0.998511791229248,0,0.497578948736191,0.000740402552765
VTM-004359,DG-151cfb6bf8df,metallic_hard_negative,0.386457234621048,0.998497128486633,0.974568486213684,0.983815908432007,1,0.530283510684967,0.014812482520938
VTM-004361,DG-f1cef0f123a1,metallic_hard_negative,0.455592811107635,0.000170295854332,0.00052715378115,0.000364571867976,0,0.003505968255922,0.368768215179443
VTM-004364,DG-472a4a9cb971,metallic_hard_negative,0.439636170864105,0.000129909793031,0.00081620173296,0.000514482962899,0,0.000102135520137,0.461499214172363
VTM-004367,DG-cb0f9ce956c2,metallic_hard_negative,0.447101145982742,0.296187371015549,0.541901230812073,0.432042300701141,0,0.04651016741991,0.226560294628143
VTM-004371,DG-e09717884a17,metallic_hard_negative,0.398727506399155,0.991957783699036,0.992542266845703,0.992309212684631,0,0.499263644218445,0.000234832521528
VTM-004379,DG-5953246e4a1a,metallic_hard_negative,0.345084398984909,0.999997735023499,0.999998509883881,0.999998211860657,0,0.499999046325684,0.000000298023679
VTM-004382,DG-61b3f3ff271f,metallic_hard_negative,0.4201620221138,0.992612242698669,0.913650155067444,0.946827054023743,1,0.602157235145569,0.047223646193743
VTM-004400,DG-4f8748449cd7,metallic_hard_negative,0.413872510194778,0.99998939037323,0.999962687492371,0.999973773956299,1,0.500033378601074,0.000015616704331
VTM-004402,DG-6107f92983d8,metallic_hard_negative,0.388316601514816,0.999996423721313,0.999988734722137,0.999991655349731,1,0.500009596347809,0.000004768399776
VTM-004415,DG-5ac917b072da,metallic_hard_negative,0.482946574687958,0.8171346783638,0.663905918598175,0.737907230854034,1,0.738525211811066,0.101985812187195
VTM-004426,DG-34ac7ddd4d52,metallic_hard_negative,0.35708823800087,0.090783908963203,0.04282096773386,0.059947974979877,1,0.977185308933258,0.415004968643188
VTM-004436,DG-b05a976d1bb6,metallic_hard_negative,0.531741917133331,0.010910554789007,0.011292144656181,0.01108923740685,0,0.457134693861008,0.01813268661499
VTM-004438,DG-5a6e9b3a4004,metallic_hard_negative,0.344336360692978,0.999926924705505,0.999845623970032,0.999873638153076,1,0.500101625919342,0.000053291871154
VTM-004440,DG-39fb01622191,metallic_hard_negative,0.472232788801193,0.406889498233795,0.729723811149597,0.577270865440369,0,0.051143482327461,0.234354555606842
VTM-004441,DG-0b4e27a8bcca,metallic_hard_negative,0.424476742744446,0.604979753494263,0.450383305549622,0.516005873680115,1,0.813888907432556,0.159076869487762
VTM-004452,DG-b059f26ce090,metallic_hard_negative,0.40627709031105,0.0006386199384,0.000700892938767,0.000675592920743,0,0.3857461810112,0.036764621734619
VTM-004460,DG-c94829c7b9c0,metallic_hard_negative,0.383739769458771,0.000373001326807,0.000929781002924,0.000716122507583,0,0.010283946990967,0.261097431182861
VTM-004470,DG-cdbe626ccda5,metallic_hard_negative,0.440547049045563,0.000014747621208,0.000070368303568,0.000045864777348,0,0.000404155813158,0.428045272827148
VTM-004471,DG-5639b969883e,metallic_hard_negative,0.219606146216393,0.00010335722618,0.000016435438738,0.000035523997212,1,0.999898314476013,1.06798267364502
VTM-004478,DG-735267660f64,metallic_hard_negative,0.293067872524261,0.769247770309448,0.956448972225189,0.901586294174194,0,0.251793146133423,0.059071678668261
VTM-004481,DG-75cee6f8c04d,metallic_hard_negative,0.384232819080353,0.924059569835663,0.970500946044922,0.952656626701355,0,0.439010441303253,0.018557844683528
VTM-004489,DG-577c20689751,metallic_hard_negative,0.420755863189697,0.000656374497339,0.00593723077327,0.003715279512107,0,0.000016513207811,0.468788623809814
VTM-004490,DG-04c585ec47f6,metallic_hard_negative,0.447595328092575,0.005642010364681,0.011347795836627,0.008793912827969,0,0.029485806822777,0.254963874816895
VTM-004495,DG-459a0e85d4ef,metallic_hard_negative,0.281415313482285,0.999993562698364,0.99999475479126,0.999994397163391,0,0.499998509883881,0.000000357630142
VTM-004505,DG-55060e2c5204,metallic_hard_negative,0.5781329870224,0.000016184087144,0.000034347067412,0.000023846449039,0,0.022699734196067,0.36488151550293
VTM-004506,DG-07650a244661,metallic_hard_negative,0.263829827308655,0.99999725818634,0.999995768070221,0.999996185302734,1,0.500001847743988,0.000001072887017
VTM-004514,DG-749103c71312,metallic_hard_negative,0.423689782619476,0.944226801395416,0.972811758518219,0.960700631141663,0,0.462788641452789,0.012527754530311
VTM-004534,DG-51b8c93738fc,metallic_hard_negative,0.250442355871201,0.999896049499512,0.999990284442902,0.999966621398926,0,0.499882191419601,0.000023663553293
VTM-004538,DG-6c2d74b987f5,metallic_hard_negative,0.48259237408638,0.88351571559906,0.908267021179199,0.896322250366211,0,0.465518176555634,0.013238407671452
VTM-004575,DG-f11a8a6d99f7,metallic_hard_negative,0.457722693681717,0.99517834186554,0.992550909519196,0.993753552436829,1,0.503304541110992,0.001432718709111
VTM-004577,DG-e0df51e4d6b5,metallic_hard_negative,0.376842319965363,0.466285467147827,0.582239866256714,0.538543343544006,0,0.24779224395752,0.078014492988586
VTM-004581,DG-4429f0494fe0,metallic_hard_negative,0.568098068237305,0.172199577093124,0.173021331429482,0.172554492950439,0,0.494049340486526,0.002701759338379
VTM-004604,DG-4251175c7d1f,metallic_hard_negative,0.353508025407791,0.813937783241272,0.955446124076843,0.905421853065491,0,0.309710681438446,0.053777404129505
VTM-004608,DG-73d67dbab2a7,metallic_hard_negative,0.286356270313263,0.91912978887558,0.99835342168808,0.975667238235474,0,0.398097157478333,0.022985758259892
VTM-004620,DG-33e10ca6bb40,metallic_hard_negative,0.30269655585289,0.147827878594398,0.630624413490295,0.484483540058136,0,0.000707327446435,0.263627022504807
VTM-004622,DG-e729856f24c2,metallic_hard_negative,0.386523097753525,0.206209570169449,0.287576973438263,0.256126582622528,0,0.159361287951469,0.115818858146667
VTM-004624,DG-517f572a6ecc,metallic_hard_negative,0.56290203332901,0.554604172706604,0.595900356769562,0.572654664516449,0,0.411178946495056,0.039790570735931
VTM-004626,DG-9acaa84063d0,metallic_hard_negative,0.439370721578598,0.196557819843292,0.119478471577168,0.153344869613647,1,0.92337429523468,0.24826717376709
VTM-004627,DG-e055e9006d1d,metallic_hard_negative,0.357690334320068,0.881786167621613,0.908941924571991,0.899228572845459,0,0.462158024311066,0.010743945837021
VTM-004628,DG-39b57bb7b5f8,metallic_hard_negative,0.434702098369598,0.118364885449409,0.106351383030415,0.111573681235313,1,0.63067615032196,0.059087038040161
VTM-004629,DG-795540e68cad,metallic_hard_negative,0.396608054637909,0.87915050983429,0.986697256565094,0.944043338298798,0,0.359614938497543,0.044191189110279
VTM-004634,DG-00ef3d45bc91,metallic_hard_negative,0.468037754297256,0.005871411412954,0.020328903570771,0.01356225181371,0,0.002005725633353,0.404753446578979
VTM-004637,DG-18ca7db1d023,metallic_hard_negative,0.295711815357208,0.994397640228271,0.997529268264771,0.99660325050354,0,0.496069699525833,0.000928742578253
VTM-004638,DG-429a27506cdb,metallic_hard_negative,0.403078436851501,0.471649080514908,0.310171484947205,0.375259637832642,1,0.89046984910965,0.228617072105408
VTM-004639,DG-242ef8eb00de,metallic_hard_negative,0.437318831682205,0.000033975935366,0.000080350429926,0.000060069993197,0,0.013337842188776,0.290886878967285
VTM-004651,DG-4c6b9f6cd4e6,metallic_hard_negative,0.397648632526398,0.645900964736938,0.731962561607361,0.697740316390991,0,0.348550707101822,0.047882378101349
VTM-004654,DG-476fe3218249,metallic_hard_negative,0.449182778596878,0.277651220560074,0.244804888963699,0.259558916091919,1,0.652380883693695,0.067381978034973
VTM-004657,DG-b8c33cc77ec7,metallic_hard_negative,0.255153954029083,0.997757017612457,0.99983686208725,0.999306201934814,0,0.497397094964981,0.000530887627974
VTM-004658,DG-bc3a0327e67c,metallic_hard_negative,0.381659954786301,0.788016617298126,0.639131546020508,0.695955038070679,1,0.740206956863403,0.124234110116959
VTM-004671,DG-a1fe913f5597,metallic_hard_negative,0.453081339597702,0.873644590377808,0.903466641902924,0.889954805374146,0,0.458141267299652,0.015068508684635
VTM-004675,DG-7e1d6174749f,metallic_hard_negative,0.364308923482895,0.732676804065704,0.964725136756897,0.880187809467316,0,0.201701641082764,0.091707915067673
VTM-004679,DG-9328bcecc05c,metallic_hard_negative,0.43133533000946,0.125008255243301,0.101489499211311,0.111633971333504,1,0.73925918340683,0.113154411315918
VTM-004681,DG-fbdfc93844e6,metallic_hard_negative,0.408235847949982,0.028943406417966,0.134648859500885,0.091496102511883,0,0.000458707596408,0.386373996734619
VTM-004689,DG-2fdd92c576ae,metallic_hard_negative,0.296651273965836,0.99030601978302,0.999628484249115,0.996863007545471,0,0.488290041685104,0.002770338207483
VTM-004703,DG-f2e539cd549d,metallic_hard_negative,0.270213305950165,0.98922461271286,0.992932915687561,0.991930842399597,0,0.495323002338409,0.00100971525535
VTM-004718,DG-e1cf4eb6f505,metallic_hard_negative,0.429832994937897,0.091324925422668,0.314633786678314,0.21864826977253,0,0.002056013094261,0.363945007324219
VTM-004726,DG-17f4de3304d4,metallic_hard_negative,0.301753491163254,0.999309897422791,0.99953281879425,0.999465525150299,0,0.499721199274063,0.000067327375291
VTM-004727,DG-a725fbe9faea,metallic_hard_negative,0.328378468751907,0.998318552970886,0.99865061044693,0.998541593551636,0,0.499584317207336,0.000109170097858
VTM-004729,DG-1e52fa077617,metallic_hard_negative,0.378948122262955,0.965696632862091,0.975338280200958,0.971684634685516,0,0.487584233283997,0.003753064200282
VTM-004733,DG-125135a8e2f0,metallic_hard_negative,0.398549288511276,0.000054550702771,0.000265578302788,0.000181473398698,0,0.000365494197467,0.380801200866699
VTM-004737,DG-12030acde72b,metallic_hard_negative,0.354065001010895,0.104489460587502,0.321415156126022,0.244609355926514,0,0.00361789832823,0.27307116985321
VTM-004745,DG-df412d4bb526,metallic_hard_negative,0.503238201141357,0.030968161299825,0.092090353369713,0.061331331729889,0,0.004281961824745,0.406479597091675
VTM-004758,DG-c4e84e88275c,metallic_hard_negative,0.41431337594986,0.889697015285492,0.891533970832825,0.890772879123688,0,0.49742180109024,0.000854052603245
VTM-004763,DG-cb20f172d610,metallic_hard_negative,0.483508199453354,0.109590791165829,0.089551158249378,0.099240481853485,1,0.732964754104614,0.099207401275635
VTM-004767,DG-b40f2d98cabd,metallic_hard_negative,0.256571024656296,0.999957799911499,0.99998939037323,0.999981284141541,0,0.499960541725159,0.000008106349924
VTM-004774,DG-932c59e38cef,metallic_hard_negative,0.435131162405014,0.886397659778595,0.97808176279068,0.938187122344971,0,0.379390031099319,0.041643843054771
VTM-004775,DG-f38907e32429,metallic_hard_negative,0.398626714944839,0.994173228740692,0.994038999080658,0.994092524051666,1,0.500168800354004,0.000081181060523
VTM-004781,DG-6f2561ef17ac,metallic_hard_negative,0.432659566402435,0.701388418674469,0.471955150365829,0.571221649646759,1,0.878775954246521,0.205284506082535
VTM-004790,DG-f8dff64bbd78,metallic_hard_negative,0.339167088270187,0.939693987369537,0.986912071704865,0.970897197723389,0,0.439021706581116,0.016360357403755
VTM-004791,DG-8676e0bac99a,metallic_hard_negative,0.294431537389755,0.998835265636444,0.999437510967255,0.999260187149048,0,0.499246537685394,0.000177439360414
VTM-004797,DG-b98020f05c5b,metallic_hard_negative,0.384386241436005,0.335727781057358,0.542324662208557,0.462911665439606,0,0.083339005708694,0.158328592777252
VTM-004798,DG-8f563ef4c66a,metallic_hard_negative,0.410973429679871,0.352986961603165,0.294901371002197,0.318773001432419,1,0.710733830928802,0.101951837539673
VTM-004807,DG-bef699f46b28,metallic_hard_negative,0.34671825170517,0.997389614582062,0.99957138299942,0.998814940452576,0,0.49726864695549,0.000757053378038
VTM-004811,DG-8c75a49f6469,metallic_hard_negative,0.445716053247452,0.99902868270874,0.997150719165802,0.997987806797028,1,0.502351939678192,0.001042431220412
VTM-004816,DG-aef13599345d,metallic_hard_negative,0.395265460014343,0.999857187271118,0.999976277351379,0.999929189682007,0,0.499851137399673,0.000047089895816
VTM-004821,DG-885baf3a9356,metallic_hard_negative,0.437388718128204,0.212093040347099,0.19587729871273,0.202969878911972,1,0.598130941390991,0.043967485427856
VTM-004828,DG-471124d61d31,metallic_hard_negative,0.467796742916107,0.014558239839971,0.060968302190304,0.039257824420929,0,0.000775688153226,0.440203428268433
VTM-004836,DG-876ac496608e,metallic_hard_negative,0.453543841838837,0.010514905676246,0.030761782079935,0.021578935906291,0,0.004644587170333,0.354555368423462
VTM-004853,DG-a7aab72b3e41,metallic_hard_negative,0.36286985874176,0.998276829719543,0.999342739582062,0.998955965042114,0,0.498666048049927,0.000387103878893
VTM-004862,DG-54f8509c371f,metallic_hard_negative,0.246379852294922,0.611655056476593,0.63884174823761,0.632143497467041,0,0.445852786302567,0.010540336370468
VTM-004872,DG-79c595017343,metallic_hard_negative,0.451685637235641,0.360050141811371,0.430246859788895,0.398540019989014,0,0.290990233421326,0.076551258563995
VTM-004873,DG-5481466c56f8,metallic_hard_negative,0.296455949544907,0.999829292297363,0.999460160732269,0.999569535255432,1,0.500461578369141,0.000259835156612
VTM-004884,DG-c7be9992acdc,metallic_hard_negative,0.298823744058609,0.007172483019531,0.021833883598447,0.017452709376812,0,0.003810960566625,0.223968029022217
VTM-004885,DG-9da9f2bce07f,metallic_hard_negative,0.379339426755905,0.897206425666809,0.823601424694061,0.85152268409729,1,0.605395138263702,0.05225982517004
VTM-004895,DG-4d6358272602,metallic_hard_negative,0.441794186830521,0.05944000557065,0.496540933847427,0.303432315587997,0,0.000024581519028,0.492507338523865
VTM-004922,DG-00b9f96a4c6c,metallic_hard_negative,0.398829728364944,0.874379873275757,0.797438979148865,0.828125357627869,1,0.613144159317017,0.05435037612915
VTM-004924,DG-7aad7e379ffa,metallic_hard_negative,0.48673540353775,0.343210935592651,0.403755187988281,0.37428617477417,0,0.307396799325943,0.075788080692291
VTM-004928,DG-6cc136fa05a0,metallic_hard_negative,0.417813390493393,0.007029277738184,0.009027787484229,0.008192783221602,0,0.222507044672966,0.097053527832031
VTM-004931,DG-0e1e1a4129d4,metallic_hard_negative,0.484531581401825,0.678919553756714,0.643509447574615,0.660666763782501,1,0.566560029983521,0.027253091335297
VTM-004933,DG-daf6f41ce75b,metallic_hard_negative,0.361946910619736,0.998819887638092,0.999811112880707,0.999452352523804,0,0.49876007437706,0.000358892517397
VTM-004934,DG-4df02ac79ea4,metallic_hard_negative,0.302676558494568,0.999964356422424,0.999971091747284,0.999969065189362,0,0.499991536140442,0.000002026619768
VTM-004958,DG-186b0e386473,metallic_hard_negative,0.423587530851364,0.017163699492812,0.039558835327625,0.030072532594204,0,0.015142940916121,0.274176836013794
VTM-004961,DG-3a71801f1ee0,metallic_hard_negative,0.331217974424362,0.655214548110962,0.134881347417831,0.307225048542023,1,0.999630451202393,0.757382154464722
VTM-004973,DG-cd84b2b89a33,metallic_hard_negative,0.556542217731476,0.015290877781808,0.033810280263424,0.023503450676799,0,0.018568532541394,0.363617658615112
VTM-004975,DG-409f28ca286d,metallic_hard_negative,0.446525394916534,0.00028305395972,0.001721969805658,0.00107945734635,0,0.000119995769637,0.467010498046875
VTM-004982,DG-dc41c31e3d21,metallic_hard_negative,0.497477322816849,0.001246374682523,0.001793626812287,0.001521381316707,0,0.139433398842812,0.164621353149414
VTM-004988,DG-b4a86ae99aa4,metallic_hard_negative,0.338208645582199,0.999382972717285,0.999722123146057,0.999607443809509,0,0.499575853347778,0.000114717782708
VTM-004989,DG-1b61a2cf0409,metallic_hard_negative,0.529811859130859,0.08512607216835,0.061762936413288,0.074141003191471,1,0.832597494125366,0.138164758682251
VTM-004991,DG-ea706e06deb2,metallic_hard_negative,0.427886188030243,0.096687071025372,0.15157724916935,0.128090500831604,0,0.095515333116055,0.168358325958252
VTM-004992,DG-61a93824ab3f,metallic_hard_negative,0.417937785387039,0.612630784511566,0.956805467605591,0.812961935997009,0,0.097159832715988,0.16291581094265
VTM-005010,DG-0dfe2015f256,metallic_hard_negative,0.399489551782608,0.993239402770996,0.996919989585876,0.995449662208557,0,0.495376646518707,0.001475958619267
VTM-005023,DG-c084338a6f51,metallic_hard_negative,0.274225622415543,0.99871563911438,0.999472796916962,0.999265193939209,0,0.499052703380585,0.000207734061405
VTM-005030,DG-95e9bd875060,metallic_hard_negative,0.362114101648331,0.89860212802887,0.866658270359039,0.878225564956665,1,0.545121431350708,0.022936888039112
VTM-005035,DG-b403d3226f67,metallic_hard_negative,0.40983659029007,0.164167314767838,0.248754188418388,0.214087396860123,0,0.111263908445835,0.150080919265747
VTM-005038,DG-0d49cac547b0,metallic_hard_negative,0.400530636310577,0.150219693779945,0.13454133272171,0.140820994973183,1,0.6343994140625,0.064609289169312
VTM-005040,DG-8d8c532b3669,metallic_hard_negative,0.340154975652695,0.558438122272491,0.629695296287537,0.605456829071045,0,0.354238241910934,0.039252817630768
VTM-005063,DG-74479d1a5c87,metallic_hard_negative,0.457834213972092,0.408682227134705,0.542827963829041,0.481411457061768,0,0.19477567076683,0.120070099830627
VTM-005066,DG-65e289c6abbc,metallic_hard_negative,0.409302681684494,0.974192976951599,0.950260281562805,0.960055947303772,1,0.531051814556122,0.014617851004004
VTM-005072,DG-64e32c420e3e,metallic_hard_negative,0.333583384752274,0.998516023159027,0.999839544296265,0.999398112297058,0,0.498344212770462,0.000441600335762
VTM-005077,DG-21bd52d934ed,metallic_hard_negative,0.343925148248672,0.982454240322113,0.994034171104431,0.990051507949829,0,0.48535692691803,0.004014614038169
VTM-005078,DG-d61764c62067,metallic_hard_negative,0.424297958612442,0.961751163005829,0.976518273353577,0.970252633094788,0,0.480962097644806,0.006436979398131
VTM-005079,DG-8991f4f42cb4,metallic_hard_negative,0.338879406452179,0.999015331268311,0.999275028705597,0.999186992645264,0,0.499675124883652,0.000088103814051
VTM-005086,DG-026146869812,metallic_hard_negative,0.483304172754288,0.999802529811859,0.999932765960693,0.999869823455811,0,0.499837219715118,0.000062948711275
VTM-005122,DG-219037f7495d,metallic_hard_negative,0.533984482288361,0.001052961568348,0.001577655901201,0.001297477283515,0,0.116946630179882,0.195518493652344
VTM-005137,DG-372246a3f1f6,metallic_hard_negative,0.37887117266655,0.999980807304382,0.999994337558746,0.999989151954651,0,0.499983072280884,0.000005185647296
VTM-005138,DG-5a4fb74725d8,metallic_hard_negative,0.3921118080616,0.993801057338715,0.993942975997925,0.993887305259705,0,0.499821484088898,0.000056011602283
VTM-005142,DG-cfce57e05adf,metallic_hard_negative,0.41859170794487,0.999956607818604,0.999991238117218,0.999976754188538,0,0.499956727027893,0.000014484161511
VTM-005143,DG-859270c63ec9,metallic_hard_negative,0.41867670416832,0.998412132263184,0.999802052974701,0.999220073223114,0,0.498261094093323,0.000582264503464
VTM-005149,DG-7bf1fc828b2b,metallic_hard_negative,0.535946428775787,0.084183089435101,0.100490242242813,0.091750487685204,0,0.292073905467987,0.090987682342529
VTM-005153,DG-551a362604ce,metallic_hard_negative,0.521327257156372,0.035116147249937,0.131417587399483,0.081213027238846,0,0.001360428519547,0.481304407119751
VTM-005159,DG-149fd0e3eff3,metallic_hard_negative,0.454705148935318,0.053985051810741,0.18477389216423,0.125303536653519,0,0.00212442339398,0.388393640518188
VTM-005162,DG-25aaddd86de9,metallic_hard_negative,0.329003900289536,0.999002158641815,0.99992311000824,0.999620079994202,0,0.498848170042038,0.000303099222947
VTM-005167,DG-2f4b74de52ee,metallic_hard_negative,0.381817370653152,0.999916553497314,0.999936819076538,0.999929130077362,0,0.49997466802597,0.000007689515769
VTM-005169,DG-58d2eeda1f79,metallic_hard_negative,0.412373214960098,0.427879840135574,0.676929116249084,0.574227869510651,0,0.091652676463127,0.164540261030197
VTM-005170,DG-bc934293a7f4,metallic_hard_negative,0.463514626026154,0.165303289890289,0.384543985128403,0.282922714948654,0,0.01446601934731,0.306884348392487
VTM-005180,DG-e7376cbecd06,metallic_hard_negative,0.292812079191208,0.999874830245972,0.999982893466949,0.999951243400574,0,0.499864906072617,0.000031651110476
VTM-005200,DG-a85bd3bc567e,metallic_hard_negative,0.373775362968445,0.026356220245361,0.052087862044573,0.042470008134842,0,0.032104171812534,0.204133987426758
VTM-005206,DG-b5449f2ddd63,metallic_hard_negative,0.317853808403015,0.802215218544006,0.931376993656158,0.89032244682312,0,0.321598380804062,0.045080430805683
VTM-005212,DG-46c12c29b1da,metallic_hard_negative,0.589558959007263,0.002330764429644,0.001337044523098,0.001922901021317,1,0.941512405872345,0.192360877990723
VTM-005213,DG-dfcb39bd4e2e,metallic_hard_negative,0.406744599342346,0.999247670173645,0.997707962989807,0.998334228992462,1,0.501927554607391,0.000914547010325
VTM-005221,DG-205a686bf0de,metallic_hard_negative,0.43430757522583,0.00115459121298,0.000474722706713,0.000769994745497,1,0.988385915756226,0.405117988586426
VTM-005222,DG-bbd47e7fef66,metallic_hard_negative,0.387771785259247,0.954986393451691,0.956293642520905,0.95578670501709,0,0.498290091753006,0.000530246645212
VTM-005224,DG-dbfe6102f756,metallic_hard_negative,0.390638411045074,0.512056946754456,0.212038189172745,0.329237043857574,1,0.987971127033234,0.441657841205597
VTM-005226,DG-48f4ef422f75,metallic_hard_negative,0.440787702798843,0.999020576477051,0.994485139846802,0.996484279632568,1,0.505687534809113,0.0025420114398
VTM-005235,DG-2fd812943ddc,metallic_hard_negative,0.495365649461746,0.000660986232106,0.001626175828278,0.001148054143414,0,0.010973189026117,0.348162651062012
VTM-005239,DG-d144df99b42f,metallic_hard_negative,0.435327053070068,0.999675989151001,0.999647378921509,0.999659776687622,1,0.500035762786865,0.000016217847588
VTM-005251,DG-0d59bea646e8,metallic_hard_negative,0.554923951625824,0.058072593063116,0.134499922394753,0.09208856523037,0,0.014783517457545,0.378812789916992
VTM-005256,DG-5b06a6ebdeac,metallic_hard_negative,0.342164009809494,0.976639449596405,0.957611501216888,0.964122176170349,1,0.524574398994446,0.012899519875646
VTM-005262,DG-6d037647dc5d,metallic_hard_negative,0.290705233812332,0.984478354454041,0.858856439590454,0.895375430583954,1,0.664307713508606,0.094868808984756
VTM-005276,DG-5227f2844eb4,metallic_hard_negative,0.420333415269852,0.985523223876953,0.986809253692627,0.986268699169159,0,0.49836990237236,0.000547930598259
VTM-005291,DG-db64ff1b9f2e,metallic_hard_negative,0.379953384399414,0.67555844783783,0.486035227775574,0.558045268058777,1,0.83838939666748,0.191099584102631
VTM-005292,DG-ace734d67c95,metallic_hard_negative,0.368413984775543,0.000506174576003,0.004118605982512,0.002787735778838,0,0.000028037455195,0.390285015106201
VTM-005300,DG-461848f6f446,metallic_hard_negative,0.489371061325073,0.999139904975891,0.99844217300415,0.998783588409424,1,0.500873267650604,0.000356686883606
VTM-005302,DG-c25133d20a6a,metallic_hard_negative,0.44562155008316,0.99993097782135,0.99995744228363,0.999945640563965,0,0.49996691942215,0.000011802290828
VTM-005303,DG-508ddcc3e558,metallic_hard_negative,0.409288704395294,0.977298676967621,0.984340131282806,0.981458187103271,0,0.491026997566223,0.002932088449597
VTM-005334,DG-8da137f9d55b,ti_bearing_negative,0.493271291255951,0.969204008579254,0.855288445949554,0.911479711532593,1,0.651396155357361,0.061405792832375
VTM-005338,DG-b0ae07246945,ti_bearing_negative,0.509340286254883,0.996064007282257,0.99716717004776,0.996605277061462,0,0.498616367578506,0.000563648063689
VTM-005343,DG-cfe586ef803f,ti_bearing_negative,0.427384316921234,0.435609459877014,0.303075700998306,0.359718561172485,1,0.859822690486908,0.191424131393433
VTM-005351,DG-0f85f20b22a8,ti_bearing_negative,0.428822904825211,0.982284665107727,0.569734990596771,0.74664580821991,1,0.938401997089386,0.274290233850479
VTM-005356,DG-0b1fdaab3e93,ti_bearing_negative,0.486637741327286,0.981266617774963,0.98635870218277,0.983880698680878,0,0.493530571460724,0.002515435218811
VTM-005358,DG-f21c90ff52af,ti_bearing_negative,0.393572777509689,0.19586193561554,0.031251359730959,0.096037603914738,1,0.99989652633667,0.712670087814331
VTM-005362,DG-9afde0ab35a6,ti_bearing_negative,0.455720752477646,0.997730672359467,0.966252207756042,0.98059755563736,1,0.539987504482269,0.017321236431599
VTM-005364,DG-40c172b1bb48,ti_bearing_negative,0.491697669029236,0.136095821857452,0.150811493396759,0.143575832247734,0,0.374406784772873,0.049167394638062
VTM-005368,DG-de86fa3632b4,ti_bearing_negative,0.481761425733566,0.999988436698914,0.999995112419128,0.999991893768311,0,0.499991655349731,0.000003218671736
VTM-005374,DG-2c66a63a6464,ti_bearing_negative,0.429484367370605,0.998096406459808,0.999861359596252,0.999103307723999,0,0.497791558504105,0.000758444541134
VTM-005375,DG-39640ca657f9,ti_bearing_negative,0.393147826194763,0.999979376792908,0.999998509883881,0.999990999698639,0,0.499976098537445,0.000007510225259
VTM-005377,DG-6a66c2b01f42,ti_bearing_negative,0.373263716697693,0.689935803413391,0.834625840187073,0.78061830997467,0,0.278497874736786,0.066897213459015
VTM-005381,DG-5e68f4c7e58f,ti_bearing_negative,0.451405137777328,0.946716725826263,0.919326484203339,0.931690573692322,1,0.536632478237152,0.015999160706997
VTM-005389,DG-f7722b50e33b,ti_bearing_negative,0.40944966673851,0.996997237205505,0.997046947479248,0.997026562690735,0,0.499937653541565,0.000020445324481
VTM-005392,DG-d07a61839bef,ti_bearing_negative,0.463542193174362,0.999455273151398,0.999857246875763,0.99967086315155,0,0.499497324228287,0.000186427729204
VTM-005412,DG-0bee395c5e6b,ti_bearing_negative,0.459265023469925,0.991664826869965,0.961598575115204,0.975407004356384,1,0.538409292697906,0.016530349850655
VTM-005429,DG-c9518cace591,ti_bearing_negative,0.408730000257492,0.553234338760376,0.269882321357727,0.385696768760681,1,0.973116219043732,0.360730230808258
VTM-005430,DG-92a771378f20,ti_bearing_negative,0.472305029630661,0.186292558908463,0.258231729269028,0.224254488945007,0,0.163461476564407,0.141075849533081
VTM-005438,DG-61e7ea3ea73c,ti_bearing_negative,0.467706203460693,0.84451824426651,0.77227509021759,0.806063652038574,1,0.609956026077271,0.046603620052338
VTM-005444,DG-4cde2c9e2d97,ti_bearing_negative,0.464583337306976,0.973222851753235,0.966723501682281,0.969743013381958,1,0.508374929428101,0.003581989556551
VTM-005456,DG-3b84de37b851,ti_bearing_negative,0.43779119849205,0.885224342346191,0.927721619606018,0.909116685390472,0,0.44165375828743,0.020258255302906
VTM-005466,DG-da2c03b776f7,ti_bearing_negative,0.505542635917664,0.999922037124634,0.999963104724884,0.999942362308502,0,0.499948620796204,0.000020743398636
VTM-005470,DG-24d013f97f1d,ti_bearing_negative,0.491322249174118,0.733804404735565,0.563299894332886,0.647072553634644,1,0.789539515972137,0.12578409910202
VTM-005485,DG-079050260b7e,ti_bearing_negative,0.383613914251328,0.998284757137299,0.999497711658478,0.999032378196716,0,0.498482078313828,0.000465675722808
VTM-005488,DG-b4719eb6b67a,ti_bearing_negative,0.454867035150528,0.022357318550348,0.005113941151649,0.012957385741174,1,0.999374210834503,0.545487880706787
VTM-005493,DG-ac42f61a5639,ti_bearing_negative,0.445261925458908,0.99178010225296,0.991592764854431,0.991676151752472,1,0.5002361536026,0.000104817561805
VTM-005496,DG-65f6c87ca97a,ti_bearing_negative,0.505095779895782,0.99788373708725,0.995466887950897,0.996687650680542,1,0.503031075000763,0.001199342077598
VTM-005504,DG-c176d6d92cef,ti_bearing_negative,0.471146553754807,0.015114184468985,0.025620859116316,0.020670674741268,0,0.066678591072559,0.214690923690796
VTM-005508,DG-339902f20eb8,ti_bearing_negative,0.46170848608017,0.722755968570709,0.651996910572052,0.684666991233826,1,0.62601512670517,0.054139077663422
VTM-005532,DG-0717b157f591,ti_bearing_negative,0.479386270046234,0.552151560783386,0.433752328157425,0.490511298179626,1,0.769722461700439,0.118374288082123
VTM-005534,DG-76848e5a61b8,ti_bearing_negative,0.59775048494339,0.998763918876648,0.997964143753052,0.998442232608795,1,0.501001358032227,0.000322136213072
VTM-005537,DG-0e4962b865b5,ti_bearing_negative,0.525219142436981,0.999646544456482,0.999433875083923,0.999545574188232,1,0.500265955924988,0.00010101107182
VTM-005549,DG-f6d44f8e05a9,ti_bearing_negative,0.437750697135925,0.995608508586884,0.995094776153564,0.995319664478302,1,0.500645160675049,0.000290160533041
VTM-005560,DG-af97b72376a2,ti_bearing_negative,0.509807109832764,0.244323939085007,0.203841432929039,0.224479705095291,1,0.712132334709167,0.084709644317627
VTM-005565,DG-1e6172c13dbd,ti_bearing_negative,0.394785583019257,0.925167739391327,0.923105299472809,0.923919558525085,1,0.502789676189423,0.001350052654743
VTM-005566,DG-d9b36dcc4a34,ti_bearing_negative,0.456135272979736,0.988504111766815,0.998126983642578,0.993737697601318,0,0.487892776727676,0.004407220520079
VTM-005574,DG-1f1284b6b11d,ti_bearing_negative,0.469657242298126,0.666476786136627,0.665476441383362,0.665946245193481,1,0.50187760591507,0.000796347856522
VTM-005576,DG-b49213ab3923,ti_bearing_negative,0.376931488513947,0.872979998588562,0.869558393955231,0.870848119258881,1,0.504908800125122,0.002445057034492
VTM-005577,DG-813b3ae51d09,ti_bearing_negative,0.485685706138611,0.000830015225802,0.000898022903129,0.000864992500283,0,0.402812987565994,0.037474632263184
VTM-005585,DG-0f4da15f35aa,ti_bearing_negative,0.419757634401321,0.079847820103168,0.2893146276474,0.201389342546463,0,0.001598706003278,0.362274646759033
VTM-005588,DG-c2683bcd1c1f,ti_bearing_negative,0.407546877861023,0.892912745475769,0.985828518867493,0.94796097278595,0,0.378724008798599,0.03916908800602
VTM-005592,DG-332c67ed2100,ti_bearing_negative,0.46749022603035,0.99995219707489,0.999984860420227,0.999969601631165,0,0.499959170818329,0.000015259136489
VTM-005599,DG-ed89121f6629,ti_bearing_negative,0.393173038959503,0.994760692119598,0.99475109577179,0.994754910469055,1,0.500012040138245,0.000005811918527
VTM-005602,DG-ffb5cc605a0d,ti_bearing_negative,0.496500015258789,0.987364232540131,0.983496308326721,0.985416769981384,1,0.504906237125397,0.001974333077669
VTM-005603,DG-e495ccd79b77,ti_bearing_negative,0.356939673423767,0.982215225696564,0.992973148822784,0.989133238792419,0,0.486386895179749,0.003874579910189
VTM-005608,DG-d8e9c5010398,ti_bearing_negative,0.4107466340065,0.977819263935089,0.995402812957764,0.98818039894104,0,0.477736413478851,0.00728222168982
VTM-005614,DG-3c7c076633bd,ti_bearing_negative,0.462015479803085,0.03434406593442,0.046773377805948,0.041030842810869,0,0.175893038511276,0.130990028381348
VTM-005624,DG-d16f8cb2f595,ti_bearing_negative,0.270708352327347,0.995418548583984,0.982182741165161,0.985765814781189,1,0.516726136207581,0.009744483977556
VTM-005630,DG-f9a284d3fda7,ti_bearing_negative,0.400753557682037,0.728540420532227,0.822385430335999,0.78477668762207,0,0.353010952472687,0.04680997133255
VTM-005631,DG-e4dffe40c6cb,ti_bearing_negative,0.406713277101517,0.975948452949524,0.994647443294525,0.987042307853699,0,0.476294547319412,0.007675442378968
VTM-005632,DG-2aafef7a383a,ti_bearing_negative,0.494577258825302,0.405880033969879,0.361458510160446,0.383428394794464,1,0.640964329242706,0.056904792785645
VTM-005633,DG-85b13a18b0d6,ti_bearing_negative,0.496962040662766,0.99964714050293,0.999475717544556,0.999560832977295,1,0.500214397907257,0.000086341693532
VTM-005651,DG-0c42c8b1793a,ti_bearing_negative,0.434012621641159,0.969831168651581,0.987728655338287,0.979960918426514,0,0.47715836763382,0.007895327173173
VTM-005652,DG-a64424bcdfe4,ti_bearing_negative,0.486867666244507,0.679262042045593,0.641905248165131,0.660093069076538,1,0.570240259170532,0.02862611413002
VTM-005655,DG-27c4a3648cb3,ti_bearing_negative,0.309494942426682,0.409625142812729,0.520695626735687,0.486319839954376,0,0.231543555855751,0.068299174308777
VTM-005689,DG-8712112fabb7,ti_bearing_negative,0.418607741594315,0.020433321595192,0.049675568938255,0.037434540688992,0,0.01163848862052,0.282919406890869
VTM-005693,DG-6457ef0452c7,ti_bearing_negative,0.481099337339401,0.995234429836273,0.99200052022934,0.993556320667267,1,0.5040682554245,0.001687567681074
VTM-005700,DG-c936989f4d5e,ti_bearing_negative,0.534856259822845,0.998891294002533,0.999800860881805,0.999314367771149,0,0.49886229634285,0.000486708420794
VTM-005704,DG-709c57fc8cc7,ti_bearing_negative,0.507232964038849,0.999101161956787,0.995834112167358,0.997491240501404,1,0.504094123840332,0.00161266955547
VTM-005709,DG-16b987b43680,ti_bearing_negative,0.314368665218353,0.978415668010712,0.992655575275421,0.988178968429565,0,0.481946408748627,0.004519927781075
VTM-005711,DG-6e0bf9e9d277,ti_bearing_negative,0.485701739788055,0.831724047660828,0.903374910354614,0.86857396364212,0,0.398148715496063,0.039284907281399
VTM-005725,DG-1f697f4ec5f7,ti_bearing_negative,0.3933145403862,0.746327221393585,0.460395336151123,0.572856485843658,1,0.917993605136871,0.264528959989548
VTM-005730,DG-704eeb78fcc7,ti_bearing_negative,0.4544318318367,0.839577376842499,0.809339702129364,0.823080658912659,1,0.545721828937531,0.019844442605972
VTM-005731,DG-4edf7399ab62,ti_bearing_negative,0.443892180919647,0.948157370090485,0.970962941646576,0.960839748382568,0,0.470325142145157,0.010480662807822
VTM-005741,DG-3ebc977ef5ef,ti_bearing_negative,0.44482633471489,0.999752938747406,0.999763906002045,0.999758958816528,0,0.499986290931702,0.000004948364221
VTM-005743,DG-0c2db8f54e92,ti_bearing_negative,0.410938918590546,0.988096237182617,0.721423864364624,0.831009924411774,1,0.828177630901337,0.173138350248337
VTM-005752,DG-8e79c5325c1b,ti_bearing_negative,0.585911691188812,0.998623490333557,0.997824311256409,0.998292565345764,1,0.501000761985779,0.000331436167471
VTM-005759,DG-7929dbd868ed,ti_bearing_negative,0.525933980941772,0.993726372718811,0.965885281562805,0.980527877807617,1,0.53546142578125,0.013370812870562
VTM-005762,DG-5b0d34ec1d83,ti_bearing_negative,0.444372832775116,0.476460039615631,0.530743360519409,0.506621360778809,0,0.368310034275055,0.046514689922333
VTM-005787,DG-42bdf66240cd,ti_bearing_negative,0.512127161026001,0.986537218093872,0.986422419548035,0.986481189727783,1,0.500145494937897,0.000056794844568
VTM-005790,DG-82462d906639,ti_bearing_negative,0.502919137477875,0.999058425426483,0.998316586017609,0.998689651489258,1,0.500928521156311,0.00036918965634
VTM-005792,DG-b6cd2438510e,ti_bearing_negative,0.485211253166199,0.940472781658173,0.983986854553223,0.962873339653015,0,0.443702429533005,0.021690662950277
VTM-005798,DG-687fa8add829,ti_bearing_negative,0.379331827163696,0.614214599132538,0.617461323738098,0.616229712963104,0,0.49341031908989,0.001996636390686
VTM-005803,DG-e31592ca22f6,ti_bearing_negative,0.499316483736038,0.733474671840668,0.907027184963226,0.820369601249695,0,0.256947159767151,0.100417457520962
VTM-005819,DG-5c045e2fed4d,ti_bearing_negative,0.509622573852539,0.999528884887695,0.999609112739563,0.999568223953247,0,0.499899655580521,0.00004090560833
VTM-005823,DG-9abe80d53af7,ti_bearing_negative,0.481220453977585,0.97178053855896,0.988217115402222,0.980307459831238,0,0.479046702384949,0.008036168292165
VTM-005840,DG-a3bd1156b8ce,ti_bearing_negative,0.563502728939056,0.999995589256287,0.99995630979538,0.999978423118591,1,0.500049114227295,0.000017166361431
VTM-005841,DG-941a803e49e2,ti_bearing_negative,0.362901031970978,0.981126010417938,0.989914238452911,0.986724972724915,0,0.488855063915253,0.003226961009204
VTM-005844,DG-ebfa5e5ce3bb,ti_bearing_negative,0.469922333955765,0.996053695678711,0.999582409858704,0.997924208641052,0,0.495579570531845,0.001660271431319
VTM-005848,DG-3b173eae398c,ti_bearing_negative,0.419788807630539,0.960158705711365,0.869103491306305,0.90732741355896,1,0.622031986713409,0.056595217436552
VTM-005850,DG-d460441bd543,ti_bearing_negative,0.411290943622589,0.370080351829529,0.469391465187073,0.428545713424683,0,0.233512192964554,0.091039657592773
VTM-005857,DG-c4094baa6957,ti_bearing_negative,0.454327464103699,0.880982518196106,0.791838943958282,0.832339286804199,1,0.630275547504425,0.0567976385355
VTM-005860,DG-65135da4fe55,ti_bearing_negative,0.473718553781509,0.780088484287262,0.882840096950531,0.83416473865509,0,0.350080907344818,0.056713178753853
VTM-005874,DG-c0a90e628096,ti_bearing_negative,0.461713284254074,0.951878368854523,0.955077528953552,0.953600406646729,0,0.495806038379669,0.001547798514366
VTM-005877,DG-95ef4c769de9,ti_bearing_negative,0.486406266689301,0.699231505393982,0.902794659137726,0.803780317306519,0,0.217964798212051,0.116169132292271
VTM-005887,DG-d555425aaf1e,ti_bearing_negative,0.516345322132111,0.997951567173004,0.996032059192657,0.997023224830627,1,0.502406597137451,0.000930680893362
VTM-005892,DG-e89417f4a8dd,ti_bearing_negative,0.404065161943436,0.917201161384583,0.980666697025299,0.955022513866425,0,0.417139053344727,0.026497727259994
VTM-005900,DG-5f3351e3386a,ti_bearing_negative,0.49907985329628,0.999964594841003,0.99997878074646,0.999971747398376,0,0.499982237815857,0.000007033520887
VTM-005904,DG-89d2bb057019,ti_bearing_negative,0.502472043037415,0.961390852928162,0.943524241447449,0.952501714229584,1,0.523431539535522,0.009289134293795
VTM-005906,DG-7ef1d05e2314,ti_bearing_negative,0.401392757892609,0.99975174665451,0.998896598815918,0.999239861965179,1,0.501069664955139,0.000512142898515
VTM-005912,DG-ea39e1c2febd,ti_bearing_negative,0.296117216348648,0.001533883973025,0.000732936081477,0.000970110588241,1,0.975695669651031,0.458148002624512
VTM-005917,DG-7af830e7b295,ti_bearing_negative,0.487506151199341,0.999100208282471,0.999404549598694,0.999256134033203,0,0.49961930513382,0.000148514984176
VTM-005926,DG-6fb4d44dac17,ti_bearing_negative,0.412947863340378,0.998947441577911,0.999788880348206,0.999441385269165,0,0.498947560787201,0.000347628840245
VTM-005928,DG-04edd3e4bcae,ti_bearing_negative,0.482388198375702,0.985924780368805,0.984498560428619,0.985186576843262,1,0.501809537410736,0.000749022699893
VTM-005936,DG-5c3a91aff2a1,ti_bearing_negative,0.425103932619095,0.917290806770325,0.929646074771881,0.924393773078918,0,0.483281999826431,0.005665801465511
VTM-005938,DG-515c62e72241,ti_bearing_negative,0.48402801156044,0.566301584243774,0.350133270025253,0.454764783382416,1,0.917136788368225,0.219346463680267
VTM-005939,DG-15fb2069938e,ti_bearing_negative,0.441210031509399,0.999906182289124,0.999944746494293,0.999927759170532,0,0.499951779842377,0.000016988407879
VTM-005941,DG-47a3441522c8,ti_bearing_negative,0.423593819141388,0.697082102298737,0.944900870323181,0.839926362037659,0,0.179331362247467,0.117765799164772
VTM-005951,DG-b522ff58cccc,ti_bearing_negative,0.451250523328781,0.943916320800781,0.941874921321869,0.942796051502228,1,0.502706229686737,0.001187536865473
VTM-005955,DG-9d2bc60eb555,ti_bearing_negative,0.623205244541168,0.000101418234408,0.00109837227501,0.00047706530313,0,0.000006711648894,0.833931446075439
VTM-005988,DG-eb86b70421a9,ti_bearing_negative,0.379891872406006,0.899116635322571,0.915641307830811,0.909363687038422,0,0.477250814437866,0.006879590451717
VTM-005989,DG-5835055dc0ba,ti_bearing_negative,0.493663460016251,0.793988227844238,0.664115607738495,0.728228986263275,1,0.709521651268005,0.086453095078468
VTM-005992,DG-7c81200efab3,ti_bearing_negative,0.437718451023102,0.997159481048584,0.994179666042328,0.995483994483948,1,0.503740906715393,0.001681672409177
VTM-005999,DG-9a162709c233,ti_bearing_negative,0.422786831855774,0.99910444021225,0.999452352523804,0.999305248260498,0,0.499564796686172,0.000147195707541
VTM-006002,DG-b467d32facfc,ti_bearing_negative,0.502896308898926,0.241886451840401,0.187484249472618,0.214842915534973,1,0.781404137611389,0.118561267852783
VTM-006004,DG-b819474b362c,ti_bearing_negative,0.374459654092789,0.90651547908783,0.922950804233551,0.916796445846558,0,0.477555274963379,0.006690457463264
VTM-006015,DG-05fa5f831aed,ti_bearing_negative,0.487466543912888,0.99954491853714,0.999312102794647,0.999425530433655,1,0.500291168689728,0.000119449599879
VTM-006026,DG-6f3a25a6c49f,ti_bearing_negative,0.326907455921173,0.019448067992926,0.110960930585861,0.081044688820839,0,0.000165371384355,0.314177274703979
VTM-006030,DG-880ccde45771,ti_bearing_negative,0.365017533302307,0.996353268623352,0.995372295379639,0.995730400085449,1,0.50123131275177,0.000625343993306
VTM-006032,DG-f77e65097ce8,ti_bearing_negative,0.372185170650482,0.810973942279816,0.809826076030731,0.810253262519836,1,0.501770496368408,0.000889047980309
VTM-006044,DG-6c7a1785e320,ti_bearing_negative,0.413233309984207,0.707986235618591,0.944083273410797,0.846520125865936,0,0.191708222031593,0.109080389142036
VTM-006047,DG-f52571b1c9f2,ti_bearing_negative,0.480234265327454,0.916282832622528,0.950318038463593,0.93397319316864,0,0.454536437988281,0.01734896749258
VTM-006066,DG-6cb0b3e5bf32,ti_bearing_negative,0.520303428173065,0.938180446624756,0.741173803806305,0.843677043914795,1,0.764684438705444,0.106172531843185
VTM-006072,DG-e7debf1056e7,ti_bearing_negative,0.413726359605789,0.750536739826202,0.721853017807007,0.733720242977142,1,0.548555314540863,0.022660791873932
VTM-006073,DG-1da854b91f8a,ti_bearing_negative,0.360532522201538,0.40083372592926,0.715242326259613,0.601887822151184,0,0.052382722496986,0.172550290822983
VTM-006076,DG-a3ab802b364f,ti_bearing_negative,0.437621176242828,0.589400410652161,0.564306259155273,0.575287997722626,1,0.554172337055206,0.024235010147095
VTM-006087,DG-8bcac19e5501,ti_bearing_negative,0.44777911901474,0.745408535003662,0.586792349815369,0.657817363739014,1,0.767867207527161,0.125005096197128
VTM-006099,DG-0e41c5600ae5,ti_bearing_negative,0.436083108186722,0.689747333526611,0.632501423358917,0.657465398311615,1,0.606640994548798,0.047933220863342
VTM-006103,DG-eb456560513e,ti_bearing_negative,0.470057785511017,0.997119784355164,0.999140441417694,0.998190641403198,0,0.497469425201416,0.00095106929075
VTM-006104,DG-33c7cd5e70fd,ti_bearing_negative,0.418786942958832,0.186334267258644,0.468258738517761,0.350192427635193,0,0.00987921282649,0.290538251399994
VTM-006118,DG-17cbae49d9cd,ti_bearing_negative,0.472762227058411,0.999475181102753,0.999875843524933,0.999686479568481,0,0.49949899315834,0.000189405400306
VTM-006121,DG-f8e2b670495d,ti_bearing_negative,0.402325451374054,0.950612306594849,0.975572824478149,0.965530574321747,0,0.467647165060043,0.010347044095397
VTM-006128,DG-3903b62e79c5,ti_bearing_negative,0.533946692943573,0.997943818569183,0.99125999212265,0.994828760623932,1,0.508399367332458,0.003126358147711
VTM-006133,DG-0d226cb2c6ad,ti_bearing_negative,0.472809463739395,0.037882559001446,0.025110302492976,0.03114914894104,1,0.886558890342712,0.195703983306885
VTM-006135,DG-a4d745700c2c,ti_bearing_negative,0.437867969274521,0.990849494934082,0.977967321872711,0.98360800743103,1,0.51635217666626,0.007335199974477
VTM-006146,DG-940409abc7b8,ti_bearing_negative,0.493431150913239,0.999621868133545,0.999862372875214,0.999743700027466,0,0.499699294567108,0.000118696232676
VTM-006147,DG-f094c38bbdfc,ti_bearing_negative,0.45829901099205,0.897765338420868,0.899710714817047,0.898819088935852,0,0.497294306755066,0.000991508364677
VTM-006154,DG-51c9d8bdef90,ti_bearing_negative,0.622702360153198,0.999975681304932,0.999924600124359,0.999956369400024,1,0.500063836574554,0.000019312561562
VTM-006155,DG-3dee607599ff,ti_bearing_negative,0.379962205886841,0.664566814899445,0.87238210439682,0.793420195579529,0,0.20416547358036,0.094874560832977
VTM-006160,DG-5d69d7f406a2,ti_bearing_negative,0.408273816108704,0.102691136300564,0.035959679633379,0.063204385340214,1,0.994762361049652,0.485352039337158
VTM-006166,DG-69ff997c6768,ti_bearing_negative,0.350243985652924,0.958642065525055,0.92943012714386,0.93966144323349,1,0.538605690002441,0.019998125731945
VTM-006168,DG-79befc0cd221,ti_bearing_negative,0.447275966405869,0.984293639659882,0.99481588602066,0.99010956287384,0,0.486711323261261,0.004742074292153
VTM-006184,DG-024b2664a4d6,ti_bearing_negative,0.382293283939362,0.978396594524384,0.996762275695801,0.989741206169128,0,0.476770222187042,0.007068800739944
VTM-006186,DG-d03c186f6f98,ti_bearing_negative,0.484659284353256,0.998323261737823,0.999757409095764,0.999062299728394,0,0.498205572366714,0.000695519847795
VTM-006198,DG-cccaec4a4002,ti_bearing_negative,0.378884255886078,0.37997230887413,0.865733802318573,0.681686460971832,0,0.016025869175792,0.239007666707039
VTM-006202,DG-164d11528603,ti_bearing_negative,0.503874540328979,0.998796701431274,0.995582640171051,0.997202157974243,1,0.504028797149658,0.001597740221769
VTM-006205,DG-851163b5530a,ti_bearing_negative,0.371846854686737,0.146682634949684,0.153223901987076,0.150791555643082,0,0.445678919553757,0.01600182056427
VTM-006211,DG-c089531fae23,ti_bearing_negative,0.402135848999023,0.004911818541586,0.012927568517625,0.00970414839685,0,0.007856000214815,0.286808967590332
VTM-006214,DG-739fb2a0e3f9,ti_bearing_negative,0.452224045991898,0.770575344562531,0.625574350357056,0.691147327423096,1,0.739300549030304,0.108784407377243
VTM-006221,DG-dfa1b0c969cd,ti_bearing_negative,0.46720552444458,0.999170303344727,0.999030351638794,0.999095678329468,1,0.50017511844635,0.000074689742178
VTM-006224,DG-ec50d0cabbb0,ti_bearing_negative,0.556311011314392,0.993835091590881,0.995968341827393,0.994781613349915,0,0.497319847345352,0.001192242838442
VTM-006226,DG-22783801f311,ti_bearing_negative,0.496116697788239,0.999997854232788,0.999994397163391,0.99999612569809,1,0.500004291534424,0.000001728540155
VTM-006240,DG-03c1738c442d,ti_bearing_negative,0.558355212211609,0.998366177082062,0.996284186840057,0.997446656227112,1,0.502609431743622,0.000921450206079
VTM-006263,DG-df7719687b4d,ti_bearing_negative,0.435562193393707,0.999174177646637,0.999785900115967,0.999519467353821,0,0.499234884977341,0.000266525312327
VTM-006269,DG-080f9389665d,ti_bearing_negative,0.521179616451263,0.999999523162842,0.999994874000549,0.999997317790985,1,0.500005841255188,0.000002205375495
VTM-006277,DG-657571a81034,ti_bearing_negative,0.434089958667755,0.997439503669739,0.999372184276581,0.998533248901367,0,0.497580260038376,0.000839814951178
VTM-006290,DG-889ae5b1ad07,ti_bearing_negative,0.485418081283569,0.992850422859192,0.977842092514038,0.985127389431,1,0.519030570983887,0.007809059228748
VTM-006299,DG-5be70da63cd6,ti_bearing_negative,0.441221088171005,0.999305248260498,0.999806046485901,0.999585032463074,0,0.499373733997345,0.000221081325435
VTM-006326,DG-21adfe1c4cbf,ti_bearing_negative,0.423236131668091,0.979678988456726,0.987659454345703,0.984281837940216,0,0.489860147237778,0.003425680100918
VTM-006335,DG-87215e9257ea,ti_bearing_negative,0.433970302343369,0.286105185747147,0.141753226518631,0.204397678375244,1,0.971009254455566,0.336292028427124
VTM-006341,DG-c9696643cc67,ti_bearing_negative,0.443893164396286,0.998712658882141,0.999829947948456,0.99933397769928,0,0.498602360486984,0.00049617770128
VTM-006342,DG-7896e510a30e,ti_bearing_negative,0.407015293836594,0.94227546453476,0.996126413345337,0.974208235740662,0,0.430972963571548,0.022249095141888
VTM-006355,DG-b6e927e90cc0,ti_bearing_negative,0.370920836925507,0.871637523174286,0.968408286571503,0.932514011859894,0,0.371356785297394,0.037769600749016
VTM-006358,DG-897a24d3d3e2,ti_bearing_negative,0.352673947811127,0.999531626701355,0.996321260929108,0.997453451156616,1,0.504021227359772,0.002081313868985
VTM-006360,DG-d8812252657e,ti_bearing_negative,0.444936901330948,0.910526692867279,0.917138040065765,0.91419643163681,0,0.490957498550415,0.003212533891201
VTM-006367,DG-fb6d67ab70d6,ti_bearing_negative,0.310169816017151,0.000299135426758,0.000097411779279,0.000159980365424,1,0.996351361274719,0.625844955444336
VTM-006370,DG-51c3943a6237,ti_bearing_negative,0.458049178123474,0.011486099101603,0.010290390811861,0.010838083922863,1,0.634051144123077,0.058071613311768
VTM-006376,DG-04e190dc13ae,ti_bearing_negative,0.454009681940079,0.960212230682373,0.904581427574158,0.929838418960571,1,0.574053823947906,0.032143507152796
VTM-006381,DG-62828713339a,ti_bearing_negative,0.512425184249878,0.921667337417603,0.954048573970795,0.937455654144287,0,0.456944108009338,0.017545133829117
VTM-006383,DG-22c7f113163b,ti_bearing_negative,0.372222900390625,0.957812488079071,0.962569355964661,0.960798740386963,0,0.493807733058929,0.00184116512537
VTM-006385,DG-631d50c875d9,ti_bearing_negative,0.400609970092773,0.99893707036972,0.99858283996582,0.998724758625031,1,0.500443339347839,0.000212560291402
VTM-006388,DG-9441daf203a7,ti_bearing_negative,0.425603687763214,0.99994158744812,0.999965846538544,0.999955534934998,0,0.499969661235809,0.000010312011
VTM-006398,DG-07e4a1a4c2be,ti_bearing_negative,0.493321985006332,0.860531985759735,0.842082679271698,0.851184129714966,1,0.527064263820648,0.010922312736511
VTM-006399,DG-7d04ce9e50c4,ti_bearing_negative,0.447951763868332,0.996975421905518,0.999607026576996,0.998428106307983,0,0.496704906225204,0.001180079765618
VTM-006401,DG-98d4e25af263,ti_bearing_negative,0.525765001773834,0.998217523097992,0.998554944992065,0.998377561569214,0,0.499577522277832,0.00017765595112
VTM-006404,DG-5adb13ac2b99,ti_bearing_negative,0.353239417076111,0.063076317310333,0.031358744949102,0.042562641203403,1,0.97052401304245,0.393368482589722
VTM-006422,DG-963839bd48f1,ti_bearing_negative,0.331950098276138,0.071114808320999,0.273197442293167,0.20611609518528,0,0.001193708623759,0.281755089759827
VTM-006430,DG-9f5db367cfa9,ti_bearing_negative,0.470685511827469,0.973337590694427,0.969860851764679,0.971497356891632,1,0.504472851753235,0.001892432570457
VTM-006439,DG-46f6f56b3a50,ti_bearing_negative,0.415086805820465,0.980006277561188,0.986738562583923,0.983944058418274,0,0.491443127393723,0.002836080268025
VTM-006441,DG-caf5c4604de1,ti_bearing_negative,0.475442677736282,0.0015699849464,0.006884629838169,0.004357821308076,0,0.00061632093275,0.457318782806396
VTM-006452,DG-7df5336cab78,ti_bearing_negative,0.406194269657135,0.975674688816071,0.989664018154144,0.983981609344482,0,0.482212156057358,0.005758302286267
VTM-006470,DG-9ae91533d399,ti_bearing_negative,0.437980711460114,0.08907687664032,0.104983478784561,0.098016694188118,0,0.305441856384277,0.068665266036987
VTM-006472,DG-5b6236dd3f8e,ti_bearing_negative,0.482934057712555,0.104908138513565,0.745422661304474,0.436096370220184,0,0.000055208918639,0.536088109016418
VTM-006473,DG-f36fd62c5bc4,ti_bearing_negative,0.464334636926651,0.57871413230896,0.604931175708771,0.592757701873779,0,0.444842845201492,0.020328938961029
VTM-006486,DG-b124e2fb4830,ti_bearing_negative,0.396426439285278,0.997712016105652,0.999199509620667,0.998609840869904,0,0.498137772083282,0.000590315379668
VTM-006489,DG-53213b78d11f,ti_bearing_negative,0.46796652674675,0.001051777391694,0.001483912812546,0.001281687757,0,0.15174201130867,0.146504402160645
VTM-006502,DG-5741601cbd93,ti_bearing_negative,0.507318735122681,0.034549441188574,0.059643607586622,0.046912863850594,0,0.061227463185787,0.240095138549805
VTM-006508,DG-4df48c172c1c,ti_bearing_negative,0.393686145544052,0.600728988647461,0.700799524784088,0.661403119564056,0,0.316394805908203,0.057858347892761
VTM-006517,DG-27908c57158d,ti_bearing_negative,0.462277710437775,0.021447265520692,0.040164716541767,0.031512055546045,0,0.041608259081841,0.242618560791016
VTM-006521,DG-0b01624a7ca7,ti_bearing_negative,0.37385568022728,0.945185899734497,0.934189081192017,0.938300251960754,1,0.514624238014221,0.007311630994081
VTM-006524,DG-8b3651c9588f,ti_bearing_negative,0.44688019156456,0.032276928424835,0.073875583708286,0.055285967886448,0,0.015671003609896,0.289863348007202
VTM-006527,DG-b601adb89efb,ti_bearing_negative,0.518486618995667,0.05469399318099,0.039564363658428,0.047408875077963,1,0.834674477577209,0.142944574356079
VTM-006545,DG-9951ef321bf5,ti_bearing_negative,0.466023325920105,0.314283609390259,0.543960869312286,0.436925888061523,0,0.060488443821669,0.219113767147064
VTM-006548,DG-bf6b30fac0e0,ti_bearing_negative,0.521391272544861,0.048309668898582,0.093317717313766,0.069850914180279,0,0.035850439220667,0.289646863937378
VTM-006550,DG-e3a1e6339ffd,ti_bearing_negative,0.423169612884521,0.961968004703522,0.978964507579803,0.971772074699402,0,0.478121221065521,0.007374102249742
VTM-006555,DG-20daa0953933,ti_bearing_negative,0.455925166606903,0.000997525756247,0.00284048798494,0.002000235253945,0,0.005313034169376,0.350710868835449
VTM-006560,DG-f69a00351c67,ti_bearing_negative,0.452444493770599,0.935731887817383,0.910170197486877,0.921735405921936,1,0.534566521644592,0.015070788562298
VTM-006563,DG-4d978c67aa9e,ti_bearing_negative,0.379112273454666,0.020519860088825,0.048307824879885,0.037773068994284,0,0.013640183024108,0.245996952056885
VTM-006567,DG-435b2166fcfd,ti_bearing_negative,0.310925513505936,0.481362402439117,0.93220192193985,0.792024433612823,0,0.035412177443504,0.162957221269608
VTM-006574,DG-f27200767c8b,ti_bearing_negative,0.453146308660507,0.780395150184631,0.662157952785492,0.71573668718338,1,0.694550693035126,0.086488053202629
VTM-006576,DG-af6ec356e0ea,ti_bearing_negative,0.395958244800568,0.390041559934616,0.382218539714813,0.385316133499146,1,0.52530437707901,0.012189149856567
VTM-006578,DG-dc49c01e8761,ti_bearing_negative,0.486081629991531,0.983722746372223,0.969847440719604,0.976592004299164,1,0.517749190330505,0.007275130599737
VTM-006589,DG-cd99d1811944,ti_bearing_negative,0.528392672538757,0.01983779668808,0.028340484946966,0.023847727105021,0,0.143870055675507,0.172602415084839
VTM-006611,DG-e5afb7ad2918,ti_bearing_negative,0.471851915121078,0.804884016513824,0.852443933486938,0.830002665519714,0,0.428727120161057,0.026678532361984
VTM-006612,DG-8794655ab0b0,ti_bearing_negative,0.512224614620209,0.960936665534973,0.972936451435089,0.966789841651917,0,0.484492182731628,0.006337625905871
VTM-006615,DG-de0c1ef8c0ab,ti_bearing_negative,0.46177151799202,0.910570979118347,0.952200710773468,0.932977318763733,0,0.444351494312286,0.020394954830408
VTM-006619,DG-79750eee60b4,ti_bearing_negative,0.355575025081635,0.042953412979841,0.183814287185669,0.133727669715881,0,0.000696288770996,0.31812047958374
VTM-006627,DG-baa9cd75f2aa,ti_bearing_negative,0.440847009420395,0.814826488494873,0.991112232208252,0.913397192955017,0,0.273038059473038,0.081656947731972
VTM-006631,DG-4984a0e070a3,ti_bearing_negative,0.500731945037842,0.326866775751114,0.583902299404144,0.455196380615234,0,0.052108861505985,0.249004721641541
VTM-006638,DG-a3d0a2b4b679,ti_bearing_negative,0.463199704885483,0.110465295612812,0.138087093830109,0.125292673707008,0,0.246769547462463,0.097232222557068
VTM-006649,DG-ba553b9f78d8,ti_bearing_negative,0.335608303546906,0.055202141404152,0.388695865869522,0.27677258849144,0,0.000057770361309,0.339601039886475
VTM-006656,DG-ba770972f44c,ti_bearing_negative,0.470092386007309,0.266049206256866,0.141591385006905,0.200098067522049,1,0.95905339717865,0.284873723983765
VTM-006658,DG-d0cd7fca26b0,ti_bearing_negative,0.451498627662659,0.659872829914093,0.79751044511795,0.735367238521576,0,0.279440402984619,0.081124916672707
VTM-006662,DG-4b32a6f555a8,ti_bearing_negative,0.453804016113281,0.979845941066742,0.929388165473938,0.952286124229431,1,0.565703928470612,0.028529815375805
VTM-006676,DG-28fe0d53cbcb,ti_bearing_negative,0.449883282184601,0.370442569255829,0.52945876121521,0.457920014858246,0,0.143590345978737,0.145160734653473
VTM-006686,DG-cc8068406fdb,ti_bearing_negative,0.409068375825882,0.124825827777386,0.173613592982292,0.15365606546402,0,0.161167979240417,0.12211537361145
VTM-006694,DG-29b1825e8715,ti_bearing_negative,0.302119612693787,0.405109345912933,0.862168252468109,0.724081754684448,0,0.022390643134713,0.174546137452126
VTM-006695,DG-b7294c84475d,ti_bearing_negative,0.474835097789764,0.999907255172729,0.999770879745483,0.999835610389709,1,0.500170469284058,0.000071654001658
VTM-006699,DG-427884a43332,ti_bearing_negative,0.459621459245682,0.054620243608952,0.082914523780346,0.069909870624542,0,0.11036392301321,0.170603513717651
VTM-006713,DG-1ec37aa5e726,ti_bearing_negative,0.413975268602371,0.001412485842593,0.001283810124733,0.001337078632787,1,0.617179334163666,0.054863929748535
VTM-006717,DG-f419ae6bbbb4,ti_bearing_negative,0.423893451690674,0.999761879444122,0.99970418214798,0.999728679656982,1,0.500072121620178,0.000033208241803
VTM-006722,DG-95457cf47677,ti_bearing_negative,0.409229010343552,0.722975730895996,0.915475845336914,0.836699247360229,0,0.234990790486336,0.089979290962219
VTM-006727,DG-3e8d7db7dcd5,ti_bearing_negative,0.489661931991577,0.485691338777542,0.551168203353882,0.519106686115265,0,0.346981555223465,0.059930622577667
VTM-006736,DG-9a48a40ccde1,ti_bearing_negative,0.431500494480133,0.998561561107635,0.997462332248688,0.997936606407166,1,0.501376748085022,0.000626050983556
VTM-006739,DG-49d36c554faf,ti_bearing_negative,0.394649475812912,0.020434217527509,0.252843141555786,0.16112308204174,0,0.000003447725931,0.450600862503052
VTM-006760,DG-c2dae3628371,ti_bearing_negative,0.408203035593033,0.017271999269724,0.017998971045017,0.017702218145132,0,0.448646903038025,0.016624450683594
VTM-006762,DG-8aa936468bff,ti_bearing_negative,0.431315392255783,0.971718966960907,0.962924540042877,0.966717720031738,1,0.511362493038177,0.00516009517014
VTM-006764,DG-7e5b0fdb4344,ti_bearing_negative,0.40535706281662,0.807419240474701,0.880851089954376,0.85108494758606,0,0.392878711223602,0.03437665104866
VTM-006768,DG-db0c09836459,ti_bearing_negative,0.479128122329712,0.621075093746185,0.530175745487213,0.573728203773499,1,0.688092648983002,0.079296231269836
VTM-006769,DG-cfcb693bf04a,ti_bearing_negative,0.536731481552124,0.735691726207733,0.688919246196747,0.714023470878601,1,0.581378638744354,0.029895335435867
VTM-006775,DG-fb3739d096ba,ti_bearing_negative,0.314781844615936,0.264143049716949,0.84452611207962,0.661832094192505,0,0.002984231570736,0.243763759732246
VTM-006800,DG-93af9ae45661,ti_bearing_negative,0.35363557934761,0.996107161045074,0.988619804382324,0.991267621517181,1,0.509430110454559,0.004870293661952
VTM-006808,DG-274247834135,ti_bearing_negative,0.446209162473679,0.925241351127625,0.880895495414734,0.900682985782623,1,0.561087846755981,0.02690127491951
VTM-006811,DG-324aa3fb993b,ti_bearing_negative,0.582399129867554,0.000124674465042,0.000768039491959,0.000393344264012,0,0.000112699432066,0.669156074523926
VTM-006820,DG-0ad36bb22835,ti_bearing_negative,0.312303960323334,0.97527939081192,0.98874843120575,0.984542012214661,0,0.482861787080765,0.004263361915946
VTM-006828,DG-572c6e1b29cf,ti_bearing_negative,0.392842054367065,0.999500870704651,0.999365746974945,0.99941885471344,1,0.500168979167938,0.000082060287241
VTM-006835,DG-976162efd52d,ti_bearing_negative,0.470411419868469,0.99028354883194,0.998357117176056,0.994559228420258,0,0.489851742982864,0.00381139293313
VTM-006841,DG-d782a126480c,ti_bearing_negative,0.495878785848618,0.781548321247101,0.866767048835754,0.824508905410767,0,0.373444855213165,0.049982309341431
VTM-006843,DG-37f20bb797f6,ti_bearing_negative,0.370791465044022,0.978645980358124,0.991239547729492,0.986570000648499,0,0.48402264714241,0.004721946083009
VTM-006859,DG-c14002ab3d96,ti_bearing_negative,0.3489850461483,0.889101326465607,0.933503270149231,0.918007612228394,0,0.439383059740067,0.016738779842854
VTM-006866,DG-2e827dc0d743,ti_bearing_negative,0.364546090364456,0.982711970806122,0.941200435161591,0.95633327960968,1,0.55374151468277,0.027209594845772
VTM-006867,DG-dc30f957b384,ti_bearing_negative,0.346653640270233,0.526022434234619,0.484876215457916,0.499139696359634,1,0.600428581237793,0.052457869052887
VTM-006870,DG-bd0f44b9a219,ti_bearing_negative,0.361658304929733,0.995430827140808,0.990497350692749,0.992281556129456,1,0.506210207939148,0.00316874217242
VTM-006873,DG-3b16f1f7ae3b,ti_bearing_negative,0.514075636863708,0.996867597103119,0.992227554321289,0.9946129322052,1,0.505831599235535,0.002264311304316
VTM-006888,DG-c5e04dab9e55,ti_bearing_negative,0.305964708328247,0.99532014131546,0.999450027942657,0.998186409473419,0,0.494824320077896,0.001265113707632
VTM-006894,DG-b295684addf2,ti_bearing_negative,0.461554437875748,0.091249756515026,0.088890060782433,0.089979194104671,1,0.532703042030334,0.014021873474121
VTM-006901,DG-a05c3ec41e9b,ti_bearing_negative,0.470113635063171,0.67313277721405,0.742106914520264,0.709681272506714,0,0.38042289018631,0.044677346944809
VTM-006902,DG-41556c57df2e,ti_bearing_negative,0.450947672128677,0.504800319671631,0.514859437942505,0.510323345661163,0,0.475356251001358,0.008849382400513
VTM-006905,DG-150b97db1ed5,ti_bearing_negative,0.428589522838593,0.08702264726162,0.132069706916809,0.11276300996542,0,0.110483951866627,0.158041477203369
VTM-006910,DG-e789b552654f,ti_bearing_negative,0.402131229639053,0.478730291128159,0.36848372220993,0.41281732916832,1,0.787296175956726,0.148132145404816
VTM-006912,DG-50c3a4f32dca,ti_bearing_negative,0.459380507469177,0.987527668476105,0.989122450351715,0.988389849662781,0,0.497982978820801,0.000740931369364
VTM-006918,DG-7c308c9dab43,ti_bearing_negative,0.451790243387222,0.363101750612259,0.226591765880585,0.288265645503998,1,0.913541555404663,0.230800628662109
VTM-006929,DG-e45b873b349b,ti_bearing_negative,0.51645690202713,0.999997973442078,0.999996721744537,0.99999737739563,1,0.500001549720764,0.000000596047812
VTM-006930,DG-ff6543719653,ti_bearing_negative,0.449984520673752,0.999793231487274,0.999318420886993,0.999532103538513,1,0.500593781471252,0.00026121607516
VTM-006931,DG-80da0df15bc9,ti_bearing_negative,0.49995619058609,0.999033570289612,0.998205006122589,0.998619198799133,1,0.501037120819092,0.000414858339354
VTM-006940,DG-f8eac39685c3,ti_bearing_negative,0.469155132770538,0.294755578041077,0.319234013557434,0.307749837636948,0,0.401579082012177,0.0366370677948
VTM-006941,DG-a3bf8e0c2735,ti_bearing_negative,0.425759822130203,0.975628018379211,0.988655209541321,0.983108818531036,0,0.48342576622963,0.005625830031931
VTM-006945,DG-7cc381722b28,ti_bearing_negative,0.497786104679108,0.997577846050262,0.994229018688202,0.995895981788635,1,0.504203140735626,0.00168737093918
VTM-006950,DG-fd6add762b03,ti_bearing_negative,0.383419185876846,0.207079410552979,0.164029374718666,0.180535584688187,1,0.762291491031647,0.137174487113953
VTM-006960,DG-b903cef5ba47,ti_bearing_negative,0.508737742900848,0.936830163002014,0.958618760108948,0.947534084320068,0,0.47129225730896,0.011630550026894
VTM-006970,DG-a5055325124d,ti_bearing_negative,0.441429197788239,0.999898552894592,0.999931752681732,0.999917030334473,0,0.499958515167236,0.000014723460481
VTM-006974,DG-2ff781f66d60,ti_bearing_negative,0.433638155460358,0.999826729297638,0.99978494644165,0.999803066253662,1,0.500052213668823,0.000023667424102
VTM-006977,DG-533a333a5892,ti_bearing_negative,0.397053509950638,0.999980449676514,0.999994099140167,0.999988675117493,0,0.499982953071594,0.000005424069968
VTM-006986,DG-0bc5b3e46a0d,ti_bearing_negative,0.537896990776062,0.994819343090057,0.994863986968994,0.994840025901794,0,0.499943852424622,0.000024084933102
VTM-006987,DG-98b11bd155c8,ti_bearing_negative,0.394541829824448,0.176676794886589,0.170995131134987,0.173236787319183,1,0.540767967700958,0.019662618637085
VTM-006990,DG-2b2ea134f51d,ti_bearing_negative,0.524343013763428,0.991669893264771,0.992857933044434,0.992235004901886,0,0.498503416776657,0.00062760617584
VTM-007001,DG-89fab996b86b,ti_bearing_negative,0.398501873016357,0.892483532428741,0.919453918933868,0.908706188201904,0,0.462853759527206,0.011758111417294
VTM-007004,DG-9fe3d439c13b,ti_bearing_negative,0.461005181074142,0.931946933269501,0.709889352321625,0.812259018421173,1,0.795895218849182,0.137456595897675
VTM-007005,DG-b60d9e551559,ti_bearing_negative,0.470714151859283,0.058846917003393,0.083839580416679,0.072075180709362,0,0.145563617348671,0.151195287704468
VTM-007010,DG-0ec618511ad4,ti_bearing_negative,0.343405395746231,0.929730236530304,0.934019327163696,0.932546436786652,0,0.494246929883957,0.00157818198204
VTM-007013,DG-01222be22952,ti_bearing_negative,0.307872027158737,0.878459393978119,0.939568340778351,0.920754551887512,0,0.416719645261765,0.020227055996656
VTM-007018,DG-1dda17c268fa,ti_bearing_negative,0.437936186790466,0.212484687566757,0.16711151599884,0.186982065439224,1,0.768710315227509,0.127857208251953
VTM-007023,DG-2ef9b4a21d58,ti_bearing_negative,0.436704009771347,0.998864769935608,0.997492611408234,0.998091816902161,1,0.50171834230423,0.000774131156504
VTM-007027,DG-7ed628655879,ti_bearing_negative,0.389553219079971,0.869369029998779,0.915333211421967,0.897427797317505,0,0.435953199863434,0.019755497574806
VTM-007044,DG-20eeefe564a9,ti_bearing_negative,0.348303407430649,0.995276570320129,0.999424278736115,0.997979581356049,0,0.494801759719849,0.001446575392038
VTM-007051,DG-d546f4f714d0,ti_bearing_negative,0.465656071901321,0.982265949249268,0.97377622127533,0.977729558944702,1,0.510848999023438,0.004628987982869
VTM-007059,DG-6f0f91e3caf1,ti_bearing_negative,0.460096091032028,0.991611540317535,0.990734577178955,0.99113804101944,1,0.501105964183807,0.000477619469166
VTM-007069,DG-2c498ec9571c,ti_bearing_negative,0.416715085506439,0.919693768024445,0.972237229347229,0.950341582298279,0,0.4309943318367,0.022778356447816
VTM-007090,DG-d756d548d187,ti_bearing_negative,0.445230633020401,0.302502453327179,0.193363189697266,0.2419553399086,1,0.903575241565704,0.223336338996887
VTM-007094,DG-e808a00229ec,ti_bearing_negative,0.480930864810944,0.974136829376221,0.985912024974823,0.980248928070068,0,0.484985291957855,0.005760579369962
VTM-007109,DG-bf027770eb96,ti_bearing_negative,0.499368757009506,0.021855870261788,0.022124407812953,0.021990306675434,0,0.484739661216736,0.00607967376709
VTM-007120,DG-6fff38c8220a,ti_bearing_negative,0.414752334356308,0.033310703933239,0.04029905423522,0.037400618195534,0,0.278433293104172,0.07464075088501
VTM-007122,DG-1c23f6265714,ti_bearing_negative,0.405725330114365,0.999997615814209,0.99999988079071,0.999998927116394,0,0.499997138977051,0.000000953674885
VTM-007124,DG-a1c2905680cc,ti_bearing_negative,0.496214419603348,0.014700338244438,0.020635444670916,0.017690360546112,0,0.155027896165848,0.153990030288696
VTM-007128,DG-b3616b59c81b,ti_bearing_negative,0.379205763339996,0.998625159263611,0.999375998973846,0.999091267585754,0,0.499060481786728,0.000284949783236
VTM-007147,DG-f9e089e8facb,ti_bearing_negative,0.46844670176506,0.183946311473846,0.375817000865936,0.285935789346695,0,0.027323821559548,0.273335099220276
VTM-007154,DG-2cf873189778,ti_bearing_negative,0.530308067798615,0.999813497066498,0.999658107757568,0.999740540981293,1,0.500194311141968,0.000072972368798
VTM-007158,DG-6fa9f3162f55,ti_bearing_negative,0.475583553314209,0.999987244606018,0.999984741210938,0.999985933303833,1,0.500003159046173,0.000001311320375
VTM-007161,DG-6abd37c096b6,ti_bearing_negative,0.543879568576813,0.999713957309723,0.999615967273712,0.999669253826141,1,0.500122547149658,0.000044717278797
VTM-007162,DG-7edd29b2860c,ti_bearing_negative,0.505164623260498,0.998561799526215,0.998482942581177,0.998522758483887,1,0.500098705291748,0.000039098085836
VTM-007163,DG-9e315c7691df,ti_bearing_negative,0.334130346775055,0.798602521419525,0.938386619091034,0.891680479049683,0,0.308638215065002,0.051054179668427
VTM-007185,DG-046f9f33d680,ti_bearing_negative,0.487748175859451,0.738915681838989,0.730141878128052,0.73442131280899,1,0.514926671981812,0.006100952625275
VTM-007187,DG-0c46c2fafea7,ti_bearing_negative,0.391213685274124,0.08654373139143,0.116105034947395,0.104540251195431,0,0.187060117721558,0.104923009872437
VTM-007199,DG-6c3ae4a1d1a0,ti_bearing_negative,0.490721195936203,0.22759573161602,0.491438984870911,0.361965507268906,0,0.020860144868493,0.30578887462616
VTM-007203,DG-b428def3a94a,ti_bearing_negative,0.478638797998428,0.034683912992477,0.061189528554678,0.048502914607525,0,0.055278785526752,0.232352256774902
VTM-007205,DG-6376137ade96,ti_bearing_negative,0.425325483083725,0.777798056602478,0.765791893005371,0.770898401737213,1,0.519435822963715,0.008910328149796
VTM-007228,DG-8bd2c83a5fe9,ti_bearing_negative,0.528143584728241,0.999990344047546,0.999937295913696,0.999965310096741,1,0.50006628036499,0.000025034503778
VTM-007229,DG-62194d9b9232,ti_bearing_negative,0.49841371178627,0.95084410905838,0.915120542049408,0.932925701141357,1,0.547722220420837,0.019024565815926
VTM-007237,DG-bd3be6d3f397,ti_bearing_negative,0.335840076208115,0.274731129407883,0.418980598449707,0.37053582072258,0,0.108113378286362,0.122874438762665
VTM-007239,DG-3b8accffce7c,ti_bearing_negative,0.520666539669037,0.977421402931213,0.954149723052979,0.966266512870789,1,0.530085206031799,0.011478193104267
VTM-007243,DG-6e3cf0193dd7,ti_bearing_negative,0.421344697475433,0.000122950834339,0.000098799435364,0.000108975502371,1,0.749033391475677,0.120661735534668
VTM-007251,DG-37a4972b4fe1,ti_bearing_negative,0.605900168418884,0.004485545214266,0.006859509740025,0.005421124398708,0,0.106797568500042,0.235332489013672
VTM-007252,DG-3c095ee2eab0,ti_bearing_negative,0.628862023353577,0.999980092048645,0.999970436096191,0.999976515769958,1,0.500012099742889,0.000003576356903
VTM-007261,DG-1226137be5c0,ti_bearing_negative,0.407651156187057,0.998266696929932,0.999834299087524,0.999195218086243,0,0.498038619756699,0.000639391248114
VTM-007286,DG-d7db773b2bd9,ti_bearing_negative,0.380749374628067,0.913556277751923,0.982184588909149,0.956054449081421,0,0.410434007644653,0.026964396238327
VTM-007292,DG-b16a23ea0aac,ti_bearing_negative,0.515681505203247,0.005701625719666,0.008168934844434,0.006896588951349,0,0.142102509737015,0.1693115234375
VTM-007300,DG-e70f3efe9f30,ti_bearing_negative,0.518833518028259,0.966489970684052,0.982744753360748,0.974311232566833,0,0.479163944721222,0.008618632331491
VTM-007307,DG-24e9142adf23,ti_bearing_negative,0.410416275262833,0.293988853693008,0.409029364585876,0.361814886331558,0,0.160943448543549,0.12265419960022
VTM-007319,DG-28b6b3a4f765,ti_bearing_negative,0.431811779737473,0.000089707275038,0.000044360214815,0.000063941610279,1,0.971280753612518,0.338582038879395
VTM-007322,DG-9260e13edbc6,ti_bearing_negative,0.496063232421875,0.805724561214447,0.892227947711945,0.849316835403442,0,0.375217348337173,0.049289338290691
VTM-007342,DG-8a74e4296a6b,ti_bearing_negative,0.471463680267334,0.891756951808929,0.871965408325195,0.881296396255493,1,0.528025448322296,0.01179962605238
VTM-007345,DG-10145a2db206,ti_bearing_negative,0.424879133701324,0.370755642652512,0.540291309356689,0.468259155750275,0,0.13206459581852,0.143086552619934
VTM-007350,DG-3e8800d96dc5,ti_bearing_negative,0.590975880622864,0.998560607433319,0.998008787631989,0.998334884643555,1,0.500690937042236,0.00022607378196
VTM-007353,DG-43792b295ada,ti_bearing_negative,0.462609499692917,0.203974708914757,0.233805015683174,0.220005229115486,0,0.335713148117065,0.06083619594574
VTM-007361,DG-b78357a0b422,ti_bearing_negative,0.489685833454132,0.996856212615967,0.997797906398773,0.997336745262146,0,0.498819768428802,0.000462285708636
VTM-007367,DG-6ab7feb751b7,ti_bearing_negative,0.44281193614006,0.946976542472839,0.854443252086639,0.895418047904968,1,0.625772058963776,0.055983617901802
VTM-007370,DG-46edbbec4b8b,ti_bearing_negative,0.521781146526337,0.994261622428894,0.991279006004333,0.992835283279419,1,0.503755390644073,0.00143560115248
VTM-007372,DG-6700dcbe3931,ti_bearing_negative,0.557560622692108,0.970707297325134,0.933348536491394,0.954178333282471,1,0.54890102148056,0.017174392938614
VTM-007375,DG-078f82858e2d,ti_bearing_negative,0.483348608016968,0.999784290790558,0.999896764755249,0.999842405319214,0,0.499859362840652,0.000054366522818
VTM-007391,DG-5fcb25c5575c,ti_bearing_negative,0.495951682329178,0.899582326412201,0.893851220607758,0.896693587303162,1,0.507988393306732,0.003216370940208
VTM-007396,DG-bdcbaf51d9e0,ti_bearing_negative,0.446733683347702,0.979414999485016,0.98737096786499,0.983816742897034,0,0.489888399839401,0.003606178797781
VTM-007398,DG-1764143d9082,ti_bearing_negative,0.45165741443634,0.329207241535187,0.198499292135239,0.257534503936768,1,0.926184833049774,0.24553382396698
VTM-007403,DG-a975a24db879,ti_bearing_negative,0.588371098041534,0.999533295631409,0.99893993139267,0.999289035797119,1,0.500742256641388,0.000244403752731
VTM-007406,DG-7a95076bbf06,ti_bearing_negative,0.522035717964172,0.9999098777771,0.999878346920013,0.999894857406616,1,0.500039398670197,0.000015021840227
VTM-007409,DG-5d4ad1086699,ti_bearing_negative,0.279069870710373,0.022565653547645,0.02165537700057,0.021909406408668,1,0.551287889480591,0.029512882232666
VTM-007414,DG-e28095c71fb8,ti_bearing_negative,0.452495902776718,0.000644202460535,0.000694696384016,0.00067184807267,0,0.406776010990143,0.033442497253418
VTM-007415,DG-2ebe4176a243,ti_bearing_negative,0.63107430934906,0.999572455883026,0.999108552932739,0.999401330947876,1,0.500580251216888,0.000171212799614
VTM-007416,DG-d369058e43e8,ti_bearing_negative,0.359764039516449,0.971965551376343,0.970957696437836,0.971320271492004,1,0.501296818256378,0.000664113089442
VTM-007429,DG-1f52d7ff3f31,ti_bearing_negative,0.580541908740997,0.998238563537598,0.998280584812164,0.998256206512451,0,0.499947369098663,0.000024420558475
VTM-007433,DG-67c4157d4b76,ti_bearing_negative,0.509636700153351,0.838564515113831,0.928407371044159,0.88262015581131,0,0.375452488660812,0.05057568103075
VTM-007435,DG-d9a2abb06b19,ti_bearing_negative,0.477624028921127,0.999009966850281,0.998957931995392,0.998982727527618,1,0.500065088272095,0.000027266680263
VTM-007436,DG-7a3b1da6b475,ti_bearing_negative,0.547865033149719,0.99568510055542,0.994304597377777,0.995060920715332,1,0.50173431634903,0.000627081375569
VTM-007448,DG-0dfa45fe0f94,ti_bearing_negative,0.455831050872803,0.416971117258072,0.187078103423119,0.291870474815369,1,0.982144951820374,0.356706857681274
VTM-007462,DG-5ab7357a6294,ti_bearing_negative,0.404590845108032,0.414618641138077,0.346247643232346,0.373909920454025,1,0.711159944534302,0.103344202041626
VTM-007468,DG-d114907a6d47,ti_bearing_negative,0.414693653583527,0.13799250125885,0.146804928779602,0.143150463700294,0,0.423230320215225,0.025208353996277
VTM-007474,DG-65eb8b11cd54,ti_bearing_negative,0.39567643404007,0.002395067363977,0.001420469139703,0.001806094660424,1,0.931637644767761,0.282244682312012
VTM-007476,DG-54e22f95540f,ti_bearing_negative,0.374116241931915,0.022721335291862,0.055242650210857,0.043075896799564,0,0.011633608490229,0.248771667480469
VTM-007489,DG-6053f4abb38f,ti_bearing_negative,0.461111515760422,0.998869240283966,0.99845951795578,0.998648405075073,1,0.500512838363647,0.000221109599806
VTM-007491,DG-85cd64b3fc74,ti_bearing_negative,0.516812086105347,0.999984622001648,0.99999338388443,0.999988913536072,0,0.499989032745361,0.000004470388376
VTM-007503,DG-36db2ad65736,ti_bearing_negative,0.525840401649475,0.669097423553467,0.708991289138794,0.68801349401474,0,0.428109645843506,0.030034810304642
VTM-007515,DG-59dcd97c8c64,ti_bearing_negative,0.380097657442093,0.024386906996369,0.039650499820709,0.033848844468594,0,0.080892257392406,0.158198595046997
VTM-007522,DG-84d5a75f9ecf,ti_bearing_negative,0.492609918117523,0.884868741035461,0.926548361778259,0.90601658821106,0,0.442718923091888,0.022408626973629
VTM-007525,DG-b5e30a4f9e1b,ti_bearing_negative,0.463355392217636,0.884358644485474,0.887784779071808,0.886197209358215,0,0.49516686797142,0.001789838075638
VTM-007528,DG-eba6c0258cb6,ti_bearing_negative,0.509754180908203,0.013799364678562,0.015889950096607,0.014824265614152,0,0.330633580684662,0.069421291351318
VTM-007541,DG-853d50566222,ti_bearing_negative,0.546719491481781,0.999996662139893,0.999995589256287,0.999996185302734,1,0.50000137090683,0.00000047683875
VTM-007547,DG-5405144eefc6,ti_bearing_negative,0.449925869703293,0.999523758888245,0.999588072299957,0.999559044837952,0,0.499919533729553,0.000029039831134
VTM-007551,DG-e72871ff4ef9,ti_bearing_negative,0.385801553726196,0.99720311164856,0.982318043708801,0.988060712814331,1,0.518790304660797,0.009210325777531
VTM-007568,DG-c6b340b3b65f,ti_bearing_negative,0.488625437021255,0.817651569843292,0.792202353477478,0.804637491703033,1,0.539442121982574,0.016044422984123
VTM-007574,DG-0b37c6b024f1,ti_bearing_negative,0.411266028881073,0.14071387052536,0.092465348541737,0.112308323383331,1,0.890851974487305,0.225480437278748
VTM-007582,DG-6ca3139f2a0c,ti_bearing_negative,0.548461437225342,0.235586628317833,0.237414315342903,0.236411899328232,0,0.490341067314148,0.004231214523315
VTM-007595,DG-20c5e65ea882,ti_bearing_negative,0.439305007457733,0.873123466968536,0.897579193115234,0.886835694313049,0,0.465524286031723,0.012041628360748
VTM-007598,DG-71344868f634,ti_bearing_negative,0.558600127696991,0.999523043632507,0.999477922916412,0.999503135681152,1,0.500056445598602,0.000019917642931
VTM-007605,DG-2871d7bc6dff,ti_bearing_negative,0.414354115724564,0.922060608863831,0.883243978023529,0.899327874183655,1,0.553555607795715,0.024963282048702
VTM-007610,DG-9d8c6d791723,ti_bearing_negative,0.486792683601379,0.998412013053894,0.999821484088898,0.999135375022888,0,0.498236566781998,0.000686467101332
VTM-007617,DG-1c79a22441f4,ti_bearing_negative,0.454718261957169,0.98066508769989,0.942148268222809,0.959662556648254,1,0.549918591976166,0.021649282425642
VTM-007636,DG-405bb566e26a,ti_bearing_negative,0.371731787919998,0.975227892398834,0.953640043735504,0.961664974689484,1,0.527951896190643,0.014005048200488
VTM-007638,DG-4498d09d267a,ti_bearing_negative,0.37590280175209,0.992775797843933,0.9612757563591,0.973116755485535,1,0.540217339992523,0.020000785589218
VTM-007645,DG-74eb0f8dc49e,ti_bearing_negative,0.397031307220459,0.907806515693665,0.855390787124634,0.876201510429382,1,0.573798000812531,0.035435162484646
VTM-007675,DG-a74db90043b0,ti_bearing_negative,0.387243539094925,0.577449679374695,0.632879316806793,0.611414551734924,0,0.387391060590744,0.034504532814026
VTM-007683,DG-c4e06e4474ff,ti_bearing_negative,0.490024387836456,0.992033302783966,0.995148837566376,0.993622183799744,0,0.496080547571182,0.001535274088383
VTM-007685,DG-56317e8a023a,ti_bearing_negative,0.555765569210052,0.988723874092102,0.992833018302917,0.990549325942993,0,0.49481588602066,0.002302827313542
VTM-007688,DG-c25c7b6ccd0e,ti_bearing_negative,0.526584982872009,0.999963521957397,0.999910533428192,0.999938488006592,1,0.500066220760345,0.000025035176805
VTM-007696,DG-2155ddc89d92,ti_bearing_negative,0.502183616161346,0.999511122703552,0.999716758728027,0.999613523483276,0,0.499742865562439,0.000103269820102
VTM-007709,DG-71409bac15bc,ti_bearing_negative,0.364049464464188,0.999751389026642,0.999733448028564,0.99974000453949,1,0.500022411346436,0.000011387397535
VTM-007710,DG-3a52f45087f7,ti_bearing_negative,0.536294102668762,0.999663829803467,0.999745965003967,0.999701857566833,0,0.49989727139473,0.000044119602535
VTM-007714,DG-32b3a1a4ecc5,ti_bearing_negative,0.441713601350784,0.979631364345551,0.934224188327789,0.954281151294708,1,0.559048056602478,0.026218006387353
VTM-007722,DG-ee470684de7e,ti_bearing_negative,0.426319509744644,0.94684112071991,0.896178364753723,0.917776882648468,1,0.568310022354126,0.031176995486021
VTM-007723,DG-ba0d1648a410,ti_bearing_negative,0.470540672540665,0.522952795028687,0.732253789901733,0.633769154548645,0,0.156674891710281,0.144442349672318
VTM-007727,DG-987140179ffc,ti_bearing_negative,0.532688856124878,0.291168063879013,0.319392025470734,0.304357439279556,0,0.386370778083801,0.048216581344604
VTM-007730,DG-4bbbf139667a,ti_bearing_negative,0.479645699262619,0.61746883392334,0.766390264034271,0.694960713386536,0,0.253446489572525,0.097836226224899
VTM-007731,DG-6a147391f6ad,ti_bearing_negative,0.445667654275894,0.909017026424408,0.960575580596924,0.937597632408142,0,0.431472897529602,0.024211775511503
VTM-007748,DG-2c0335d61c6b,ti_bearing_negative,0.568812310695648,0.996057033538818,0.998386085033417,0.997061252593994,0,0.497080653905869,0.001327855396084
VTM-007752,DG-d08319715b3a,ti_bearing_negative,0.333234161138535,0.15665291249752,0.286387860774994,0.243155732750893,0,0.046682771295309,0.163645029067993
VTM-007758,DG-343ef46d5aca,ti_bearing_negative,0.35973060131073,0.994515836238861,0.968202769756317,0.977668404579163,1,0.533468008041382,0.017085464671254
VTM-007763,DG-1eb835c3c7f6,ti_bearing_negative,0.329307198524475,0.695002317428589,0.942869305610657,0.861244916915894,0,0.178717240691185,0.090548761188984
VTM-007774,DG-efad84efe938,ti_bearing_negative,0.546047031879425,0.997689485549927,0.998488187789917,0.998052060604095,0,0.498999685049057,0.000436882954091
VTM-007783,DG-0639794d2da2,ti_bearing_negative,0.411123722791672,0.998065412044525,0.99739408493042,0.99767005443573,1,0.500841081142426,0.000396202434786
VTM-007790,DG-caa5b44c312a,ti_bearing_negative,0.445670306682587,0.893947064876556,0.972105383872986,0.937272548675537,0,0.396734952926636,0.036490105092525
VTM-007792,DG-d485733ada3a,ti_bearing_negative,0.408047378063202,0.911849796772003,0.973720967769623,0.948474645614624,0,0.418667078018188,0.026269724592566
VTM-007800,DG-1d5c5aead1b8,ti_bearing_negative,0.530182838439941,0.999596536159515,0.99901294708252,0.999322354793549,1,0.500729978084564,0.000274329649983
VTM-007811,DG-8f54133821ea,ti_bearing_negative,0.57999449968338,0.999995708465576,0.999994277954102,0.999995112419128,1,0.500001788139343,0.000000596049176
VTM-007812,DG-84c69b51a89a,ti_bearing_negative,0.485320121049881,0.98979526758194,0.923593819141388,0.955722749233246,1,0.585678517818451,0.035030260682106
VTM-007823,DG-e905e6823fff,ti_bearing_negative,0.455400884151459,0.571965992450714,0.420685291290283,0.489578664302826,1,0.822878420352936,0.155534386634827
VTM-007824,DG-6aa3f4b99321,ti_bearing_negative,0.32763460278511,0.995407223701477,0.996847212314606,0.996375441551208,0,0.498193025588989,0.000473374966532
VTM-007829,DG-9d49e72e52e6,ti_bearing_negative,0.429899752140045,0.24019567668438,0.3154256939888,0.283084332942963,0,0.203859314322472,0.1081782579422
VTM-007839,DG-4d12da4a8f58,ti_bearing_negative,0.458500802516937,0.999930500984192,0.999984920024872,0.999959945678711,0,0.499931931495667,0.000024975037377
VTM-007840,DG-e1d512291723,ti_bearing_negative,0.517996430397034,0.838654816150665,0.916804492473602,0.876323223114014,0,0.390437096357346,0.045159250497818
VTM-007845,DG-85892eb00cdc,ti_bearing_negative,0.50840562582016,0.022852104157209,0.038746282458305,0.030665591359138,0,0.066610664129257,0.233893632888794
VTM-007854,DG-0d38e1e501e8,ti_bearing_negative,0.487569838762283,0.999987244606018,0.999993979930878,0.999990701675415,0,0.499991536140442,0.000003278280928
VTM-007858,DG-a76b6607ea84,ti_bearing_negative,0.450690865516663,0.237199828028679,0.367482900619507,0.30876550078392,0,0.100754521787167,0.174094676971436
VTM-007862,DG-4689198a2a8b,ti_bearing_negative,0.40645569562912,0.977330446243286,0.993545413017273,0.986954748630524,0,0.479442954063416,0.006655579898506
VTM-007865,DG-3795b87ccf1d,ti_bearing_negative,0.439560145139694,0.851416707038879,0.637186586856842,0.731353640556335,1,0.809874594211578,0.152004554867744
VTM-007873,DG-c339fb8506d8,ti_bearing_negative,0.389609903097153,0.331165462732315,0.620202958583832,0.507591068744659,0,0.04160088300705,0.200370609760284
VTM-007876,DG-fe93bacd498d,ti_bearing_negative,0.533700942993164,0.998842060565948,0.993514120578766,0.996357679367065,1,0.506685078144073,0.002490359824151
VTM-007878,DG-56020073eff6,ti_bearing_negative,0.570475995540619,0.996824860572815,0.996550977230072,0.996707201004028,1,0.500343501567841,0.000118041178212
VTM-007880,DG-5a11cc76e702,ti_bearing_negative,0.341258853673935,0.865320861339569,0.980556607246399,0.941231369972229,0,0.348622441291809,0.040931388735771
VTM-007886,DG-59adb4c7dad3,ti_bearing_negative,0.317531734704971,0.692907810211182,0.885849595069885,0.824584484100342,0,0.226487651467323,0.071667581796646
VTM-007893,DG-6fb732827a92,ti_bearing_negative,0.324512720108032,0.197183266282082,0.139121800661087,0.157963484525681,1,0.851184129714966,0.221769690513611
VTM-007894,DG-4df9821c3e1c,ti_bearing_negative,0.433732479810715,0.858270704746246,0.919299125671387,0.892829060554504,0,0.414969235658646,0.029216416180134
VTM-007898,DG-6d4fc6348c62,ti_bearing_negative,0.434176862239838,0.993355751037598,0.995917797088623,0.994805455207825,0,0.496780216693878,0.001117525622249
VTM-007901,DG-40acbebb3508,ti_bearing_negative,0.4099440574646,0.675649881362915,0.536847710609436,0.593748807907104,1,0.759474873542786,0.12921866774559
VTM-007903,DG-7ff60ff66308,ti_bearing_negative,0.558592617511749,0.986271977424622,0.995032787322998,0.990139067173004,0,0.488947361707687,0.004930283408612
VTM-007905,DG-d2d26ad861cb,ti_bearing_negative,0.515015125274658,0.403677821159363,0.896929621696472,0.642897486686707,0,0.018131587654352,0.332992106676102
VTM-007912,DG-7b1218264a7b,ti_bearing_negative,0.520685195922852,0.999994039535522,0.99999612569809,0.999995052814484,0,0.49999737739563,0.000001072888153
VTM-007921,DG-a0a86c8858a9,ti_bearing_negative,0.439262747764587,0.357870608568192,0.346978783607483,0.351763159036636,1,0.538558125495911,0.017213344573975
VTM-007924,DG-f70e400cbca6,ti_bearing_negative,0.368380844593048,0.156522989273071,0.065024182200432,0.098730593919754,1,0.987778007984161,0.460808157920837
VTM-007937,DG-41baf59af19b,ti_bearing_negative,0.413532435894012,0.048561941832304,0.150969699025154,0.108620770275593,0,0.003431927179918,0.329216599464417
VTM-007947,DG-798c7be509e8,ti_bearing_negative,0.448583871126175,0.974422574043274,0.915498673915863,0.941931009292603,1,0.577344298362732,0.033913031220436
VTM-007952,DG-a20d5b6a47a0,ti_bearing_negative,0.387354850769043,0.999821245670319,0.999985456466675,0.999921917915344,0,0.499794691801071,0.000063541490817
VTM-007962,DG-026a8342cee1,ti_bearing_negative,0.476661145687103,0.999427318572998,0.999577701091766,0.999505996704102,0,0.499811947345734,0.000071737245889
VTM-007977,DG-22c936992342,ti_bearing_negative,0.471284627914429,0.786322295665741,0.695186078548431,0.738137125968933,1,0.649293661117554,0.063237145543098
VTM-007978,DG-c5750fed4181,ti_bearing_negative,0.569028735160828,0.994779586791992,0.993238210678101,0.99411529302597,1,0.501938343048096,0.000668002758175
VTM-007989,DG-562321c44003,ti_bearing_negative,0.453062832355499,0.990674436092377,0.985979616641998,0.988106667995453,1,0.505937576293945,0.002595304511487
VTM-007994,DG-5b71d6d6923b,ti_bearing_negative,0.541465520858765,0.99982750415802,0.999393582344055,0.99962854385376,1,0.500542640686035,0.000199014437385
VTM-007996,DG-e43d758c890d,ti_bearing_negative,0.532379388809204,0.996616303920746,0.994087696075439,0.995433866977692,1,0.503175437450409,0.001187155721709
VTM-008000,DG-d1ffd72ca7ef,ti_bearing_negative,0.489243477582932,0.224897101521492,0.279945880174637,0.253013610839844,0,0.250721842050552,0.101153016090393
VTM-008007,DG-6aad59b2755f,ti_bearing_negative,0.451441586017609,0.936870455741882,0.921442270278931,0.928407192230225,1,0.520744204521179,0.009074598550797
VTM-008008,DG-ccf7b9848cbd,ti_bearing_negative,0.58313661813736,0.999969363212585,0.999991357326508,0.999978542327881,0,0.499972522258759,0.000012815192349
VTM-008009,DG-88d4a74974d5,ti_bearing_negative,0.490613639354706,0.999373257160187,0.999672293663025,0.999525547027588,0,0.499626010656357,0.00014680554159
VTM-008010,DG-03bbadd91390,ti_bearing_negative,0.371408134698868,0.989678382873535,0.994028747081757,0.99241304397583,0,0.494517534971237,0.001626731362194
VTM-008013,DG-333e8a4ffe0a,ti_bearing_negative,0.45876082777977,0.356374144554138,0.408063173294067,0.384350270032883,0,0.336885541677475,0.059867680072784
VTM-008028,DG-52e008a07520,ti_bearing_negative,0.459222197532654,0.997758507728577,0.999116003513336,0.99849259853363,0,0.498300462961197,0.000624151260126
VTM-008029,DG-347b4d8678a7,ti_bearing_negative,0.513917148113251,0.997694551944733,0.999644041061401,0.998642146587372,0,0.49755996465683,0.001002753851935
VTM-008052,DG-ea7bc113ffc0,ti_bearing_negative,0.404899150133133,0.654342710971832,0.474442481994629,0.547283947467804,1,0.833057641983032,0.178663462400436
VTM-008053,DG-60d6884f0157,ti_bearing_negative,0.385795652866364,0.806024551391602,0.786090791225433,0.793781161308289,1,0.531261563301086,0.015306383371353
VTM-008054,DG-19155c3790f5,ti_bearing_negative,0.349548280239105,0.010074285790324,0.020767049863935,0.017029412090778,0,0.026162749156356,0.198425769805908
VTM-008055,DG-70694e58d00d,ti_bearing_negative,0.568106114864349,0.997891247272491,0.996528625488281,0.997302770614624,1,0.501708090305328,0.000589894130826
VTM-008068,DG-aa3b0ef6744c,ti_bearing_negative,0.521556615829468,0.997868061065674,0.993340313434601,0.995701789855957,1,0.505684435367584,0.002173259155825
VTM-008078,DG-1ed848caa49d,ti_bearing_negative,0.320837914943695,0.973189234733582,0.983993232250214,0.980526924133301,0,0.486202865839005,0.003528915345669
VTM-008081,DG-56404c5dcb5c,ti_bearing_negative,0.457233965396881,0.96250593662262,0.990950226783752,0.977944552898407,0,0.463659107685089,0.013211334124207
VTM-008108,DG-22b739c6f700,ti_bearing_negative,0.549623847007751,0.999788820743561,0.99938577413559,0.99960732460022,1,0.500504016876221,0.000181550960406
VTM-008110,DG-b28b0701dea9,ti_bearing_negative,0.495544970035553,0.000694182352163,0.00124328432139,0.000971179571934,0,0.051471427083015,0.247000694274902
VTM-008132,DG-4d7d26ec9ba0,ti_bearing_negative,0.311861336231232,0.603567123413086,0.954123795032501,0.844798743724823,0,0.091981187462807,0.121695004403591
VTM-008135,DG-d98230c0416f,ti_bearing_negative,0.567145645618439,0.999994993209839,0.999969780445099,0.9999840259552,1,0.500031530857086,0.000010967369235
VTM-008144,DG-73444cb255dd,ti_bearing_negative,0.42875725030899,0.858472943305969,0.826337218284607,0.840115666389465,1,0.547546207904816,0.021615594625473
VTM-008145,DG-0a478b8c133a,ti_bearing_negative,0.381318002939224,0.10339429974556,0.020360229536891,0.052022613584995,1,0.999703943729401,0.686871290206909
VTM-008147,DG-1b09ad6d2a4c,ti_bearing_negative,0.518045485019684,0.996145725250244,0.997646570205688,0.996869087219238,0,0.498118132352829,0.00077962083742
VTM-008148,DG-5cff4f9f6214,ti_bearing_negative,0.459589779376984,0.003992111422122,0.007744383066893,0.006019877269864,0,0.03511980548501,0.251901149749756
VTM-008159,DG-a7dd9ed455d1,ti_bearing_negative,0.460448801517487,0.403989404439926,0.336873650550842,0.367777019739151,1,0.712673425674438,0.093911826610565
VTM-008161,DG-f1f71068f770,ti_bearing_negative,0.355965316295624,0.003000818891451,0.001628996105865,0.002117317402735,1,0.954980969429016,0.348734855651855
VTM-008171,DG-24b085764219,ti_bearing_negative,0.47317236661911,0.198167443275452,0.458310335874557,0.335217893123627,0,0.014888420701027,0.312765836715698
VTM-008177,DG-91a894539908,ti_bearing_negative,0.517930150032043,0.999934434890747,0.999919414520264,0.999927163124084,1,0.500018775463104,0.00000727227598
VTM-008184,DG-5b625de3328d,ti_bearing_negative,0.429823368787766,0.877944231033325,0.930492401123047,0.90790593624115,0,0.427843689918518,0.024573132395744
VTM-008197,DG-4a7ff03c06e3,ti_bearing_negative,0.506083309650421,0.99955278635025,0.999913573265076,0.999731004238129,0,0.49954891204834,0.000182601477718
VTM-008216,DG-c73ad8022773,ti_bearing_negative,0.401320189237595,0.998799204826355,0.998992621898651,0.998914957046509,0,0.499758005142212,0.000077746110037
VTM-008229,DG-6a1a0b945ad6,ti_bearing_negative,0.416533410549164,0.175498679280281,0.098696388304234,0.130687117576599,1,0.946743845939636,0.294825553894043
VTM-008244,DG-428d3b6aab04,ti_bearing_negative,0.430929064750671,0.978647351264954,0.998716652393341,0.990068197250366,0,0.474647045135498,0.008697280660272
VTM-008246,DG-bbc4fca58409,ti_bearing_negative,0.451815634965897,0.826435923576355,0.916436433792114,0.875772833824158,0,0.373588740825653,0.045385971665382
VTM-008252,DG-da87b5a0a78e,ti_bearing_negative,0.423874855041504,0.001143065979704,0.004921347368509,0.003319828771055,0,0.000675526680425,0.393669128417969
VTM-008270,DG-ac656433f160,ti_bearing_negative,0.454170942306519,0.998815536499023,0.999753713607788,0.999327659606934,0,0.498826414346695,0.000426249811426
VTM-008277,DG-6427e0dac4b9,ti_bearing_negative,0.433030873537064,0.472068399190903,0.408354163169861,0.435944408178329,1,0.673695087432861,0.079609155654907
VTM-008278,DG-5837b03cdaab,ti_bearing_negative,0.45759305357933,0.998414754867554,0.999009191989899,0.998737215995789,0,0.499255985021591,0.000272282864898
VTM-008282,DG-d0426e5432f8,ti_bearing_negative,0.300743788480759,0.90666651725769,0.971959590911865,0.952323079109192,0,0.413940876722336,0.020409882068634
VTM-008287,DG-f7bde709b857,ti_bearing_negative,0.324981302022934,0.995368361473083,0.998419225215912,0.997427701950073,0,0.49617463350296,0.000993586611003
VTM-008295,DG-430415d3676a,ti_bearing_negative,0.408547163009644,0.999906063079834,0.9999098777771,0.999908328056335,0,0.499995231628418,0.000001549866283
VTM-008301,DG-fead9aab2d7b,ti_bearing_negative,0.475504398345947,0.997619569301605,0.999857306480408,0.998793244361877,0,0.497199326753616,0.001064780633897
VTM-008305,DG-afbf9a468989,ti_bearing_negative,0.488955587148666,0.99937504529953,0.999555885791779,0.999467432498932,0,0.4997738301754,0.000088496482931
VTM-008308,DG-d421c9d97d4d,ti_bearing_negative,0.291014969348907,0.99929141998291,0.999982416629791,0.999781370162964,0,0.499135911464691,0.000201070215553
VTM-008331,DG-15e583cb03d2,ti_bearing_negative,0.395792007446289,0.998134613037109,0.986385822296143,0.991035938262939,1,0.514796376228333,0.00713735120371
VTM-008334,DG-76f247383dac,ti_bearing_negative,0.270055562257767,0.991743385791779,0.999933063983917,0.997721433639526,0,0.48972150683403,0.002214227803051
VTM-008338,DG-c11b2ae78475,ti_bearing_negative,0.451274484395981,0.000016258671167,0.000015229384189,0.000015693874957,1,0.58102935552597,0.035355567932129
VTM-008340,DG-a5939853ecee,ti_bearing_negative,0.429785162210464,0.619948148727417,0.517309486865997,0.561422049999237,1,0.711970329284668,0.099162876605988
VTM-008346,DG-cd6e501513da,ti_bearing_negative,0.427312612533569,0.999829173088074,0.999991595745087,0.999922156333923,0,0.499796956777573,0.000069442401582
VTM-008352,DG-a0d5da6afc9c,ti_bearing_negative,0.42448490858078,0.999944686889648,0.999930381774902,0.999936461448669,1,0.500017881393433,0.00000822592483
VTM-008354,DG-05fbbad5e134,ti_bearing_negative,0.485867470502853,0.988701105117798,0.994879305362701,0.991877436637878,0,0.492213934659958,0.003021880984306
VTM-008365,DG-04be8950b477,ti_bearing_negative,0.549674928188324,0.999282896518707,0.998395025730133,0.998883068561554,1,0.501111149787903,0.000400194956455
VTM-008369,DG-5e7cd2c55bbf,ti_bearing_negative,0.285853713750839,0.000753171043471,0.000401471770601,0.000502006325405,1,0.958742022514343,0.405679702758789
VTM-008374,DG-a9b36f57d758,ti_bearing_negative,0.393766909837723,0.999998688697815,0.99999988079071,0.999999463558197,0,0.499998509883881,0.000000417232684
VTM-008392,DG-fbdf412f7c6a,ti_bearing_negative,0.474544674158096,0.9105144739151,0.975649356842041,0.944739997386932,0,0.414482027292252,0.032193500548601
VTM-008400,DG-7bbecbca43ce,ti_bearing_negative,0.425027459859848,0.012518934905529,0.014574898406863,0.013701057061553,0,0.318582653999329,0.061827659606934
VTM-008401,DG-7ac0b4b77a0b,ti_bearing_negative,0.335987508296967,0.034728344529867,0.241755843162537,0.172197192907333,0,0.000061165839725,0.339287996292114
VTM-008420,DG-4ba065011a4b,ti_bearing_negative,0.335329562425613,0.002782250288874,0.015805406495929,0.011438357643783,0,0.000168997081346,0.323379516601562
VTM-008432,DG-810ceb1a47af,ti_bearing_negative,0.360184133052826,0.961066663265228,0.857995867729187,0.895120322704315,1,0.638122022151947,0.071085624396801
VTM-008435,DG-6a8269454853,ti_bearing_negative,0.401773452758789,0.998703122138977,0.998104333877563,0.998344898223877,1,0.50074964761734,0.000358753371984
VTM-008441,DG-844ccbe6fe55,ti_bearing_negative,0.455243200063705,0.056859910488129,0.112358145415783,0.087092950940132,0,0.032123848795891,0.254715442657471
VTM-008442,DG-a26ff750ff4e,ti_bearing_negative,0.494482100009918,0.112079463899136,0.081233769655228,0.096486411988735,1,0.833326041698456,0.149806022644043
VTM-008457,DG-7f63a58eb601,ti_bearing_negative,0.381005734205246,0.05619353801012,0.023262042552233,0.035809129476547,1,0.987989544868469,0.450598955154419
VTM-008468,DG-7a194f983480,ti_bearing_negative,0.464184671640396,0.999947428703308,0.999970257282257,0.999959707260132,0,0.499971449375153,0.00001055039138
VTM-008480,DG-c4b22843003f,ti_bearing_negative,0.483507424592972,0.043494030833244,0.181323081254959,0.114681720733643,0,0.000793483690359,0.458119750022888
VTM-008483,DG-d832acf01fc3,ti_bearing_negative,0.47496485710144,0.995376586914062,0.993988215923309,0.994647622108459,1,0.501744747161865,0.000732619315386
VTM-008489,DG-10c13ffc1b53,ti_bearing_negative,0.517185091972351,0.999847412109375,0.999867081642151,0.999856948852539,0,0.499975442886353,0.000010134186596
VTM-008497,DG-1014339889b8,ti_bearing_negative,0.41825258731842,0.929568231105804,0.966161370277405,0.95085620880127,0,0.451886028051376,0.015968017280102
VTM-008515,DG-1ca93cb551fa,ti_bearing_negative,0.389283865690231,0.016682928428054,0.037282191216946,0.029263230040669,0,0.017625076696277,0.242184162139893
VTM-008516,DG-79d7803dca3b,ti_bearing_negative,0.36435067653656,0.043460823595524,0.055855393409729,0.051339421421289,0,0.221916943788528,0.084307193756104
VTM-008519,DG-18f17feb53fc,ti_bearing_negative,0.418829470872879,0.203842028975487,0.344882547855377,0.285810619592667,0,0.067276783287525,0.187874555587769
VTM-008521,DG-e3e6703e3340,ti_bearing_negative,0.45979517698288,0.058395516127348,0.130765333771706,0.097490042448044,0,0.017449751496315,0.293654203414917
VTM-008540,DG-5b2d32b530f9,ti_bearing_negative,0.348885476589203,0.994792282581329,0.998352527618408,0.997110366821289,0,0.495534479618073,0.001244985265657
VTM-008541,DG-07ad4e1ac4a2,ti_bearing_negative,0.357676833868027,0.138847649097443,0.225614711642265,0.194580137729645,0,0.081117667257786,0.147984623908997
VTM-008545,DG-866bffc9ce8c,ti_bearing_negative,0.405147343873978,0.098858714103699,0.191150471568108,0.153758719563484,0,0.035679541528225,0.217676401138306
VTM-008550,DG-d444b9b42633,ti_bearing_negative,0.263378143310547,0.002998905954883,0.021591857075691,0.016694881021976,0,0.000051682269259,0.257214307785034
VTM-008551,DG-6d64bd2ef61b,ti_bearing_negative,0.427981644868851,0.858471751213074,0.817182004451752,0.834853291511536,1,0.561304926872253,0.027897760272026
VTM-008555,DG-4ea71fbee401,ti_bearing_negative,0.388463914394379,0.996436476707458,0.998561501502991,0.997735977172852,0,0.49733704328537,0.000827055424452
VTM-008558,DG-ad6ffb42c482,ti_bearing_negative,0.342032372951508,0.716226518154144,0.947559177875519,0.868435919284821,0,0.197901099920273,0.087195597589016
VTM-008564,DG-8758aa99c2f7,ti_bearing_negative,0.397032231092453,0.024823345243931,0.004597601015121,0.012627873569727,1,0.999782145023346,0.675877809524536
VTM-008566,DG-c4af76b19f14,ti_bearing_negative,0.341678291559219,0.310027778148651,0.749910235404968,0.59961199760437,0,0.011932820081711,0.2236707508564
VTM-008567,DG-8e475bbf99c1,ti_bearing_negative,0.440637916326523,0.965006768703461,0.979414761066437,0.973066031932831,0,0.481483340263367,0.006503265351057
VTM-008569,DG-7c5c33f532b9,ti_bearing_negative,0.40880087018013,0.991847276687622,0.991685569286346,0.991751670837402,1,0.500203788280487,0.000096396543086
VTM-008583,DG-c28b5a826bdc,ti_bearing_negative,0.410262107849121,0.063513427972794,0.030321072787046,0.043938636779785,1,0.975803136825562,0.368457317352295
VTM-008597,DG-dee15e82bc19,ti_bearing_negative,0.453977942466736,0.730776965618134,0.534752011299133,0.623743057250977,1,0.826572239398956,0.158369779586792
VTM-008603,DG-835541a8f5bd,ti_bearing_negative,0.452868819236755,0.040030512958765,0.039512030780315,0.039746835827827,1,0.516290128231049,0.007111549377441
VTM-008605,DG-974039a14331,ti_bearing_negative,0.344419896602631,0.771033048629761,0.937642872333527,0.880259156227112,0,0.27325114607811,0.063152782618999
