image_id,split_group_id,class_id,epsilon,raw_route,projected_route,posterior_cap,margin_cap,anchor_mask,posterior_active,margin_active,final_target_margin,positive_target_harm
VTM-000004,DG-93711816d7a2,0,0.04837475344538689,0.5280564427375793,0.5280564427375793,1.0,1.0,0.0,0.0,0.0,-0.5540896654129028,0.0
VTM-000019,DG-1f6c9a170d0a,0,0.04958037659525871,0.5471320152282715,0.5471320152282715,1.0,1.0,0.0,0.0,0.0,-0.6684092283248901,0.001994222402572632
VTM-000022,DG-f06e5066d583,0,0.05009448900818825,0.5342434644699097,0.5342434644699097,1.0,1.0,1.0,0.0,0.0,0.5129203796386719,0.008896112442016602
VTM-000023,DG-57c8be1f1a44,0,0.048499636352062225,0.5336203575134277,0.5336203575134277,1.0,1.0,0.0,0.0,0.0,-0.716004490852356,0.0012273415923118591
VTM-000026,DG-0cb281befc77,0,0.04998138174414635,0.5452802181243896,0.5452802181243896,1.0,1.0,0.0,0.0,0.0,-0.0035803914070129395,0.002991586923599243
VTM-000029,DG-9f879b68f7a9,0,0.04965705797076225,0.5385291576385498,0.5385291576385498,1.0,1.0,0.0,0.0,0.0,0.0009431838989257812,0.002244293689727783
VTM-000031,DG-d7115b5d6740,0,0.050003938376903534,0.5274794101715088,0.5274794101715088,1.0,1.0,1.0,0.0,0.0,0.8449164628982544,0.001844644546508789
VTM-000032,DG-a4d032ac7c43,0,0.0490511916577816,0.5430681705474854,0.5430681705474854,1.0,1.0,0.0,0.0,0.0,-0.06612330675125122,0.0
VTM-000033,DG-835a9a31582b,0,0.049117736518383026,0.5450081825256348,0.5450081825256348,1.0,1.0,0.0,0.0,0.0,-0.15428969264030457,0.008481144905090332
VTM-000042,DG-dd60957cc98f,0,0.04910128563642502,0.5404129028320312,0.5404129028320312,1.0,1.0,0.0,0.0,0.0,-0.42870771884918213,0.003018811345100403
VTM-000053,DG-0c19a5da525e,0,0.04904203861951828,0.5492067933082581,0.5492067933082581,1.0,1.0,0.0,0.0,0.0,-0.7583430409431458,0.0
VTM-000054,DG-4dc01708b6c1,0,0.04860970377922058,0.5425609350204468,0.5425609350204468,1.0,1.0,0.0,0.0,0.0,-0.5777601003646851,0.00177658349275589
VTM-000055,DG-3cad097ede55,0,0.04956060275435448,0.5490825772285461,0.5490825772285461,1.0,1.0,0.0,0.0,0.0,-0.27386024594306946,0.0005072504281997681
VTM-000059,DG-104f7493d31e,0,0.049959611147642136,0.5227816700935364,0.5227816700935364,1.0,1.0,1.0,0.0,0.0,0.9241554737091064,0.0042809247970581055
VTM-000063,DG-a13316fbba17,0,0.05009465664625168,0.5378422737121582,0.5378422737121582,1.0,1.0,1.0,0.0,0.0,0.5162920951843262,0.011922478675842285
VTM-000067,DG-5e3c1a734ecf,0,0.049766626209020615,0.5485392808914185,0.5485392808914185,1.0,1.0,0.0,0.0,0.0,-0.2870444655418396,0.0007248520851135254
VTM-000071,DG-43ff4b7e71d7,0,0.049474794417619705,0.5280985236167908,0.5280985236167908,1.0,1.0,1.0,0.0,0.0,0.583498477935791,0.011325180530548096
VTM-000072,DG-f00d4292aa19,0,0.04942726343870163,0.526219367980957,0.526219367980957,1.0,1.0,0.0,0.0,0.0,-0.512448787689209,0.0001782625913619995
VTM-000078,DG-6cfccac709da,0,0.04994185268878937,0.5241922736167908,0.5241922736167908,1.0,1.0,1.0,0.0,0.0,0.8797080516815186,0.009087979793548584
VTM-000079,DG-865801959617,0,0.050021328032016754,0.5220077037811279,0.5220077037811279,1.0,1.0,1.0,0.0,0.0,0.9436126947402954,0.0033192038536071777
VTM-000081,DG-a37ea3e212b7,0,0.04986439645290375,0.5232715606689453,0.5232715606689453,1.0,1.0,1.0,0.0,0.0,0.8786349296569824,0.006322801113128662
VTM-000097,DG-52dbc2d87ae6,0,0.04913635924458504,0.5465428233146667,0.5465428233146667,1.0,1.0,0.0,0.0,0.0,-0.8045879006385803,0.0
VTM-000102,DG-8f39b68c7460,0,0.04969610273838043,0.5373561382293701,0.5373561382293701,1.0,1.0,1.0,0.0,0.0,0.5506281852722168,0.012154817581176758
VTM-000103,DG-edd7bbc96d6a,0,0.050004586577415466,0.5211667418479919,0.5211667418479919,1.0,1.0,1.0,0.0,0.0,0.9473239779472351,0.004422247409820557
VTM-000107,DG-2643e93c71a5,0,0.04973960295319557,0.5392927527427673,0.5392927527427673,1.0,1.0,0.0,0.0,0.0,-0.9807286262512207,0.0
VTM-000109,DG-45cfbbb23bdc,0,0.04999098181724548,0.5363005995750427,0.5363005995750427,1.0,1.0,1.0,0.0,0.0,0.5468636751174927,0.0036307573318481445
VTM-000114,DG-fc3a66d13a58,0,0.049958884716033936,0.520331084728241,0.520331084728241,1.0,1.0,1.0,0.0,0.0,0.9559614062309265,0.004470646381378174
VTM-000119,DG-fb23410b9ff9,0,0.049253396689891815,0.5447463393211365,0.5447463393211365,1.0,1.0,1.0,0.0,0.0,0.09194940328598022,0.009620249271392822
VTM-000120,DG-3e885422ff43,0,0.04917098954319954,0.5404646396636963,0.5404646396636963,1.0,1.0,0.0,0.0,0.0,-0.10478818416595459,0.00019150972366333008
VTM-000123,DG-f7048b8cdbe5,0,0.04927810654044151,0.5330355763435364,0.5330355763435364,1.0,1.0,0.0,0.0,0.0,-0.4802359640598297,8.931383490562439e-06
VTM-000126,DG-c9aba633a410,0,0.04980025812983513,0.5271837115287781,0.5271837115287781,1.0,1.0,1.0,0.0,0.0,0.7984212040901184,0.007287502288818359
VTM-000129,DG-70edfcef8486,0,0.04969300329685211,0.5382639765739441,0.5382639765739441,1.0,1.0,1.0,0.0,0.0,0.2273506224155426,0.010576307773590088
VTM-000130,DG-c93fa69bd002,0,0.04973938688635826,0.530761182308197,0.530761182308197,1.0,1.0,1.0,0.0,0.0,0.7176122665405273,0.006619632244110107
VTM-000136,DG-7d68bf215ad3,0,0.04917445033788681,0.5457199811935425,0.5457199811935425,1.0,1.0,0.0,0.0,0.0,-0.06880676746368408,0.005701929330825806
VTM-000137,DG-c1aed5f668d2,0,0.04903210699558258,0.5505988597869873,0.5505988597869873,1.0,1.0,0.0,0.0,0.0,-0.4305272698402405,0.0
VTM-000138,DG-6cfde0785f0c,0,0.04950697347521782,0.540381908416748,0.540381908416748,1.0,1.0,0.0,0.0,0.0,-0.9452254176139832,0.0
VTM-000143,DG-9af7bd61913c,0,0.0492464043200016,0.53806072473526,0.53806072473526,1.0,1.0,0.0,0.0,0.0,-0.4223247766494751,0.0012110844254493713
VTM-000156,DG-b07c5902c813,0,0.049746204167604446,0.5457203984260559,0.5457203984260559,1.0,1.0,1.0,0.0,0.0,0.09034410119056702,0.0
VTM-000164,DG-188a4021410f,0,0.05005308985710144,0.5414633750915527,0.5414633750915527,1.0,1.0,1.0,0.0,0.0,0.5224831104278564,0.003153860569000244
VTM-000193,DG-52c3a93b717f,0,0.04910127446055412,0.5462904572486877,0.5462904572486877,1.0,1.0,0.0,0.0,0.0,-0.3735162019729614,0.0003574751317501068
VTM-000196,DG-7327ff5c7b8d,0,0.04812033101916313,0.5252431631088257,0.5252431631088257,1.0,1.0,0.0,0.0,0.0,-0.6138998866081238,0.010724514722824097
VTM-000199,DG-c725c58e3f4e,0,0.04974575340747833,0.531692385673523,0.531692385673523,1.0,1.0,1.0,0.0,0.0,0.6295859813690186,0.005518496036529541
VTM-000203,DG-c9a72486b1ef,0,0.04940466955304146,0.5419554114341736,0.5419554114341736,1.0,1.0,1.0,0.0,0.0,0.32406848669052124,0.008060216903686523
VTM-000212,DG-a9d34317443f,0,0.04980313032865524,0.5515215396881104,0.5515215396881104,1.0,1.0,0.0,0.0,0.0,-0.4594140648841858,0.009301900863647461
VTM-000214,DG-e243cfd0a50c,0,0.04947700724005699,0.5415590405464172,0.5415590405464172,1.0,1.0,0.0,0.0,0.0,-0.8786929249763489,0.0
VTM-000216,DG-89f8774a7c9a,0,0.049260079860687256,0.548984944820404,0.548984944820404,1.0,1.0,0.0,0.0,0.0,-0.6841611266136169,0.0
VTM-000217,DG-aaf59fa905f6,0,0.04931693151593208,0.5240540504455566,0.5240540504455566,1.0,1.0,0.0,0.0,0.0,-0.5418747067451477,5.8747828006744385e-05
VTM-000219,DG-90f99d0b37a9,0,0.049285370856523514,0.5470860600471497,0.5470860600471497,1.0,1.0,0.0,0.0,0.0,-0.7550354599952698,0.0
VTM-000226,DG-f38e353637cc,0,0.04944411292672157,0.5211962461471558,0.5211962461471558,1.0,1.0,0.0,0.0,0.0,-0.5418977737426758,0.00019951164722442627
VTM-000239,DG-eafba2c762ae,0,0.05009318143129349,0.5362304449081421,0.5362304449081421,1.0,1.0,1.0,0.0,0.0,0.4557415843009949,0.008105278015136719
VTM-000241,DG-0f6c6dd21429,0,0.050036657601594925,0.5462017059326172,0.5462017059326172,1.0,1.0,0.0,0.0,0.0,-0.005785167217254639,0.0013956129550933838
VTM-000247,DG-1d85bd9b85f1,0,0.04978518560528755,0.5302425622940063,0.5302425622940063,1.0,1.0,1.0,0.0,0.0,0.7050549983978271,0.0034923553466796875
VTM-000249,DG-b2860bfb1647,0,0.04919888451695442,0.551690936088562,0.551690936088562,1.0,1.0,0.0,0.0,0.0,-0.5716067552566528,0.0014870613813400269
VTM-000265,DG-d503d286be4e,0,0.050092991441488266,0.539483368396759,0.539483368396759,1.0,1.0,1.0,0.0,0.0,0.6157149076461792,0.007702350616455078
VTM-000280,DG-d28666dbe553,0,0.05011826008558273,0.5495137572288513,0.5495137572288513,1.0,1.0,1.0,0.0,0.0,0.14336898922920227,0.0027664899826049805
VTM-000282,DG-40aa4d6edc70,0,0.049404386430978775,0.5315735936164856,0.5315735936164856,1.0,1.0,1.0,0.0,0.0,0.5092678070068359,0.0083732008934021
VTM-000283,DG-0d5911cba632,0,0.04991239309310913,0.5325528383255005,0.5325528383255005,1.0,1.0,1.0,0.0,0.0,0.7779344916343689,0.0
VTM-000285,DG-acd642196a86,0,0.04981903359293938,0.5407662987709045,0.5407662987709045,1.0,1.0,1.0,0.0,0.0,0.47533470392227173,0.009379029273986816
VTM-000288,DG-3587dab97d70,0,0.0493340864777565,0.5257348418235779,0.5257348418235779,1.0,1.0,0.0,0.0,0.0,-0.6402652263641357,0.001106448471546173
VTM-000290,DG-51aa7aceda75,0,0.04831838607788086,0.5277519822120667,0.5277519822120667,1.0,1.0,0.0,0.0,0.0,-0.4941442608833313,0.01351839303970337
VTM-000294,DG-964e0d7fd6bb,0,0.04944442957639694,0.5338151454925537,0.5338151454925537,1.0,1.0,1.0,0.0,0.0,0.2609418034553528,0.0014799535274505615
VTM-000308,DG-653233a1d69c,0,0.049351733177900314,0.5294296145439148,0.5294296145439148,1.0,1.0,0.0,0.0,0.0,-0.5488870143890381,0.0003628842532634735
VTM-000322,DG-7bd6164a6379,0,0.04915138706564903,0.5272003412246704,0.5272003412246704,1.0,1.0,1.0,0.0,0.0,0.3493691682815552,0.022844910621643066
VTM-000323,DG-8b1bb30dd6dc,0,0.04940539598464966,0.5505498647689819,0.5505498647689819,1.0,1.0,0.0,0.0,0.0,-0.21646299958229065,0.0018774420022964478
VTM-000328,DG-b92bf0a3d3da,0,0.04858996719121933,0.5284976959228516,0.5284976959228516,1.0,1.0,0.0,0.0,0.0,-0.6403387784957886,0.0
VTM-000340,DG-d5390af5bbbe,0,0.049986857920885086,0.5327098965644836,0.5327098965644836,1.0,1.0,1.0,0.0,0.0,0.7096903920173645,0.005456745624542236
VTM-000342,DG-3d91fefd53d4,0,0.049711473286151886,0.5307938456535339,0.5307938456535339,1.0,1.0,1.0,0.0,0.0,0.690865159034729,0.01562941074371338
VTM-000349,DG-7481d8c0d8a5,0,0.049735408276319504,0.5386949181556702,0.5386949181556702,1.0,1.0,1.0,0.0,0.0,0.4839845597743988,0.0075948238372802734
VTM-000362,DG-a03abcd13fa1,0,0.049944132566452026,0.547758162021637,0.547758162021637,1.0,1.0,0.0,0.0,0.0,0.02534547448158264,0.00036394596099853516
VTM-000365,DG-403301c9b56e,0,0.049318235367536545,0.5309906005859375,0.5309906005859375,1.0,1.0,1.0,0.0,0.0,0.45119160413742065,0.012426555156707764
VTM-000368,DG-5ec9d3b3f9d9,0,0.04919028654694557,0.5447655916213989,0.5447655916213989,1.0,1.0,0.0,0.0,0.0,-0.41263148188591003,8.389074355363846e-05
VTM-000403,DG-6365ef6796fd,0,0.050050199031829834,0.5276411771774292,0.5276411771774292,1.0,1.0,1.0,0.0,0.0,0.7704594135284424,0.003597855567932129
VTM-000407,DG-b34933b09131,0,0.050063516944646835,0.5272848010063171,0.5272848010063171,1.0,1.0,1.0,0.0,0.0,0.7731332778930664,0.006066501140594482
VTM-000408,DG-33df6424b3d6,0,0.05001106485724449,0.5240199565887451,0.5240199565887451,1.0,1.0,1.0,0.0,0.0,0.8914247751235962,0.0017161369323730469
VTM-000419,DG-d335465b98d0,0,0.049726586788892746,0.5518450736999512,0.5518450736999512,1.0,1.0,0.0,0.0,0.0,-0.11776527762413025,0.009158432483673096
VTM-000420,DG-bea3245792a5,0,0.050118330866098404,0.5394814610481262,0.5394814610481262,1.0,1.0,1.0,0.0,0.0,0.5624642372131348,0.00704646110534668
VTM-000421,DG-74bfd6871e69,0,0.04977860301733017,0.5402811765670776,0.5402811765670776,1.0,1.0,1.0,0.0,0.0,0.49739134311676025,0.0043686628341674805
VTM-000424,DG-bf000ef4445e,0,0.05001245066523552,0.5213336944580078,0.5213336944580078,1.0,1.0,1.0,0.0,0.0,0.9636120200157166,0.001970946788787842
VTM-000425,DG-255b8042624f,0,0.04947046563029289,0.5351577401161194,0.5351577401161194,1.0,1.0,1.0,0.0,0.0,0.37098485231399536,0.003686666488647461
VTM-000433,DG-c8fe44598de6,0,0.04979034885764122,0.5397250056266785,0.5397250056266785,1.0,1.0,0.0,0.0,0.0,-0.9841940999031067,0.0
VTM-000449,DG-f157fe6a84d8,0,0.04947838559746742,0.5381137728691101,0.5381137728691101,1.0,1.0,0.0,0.0,0.0,-0.9633647799491882,0.0
VTM-000453,DG-151237aade76,0,0.0497489757835865,0.5451565384864807,0.5451565384864807,1.0,1.0,0.0,0.0,0.0,-0.2898542284965515,0.0015023350715637207
VTM-000457,DG-da2371bedc70,0,0.049672383815050125,0.5282834768295288,0.5282834768295288,1.0,1.0,1.0,0.0,0.0,0.7153549790382385,0.007975161075592041
VTM-000459,DG-8f86ca807d93,0,0.050104591995477676,0.5309585928916931,0.5309585928916931,1.0,1.0,1.0,0.0,0.0,0.678645670413971,0.00558781623840332
VTM-000461,DG-bd4555044da8,0,0.049741845577955246,0.5441893935203552,0.5441893935203552,1.0,1.0,1.0,0.0,0.0,0.16803878545761108,0.004834234714508057
VTM-000464,DG-2d7adf4c3825,0,0.0487789660692215,0.544558048248291,0.544558048248291,1.0,1.0,0.0,0.0,0.0,-0.7980087995529175,0.00021100230515003204
VTM-000465,DG-5d8be5aba542,0,0.04949092119932175,0.5388818383216858,0.5388818383216858,1.0,1.0,1.0,0.0,0.0,0.4733467102050781,0.014586567878723145
VTM-000469,DG-55628b24d169,0,0.04950884357094765,0.5434944033622742,0.5434944033622742,1.0,1.0,1.0,0.0,0.0,0.412733793258667,0.0
VTM-000475,DG-8ccebb8113c3,0,0.04991620033979416,0.5447414517402649,0.5447414517402649,1.0,1.0,1.0,0.0,0.0,0.21761226654052734,0.00945127010345459
VTM-000482,DG-252e52464d94,0,0.049615416675806046,0.5490486025810242,0.5490486025810242,1.0,1.0,0.0,0.0,0.0,-0.22973555326461792,0.005468845367431641
VTM-000484,DG-f6cdfd76d655,0,0.04991314187645912,0.5295825600624084,0.5295825600624084,1.0,1.0,1.0,0.0,0.0,0.7314139604568481,0.0032104849815368652
VTM-000485,DG-139309e9779f,0,0.04945702478289604,0.5495313405990601,0.5495313405990601,1.0,1.0,0.0,0.0,0.0,-0.5868978500366211,0.0006172657012939453
VTM-000487,DG-fa21589d0eae,0,0.049474142491817474,0.5414619445800781,0.5414619445800781,1.0,1.0,0.0,0.0,0.0,-0.17936202883720398,0.001628786325454712
VTM-000488,DG-4c58be6039ce,0,0.04894174635410309,0.5416203737258911,0.5416203737258911,1.0,1.0,0.0,0.0,0.0,-0.13742664456367493,0.008303850889205933
VTM-000494,DG-2a5290c5d7d8,0,0.04997853562235832,0.5251592397689819,0.5251592397689819,1.0,1.0,1.0,0.0,0.0,0.8729543089866638,0.005360960960388184
VTM-000498,DG-d0d8d1193f14,0,0.05000319704413414,0.5269274711608887,0.5269274711608887,1.0,1.0,1.0,0.0,0.0,0.8320193886756897,0.005676090717315674
VTM-000503,DG-572766d5cc60,0,0.04881902411580086,0.5402643084526062,0.5402643084526062,1.0,1.0,0.0,0.0,0.0,-0.4760936200618744,0.0006188303232192993
VTM-000508,DG-2db55b805efd,0,0.04980400949716568,0.5498831272125244,0.5498831272125244,1.0,1.0,0.0,0.0,0.0,-0.07619786262512207,0.0031309127807617188
VTM-000509,DG-c4c2974889e2,0,0.05000624060630798,0.5220381021499634,0.5220381021499634,1.0,1.0,1.0,0.0,0.0,0.9553934335708618,0.0016238689422607422
VTM-000518,DG-85333005c1cb,0,0.049656279385089874,0.5398769378662109,0.5398769378662109,1.0,1.0,0.0,0.0,0.0,0.031512320041656494,0.0052648186683654785
VTM-000521,DG-a364591e5a94,0,0.050026074051856995,0.5235986113548279,0.5235986113548279,1.0,1.0,1.0,0.0,0.0,0.8869867324829102,0.005295515060424805
VTM-000528,DG-5c4892601427,0,0.04925842583179474,0.5543670654296875,0.5543670654296875,1.0,1.0,0.0,0.0,0.0,-0.17797955870628357,0.008108407258987427
VTM-000531,DG-f79e95555def,0,0.049646586179733276,0.548862874507904,0.548862874507904,1.0,1.0,1.0,0.0,0.0,0.1955258846282959,0.0014927983283996582
VTM-000533,DG-13e216bf967a,0,0.05006036534905434,0.5266751646995544,0.5266751646995544,1.0,1.0,1.0,0.0,0.0,0.7987722158432007,0.0028561949729919434
VTM-000541,DG-ac65b778544d,0,0.049585841596126556,0.5423070192337036,0.5423070192337036,1.0,1.0,0.0,0.0,0.0,-0.8754985928535461,0.0
VTM-000542,DG-abef6c79e38a,0,0.04889454320073128,0.5509074926376343,0.5509074926376343,1.0,1.0,0.0,0.0,0.0,-0.36153310537338257,0.0029709041118621826
VTM-000543,DG-8637f69df099,0,0.05012524873018265,0.5452463626861572,0.5452463626861572,1.0,1.0,1.0,0.0,0.0,0.12644508481025696,0.00013899803161621094
VTM-000550,DG-d6c4964bebe0,0,0.04871411994099617,0.5302284359931946,0.5302284359931946,1.0,1.0,0.0,0.0,0.0,-0.24242109060287476,0.0012388229370117188
VTM-000554,DG-d69aeb666d37,0,0.04945812001824379,0.5395787358283997,0.5395787358283997,1.0,1.0,1.0,0.0,0.0,0.3322634994983673,0.002112448215484619
VTM-000560,DG-f8b487ada0f0,0,0.048914022743701935,0.5414090752601624,0.5414090752601624,1.0,1.0,0.0,0.0,0.0,-0.3381432890892029,0.0014275610446929932
VTM-000561,DG-90ed9625cbcc,0,0.04923315346240997,0.5457360148429871,0.5457360148429871,1.0,1.0,0.0,0.0,0.0,-0.2085266262292862,0.0003943443298339844
VTM-000566,DG-88a8c17089a3,0,0.04946430027484894,0.5359735488891602,0.5359735488891602,1.0,1.0,1.0,0.0,0.0,0.4644101858139038,0.008292317390441895
VTM-000571,DG-badeafbc76d2,0,0.049729809165000916,0.5438201427459717,0.5438201427459717,1.0,1.0,1.0,0.0,0.0,0.2620921730995178,0.003928661346435547
VTM-000582,DG-0ee8078237dd,0,0.0497334860265255,0.5486498475074768,0.5486498475074768,1.0,1.0,0.0,0.0,0.0,-0.4772491455078125,0.0
VTM-000584,DG-f734cca44fe3,0,0.050007037818431854,0.5346664786338806,0.5346664786338806,1.0,1.0,1.0,0.0,0.0,0.6310411095619202,0.005180478096008301
VTM-000590,DG-c990436be263,0,0.049776989966630936,0.526515781879425,0.526515781879425,1.0,1.0,1.0,0.0,0.0,0.8033484816551208,0.00868535041809082
VTM-000601,DG-939340a3be9e,0,0.0498851053416729,0.5292544364929199,0.5292544364929199,1.0,1.0,1.0,0.0,0.0,0.7689312100410461,0.008678793907165527
VTM-000607,DG-99ee770e1ec4,0,0.04988584294915199,0.5444988012313843,0.5444988012313843,1.0,1.0,1.0,0.0,0.0,0.2732775807380676,0.008736252784729004
VTM-000616,DG-8627d5243277,0,0.05003317818045616,0.5331727266311646,0.5331727266311646,1.0,1.0,1.0,0.0,0.0,0.6975056529045105,0.004595160484313965
VTM-000632,DG-106e1814764b,0,0.049657996743917465,0.5291541218757629,0.5291541218757629,1.0,1.0,1.0,0.0,0.0,0.6818633675575256,0.003428339958190918
VTM-000635,DG-0a7197b1c473,0,0.04902749881148338,0.5144708156585693,0.5144708156585693,1.0,1.0,0.0,0.0,0.0,-0.7838990688323975,0.00012292899191379547
VTM-000644,DG-5f2a9cfc90f1,0,0.049690235406160355,0.5467537045478821,0.5467537045478821,1.0,1.0,1.0,0.0,0.0,0.06087544560432434,0.016252487897872925
VTM-000645,DG-1e092660f768,0,0.04972358047962189,0.5426934361457825,0.5426934361457825,1.0,1.0,1.0,0.0,0.0,0.2251453995704651,0.01437067985534668
VTM-000651,DG-9619aff54888,0,0.04951329901814461,0.534770667552948,0.534770667552948,1.0,1.0,1.0,0.0,0.0,0.5040521025657654,0.009663760662078857
VTM-000654,DG-870455a260e3,0,0.04893947392702103,0.5392217040061951,0.5392217040061951,1.0,1.0,0.0,0.0,0.0,-0.22413471341133118,0.003348112106323242
VTM-000660,DG-ad58ef2bbda3,0,0.04977567493915558,0.5488877296447754,0.5488877296447754,1.0,1.0,0.0,0.0,0.0,-0.08146995306015015,0.002953082323074341
VTM-000666,DG-42d073c596a6,0,0.04929913580417633,0.5474111437797546,0.5474111437797546,1.0,1.0,0.0,0.0,0.0,-0.6978940963745117,0.0
VTM-000675,DG-a74f36131fe6,0,0.04870330169796944,0.5248266458511353,0.5248266458511353,1.0,1.0,0.0,0.0,0.0,-0.6980563998222351,0.00019246526062488556
VTM-000681,DG-35c7c8b5abb3,0,0.05005331337451935,0.5228995084762573,0.5228995084762573,1.0,1.0,1.0,0.0,0.0,0.9129754900932312,0.0038380026817321777
VTM-000695,DG-23db2eab5a9a,0,0.04996350780129433,0.543846070766449,0.543846070766449,1.0,1.0,1.0,0.0,0.0,0.3398515582084656,0.007740139961242676
VTM-000710,DG-73f5251f3a0d,0,0.050068449229002,0.5337559580802917,0.5337559580802917,1.0,1.0,1.0,0.0,0.0,0.5747199654579163,0.003289461135864258
VTM-000711,DG-94a4562acff5,0,0.050041165202856064,0.5241096615791321,0.5241096615791321,1.0,1.0,1.0,0.0,0.0,0.8690553903579712,0.005541443824768066
VTM-000713,DG-e7526efc7838,0,0.04990008845925331,0.5401224493980408,0.5401224493980408,1.0,1.0,1.0,0.0,0.0,0.39113128185272217,0.010003209114074707
VTM-000719,DG-4b0e141be02b,0,0.049448784440755844,0.547194242477417,0.547194242477417,1.0,1.0,0.0,0.0,0.0,-0.7813012003898621,0.001785077154636383
VTM-000723,DG-511bc90a21cd,0,0.049665261059999466,0.5321891903877258,0.5321891903877258,1.0,1.0,1.0,0.0,0.0,0.6248038411140442,0.005679726600646973
VTM-000734,DG-7943e07eda8b,0,0.04724260792136192,0.505648136138916,0.505648136138916,1.0,1.0,0.0,0.0,0.0,-0.9520956873893738,0.0009606285020709038
VTM-000738,DG-acfec52406c0,0,0.049827124923467636,0.5440295934677124,0.5440295934677124,1.0,1.0,0.0,0.0,0.0,-0.5564402341842651,0.003164321184158325
VTM-000744,DG-51c20dbdad13,0,0.0499887615442276,0.5455403327941895,0.5455403327941895,1.0,1.0,1.0,0.0,0.0,0.40559861063957214,0.0
VTM-000749,DG-9d6f8b7cd056,0,0.04982853680849075,0.532377302646637,0.532377302646637,1.0,1.0,1.0,0.0,0.0,0.6716926097869873,0.009814739227294922
VTM-000751,DG-3d9dc0979618,0,0.049655430018901825,0.552515983581543,0.552515983581543,1.0,1.0,0.0,0.0,0.0,-0.14245453476905823,0.007694900035858154
VTM-000753,DG-7598f8d56a09,0,0.04991444945335388,0.5368194580078125,0.5368194580078125,1.0,1.0,1.0,0.0,0.0,0.4124782681465149,0.010687291622161865
VTM-000754,DG-a5308d80eb1e,0,0.04844443127512932,0.5080570578575134,0.5080570578575134,1.0,1.0,0.0,0.0,0.0,-0.958947479724884,8.935458026826382e-07
VTM-000764,DG-f1908d5df853,0,0.04989386349916458,0.5338855981826782,0.5338855981826782,1.0,1.0,1.0,0.0,0.0,0.6565723419189453,0.006393373012542725
VTM-000765,DG-3ce0b36731d7,0,0.050025179982185364,0.5268509984016418,0.5268509984016418,1.0,1.0,1.0,0.0,0.0,0.809058427810669,0.004353880882263184
VTM-000767,DG-b58c9f9e67a7,0,0.05008663609623909,0.537238597869873,0.537238597869873,1.0,1.0,1.0,0.0,0.0,0.4585607647895813,0.017971336841583252
VTM-000770,DG-ddef072441c7,0,0.04898853972554207,0.5433713793754578,0.5433713793754578,1.0,1.0,0.0,0.0,0.0,-0.8298484086990356,0.0
VTM-000774,DG-4344ec37eaf0,0,0.04987340420484543,0.5450522303581238,0.5450522303581238,1.0,1.0,1.0,0.0,0.0,0.24724894762039185,0.00149613618850708
VTM-000782,DG-c2d5781a014e,0,0.049654074013233185,0.5400222539901733,0.5400222539901733,1.0,1.0,0.0,0.0,0.0,-0.9629119634628296,0.0
VTM-000785,DG-63c201539c7b,0,0.049036137759685516,0.5447239279747009,0.5447239279747009,1.0,1.0,0.0,0.0,0.0,-0.5087506771087646,0.00010024569928646088
VTM-000801,DG-e9839908fe36,0,0.049311067909002304,0.5503672361373901,0.5503672361373901,1.0,1.0,0.0,0.0,0.0,-0.2911283075809479,0.00043720006942749023
VTM-000803,DG-9a9234085770,0,0.04973401129245758,0.547411322593689,0.547411322593689,1.0,1.0,1.0,0.0,0.0,0.1397133469581604,0.002799689769744873
VTM-000804,DG-36f41fac9a42,0,0.04987155646085739,0.5335896611213684,0.5335896611213684,1.0,1.0,1.0,0.0,0.0,0.6856436729431152,0.013018131256103516
VTM-000811,DG-1220f8569f0c,0,0.049508750438690186,0.5442686676979065,0.5442686676979065,1.0,1.0,1.0,0.0,0.0,0.3233097195625305,0.004702389240264893
VTM-000821,DG-1057be1a7c8a,0,0.05006704106926918,0.5190293192863464,0.5190293192863464,1.0,1.0,1.0,0.0,0.0,0.9937902688980103,0.000839531421661377
VTM-000828,DG-7c561f5d11ca,0,0.0493265800178051,0.5434092283248901,0.5434092283248901,1.0,1.0,0.0,0.0,0.0,-0.8895792365074158,0.0
VTM-000843,DG-6efd90c3e13c,0,0.049997661262750626,0.5402138829231262,0.5402138829231262,1.0,1.0,1.0,0.0,0.0,0.41080254316329956,0.00717538595199585
VTM-000846,DG-df1c722de400,0,0.04981030896306038,0.5384125709533691,0.5384125709533691,1.0,1.0,1.0,0.0,0.0,0.3180800676345825,0.0
VTM-000855,DG-bd37ade00a53,0,0.04784201830625534,0.5150518417358398,0.5150518417358398,1.0,1.0,0.0,0.0,0.0,-0.6350390315055847,0.0
VTM-000874,DG-a7d122d49764,0,0.05007203295826912,0.5216276049613953,0.5216276049613953,1.0,1.0,1.0,0.0,0.0,0.9424363970756531,0.0024910569190979004
VTM-000876,DG-1f9b1f9113dd,0,0.04998580738902092,0.5239556431770325,0.5239556431770325,1.0,1.0,1.0,0.0,0.0,0.9152650833129883,0.005719184875488281
VTM-000879,DG-3d7eadac6d8d,0,0.05001772195100784,0.5386413335800171,0.5386413335800171,1.0,1.0,1.0,0.0,0.0,0.5524842143058777,0.00624239444732666
VTM-000893,DG-dfe6d03394c5,0,0.048866841942071915,0.5407905578613281,0.5407905578613281,1.0,1.0,0.0,0.0,0.0,-0.23553884029388428,0.0
VTM-000896,DG-031f3b0c48c1,0,0.04898221418261528,0.530758798122406,0.530758798122406,1.0,1.0,0.0,0.0,0.0,-0.5477210283279419,1.548975706100464e-05
VTM-000904,DG-07ad539d2e2a,0,0.04990169033408165,0.536290168762207,0.536290168762207,1.0,1.0,1.0,0.0,0.0,0.5721642374992371,0.0041419267654418945
VTM-000906,DG-fe30e68f161c,0,0.04926466941833496,0.5463723540306091,0.5463723540306091,1.0,1.0,0.0,0.0,0.0,-0.664337694644928,9.731203317642212e-05
VTM-000911,DG-fcd10f6fe6ef,0,0.049477171152830124,0.5386553406715393,0.5386553406715393,1.0,1.0,0.0,0.0,0.0,-0.3659529685974121,0.0004935860633850098
VTM-000912,DG-06fccb2adcda,0,0.04929524287581444,0.5501246452331543,0.5501246452331543,1.0,1.0,0.0,0.0,0.0,-0.24013778567314148,0.0003114938735961914
VTM-000915,DG-2e391d98d6b0,0,0.04984152689576149,0.5399413108825684,0.5399413108825684,1.0,1.0,1.0,0.0,0.0,0.5666477680206299,0.010249912738800049
VTM-000916,DG-c36987988ec5,0,0.04984221234917641,0.5368015766143799,0.5368015766143799,1.0,1.0,1.0,0.0,0.0,0.6149327754974365,0.006466269493103027
VTM-000917,DG-7e4620e7d677,0,0.04948035255074501,0.533972442150116,0.533972442150116,1.0,1.0,0.0,0.0,0.0,-0.41716185212135315,0.0006256923079490662
VTM-000919,DG-e093a55c5608,0,0.04891866445541382,0.5394479632377625,0.5394479632377625,1.0,1.0,0.0,0.0,0.0,-0.027031749486923218,0.007056921720504761
VTM-000925,DG-7bde1cba2701,0,0.049856770783662796,0.5392215847969055,0.5392215847969055,1.0,1.0,1.0,0.0,0.0,0.4283764362335205,0.0
VTM-000926,DG-42e9164b4f2a,0,0.049928244203329086,0.5301963686943054,0.5301963686943054,1.0,1.0,1.0,0.0,0.0,0.7450171709060669,0.007601141929626465
VTM-000927,DG-2d91e78bf98a,0,0.049693092703819275,0.5520735383033752,0.5520735383033752,1.0,1.0,0.0,0.0,0.0,-0.18739783763885498,0.013044774532318115
VTM-000930,DG-a39cd1739153,0,0.04960496723651886,0.5303874015808105,0.5303874015808105,1.0,1.0,1.0,0.0,0.0,0.6417827010154724,0.007994413375854492
VTM-000931,DG-b8e13ca0cc72,0,0.04992493987083435,0.5264298319816589,0.5264298319816589,1.0,1.0,1.0,0.0,0.0,0.8055166006088257,0.008480846881866455
VTM-000937,DG-0f89ce89ad6d,0,0.049313414841890335,0.5517141222953796,0.5517141222953796,1.0,1.0,0.0,0.0,0.0,-0.15624752640724182,0.0
VTM-000940,DG-dcc3ee1f5386,0,0.049323324114084244,0.5394969582557678,0.5394969582557678,1.0,1.0,1.0,0.0,0.0,0.19290798902511597,0.004208296537399292
VTM-000942,DG-ce8e860c69dd,0,0.04981308430433273,0.54035484790802,0.54035484790802,1.0,1.0,1.0,0.0,0.0,0.3363885283470154,0.0051422119140625
VTM-000961,DG-e0491f2bf943,0,0.04990016669034958,0.5446224212646484,0.5446224212646484,1.0,1.0,0.0,0.0,0.0,-0.02627694606781006,0.018386512994766235
VTM-000964,DG-bf33035fb162,0,0.04994794726371765,0.5298388004302979,0.5298388004302979,1.0,1.0,1.0,0.0,0.0,0.737079918384552,0.002886652946472168
VTM-000966,DG-3901d27052ca,0,0.04990630969405174,0.5256158113479614,0.5256158113479614,1.0,1.0,1.0,0.0,0.0,0.8534764051437378,0.0032882094383239746
VTM-000969,DG-ce6c2900638e,0,0.04998321458697319,0.5426245927810669,0.5426245927810669,1.0,1.0,1.0,0.0,0.0,0.3466716408729553,0.00922304391860962
VTM-000970,DG-444b324739f5,0,0.04919961467385292,0.5383275151252747,0.5383275151252747,1.0,1.0,1.0,0.0,0.0,0.09773445129394531,0.007146090269088745
VTM-000973,DG-0b135def70f5,0,0.049377910792827606,0.5296598076820374,0.5296598076820374,1.0,1.0,1.0,0.0,0.0,0.5374176502227783,0.01101064682006836
VTM-000975,DG-322e5cd29fe8,0,0.04944441840052605,0.5326588749885559,0.5326588749885559,1.0,1.0,1.0,0.0,0.0,0.418771356344223,0.008045315742492676
VTM-000981,DG-7618d529f7f5,0,0.04946853965520859,0.5401087403297424,0.5401087403297424,1.0,1.0,0.0,0.0,0.0,-0.45681777596473694,0.0004416853189468384
VTM-000987,DG-903f97fc0367,0,0.049996960908174515,0.5467325448989868,0.5467325448989868,1.0,1.0,0.0,0.0,0.0,-0.05722123384475708,0.0
VTM-000993,DG-fdfa7c7266b9,0,0.04945260286331177,0.5526832342147827,0.5526832342147827,1.0,1.0,0.0,0.0,0.0,-0.2629626393318176,0.0014385730028152466
VTM-000999,DG-d9cb3882af34,0,0.049944665282964706,0.5285211801528931,0.5285211801528931,1.0,1.0,1.0,0.0,0.0,0.8196247816085815,0.0034164786338806152
VTM-001012,DG-2c6dec8ca7f9,0,0.04920538142323494,0.5437328815460205,0.5437328815460205,1.0,1.0,0.0,0.0,0.0,-0.2875341475009918,0.0002894401550292969
VTM-001019,DG-7bd1b6bc7ec6,0,0.049681637436151505,0.5380470156669617,0.5380470156669617,1.0,1.0,1.0,0.0,0.0,0.6013506054878235,0.012941539287567139
VTM-001021,DG-5aa237ea1fa2,0,0.0493847019970417,0.5209636092185974,0.5209636092185974,1.0,1.0,0.0,0.0,0.0,-0.3009169399738312,0.00216028094291687
VTM-001029,DG-9033b8dfa588,0,0.0497860386967659,0.5315521359443665,0.5315521359443665,1.0,1.0,1.0,0.0,0.0,0.7233693599700928,0.005890786647796631
VTM-001040,DG-c6c321e98c34,0,0.04954105243086815,0.5477510094642639,0.5477510094642639,1.0,1.0,0.0,0.0,0.0,0.0749797523021698,0.006911337375640869
VTM-001041,DG-e50d9188d429,0,0.049913227558135986,0.5468541383743286,0.5468541383743286,1.0,1.0,0.0,0.0,0.0,-0.002789318561553955,0.016207575798034668
VTM-001042,DG-c37b534b6448,0,0.049739908427000046,0.5409101843833923,0.5409101843833923,1.0,1.0,0.0,0.0,0.0,-0.9086028933525085,0.0006020702421665192
VTM-001048,DG-294a75101264,0,0.04986419528722763,0.5482917428016663,0.5482917428016663,1.0,1.0,0.0,0.0,0.0,-0.007178157567977905,0.00011450052261352539
VTM-001049,DG-fd9699cff34d,0,0.04955025389790535,0.550878643989563,0.550878643989563,1.0,1.0,0.0,0.0,0.0,-0.09195256233215332,0.008827030658721924
VTM-001056,DG-ba5ec5b88c08,0,0.04930558055639267,0.5490661859512329,0.5490661859512329,1.0,1.0,0.0,0.0,0.0,-0.6785241365432739,0.00023642182350158691
VTM-001057,DG-21ea50fc5028,0,0.05000833794474602,0.5412512421607971,0.5412512421607971,1.0,1.0,1.0,0.0,0.0,0.41028326749801636,0.004404187202453613
VTM-001067,DG-f54efc24a0ef,0,0.049443960189819336,0.5328131318092346,0.5328131318092346,1.0,1.0,1.0,0.0,0.0,0.4739612936973572,0.005752444267272949
VTM-001069,DG-062abef62047,0,0.049736566841602325,0.5494146347045898,0.5494146347045898,1.0,1.0,0.0,0.0,0.0,-0.45236241817474365,0.009735703468322754
VTM-001070,DG-02185085c8ae,0,0.049417365342378616,0.5507577061653137,0.5507577061653137,1.0,1.0,0.0,0.0,0.0,-0.41436946392059326,0.001521274447441101
VTM-001071,DG-87a01d60685b,0,0.04937350004911423,0.5379366874694824,0.5379366874694824,1.0,1.0,1.0,0.0,0.0,0.3003208637237549,0.0032001137733459473
VTM-001080,DG-2ced1c21c3c2,0,0.04966341331601143,0.5253407955169678,0.5253407955169678,1.0,1.0,1.0,0.0,0.0,0.7490732669830322,0.01264655590057373
VTM-001084,DG-0e9d9a99571e,0,0.05004104599356651,0.5312923192977905,0.5312923192977905,1.0,1.0,1.0,0.0,0.0,0.6933830976486206,0.007144510746002197
VTM-001090,DG-42ea8e76a008,0,0.04932406172156334,0.5441499352455139,0.5441499352455139,1.0,1.0,1.0,0.0,0.0,0.06261277198791504,0.005659878253936768
VTM-001095,DG-caaccc43116b,0,0.04986683651804924,0.527294397354126,0.527294397354126,1.0,1.0,1.0,0.0,0.0,0.8169665336608887,0.0074808597564697266
VTM-001101,DG-308848cdb01d,0,0.04958014935255051,0.547207772731781,0.547207772731781,1.0,1.0,0.0,0.0,0.0,-0.05362439155578613,0.0030156373977661133
VTM-001103,DG-48b1b8c499c8,0,0.0495748333632946,0.5492934584617615,0.5492934584617615,1.0,1.0,0.0,0.0,0.0,-0.1697622835636139,0.002690047025680542
VTM-001105,DG-a4f589be876a,0,0.049757495522499084,0.5385788083076477,0.5385788083076477,1.0,1.0,1.0,0.0,0.0,0.5305737257003784,0.008106052875518799
VTM-001106,DG-875f97ea9cfa,0,0.04987490549683571,0.5495209693908691,0.5495209693908691,1.0,1.0,0.0,0.0,0.0,-0.04557886719703674,0.0
VTM-001107,DG-ceb789ebbe88,0,0.049577970057725906,0.5395000576972961,0.5395000576972961,1.0,1.0,0.0,0.0,0.0,0.145464688539505,0.0011900663375854492
VTM-001111,DG-25ca3871af31,0,0.04950330778956413,0.5513880848884583,0.5513880848884583,1.0,1.0,0.0,0.0,0.0,-0.38419389724731445,0.0062712132930755615
VTM-001113,DG-301aafd99b38,0,0.049708761274814606,0.5472165942192078,0.5472165942192078,1.0,1.0,1.0,0.0,0.0,0.10286641120910645,0.0075255632400512695
VTM-001120,DG-0dacad7f7ee9,0,0.049190640449523926,0.5211674571037292,0.5211674571037292,1.0,1.0,0.0,0.0,0.0,-0.7134043574333191,2.0772218704223633e-05
VTM-001130,DG-c5a6af6065c0,0,0.04911261051893234,0.5501490831375122,0.5501490831375122,1.0,1.0,0.0,0.0,0.0,-0.5420808792114258,0.00012879446148872375
VTM-001143,DG-32261429f75b,0,0.049425411969423294,0.5341543555259705,0.5341543555259705,1.0,1.0,1.0,0.0,0.0,0.3244583010673523,0.0005502700805664062
VTM-001152,DG-b4000b2fa9fc,0,0.04985469579696655,0.5465162992477417,0.5465162992477417,1.0,1.0,1.0,0.0,0.0,0.17140817642211914,0.011047899723052979
VTM-001156,DG-634890ede108,0,0.04984195902943611,0.538091778755188,0.538091778755188,1.0,1.0,1.0,0.0,0.0,0.5682538747787476,0.007643699645996094
VTM-001158,DG-1de4dc8fec97,0,0.05000152811408043,0.5471093654632568,0.5471093654632568,1.0,1.0,0.0,0.0,0.0,-0.12974774837493896,0.0
VTM-001161,DG-c57e59035121,0,0.049990832805633545,0.5466362237930298,0.5466362237930298,1.0,1.0,1.0,0.0,0.0,0.25234416127204895,0.010582208633422852
VTM-001165,DG-2f609435c786,0,0.0491972379386425,0.5523632168769836,0.5523632168769836,1.0,1.0,0.0,0.0,0.0,-0.3957434594631195,0.0029874294996261597
VTM-001166,DG-ff39aa7ef84a,0,0.04998195543885231,0.5228325724601746,0.5228325724601746,1.0,1.0,1.0,0.0,0.0,0.9109481573104858,0.005117893218994141
VTM-001175,DG-fdd72133346b,0,0.04770875349640846,0.5209032893180847,0.5209032893180847,1.0,1.0,0.0,0.0,0.0,-0.9086247086524963,0.0
VTM-001181,DG-cd17d016b4ae,0,0.04859766364097595,0.5256988406181335,0.5256988406181335,1.0,1.0,0.0,0.0,0.0,-0.556881308555603,0.0025563836097717285
VTM-001188,DG-f6f8d37839ed,0,0.049344681203365326,0.5419093370437622,0.5419093370437622,1.0,1.0,0.0,0.0,0.0,-0.13670578598976135,0.0020947009325027466
VTM-001193,DG-be73f8e30ba1,0,0.04999139532446861,0.5213380455970764,0.5213380455970764,1.0,1.0,1.0,0.0,0.0,0.9564219117164612,0.0018262863159179688
VTM-001194,DG-d745a36f7dc6,0,0.0489802286028862,0.5347533226013184,0.5347533226013184,1.0,1.0,0.0,0.0,0.0,-0.9434091448783875,0.0
VTM-001200,DG-99702ce55314,0,0.04981232061982155,0.5272515416145325,0.5272515416145325,1.0,1.0,1.0,0.0,0.0,0.7943092584609985,0.010210394859313965
VTM-001202,DG-adfa41dcb198,0,0.04990669712424278,0.5266183018684387,0.5266183018684387,1.0,1.0,1.0,0.0,0.0,0.8100486993789673,0.00666499137878418
VTM-001203,DG-7c411471435c,0,0.050072114914655685,0.5254322290420532,0.5254322290420532,1.0,1.0,1.0,0.0,0.0,0.8626356720924377,0.0023630261421203613
VTM-001205,DG-6c53e1e8d2d1,0,0.049832385033369064,0.5276055932044983,0.5276055932044983,1.0,1.0,1.0,0.0,0.0,0.802500307559967,0.008047938346862793
VTM-001206,DG-1b0ed4f60c4e,0,0.04952811449766159,0.5480329394340515,0.5480329394340515,1.0,1.0,0.0,0.0,0.0,-0.37653836607933044,0.0
VTM-001208,DG-85edd83dff71,0,0.04999997094273567,0.5331153273582458,0.5331153273582458,1.0,1.0,1.0,0.0,0.0,0.6543567180633545,0.0060256123542785645
VTM-001211,DG-d3bcaed802ae,0,0.04948817193508148,0.5274299383163452,0.5274299383163452,1.0,1.0,1.0,0.0,0.0,0.6012964844703674,0.004743456840515137
VTM-001212,DG-993fdf7feb7f,0,0.04986308142542839,0.5209627747535706,0.5209627747535706,1.0,1.0,1.0,0.0,0.0,0.9031903743743896,0.005704522132873535
VTM-001213,DG-c08d45836fcd,0,0.04936251416802406,0.547257125377655,0.547257125377655,1.0,1.0,0.0,0.0,0.0,-0.7411404848098755,0.0
VTM-001220,DG-b6e02e6a5f5e,0,0.047621216624975204,0.5151418447494507,0.5151418447494507,1.0,1.0,0.0,0.0,0.0,-0.8628678321838379,0.0013186298310756683
VTM-001233,DG-6c42bba1681b,0,0.049489036202430725,0.5291702747344971,0.5291702747344971,1.0,1.0,0.0,0.0,0.0,-0.3827213644981384,0.0
VTM-001238,DG-cc1498d4b189,0,0.049919936805963516,0.5360463261604309,0.5360463261604309,1.0,1.0,1.0,0.0,0.0,0.5729159712791443,0.006162822246551514
VTM-001242,DG-40ce2a937e56,0,0.04934079200029373,0.5428839921951294,0.5428839921951294,1.0,1.0,0.0,0.0,0.0,0.06939375400543213,0.010902047157287598
VTM-001252,DG-77a24993f0c3,0,0.050066426396369934,0.5325202345848083,0.5325202345848083,1.0,1.0,1.0,0.0,0.0,0.6439968347549438,0.005194187164306641
VTM-001253,DG-06bfd56e789a,0,0.0491236187517643,0.5494179129600525,0.5494179129600525,1.0,1.0,0.0,0.0,0.0,-0.5781179666519165,0.0029046759009361267
VTM-001259,DG-0cea73103dae,0,0.05002962797880173,0.543249249458313,0.543249249458313,1.0,1.0,1.0,0.0,0.0,0.14721590280532837,0.014782845973968506
VTM-001278,DG-83b2d732c7e4,0,0.04971374571323395,0.5482591390609741,0.5482591390609741,1.0,1.0,0.0,0.0,0.0,-0.06087851524353027,0.007598668336868286
VTM-001279,DG-1b3bc4362fe0,0,0.049782685935497284,0.5468480587005615,0.5468480587005615,1.0,1.0,0.0,0.0,0.0,-0.51271653175354,0.0
VTM-001297,DG-8c0c76db7f0b,0,0.04968572035431862,0.5318905115127563,0.5318905115127563,1.0,1.0,1.0,0.0,0.0,0.6547424793243408,0.019053518772125244
VTM-001305,DG-ad49a9cbae05,0,0.049466490745544434,0.5430102944374084,0.5430102944374084,1.0,1.0,1.0,0.0,0.0,0.18683761358261108,0.004617363214492798
VTM-001311,DG-1936b5493f0b,0,0.049568723887205124,0.5456079840660095,0.5456079840660095,1.0,1.0,0.0,0.0,0.0,-0.5015996098518372,0.0018022209405899048
VTM-001314,DG-b7f859fcb495,0,0.04938434436917305,0.5207691192626953,0.5207691192626953,1.0,1.0,0.0,0.0,0.0,-0.21428515017032623,0.0
VTM-001316,DG-b041bd5a4223,0,0.050014954060316086,0.5216675400733948,0.5216675400733948,1.0,1.0,1.0,0.0,0.0,0.9542350172996521,0.0027553439140319824
VTM-001320,DG-ca6a621c508b,0,0.049408625811338425,0.541292130947113,0.541292130947113,1.0,1.0,1.0,0.0,0.0,0.23555362224578857,0.007648944854736328
VTM-001321,DG-e7411971efd2,0,0.049825385212898254,0.5479565262794495,0.5479565262794495,1.0,1.0,0.0,0.0,0.0,-0.1237899661064148,0.012735635042190552
VTM-001327,DG-642c9a4e12c8,0,0.04919546842575073,0.5389597415924072,0.5389597415924072,1.0,1.0,1.0,0.0,0.0,0.10764536261558533,0.005406767129898071
VTM-001328,DG-a9437641f549,0,0.04901690036058426,0.5400072932243347,0.5400072932243347,1.0,1.0,0.0,0.0,0.0,-0.8524141311645508,2.098921686410904e-05
VTM-001330,DG-cb2866ff68c8,0,0.04914737492799759,0.5460904836654663,0.5460904836654663,1.0,1.0,0.0,0.0,0.0,-0.7742691040039062,0.0
VTM-001334,DG-a4546bbfbf01,0,0.04970096796751022,0.5521619319915771,0.5521619319915771,1.0,1.0,0.0,0.0,0.0,-0.46797043085098267,0.0
VTM-001335,DG-72c75b0d27f5,0,0.04984300211071968,0.5451384782791138,0.5451384782791138,1.0,1.0,1.0,0.0,0.0,0.14777493476867676,7.599592208862305e-05
VTM-001338,DG-05fbe6d202fc,0,0.049983929842710495,0.5421300530433655,0.5421300530433655,1.0,1.0,1.0,0.0,0.0,0.5035051107406616,0.011901140213012695
VTM-001339,DG-ed71d5eca4be,0,0.05003654211759567,0.5244125723838806,0.5244125723838806,1.0,1.0,1.0,0.0,0.0,0.8841067552566528,0.00444638729095459
VTM-001344,DG-81a4fee94b84,0,0.05004030466079712,0.5370082259178162,0.5370082259178162,1.0,1.0,1.0,0.0,0.0,0.4611310660839081,0.006239593029022217
VTM-001345,DG-dc02ff5add68,0,0.049537792801856995,0.5468074679374695,0.5468074679374695,1.0,1.0,0.0,0.0,0.0,0.07347682118415833,0.0010509192943572998
VTM-001349,DG-3419ff8591dc,0,0.048662081360816956,0.5234494209289551,0.5234494209289551,1.0,1.0,0.0,0.0,0.0,-0.5317935347557068,0.004752948880195618
VTM-001358,DG-dc86d652d8d5,0,0.04928392916917801,0.5486519932746887,0.5486519932746887,1.0,1.0,0.0,0.0,0.0,-0.18258869647979736,0.0002630650997161865
VTM-001360,DG-06e482e4a9b5,0,0.04921579733490944,0.5251919627189636,0.5251919627189636,1.0,1.0,0.0,0.0,0.0,-0.6192485094070435,0.0
VTM-001366,DG-0df11cb7037f,0,0.0496651716530323,0.5270336270332336,0.5270336270332336,1.0,1.0,1.0,0.0,0.0,0.7398881912231445,0.008401989936828613
VTM-001373,DG-1e43abaf49da,0,0.04928542673587799,0.5530424118041992,0.5530424118041992,1.0,1.0,0.0,0.0,0.0,-0.477023720741272,0.00012578070163726807
VTM-001378,DG-28273d8c2e74,0,0.049631934612989426,0.5423803329467773,0.5423803329467773,1.0,1.0,1.0,0.0,0.0,0.477725625038147,0.0068648457527160645
VTM-001379,DG-09f401514ecd,0,0.04962267726659775,0.5411975383758545,0.5411975383758545,1.0,1.0,0.0,0.0,0.0,-0.11290888488292694,0.003300309181213379
VTM-001401,DG-153fe14c9b29,0,0.04968855157494545,0.5489414930343628,0.5489414930343628,1.0,1.0,0.0,0.0,0.0,-0.28641074895858765,0.002581775188446045
VTM-001407,DG-4fa6df91d021,0,0.050021979957818985,0.5336160063743591,0.5336160063743591,1.0,1.0,1.0,0.0,0.0,0.6485874652862549,0.0019154548645019531
VTM-001411,DG-691f76272560,0,0.04951968416571617,0.5524495244026184,0.5524495244026184,1.0,1.0,0.0,0.0,0.0,-0.37392592430114746,0.0
VTM-001412,DG-9300491d708f,0,0.05004585161805153,0.5247833132743835,0.5247833132743835,1.0,1.0,1.0,0.0,0.0,0.8840100169181824,0.002794802188873291
VTM-001422,DG-4951c0589100,0,0.049509141594171524,0.5506508946418762,0.5506508946418762,1.0,1.0,0.0,0.0,0.0,-0.4395231008529663,0.0023568421602249146
VTM-001427,DG-8e08059bd85d,0,0.04981093481183052,0.548825740814209,0.548825740814209,1.0,1.0,0.0,0.0,0.0,-0.4177554249763489,0.0033006668090820312
VTM-001435,DG-ead9dd3dd581,0,0.04952315241098404,0.5346364974975586,0.5346364974975586,1.0,1.0,0.0,0.0,0.0,-0.28245389461517334,0.0003307610750198364
VTM-001436,DG-7b12906d788f,0,0.04970863088965416,0.5325689911842346,0.5325689911842346,1.0,1.0,1.0,0.0,0.0,0.6459094285964966,0.014599084854125977
VTM-001438,DG-7255a46e94a7,0,0.04993809014558792,0.5256670117378235,0.5256670117378235,1.0,1.0,1.0,0.0,0.0,0.856549859046936,0.003058910369873047
VTM-001441,DG-b8b2c4f178aa,0,0.04938136413693428,0.5460988283157349,0.5460988283157349,1.0,1.0,0.0,0.0,0.0,-0.7427008748054504,0.0
VTM-001450,DG-0e4c4508a46c,0,0.049357105046510696,0.5506316423416138,0.5506316423416138,1.0,1.0,0.0,0.0,0.0,-0.5218462944030762,0.007493019104003906
VTM-001457,DG-42ecb1464c64,0,0.049736108630895615,0.5507394075393677,0.5507394075393677,1.0,1.0,1.0,0.0,0.0,0.06955385208129883,0.02464011311531067
VTM-001462,DG-808d97578000,0,0.04968301206827164,0.5527202486991882,0.5527202486991882,1.0,1.0,0.0,0.0,0.0,-0.2206563949584961,0.006215453147888184
VTM-001466,DG-43f42fac07e9,0,0.049421276897192,0.5458595156669617,0.5458595156669617,1.0,1.0,1.0,0.0,0.0,0.2736496329307556,0.01562553644180298
VTM-001467,DG-6ca2ae245829,0,0.04935980588197708,0.548092782497406,0.548092782497406,1.0,1.0,0.0,0.0,0.0,-0.6608506441116333,0.002108246088027954
VTM-001480,DG-79909d5f8fc7,0,0.04936688020825386,0.5351791381835938,0.5351791381835938,1.0,1.0,1.0,0.0,0.0,0.2054474949836731,0.008200764656066895
VTM-001488,DG-4bb523166eaa,0,0.04952480271458626,0.5416817665100098,0.5416817665100098,1.0,1.0,1.0,0.0,0.0,0.30582478642463684,0.004273474216461182
VTM-001492,DG-1dca19335664,0,0.049635760486125946,0.5362194776535034,0.5362194776535034,1.0,1.0,1.0,0.0,0.0,0.5867018699645996,0.007348418235778809
VTM-001495,DG-18d9d165cd74,0,0.04905080050230026,0.550890326499939,0.550890326499939,1.0,1.0,0.0,0.0,0.0,-0.5868417620658875,0.0
VTM-001497,DG-58104a6ef56a,0,0.049321241676807404,0.5213947296142578,0.5213947296142578,1.0,1.0,0.0,0.0,0.0,-0.48845362663269043,0.0013336390256881714
VTM-001498,DG-7843e4ee19c4,0,0.04966650530695915,0.5439488887786865,0.5439488887786865,1.0,1.0,0.0,0.0,0.0,-0.8602540493011475,0.0
VTM-001501,DG-c0b8914f591f,0,0.04987262189388275,0.5468361377716064,0.5468361377716064,1.0,1.0,1.0,0.0,0.0,0.2776142358779907,0.006197094917297363
VTM-001502,DG-4731480706ec,0,0.04980532452464104,0.5501529574394226,0.5501529574394226,1.0,1.0,0.0,0.0,0.0,-0.2366410493850708,0.00510716438293457
VTM-001505,DG-0734caba8ba3,0,0.049904946237802505,0.5445653200149536,0.5445653200149536,1.0,1.0,1.0,0.0,0.0,0.199530690908432,0.009910762310028076
VTM-001522,DG-0d493dc0202b,0,0.05013275519013405,0.5309293270111084,0.5309293270111084,1.0,1.0,1.0,0.0,0.0,0.7282590270042419,0.006638884544372559
VTM-001527,DG-6d1b32b7d8e6,0,0.04853538051247597,0.5259857773780823,0.5259857773780823,1.0,1.0,0.0,0.0,0.0,-0.5516184568405151,0.000989660620689392
VTM-001529,DG-c875743d382f,0,0.049593742936849594,0.5412916541099548,0.5412916541099548,1.0,1.0,0.0,0.0,0.0,-0.9211298227310181,0.0004947017878293991
VTM-001539,DG-9043a7af155d,0,0.048853982239961624,0.5274960398674011,0.5274960398674011,1.0,1.0,1.0,0.0,0.0,0.07122483849525452,0.0
VTM-001540,DG-8e35d0435c17,0,0.049633949995040894,0.5471377372741699,0.5471377372741699,1.0,1.0,0.0,0.0,0.0,-0.05917677283287048,0.0
VTM-001541,DG-42d7049a2254,0,0.049268096685409546,0.5287190079689026,0.5287190079689026,1.0,1.0,1.0,0.0,0.0,0.5061643123626709,0.018104374408721924
VTM-001542,DG-5d9bb0931076,0,0.04944619536399841,0.5298709869384766,0.5298709869384766,1.0,1.0,0.0,0.0,0.0,-0.18763944506645203,0.00029924511909484863
VTM-001546,DG-2f854626f3fb,0,0.04892176017165184,0.5444533824920654,0.5444533824920654,1.0,1.0,0.0,0.0,0.0,-0.8068687915802002,0.00022648833692073822
VTM-001550,DG-895bc6badd0a,0,0.05005006119608879,0.5245049595832825,0.5245049595832825,1.0,1.0,1.0,0.0,0.0,0.8576499223709106,0.006395578384399414
VTM-001551,DG-05595eff1ad3,0,0.05000649392604828,0.5432051420211792,0.5432051420211792,1.0,1.0,1.0,0.0,0.0,0.33043500781059265,0.00851893424987793
VTM-001557,DG-e2a79cf12a7b,0,0.04998653754591942,0.5367186069488525,0.5367186069488525,1.0,1.0,1.0,0.0,0.0,0.5370947122573853,0.006203114986419678
VTM-001566,DG-f945f9ea2c9d,0,0.049272678792476654,0.5284561514854431,0.5284561514854431,1.0,1.0,1.0,0.0,0.0,0.4752853214740753,0.014645218849182129
VTM-001571,DG-eee01346f14d,0,0.048445720225572586,0.5403559803962708,0.5403559803962708,1.0,1.0,0.0,0.0,0.0,-0.7471100687980652,0.0
VTM-001572,DG-37e9c947ddda,0,0.04805276170372963,0.5270336270332336,0.5270336270332336,1.0,1.0,0.0,0.0,0.0,-0.8427696228027344,0.0
VTM-001573,DG-870586b0725b,0,0.05014828220009804,0.5395076870918274,0.5395076870918274,1.0,1.0,1.0,0.0,0.0,0.40218451619148254,0.008315026760101318
VTM-001577,DG-d7517209d587,0,0.04936693608760834,0.5498830080032349,0.5498830080032349,1.0,1.0,0.0,0.0,0.0,-0.3967110216617584,0.0033846646547317505
VTM-001590,DG-53944a1a1fc4,0,0.04985782504081726,0.5454500317573547,0.5454500317573547,1.0,1.0,1.0,0.0,0.0,0.25973039865493774,0.0034965872764587402
VTM-001594,DG-a4c62bed652d,0,0.04990148916840553,0.5378845930099487,0.5378845930099487,1.0,1.0,1.0,0.0,0.0,0.549342155456543,0.002515137195587158
VTM-001606,DG-f2b0d8788c86,0,0.050127122551202774,0.5429149866104126,0.5429149866104126,1.0,1.0,1.0,0.0,0.0,0.25641733407974243,0.005432009696960449
VTM-001608,DG-c12cc4bec9e4,0,0.049995675683021545,0.526019275188446,0.526019275188446,1.0,1.0,1.0,0.0,0.0,0.8538408875465393,0.0057662129402160645
VTM-001610,DG-d76cae0825a8,0,0.05013563856482506,0.5318125486373901,0.5318125486373901,1.0,1.0,1.0,0.0,0.0,0.7301377654075623,0.010845959186553955
VTM-001613,DG-9ea805a5c9d8,0,0.050146982073783875,0.5378591418266296,0.5378591418266296,1.0,1.0,1.0,0.0,0.0,0.5887510776519775,0.00654911994934082
VTM-001619,DG-8a235f0d54a4,0,0.04954034090042114,0.5484818816184998,0.5484818816184998,1.0,1.0,0.0,0.0,0.0,-0.5631396770477295,0.002789705991744995
VTM-001624,DG-82e1ce080808,0,0.0495767667889595,0.53862464427948,0.53862464427948,1.0,1.0,1.0,0.0,0.0,0.15972667932510376,0.011840522289276123
VTM-001629,DG-b771911d1db9,0,0.04831521958112717,0.5154508948326111,0.5154508948326111,1.0,1.0,0.0,0.0,0.0,-0.7678084969520569,0.0001587793231010437
VTM-001631,DG-42529c9edd64,0,0.04930366948246956,0.55227130651474,0.55227130651474,1.0,1.0,0.0,0.0,0.0,-0.389549195766449,0.00042384862899780273
VTM-001640,DG-4a796e8d031b,0,0.0500585101544857,0.5465810894966125,0.5465810894966125,1.0,1.0,0.0,0.0,0.0,-0.08522891998291016,0.01306915283203125
VTM-001642,DG-0cd61033186c,0,0.049622830003499985,0.5485632419586182,0.5485632419586182,1.0,1.0,0.0,0.0,0.0,-0.5305023193359375,0.0008070617914199829
VTM-001652,DG-0ded931af025,0,0.049753427505493164,0.5480749011039734,0.5480749011039734,1.0,1.0,0.0,0.0,0.0,-0.07092970609664917,0.006952524185180664
VTM-001656,DG-cae810603d55,0,0.04966377466917038,0.5326284170150757,0.5326284170150757,1.0,1.0,1.0,0.0,0.0,0.4966803193092346,0.007556796073913574
VTM-001660,DG-d3caffd4d715,0,0.049940794706344604,0.5306048393249512,0.5306048393249512,1.0,1.0,1.0,0.0,0.0,0.7357513308525085,0.0015249848365783691
VTM-001663,DG-9659592b06c2,0,0.04918837547302246,0.536048173904419,0.536048173904419,1.0,1.0,1.0,0.0,0.0,0.23831292986869812,0.011286675930023193
VTM-001690,DG-b0fe7cb99124,0,0.05000200495123863,0.5277494192123413,0.5277494192123413,1.0,1.0,1.0,0.0,0.0,0.802557647228241,0.0026724934577941895
VTM-001694,DG-97f74c72b5b7,0,0.049959249794483185,0.5406494140625,0.5406494140625,1.0,1.0,1.0,0.0,0.0,0.3888551890850067,0.0
VTM-001696,DG-cd596e924528,0,0.04995661601424217,0.5212637782096863,0.5212637782096863,1.0,1.0,1.0,0.0,0.0,0.9440504312515259,0.0037987232208251953
VTM-001697,DG-a84937488bab,0,0.04989797621965408,0.5354224443435669,0.5354224443435669,1.0,1.0,1.0,0.0,0.0,0.5452070832252502,0.010890305042266846
VTM-001698,DG-181b7f3e8822,0,0.04886699467897415,0.5320679545402527,0.5320679545402527,1.0,1.0,0.0,0.0,0.0,0.024332702159881592,3.263354301452637e-05
VTM-001709,DG-5667dcfe048e,2,0.04853076487779617,0.5088358521461487,0.5088358521461487,1.0,1.0,0.0,0.0,0.0,-0.9547751545906067,1.565495040267706e-06
VTM-001726,DG-5043e5f0b3db,2,0.048682499676942825,0.5098320245742798,0.5098320245742798,1.0,1.0,0.0,0.0,0.0,-0.9008968472480774,0.0
VTM-001729,DG-5635cbf5730b,2,0.04844588786363602,0.5063468217849731,0.5063468217849731,1.0,1.0,0.0,0.0,0.0,-0.9139409065246582,2.4214154109358788e-05
VTM-001731,DG-d2725a33a5d1,2,0.048601459711790085,0.49811267852783203,0.49811267852783203,1.0,1.0,0.0,0.0,0.0,-0.7582229375839233,2.094358205795288e-05
VTM-001732,DG-591b08c9e873,2,0.04923982918262482,0.5188384652137756,0.5188384652137756,1.0,1.0,0.0,0.0,0.0,-0.4489668607711792,9.483098983764648e-05
VTM-001741,DG-2884eda5c063,2,0.048399586230516434,0.5067389011383057,0.5067389011383057,1.0,1.0,0.0,0.0,0.0,-0.9643458127975464,1.1147931218147278e-06
VTM-001744,DG-a3efb5ca3ae0,2,0.04868548735976219,0.5099155306816101,0.5099155306816101,1.0,1.0,0.0,0.0,0.0,-0.8849127888679504,4.443107172846794e-06
VTM-001747,DG-58a2a7202e9b,2,0.04857238009572029,0.5074834823608398,0.5074834823608398,1.0,1.0,0.0,0.0,0.0,-0.8815560340881348,8.699949830770493e-06
VTM-001748,DG-bc566074a60f,2,0.0489884614944458,0.5116995573043823,0.5116995573043823,1.0,1.0,0.0,0.0,0.0,-0.7527545690536499,0.0
VTM-001758,DG-8cb62c9ac09f,2,0.048505593091249466,0.5053137540817261,0.5053137540817261,1.0,1.0,0.0,0.0,0.0,-0.936883270740509,0.0003037434071302414
VTM-001765,DG-d9f0353a1d8a,2,0.04851622134447098,0.5086570382118225,0.5086570382118225,1.0,1.0,0.0,0.0,0.0,-0.9829363226890564,5.919835530221462e-06
VTM-001770,DG-6c0ebc885248,2,0.04876227676868439,0.5068959593772888,0.5068959593772888,1.0,1.0,0.0,0.0,0.0,-0.8309993147850037,0.00012260675430297852
VTM-001773,DG-8d30df6419c9,2,0.048153698444366455,0.5039658546447754,0.5039658546447754,1.0,1.0,0.0,0.0,0.0,-0.980263352394104,1.980806700885296e-05
VTM-001777,DG-ac56c77a4896,2,0.0489824078977108,0.516944944858551,0.516944944858551,1.0,1.0,0.0,0.0,0.0,-0.7505254149436951,5.584396421909332e-05
VTM-001778,DG-08bb995679af,2,0.048456091433763504,0.5078367590904236,0.5078367590904236,1.0,1.0,0.0,0.0,0.0,-0.9420519471168518,8.163042366504669e-07
VTM-001784,DG-afafc051d015,2,0.04820592328906059,0.5066267251968384,0.5066267251968384,1.0,1.0,0.0,0.0,0.0,-0.9931105971336365,1.8229911802336574e-06
VTM-001793,DG-e71672adb788,2,0.04857262969017029,0.5092775821685791,0.5092775821685791,1.0,1.0,0.0,0.0,0.0,-0.9163416624069214,9.513169061392546e-06
VTM-001795,DG-bd288e4af5ab,2,0.04914679750800133,0.5262089371681213,0.5262089371681213,1.0,1.0,0.0,0.0,0.0,-0.6248968243598938,0.0
VTM-001800,DG-887b6e4bf087,2,0.048266615718603134,0.5073219537734985,0.5073219537734985,1.0,1.0,0.0,0.0,0.0,-0.9923697113990784,4.1929888539016247e-07
VTM-001801,DG-5ed230bcaeae,2,0.04885149374604225,0.5118513703346252,0.5118513703346252,1.0,1.0,0.0,0.0,0.0,-0.829505980014801,2.3832544684410095e-06
VTM-001803,DG-287c6c8b574c,2,0.048388853669166565,0.5068467259407043,0.5068467259407043,1.0,1.0,0.0,0.0,0.0,-0.9821664690971375,0.0
VTM-001810,DG-61f5809a780d,2,0.049272794276475906,0.5456255674362183,0.5456255674362183,1.0,1.0,0.0,0.0,0.0,-0.2874490022659302,0.0030136331915855408
VTM-001815,DG-fab154955a5a,2,0.04829557612538338,0.5044419765472412,0.5044419765472412,1.0,1.0,0.0,0.0,0.0,-0.9502580761909485,1.7616664990782738e-05
VTM-001830,DG-0ab0b9aba8e3,2,0.048464398831129074,0.5077601671218872,0.5077601671218872,1.0,1.0,0.0,0.0,0.0,-0.9566343426704407,0.0
VTM-001831,DG-31912d161108,2,0.0489661730825901,0.5275164842605591,0.5275164842605591,1.0,1.0,0.0,0.0,0.0,-0.5720254182815552,3.7419376894831657e-06
VTM-001832,DG-fa7c30f8c349,2,0.04934323579072952,0.520997166633606,0.520997166633606,1.0,1.0,0.0,0.0,0.0,-0.4476780295372009,0.0009961947798728943
VTM-001835,DG-4b4f4e467f8a,2,0.048755716532468796,0.5041119456291199,0.5041119456291199,1.0,1.0,0.0,0.0,0.0,-0.7651436924934387,2.722814679145813e-05
VTM-001839,DG-9a5c0c5a1717,2,0.04894240200519562,0.5141593813896179,0.5141593813896179,1.0,1.0,0.0,0.0,0.0,-0.8365581631660461,0.0
VTM-001842,DG-c62fba3016f2,2,0.049472324550151825,0.5325025916099548,0.5325025916099548,1.0,1.0,0.0,0.0,0.0,-0.40285953879356384,0.0
VTM-001843,DG-f77f26be144c,2,0.048916976898908615,0.5112669467926025,0.5112669467926025,1.0,1.0,0.0,0.0,0.0,-0.8600021004676819,0.0
VTM-001844,DG-4f32288eacd1,2,0.04929057136178017,0.5396432280540466,0.5396432280540466,1.0,1.0,0.0,0.0,0.0,-0.5833755135536194,0.0
VTM-001849,DG-55f6c7371d43,2,0.049221355468034744,0.5154134631156921,0.5154134631156921,1.0,1.0,0.0,0.0,0.0,-0.5267854928970337,0.0006366968154907227
VTM-001852,DG-54e91aeb86ea,2,0.048324164003133774,0.5045813322067261,0.5045813322067261,1.0,1.0,0.0,0.0,0.0,-0.925102174282074,3.078766167163849e-05
VTM-001856,DG-d0ae9de522c3,2,0.048405978828668594,0.5058264136314392,0.5058264136314392,1.0,1.0,0.0,0.0,0.0,-0.9523835778236389,0.0
VTM-001861,DG-36af760283be,2,0.04803263023495674,0.5047064423561096,0.5047064423561096,1.0,1.0,0.0,0.0,0.0,-0.9938830137252808,0.0
VTM-001865,DG-a1eae64f6041,2,0.04817035421729088,0.50712651014328,0.50712651014328,1.0,1.0,0.0,0.0,0.0,-0.9927472472190857,0.0
VTM-001867,DG-bb0c6c9154c2,2,0.04837401583790779,0.5056055784225464,0.5056055784225464,1.0,1.0,0.0,0.0,0.0,-0.935691237449646,1.024315133690834e-05
VTM-001868,DG-1a20fac9e758,2,0.04910660535097122,0.5208163857460022,0.5208163857460022,1.0,1.0,0.0,0.0,0.0,-0.7090523838996887,9.91160050034523e-07
VTM-001871,DG-2afc41e00fc4,2,0.04875514283776283,0.5072723031044006,0.5072723031044006,1.0,1.0,0.0,0.0,0.0,-0.8377887010574341,4.434958100318909e-05
VTM-001875,DG-082d60591008,2,0.049103349447250366,0.533879816532135,0.533879816532135,1.0,1.0,0.0,0.0,0.0,-0.5198259353637695,0.0
VTM-001889,DG-3e55fcbac659,2,0.04914287105202675,0.5269034504890442,0.5269034504890442,1.0,1.0,0.0,0.0,0.0,-0.3796977400779724,0.0034094154834747314
VTM-001895,DG-9858479a52dd,2,0.04923953115940094,0.5553994178771973,0.5553994178771973,1.0,1.0,0.0,0.0,0.0,-0.1765580177307129,0.0016329288482666016
VTM-001904,DG-79624400fc84,2,0.048733651638031006,0.5103458166122437,0.5103458166122437,1.0,1.0,0.0,0.0,0.0,-0.9144443869590759,0.0
VTM-001905,DG-3f2eab309b73,2,0.04825325310230255,0.5033468008041382,0.5033468008041382,1.0,1.0,0.0,0.0,0.0,-0.9345260858535767,5.151377990841866e-07
VTM-001908,DG-c402f65cd9d2,2,0.04808759689331055,0.5186911225318909,0.5186911225318909,1.0,1.0,0.0,0.0,0.0,-0.7852412462234497,0.0018342994153499603
VTM-001942,DG-5c736945e099,2,0.04830664023756981,0.5056190490722656,0.5056190490722656,1.0,1.0,0.0,0.0,0.0,-0.9727764129638672,1.9228318706154823e-06
VTM-001951,DG-51ad9099a53f,2,0.04824952408671379,0.5070722699165344,0.5070722699165344,1.0,1.0,0.0,0.0,0.0,-0.9777040481567383,0.0
VTM-001954,DG-30341d03a931,2,0.0491703636944294,0.5222707986831665,0.5222707986831665,1.0,1.0,0.0,0.0,0.0,-0.6910921931266785,1.8272548913955688e-06
VTM-001955,DG-3376dde08b37,2,0.04931981489062309,0.540266752243042,0.540266752243042,1.0,1.0,0.0,0.0,0.0,-0.37286657094955444,0.0004558190703392029
VTM-001956,DG-cac2e6eb0f46,2,0.048273615539073944,0.5069617629051208,0.5069617629051208,1.0,1.0,0.0,0.0,0.0,-0.9918100833892822,0.0
VTM-001958,DG-38c7067d021b,2,0.04895968362689018,0.513051450252533,0.513051450252533,1.0,1.0,0.0,0.0,0.0,-0.8000853657722473,5.111284554004669e-05
VTM-001959,DG-7b3cde349dd2,2,0.04865747317671776,0.5098932385444641,0.5098932385444641,1.0,1.0,0.0,0.0,0.0,-0.946832537651062,3.3868709579110146e-06
VTM-001962,DG-cae5140d5d04,2,0.04862658306956291,0.5087231397628784,0.5087231397628784,1.0,1.0,0.0,0.0,0.0,-0.9270743727684021,0.0
VTM-001967,DG-91b97aea3daf,2,0.04802075773477554,0.5263356566429138,0.5263356566429138,1.0,1.0,0.0,0.0,0.0,-0.8632817268371582,0.0
VTM-001972,DG-87f47806a6ee,2,0.04818560928106308,0.50667804479599,0.50667804479599,1.0,1.0,0.0,0.0,0.0,-0.9922876954078674,0.0
VTM-001984,DG-89652f612d09,2,0.04920150712132454,0.5274012088775635,0.5274012088775635,1.0,1.0,0.0,0.0,0.0,-0.6032501459121704,0.0
VTM-001987,DG-2bd03ef1f80d,2,0.049133576452732086,0.5318293571472168,0.5318293571472168,1.0,1.0,0.0,0.0,0.0,-0.3211309313774109,0.003032311797142029
VTM-001991,DG-898fe2810e90,2,0.049175430089235306,0.518095850944519,0.518095850944519,1.0,1.0,0.0,0.0,0.0,-0.4052150845527649,0.0010310858488082886
VTM-001995,DG-a819eca5f78b,2,0.048292092978954315,0.49847498536109924,0.49847498536109924,1.0,1.0,0.0,0.0,0.0,-0.8684917092323303,0.0002059461548924446
VTM-002001,DG-87e6b895d9f2,2,0.04929092153906822,0.5369354486465454,0.5369354486465454,1.0,1.0,0.0,0.0,0.0,-0.4317564368247986,0.0
VTM-002008,DG-d4a1091cab58,2,0.04838860407471657,0.49977460503578186,0.49977460503578186,1.0,1.0,0.0,0.0,0.0,-0.8661292195320129,0.00048221368342638016
VTM-002012,DG-74b63d2735cc,2,0.04845836013555527,0.5057792663574219,0.5057792663574219,1.0,1.0,0.0,0.0,0.0,-0.919035017490387,0.0
VTM-002013,DG-e759b87cec15,2,0.048594217747449875,0.509222686290741,0.509222686290741,1.0,1.0,0.0,0.0,0.0,-0.9078845381736755,0.0
VTM-002019,DG-3271d47128c6,2,0.04928744211792946,0.5279250741004944,0.5279250741004944,1.0,1.0,0.0,0.0,0.0,-0.48755866289138794,0.0
VTM-002025,DG-bf2ebb1198da,2,0.04941805079579353,0.5402755737304688,0.5402755737304688,1.0,1.0,0.0,0.0,0.0,0.03582179546356201,0.0027886927127838135
VTM-002032,DG-fbd9427b3bd6,2,0.049065180122852325,0.509504497051239,0.509504497051239,1.0,1.0,0.0,0.0,0.0,-0.6185130476951599,9.235553443431854e-05
VTM-002033,DG-fb8b73e9eed1,2,0.04851561412215233,0.5064319968223572,0.5064319968223572,1.0,1.0,0.0,0.0,0.0,-0.9752185344696045,0.0
VTM-002046,DG-168ff7c2fa35,2,0.048300717025995255,0.5021945238113403,0.5021945238113403,1.0,1.0,0.0,0.0,0.0,-0.9464810490608215,0.0003054169937968254
VTM-002052,DG-8c6229423a18,2,0.049403171986341476,0.5284101963043213,0.5284101963043213,1.0,1.0,1.0,0.0,0.0,0.3096137046813965,0.01377016305923462
VTM-002053,DG-fd56db2790f4,2,0.04910024628043175,0.5151081085205078,0.5151081085205078,1.0,1.0,0.0,0.0,0.0,-0.7727011442184448,0.0006289966404438019
VTM-002057,DG-69efed462ca5,2,0.049271829426288605,0.516683042049408,0.516683042049408,1.0,1.0,0.0,0.0,0.0,-0.4492228031158447,0.0007668137550354004
VTM-002058,DG-92f5f13947b3,2,0.04909011349081993,0.5437958836555481,0.5437958836555481,1.0,1.0,0.0,0.0,0.0,-0.796095609664917,0.0
VTM-002061,DG-d8d5a8e4adc9,2,0.04843274876475334,0.5068495273590088,0.5068495273590088,1.0,1.0,0.0,0.0,0.0,-0.9718279838562012,3.0168681405484676e-05
VTM-002068,DG-a935bf04c969,2,0.048753522336483,0.5104398727416992,0.5104398727416992,1.0,1.0,0.0,0.0,0.0,-0.9117283821105957,0.0
VTM-002073,DG-299d45bb53e3,2,0.049373798072338104,0.5394241213798523,0.5394241213798523,1.0,1.0,0.0,0.0,0.0,-0.47106143832206726,0.0012566335499286652
VTM-002077,DG-7b65be4b9679,2,0.048763930797576904,0.5267249345779419,0.5267249345779419,1.0,1.0,0.0,0.0,0.0,-0.5147106647491455,0.0002579689025878906
VTM-002079,DG-2c4553d781e1,2,0.0493808351457119,0.5323572754859924,0.5323572754859924,1.0,1.0,1.0,0.0,0.0,0.5064789056777954,0.007453322410583496
VTM-002085,DG-93dd367747d7,2,0.04932654649019241,0.5423963069915771,0.5423963069915771,1.0,1.0,0.0,0.0,0.0,-0.5389264822006226,0.00019198283553123474
VTM-002086,DG-a8a66cab92d9,2,0.04837715998291969,0.5051531195640564,0.5051531195640564,1.0,1.0,0.0,0.0,0.0,-0.9181446433067322,9.890645742416382e-07
VTM-002091,DG-cfb5f2037272,2,0.04903995245695114,0.5107953548431396,0.5107953548431396,1.0,1.0,0.0,0.0,0.0,-0.4869171977043152,0.0004604607820510864
VTM-002093,DG-41defb57d166,2,0.04871612787246704,0.5053421854972839,0.5053421854972839,1.0,1.0,0.0,0.0,0.0,-0.8541528582572937,0.000721421092748642
VTM-002096,DG-47a3decdba46,2,0.04961870610713959,0.5373535752296448,0.5373535752296448,1.0,1.0,0.0,0.0,0.0,0.10181519389152527,0.001032799482345581
VTM-002105,DG-51d39850f9eb,2,0.048245251178741455,0.5053449869155884,0.5053449869155884,1.0,1.0,0.0,0.0,0.0,-0.9589795470237732,1.496635377407074e-06
VTM-002106,DG-77e04d086838,2,0.048392705619335175,0.5045590400695801,0.5045590400695801,1.0,1.0,0.0,0.0,0.0,-0.9139032959938049,0.0
VTM-002107,DG-ac7a6b0963f8,2,0.0483861118555069,0.5042163133621216,0.5042163133621216,1.0,1.0,0.0,0.0,0.0,-0.9364525675773621,0.00017746631056070328
VTM-002113,DG-065892749628,2,0.04833025485277176,0.5077551007270813,0.5077551007270813,1.0,1.0,0.0,0.0,0.0,-0.9936870336532593,0.0
VTM-002117,DG-20e63845d1c5,2,0.048497676849365234,0.5077324509620667,0.5077324509620667,1.0,1.0,0.0,0.0,0.0,-0.9757627844810486,0.0
VTM-002119,DG-f6cfc775e0f7,2,0.048510678112506866,0.5016857385635376,0.5016857385635376,1.0,1.0,0.0,0.0,0.0,-0.8392360210418701,0.00013601034879684448
VTM-002122,DG-e3fd0082ebbc,2,0.04873555898666382,0.509569525718689,0.509569525718689,1.0,1.0,0.0,0.0,0.0,-0.8557283282279968,5.4848380386829376e-05
VTM-002125,DG-38ecb3b17658,2,0.04965135455131531,0.5455781817436218,0.5455781817436218,1.0,1.0,0.0,0.0,0.0,0.11164435744285583,0.006936550140380859
VTM-002144,DG-d6dd4352276f,2,0.0482691191136837,0.5045794248580933,0.5045794248580933,1.0,1.0,0.0,0.0,0.0,-0.9646773934364319,2.846471033990383e-06
VTM-002146,DG-b61f7916473e,2,0.0487101748585701,0.5105116963386536,0.5105116963386536,1.0,1.0,0.0,0.0,0.0,-0.8577759861946106,8.915085345506668e-07
VTM-002160,DG-c721d9903034,2,0.04887429252266884,0.5111507773399353,0.5111507773399353,1.0,1.0,0.0,0.0,0.0,-0.8070979118347168,0.0
VTM-002164,DG-ad735c7f337e,2,0.048445750027894974,0.5065920948982239,0.5065920948982239,1.0,1.0,0.0,0.0,0.0,-0.9315811991691589,0.0
VTM-002168,DG-2e5c91a57bab,2,0.04963274672627449,0.5380033850669861,0.5380033850669861,1.0,1.0,1.0,0.0,0.0,0.255379855632782,0.015751540660858154
VTM-002181,DG-d7019067d0cc,2,0.04953126981854439,0.5396287441253662,0.5396287441253662,1.0,1.0,0.0,0.0,0.0,-0.9429593086242676,0.0
VTM-002183,DG-2c21f60b687f,2,0.048617828637361526,0.5025506019592285,0.5025506019592285,1.0,1.0,0.0,0.0,0.0,-0.8151128888130188,0.00023759528994560242
VTM-002187,DG-d31fa807352a,2,0.04913781210780144,0.5267684459686279,0.5267684459686279,1.0,1.0,0.0,0.0,0.0,-0.6056532859802246,7.6266005635261536e-06
VTM-002196,DG-d9f272320af0,2,0.048882875591516495,0.5072090029716492,0.5072090029716492,1.0,1.0,0.0,0.0,0.0,-0.7257551550865173,0.0
VTM-002202,DG-c04e2225b9a5,2,0.04852952063083649,0.5081619024276733,0.5081619024276733,1.0,1.0,0.0,0.0,0.0,-0.9816122055053711,0.0
VTM-002203,DG-8a634a985fbb,2,0.04831846430897713,0.5069888234138489,0.5069888234138489,1.0,1.0,0.0,0.0,0.0,-0.9602715969085693,2.8475187718868256e-06
VTM-002211,DG-59bf77a1bee2,2,0.04868059232831001,0.509380578994751,0.509380578994751,1.0,1.0,0.0,0.0,0.0,-0.8597418665885925,1.4290213584899902e-05
VTM-002235,DG-f481aeeafce1,2,0.04867502674460411,0.5048910975456238,0.5048910975456238,1.0,1.0,0.0,0.0,0.0,-0.8300007581710815,2.9455870389938354e-05
VTM-002241,DG-bc19e24ff0e7,2,0.049596600234508514,0.5355319976806641,0.5355319976806641,1.0,1.0,0.0,0.0,0.0,-0.3039858639240265,0.00044161081314086914
VTM-002246,DG-1323ace755bf,2,0.04816657304763794,0.5043883323669434,0.5043883323669434,1.0,1.0,0.0,0.0,0.0,-0.9758951663970947,3.6325305700302124e-05
VTM-002254,DG-51ad4def987b,2,0.048207204788923264,0.507098376750946,0.507098376750946,1.0,1.0,0.0,0.0,0.0,-0.9924355745315552,1.3002136256545782e-06
VTM-002257,DG-f048671a52b3,2,0.048562150448560715,0.5069946050643921,0.5069946050643921,1.0,1.0,0.0,0.0,0.0,-0.882490336894989,0.00012200884521007538
VTM-002267,DG-b6b3dc6cb54a,2,0.04923233389854431,0.5262162685394287,0.5262162685394287,1.0,1.0,0.0,0.0,0.0,-0.6065352559089661,5.45009970664978e-06
VTM-002269,DG-1c17ceac47ca,2,0.0489179827272892,0.5138050317764282,0.5138050317764282,1.0,1.0,0.0,0.0,0.0,-0.8361301422119141,0.0
VTM-002270,DG-20fd5166bb61,2,0.0492902547121048,0.5222562551498413,0.5222562551498413,1.0,1.0,0.0,0.0,0.0,-0.6562494039535522,0.0010828860104084015
VTM-002271,DG-ffa5569ffcfd,2,0.04845600575208664,0.5050802826881409,0.5050802826881409,1.0,1.0,0.0,0.0,0.0,-0.914090096950531,7.582828402519226e-06
VTM-002272,DG-8ee7a09610fa,2,0.04902549460530281,0.5417094230651855,0.5417094230651855,1.0,1.0,0.0,0.0,0.0,-0.5907790064811707,0.0001694774255156517
VTM-002275,DG-9db1cdeffbcd,2,0.04839315265417099,0.5078885555267334,0.5078885555267334,1.0,1.0,0.0,0.0,0.0,-0.9671294689178467,1.7110840417444706e-05
VTM-002277,DG-35824c2ee6e2,2,0.04880779609084129,0.5109187960624695,0.5109187960624695,1.0,1.0,0.0,0.0,0.0,-0.8756965398788452,0.0
VTM-002290,DG-3961b2f3475e,2,0.04928029328584671,0.5439141988754272,0.5439141988754272,1.0,1.0,0.0,0.0,0.0,-0.47738251090049744,0.00041469186544418335
VTM-002293,DG-100441ccbb89,2,0.048316024243831635,0.5063840746879578,0.5063840746879578,1.0,1.0,0.0,0.0,0.0,-0.981636106967926,0.0
VTM-002304,DG-d300e922c382,2,0.048346180468797684,0.5037016272544861,0.5037016272544861,1.0,1.0,0.0,0.0,0.0,-0.9325322508811951,0.0
VTM-002305,DG-389c57060916,2,0.0492936447262764,0.5238285660743713,0.5238285660743713,1.0,1.0,0.0,0.0,0.0,-0.5876083374023438,0.0
VTM-002307,DG-dd9a8c5d9f57,2,0.048403434455394745,0.5054491758346558,0.5054491758346558,1.0,1.0,0.0,0.0,0.0,-0.9346550703048706,4.623504355549812e-05
VTM-002317,DG-c4186ede5ac8,2,0.049261558800935745,0.532404363155365,0.532404363155365,1.0,1.0,0.0,0.0,0.0,-0.5452446937561035,0.0
VTM-002319,DG-096e6302dea3,2,0.04809024557471275,0.5052846074104309,0.5052846074104309,1.0,1.0,0.0,0.0,0.0,-0.9940358400344849,2.816959749907255e-07
VTM-002320,DG-cca48b4243d0,2,0.04838386923074722,0.5075932741165161,0.5075932741165161,1.0,1.0,0.0,0.0,0.0,-0.9492143988609314,1.351058017462492e-06
VTM-002324,DG-e24f2813b7f9,2,0.04820052906870842,0.5038891434669495,0.5038891434669495,1.0,1.0,0.0,0.0,0.0,-0.984499454498291,0.00010245339944958687
VTM-002327,DG-aa1a9a0b233e,2,0.0486408993601799,0.5020665526390076,0.5020665526390076,1.0,1.0,0.0,0.0,0.0,-0.7786936163902283,0.0010584443807601929
VTM-002334,DG-856685443b2c,2,0.04815634712576866,0.5044495463371277,0.5044495463371277,1.0,1.0,0.0,0.0,0.0,-0.9715551137924194,0.0
VTM-002339,DG-1a583f6c95e0,2,0.048196613788604736,0.5053769946098328,0.5053769946098328,1.0,1.0,0.0,0.0,0.0,-0.9894477128982544,2.2419262677431107e-06
VTM-002345,DG-b851572a511e,2,0.048228103667497635,0.506509006023407,0.506509006023407,1.0,1.0,0.0,0.0,0.0,-0.9809427261352539,4.0664453990757465e-06
VTM-002350,DG-44cb49f4c0db,2,0.048564065247774124,0.5078686475753784,0.5078686475753784,1.0,1.0,0.0,0.0,0.0,-0.8882442712783813,0.0
VTM-002356,DG-f28cda30033c,2,0.048851341009140015,0.5110027194023132,0.5110027194023132,1.0,1.0,0.0,0.0,0.0,-0.8104303479194641,0.0
VTM-002360,DG-632a18d12072,2,0.0491415336728096,0.5418728590011597,0.5418728590011597,1.0,1.0,0.0,0.0,0.0,-0.659492015838623,0.0
VTM-002363,DG-4d61e2e8c9ea,2,0.04880712926387787,0.5143345594406128,0.5143345594406128,1.0,1.0,0.0,0.0,0.0,-0.7913241386413574,2.377538476139307e-05
VTM-002376,DG-6990fca3f9fd,2,0.04897226393222809,0.5150051712989807,0.5150051712989807,1.0,1.0,0.0,0.0,0.0,-0.7635636925697327,1.5545636415481567e-05
VTM-002377,DG-4949a603ee5a,2,0.048665691167116165,0.5104497671127319,0.5104497671127319,1.0,1.0,0.0,0.0,0.0,-0.921324610710144,8.401402737945318e-06
VTM-002378,DG-cbe3f5d12560,2,0.04929764196276665,0.5231065154075623,0.5231065154075623,1.0,1.0,0.0,0.0,0.0,-0.6124902367591858,0.0
VTM-002379,DG-7f8c0c5a6496,2,0.048449624329805374,0.5079741477966309,0.5079741477966309,1.0,1.0,0.0,0.0,0.0,-0.9481255412101746,0.0
VTM-002381,DG-43040ae5be38,2,0.04953111708164215,0.5350302457809448,0.5350302457809448,1.0,1.0,0.0,0.0,0.0,-0.3991495370864868,0.0006976649165153503
VTM-002384,DG-0980dea5bbcb,2,0.049415938556194305,0.5270056128501892,0.5270056128501892,1.0,1.0,0.0,0.0,0.0,-0.5159905552864075,0.00017536431550979614
VTM-002399,DG-c45b552351d5,2,0.04910708963871002,0.518568754196167,0.518568754196167,1.0,1.0,0.0,0.0,0.0,-0.7343145608901978,0.0
VTM-002402,DG-d0393f4f6983,2,0.04917426034808159,0.5470400452613831,0.5470400452613831,1.0,1.0,0.0,0.0,0.0,-0.21063420176506042,0.0036505311727523804
VTM-002406,DG-a52784f671eb,2,0.04919828474521637,0.5401979684829712,0.5401979684829712,1.0,1.0,0.0,0.0,0.0,-0.539940357208252,0.0
VTM-002409,DG-0fd392a51bf0,2,0.04894784465432167,0.5110778212547302,0.5110778212547302,1.0,1.0,0.0,0.0,0.0,-0.7861072421073914,4.196539521217346e-06
VTM-002411,DG-aa3adabce6ec,2,0.049226269125938416,0.5218344926834106,0.5218344926834106,1.0,1.0,0.0,0.0,0.0,-0.3735883831977844,0.0002463310956954956
VTM-002419,DG-2e0b86d9ee85,2,0.048879556357860565,0.5146567821502686,0.5146567821502686,1.0,1.0,0.0,0.0,0.0,-0.7939821481704712,0.0
VTM-002426,DG-70ae871f721c,2,0.04937771335244179,0.5301584005355835,0.5301584005355835,1.0,1.0,0.0,0.0,0.0,-0.500045120716095,0.00015265867114067078
VTM-002429,DG-8205ac659861,2,0.04844581335783005,0.5069853067398071,0.5069853067398071,1.0,1.0,0.0,0.0,0.0,-0.9651667475700378,1.8152641132473946e-05
VTM-002433,DG-fbaa772afdb1,2,0.0482192300260067,0.507411003112793,0.507411003112793,1.0,1.0,0.0,0.0,0.0,-0.9947454929351807,1.1504744179546833e-06
VTM-002435,DG-e579e6d2957d,2,0.04816741496324539,0.5055646896362305,0.5055646896362305,1.0,1.0,0.0,0.0,0.0,-0.9765477776527405,2.2488529793918133e-06
VTM-002438,DG-86d5432fe9c6,2,0.04863359406590462,0.509368896484375,0.509368896484375,1.0,1.0,0.0,0.0,0.0,-0.9374861717224121,2.9779039323329926e-07
VTM-002443,DG-94c04c108a15,2,0.04867123067378998,0.509793758392334,0.509793758392334,1.0,1.0,0.0,0.0,0.0,-0.9374526739120483,0.0
VTM-002444,DG-e64228a627d7,2,0.049255091696977615,0.5334212779998779,0.5334212779998779,1.0,1.0,0.0,0.0,0.0,-0.5242123007774353,2.6457011699676514e-05
VTM-002446,DG-b686b2ab094b,2,0.04833870381116867,0.5068385601043701,0.5068385601043701,1.0,1.0,0.0,0.0,0.0,-0.9632840752601624,3.695138730108738e-06
VTM-002449,DG-89eb6a8ca65b,2,0.04921518638730049,0.5415614247322083,0.5415614247322083,1.0,1.0,0.0,0.0,0.0,-0.40959030389785767,0.0002166368067264557
VTM-002451,DG-c9f661bdfc44,2,0.04891648143529892,0.5181926488876343,0.5181926488876343,1.0,1.0,0.0,0.0,0.0,-0.7207245230674744,0.0
VTM-002465,DG-c6e686d5bace,2,0.04823678731918335,0.5078017115592957,0.5078017115592957,1.0,1.0,0.0,0.0,0.0,-0.9920677542686462,2.9771035769954324e-06
VTM-002467,DG-df56414c7ac1,2,0.04883923754096031,0.5124765038490295,0.5124765038490295,1.0,1.0,0.0,0.0,0.0,-0.8530719876289368,0.0
VTM-002475,DG-9091fc6cb922,2,0.0492144338786602,0.5269443988800049,0.5269443988800049,1.0,1.0,0.0,0.0,0.0,-0.5968760848045349,0.0
VTM-002477,DG-3cb38ff90f45,2,0.048597197979688644,0.5091497302055359,0.5091497302055359,1.0,1.0,0.0,0.0,0.0,-0.9111178517341614,0.0
VTM-002482,DG-022e0ba12b56,2,0.04897768422961235,0.5499954223632812,0.5499954223632812,1.0,1.0,0.0,0.0,0.0,-0.4811638295650482,0.0
VTM-002484,DG-b689aa9a20d4,2,0.04896227642893791,0.5197241902351379,0.5197241902351379,1.0,1.0,0.0,0.0,0.0,-0.7218263149261475,4.72791725769639e-06
VTM-002488,DG-1fbba0246cb5,2,0.04874248430132866,0.5064610838890076,0.5064610838890076,1.0,1.0,0.0,0.0,0.0,-0.8903207778930664,0.0
VTM-002501,DG-d2f3fad193f6,2,0.04820854589343071,0.5061094164848328,0.5061094164848328,1.0,1.0,0.0,0.0,0.0,-0.9632142186164856,9.77411400526762e-06
VTM-002502,DG-691af9ea3c83,2,0.04855622351169586,0.5086066126823425,0.5086066126823425,1.0,1.0,0.0,0.0,0.0,-0.9674849510192871,0.0
VTM-002506,DG-df09e3ebcb22,2,0.04955489560961723,0.5348242521286011,0.5348242521286011,1.0,1.0,1.0,0.0,0.0,0.5830804109573364,0.013383984565734863
VTM-002511,DG-acfa5bbc9fc2,2,0.04854719713330269,0.5089653730392456,0.5089653730392456,1.0,1.0,0.0,0.0,0.0,-0.9798739552497864,1.8955906853079796e-06
VTM-002514,DG-6b354123b89f,2,0.04866032674908638,0.5109940767288208,0.5109940767288208,1.0,1.0,0.0,0.0,0.0,-0.8617506623268127,2.942542778328061e-06
VTM-002518,DG-f17c54399b5a,2,0.048357121646404266,0.5081959962844849,0.5081959962844849,1.0,1.0,0.0,0.0,0.0,-0.9826909303665161,1.5428580809384584e-05
VTM-002519,DG-429781daa88f,2,0.048394303768873215,0.5032091736793518,0.5032091736793518,1.0,1.0,0.0,0.0,0.0,-0.9392044544219971,2.3767352104187012e-05
VTM-002525,DG-dabc93460fe3,2,0.04895302280783653,0.5507756471633911,0.5507756471633911,1.0,1.0,0.0,0.0,0.0,-0.6507647633552551,0.0005201250314712524
VTM-002529,DG-aed4677afb88,2,0.048950109630823135,0.5133876204490662,0.5133876204490662,1.0,1.0,0.0,0.0,0.0,-0.7443093657493591,6.258487701416016e-07
VTM-002535,DG-4a0123fe1eb9,2,0.04922744631767273,0.5260476469993591,0.5260476469993591,1.0,1.0,0.0,0.0,0.0,-0.6039897799491882,1.560896635055542e-06
VTM-002540,DG-0918bf701a82,2,0.04856714978814125,0.5097705125808716,0.5097705125808716,1.0,1.0,0.0,0.0,0.0,-0.9894278645515442,9.150156984105706e-06
VTM-002551,DG-b4df31af3ff3,2,0.05003868415951729,0.525697648525238,0.525697648525238,1.0,1.0,1.0,0.0,0.0,0.8409125804901123,0.0037983059883117676
VTM-002556,DG-8038caa5c793,2,0.04920268431305885,0.5304036736488342,0.5304036736488342,1.0,1.0,0.0,0.0,0.0,-0.5289943218231201,0.0
VTM-002559,DG-b40096cb2674,2,0.04840756207704544,0.5086295008659363,0.5086295008659363,1.0,1.0,0.0,0.0,0.0,-0.9768351912498474,2.80675885733217e-06
VTM-002566,DG-da683ce1a5e0,2,0.04924141615629196,0.5263901352882385,0.5263901352882385,1.0,1.0,0.0,0.0,0.0,-0.6112438440322876,1.4686957001686096e-06
VTM-002570,DG-06b7293c4bf4,2,0.049002017825841904,0.5376181602478027,0.5376181602478027,1.0,1.0,0.0,0.0,0.0,-0.5127884745597839,6.509944796562195e-06
VTM-002577,DG-a6dc8eb14bc3,2,0.04882575944066048,0.5375450849533081,0.5375450849533081,1.0,1.0,0.0,0.0,0.0,-0.5034368634223938,0.0031106919050216675
VTM-002580,DG-e3d751c5769d,2,0.04826228693127632,0.5022140741348267,0.5022140741348267,1.0,1.0,0.0,0.0,0.0,-0.9479066729545593,0.0
VTM-002594,DG-173a6b0ad21a,2,0.04851516708731651,0.5081970691680908,0.5081970691680908,1.0,1.0,0.0,0.0,0.0,-0.9209150671958923,1.609092578291893e-06
VTM-002595,DG-3bbe07533535,2,0.049152668565511703,0.5257425308227539,0.5257425308227539,1.0,1.0,0.0,0.0,0.0,-0.6120796799659729,0.0
VTM-002601,DG-bce24eb203c7,2,0.04882296547293663,0.5118341445922852,0.5118341445922852,1.0,1.0,0.0,0.0,0.0,-0.8503727912902832,7.002707570791245e-05
VTM-002615,DG-937456083f0f,2,0.04923509433865547,0.5283134579658508,0.5283134579658508,1.0,1.0,0.0,0.0,0.0,-0.5636967420578003,0.0
VTM-002624,DG-ebe5477d9d4e,2,0.049696482717990875,0.533450186252594,0.533450186252594,1.0,1.0,0.0,0.0,0.0,-0.18839558959007263,0.011323392391204834
VTM-002629,DG-c049ed768645,2,0.048491768538951874,0.5087652206420898,0.5087652206420898,1.0,1.0,0.0,0.0,0.0,-0.9944307804107666,5.330482963472605e-06
VTM-002633,DG-90bbebd261ac,2,0.04824618622660637,0.5067434310913086,0.5067434310913086,1.0,1.0,0.0,0.0,0.0,-0.9864588379859924,9.790528565645218e-08
VTM-002634,DG-c78196f43dde,2,0.048642486333847046,0.5090087652206421,0.5090087652206421,1.0,1.0,0.0,0.0,0.0,-0.8849213719367981,1.995917409658432e-05
VTM-002635,DG-08ba49dd32f8,2,0.048883549869060516,0.5336076021194458,0.5336076021194458,1.0,1.0,0.0,0.0,0.0,-0.934975802898407,9.163632057607174e-06
VTM-002637,DG-49f9ce893fdb,2,0.04952581599354744,0.5241366028785706,0.5241366028785706,1.0,1.0,0.0,0.0,0.0,-0.22087949514389038,0.003338158130645752
VTM-002639,DG-d59be955cb06,2,0.04862716421484947,0.5086292028427124,0.5086292028427124,1.0,1.0,0.0,0.0,0.0,-0.9623881578445435,0.0
VTM-002641,DG-11fad6d5929c,2,0.048815272748470306,0.5121188759803772,0.5121188759803772,1.0,1.0,0.0,0.0,0.0,-0.8314791321754456,1.5175435692071915e-05
VTM-002646,DG-f677d90ff131,2,0.04857860878109932,0.5089325308799744,0.5089325308799744,1.0,1.0,0.0,0.0,0.0,-0.9693530797958374,6.776885129511356e-06
VTM-002656,DG-4383e5fea250,2,0.04872729256749153,0.5088977217674255,0.5088977217674255,1.0,1.0,0.0,0.0,0.0,-0.8672753572463989,0.0
VTM-002667,DG-f757c41d7081,2,0.04884183779358864,0.5087095499038696,0.5087095499038696,1.0,1.0,0.0,0.0,0.0,-0.8541153073310852,2.452172338962555e-05
VTM-002669,DG-94d163b6955c,2,0.049390342086553574,0.5421402454376221,0.5421402454376221,1.0,1.0,1.0,0.0,0.0,0.1232302188873291,0.011121094226837158
VTM-002672,DG-541249a33c15,2,0.048629287630319595,0.5070936679840088,0.5070936679840088,1.0,1.0,0.0,0.0,0.0,-0.8875407576560974,4.388811066746712e-05
VTM-002684,DG-d01a6509ec5e,2,0.04834260791540146,0.5062732100486755,0.5062732100486755,1.0,1.0,0.0,0.0,0.0,-0.9820683598518372,6.623566150665283e-06
VTM-002685,DG-2371f5e69821,2,0.048887092620134354,0.5193530321121216,0.5193530321121216,1.0,1.0,0.0,0.0,0.0,-0.705047607421875,6.722286343574524e-06
VTM-002687,DG-283391bf5821,2,0.048327021300792694,0.5063661932945251,0.5063661932945251,1.0,1.0,0.0,0.0,0.0,-0.9406379461288452,0.0
VTM-002691,DG-949d61a3561e,2,0.0491688996553421,0.5390306115150452,0.5390306115150452,1.0,1.0,0.0,0.0,0.0,-0.44835537672042847,0.0
VTM-002692,DG-cdf7d6c07e83,2,0.04832782968878746,0.5060555338859558,0.5060555338859558,1.0,1.0,0.0,0.0,0.0,-0.9709892272949219,0.0
VTM-002697,DG-18f828d9814e,2,0.048177797347307205,0.505908727645874,0.505908727645874,1.0,1.0,0.0,0.0,0.0,-0.9748445749282837,2.225278876721859e-06
VTM-002702,DG-29f2ca53ef94,2,0.04862033575773239,0.5081806182861328,0.5081806182861328,1.0,1.0,0.0,0.0,0.0,-0.8936694264411926,0.0
VTM-002705,DG-a45e2458cc11,2,0.04893337935209274,0.509162187576294,0.509162187576294,1.0,1.0,0.0,0.0,0.0,-0.7732778191566467,0.0
VTM-002706,DG-0d92fb7cb95e,2,0.0483865812420845,0.5158917307853699,0.5158917307853699,1.0,1.0,0.0,0.0,0.0,-0.6975044012069702,0.0012875348329544067
VTM-002708,DG-e6a42d9d99b7,2,0.048671215772628784,0.5102730393409729,0.5102730393409729,1.0,1.0,0.0,0.0,0.0,-0.8491889238357544,0.0
VTM-002709,DG-f9d90ea3eb02,2,0.049283716827631,0.5322478413581848,0.5322478413581848,1.0,1.0,0.0,0.0,0.0,-0.5256198048591614,3.2803043723106384e-05
VTM-002726,DG-83cfe2ace11e,2,0.0493985079228878,0.5299221873283386,0.5299221873283386,1.0,1.0,0.0,0.0,0.0,-0.5503603219985962,0.00017548725008964539
VTM-002727,DG-c3b7204f25c6,2,0.04906447231769562,0.520696759223938,0.520696759223938,1.0,1.0,0.0,0.0,0.0,-0.6984782218933105,6.854068487882614e-06
VTM-002731,DG-3edc0f696a60,2,0.048224709928035736,0.5028366446495056,0.5028366446495056,1.0,1.0,0.0,0.0,0.0,-0.9780632853507996,0.0
VTM-002732,DG-3fde00040150,2,0.049302928149700165,0.5381488800048828,0.5381488800048828,1.0,1.0,0.0,0.0,0.0,-0.44271597266197205,0.00023546256124973297
VTM-002733,DG-da2ce27c52e8,2,0.049124959856271744,0.5231372117996216,0.5231372117996216,1.0,1.0,0.0,0.0,0.0,-0.6713355779647827,2.361705992370844e-05
VTM-002734,DG-d7b7ee90f035,2,0.04912332445383072,0.523038923740387,0.523038923740387,1.0,1.0,0.0,0.0,0.0,-0.6603323817253113,2.248631790280342e-05
VTM-002743,DG-99025d3d8d5d,2,0.04894659295678139,0.5165267586708069,0.5165267586708069,1.0,1.0,0.0,0.0,0.0,-0.7655397057533264,1.2502307072281837e-05
VTM-002745,DG-21cf25dd1974,2,0.048780959099531174,0.5100528001785278,0.5100528001785278,1.0,1.0,0.0,0.0,0.0,-0.8798319697380066,0.0
VTM-002752,DG-43133dfa71c9,2,0.049379028379917145,0.5400098562240601,0.5400098562240601,1.0,1.0,0.0,0.0,0.0,-0.5921551585197449,0.0
VTM-002764,DG-776225aa1e4c,2,0.048662398010492325,0.5101591944694519,0.5101591944694519,1.0,1.0,0.0,0.0,0.0,-0.9462423920631409,1.207913737744093e-05
VTM-002766,DG-ff21086b640f,2,0.048439331352710724,0.5082704424858093,0.5082704424858093,1.0,1.0,0.0,0.0,0.0,-0.9563961029052734,7.2008115239441395e-06
VTM-002767,DG-9d024c10251f,2,0.049155935645103455,0.5186145901679993,0.5186145901679993,1.0,1.0,0.0,0.0,0.0,-0.7344061136245728,0.0
VTM-002771,DG-272c62f09ed9,2,0.04939866438508034,0.5401822328567505,0.5401822328567505,1.0,1.0,0.0,0.0,0.0,-0.45894452929496765,0.000267568975687027
VTM-002772,DG-be4ab2bcc955,2,0.04944463074207306,0.5373733639717102,0.5373733639717102,1.0,1.0,0.0,0.0,0.0,-0.26406246423721313,0.00034280121326446533
VTM-002781,DG-46e771570fcc,2,0.04919298365712166,0.5222553610801697,0.5222553610801697,1.0,1.0,0.0,0.0,0.0,-0.6585628986358643,4.1767023503780365e-05
VTM-002785,DG-4469f02a60a8,2,0.048576921224594116,0.5082312226295471,0.5082312226295471,1.0,1.0,0.0,0.0,0.0,-0.955531120300293,6.0889869928359985e-06
VTM-002790,DG-e68a1a5c5b3a,2,0.048444170504808426,0.5082473754882812,0.5082473754882812,1.0,1.0,0.0,0.0,0.0,-0.9848601222038269,2.48270807787776e-05
VTM-002807,DG-69def72eb9e9,2,0.049381304532289505,0.529604434967041,0.529604434967041,1.0,1.0,0.0,0.0,0.0,-0.0677657425403595,0.0017634034156799316
VTM-002823,DG-2736a493772c,2,0.049308229237794876,0.515089213848114,0.515089213848114,1.0,1.0,0.0,0.0,0.0,-0.5697663426399231,0.0016560405492782593
VTM-002825,DG-72c1ed9d3742,2,0.04844057559967041,0.504581093788147,0.504581093788147,1.0,1.0,0.0,0.0,0.0,-0.9038729667663574,0.0
VTM-002836,DG-52b433221a61,2,0.04860395938158035,0.5067653059959412,0.5067653059959412,1.0,1.0,0.0,0.0,0.0,-0.8873147368431091,0.0
VTM-002837,DG-80b30b3877a9,2,0.04869456961750984,0.5088483095169067,0.5088483095169067,1.0,1.0,0.0,0.0,0.0,-0.9053111672401428,1.81710347533226e-05
VTM-002843,DG-6cf9e43f18ec,2,0.04856779798865318,0.5097011923789978,0.5097011923789978,1.0,1.0,0.0,0.0,0.0,-0.9709874391555786,1.1077005183324218e-05
VTM-002868,DG-36c6aeaf573b,2,0.04869672656059265,0.508776843547821,0.508776843547821,1.0,1.0,0.0,0.0,0.0,-0.904573380947113,0.0
VTM-002871,DG-df382346e67f,2,0.04926805570721626,0.5199302434921265,0.5199302434921265,1.0,1.0,0.0,0.0,0.0,-0.6780983805656433,0.00014533847570419312
VTM-002877,DG-8a907223c66e,2,0.04843559488654137,0.5079463124275208,0.5079463124275208,1.0,1.0,0.0,0.0,0.0,-0.9695954918861389,1.1867377907037735e-06
VTM-002883,DG-36aae56870fe,2,0.04842523857951164,0.5032812356948853,0.5032812356948853,1.0,1.0,0.0,0.0,0.0,-0.9304351210594177,0.0
VTM-002889,DG-eab811b126b9,2,0.04879974573850632,0.5115480422973633,0.5115480422973633,1.0,1.0,0.0,0.0,0.0,-0.887403130531311,0.0
VTM-002890,DG-11491d7706ee,2,0.04916296899318695,0.5267242193222046,0.5267242193222046,1.0,1.0,0.0,0.0,0.0,-0.5846273899078369,1.638103276491165e-05
VTM-002897,DG-2d0fc3c5c9d3,2,0.048322658985853195,0.5029322504997253,0.5029322504997253,1.0,1.0,0.0,0.0,0.0,-0.9395683407783508,0.0
VTM-002905,DG-e77a1968fdac,2,0.049444302916526794,0.5257881283760071,0.5257881283760071,1.0,1.0,0.0,0.0,0.0,-0.504342257976532,0.0
VTM-002906,DG-b16fad4d3847,2,0.04920335114002228,0.5314937829971313,0.5314937829971313,1.0,1.0,0.0,0.0,0.0,-0.5086812376976013,0.00011075939983129501
VTM-002908,DG-4cb62f3b3d05,2,0.04930315911769867,0.5254695415496826,0.5254695415496826,1.0,1.0,0.0,0.0,0.0,-0.6298630237579346,0.00024800002574920654
VTM-002916,DG-1c7371bdcb66,2,0.04912137985229492,0.5191690325737,0.5191690325737,1.0,1.0,0.0,0.0,0.0,-0.6833575963973999,4.0014972910284996e-05
VTM-002925,DG-be861e30956d,2,0.04879365488886833,0.5126364231109619,0.5126364231109619,1.0,1.0,0.0,0.0,0.0,-0.8299128413200378,0.0
VTM-002932,DG-2c26f97e5fb9,2,0.04838231950998306,0.5071953535079956,0.5071953535079956,1.0,1.0,0.0,0.0,0.0,-0.9943907856941223,1.0357354767620564e-05
VTM-002938,DG-bc185c527a55,2,0.04865660518407822,0.5103194117546082,0.5103194117546082,1.0,1.0,0.0,0.0,0.0,-0.8916926383972168,1.2120231986045837e-05
VTM-002940,DG-549fc5a84cd4,2,0.04856282100081444,0.5518324971199036,0.5518324971199036,1.0,1.0,0.0,0.0,0.0,-0.6111084818840027,7.843691855669022e-05
VTM-002943,DG-07330e94de70,2,0.049243856221437454,0.5491021871566772,0.5491021871566772,1.0,1.0,0.0,0.0,0.0,-0.5716639161109924,0.0012163855135440826
VTM-002944,DG-b8a1ecd98f5a,2,0.0496775321662426,0.5315530300140381,0.5315530300140381,1.0,1.0,1.0,0.0,0.0,0.6611438393592834,0.005527794361114502
VTM-002945,DG-a3da53eac318,2,0.049252502620220184,0.5470854043960571,0.5470854043960571,1.0,1.0,0.0,0.0,0.0,-0.22565600275993347,5.245208740234375e-05
VTM-002949,DG-ad541d9a5e1b,2,0.0483202300965786,0.5021799802780151,0.5021799802780151,1.0,1.0,0.0,0.0,0.0,-0.9397134184837341,8.272938430309296e-06
VTM-002959,DG-3e022997c6a8,2,0.04873361811041832,0.5348798632621765,0.5348798632621765,1.0,1.0,0.0,0.0,0.0,-0.1804567575454712,0.006949573755264282
VTM-002965,DG-39c6e752f427,2,0.048417169600725174,0.5067903399467468,0.5067903399467468,1.0,1.0,0.0,0.0,0.0,-0.9793960452079773,0.0
VTM-002967,DG-14999e51fe9c,2,0.0490046888589859,0.5414206981658936,0.5414206981658936,1.0,1.0,0.0,0.0,0.0,-0.6849141120910645,0.0
VTM-002970,DG-9017ab1d9737,2,0.04905736446380615,0.534949004650116,0.534949004650116,1.0,1.0,0.0,0.0,0.0,-0.6181745529174805,0.0
VTM-002976,DG-cdaffff70d2b,2,0.049277372658252716,0.5375881791114807,0.5375881791114807,1.0,1.0,0.0,0.0,0.0,-0.6115322113037109,4.567485302686691e-05
VTM-002984,DG-12e46649f5c8,2,0.048333898186683655,0.5068517923355103,0.5068517923355103,1.0,1.0,0.0,0.0,0.0,-0.9903628826141357,0.0
VTM-002989,DG-4b523dce0848,2,0.04936343431472778,0.5376786589622498,0.5376786589622498,1.0,1.0,0.0,0.0,0.0,-0.07773420214653015,0.0003398805856704712
VTM-002990,DG-3b33867e6177,2,0.048342518508434296,0.5043967366218567,0.5043967366218567,1.0,1.0,0.0,0.0,0.0,-0.9531315565109253,1.2223608791828156e-06
VTM-002994,DG-844c37912472,2,0.049363281577825546,0.5250849723815918,0.5250849723815918,1.0,1.0,0.0,0.0,0.0,-0.517020583152771,0.0
VTM-002998,DG-02530580d7df,2,0.048505425453186035,0.5084477066993713,0.5084477066993713,1.0,1.0,0.0,0.0,0.0,-0.9832361936569214,0.0
VTM-003001,DG-83d2bf0fab9e,2,0.04846968501806259,0.506702184677124,0.506702184677124,1.0,1.0,0.0,0.0,0.0,-0.9393512606620789,0.0
VTM-003004,DG-06d08f9dea64,2,0.04921208322048187,0.5487645268440247,0.5487645268440247,1.0,1.0,0.0,0.0,0.0,-0.37815332412719727,0.0
VTM-003005,DG-6e6ba758e9a7,2,0.04923321306705475,0.5290575623512268,0.5290575623512268,1.0,1.0,0.0,0.0,0.0,-0.5611150860786438,2.8743408620357513e-05
VTM-003022,DG-36d27ee1f175,2,0.04837413132190704,0.5051206946372986,0.5051206946372986,1.0,1.0,0.0,0.0,0.0,-0.9619234204292297,2.7436763048171997e-06
VTM-003028,DG-4862682be165,2,0.04934963956475258,0.5376597046852112,0.5376597046852112,1.0,1.0,0.0,0.0,0.0,-0.5141502022743225,0.00029749609529972076
VTM-003031,DG-7d95cd5f2601,2,0.04870510473847389,0.5086516737937927,0.5086516737937927,1.0,1.0,0.0,0.0,0.0,-0.8819088339805603,0.0
VTM-003032,DG-9b6b7039f87d,2,0.04915415495634079,0.5137791037559509,0.5137791037559509,1.0,1.0,0.0,0.0,0.0,-0.6222663521766663,4.053860902786255e-05
VTM-003038,DG-cc2d318d7866,2,0.049321480095386505,0.5204133987426758,0.5204133987426758,1.0,1.0,0.0,0.0,0.0,-0.35683414340019226,0.0
VTM-003050,DG-a8ccd74c97e8,2,0.04930373653769493,0.5225284695625305,0.5225284695625305,1.0,1.0,0.0,0.0,0.0,-0.5205447673797607,1.0343268513679504e-05
VTM-003052,DG-85795c0d6b16,2,0.048819322139024734,0.5088291764259338,0.5088291764259338,1.0,1.0,0.0,0.0,0.0,-0.8275158405303955,0.0
VTM-003061,DG-02721674da63,2,0.049945052713155746,0.5395376086235046,0.5395376086235046,1.0,1.0,1.0,0.0,0.0,0.4995628595352173,0.0037233829498291016
VTM-003064,DG-b7f4a5c233c8,2,0.0487615242600441,0.5054790377616882,0.5054790377616882,1.0,1.0,0.0,0.0,0.0,-0.7962335348129272,0.0
VTM-003065,DG-d07ead84c7a2,2,0.04910524562001228,0.510811984539032,0.510811984539032,1.0,1.0,0.0,0.0,0.0,-0.5877519249916077,0.0
VTM-003067,DG-2634c9e90787,2,0.04884996637701988,0.508112370967865,0.508112370967865,1.0,1.0,0.0,0.0,0.0,-0.8061723113059998,0.0
VTM-003070,DG-316331c5fc65,2,0.0488538034260273,0.5097918510437012,0.5097918510437012,1.0,1.0,0.0,0.0,0.0,-0.7919116616249084,0.0
VTM-003073,DG-53909db5f730,2,0.04909878596663475,0.5385839343070984,0.5385839343070984,1.0,1.0,0.0,0.0,0.0,-0.46224355697631836,3.4333206713199615e-06
VTM-003074,DG-1599a4790f64,2,0.04830320551991463,0.5018413662910461,0.5018413662910461,1.0,1.0,0.0,0.0,0.0,-0.9428285956382751,1.3923272490501404e-05
VTM-003075,DG-ba0752659635,2,0.048263683915138245,0.5051906704902649,0.5051906704902649,1.0,1.0,0.0,0.0,0.0,-0.9874461889266968,7.4980780482292175e-06
VTM-003076,DG-27c27a638953,2,0.048385195434093475,0.5055801868438721,0.5055801868438721,1.0,1.0,0.0,0.0,0.0,-0.9601547122001648,6.007030606269836e-08
VTM-003077,DG-24c93776e634,2,0.04847365617752075,0.5051897764205933,0.5051897764205933,1.0,1.0,0.0,0.0,0.0,-0.9376034140586853,0.0
VTM-003079,DG-5e46fbd860b7,2,0.04930318892002106,0.5311315655708313,0.5311315655708313,1.0,1.0,1.0,0.0,0.0,0.35326966643333435,0.003443896770477295
VTM-003082,DG-c0e74af687b9,2,0.0489359125494957,0.5056759119033813,0.5056759119033813,1.0,1.0,0.0,0.0,0.0,-0.6638661026954651,6.459653377532959e-06
VTM-003086,DG-7ca64cc7944a,2,0.04833398759365082,0.5066543817520142,0.5066543817520142,1.0,1.0,0.0,0.0,0.0,-0.9885075688362122,1.3711396604776382e-06
VTM-003100,DG-efd3e7c09da1,2,0.048507604748010635,0.5041476488113403,0.5041476488113403,1.0,1.0,0.0,0.0,0.0,-0.8885038495063782,3.329478204250336e-05
VTM-003121,DG-4a2a9de238bd,2,0.04937024414539337,0.5232629776000977,0.5232629776000977,1.0,1.0,0.0,0.0,0.0,-0.5707015991210938,0.0
VTM-003123,DG-4769b5641f77,2,0.04925467446446419,0.5362362861633301,0.5362362861633301,1.0,1.0,0.0,0.0,0.0,-0.4724373519420624,0.0
VTM-003131,DG-3879cfb76799,2,0.04888233169913292,0.5152338147163391,0.5152338147163391,1.0,1.0,0.0,0.0,0.0,-0.7727785110473633,1.043570227921009e-05
VTM-003138,DG-1c3426d57d0e,2,0.04839792475104332,0.5079191327095032,0.5079191327095032,1.0,1.0,0.0,0.0,0.0,-0.9599927663803101,0.0
VTM-003150,DG-a4568071fec7,2,0.04907219484448433,0.5427516102790833,0.5427516102790833,1.0,1.0,0.0,0.0,0.0,-0.43863645195961,0.0013238489627838135
VTM-003153,DG-09bec96d834d,2,0.04840972274541855,0.5088931322097778,0.5088931322097778,1.0,1.0,0.0,0.0,0.0,-0.9982370138168335,2.1578161977231503e-06
VTM-003160,DG-42c5982d528d,2,0.04931653290987015,0.5499279499053955,0.5499279499053955,1.0,1.0,0.0,0.0,0.0,-0.5602257251739502,0.002165883779525757
VTM-003166,DG-fefad8b6e176,2,0.0484502799808979,0.5063720941543579,0.5063720941543579,1.0,1.0,0.0,0.0,0.0,-0.9610880017280579,7.111113518476486e-06
VTM-003167,DG-fde5f2d58bd6,2,0.049521006643772125,0.5374298095703125,0.5374298095703125,1.0,1.0,0.0,0.0,0.0,-0.15032169222831726,0.0004703998565673828
VTM-003171,DG-462d909e6446,2,0.04930942878127098,0.5407336354255676,0.5407336354255676,1.0,1.0,0.0,0.0,0.0,-0.6384571194648743,0.0
VTM-003194,DG-aa5a0a987491,2,0.048270124942064285,0.507357120513916,0.507357120513916,1.0,1.0,0.0,0.0,0.0,-0.986936092376709,5.762820364907384e-06
VTM-003203,DG-8941dbf84126,2,0.04869035631418228,0.507451593875885,0.507451593875885,1.0,1.0,0.0,0.0,0.0,-0.9146943092346191,0.0
VTM-003206,DG-22c07204cbd1,2,0.049656257033348083,0.5464626550674438,0.5464626550674438,1.0,1.0,0.0,0.0,0.0,-0.19943317770957947,0.001331329345703125
VTM-003207,DG-950feff8cd7c,2,0.04915213957428932,0.5359688401222229,0.5359688401222229,1.0,1.0,0.0,0.0,0.0,-0.31473273038864136,0.0004931539297103882
VTM-003212,DG-1f9988a126e0,2,0.048346489667892456,0.5057433247566223,0.5057433247566223,1.0,1.0,0.0,0.0,0.0,-0.950089693069458,0.0
VTM-003213,DG-560d0dea0375,2,0.048491258174180984,0.5083555579185486,0.5083555579185486,1.0,1.0,0.0,0.0,0.0,-0.9474009871482849,8.8853994384408e-07
VTM-003214,DG-a100a5d98221,2,0.04907809942960739,0.5194686651229858,0.5194686651229858,1.0,1.0,0.0,0.0,0.0,-0.7358736395835876,6.216811016201973e-06
VTM-003222,DG-8288d203dff6,2,0.049082208424806595,0.5203379392623901,0.5203379392623901,1.0,1.0,0.0,0.0,0.0,-0.6987438201904297,0.0
VTM-003223,DG-ab7eefd4077b,2,0.049230221658945084,0.5141872763633728,0.5141872763633728,1.0,1.0,0.0,0.0,0.0,-0.5693821907043457,9.430199861526489e-05
VTM-003228,DG-f7485785bb60,2,0.049465492367744446,0.5261864066123962,0.5261864066123962,1.0,1.0,0.0,0.0,0.0,-0.46031200885772705,0.0
VTM-003234,DG-3d3392c2e5f0,2,0.04957852140069008,0.542964518070221,0.542964518070221,1.0,1.0,1.0,0.0,0.0,0.31378695368766785,0.010368496179580688
VTM-003237,DG-14ea4ea1ba5a,2,0.04832780733704567,0.5034366250038147,0.5034366250038147,1.0,1.0,0.0,0.0,0.0,-0.9406912922859192,3.637745976448059e-06
VTM-003241,DG-95614b45fff9,2,0.04929013550281525,0.5244192481040955,0.5244192481040955,1.0,1.0,0.0,0.0,0.0,-0.5723735094070435,0.0
VTM-003247,DG-338ead0166e2,2,0.049420226365327835,0.5348882079124451,0.5348882079124451,1.0,1.0,0.0,0.0,0.0,-0.4538927376270294,0.00033655017614364624
VTM-003250,DG-18740d3fe08a,2,0.049362268298864365,0.5373516082763672,0.5373516082763672,1.0,1.0,0.0,0.0,0.0,-0.9531393051147461,2.1302606910467148e-05
VTM-003263,DG-6965691b2848,2,0.04902121052145958,0.5326619744300842,0.5326619744300842,1.0,1.0,0.0,0.0,0.0,-0.6332617998123169,0.0
VTM-003267,DG-02b2d54663c6,2,0.04845258966088295,0.5084616541862488,0.5084616541862488,1.0,1.0,0.0,0.0,0.0,-0.9930993318557739,2.6979250833392143e-06
VTM-003270,DG-1f5a0b16a3ed,2,0.048386216163635254,0.5064646005630493,0.5064646005630493,1.0,1.0,0.0,0.0,0.0,-0.9864614605903625,5.9659359976649284e-06
VTM-003271,DG-8ebff64cb761,2,0.04937266558408737,0.5386292934417725,0.5386292934417725,1.0,1.0,1.0,0.0,0.0,0.11440446972846985,0.0029955804347991943
VTM-003278,DG-3c6a6909d89a,2,0.04922528564929962,0.5374671816825867,0.5374671816825867,1.0,1.0,0.0,0.0,0.0,-0.4369328022003174,3.166496753692627e-07
VTM-003285,DG-1ff1ce12d66b,2,0.04884348809719086,0.5104233622550964,0.5104233622550964,1.0,1.0,0.0,0.0,0.0,-0.8038617372512817,0.0
VTM-003292,DG-eddf3fe91859,2,0.04962578043341637,0.5376511216163635,0.5376511216163635,1.0,1.0,1.0,0.0,0.0,0.49259254336357117,0.006894469261169434
VTM-003295,DG-d59fd9a05c51,2,0.048482853919267654,0.5079272389411926,0.5079272389411926,1.0,1.0,0.0,0.0,0.0,-0.9540106058120728,9.532319381833076e-06
VTM-003310,DG-1b4c1aa9a9fe,2,0.04939701780676842,0.521304726600647,0.521304726600647,1.0,1.0,0.0,0.0,0.0,-0.3972756266593933,0.0
VTM-003312,DG-fbffbc92ac4c,2,0.04952973127365112,0.531093418598175,0.531093418598175,1.0,1.0,1.0,0.0,0.0,0.4981743395328522,0.0028211474418640137
VTM-003317,DG-0d894807161b,2,0.048125848174095154,0.5179827809333801,0.5179827809333801,1.0,1.0,0.0,0.0,0.0,-0.6661510467529297,0.0036477595567703247
VTM-003320,DG-22b3614d5d80,2,0.049095071852207184,0.5159060955047607,0.5159060955047607,1.0,1.0,0.0,0.0,0.0,-0.7445461750030518,0.0
VTM-003333,DG-661055fb0015,2,0.04886329174041748,0.5097325444221497,0.5097325444221497,1.0,1.0,0.0,0.0,0.0,-0.8037136197090149,3.2043084502220154e-05
VTM-003336,DG-3dba07bb68d0,2,0.04891994222998619,0.5327168703079224,0.5327168703079224,1.0,1.0,0.0,0.0,0.0,-0.5474058985710144,3.6648125387728214e-06
VTM-003339,DG-4035b23cd25e,2,0.04894525930285454,0.5159997940063477,0.5159997940063477,1.0,1.0,0.0,0.0,0.0,-0.7759440541267395,7.434748113155365e-06
VTM-003346,DG-ee78988ee792,2,0.04914852976799011,0.5213473439216614,0.5213473439216614,1.0,1.0,0.0,0.0,0.0,-0.6824451684951782,0.0
VTM-003349,DG-a0069817896e,2,0.04935469850897789,0.5488710999488831,0.5488710999488831,1.0,1.0,0.0,0.0,0.0,-0.5102407336235046,0.001214154064655304
VTM-003350,DG-0690521d9dd1,2,0.04921341687440872,0.5414569973945618,0.5414569973945618,1.0,1.0,0.0,0.0,0.0,-0.740588366985321,1.6712583601474762e-05
VTM-003360,DG-8944adb9e4d0,2,0.04842584952712059,0.5056318640708923,0.5056318640708923,1.0,1.0,0.0,0.0,0.0,-0.8976667523384094,1.910957507789135e-06
VTM-003365,DG-9024f403e746,2,0.04945437237620354,0.5313449501991272,0.5313449501991272,1.0,1.0,0.0,0.0,0.0,-0.29860562086105347,0.0003615915775299072
VTM-003368,DG-5c008822d96c,2,0.04928526654839516,0.5338398218154907,0.5338398218154907,1.0,1.0,0.0,0.0,0.0,-0.5093245506286621,1.1388212442398071e-05
VTM-003372,DG-9a2260bd7fa8,2,0.049016136676073074,0.540726363658905,0.540726363658905,1.0,1.0,0.0,0.0,0.0,-0.2067544162273407,0.004756540060043335
VTM-003376,DG-377a00333bb0,2,0.04958353936672211,0.5360184907913208,0.5360184907913208,1.0,1.0,0.0,0.0,0.0,-0.2417784035205841,0.006180375814437866
VTM-003377,DG-097f1d18428b,2,0.048551954329013824,0.5082947015762329,0.5082947015762329,1.0,1.0,0.0,0.0,0.0,-0.9443801641464233,3.1818635761737823e-06
VTM-003382,DG-158ff5dc1237,2,0.04841798171401024,0.5080909132957458,0.5080909132957458,1.0,1.0,0.0,0.0,0.0,-0.9270104765892029,3.400578862056136e-06
VTM-003385,DG-ea65739cc711,2,0.04833335429430008,0.5023375153541565,0.5023375153541565,1.0,1.0,0.0,0.0,0.0,-0.9090020656585693,0.0
VTM-003389,DG-b1744c7cf0c2,2,0.04842718318104744,0.5081098675727844,0.5081098675727844,1.0,1.0,0.0,0.0,0.0,-0.9864757657051086,2.719403710216284e-06
VTM-003403,DG-63aee8bc16a5,2,0.04931206628680229,0.5323972702026367,0.5323972702026367,1.0,1.0,0.0,0.0,0.0,-0.49369943141937256,6.385333836078644e-05
VTM-003410,DG-7c7d670e261b,2,0.049071282148361206,0.5103297829627991,0.5103297829627991,1.0,1.0,0.0,0.0,0.0,-0.6298544406890869,0.0006694532930850983
VTM-003411,DG-07115f81dfcd,2,0.048514749854803085,0.5084743499755859,0.5084743499755859,1.0,1.0,0.0,0.0,0.0,-0.9633494019508362,6.326590664684772e-07
VTM-003413,DG-824db2e21f39,2,0.04866022989153862,0.503738284111023,0.503738284111023,1.0,1.0,0.0,0.0,0.0,-0.82762610912323,2.2176653146743774e-05
VTM-003421,DG-4abd43475340,2,0.049268532544374466,0.5261290669441223,0.5261290669441223,1.0,1.0,0.0,0.0,0.0,-0.4760957360267639,0.0
VTM-003435,DG-96d7f42c0adb,2,0.048373714089393616,0.5013898611068726,0.5013898611068726,1.0,1.0,0.0,0.0,0.0,-0.918521523475647,0.0001475694589316845
VTM-003440,DG-261ea5b34997,2,0.049193624407052994,0.5468973517417908,0.5468973517417908,1.0,1.0,0.0,0.0,0.0,-0.7815344333648682,0.0
VTM-003449,DG-16b8d9127ed1,2,0.04920801520347595,0.5147486329078674,0.5147486329078674,1.0,1.0,0.0,0.0,0.0,-0.6319708228111267,0.002653464674949646
VTM-003454,DG-6bd160447dec,2,0.04838882014155388,0.5081534385681152,0.5081534385681152,1.0,1.0,0.0,0.0,0.0,-0.9779989123344421,1.3110286090523005e-05
VTM-003460,DG-e96452f60267,2,0.0488303080201149,0.5244320631027222,0.5244320631027222,1.0,1.0,0.0,0.0,0.0,-0.535460352897644,0.0012346059083938599
VTM-003461,DG-d3a537a397ff,2,0.048506155610084534,0.509074330329895,0.509074330329895,1.0,1.0,0.0,0.0,0.0,-0.9931453466415405,1.2025469914078712e-05
VTM-003465,DG-c7491a8989bf,2,0.04864754527807236,0.5093150734901428,0.5093150734901428,1.0,1.0,0.0,0.0,0.0,-0.9306340217590332,1.5737488865852356e-05
VTM-003466,DG-aa46a7de04fc,2,0.049073804169893265,0.5437923073768616,0.5437923073768616,1.0,1.0,0.0,0.0,0.0,-0.8157460689544678,0.0
VTM-003467,DG-429d37c43d66,2,0.04842375963926315,0.5062347650527954,0.5062347650527954,1.0,1.0,0.0,0.0,0.0,-0.932196319103241,0.0
VTM-003480,DG-3d3d9d2099e2,2,0.04887707158923149,0.5122324228286743,0.5122324228286743,1.0,1.0,0.0,0.0,0.0,-0.8480512499809265,0.0
VTM-003482,DG-bfed05c4de06,2,0.04902693256735802,0.5155368447303772,0.5155368447303772,1.0,1.0,0.0,0.0,0.0,-0.8007497787475586,0.0
VTM-003488,DG-920d18c7cd9b,2,0.048437364399433136,0.509087324142456,0.509087324142456,1.0,1.0,0.0,0.0,0.0,-0.9956815838813782,0.0
VTM-003491,DG-d3548175b837,2,0.0477101095020771,0.5205471515655518,0.5205471515655518,1.0,1.0,0.0,0.0,0.0,-0.8705126643180847,0.0
VTM-003493,DG-52defffa941a,2,0.04848499596118927,0.5079646706581116,0.5079646706581116,1.0,1.0,0.0,0.0,0.0,-0.9909067749977112,0.0
VTM-003496,DG-7f1d4e8c35e6,2,0.04945225268602371,0.5230674743652344,0.5230674743652344,1.0,1.0,0.0,0.0,0.0,-0.5375092029571533,4.336237907409668e-06
VTM-003506,DG-e33088583ef2,2,0.04881065711379051,0.5087526440620422,0.5087526440620422,1.0,1.0,0.0,0.0,0.0,-0.8975574374198914,0.0
VTM-003508,DG-a38b0a9744eb,2,0.048549044877290726,0.5085258483886719,0.5085258483886719,1.0,1.0,0.0,0.0,0.0,-0.9302337765693665,0.0
VTM-003511,DG-f72b8cc0acd6,2,0.04855423793196678,0.509555995464325,0.509555995464325,1.0,1.0,0.0,0.0,0.0,-0.981968343257904,8.450093446299434e-06
VTM-003522,DG-910752bb3793,2,0.0484841987490654,0.507993757724762,0.507993757724762,1.0,1.0,0.0,0.0,0.0,-0.9735613465309143,1.8403981812298298e-05
VTM-003524,DG-be614c901c26,2,0.048576582223176956,0.5068531036376953,0.5068531036376953,1.0,1.0,0.0,0.0,0.0,-0.9104401469230652,4.478730261325836e-06
VTM-003525,DG-ac33ddbd658c,2,0.049473267048597336,0.5439049005508423,0.5439049005508423,1.0,1.0,0.0,0.0,0.0,-0.12673905491828918,0.0033942759037017822
VTM-003529,DG-e5a471320004,2,0.048657067120075226,0.5080667734146118,0.5080667734146118,1.0,1.0,0.0,0.0,0.0,-0.8848219513893127,1.7173588275909424e-06
VTM-003533,DG-fe261ae27bba,2,0.04868965968489647,0.5098342299461365,0.5098342299461365,1.0,1.0,0.0,0.0,0.0,-0.8672919273376465,0.0
VTM-003543,DG-3398d3725b33,2,0.048221655189991,0.5063302516937256,0.5063302516937256,1.0,1.0,0.0,0.0,0.0,-0.9913455843925476,1.5657860785722733e-07
VTM-003545,DG-09051d5fe4a8,2,0.048259180039167404,0.5074185729026794,0.5074185729026794,1.0,1.0,0.0,0.0,0.0,-0.997084379196167,0.0
VTM-003549,DG-25715dcbbdb0,2,0.048235781490802765,0.5069176554679871,0.5069176554679871,1.0,1.0,0.0,0.0,0.0,-0.9924741983413696,1.173903001472354e-07
VTM-003554,DG-f0ce4e81bd3e,2,0.04888206347823143,0.5060091614723206,0.5060091614723206,1.0,1.0,0.0,0.0,0.0,-0.6739652752876282,0.0001207226887345314
VTM-003555,DG-8e8e41ab8e34,2,0.04837162420153618,0.507789134979248,0.507789134979248,1.0,1.0,0.0,0.0,0.0,-0.988953173160553,1.592555781826377e-05
VTM-003562,DG-537b7d49f26f,2,0.04910920187830925,0.5211589932441711,0.5211589932441711,1.0,1.0,0.0,0.0,0.0,-0.6996365189552307,4.222150892019272e-06
VTM-003566,DG-4defa7fa3a5e,2,0.048513688147068024,0.5078115463256836,0.5078115463256836,1.0,1.0,0.0,0.0,0.0,-0.9478995203971863,9.748619049787521e-07
VTM-003567,DG-7e9e27e48328,2,0.04911838099360466,0.5137840509414673,0.5137840509414673,1.0,1.0,0.0,0.0,0.0,-0.605535626411438,1.6335397958755493e-05
VTM-003568,DG-e3ccf6d9ccfd,2,0.048646848648786545,0.5089645385742188,0.5089645385742188,1.0,1.0,0.0,0.0,0.0,-0.9373513460159302,5.2158720791339874e-06
VTM-003575,DG-8e1404ad1726,2,0.04900277405977249,0.5396970510482788,0.5396970510482788,1.0,1.0,0.0,0.0,0.0,-0.43984895944595337,5.681067705154419e-05
VTM-003591,DG-ddbf75ddcd6e,2,0.049411457031965256,0.5379146337509155,0.5379146337509155,1.0,1.0,0.0,0.0,0.0,-0.4207153022289276,7.157400250434875e-05
VTM-003594,DG-5e8919787bf8,2,0.048496000468730927,0.5081262588500977,0.5081262588500977,1.0,1.0,0.0,0.0,0.0,-0.9385355114936829,2.371496520936489e-05
VTM-003598,DG-9bcead480c48,2,0.04839877411723137,0.5068698525428772,0.5068698525428772,1.0,1.0,0.0,0.0,0.0,-0.9854334592819214,8.378410711884499e-07
VTM-003602,DG-0c8e223a4767,2,0.04834933206439018,0.5067247152328491,0.5067247152328491,1.0,1.0,0.0,0.0,0.0,-0.9786349534988403,1.3459939509630203e-06
VTM-003616,DG-abad6d7d8080,2,0.04780074954032898,0.5279891490936279,0.5279891490936279,1.0,1.0,0.0,0.0,0.0,-0.9443844556808472,0.0
VTM-003617,DG-fafc140d3a11,2,0.048406150192022324,0.505288302898407,0.505288302898407,1.0,1.0,0.0,0.0,0.0,-0.9724904298782349,7.724389433860779e-06
VTM-003627,DG-250b978331a9,2,0.04918517544865608,0.5490199327468872,0.5490199327468872,1.0,1.0,0.0,0.0,0.0,-0.5045539140701294,0.0
VTM-003629,DG-a95fa2858248,2,0.0484079010784626,0.5077900290489197,0.5077900290489197,1.0,1.0,0.0,0.0,0.0,-0.9899572730064392,1.259788405150175e-06
VTM-003634,DG-198ae0a6221b,2,0.04846758767962456,0.5088522434234619,0.5088522434234619,1.0,1.0,0.0,0.0,0.0,-0.993233859539032,2.959044650197029e-06
VTM-003635,DG-9b1ae3e424e1,2,0.04862320423126221,0.5089120268821716,0.5089120268821716,1.0,1.0,0.0,0.0,0.0,-0.908095121383667,6.654299795627594e-07
VTM-003638,DG-3f6e67869303,2,0.04821866750717163,0.5074869990348816,0.5074869990348816,1.0,1.0,0.0,0.0,0.0,-0.9904173612594604,4.6141212806105614e-07
VTM-003640,DG-92b9ab8ad16a,2,0.04860423505306244,0.5094393491744995,0.5094393491744995,1.0,1.0,0.0,0.0,0.0,-0.9020875096321106,3.95957613363862e-06
VTM-003649,DG-2e6c89c5b3ae,2,0.04843577370047569,0.5086039304733276,0.5086039304733276,1.0,1.0,0.0,0.0,0.0,-0.9722924828529358,1.1779775377362967e-05
VTM-003653,DG-3ab34db7bfd1,2,0.04901746287941933,0.5457962155342102,0.5457962155342102,1.0,1.0,0.0,0.0,0.0,-0.5551392436027527,0.0
VTM-003656,DG-190999b9116a,2,0.04904245585203171,0.5405996441841125,0.5405996441841125,1.0,1.0,0.0,0.0,0.0,-0.6436301469802856,0.0
VTM-003662,DG-bb227bfb3420,2,0.04918324202299118,0.5150095820426941,0.5150095820426941,1.0,1.0,0.0,0.0,0.0,-0.6788615584373474,0.0
VTM-003671,DG-3e00c1c23538,2,0.04824550449848175,0.5076666474342346,0.5076666474342346,1.0,1.0,0.0,0.0,0.0,-0.9866881966590881,0.0
VTM-003672,DG-822cf8738f5d,2,0.048219360411167145,0.5031383037567139,0.5031383037567139,1.0,1.0,0.0,0.0,0.0,-0.9427341818809509,0.0
VTM-003677,DG-1c277c481e71,2,0.048358019441366196,0.5079175233840942,0.5079175233840942,1.0,1.0,0.0,0.0,0.0,-0.9944865107536316,9.63234924711287e-06
VTM-003684,DG-9143c728f2e4,2,0.04861913621425629,0.5092668533325195,0.5092668533325195,1.0,1.0,0.0,0.0,0.0,-0.9205650091171265,0.0
VTM-003689,DG-c3f58842267c,2,0.0491945743560791,0.5377134680747986,0.5377134680747986,1.0,1.0,0.0,0.0,0.0,-0.6493057012557983,0.0
VTM-003699,DG-6fc8c9dd46c2,2,0.048965826630592346,0.5139496922492981,0.5139496922492981,1.0,1.0,0.0,0.0,0.0,-0.8217238187789917,3.757886588573456e-05
VTM-003703,DG-4b6f3648f005,2,0.04873877018690109,0.5105084776878357,0.5105084776878357,1.0,1.0,0.0,0.0,0.0,-0.9044697284698486,9.203562512993813e-06
VTM-003709,DG-7ab9f8718c59,2,0.04906883090734482,0.5181021094322205,0.5181021094322205,1.0,1.0,0.0,0.0,0.0,-0.7505052089691162,1.9493745639920235e-07
VTM-003710,DG-2dd24a7e74de,2,0.04851396009325981,0.5091690421104431,0.5091690421104431,1.0,1.0,0.0,0.0,0.0,-0.9532191753387451,3.818422555923462e-06
VTM-003716,DG-fec0e3ebe36c,2,0.04831311106681824,0.5074994564056396,0.5074994564056396,1.0,1.0,0.0,0.0,0.0,-0.9941744208335876,2.6185298338532448e-06
VTM-003720,DG-f29984ccdfbc,2,0.04906309396028519,0.5209881067276001,0.5209881067276001,1.0,1.0,0.0,0.0,0.0,-0.6811566948890686,1.3919547200202942e-05
VTM-003721,DG-450b654cca09,2,0.04896707832813263,0.5491023659706116,0.5491023659706116,1.0,1.0,0.0,0.0,0.0,-0.6381158828735352,0.0
VTM-003722,DG-36c1b91e92c4,2,0.048900604248046875,0.5098114013671875,0.5098114013671875,1.0,1.0,0.0,0.0,0.0,-0.7729831337928772,0.0
VTM-003723,DG-9ac1992626f5,2,0.04837850481271744,0.5074700713157654,0.5074700713157654,1.0,1.0,0.0,0.0,0.0,-0.9793359041213989,4.104222171008587e-07
VTM-003725,DG-3c0710e2cf7a,2,0.049241140484809875,0.541167140007019,0.541167140007019,1.0,1.0,0.0,0.0,0.0,-0.701462984085083,0.0
VTM-003730,DG-2a71e1dd984b,2,0.048369210213422775,0.5075665712356567,0.5075665712356567,1.0,1.0,0.0,0.0,0.0,-0.9645593166351318,0.0
VTM-003731,DG-203527ab6025,2,0.04923134669661522,0.5328914523124695,0.5328914523124695,1.0,1.0,0.0,0.0,0.0,-0.5064710378646851,3.6082230508327484e-05
VTM-003732,DG-4da9660a3e4a,2,0.049118783324956894,0.5192436575889587,0.5192436575889587,1.0,1.0,0.0,0.0,0.0,-0.6914491057395935,0.0
VTM-003733,DG-01bda451d9d8,2,0.0489959716796875,0.5181527137756348,0.5181527137756348,1.0,1.0,0.0,0.0,0.0,-0.7356580495834351,4.774867556989193e-05
VTM-003734,DG-f4757a09ca77,2,0.048704780638217926,0.5102965831756592,0.5102965831756592,1.0,1.0,0.0,0.0,0.0,-0.9070244431495667,0.0
VTM-003736,DG-098cd3520726,2,0.04907741770148277,0.5503754615783691,0.5503754615783691,1.0,1.0,0.0,0.0,0.0,-0.623176097869873,0.0
VTM-003738,DG-3fcc6443e50b,2,0.04870135709643364,0.50959312915802,0.50959312915802,1.0,1.0,0.0,0.0,0.0,-0.880260705947876,7.521756924688816e-05
VTM-003740,DG-27aea3fc2159,2,0.04926193505525589,0.538760781288147,0.538760781288147,1.0,1.0,0.0,0.0,0.0,-0.9088752865791321,0.0
VTM-003744,DG-4cc593148c28,2,0.0492691732943058,0.5244719386100769,0.5244719386100769,1.0,1.0,0.0,0.0,0.0,-0.6344091296195984,0.00020852498710155487
VTM-003750,DG-515956afdf20,2,0.048694804310798645,0.5101379156112671,0.5101379156112671,1.0,1.0,0.0,0.0,0.0,-0.9124763011932373,0.0
VTM-003782,DG-fd86295b3985,2,0.048816122114658356,0.5124765038490295,0.5124765038490295,1.0,1.0,0.0,0.0,0.0,-0.8424282670021057,1.0273652151226997e-06
VTM-003791,DG-9dff8031a414,2,0.04883824288845062,0.5115917921066284,0.5115917921066284,1.0,1.0,0.0,0.0,0.0,-0.8528330326080322,8.961418643593788e-05
VTM-003793,DG-4323ca94ec6c,2,0.0490269660949707,0.5184823870658875,0.5184823870658875,1.0,1.0,0.0,0.0,0.0,-0.7206618189811707,9.760260581970215e-06
VTM-003796,DG-4ec837d93f83,2,0.049111440777778625,0.5154607892036438,0.5154607892036438,1.0,1.0,0.0,0.0,0.0,-0.6870028972625732,8.957274258136749e-05
VTM-003805,DG-78baa91d3b62,2,0.049412719905376434,0.5281749367713928,0.5281749367713928,1.0,1.0,0.0,0.0,0.0,-0.5369153618812561,0.00016039609909057617
VTM-003807,DG-ffb1301309a4,2,0.049287065863609314,0.5383199453353882,0.5383199453353882,1.0,1.0,0.0,0.0,0.0,-0.44840312004089355,0.00029992591589689255
VTM-003810,DG-b4aae2ea6684,2,0.049213532358407974,0.5313661694526672,0.5313661694526672,1.0,1.0,0.0,0.0,0.0,-0.49892038106918335,0.0
VTM-003813,DG-49391b2e04a9,2,0.048955634236335754,0.5151073932647705,0.5151073932647705,1.0,1.0,0.0,0.0,0.0,-0.7752283215522766,3.316579386591911e-05
VTM-003816,DG-7ed07056e72b,2,0.04890139773488045,0.5132926106452942,0.5132926106452942,1.0,1.0,0.0,0.0,0.0,-0.8413870930671692,7.988419383764267e-06
VTM-003823,DG-761d07d6b728,2,0.04948028549551964,0.5490556359291077,0.5490556359291077,1.0,1.0,0.0,0.0,0.0,-0.6275784373283386,0.0
VTM-003826,DG-aa64a9902042,2,0.04853145033121109,0.5052347183227539,0.5052347183227539,1.0,1.0,0.0,0.0,0.0,-0.8676968812942505,7.156282663345337e-06
VTM-003827,DG-285a110f7562,2,0.048576295375823975,0.5087171792984009,0.5087171792984009,1.0,1.0,0.0,0.0,0.0,-0.9262260794639587,2.955435775220394e-06
VTM-003831,DG-4be4d721e464,2,0.04852019622921944,0.5081996917724609,0.5081996917724609,1.0,1.0,0.0,0.0,0.0,-0.9583054780960083,1.1916738003492355e-05
VTM-003832,DG-aedfdef6c9dd,2,0.04917408525943756,0.5463250279426575,0.5463250279426575,1.0,1.0,0.0,0.0,0.0,-0.5887922048568726,0.00018483400344848633
VTM-003840,DG-3cf31fae6d23,2,0.04881024733185768,0.5122573375701904,0.5122573375701904,1.0,1.0,0.0,0.0,0.0,-0.8383230566978455,0.0
VTM-003843,DG-e2df066724b5,2,0.04901757463812828,0.536769449710846,0.536769449710846,1.0,1.0,0.0,0.0,0.0,-0.8009419441223145,1.382431946694851e-06
VTM-003850,DG-e94d11f17d33,2,0.04888264089822769,0.5106137990951538,0.5106137990951538,1.0,1.0,0.0,0.0,0.0,-0.8085120320320129,1.2233853340148926e-05
VTM-003855,DG-bba20012f7ff,2,0.04871232062578201,0.5067377090454102,0.5067377090454102,1.0,1.0,0.0,0.0,0.0,-0.8724511861801147,1.0110437870025635e-05
VTM-003856,DG-d3e07d74dc04,2,0.04905302822589874,0.5138536095619202,0.5138536095619202,1.0,1.0,0.0,0.0,0.0,-0.7599196434020996,0.0
VTM-003862,DG-33077a1095e1,2,0.049265485256910324,0.5395662784576416,0.5395662784576416,1.0,1.0,0.0,0.0,0.0,-0.8542042970657349,1.3113254681229591e-05
VTM-003868,DG-988342957832,2,0.049197014421224594,0.527256965637207,0.527256965637207,1.0,1.0,0.0,0.0,0.0,-0.5885456204414368,0.00010330509394407272
VTM-003871,DG-1f03c396a434,2,0.04875871166586876,0.5116351246833801,0.5116351246833801,1.0,1.0,0.0,0.0,0.0,-0.842898964881897,1.9783619791269302e-06
VTM-003876,DG-f14959620d42,2,0.04831237718462944,0.5070654153823853,0.5070654153823853,1.0,1.0,0.0,0.0,0.0,-0.984351396560669,0.0
VTM-003877,DG-591abe10bfe5,2,0.04910026863217354,0.537184476852417,0.537184476852417,1.0,1.0,0.0,0.0,0.0,-0.7362658977508545,1.341220922768116e-06
VTM-003878,DG-811759214977,2,0.049316294491291046,0.5381419658660889,0.5381419658660889,1.0,1.0,0.0,0.0,0.0,-0.1420002430677414,0.006417229771614075
VTM-003887,DG-64d015783567,2,0.0485386848449707,0.5092140436172485,0.5092140436172485,1.0,1.0,0.0,0.0,0.0,-0.9207895994186401,2.142689481843263e-06
VTM-003889,DG-e2f7b314b961,2,0.04898088425397873,0.5202584266662598,0.5202584266662598,1.0,1.0,0.0,0.0,0.0,-0.7028315663337708,0.0
VTM-003891,DG-382fc9f12b38,2,0.04934614896774292,0.5324574708938599,0.5324574708938599,1.0,1.0,0.0,0.0,0.0,-0.4934212565422058,0.0003034621477127075
VTM-003897,DG-3d1dcb27dad7,2,0.04897848144173622,0.5161445140838623,0.5161445140838623,1.0,1.0,0.0,0.0,0.0,-0.7589178085327148,1.4738179743289948e-05
VTM-003903,DG-737047940f15,2,0.048547133803367615,0.5092193484306335,0.5092193484306335,1.0,1.0,0.0,0.0,0.0,-0.8789052963256836,3.052409738302231e-07
VTM-003916,DG-62ff9ecdf8f9,2,0.04840635508298874,0.5073540806770325,0.5073540806770325,1.0,1.0,0.0,0.0,0.0,-0.9348405599594116,0.0
VTM-003921,DG-d6f3bfcc82a3,2,0.04907773807644844,0.5384295582771301,0.5384295582771301,1.0,1.0,0.0,0.0,0.0,-0.8389852643013,2.3466767743229866e-05
VTM-003925,DG-403408a696da,2,0.04959561303257942,0.5454536080360413,0.5454536080360413,1.0,1.0,1.0,0.0,0.0,0.17612099647521973,0.007436811923980713
VTM-003927,DG-30aa90b1e374,2,0.04848262295126915,0.5075870752334595,0.5075870752334595,1.0,1.0,0.0,0.0,0.0,-0.9384262561798096,0.0
VTM-003933,DG-292e31308efb,2,0.04818980023264885,0.507685124874115,0.507685124874115,1.0,1.0,0.0,0.0,0.0,-0.997345507144928,7.087983249220997e-07
VTM-003934,DG-cde12f5c8a99,2,0.04885202646255493,0.5116139650344849,0.5116139650344849,1.0,1.0,0.0,0.0,0.0,-0.841154932975769,3.348570317029953e-05
VTM-003935,DG-d80e49ba3f14,2,0.04839028790593147,0.5079838037490845,0.5079838037490845,1.0,1.0,0.0,0.0,0.0,-0.9589852094650269,6.000278517603874e-06
VTM-003936,DG-a5da20726561,2,0.04876928776502609,0.5161062479019165,0.5161062479019165,1.0,1.0,0.0,0.0,0.0,-0.741818368434906,9.15315467864275e-08
VTM-003944,DG-b8bbdd672761,2,0.04837295040488243,0.5078286528587341,0.5078286528587341,1.0,1.0,0.0,0.0,0.0,-0.935329794883728,1.3952521840110421e-06
VTM-003956,DG-e7ddac66b305,2,0.049059104174375534,0.5374516844749451,0.5374516844749451,1.0,1.0,0.0,0.0,0.0,-0.8937409520149231,9.77234449237585e-05
VTM-003960,DG-d828cab7f924,2,0.048691730946302414,0.5112035274505615,0.5112035274505615,1.0,1.0,0.0,0.0,0.0,-0.8563966155052185,7.752678357064724e-07
VTM-003964,DG-22543172b0c1,2,0.04881076142191887,0.5128950476646423,0.5128950476646423,1.0,1.0,0.0,0.0,0.0,-0.8359240889549255,3.248220309615135e-06
VTM-003972,DG-7df29f37c067,2,0.04851585254073143,0.509309709072113,0.509309709072113,1.0,1.0,0.0,0.0,0.0,-0.9868249297142029,2.0492880139499903e-06
VTM-003996,DG-3669ab7c0ab5,2,0.04859815165400505,0.5069863796234131,0.5069863796234131,1.0,1.0,0.0,0.0,0.0,-0.8944910764694214,0.0
VTM-004003,DG-1ba10078971d,2,0.04932762682437897,0.5300525426864624,0.5300525426864624,1.0,1.0,0.0,0.0,0.0,-0.5086631774902344,2.4396926164627075e-05
VTM-004005,DG-6fc92603d80b,2,0.0482783168554306,0.5073317289352417,0.5073317289352417,1.0,1.0,0.0,0.0,0.0,-0.9808458089828491,0.0
VTM-004007,DG-662b18f75ed5,2,0.049107763916254044,0.5177218914031982,0.5177218914031982,1.0,1.0,0.0,0.0,0.0,-0.719243049621582,6.334111094474792e-05
VTM-004012,DG-b6258a6f84ef,2,0.04847293347120285,0.507849395275116,0.507849395275116,1.0,1.0,0.0,0.0,0.0,-0.9276335835456848,3.403984010219574e-07
VTM-004025,DG-a3276c20df4d,2,0.04835151135921478,0.5087814331054688,0.5087814331054688,1.0,1.0,0.0,0.0,0.0,-0.9967765808105469,4.809757228940725e-06
VTM-004027,DG-6b9df49cf5ae,2,0.048993680626153946,0.5159733891487122,0.5159733891487122,1.0,1.0,0.0,0.0,0.0,-0.7733237743377686,0.0
VTM-004040,DG-195887bfa623,2,0.04876944050192833,0.5057753324508667,0.5057753324508667,1.0,1.0,0.0,0.0,0.0,-0.8127514719963074,3.4598633646965027e-06
VTM-004042,DG-2d1974985d68,2,0.04917597770690918,0.5391556024551392,0.5391556024551392,1.0,1.0,0.0,0.0,0.0,-0.7504976391792297,0.0
VTM-004044,DG-f9d12b79e75f,2,0.04932708665728569,0.5367143154144287,0.5367143154144287,1.0,1.0,0.0,0.0,0.0,-0.5585086941719055,0.0
VTM-004063,DG-94bb3086cbb8,2,0.04928335174918175,0.5297395586967468,0.5297395586967468,1.0,1.0,0.0,0.0,0.0,-0.5799443125724792,7.728487253189087e-05
VTM-004064,DG-24d450703173,2,0.049356475472450256,0.5373833775520325,0.5373833775520325,1.0,1.0,0.0,0.0,0.0,-0.42982059717178345,0.000687476247549057
VTM-004075,DG-4ad0528d18ac,2,0.04825686290860176,0.5077598690986633,0.5077598690986633,1.0,1.0,0.0,0.0,0.0,-0.9846026301383972,5.419606168288738e-07
VTM-004083,DG-778c8a290902,2,0.04926140978932381,0.5251100063323975,0.5251100063323975,1.0,1.0,0.0,0.0,0.0,-0.6449458599090576,0.0
VTM-004084,DG-96c776d4eabe,2,0.0483495257794857,0.5058489441871643,0.5058489441871643,1.0,1.0,0.0,0.0,0.0,-0.9519209861755371,9.734067134559155e-06
VTM-004088,DG-fb4578ab7c80,2,0.04838228225708008,0.506598711013794,0.506598711013794,1.0,1.0,0.0,0.0,0.0,-0.9554579257965088,2.200598828494549e-06
VTM-004093,DG-c8a5825e6950,2,0.04861673712730408,0.510121762752533,0.510121762752533,1.0,1.0,0.0,0.0,0.0,-0.8748483657836914,0.0
VTM-004096,DG-fbf28e0ec8a5,2,0.048745281994342804,0.510658860206604,0.510658860206604,1.0,1.0,0.0,0.0,0.0,-0.8915363550186157,0.0
VTM-004102,DG-d229bb5b117b,2,0.04950806125998497,0.5333969593048096,0.5333969593048096,1.0,1.0,0.0,0.0,0.0,-0.36514559388160706,0.0013393163681030273
VTM-004104,DG-f9940d52117c,2,0.04915044829249382,0.5264816880226135,0.5264816880226135,1.0,1.0,0.0,0.0,0.0,-0.5850703716278076,0.0
VTM-004109,DG-8e51afeeacec,2,0.04854752868413925,0.5086231827735901,0.5086231827735901,1.0,1.0,0.0,0.0,0.0,-0.9162594079971313,4.74235275760293e-06
VTM-004110,DG-de4a1c71f1f3,2,0.04917050153017044,0.5207475423812866,0.5207475423812866,1.0,1.0,0.0,0.0,0.0,-0.7188092470169067,3.0407682061195374e-06
VTM-004111,DG-1704c11ac22f,2,0.04939647018909454,0.5393267273902893,0.5393267273902893,1.0,1.0,0.0,0.0,0.0,-0.4716590642929077,0.0
VTM-004116,DG-62c3dea7d681,2,0.049439627677202225,0.5502885580062866,0.5502885580062866,1.0,1.0,0.0,0.0,0.0,-0.3670474886894226,0.0070707350969314575
VTM-004137,DG-03cb4d8280c5,3,0.04802211746573448,0.5380355715751648,0.5380355715751648,1.0,1.0,0.0,0.0,0.0,-0.9230799674987793,0.0
VTM-004140,DG-36252213f314,3,0.04830120503902435,0.5374563336372375,0.5374563336372375,1.0,1.0,0.0,0.0,0.0,-0.8275179862976074,1.029670238494873e-05
VTM-004154,DG-abc4ece41987,3,0.04903390631079674,0.5373929738998413,0.5373929738998413,1.0,1.0,0.0,0.0,0.0,-0.4890054166316986,0.00028252974152565
VTM-004155,DG-a636b5037976,3,0.04835900664329529,0.5482081770896912,0.5482081770896912,1.0,1.0,0.0,0.0,0.0,-0.7420075535774231,6.490666419267654e-05
VTM-004158,DG-93521f3682a4,3,0.04830710217356682,0.5038132071495056,0.5038132071495056,1.0,1.0,0.0,0.0,0.0,-0.9322046041488647,2.3830216377973557e-07
VTM-004159,DG-32645abe6c40,3,0.04867193475365639,0.5366489887237549,0.5366489887237549,1.0,1.0,0.0,0.0,0.0,-0.6900783777236938,2.0553357899188995e-05
VTM-004162,DG-e88b5f73d62e,3,0.04905777797102928,0.5129398703575134,0.5129398703575134,1.0,1.0,0.0,0.0,0.0,-0.6751561760902405,4.50722873210907e-05
VTM-004178,DG-b6746205a70e,3,0.04972066730260849,0.5463100075721741,0.5463100075721741,1.0,1.0,1.0,0.0,0.0,0.4198916256427765,0.0
VTM-004183,DG-4ad5a7e7e695,3,0.04752621054649353,0.5210350751876831,0.5210350751876831,1.0,1.0,0.0,0.0,0.0,-0.977135419845581,0.0
VTM-004190,DG-dcee6fb17ddd,3,0.049463141709566116,0.5402808785438538,0.5402808785438538,1.0,1.0,1.0,0.0,0.0,0.23577724397182465,0.005107104778289795
VTM-004201,DG-0f59261d4d4f,3,0.047854065895080566,0.5357778668403625,0.5357778668403625,1.0,1.0,0.0,0.0,0.0,-0.9613134860992432,0.0002589150099083781
VTM-004203,DG-b8fbe6502090,3,0.049110010266304016,0.5402824282646179,0.5402824282646179,1.0,1.0,0.0,0.0,0.0,-0.25702813267707825,0.000558510422706604
VTM-004204,DG-b19f1dc1d9f6,3,0.04816839471459389,0.5250197052955627,0.5250197052955627,1.0,1.0,0.0,0.0,0.0,-0.8178956508636475,0.0011869557201862335
VTM-004209,DG-17021d22a929,3,0.04899566248059273,0.5303381085395813,0.5303381085395813,1.0,1.0,1.0,0.0,0.0,0.26082587242126465,0.016452133655548096
VTM-004211,DG-1d36ceddf19c,3,0.04995649680495262,0.5260341167449951,0.5260341167449951,1.0,1.0,1.0,0.0,0.0,0.8323268890380859,0.008329689502716064
VTM-004212,DG-94683f2f8a87,3,0.04913298413157463,0.5305429697036743,0.5305429697036743,1.0,1.0,1.0,0.0,0.0,0.33612945675849915,0.023872733116149902
VTM-004220,DG-89cdb51c4697,3,0.049513887614011765,0.5302565693855286,0.5302565693855286,1.0,1.0,1.0,0.0,0.0,0.6399214267730713,0.013867378234863281
VTM-004221,DG-22ef1eebfb8d,3,0.049555983394384384,0.526302695274353,0.526302695274353,1.0,1.0,1.0,0.0,0.0,0.7005104422569275,0.01621413230895996
VTM-004222,DG-1e0695c4192d,3,0.048576369881629944,0.5283132791519165,0.5283132791519165,0.7232699394226074,1.0,0.0,0.0,0.0,-0.02868327498435974,0.03548264503479004
VTM-004224,DG-e130c8625a9a,3,0.04895132780075073,0.5217143297195435,0.5217143297195435,0.632915735244751,1.0,1.0,0.0,0.0,0.44128912687301636,0.04035073518753052
VTM-004226,DG-5cfec6919979,3,0.04836105555295944,0.5369051098823547,0.5369051098823547,1.0,1.0,0.0,0.0,0.0,-0.7527363896369934,0.0009776987135410309
VTM-004227,DG-4ebe6c44e12a,3,0.049519769847393036,0.5353105664253235,0.5353105664253235,1.0,1.0,1.0,0.0,0.0,0.4952426552772522,0.018327832221984863
VTM-004228,DG-4db88c299408,3,0.04920075833797455,0.5284721255302429,0.5284721255302429,0.9292718768119812,1.0,1.0,0.0,0.0,0.4738735556602478,0.02798020839691162
VTM-004229,DG-b2f380bd5029,3,0.049738120287656784,0.5316033959388733,0.5316033959388733,1.0,1.0,1.0,0.0,0.0,0.7044730186462402,0.010590076446533203
VTM-004231,DG-1abc445edc31,3,0.050002165138721466,0.5196031928062439,0.5196031928062439,1.0,1.0,1.0,0.0,0.0,0.973527729511261,0.0030448436737060547
VTM-004245,DG-2060f9e29a23,3,0.04944004863500595,0.5292986035346985,0.5292986035346985,0.7860519289970398,1.0,1.0,0.0,0.0,0.6069062948226929,0.03329110145568848
VTM-004247,DG-8adbbccdd724,3,0.050079260021448135,0.5273529291152954,0.5273529291152954,1.0,1.0,1.0,0.0,0.0,0.8202438950538635,0.0069086551666259766
VTM-004252,DG-09a432e2b831,3,0.04926757887005806,0.5320622324943542,0.5320622324943542,0.8804605007171631,1.0,1.0,0.0,0.0,0.4863521456718445,0.029772400856018066
VTM-004254,DG-791f22659a0e,3,0.04808897525072098,0.5360032916069031,0.5360032916069031,1.0,1.0,0.0,0.0,0.0,-0.9305475950241089,0.0
VTM-004262,DG-66a5461be3ce,3,0.04795117303729057,0.523932158946991,0.523932158946991,1.0,1.0,0.0,0.0,0.0,-0.7050089240074158,0.0035536736249923706
VTM-004266,DG-b39923e015fb,3,0.04855136200785637,0.5353568196296692,0.5353568196296692,1.0,1.0,0.0,0.0,0.0,-0.45611149072647095,0.006966695189476013
VTM-004267,DG-d925da51e984,3,0.048373736441135406,0.5511908531188965,0.5511908531188965,1.0,1.0,0.0,0.0,0.0,-0.6408153176307678,3.500725142657757e-05
VTM-004278,DG-6d3ffb9c1414,3,0.047969117760658264,0.5404890775680542,0.5404890775680542,1.0,1.0,0.0,0.0,0.0,-0.9683530330657959,2.559780841693282e-05
VTM-004279,DG-13dbc7077595,3,0.04765744134783745,0.5263053774833679,0.5263053774833679,1.0,1.0,0.0,0.0,0.0,-0.9535285234451294,0.0006687282584607601
VTM-004289,DG-1a0ff4cf7ad0,3,0.04741264134645462,0.5180858373641968,0.5180858373641968,1.0,1.0,0.0,0.0,0.0,-0.9890622496604919,0.0
VTM-004298,DG-def14538a6dc,3,0.049095552414655685,0.5501759052276611,0.5501759052276611,1.0,1.0,0.0,0.0,0.0,-0.6955263018608093,0.0035069063305854797
VTM-004301,DG-bb8d092cc2a9,3,0.047414954751729965,0.514531135559082,0.514531135559082,1.0,1.0,0.0,0.0,0.0,-0.966778576374054,1.846696250140667e-05
VTM-004306,DG-e140b99834b5,3,0.049391478300094604,0.5491187572479248,0.5491187572479248,1.0,1.0,0.0,0.0,0.0,-0.20396491885185242,0.0
VTM-004307,DG-115678ab2998,3,0.04783592000603676,0.5367596745491028,0.5367596745491028,1.0,1.0,0.0,0.0,0.0,-0.9970221519470215,0.0
VTM-004320,DG-b7bf2f2e5a61,3,0.0483848974108696,0.5290780067443848,0.5290780067443848,1.0,1.0,0.0,0.0,0.0,-0.7875699400901794,0.0006040576845407486
VTM-004330,DG-0e3eb81d53c1,3,0.048552244901657104,0.5202352404594421,0.5202352404594421,1.0,1.0,0.0,0.0,0.0,-0.7253463268280029,0.0005421154201030731
VTM-004333,DG-44d15721c9e7,3,0.048626456409692764,0.5333238244056702,0.5333238244056702,1.0,1.0,0.0,0.0,0.0,-0.6578978300094604,0.00041558966040611267
VTM-004339,DG-df0e950690cd,3,0.04877574369311333,0.5483106374740601,0.5483106374740601,1.0,1.0,0.0,0.0,0.0,-0.6545673608779907,2.5157351046800613e-05
VTM-004343,DG-f8502eda04e2,3,0.049583300948143005,0.5462234616279602,0.5462234616279602,1.0,1.0,1.0,0.0,0.0,0.385192334651947,0.01522839069366455
VTM-004356,DG-52391854c813,3,0.047828443348407745,0.5279152393341064,0.5279152393341064,1.0,1.0,0.0,0.0,0.0,-0.9468222260475159,4.127505235373974e-05
VTM-004368,DG-190a29f63412,3,0.047398485243320465,0.5139615535736084,0.5139615535736084,1.0,1.0,0.0,0.0,0.0,-0.9556601047515869,0.0006835935637354851
VTM-004369,DG-d1667de89144,3,0.04823664203286171,0.5406273603439331,0.5406273603439331,1.0,1.0,0.0,0.0,0.0,-0.8856176137924194,0.0
VTM-004392,DG-cd28b914392d,3,0.049132708460092545,0.546955943107605,0.546955943107605,1.0,1.0,0.0,0.0,0.0,-0.0211581289768219,0.00911220908164978
VTM-004395,DG-b3495bc08c3b,3,0.049497440457344055,0.5483787059783936,0.5483787059783936,1.0,1.0,1.0,0.0,0.0,0.2290777564048767,0.005825519561767578
VTM-004397,DG-61d7630e52cd,3,0.04834257811307907,0.523455023765564,0.523455023765564,1.0,1.0,0.0,0.0,0.0,-0.6556062698364258,0.0014626607298851013
VTM-004403,DG-94ab2759d137,3,0.0472588948905468,0.5107145309448242,0.5107145309448242,1.0,1.0,0.0,0.0,0.0,-0.9677619934082031,0.0002595856785774231
VTM-004404,DG-47d8fd9dfca6,3,0.04883009195327759,0.5318580269813538,0.5318580269813538,1.0,1.0,0.0,0.0,0.0,-0.64139723777771,7.311999797821045e-05
VTM-004405,DG-95f1e7570074,3,0.049152668565511703,0.529378354549408,0.529378354549408,1.0,1.0,1.0,0.0,0.0,0.2780911326408386,0.0029075145721435547
VTM-004407,DG-1bf3d3b7ae53,3,0.04898267611861229,0.5339881181716919,0.5339881181716919,1.0,1.0,0.0,0.0,0.0,-0.38000428676605225,0.0
VTM-004416,DG-f4b897cc3bc8,3,0.048523060977458954,0.5079424381256104,0.5079424381256104,1.0,1.0,0.0,0.0,0.0,-0.9840162992477417,0.0
VTM-004417,DG-719d4b31ae6c,3,0.04744928330183029,0.5155161619186401,0.5155161619186401,1.0,1.0,0.0,0.0,0.0,-0.9545661211013794,1.6069971024990082e-05
VTM-004418,DG-9aae3020dd0b,3,0.04936930164694786,0.5251501202583313,0.5251501202583313,1.0,1.0,0.0,0.0,0.0,-0.322407603263855,0.0006970912218093872
VTM-004422,DG-379750c68c74,3,0.04955314099788666,0.54542076587677,0.54542076587677,1.0,1.0,1.0,0.0,0.0,0.06434318423271179,0.012248992919921875
VTM-004423,DG-9f1af7b13d2f,3,0.04963919147849083,0.5501946806907654,0.5501946806907654,1.0,1.0,0.0,0.0,0.0,0.003252387046813965,0.0099257230758667
VTM-004431,DG-268c07fc4456,3,0.049310557544231415,0.5292641520500183,0.5292641520500183,1.0,1.0,0.0,0.0,0.0,-0.5487026572227478,0.0004235208034515381
VTM-004432,DG-08799787483b,3,0.04772309213876724,0.528777539730072,0.528777539730072,1.0,1.0,0.0,0.0,0.0,-0.9736233353614807,0.0
VTM-004434,DG-c77be5eff59a,3,0.04953772947192192,0.5407780408859253,0.5407780408859253,1.0,1.0,0.0,0.0,0.0,-0.12406456470489502,0.0001891404390335083
VTM-004449,DG-5889b81635cb,3,0.048572711646556854,0.5325941443443298,0.5325941443443298,1.0,1.0,0.0,0.0,0.0,-0.743969202041626,8.764304220676422e-05
VTM-004450,DG-abcb9813a0f9,3,0.04810265451669693,0.526624858379364,0.526624858379364,1.0,1.0,0.0,0.0,0.0,-0.8663724064826965,0.0005622832104563713
VTM-004453,DG-ac0814e1d2ce,3,0.0482630580663681,0.5375045537948608,0.5375045537948608,1.0,1.0,0.0,0.0,0.0,-0.8540546894073486,3.9905309677124023e-05
VTM-004462,DG-bd1a42e1d4c1,3,0.04890250042080879,0.5074113011360168,0.5074113011360168,1.0,1.0,0.0,0.0,0.0,-0.7529200315475464,0.0
VTM-004472,DG-baeb947c7617,3,0.04739470034837723,0.5088086128234863,0.5088086128234863,1.0,1.0,0.0,0.0,0.0,-0.9195653200149536,0.0034198909997940063
VTM-004473,DG-f6eacbcdec2a,3,0.04724879562854767,0.5053845047950745,0.5053845047950745,1.0,1.0,0.0,0.0,0.0,-0.9486995935440063,0.0003794170916080475
VTM-004474,DG-04127e857354,3,0.04891034960746765,0.5137279033660889,0.5137279033660889,1.0,1.0,0.0,0.0,0.0,-0.5571280717849731,0.00018931180238723755
VTM-004475,DG-704bffc2fc01,3,0.047684986144304276,0.5078750848770142,0.5078750848770142,1.0,1.0,0.0,0.0,0.0,-0.8490301370620728,0.00035009533166885376
VTM-004480,DG-d999cbdf9b4b,3,0.049175094813108444,0.5392913222312927,0.5392913222312927,1.0,1.0,0.0,0.0,0.0,-0.9227086305618286,0.0
VTM-004482,DG-162780054af3,3,0.04783608019351959,0.5145246982574463,0.5145246982574463,1.0,1.0,0.0,0.0,0.0,-0.880252480506897,0.0002944367006421089
VTM-004485,DG-33a4a9142c46,3,0.048789817839860916,0.5250339508056641,0.5250339508056641,0.9627044796943665,0.9328781962394714,1.0,0.0,0.0,0.04411190748214722,0.026608705520629883
VTM-004487,DG-9fff6f03fdf4,3,0.04912501573562622,0.5463858842849731,0.5463858842849731,1.0,1.0,0.0,0.0,0.0,-0.36897045373916626,0.00023058056831359863
VTM-004488,DG-2decccec0010,3,0.04889541119337082,0.5422081351280212,0.5422081351280212,1.0,1.0,0.0,0.0,0.0,-0.509871244430542,3.382563591003418e-06
VTM-004498,DG-bf44617a6ab2,3,0.04856916144490242,0.5261685252189636,0.5261685252189636,1.0,1.0,0.0,0.0,0.0,-0.7572041749954224,0.0
VTM-004504,DG-c1aa704d2a6e,3,0.049020737409591675,0.5337210297584534,0.5337210297584534,1.0,1.0,0.0,0.0,0.0,-0.02598416805267334,0.0005486607551574707
VTM-004515,DG-1c6542948e6f,3,0.04826638475060463,0.523116946220398,0.523116946220398,1.0,1.0,0.0,0.0,0.0,-0.49740344285964966,0.0
VTM-004518,DG-f9fe66c5becf,3,0.048766493797302246,0.5481926798820496,0.5481926798820496,1.0,1.0,0.0,0.0,0.0,-0.4103902578353882,0.0
VTM-004525,DG-bbaadd195115,3,0.04923892393708229,0.5375963449478149,0.5375963449478149,1.0,1.0,0.0,0.0,0.0,-0.5184986591339111,5.1662325859069824e-05
VTM-004532,DG-1958ad54fa3a,3,0.048618949949741364,0.5500884652137756,0.5500884652137756,1.0,1.0,0.0,0.0,0.0,-0.5458833575248718,1.96751207113266e-05
VTM-004541,DG-5544322fe5dc,3,0.04903361573815346,0.550850510597229,0.550850510597229,1.0,1.0,0.0,0.0,0.0,-0.13641978800296783,0.015151992440223694
VTM-004542,DG-566bb1ba97ab,3,0.04994897171854973,0.5233632922172546,0.5233632922172546,1.0,1.0,1.0,0.0,0.0,0.9102575778961182,0.006202995777130127
VTM-004544,DG-5dee52144675,3,0.04862150922417641,0.5474257469177246,0.5474257469177246,1.0,1.0,0.0,0.0,0.0,-0.5000788569450378,0.011632874608039856
VTM-004549,DG-a434ef073065,3,0.04893137514591217,0.51967853307724,0.51967853307724,1.0,1.0,0.0,0.0,0.0,-0.5711462497711182,0.0007740892469882965
VTM-004554,DG-d8c270e4d550,3,0.049122199416160583,0.5540758967399597,0.5540758967399597,1.0,1.0,0.0,0.0,0.0,-0.2694525122642517,0.003097325563430786
VTM-004555,DG-6b39bbdc8ae5,3,0.04924042522907257,0.5485938787460327,0.5485938787460327,1.0,1.0,0.0,0.0,0.0,-0.6630017161369324,0.0006067194044589996
VTM-004557,DG-cc9475356267,3,0.04719095677137375,0.510790228843689,0.510790228843689,1.0,1.0,0.0,0.0,0.0,-0.9969987273216248,0.00017347990069538355
VTM-004565,DG-0b9ec2c49631,3,0.04922301322221756,0.5523495078086853,0.5523495078086853,1.0,1.0,0.0,0.0,0.0,-0.3058391809463501,0.001495644450187683
VTM-004566,DG-a96f9eb81289,3,0.04917746037244797,0.5435270667076111,0.5435270667076111,1.0,1.0,0.0,0.0,0.0,-0.8269053101539612,0.0
VTM-004568,DG-ea98ad0adeb4,3,0.04858214780688286,0.5438233017921448,0.5438233017921448,1.0,1.0,0.0,0.0,0.0,-0.6972508430480957,0.0013458989560604095
VTM-004569,DG-6f14e9b225e4,3,0.04752271622419357,0.5140880942344666,0.5140880942344666,1.0,1.0,0.0,0.0,0.0,-0.8416711688041687,0.0038445591926574707
VTM-004572,DG-7a5dd27a3db7,3,0.04739062115550041,0.5173432230949402,0.5173432230949402,1.0,1.0,0.0,0.0,0.0,-0.9869886040687561,0.0
VTM-004578,DG-53312f8ab848,3,0.04866119846701622,0.5272787809371948,0.5272787809371948,1.0,1.0,0.0,0.0,0.0,-0.16546422243118286,0.006598353385925293
VTM-004591,DG-9b5d4c76e13f,3,0.04869163781404495,0.5489650964736938,0.5489650964736938,1.0,1.0,0.0,0.0,0.0,-0.7040213942527771,7.438380271196365e-05
VTM-004594,DG-5e455ae2a2e5,3,0.04894602671265602,0.5266994833946228,0.5266994833946228,1.0,1.0,0.0,0.0,0.0,-0.5987494587898254,0.00022551417350769043
VTM-004611,DG-a1546a58cd91,3,0.04928021878004074,0.5399938821792603,0.5399938821792603,1.0,1.0,0.0,0.0,0.0,-0.38550013303756714,0.0
VTM-004613,DG-89979111c25d,3,0.04915529489517212,0.5481758117675781,0.5481758117675781,1.0,1.0,1.0,0.0,0.0,0.06395137310028076,0.010775208473205566
VTM-004615,DG-d29cacb74737,3,0.04960276558995247,0.5243644714355469,0.5243644714355469,1.0,1.0,1.0,0.0,0.0,0.7506925463676453,0.012789785861968994
VTM-004623,DG-ca33ccf007de,3,0.0490400530397892,0.5122954249382019,0.5122954249382019,1.0,1.0,0.0,0.0,0.0,-0.7144485712051392,2.605840563774109e-05
VTM-004630,DG-210b75b316b3,3,0.04865267127752304,0.5413923859596252,0.5413923859596252,1.0,1.0,0.0,0.0,0.0,-0.6461080312728882,0.001354806125164032
VTM-004650,DG-9815786e0c94,3,0.048062004148960114,0.5253843069076538,0.5253843069076538,1.0,1.0,0.0,0.0,0.0,-0.7527035474777222,0.0
VTM-004656,DG-5d17ac15c3f5,3,0.049205340445041656,0.5284051895141602,0.5284051895141602,1.0,1.0,0.0,0.0,0.0,-0.5963900089263916,0.0
VTM-004659,DG-ec2dd91f462f,3,0.049064792692661285,0.5399325489997864,0.5399325489997864,1.0,1.0,0.0,0.0,0.0,-0.5144767761230469,0.0
VTM-004663,DG-a56f94524b55,3,0.04979914054274559,0.5400782227516174,0.5400782227516174,1.0,1.0,1.0,0.0,0.0,0.4534981846809387,0.0059882402420043945
VTM-004664,DG-b823dff07c3d,3,0.04914271831512451,0.5204689502716064,0.5204689502716064,1.0,1.0,0.0,0.0,0.0,-0.6771019697189331,0.0
VTM-004665,DG-d672f6ddcf24,3,0.04900680482387543,0.5527606010437012,0.5527606010437012,1.0,1.0,0.0,0.0,0.0,-0.5481878519058228,0.0013353079557418823
VTM-004670,DG-ee8061b12d62,3,0.04930345341563225,0.5468529462814331,0.5468529462814331,1.0,1.0,0.0,0.0,0.0,-0.05434951186180115,0.004535108804702759
VTM-004677,DG-7b1cc3374528,3,0.04878825694322586,0.550491988658905,0.550491988658905,1.0,1.0,0.0,0.0,0.0,-0.5991212129592896,0.0001961085945367813
VTM-004683,DG-62ffe2cbfb7e,3,0.04733465239405632,0.5167674422264099,0.5167674422264099,1.0,1.0,0.0,0.0,0.0,-0.99821537733078,2.541899448260665e-06
VTM-004686,DG-498985017e3d,3,0.04844658449292183,0.5388792753219604,0.5388792753219604,1.0,1.0,0.0,0.0,0.0,-0.7132296562194824,0.0
VTM-004695,DG-064bd74f8d66,3,0.0490143857896328,0.5290105938911438,0.5290105938911438,1.0,1.0,0.0,0.0,0.0,-0.38561326265335083,0.0012344717979431152
VTM-004699,DG-4983712b4f53,3,0.049389295279979706,0.5497710108757019,0.5497710108757019,1.0,1.0,0.0,0.0,0.0,-0.10058200359344482,0.00018727779388427734
VTM-004701,DG-3634551650f6,3,0.04788247123360634,0.5246939063072205,0.5246939063072205,1.0,1.0,0.0,0.0,0.0,-0.8411315679550171,0.0
VTM-004713,DG-76a5d9ba4878,3,0.0495186373591423,0.542328417301178,0.542328417301178,1.0,1.0,0.0,0.0,0.0,-0.9090844392776489,0.0
VTM-004717,DG-bac81edd48be,3,0.0492650605738163,0.5505648255348206,0.5505648255348206,1.0,1.0,0.0,0.0,0.0,-0.58388352394104,0.0025967583060264587
VTM-004722,DG-420c337bacad,3,0.04759412631392479,0.512170672416687,0.512170672416687,1.0,1.0,0.0,0.0,0.0,-0.9062944054603577,0.0
VTM-004735,DG-f51b38ebd2ce,3,0.049486055970191956,0.5432083606719971,0.5432083606719971,1.0,1.0,0.0,0.0,0.0,-0.8727444410324097,0.0
VTM-004739,DG-6d00a5116720,3,0.049577612429857254,0.5497943758964539,0.5497943758964539,1.0,1.0,1.0,0.0,0.0,0.201162189245224,0.005045175552368164
VTM-004742,DG-56afffc2c4f3,3,0.04962107911705971,0.5350090265274048,0.5350090265274048,1.0,1.0,0.0,0.0,0.0,-0.9947022795677185,0.0
VTM-004751,DG-3f9343259002,3,0.049671825021505356,0.5311872959136963,0.5311872959136963,1.0,1.0,1.0,0.0,0.0,0.19515877962112427,0.0012484192848205566
VTM-004757,DG-94f14ee45fd9,3,0.04893495514988899,0.5424632430076599,0.5424632430076599,1.0,1.0,0.0,0.0,0.0,-0.21118378639221191,0.006717205047607422
VTM-004768,DG-ef8c2ff8e925,3,0.047814786434173584,0.5224318504333496,0.5224318504333496,1.0,1.0,0.0,0.0,0.0,-0.8855847716331482,0.0
VTM-004776,DG-e649d7ebea33,3,0.048507656902074814,0.5253532528877258,0.5253532528877258,1.0,1.0,0.0,0.0,0.0,-0.5130708813667297,0.002668902277946472
VTM-004783,DG-253d2482c921,3,0.049586400389671326,0.5419532060623169,0.5419532060623169,1.0,1.0,0.0,0.0,0.0,-0.924515426158905,0.0
VTM-004785,DG-f0a32bf60919,3,0.04930741712450981,0.5466246008872986,0.5466246008872986,1.0,1.0,0.0,0.0,0.0,-0.6197264194488525,0.002140358090400696
VTM-004786,DG-f3a4e0b6555c,3,0.0490446463227272,0.5379366278648376,0.5379366278648376,1.0,1.0,1.0,0.0,0.0,0.02907201647758484,0.013866156339645386
VTM-004788,DG-965b2bf1d78a,3,0.04945224151015282,0.5416265726089478,0.5416265726089478,1.0,1.0,0.0,0.0,0.0,-0.12841379642486572,0.0011149495840072632
VTM-004792,DG-f77fc972ec8c,3,0.04977376386523247,0.5298140645027161,0.5298140645027161,1.0,1.0,1.0,0.0,0.0,0.7156480550765991,0.01119154691696167
VTM-004801,DG-aebe66ef7240,3,0.0495719276368618,0.5424088835716248,0.5424088835716248,1.0,1.0,0.0,0.0,0.0,-0.9181389808654785,0.0
VTM-004814,DG-9055b7cc284e,3,0.049723830074071884,0.5320801138877869,0.5320801138877869,1.0,1.0,1.0,0.0,0.0,0.6837925910949707,0.016840040683746338
VTM-004823,DG-8f3494190209,3,0.049460358917713165,0.5358568429946899,0.5358568429946899,1.0,1.0,1.0,0.0,0.0,0.3531816005706787,0.002567470073699951
VTM-004825,DG-80158b250c83,3,0.04920772463083267,0.5449002385139465,0.5449002385139465,1.0,1.0,0.0,0.0,0.0,0.033325791358947754,0.0
VTM-004826,DG-b7a0b5815b3e,3,0.04758090525865555,0.5227553844451904,0.5227553844451904,1.0,1.0,0.0,0.0,0.0,-0.9578498601913452,0.0002854219637811184
VTM-004839,DG-bcfdba1c3c5c,3,0.04912262409925461,0.5494470596313477,0.5494470596313477,1.0,1.0,0.0,0.0,0.0,-0.062200725078582764,0.004054009914398193
VTM-004842,DG-150e4f6aae2e,3,0.04908192530274391,0.5080270171165466,0.5080270171165466,1.0,1.0,0.0,0.0,0.0,-0.6510961651802063,0.0
VTM-004845,DG-3a7a27b4f2ac,3,0.04958803206682205,0.5477334856987,0.5477334856987,1.0,1.0,0.0,0.0,0.0,-0.023932576179504395,0.0015504062175750732
VTM-004854,DG-69246049f0d8,3,0.04790925979614258,0.5287088751792908,0.5287088751792908,1.0,1.0,0.0,0.0,0.0,-0.9074030518531799,0.0
VTM-004855,DG-18aac18a56ef,3,0.04878131300210953,0.532878577709198,0.532878577709198,1.0,1.0,0.0,0.0,0.0,-0.48583298921585083,0.0009535402059555054
VTM-004858,DG-ceaef9a35d40,3,0.048952434211969376,0.5348709225654602,0.5348709225654602,1.0,1.0,0.0,0.0,0.0,-0.6359478235244751,3.5764649510383606e-05
VTM-004860,DG-2778a0b9723d,3,0.04868238419294357,0.5296289324760437,0.5296289324760437,1.0,1.0,0.0,0.0,0.0,-0.5879858732223511,0.0002036765217781067
VTM-004864,DG-00dd679f3312,3,0.049714572727680206,0.5439987182617188,0.5439987182617188,1.0,1.0,1.0,0.0,0.0,0.1176362931728363,0.00451996922492981
VTM-004875,DG-1d354621213a,3,0.04976768419146538,0.5462480783462524,0.5462480783462524,1.0,1.0,0.0,0.0,0.0,-0.10184460878372192,0.002870798110961914
VTM-004878,DG-faf2e184df1b,3,0.048350293189287186,0.5255849361419678,0.5255849361419678,1.0,1.0,0.0,0.0,0.0,-0.3422383964061737,0.003461301326751709
VTM-004882,DG-769f57cd2cf8,3,0.04942737892270088,0.5456075072288513,0.5456075072288513,1.0,1.0,1.0,0.0,0.0,0.20898926258087158,0.008125990629196167
VTM-004888,DG-ad99a0f5aff2,3,0.049223918467760086,0.5269490480422974,0.5269490480422974,1.0,1.0,0.0,0.0,0.0,-0.06607457995414734,0.006844907999038696
VTM-004890,DG-65936d1143ea,3,0.049601081758737564,0.5423034429550171,0.5423034429550171,1.0,1.0,1.0,0.0,0.0,0.15330404043197632,0.0046593546867370605
VTM-004893,DG-0dd74fec7b9f,3,0.049217671155929565,0.5484708547592163,0.5484708547592163,1.0,1.0,0.0,0.0,0.0,0.018932819366455078,0.005537658929824829
VTM-004894,DG-f62eaf3c0647,3,0.04926334321498871,0.5158898830413818,0.5158898830413818,1.0,1.0,0.0,0.0,0.0,-0.3998112082481384,0.0032979995012283325
VTM-004902,DG-604f861a8a8c,3,0.049472834914922714,0.5464392900466919,0.5464392900466919,1.0,1.0,1.0,0.0,0.0,0.1832793951034546,0.0
VTM-004910,DG-46b91cfaab7c,3,0.04830049350857735,0.5267462730407715,0.5267462730407715,1.0,1.0,0.0,0.0,0.0,-0.7276756763458252,0.0
VTM-004917,DG-25d0a83898c6,3,0.04941564425826073,0.5364837050437927,0.5364837050437927,1.0,1.0,0.0,0.0,0.0,-0.9663909673690796,0.0
VTM-004930,DG-23e5de56e4c0,3,0.04945540800690651,0.5358580350875854,0.5358580350875854,1.0,1.0,0.0,0.0,0.0,-0.4134715795516968,0.0
VTM-004937,DG-ab5809dd5da8,3,0.04912630841135979,0.5493594408035278,0.5493594408035278,1.0,1.0,0.0,0.0,0.0,-0.11632555723190308,0.018558591604232788
VTM-004939,DG-c8e4fa42bc5c,3,0.04925060272216797,0.5365942120552063,0.5365942120552063,1.0,1.0,1.0,0.0,0.0,0.2573077082633972,0.0008197426795959473
VTM-004941,DG-821d8a7f1feb,3,0.0492924302816391,0.550577700138092,0.550577700138092,1.0,1.0,0.0,0.0,0.0,0.008243769407272339,0.005170911550521851
VTM-004953,DG-974ef309f918,3,0.04896114394068718,0.5539918541908264,0.5539918541908264,1.0,1.0,0.0,0.0,0.0,-0.6072287559509277,0.0
VTM-004959,DG-d491c306fa10,3,0.050112828612327576,0.5355818867683411,0.5355818867683411,1.0,1.0,1.0,0.0,0.0,0.6008824110031128,0.004848659038543701
VTM-004965,DG-ec5605c40be2,3,0.04935270547866821,0.5371166467666626,0.5371166467666626,1.0,1.0,0.0,0.0,0.0,0.0031672120094299316,0.009147167205810547
VTM-004966,DG-67f97c86afca,3,0.04783472791314125,0.5263355374336243,0.5263355374336243,1.0,1.0,0.0,0.0,0.0,-0.8379890322685242,0.0
VTM-004970,DG-5d84fd7431ec,3,0.04898042604327202,0.5484251976013184,0.5484251976013184,1.0,1.0,0.0,0.0,0.0,-0.6595705151557922,0.0
VTM-004978,DG-c1d8c5df3846,3,0.04901168867945671,0.5266315340995789,0.5266315340995789,1.0,1.0,0.0,0.0,0.0,-0.49712640047073364,0.0
VTM-004980,DG-7d3162471b4a,3,0.04966123774647713,0.5408920645713806,0.5408920645713806,1.0,1.0,0.0,0.0,0.0,-0.09757587313652039,0.001091688871383667
VTM-004983,DG-ad7d28354932,3,0.04944866523146629,0.5456510782241821,0.5456510782241821,1.0,1.0,1.0,0.0,0.0,0.22580623626708984,0.01630091667175293
VTM-004987,DG-f49f996beda9,3,0.047508466988801956,0.5137078762054443,0.5137078762054443,1.0,1.0,0.0,0.0,0.0,-0.8847331404685974,0.0
VTM-004998,DG-a2b8bf8028b9,3,0.04898454248905182,0.5558624267578125,0.5558624267578125,1.0,1.0,0.0,0.0,0.0,-0.4652731418609619,0.009873270988464355
VTM-005005,DG-6e60bb077167,3,0.04768287390470505,0.5114429593086243,0.5114429593086243,1.0,1.0,0.0,0.0,0.0,-0.803037166595459,0.0019904449582099915
VTM-005007,DG-c33ec218e14c,3,0.049180541187524796,0.5490756034851074,0.5490756034851074,1.0,1.0,0.0,0.0,0.0,-0.5675197839736938,0.002077098935842514
VTM-005009,DG-80d9a06a5bdb,3,0.04918497055768967,0.5476270914077759,0.5476270914077759,1.0,1.0,0.0,0.0,0.0,-0.2508200407028198,0.0003118366003036499
VTM-005011,DG-9f846ac38613,3,0.04874444380402565,0.5093152523040771,0.5093152523040771,1.0,1.0,0.0,0.0,0.0,-0.8795610070228577,3.635883331298828e-06
VTM-005013,DG-004213fd6a05,3,0.04954380542039871,0.5386335849761963,0.5386335849761963,1.0,1.0,1.0,0.0,0.0,0.425717830657959,0.0172806978225708
VTM-005014,DG-02f65976cc5c,3,0.049006108194589615,0.5447676181793213,0.5447676181793213,1.0,1.0,0.0,0.0,0.0,-0.8272624611854553,0.0
VTM-005015,DG-b8ee37c13b84,3,0.049633778631687164,0.538722038269043,0.538722038269043,1.0,1.0,1.0,0.0,0.0,0.5478690266609192,0.0032117366790771484
VTM-005017,DG-08624827eeb4,3,0.04908473789691925,0.5222058892250061,0.5222058892250061,1.0,1.0,0.0,0.0,0.0,-0.549081027507782,0.005037203431129456
VTM-005018,DG-3cc40d8eeec3,3,0.04968198761343956,0.5342736840248108,0.5342736840248108,1.0,1.0,0.0,0.0,0.0,-0.014135926961898804,0.010237932205200195
VTM-005021,DG-5a0d013f29bc,3,0.0488407202064991,0.5103534460067749,0.5103534460067749,1.0,1.0,0.0,0.0,0.0,-0.8501657247543335,0.00016780011355876923
VTM-005027,DG-a471068e7ddf,3,0.04924964904785156,0.5402057766914368,0.5402057766914368,1.0,1.0,0.0,0.0,0.0,-0.3874625563621521,0.0003008795902132988
VTM-005033,DG-48018e5e27ec,3,0.04838452860713005,0.5378507375717163,0.5378507375717163,1.0,1.0,0.0,0.0,0.0,-0.6976370811462402,0.0019038394093513489
VTM-005039,DG-1d2c37317895,3,0.04899408295750618,0.538749098777771,0.538749098777771,1.0,1.0,1.0,0.0,0.0,0.046900391578674316,0.015253722667694092
VTM-005043,DG-1ae77cd6446f,3,0.048780668526887894,0.5460498332977295,0.5460498332977295,1.0,1.0,0.0,0.0,0.0,-0.7785705924034119,0.0
VTM-005044,DG-885f1327cdad,3,0.0490170419216156,0.549125611782074,0.549125611782074,1.0,1.0,0.0,0.0,0.0,-0.4392017722129822,0.00016671419143676758
VTM-005053,DG-afdd2cebd5ad,3,0.04950419440865517,0.5393179655075073,0.5393179655075073,1.0,1.0,1.0,0.0,0.0,0.2627261281013489,0.0017464756965637207
VTM-005054,DG-bebe81210f06,3,0.049484070390462875,0.5394592881202698,0.5394592881202698,1.0,1.0,1.0,0.0,0.0,0.2928920090198517,0.004653632640838623
VTM-005056,DG-93096a3f948d,3,0.0486568808555603,0.5298228859901428,0.5298228859901428,1.0,1.0,0.0,0.0,0.0,-0.46310245990753174,0.006207466125488281
VTM-005057,DG-99844870524b,3,0.04928385093808174,0.5177093148231506,0.5177093148231506,1.0,1.0,0.0,0.0,0.0,-0.5375569462776184,0.00026579946279525757
VTM-005059,DG-58e451eb94e6,3,0.04954154044389725,0.5406076908111572,0.5406076908111572,1.0,1.0,0.0,0.0,0.0,-0.9141704440116882,0.0
VTM-005062,DG-3c5a676ef940,3,0.04970690980553627,0.5393221974372864,0.5393221974372864,1.0,1.0,0.0,0.0,0.0,-0.9775750041007996,0.0
VTM-005068,DG-bc5b1867624d,3,0.04938018321990967,0.5310059785842896,0.5310059785842896,1.0,1.0,0.0,0.0,0.0,-0.9951082468032837,0.0
VTM-005075,DG-81dcb9b47254,3,0.04910758510231972,0.537188708782196,0.537188708782196,1.0,1.0,0.0,0.0,0.0,-0.21855676174163818,0.0029457509517669678
VTM-005084,DG-6c407e904c0f,3,0.04936855658888817,0.5492372512817383,0.5492372512817383,1.0,1.0,0.0,0.0,0.0,-0.2900296449661255,0.007249176502227783
VTM-005085,DG-12fcd338d127,3,0.049636367708444595,0.5450100898742676,0.5450100898742676,1.0,1.0,0.0,0.0,0.0,-0.7973912358283997,0.0009000301361083984
VTM-005087,DG-40b31d56e866,3,0.049566492438316345,0.5513964891433716,0.5513964891433716,1.0,1.0,0.0,0.0,0.0,-0.5285667777061462,0.0007539540529251099
VTM-005089,DG-d8242605da4b,3,0.047470755875110626,0.521157443523407,0.521157443523407,1.0,1.0,0.0,0.0,0.0,-0.9762340188026428,0.0
VTM-005097,DG-1d67319747fd,3,0.049947094172239304,0.5250283479690552,0.5250283479690552,1.0,1.0,1.0,0.0,0.0,0.8802096843719482,0.009449303150177002
VTM-005108,DG-60845d11361a,3,0.04809548705816269,0.5342798829078674,0.5342798829078674,1.0,1.0,0.0,0.0,0.0,-0.8816883563995361,0.0004246775060892105
VTM-005109,DG-a9fa486f4e05,3,0.04755883291363716,0.5118075013160706,0.5118075013160706,1.0,1.0,0.0,0.0,0.0,-0.7971025109291077,0.0002478659152984619
VTM-005111,DG-c9c7f1af00da,3,0.04711485654115677,0.5062820911407471,0.5062820911407471,1.0,1.0,0.0,0.0,0.0,-0.9906530380249023,2.548936754465103e-05
VTM-005116,DG-bf8e5fdfdbbd,3,0.047931134700775146,0.5349053144454956,0.5349053144454956,1.0,1.0,0.0,0.0,0.0,-0.9470496773719788,1.418357715010643e-05
VTM-005123,DG-4b94ec7288ff,3,0.049444425851106644,0.5324795246124268,0.5324795246124268,1.0,1.0,1.0,0.0,0.0,0.5201423168182373,0.010759353637695312
VTM-005126,DG-35c61aeaf99c,3,0.04932226240634918,0.5425962805747986,0.5425962805747986,1.0,1.0,1.0,0.0,0.0,0.2156747579574585,0.003970682621002197
VTM-005128,DG-4aa68311e4f9,3,0.04754288122057915,0.5238948464393616,0.5238948464393616,1.0,1.0,0.0,0.0,0.0,-0.9807718396186829,0.00010633887723088264
VTM-005130,DG-834f56988167,3,0.04786576330661774,0.5340914726257324,0.5340914726257324,1.0,1.0,0.0,0.0,0.0,-0.9656822085380554,0.0
VTM-005132,DG-db5c3921883f,3,0.049495331943035126,0.5305161476135254,0.5305161476135254,1.0,1.0,0.0,0.0,0.0,-0.216857448220253,0.001545444130897522
VTM-005141,DG-8c934d87db0a,3,0.049183327704668045,0.5488729476928711,0.5488729476928711,1.0,1.0,0.0,0.0,0.0,-0.25339266657829285,0.0020875707268714905
VTM-005154,DG-7e60ce337608,3,0.04835759475827217,0.5475675463676453,0.5475675463676453,1.0,1.0,0.0,0.0,0.0,-0.8176771402359009,0.0
VTM-005158,DG-57a469d30a7f,3,0.04755111038684845,0.5235946774482727,0.5235946774482727,1.0,1.0,0.0,0.0,0.0,-0.9699212908744812,0.0
VTM-005174,DG-a499df07f08c,3,0.049240097403526306,0.5331631898880005,0.5331631898880005,1.0,1.0,1.0,0.0,0.0,0.20625531673431396,0.006209969520568848
VTM-005184,DG-20dc4e724938,3,0.04821660369634628,0.5299105644226074,0.5299105644226074,1.0,1.0,0.0,0.0,0.0,-0.6285736560821533,0.002971336245536804
VTM-005185,DG-b02bcb8f8157,3,0.047389984130859375,0.512193500995636,0.512193500995636,1.0,1.0,0.0,0.0,0.0,-0.9405373334884644,0.0
VTM-005190,DG-002d42194900,3,0.04902153089642525,0.5446711778640747,0.5446711778640747,1.0,1.0,0.0,0.0,0.0,-0.2163510024547577,0.005776166915893555
VTM-005194,DG-fd4dfd469cf8,3,0.04886050149798393,0.5485772490501404,0.5485772490501404,1.0,1.0,0.0,0.0,0.0,-0.7834807634353638,0.00021030288189649582
VTM-005199,DG-7e48265bce06,3,0.049336183816194534,0.524010419845581,0.524010419845581,1.0,1.0,0.0,0.0,0.0,-0.5164303779602051,0.00010724179446697235
VTM-005210,DG-6042ca49a613,3,0.047087281942367554,0.5052403807640076,0.5052403807640076,1.0,1.0,0.0,0.0,0.0,-0.9910337924957275,0.00014695804566144943
VTM-005214,DG-dadf133cc975,3,0.04811352491378784,0.5217127799987793,0.5217127799987793,1.0,1.0,0.0,0.0,0.0,-0.5797834396362305,0.0
VTM-005218,DG-0e7b04e1f7bd,3,0.048270996659994125,0.5385036468505859,0.5385036468505859,1.0,1.0,0.0,0.0,0.0,-0.8139538764953613,0.0
VTM-005227,DG-8998dcab4285,3,0.04938961938023567,0.5517461895942688,0.5517461895942688,1.0,1.0,0.0,0.0,0.0,-0.27681511640548706,0.001295328140258789
VTM-005232,DG-dca0bf0df100,3,0.048826515674591064,0.552241861820221,0.552241861820221,1.0,1.0,0.0,0.0,0.0,-0.642333984375,2.6562251150608063e-05
VTM-005237,DG-1ca72868977d,3,0.04924590140581131,0.5276904702186584,0.5276904702186584,1.0,1.0,0.0,0.0,0.0,-0.6048882007598877,0.0
VTM-005243,DG-43b4714f32a0,3,0.04894639924168587,0.541395366191864,0.541395366191864,1.0,1.0,0.0,0.0,0.0,-0.5189550518989563,5.502253770828247e-06
VTM-005245,DG-dcb832ddbd03,3,0.04909185692667961,0.5445655584335327,0.5445655584335327,1.0,1.0,0.0,0.0,0.0,-0.5094103217124939,5.1081180572509766e-05
VTM-005249,DG-58bedd854c09,3,0.047929901629686356,0.5291022658348083,0.5291022658348083,1.0,1.0,0.0,0.0,0.0,-0.8738129734992981,0.00033596809953451157
VTM-005255,DG-58f9aca080f1,3,0.04750946909189224,0.5126394629478455,0.5126394629478455,1.0,1.0,0.0,0.0,0.0,-0.9270002245903015,0.00021899957209825516
VTM-005257,DG-94f7f62e4a46,3,0.049339909106492996,0.5478459000587463,0.5478459000587463,1.0,1.0,1.0,0.0,0.0,0.15739452838897705,0.013465553522109985
VTM-005275,DG-3a4e65c23c9a,3,0.048419039696455,0.5423415303230286,0.5423415303230286,1.0,1.0,0.0,0.0,0.0,-0.7606800198554993,0.00013500265777111053
VTM-005282,DG-2dd8ac8470e7,3,0.04868611693382263,0.5450420379638672,0.5450420379638672,1.0,1.0,0.0,0.0,0.0,-0.735192060470581,3.784475848078728e-05
VTM-005283,DG-a457079ebc89,3,0.049362294375896454,0.5310892462730408,0.5310892462730408,1.0,1.0,0.0,0.0,0.0,-0.16729065775871277,0.00012227892875671387
VTM-005285,DG-e75834ebe6df,3,0.04822662100195885,0.5354586839675903,0.5354586839675903,1.0,1.0,0.0,0.0,0.0,-0.7009562253952026,0.0010498091578483582
VTM-005289,DG-2f8b0ab0f8ac,3,0.04924735799431801,0.5351396799087524,0.5351396799087524,0.8964886665344238,1.0,1.0,0.0,0.0,0.39331477880477905,0.029397189617156982
VTM-005293,DG-cee97aa553ab,3,0.049314435571432114,0.5329258441925049,0.5329258441925049,1.0,1.0,0.0,0.0,0.0,-0.4435955286026001,0.0
VTM-005294,DG-8bc14bccae55,3,0.0493847019970417,0.5265302658081055,0.5265302658081055,1.0,1.0,0.0,0.0,0.0,-0.4889056086540222,0.00015270709991455078
VTM-005314,DG-0d47cae31fd5,3,0.04893365129828453,0.5313814282417297,0.5313814282417297,1.0,1.0,0.0,0.0,0.0,-0.6450826525688171,6.31827861070633e-05
VTM-005318,DG-5acaffb8ad39,3,0.04881727695465088,0.5361229181289673,0.5361229181289673,1.0,1.0,0.0,0.0,0.0,-0.2884243130683899,0.004599094390869141
VTM-005319,DG-5e7536848ebf,3,0.04915497079491615,0.5180172324180603,0.5180172324180603,1.0,1.0,0.0,0.0,0.0,-0.5775322318077087,0.0
VTM-005321,DG-90fc1041b1a1,3,0.04925593361258507,0.5382256507873535,0.5382256507873535,1.0,1.0,1.0,0.0,0.0,0.05225050449371338,0.006993710994720459
VTM-005323,DG-624ea6fd1a89,3,0.04919983819127083,0.516120970249176,0.516120970249176,1.0,1.0,0.0,0.0,0.0,-0.46235427260398865,0.0
VTM-005325,DG-12007c5eab6a,3,0.04913020506501198,0.5477764010429382,0.5477764010429382,1.0,1.0,0.0,0.0,0.0,-0.25601813197135925,0.0025020837783813477
VTM-005328,DG-5fad50ff3fdf,1,0.04956110939383507,0.5385929942131042,0.5385929942131042,1.0,1.0,0.0,0.0,0.0,-0.9608736038208008,0.0
VTM-005332,DG-09cce3d50332,1,0.04905606806278229,0.5531339049339294,0.5531339049339294,1.0,1.0,0.0,0.0,0.0,-0.4896200895309448,0.0006953105330467224
VTM-005333,DG-0074b2b9fa22,1,0.04957933351397514,0.5475578308105469,0.5475578308105469,1.0,1.0,0.0,0.0,0.0,-0.6461482644081116,0.0
VTM-005342,DG-b119c3a95897,1,0.04915432259440422,0.537973165512085,0.537973165512085,1.0,1.0,1.0,0.0,0.0,0.049047499895095825,0.009624123573303223
VTM-005346,DG-a212476f0e24,1,0.04934866353869438,0.5492745637893677,0.5492745637893677,1.0,1.0,0.0,0.0,0.0,-0.4899875521659851,0.004311740398406982
VTM-005357,DG-083df4bcf1b6,1,0.049715664237737656,0.5367913842201233,0.5367913842201233,1.0,1.0,0.0,0.0,0.0,-0.99270099401474,4.305131733417511e-05
VTM-005359,DG-e61d0c41d97f,1,0.04925673082470894,0.542640209197998,0.542640209197998,1.0,1.0,0.0,0.0,0.0,-0.7161787748336792,0.00012140162289142609
VTM-005376,DG-30625b154404,1,0.04952068254351616,0.5400586128234863,0.5400586128234863,1.0,1.0,0.0,0.0,0.0,-0.9322106838226318,0.0
VTM-005378,DG-5b021d05121c,1,0.04869724065065384,0.5492940545082092,0.5492940545082092,1.0,1.0,0.0,0.0,0.0,-0.6496342420578003,0.0
VTM-005387,DG-80f391e1da4e,1,0.04921041429042816,0.5439814329147339,0.5439814329147339,1.0,1.0,0.0,0.0,0.0,-0.8059987425804138,6.631016731262207e-07
VTM-005397,DG-d433d69a75eb,1,0.04944586008787155,0.5487262606620789,0.5487262606620789,1.0,1.0,0.0,0.0,0.0,-0.4523361623287201,0.002097770571708679
VTM-005399,DG-bc2a2ec78e86,1,0.0496806763112545,0.5455332398414612,0.5455332398414612,1.0,1.0,0.0,0.0,0.0,-0.7954054474830627,0.0015978217124938965
VTM-005401,DG-a38782d1a9f8,1,0.049168627709150314,0.5214025378227234,0.5214025378227234,1.0,1.0,0.0,0.0,0.0,-0.7054007053375244,0.0
VTM-005403,DG-ae68f6ca0273,1,0.049208011478185654,0.5460748076438904,0.5460748076438904,1.0,1.0,0.0,0.0,0.0,-0.06621456146240234,0.0
VTM-005404,DG-b9c06f4c6d67,1,0.04968252405524254,0.5453161597251892,0.5453161597251892,1.0,1.0,0.0,0.0,0.0,-0.5546448230743408,0.0014620572328567505
VTM-005405,DG-ea66f8d9f640,1,0.049527738243341446,0.5362722277641296,0.5362722277641296,1.0,1.0,1.0,0.0,0.0,0.5267460942268372,0.017072200775146484
VTM-005408,DG-cb08d8ff5d8d,1,0.04957486689090729,0.5413342714309692,0.5413342714309692,1.0,1.0,0.0,0.0,0.0,-0.9238985180854797,0.0
VTM-005409,DG-8bad2ba4fe15,1,0.049655135720968246,0.5405599474906921,0.5405599474906921,1.0,1.0,0.0,0.0,0.0,-0.9557853937149048,0.0
VTM-005413,DG-b7ba5434e7cc,1,0.049230337142944336,0.5433954000473022,0.5433954000473022,1.0,1.0,0.0,0.0,0.0,-0.6945741176605225,9.107962250709534e-05
VTM-005423,DG-4c7d5ac23365,1,0.04918222874403,0.5486489534378052,0.5486489534378052,1.0,1.0,0.0,0.0,0.0,-0.7443540096282959,0.0015266723930835724
VTM-005426,DG-ee8f9ef44b62,1,0.04952472075819969,0.541901171207428,0.541901171207428,1.0,1.0,0.0,0.0,0.0,-0.869886577129364,0.0005590729415416718
VTM-005442,DG-f69862dc0fd6,1,0.049410417675971985,0.550962507724762,0.550962507724762,1.0,1.0,0.0,0.0,0.0,0.009900927543640137,0.021666258573532104
VTM-005445,DG-b43ea7f3a313,1,0.049379877746105194,0.5411475300788879,0.5411475300788879,1.0,1.0,1.0,0.0,0.0,0.10080251097679138,0.0042531490325927734
VTM-005448,DG-d41fda0ff8c6,1,0.04944225028157234,0.5485784411430359,0.5485784411430359,1.0,1.0,0.0,0.0,0.0,-0.38709890842437744,0.0020498335361480713
VTM-005451,DG-491d3a625821,1,0.049558524042367935,0.5438067317008972,0.5438067317008972,1.0,1.0,0.0,0.0,0.0,-0.8674964308738708,0.00036263465881347656
VTM-005455,DG-5bb759787924,1,0.049314484000205994,0.5398473739624023,0.5398473739624023,1.0,1.0,0.0,0.0,0.0,-0.9176948070526123,0.0003143288195133209
VTM-005458,DG-50f1e9505f76,1,0.04926585406064987,0.5375006794929504,0.5375006794929504,1.0,1.0,0.0,0.0,0.0,-0.4722694158554077,2.7952715754508972e-05
VTM-005460,DG-53183cc0ba4f,1,0.048933420330286026,0.5480952858924866,0.5480952858924866,1.0,1.0,0.0,0.0,0.0,-0.6805314421653748,7.936730980873108e-06
VTM-005465,DG-28a3b618a89f,1,0.0488811619579792,0.5487384796142578,0.5487384796142578,1.0,1.0,0.0,0.0,0.0,-0.7552419900894165,0.0
VTM-005469,DG-3398e7cd0924,1,0.049124520272016525,0.5392463803291321,0.5392463803291321,1.0,1.0,0.0,0.0,0.0,-0.8392840027809143,0.0
VTM-005478,DG-dd5681c77e0c,1,0.04911226034164429,0.5395833849906921,0.5395833849906921,1.0,1.0,0.0,0.0,0.0,-0.8157932758331299,0.0
VTM-005484,DG-637e2ff90c73,1,0.04913826659321785,0.5502206683158875,0.5502206683158875,1.0,1.0,0.0,0.0,0.0,-0.5211089849472046,0.0015060827136039734
VTM-005487,DG-917cd118cbf7,1,0.049989428371191025,0.5431803464889526,0.5431803464889526,1.0,1.0,1.0,0.0,0.0,0.25549766421318054,0.01093524694442749
VTM-005498,DG-b603483eda18,1,0.048848122358322144,0.5104591250419617,0.5104591250419617,1.0,1.0,0.0,0.0,0.0,-0.8459540009498596,7.408671081066132e-06
VTM-005505,DG-146e87255e33,1,0.04933541268110275,0.5431392788887024,0.5431392788887024,1.0,1.0,0.0,0.0,0.0,-0.5081142783164978,0.00036001577973365784
VTM-005512,DG-556cc408206b,1,0.04947545379400253,0.5402331352233887,0.5402331352233887,1.0,1.0,0.0,0.0,0.0,-0.933439314365387,0.0
VTM-005513,DG-0b7196629afe,1,0.04885827749967575,0.5501829385757446,0.5501829385757446,1.0,1.0,0.0,0.0,0.0,-0.7181152701377869,0.0
VTM-005521,DG-2737c9d421da,1,0.04925546050071716,0.5401260852813721,0.5401260852813721,1.0,1.0,0.0,0.0,0.0,-0.8452191948890686,0.0
VTM-005522,DG-d716ebd0e882,1,0.049256112426519394,0.5476194024085999,0.5476194024085999,1.0,1.0,0.0,0.0,0.0,-0.6717379689216614,0.002141311764717102
VTM-005530,DG-c0386a4a37a3,1,0.04966016486287117,0.5408242344856262,0.5408242344856262,1.0,1.0,0.0,0.0,0.0,-0.9408672451972961,0.0
VTM-005547,DG-7ec473183a7f,1,0.04961766302585602,0.5437814593315125,0.5437814593315125,1.0,1.0,0.0,0.0,0.0,-0.8340809345245361,0.0010685622692108154
VTM-005552,DG-4e499ebb87a9,1,0.049370139837265015,0.5526627898216248,0.5526627898216248,1.0,1.0,0.0,0.0,0.0,-0.4656379222869873,0.0012418627738952637
VTM-005555,DG-2431c71db8f9,1,0.04971226677298546,0.539662778377533,0.539662778377533,1.0,1.0,0.0,0.0,0.0,-0.9742427468299866,0.0
VTM-005558,DG-1e86056ba2d6,1,0.049323491752147675,0.5391317009925842,0.5391317009925842,1.0,1.0,0.0,0.0,0.0,-0.6949375867843628,0.0
VTM-005561,DG-a8b28d967905,1,0.049718111753463745,0.5416367650032043,0.5416367650032043,1.0,1.0,0.0,0.0,0.0,-0.8158486485481262,0.003929793834686279
VTM-005563,DG-72b70ff285e9,1,0.049283821135759354,0.5431046485900879,0.5431046485900879,1.0,1.0,0.0,0.0,0.0,-0.823067843914032,5.399063229560852e-05
VTM-005568,DG-a2ffe036094e,1,0.049579475075006485,0.5448921918869019,0.5448921918869019,1.0,1.0,0.0,0.0,0.0,-0.6498655080795288,0.0
VTM-005570,DG-99d53ddabd05,1,0.04981662705540657,0.5391619205474854,0.5391619205474854,1.0,1.0,0.0,0.0,0.0,-0.9897554516792297,0.0
VTM-005571,DG-b5e491db2458,1,0.0491957888007164,0.5428270697593689,0.5428270697593689,1.0,1.0,0.0,0.0,0.0,-0.8691495656967163,5.417130887508392e-05
VTM-005572,DG-b1ac96405b6f,1,0.04947566241025925,0.5482720136642456,0.5482720136642456,1.0,1.0,0.0,0.0,0.0,-0.10016413033008575,0.0038540512323379517
VTM-005586,DG-4b15eba1dfab,1,0.048789914697408676,0.5511053800582886,0.5511053800582886,1.0,1.0,0.0,0.0,0.0,-0.4924538731575012,0.00010675098747015
VTM-005594,DG-ad65af40f967,1,0.04941606894135475,0.5418446063995361,0.5418446063995361,1.0,1.0,0.0,0.0,0.0,-0.9017180800437927,0.0
VTM-005617,DG-516e624d4b18,1,0.048973582684993744,0.5431452989578247,0.5431452989578247,1.0,1.0,0.0,0.0,0.0,-0.8561999201774597,0.0
VTM-005621,DG-b799dbed84bb,1,0.04963596537709236,0.5370864868164062,0.5370864868164062,1.0,1.0,0.0,0.0,0.0,-0.9834815263748169,0.0
VTM-005623,DG-3ce35705ae4e,1,0.04993778467178345,0.5339703559875488,0.5339703559875488,1.0,1.0,1.0,0.0,0.0,0.6530185341835022,0.005337059497833252
VTM-005626,DG-ced3f034947d,1,0.04939814284443855,0.5317333340644836,0.5317333340644836,1.0,1.0,0.0,0.0,0.0,-0.9939464330673218,0.0
VTM-005638,DG-59e46a2127a9,1,0.04881279543042183,0.5444372296333313,0.5444372296333313,1.0,1.0,0.0,0.0,0.0,-0.8356652855873108,0.0
VTM-005642,DG-9c94a31bbfea,1,0.049181368201971054,0.5232297778129578,0.5232297778129578,1.0,1.0,0.0,0.0,0.0,-0.6685892343521118,1.0151183232665062e-05
VTM-005643,DG-5846ebd32a5e,1,0.049412231892347336,0.5472248196601868,0.5472248196601868,1.0,1.0,0.0,0.0,0.0,-0.45257359743118286,0.0015754252672195435
VTM-005647,DG-345bb3f8cf03,1,0.04980415850877762,0.5381760597229004,0.5381760597229004,1.0,1.0,0.0,0.0,0.0,-0.9949598908424377,0.0
VTM-005657,DG-8e491c68e772,1,0.04952123388648033,0.544465184211731,0.544465184211731,1.0,1.0,0.0,0.0,0.0,-0.8309103846549988,0.000596560537815094
VTM-005659,DG-ac7e3430ef79,1,0.04939538985490799,0.5465410947799683,0.5465410947799683,1.0,1.0,0.0,0.0,0.0,-0.10493674874305725,0.0
VTM-005661,DG-bd822846b5d3,1,0.04922676458954811,0.5420637130737305,0.5420637130737305,1.0,1.0,0.0,0.0,0.0,-0.7765083312988281,0.0
VTM-005669,DG-d020b472f9b0,1,0.049539998173713684,0.5419725179672241,0.5419725179672241,1.0,1.0,0.0,0.0,0.0,-0.8940097093582153,0.0
VTM-005671,DG-d3a234a42d04,1,0.04969010129570961,0.5405368208885193,0.5405368208885193,1.0,1.0,0.0,0.0,0.0,-0.9380077719688416,0.0
VTM-005672,DG-a3ba3e32e3a4,1,0.0481114536523819,0.5339763164520264,0.5339763164520264,1.0,1.0,0.0,0.0,0.0,-0.888789713382721,0.0001991759054362774
VTM-005677,DG-1756b320f36b,1,0.049191802740097046,0.5161488652229309,0.5161488652229309,1.0,1.0,0.0,0.0,0.0,-0.5402388572692871,0.00034637004137039185
VTM-005678,DG-8b59a7f34894,1,0.04959917813539505,0.5414304733276367,0.5414304733276367,1.0,1.0,0.0,0.0,0.0,-0.9435321688652039,0.0
VTM-005682,DG-713619ec862e,1,0.049397893249988556,0.5436162352561951,0.5436162352561951,1.0,1.0,0.0,0.0,0.0,-0.7937644720077515,0.0
VTM-005686,DG-78aa342bd9f6,1,0.04954268038272858,0.5409839749336243,0.5409839749336243,1.0,1.0,0.0,0.0,0.0,-0.9175055027008057,5.3104013204574585e-05
VTM-005690,DG-04c6ad3632fd,1,0.04931871220469475,0.5489566922187805,0.5489566922187805,1.0,1.0,0.0,0.0,0.0,-0.5233511328697205,0.0013994574546813965
VTM-005691,DG-65a260104a5a,1,0.04923929274082184,0.5482269525527954,0.5482269525527954,1.0,1.0,0.0,0.0,0.0,-0.6206884384155273,7.02589750289917e-06
VTM-005692,DG-fbbe7f9885cd,1,0.04904872179031372,0.5335190892219543,0.5335190892219543,1.0,1.0,0.0,0.0,0.0,-0.5023341774940491,0.0
VTM-005695,DG-86129bb026ef,1,0.049725960940122604,0.5382357239723206,0.5382357239723206,1.0,1.0,0.0,0.0,0.0,-0.9820868372917175,9.474391117691994e-05
VTM-005699,DG-20f6cb27f286,1,0.049152035266160965,0.5425598621368408,0.5425598621368408,1.0,1.0,0.0,0.0,0.0,-0.8504033088684082,8.476711809635162e-05
VTM-005707,DG-eec2c1800964,1,0.04946142062544823,0.5350431799888611,0.5350431799888611,1.0,1.0,0.0,0.0,0.0,-0.9796338081359863,8.264766074717045e-05
VTM-005710,DG-7806d4995e56,1,0.04898708686232567,0.5157672762870789,0.5157672762870789,1.0,1.0,0.0,0.0,0.0,-0.7474564909934998,1.1597760021686554e-05
VTM-005715,DG-acfc7cc85cb1,1,0.04917410388588905,0.5504336953163147,0.5504336953163147,1.0,1.0,1.0,0.0,0.0,0.03471499681472778,0.018617838621139526
VTM-005717,DG-d58ec01453f4,1,0.049622997641563416,0.5389134287834167,0.5389134287834167,1.0,1.0,0.0,0.0,0.0,-0.9638634324073792,2.8177164494991302e-05
VTM-005720,DG-acfc7cc85cb1,1,0.049278624355793,0.5504705309867859,0.5504705309867859,1.0,1.0,0.0,0.0,0.0,-0.3066585063934326,0.0035690292716026306
VTM-005721,DG-5819d089c4c6,1,0.048935551196336746,0.5506359934806824,0.5506359934806824,1.0,1.0,0.0,0.0,0.0,-0.6213572025299072,0.0021271221339702606
VTM-005726,DG-38a805efc962,1,0.04892444983124733,0.5398863554000854,0.5398863554000854,1.0,1.0,0.0,0.0,0.0,-0.835209310054779,0.0
VTM-005727,DG-5f53bc236448,1,0.049426693469285965,0.537823498249054,0.537823498249054,1.0,1.0,0.0,0.0,0.0,-0.9429576396942139,0.0
VTM-005732,DG-0e1fad042bd7,1,0.049666572362184525,0.5406239032745361,0.5406239032745361,1.0,1.0,0.0,0.0,0.0,-0.9163253307342529,0.00021216273307800293
VTM-005744,DG-ca38cda4fae2,1,0.04904751852154732,0.5482581853866577,0.5482581853866577,1.0,1.0,0.0,0.0,0.0,-0.5387996435165405,0.0010641589760780334
VTM-005745,DG-5c1a21b638ff,1,0.049377813935279846,0.5412219762802124,0.5412219762802124,1.0,1.0,0.0,0.0,0.0,-0.6410857439041138,0.0
VTM-005746,DG-9e0f8778a6f7,1,0.0495743602514267,0.5445155501365662,0.5445155501365662,1.0,1.0,1.0,0.0,0.0,0.31273069977760315,0.009964585304260254
VTM-005751,DG-5d0f36bd5908,1,0.04925098642706871,0.5424695611000061,0.5424695611000061,1.0,1.0,0.0,0.0,0.0,-0.8466509580612183,4.062429070472717e-05
VTM-005756,DG-3b51db28f48d,1,0.04937227442860603,0.5494202971458435,0.5494202971458435,1.0,1.0,0.0,0.0,0.0,-0.6571359038352966,0.0063436031341552734
VTM-005760,DG-2941b8f27636,1,0.04969831183552742,0.5371360182762146,0.5371360182762146,1.0,1.0,0.0,0.0,0.0,-0.9898598790168762,2.491520717740059e-06
VTM-005770,DG-2d5c07465c62,1,0.04965690150856972,0.5403502583503723,0.5403502583503723,1.0,1.0,0.0,0.0,0.0,-0.948657751083374,0.0
VTM-005774,DG-9ec4ec40c567,1,0.04932238534092903,0.5488801002502441,0.5488801002502441,1.0,1.0,0.0,0.0,0.0,-0.6781368851661682,0.000890001654624939
VTM-005777,DG-174aa415d2ec,1,0.050068531185388565,0.5474386811256409,0.5474386811256409,1.0,1.0,1.0,0.0,0.0,0.11143624782562256,0.0017750859260559082
VTM-005781,DG-9e81a009454c,1,0.04961993172764778,0.5433180332183838,0.5433180332183838,1.0,1.0,0.0,0.0,0.0,-0.770103394985199,0.0
VTM-005789,DG-4f68a56f3e10,1,0.049483247101306915,0.5405918955802917,0.5405918955802917,1.0,1.0,0.0,0.0,0.0,-0.9316191673278809,9.701307862997055e-05
VTM-005805,DG-eae3ed981d24,1,0.04900791496038437,0.5208090543746948,0.5208090543746948,1.0,1.0,0.0,0.0,0.0,-0.6828769445419312,1.5286554116755724e-05
VTM-005807,DG-e9df3f657a1d,1,0.04952071234583855,0.5412774682044983,0.5412774682044983,1.0,1.0,0.0,0.0,0.0,-0.8874247670173645,4.445761442184448e-05
VTM-005814,DG-1be091ba6cbe,1,0.0489957332611084,0.5370893478393555,0.5370893478393555,1.0,1.0,0.0,0.0,0.0,-0.8414384126663208,0.0
VTM-005815,DG-04f09cb80678,1,0.04962410032749176,0.5390843749046326,0.5390843749046326,1.0,1.0,0.0,0.0,0.0,-0.9471673369407654,0.00038282573223114014
VTM-005817,DG-ec25e7241278,1,0.049559541046619415,0.5367581248283386,0.5367581248283386,1.0,1.0,0.0,0.0,0.0,-0.9770074486732483,0.0
VTM-005824,DG-87b848eb7c59,1,0.04945473000407219,0.5429746508598328,0.5429746508598328,1.0,1.0,0.0,0.0,0.0,-0.8528103828430176,1.7240643501281738e-05
VTM-005825,DG-0a9f98d1512d,1,0.04882851615548134,0.5397514700889587,0.5397514700889587,1.0,1.0,0.0,0.0,0.0,-0.8066797852516174,0.0
VTM-005829,DG-72f049b6a70a,1,0.04942847788333893,0.5331379771232605,0.5331379771232605,1.0,1.0,0.0,0.0,0.0,-0.9874845743179321,0.0
VTM-005833,DG-53471fdc456b,1,0.04955309256911278,0.551903247833252,0.551903247833252,1.0,1.0,0.0,0.0,0.0,-0.3982902765274048,0.007400423288345337
VTM-005836,DG-e59f9c2f82d9,1,0.04938381165266037,0.5354807376861572,0.5354807376861572,1.0,1.0,1.0,0.0,0.0,0.3132190704345703,0.011498451232910156
VTM-005843,DG-9971cc2be60b,1,0.049501996487379074,0.5412896871566772,0.5412896871566772,1.0,1.0,0.0,0.0,0.0,-0.8953431248664856,0.0
VTM-005846,DG-af6dba2d4d01,1,0.04944927617907524,0.5414412021636963,0.5414412021636963,1.0,1.0,0.0,0.0,0.0,-0.8820711970329285,0.0
VTM-005847,DG-0cf1f3555416,1,0.04929836466908455,0.5477360486984253,0.5477360486984253,1.0,1.0,0.0,0.0,0.0,-0.6853737235069275,0.001087777316570282
VTM-005854,DG-b3cd54094dcf,1,0.04914451390504837,0.5301014184951782,0.5301014184951782,1.0,1.0,0.0,0.0,0.0,-0.508677065372467,0.0
VTM-005866,DG-c7c48942d6ce,1,0.048031654208898544,0.5229899883270264,0.5229899883270264,1.0,1.0,0.0,0.0,0.0,-0.6519415378570557,0.004116728901863098
VTM-005869,DG-e9bb136a9cf8,1,0.04966934025287628,0.5398470163345337,0.5398470163345337,1.0,1.0,0.0,0.0,0.0,-0.9560009241104126,0.0
VTM-005871,DG-eab2b3fac603,1,0.049594514071941376,0.5399441123008728,0.5399441123008728,1.0,1.0,0.0,0.0,0.0,-0.9463552832603455,0.00010716356337070465
VTM-005872,DG-a5baa7a4bc65,1,0.0489971823990345,0.5506664514541626,0.5506664514541626,1.0,1.0,0.0,0.0,0.0,-0.21479716897010803,0.0017239749431610107
VTM-005876,DG-088726c25bc1,1,0.04936780780553818,0.5513176918029785,0.5513176918029785,1.0,1.0,0.0,0.0,0.0,-0.34347042441368103,0.00032432377338409424
VTM-005878,DG-579eca9cb2d6,1,0.04905523359775543,0.5475492477416992,0.5475492477416992,1.0,1.0,0.0,0.0,0.0,-0.775231122970581,0.0
VTM-005883,DG-13a3caa49a59,1,0.04929932951927185,0.5496586561203003,0.5496586561203003,1.0,1.0,0.0,0.0,0.0,-0.6199502348899841,0.003804408013820648
VTM-005884,DG-53eee68da881,1,0.048841848969459534,0.5153927206993103,0.5153927206993103,1.0,1.0,0.0,0.0,0.0,-0.7682299613952637,0.0
VTM-005885,DG-2ae7725e28bb,1,0.04883801192045212,0.5495582818984985,0.5495582818984985,1.0,1.0,0.0,0.0,0.0,-0.5600572228431702,0.0001001628115773201
VTM-005896,DG-0f51f978cb94,1,0.04903167113661766,0.5354205369949341,0.5354205369949341,1.0,1.0,0.0,0.0,0.0,-0.869320809841156,0.0
VTM-005897,DG-71ec88dd661b,1,0.04980190098285675,0.5490543842315674,0.5490543842315674,1.0,1.0,0.0,0.0,0.0,-0.15112262964248657,0.0012488365173339844
VTM-005898,DG-deb6b29342cc,1,0.05011224001646042,0.5425072908401489,0.5425072908401489,1.0,1.0,1.0,0.0,0.0,0.27675139904022217,0.0032256245613098145
VTM-005903,DG-ae7c76abd0e7,1,0.04934040457010269,0.5409447550773621,0.5409447550773621,1.0,1.0,0.0,0.0,0.0,-0.856356143951416,0.0
VTM-005908,DG-50f1936ab775,1,0.04966440424323082,0.540962815284729,0.540962815284729,1.0,1.0,0.0,0.0,0.0,-0.9467915892601013,0.0
VTM-005935,DG-f8fc1824da1b,1,0.04939597100019455,0.5330529808998108,0.5330529808998108,1.0,1.0,0.0,0.0,0.0,-0.48881077766418457,0.0005915053188800812
VTM-005946,DG-043ac1fee3d4,1,0.048771437257528305,0.5480861067771912,0.5480861067771912,1.0,1.0,0.0,0.0,0.0,-0.41296684741973877,0.0025423988699913025
VTM-005948,DG-265bfdb66536,1,0.04969307780265808,0.5396727323532104,0.5396727323532104,1.0,1.0,0.0,0.0,0.0,-0.9635406136512756,0.0
VTM-005949,DG-a36fc7e75bdd,1,0.04929463937878609,0.5382453799247742,0.5382453799247742,1.0,1.0,0.0,0.0,0.0,-0.9168668985366821,9.655719622969627e-06
VTM-005961,DG-1aced9ca1e30,1,0.049454834312200546,0.5403337478637695,0.5403337478637695,1.0,1.0,0.0,0.0,0.0,-0.9421246647834778,0.0
VTM-005962,DG-9344984427c6,1,0.04924045130610466,0.5393494963645935,0.5393494963645935,1.0,1.0,0.0,0.0,0.0,-0.6936028599739075,0.0
VTM-005967,DG-ff30bb1dfca2,1,0.04908616095781326,0.5409014225006104,0.5409014225006104,1.0,1.0,0.0,0.0,0.0,-0.7298609018325806,0.0
VTM-005972,DG-aca2dfc4a505,1,0.049654584378004074,0.5384377241134644,0.5384377241134644,1.0,1.0,0.0,0.0,0.0,-0.9722700119018555,1.0954681783914566e-06
VTM-005978,DG-819ba6162e93,1,0.0491303987801075,0.5426521897315979,0.5426521897315979,1.0,1.0,0.0,0.0,0.0,-0.8612889051437378,0.0013465601950883865
VTM-005982,DG-63644a7ed37c,1,0.04923836141824722,0.5371646285057068,0.5371646285057068,1.0,1.0,0.0,0.0,0.0,-0.6463397741317749,0.0
VTM-005987,DG-cc731ff0d7d1,1,0.049965523183345795,0.5437726378440857,0.5437726378440857,1.0,1.0,1.0,0.0,0.0,0.26969558000564575,0.0
VTM-005990,DG-418900fddbbd,1,0.049291886389255524,0.5325890779495239,0.5325890779495239,1.0,1.0,0.0,0.0,0.0,-0.4946715533733368,9.205657988786697e-06
VTM-005991,DG-37ce58f9a71b,1,0.04918500408530235,0.5451517701148987,0.5451517701148987,1.0,1.0,0.0,0.0,0.0,-0.766129195690155,0.0
VTM-005994,DG-33fccd751217,1,0.04921879991889,0.5363371968269348,0.5363371968269348,1.0,1.0,1.0,0.0,0.0,0.11305898427963257,0.0077359676361083984
VTM-005996,DG-187debedc378,1,0.04944411292672157,0.5380532741546631,0.5380532741546631,1.0,1.0,0.0,0.0,0.0,-0.9507265090942383,0.0
VTM-005997,DG-b691f6a4cccd,1,0.04922286048531532,0.5365700125694275,0.5365700125694275,1.0,1.0,0.0,0.0,0.0,-0.4091091752052307,1.198798418045044e-05
VTM-006001,DG-95c5497ecb62,1,0.049094200134277344,0.549373984336853,0.549373984336853,1.0,1.0,0.0,0.0,0.0,-0.5919260382652283,0.0001947842538356781
VTM-006003,DG-9e1dce4c666e,1,0.049272648990154266,0.5354956984519958,0.5354956984519958,1.0,1.0,0.0,0.0,0.0,-0.9562774300575256,0.0
VTM-006007,DG-104b2c508b47,1,0.049491047859191895,0.5403228998184204,0.5403228998184204,1.0,1.0,0.0,0.0,0.0,-0.9249662756919861,0.0
VTM-006008,DG-0ae4fd881765,1,0.04917989671230316,0.5521914958953857,0.5521914958953857,1.0,1.0,0.0,0.0,0.0,-0.573681116104126,0.0
VTM-006011,DG-139cd479b6fc,1,0.0490897074341774,0.5362470149993896,0.5362470149993896,1.0,1.0,0.0,0.0,0.0,-0.6246610283851624,0.0
VTM-006017,DG-bd75fac5c82b,1,0.048604607582092285,0.5093837380409241,0.5093837380409241,1.0,1.0,0.0,0.0,0.0,-0.9220908880233765,1.906591933220625e-07
VTM-006018,DG-c860d0248218,1,0.04912092536687851,0.5408492088317871,0.5408492088317871,1.0,1.0,0.0,0.0,0.0,-0.5896969437599182,0.00021081604063510895
VTM-006021,DG-ca17d7e11fdd,1,0.0491982027888298,0.5417302250862122,0.5417302250862122,1.0,1.0,0.0,0.0,0.0,-0.7585151791572571,4.2650848627090454e-05
VTM-006033,DG-f364e0776340,1,0.04936390742659569,0.541919469833374,0.541919469833374,1.0,1.0,0.0,0.0,0.0,-0.8502727746963501,0.0
VTM-006038,DG-70b20ffae56f,1,0.04898089915513992,0.5472111105918884,0.5472111105918884,1.0,1.0,0.0,0.0,0.0,-0.3792440891265869,0.0002108067274093628
VTM-006043,DG-5f48237b5d82,1,0.049275584518909454,0.547632098197937,0.547632098197937,1.0,1.0,0.0,0.0,0.0,-0.7391224503517151,0.0008487775921821594
VTM-006045,DG-95821c552aeb,1,0.04897220805287361,0.5459052920341492,0.5459052920341492,1.0,1.0,0.0,0.0,0.0,-0.42233654856681824,0.0009247660636901855
VTM-006049,DG-1f15edf7d003,1,0.04914156720042229,0.5421870946884155,0.5421870946884155,1.0,1.0,0.0,0.0,0.0,-0.47679463028907776,8.264556527137756e-06
VTM-006064,DG-325792353b9c,1,0.04931198060512543,0.5417212247848511,0.5417212247848511,1.0,1.0,0.0,0.0,0.0,-0.7422667145729065,0.0
VTM-006067,DG-2cdc6824216d,1,0.049540016800165176,0.5348411798477173,0.5348411798477173,1.0,1.0,0.0,0.0,0.0,-0.9874478578567505,1.3925833627581596e-05
VTM-006074,DG-9e8e45acb3bc,1,0.04971272870898247,0.5396456122398376,0.5396456122398376,1.0,1.0,0.0,0.0,0.0,-0.9731087684631348,0.0
VTM-006075,DG-482f84d024e3,1,0.0489761158823967,0.5499287247657776,0.5499287247657776,1.0,1.0,0.0,0.0,0.0,-0.42012301087379456,0.0011662207543849945
VTM-006079,DG-c4af61589769,1,0.049098268151283264,0.5300875306129456,0.5300875306129456,1.0,1.0,0.0,0.0,0.0,-0.506912112236023,0.0
VTM-006096,DG-b807419f51c0,1,0.049248017370700836,0.5463458895683289,0.5463458895683289,1.0,1.0,0.0,0.0,0.0,-0.5286411046981812,4.735216498374939e-05
VTM-006101,DG-34f9aa3cc4c2,1,0.049678824841976166,0.539981484413147,0.539981484413147,1.0,1.0,0.0,0.0,0.0,-0.9620428085327148,0.0
VTM-006106,DG-bcde780e96a5,1,0.04919710382819176,0.5445520281791687,0.5445520281791687,1.0,1.0,0.0,0.0,0.0,-0.6747276186943054,0.0
VTM-006114,DG-7a98ed5a2f37,1,0.04848133400082588,0.5057475566864014,0.5057475566864014,1.0,1.0,0.0,0.0,0.0,-0.9000760316848755,0.0
VTM-006115,DG-96d5b67ed849,1,0.049294572323560715,0.5408675074577332,0.5408675074577332,1.0,1.0,0.0,0.0,0.0,-0.9076123237609863,0.0
VTM-006119,DG-a519b39a64a9,1,0.048884306102991104,0.5519363880157471,0.5519363880157471,1.0,1.0,0.0,0.0,0.0,-0.5625149011611938,0.0
VTM-006123,DG-473628e6ebc0,1,0.04949258267879486,0.5387577414512634,0.5387577414512634,1.0,1.0,0.0,0.0,0.0,-0.950756847858429,5.5816955864429474e-05
VTM-006125,DG-4a806d32fad4,1,0.04898161441087723,0.5376457571983337,0.5376457571983337,1.0,1.0,0.0,0.0,0.0,-0.8922696113586426,8.819159120321274e-06
VTM-006134,DG-268e20a41bdb,1,0.0495331808924675,0.5394302606582642,0.5394302606582642,1.0,1.0,0.0,0.0,0.0,-0.9449902176856995,0.0
VTM-006145,DG-8edd14eb12e9,1,0.04913872480392456,0.5390592217445374,0.5390592217445374,1.0,1.0,0.0,0.0,0.0,-0.6305983662605286,0.0
VTM-006156,DG-949d12188648,1,0.04980243742465973,0.5454946756362915,0.5454946756362915,1.0,1.0,1.0,0.0,0.0,0.3613206148147583,0.007449030876159668
VTM-006161,DG-929f3459e00c,1,0.04953499138355255,0.5410465002059937,0.5410465002059937,1.0,1.0,0.0,0.0,0.0,-0.9195002317428589,0.0001195976510643959
VTM-006163,DG-25ee34f11a10,1,0.04926322400569916,0.5445699095726013,0.5445699095726013,1.0,1.0,0.0,0.0,0.0,-0.7026927471160889,1.2252479791641235e-05
VTM-006170,DG-8ec3c654c37f,1,0.049742087721824646,0.5380872488021851,0.5380872488021851,1.0,1.0,0.0,0.0,0.0,-0.9902259707450867,0.0
VTM-006187,DG-3002da884dc4,1,0.049200862646102905,0.5461642742156982,0.5461642742156982,1.0,1.0,0.0,0.0,0.0,-0.4083198606967926,0.0
VTM-006195,DG-9bdef8ad78aa,1,0.04915919527411461,0.5262924432754517,0.5262924432754517,1.0,1.0,0.0,0.0,0.0,-0.6036660671234131,0.0
VTM-006197,DG-a8e2877674ec,1,0.049246158450841904,0.5472128987312317,0.5472128987312317,1.0,1.0,0.0,0.0,0.0,-0.5240482687950134,2.492964267730713e-05
VTM-006201,DG-488fcfc9941e,1,0.04898257926106453,0.5236027240753174,0.5236027240753174,1.0,1.0,0.0,0.0,0.0,-0.6242673993110657,0.0
VTM-006215,DG-e3659b7f2ffc,1,0.04918128252029419,0.5439893007278442,0.5439893007278442,1.0,1.0,0.0,0.0,0.0,-0.6705753803253174,0.0
VTM-006216,DG-c67ecbfe12d4,1,0.04900641739368439,0.5158905982971191,0.5158905982971191,1.0,1.0,0.0,0.0,0.0,-0.7702287435531616,6.338488310575485e-05
VTM-006227,DG-e0afa4491647,1,0.0491555854678154,0.5169684886932373,0.5169684886932373,1.0,1.0,0.0,0.0,0.0,-0.6195786595344543,0.0
VTM-006229,DG-ef62715a621d,1,0.049145277589559555,0.5489850044250488,0.5489850044250488,1.0,1.0,0.0,0.0,0.0,-0.4995010197162628,0.00029965490102767944
VTM-006232,DG-c2e1b49c4eab,1,0.04939926043152809,0.5405697822570801,0.5405697822570801,1.0,1.0,0.0,0.0,0.0,-0.91207355260849,5.197711288928986e-06
VTM-006234,DG-d245a7bc4478,1,0.04959050565958023,0.539341151714325,0.539341151714325,1.0,1.0,0.0,0.0,0.0,-0.9564763903617859,0.0
VTM-006241,DG-5674bd5ac0ec,1,0.049146898090839386,0.5457852482795715,0.5457852482795715,1.0,1.0,0.0,0.0,0.0,-0.8376032114028931,0.0
VTM-006242,DG-e69012fa6495,1,0.049210358411073685,0.5378991961479187,0.5378991961479187,1.0,1.0,0.0,0.0,0.0,-0.8685414791107178,1.0705320164561272e-05
VTM-006246,DG-bf1e600c7bed,1,0.04959077388048172,0.5444861054420471,0.5444861054420471,1.0,1.0,0.0,0.0,0.0,-0.7899295091629028,0.004186317324638367
VTM-006253,DG-b070be6e4bc0,1,0.04933437332510948,0.5441169738769531,0.5441169738769531,1.0,1.0,0.0,0.0,0.0,-0.8341348171234131,0.0
VTM-006266,DG-f8bf9864798b,1,0.04931642487645149,0.5428440570831299,0.5428440570831299,1.0,1.0,0.0,0.0,0.0,-0.5678950548171997,0.0
VTM-006274,DG-796ab43f6114,1,0.049381788820028305,0.5480843186378479,0.5480843186378479,1.0,1.0,0.0,0.0,0.0,-0.6632033586502075,0.00014631450176239014
VTM-006276,DG-eb341a6de4eb,1,0.04955063387751579,0.5343134999275208,0.5343134999275208,1.0,1.0,0.0,0.0,0.0,-0.993202269077301,0.0
VTM-006278,DG-16f936dd9298,1,0.04937434941530228,0.5462493896484375,0.5462493896484375,1.0,1.0,0.0,0.0,0.0,-0.557092547416687,0.0006185621023178101
VTM-006282,DG-6918d9390f09,1,0.049921561032533646,0.5468915104866028,0.5468915104866028,1.0,1.0,0.0,0.0,0.0,-0.11113840341567993,0.014579147100448608
VTM-006287,DG-3a3501476b61,1,0.04962678253650665,0.5412994027137756,0.5412994027137756,1.0,1.0,0.0,0.0,0.0,-0.8801077008247375,0.00021055340766906738
VTM-006296,DG-112d6e934f1b,1,0.04973809793591499,0.5382201671600342,0.5382201671600342,1.0,1.0,0.0,0.0,0.0,-0.9859986901283264,0.0
VTM-006300,DG-979e6edfce44,1,0.049192171543836594,0.5440202355384827,0.5440202355384827,1.0,1.0,0.0,0.0,0.0,-0.5369019508361816,0.0009980909526348114
VTM-006311,DG-aa46f4ad87d0,1,0.049546707421541214,0.535332977771759,0.535332977771759,1.0,1.0,0.0,0.0,0.0,-0.9873048663139343,0.0
VTM-006324,DG-1dc6871862db,1,0.049725838005542755,0.5387144088745117,0.5387144088745117,1.0,1.0,0.0,0.0,0.0,-0.9720361232757568,1.0863877832889557e-05
VTM-006330,DG-fc214509b3bb,1,0.04896213114261627,0.5453981757164001,0.5453981757164001,1.0,1.0,0.0,0.0,0.0,-0.5077900290489197,0.002814874053001404
VTM-006345,DG-9e5474b4ad58,1,0.04888557270169258,0.5497528910636902,0.5497528910636902,1.0,1.0,0.0,0.0,0.0,-0.4322200417518616,0.001069478690624237
VTM-006349,DG-49efe37631ec,1,0.04918811097741127,0.5495983958244324,0.5495983958244324,1.0,1.0,0.0,0.0,0.0,-0.6000451445579529,0.0013252273201942444
VTM-006356,DG-bf63801c3476,1,0.04919455572962761,0.5387133955955505,0.5387133955955505,1.0,1.0,0.0,0.0,0.0,-0.7799090147018433,0.0
VTM-006363,DG-a6108475bdeb,1,0.04904330521821976,0.5295451283454895,0.5295451283454895,1.0,1.0,0.0,0.0,0.0,-0.5861809849739075,0.0
VTM-006371,DG-2e92eedabd9c,1,0.04901055619120598,0.5342304706573486,0.5342304706573486,1.0,1.0,0.0,0.0,0.0,-0.9379745125770569,0.0
VTM-006373,DG-f1b1dceccc29,1,0.049306415021419525,0.5453336238861084,0.5453336238861084,1.0,1.0,0.0,0.0,0.0,-0.41598770022392273,0.0010964199900627136
VTM-006377,DG-c7e8605056a3,1,0.04905996844172478,0.5420293211936951,0.5420293211936951,1.0,1.0,0.0,0.0,0.0,-0.7251054644584656,4.3720006942749023e-05
VTM-006379,DG-a1b2af69f0d4,1,0.048935506492853165,0.525794506072998,0.525794506072998,1.0,1.0,0.0,0.0,0.0,-0.5591238141059875,1.5891855582594872e-06
VTM-006384,DG-da953788905a,1,0.04981794208288193,0.5499149560928345,0.5499149560928345,1.0,1.0,0.0,0.0,0.0,-0.2847353219985962,0.0066964030265808105
VTM-006390,DG-01b24e441a7a,1,0.04924703389406204,0.5439051389694214,0.5439051389694214,1.0,1.0,0.0,0.0,0.0,-0.7341312170028687,0.0
VTM-006392,DG-71d2815d1bd5,1,0.04884987324476242,0.5509530305862427,0.5509530305862427,1.0,1.0,0.0,0.0,0.0,-0.5452115535736084,0.00016558682546019554
VTM-006394,DG-d8d2ecff120b,1,0.049384068697690964,0.5311694741249084,0.5311694741249084,1.0,1.0,0.0,0.0,0.0,-0.9938194155693054,0.0
VTM-006395,DG-4198c77573ae,1,0.049209728837013245,0.5212171077728271,0.5212171077728271,1.0,1.0,0.0,0.0,0.0,-0.6883533596992493,0.0
VTM-006397,DG-beb3d06894af,1,0.04959320276975632,0.5391727685928345,0.5391727685928345,1.0,1.0,0.0,0.0,0.0,-0.9580364227294922,0.0
VTM-006408,DG-2c1083b700a0,1,0.049464620649814606,0.5429671406745911,0.5429671406745911,1.0,1.0,0.0,0.0,0.0,-0.8423079252243042,0.0008025914430618286
VTM-006409,DG-c37555994414,1,0.04964851215481758,0.537655770778656,0.537655770778656,1.0,1.0,0.0,0.0,0.0,-0.9806167483329773,0.0
VTM-006415,DG-9e24ee739682,1,0.04940718039870262,0.5534622669219971,0.5534622669219971,1.0,1.0,0.0,0.0,0.0,-0.3363843858242035,0.003460809588432312
VTM-006418,DG-30e2ec80c738,1,0.049691881984472275,0.5381408929824829,0.5381408929824829,1.0,1.0,0.0,0.0,0.0,-0.981717586517334,4.774192348122597e-05
VTM-006420,DG-9bda9a0160af,1,0.04974579066038132,0.538399338722229,0.538399338722229,1.0,1.0,0.0,0.0,0.0,-0.9870827198028564,0.0
VTM-006432,DG-3a4fa0633cb1,1,0.0492786169052124,0.5493303537368774,0.5493303537368774,1.0,1.0,0.0,0.0,0.0,-0.5530528426170349,0.0018610209226608276
VTM-006435,DG-f8d0a1c8c68d,1,0.049678437411785126,0.5389314889907837,0.5389314889907837,1.0,1.0,0.0,0.0,0.0,-0.9628064036369324,0.0
VTM-006437,DG-39b47311c139,1,0.04975580424070358,0.5384964942932129,0.5384964942932129,1.0,1.0,0.0,0.0,0.0,-0.98419588804245,0.0
VTM-006442,DG-69f04811ed52,1,0.04932694882154465,0.5309212803840637,0.5309212803840637,1.0,1.0,0.0,0.0,0.0,-0.5538173913955688,6.573274731636047e-05
VTM-006445,DG-ce8b18e9b2a2,1,0.049501512199640274,0.5402519106864929,0.5402519106864929,1.0,1.0,0.0,0.0,0.0,-0.9187079668045044,0.0
VTM-006449,DG-6445a784e0c6,1,0.049391116946935654,0.5460591912269592,0.5460591912269592,1.0,1.0,0.0,0.0,0.0,-0.741053581237793,0.0013995170593261719
VTM-006461,DG-ad0165fc6794,1,0.04921741783618927,0.5424612760543823,0.5424612760543823,1.0,1.0,0.0,0.0,0.0,-0.8556933403015137,0.0
VTM-006466,DG-265eef3b3006,1,0.04921271279454231,0.5316913723945618,0.5316913723945618,1.0,1.0,0.0,0.0,0.0,-0.9798020124435425,0.0
VTM-006467,DG-fb2944857aa6,1,0.04960571974515915,0.5388323664665222,0.5388323664665222,1.0,1.0,0.0,0.0,0.0,-0.9641139507293701,0.0
VTM-006471,DG-3e20b73fe28f,1,0.05001693591475487,0.5367052555084229,0.5367052555084229,1.0,1.0,1.0,0.0,0.0,0.5741524696350098,0.012273430824279785
VTM-006476,DG-d9bc43ce4b7f,1,0.049397725611925125,0.5448777079582214,0.5448777079582214,1.0,1.0,0.0,0.0,0.0,-0.6599814295768738,2.2195279598236084e-05
VTM-006478,DG-a4bdb7f9591b,1,0.04959462955594063,0.5445983409881592,0.5445983409881592,1.0,1.0,0.0,0.0,0.0,-0.8107350468635559,0.0002917870879173279
VTM-006480,DG-b24501d7950f,1,0.048454344272613525,0.5389368534088135,0.5389368534088135,1.0,1.0,0.0,0.0,0.0,-0.7767927050590515,0.0004099421203136444
VTM-006488,DG-d391398b2da7,1,0.04992121085524559,0.5314747095108032,0.5314747095108032,1.0,1.0,1.0,0.0,0.0,0.7066699862480164,0.004075050354003906
VTM-006490,DG-a2f7e9929fc5,1,0.049748744815588,0.5391251444816589,0.5391251444816589,1.0,1.0,0.0,0.0,0.0,-0.9781259298324585,4.342757165431976e-05
VTM-006500,DG-3e4e17e6ec8d,1,0.04983905330300331,0.5284824371337891,0.5284824371337891,1.0,1.0,1.0,0.0,0.0,0.798780083656311,0.010924577713012695
VTM-006503,DG-db7c8c165e43,1,0.049920666962862015,0.5478273630142212,0.5478273630142212,1.0,1.0,0.0,0.0,0.0,-0.29654812812805176,0.0012665390968322754
VTM-006504,DG-18b4c46bb671,1,0.04874202236533165,0.5491024851799011,0.5491024851799011,1.0,1.0,0.0,0.0,0.0,-0.48837652802467346,0.0003535076975822449
VTM-006510,DG-87b52cf4b977,1,0.049759168177843094,0.5400086641311646,0.5400086641311646,1.0,1.0,0.0,0.0,0.0,-0.9771665930747986,0.0
VTM-006511,DG-86b871038077,1,0.0492093563079834,0.5306085348129272,0.5306085348129272,1.0,1.0,0.0,0.0,0.0,-0.5454996228218079,0.00010171346366405487
VTM-006516,DG-23b4f9d15b43,1,0.04983186721801758,0.5496779084205627,0.5496779084205627,1.0,1.0,0.0,0.0,0.0,-0.2539388835430145,0.009636670351028442
VTM-006533,DG-1f903b18ddda,1,0.04934488981962204,0.5455276370048523,0.5455276370048523,1.0,1.0,0.0,0.0,0.0,-0.8389352560043335,0.0013103801757097244
VTM-006541,DG-835a801f23da,1,0.049221549183130264,0.5377914309501648,0.5377914309501648,1.0,1.0,0.0,0.0,0.0,-0.5902293920516968,0.0
VTM-006562,DG-35d50aa085e6,1,0.049207285046577454,0.5411937832832336,0.5411937832832336,1.0,1.0,0.0,0.0,0.0,-0.769278883934021,0.0
VTM-006564,DG-644958babe8e,1,0.04974135756492615,0.5524187088012695,0.5524187088012695,1.0,1.0,0.0,0.0,0.0,-0.39262712001800537,0.0
VTM-006566,DG-f6239c05b656,1,0.0491073839366436,0.5232122540473938,0.5232122540473938,1.0,1.0,0.0,0.0,0.0,-0.6571264266967773,2.3262109607458115e-06
VTM-006570,DG-ca69ccc90dac,1,0.04976406320929527,0.5375219583511353,0.5375219583511353,1.0,1.0,0.0,0.0,0.0,-0.9947899580001831,0.0
VTM-006575,DG-11ae31e5d33e,1,0.04952690005302429,0.5322747230529785,0.5322747230529785,1.0,1.0,1.0,0.0,0.0,0.5652283430099487,0.013392388820648193
VTM-006579,DG-03968fb48da1,1,0.04895990714430809,0.5434043407440186,0.5434043407440186,1.0,1.0,0.0,0.0,0.0,-0.3522929549217224,0.005588933825492859
VTM-006580,DG-78c669fe7d06,1,0.04904438927769661,0.5158796310424805,0.5158796310424805,1.0,1.0,0.0,0.0,0.0,-0.7722463607788086,0.0
VTM-006591,DG-1d2cf2cae958,1,0.04949263483285904,0.5441561341285706,0.5441561341285706,1.0,1.0,0.0,0.0,0.0,0.11553090810775757,0.004716098308563232
VTM-006592,DG-6a8bff671d50,1,0.04979304224252701,0.5381529927253723,0.5381529927253723,1.0,1.0,0.0,0.0,0.0,-0.9942635893821716,0.0
VTM-006593,DG-6924e9fa7beb,1,0.04973527789115906,0.5371479392051697,0.5371479392051697,1.0,1.0,1.0,0.0,0.0,0.08176824450492859,0.004289478063583374
VTM-006595,DG-a10bfe44f494,1,0.04893522337079048,0.5414059162139893,0.5414059162139893,1.0,1.0,0.0,0.0,0.0,-0.8825887441635132,0.00012702541425824165
VTM-006596,DG-e959e1343827,1,0.04966901242733002,0.5405743718147278,0.5405743718147278,1.0,1.0,0.0,0.0,0.0,-0.8650255799293518,0.0
VTM-006618,DG-e058c49622bc,1,0.04896516352891922,0.5387216210365295,0.5387216210365295,1.0,1.0,0.0,0.0,0.0,-0.8084961771965027,0.0
VTM-006630,DG-4869d5ae8f80,1,0.048894159495830536,0.5491297841072083,0.5491297841072083,1.0,1.0,0.0,0.0,0.0,-0.7568191289901733,0.00040731579065322876
VTM-006635,DG-23594ab189e8,1,0.04893645644187927,0.5472529530525208,0.5472529530525208,1.0,1.0,0.0,0.0,0.0,-0.8038817048072815,0.0
VTM-006639,DG-93f5dc1c4df2,1,0.04989726096391678,0.5291304588317871,0.5291304588317871,1.0,1.0,1.0,0.0,0.0,0.7829284071922302,0.00572282075881958
VTM-006644,DG-37761b327bb4,1,0.049374520778656006,0.5423088669776917,0.5423088669776917,1.0,1.0,0.0,0.0,0.0,-0.8618027567863464,0.0
VTM-006647,DG-8d8763f17b67,1,0.05009285733103752,0.529112696647644,0.529112696647644,1.0,1.0,1.0,0.0,0.0,0.7146854996681213,0.006763935089111328
VTM-006648,DG-d680a4d6e142,1,0.04943615198135376,0.5483137369155884,0.5483137369155884,1.0,1.0,0.0,0.0,0.0,-0.08153834939002991,0.0043059587478637695
VTM-006653,DG-8acc97e99e5e,1,0.04939759150147438,0.5368221402168274,0.5368221402168274,1.0,1.0,0.0,0.0,0.0,-0.3772689998149872,0.0003093406558036804
VTM-006655,DG-39398201aeb2,1,0.05001533031463623,0.5383825302124023,0.5383825302124023,1.0,1.0,1.0,0.0,0.0,0.49708765745162964,0.0056844353675842285
VTM-006657,DG-b8aafa85cd66,1,0.049808304756879807,0.5455427169799805,0.5455427169799805,1.0,1.0,1.0,0.0,0.0,0.08689281344413757,0.0035966038703918457
VTM-006663,DG-7002e94c0f25,1,0.04998099058866501,0.5453506708145142,0.5453506708145142,1.0,1.0,1.0,0.0,0.0,0.27852511405944824,0.007700562477111816
VTM-006669,DG-ca7fc283c3e0,1,0.049238547682762146,0.5356152653694153,0.5356152653694153,1.0,1.0,0.0,0.0,0.0,-0.5822247266769409,4.607066512107849e-05
VTM-006671,DG-4c5394909071,1,0.04897771403193474,0.5399621725082397,0.5399621725082397,1.0,1.0,0.0,0.0,0.0,-0.8538723587989807,0.0
VTM-006674,DG-29853a9c9e48,1,0.05005756765604019,0.5396286249160767,0.5396286249160767,1.0,1.0,1.0,0.0,0.0,0.39906325936317444,0.013674437999725342
VTM-006702,DG-05ce0b58d145,1,0.04944942891597748,0.546301007270813,0.546301007270813,1.0,1.0,0.0,0.0,0.0,-0.5194486379623413,0.0004708617925643921
VTM-006704,DG-35a61c51bf04,1,0.0486442968249321,0.5097071528434753,0.5097071528434753,1.0,1.0,0.0,0.0,0.0,-0.9455999135971069,2.008018782362342e-07
VTM-006712,DG-8f55863f8ea1,1,0.04911448433995247,0.5446528792381287,0.5446528792381287,1.0,1.0,0.0,0.0,0.0,-0.8249369263648987,0.0
VTM-006718,DG-aa10f143e383,1,0.049285583198070526,0.5329028964042664,0.5329028964042664,1.0,1.0,0.0,0.0,0.0,-0.9820103645324707,0.0
VTM-006719,DG-3afed5e49e28,1,0.04871077835559845,0.5498069524765015,0.5498069524765015,1.0,1.0,0.0,0.0,0.0,-0.7505964040756226,0.0
VTM-006720,DG-b34cba61ef89,1,0.04963981360197067,0.5346593856811523,0.5346593856811523,1.0,1.0,0.0,0.0,0.0,-0.21742486953735352,0.0004967153072357178
VTM-006723,DG-260189d80767,1,0.04934235289692879,0.543414294719696,0.543414294719696,1.0,1.0,0.0,0.0,0.0,-0.5201994180679321,0.0
VTM-006729,DG-f3e55769ff61,1,0.049059685319662094,0.5429273843765259,0.5429273843765259,1.0,1.0,0.0,0.0,0.0,-0.031064212322235107,0.006780028343200684
VTM-006738,DG-1c1a3c4ef6a5,1,0.050029024481773376,0.5441721677780151,0.5441721677780151,1.0,1.0,1.0,0.0,0.0,0.10066837072372437,0.009082913398742676
VTM-006745,DG-e46e9d5bd1b0,1,0.04814114421606064,0.541319727897644,0.541319727897644,1.0,1.0,0.0,0.0,0.0,-0.9274581670761108,1.3482494978234172e-06
VTM-006746,DG-15742dc2018a,1,0.04977809265255928,0.5392774343490601,0.5392774343490601,1.0,1.0,1.0,0.0,0.0,0.5134146213531494,0.004449963569641113
VTM-006750,DG-a375d8956f65,1,0.048518747091293335,0.5289105176925659,0.5289105176925659,1.0,1.0,0.0,0.0,0.0,-0.5817863941192627,0.0012292712926864624
VTM-006752,DG-0b399df40ff6,1,0.0495915412902832,0.5460953712463379,0.5460953712463379,1.0,1.0,0.0,0.0,0.0,-0.618228554725647,0.0007257312536239624
VTM-006756,DG-7fe862f885ef,1,0.04948849231004715,0.5504756569862366,0.5504756569862366,1.0,1.0,0.0,0.0,0.0,-0.4130082428455353,0.0009088218212127686
VTM-006763,DG-5923ebe32d44,1,0.04943787306547165,0.5539718270301819,0.5539718270301819,1.0,1.0,0.0,0.0,0.0,-0.3084198236465454,0.0
VTM-006770,DG-8af983db7de9,1,0.04927843436598778,0.5440753102302551,0.5440753102302551,1.0,1.0,0.0,0.0,0.0,-0.699718177318573,0.0002201460301876068
VTM-006773,DG-4e4e2c60036a,1,0.05012628436088562,0.5426260232925415,0.5426260232925415,1.0,1.0,1.0,0.0,0.0,0.15122824907302856,0.0045279860496521
VTM-006774,DG-e6573e0b29ec,1,0.04954031482338905,0.5502829551696777,0.5502829551696777,1.0,1.0,0.0,0.0,0.0,-0.5671573877334595,0.0015613138675689697
VTM-006777,DG-af8325128ef5,1,0.04890769347548485,0.551287829875946,0.551287829875946,1.0,1.0,0.0,0.0,0.0,-0.5271506309509277,0.0005265437066555023
VTM-006783,DG-4ea38b753c1d,1,0.04965559393167496,0.5450409650802612,0.5450409650802612,1.0,1.0,1.0,0.0,0.0,0.25560474395751953,0.003960847854614258
VTM-006789,DG-91a87bde4235,1,0.04964367300271988,0.5411939024925232,0.5411939024925232,1.0,1.0,1.0,0.0,0.0,0.39947211742401123,0.0015484094619750977
VTM-006792,DG-35eb75caf639,1,0.0493955984711647,0.5384215116500854,0.5384215116500854,1.0,1.0,0.0,0.0,0.0,-0.4851944148540497,0.0001473166048526764
VTM-006795,DG-add3274436d0,1,0.04973481222987175,0.5484275221824646,0.5484275221824646,1.0,1.0,0.0,0.0,0.0,-0.21676772832870483,0.003886878490447998
VTM-006797,DG-50aefe90f359,1,0.04871030151844025,0.5101774334907532,0.5101774334907532,1.0,1.0,0.0,0.0,0.0,-0.8454945087432861,1.0625459253787994e-05
VTM-006801,DG-ea0f173988c7,1,0.04831947758793831,0.535293698310852,0.535293698310852,1.0,1.0,0.0,0.0,0.0,-0.7968374490737915,0.0
VTM-006802,DG-f27d5e7ca7b3,1,0.04900502413511276,0.5441147685050964,0.5441147685050964,1.0,1.0,0.0,0.0,0.0,-0.15197083353996277,0.0
VTM-006807,DG-3db1fe4ffc10,1,0.04932929947972298,0.5416831970214844,0.5416831970214844,1.0,1.0,0.0,0.0,0.0,-0.7335021495819092,0.0
VTM-006809,DG-52eb4c4698ac,1,0.049935635179281235,0.5322934985160828,0.5322934985160828,1.0,1.0,1.0,0.0,0.0,0.6130940318107605,0.013343095779418945
VTM-006812,DG-d6fc273c2664,1,0.04981100931763649,0.5385080575942993,0.5385080575942993,1.0,1.0,0.0,0.0,0.0,-0.9950481057167053,0.0
VTM-006814,DG-0b751e4cb272,1,0.048918165266513824,0.5131042003631592,0.5131042003631592,1.0,1.0,0.0,0.0,0.0,-0.8553857207298279,5.8480072766542435e-05
VTM-006815,DG-417147546517,1,0.04914619401097298,0.5413300395011902,0.5413300395011902,1.0,1.0,0.0,0.0,0.0,-0.8782607913017273,0.0
VTM-006818,DG-73cc4e599178,1,0.04981060326099396,0.5502349734306335,0.5502349734306335,1.0,1.0,0.0,0.0,0.0,-0.05572584271430969,0.006959378719329834
VTM-006821,DG-1f359c0dcffa,1,0.049389977008104324,0.5364257097244263,0.5364257097244263,1.0,1.0,1.0,0.0,0.0,0.23562729358673096,0.002932131290435791
VTM-006827,DG-556a131aaeaf,1,0.048848751932382584,0.5104042887687683,0.5104042887687683,1.0,1.0,0.0,0.0,0.0,-0.8425731658935547,7.369183003902435e-05
VTM-006831,DG-d68fb0c71597,1,0.049401286989450455,0.5398918986320496,0.5398918986320496,1.0,1.0,0.0,0.0,0.0,-0.8996810913085938,0.0
VTM-006833,DG-94bc56856a4d,1,0.04918363317847252,0.5403269529342651,0.5403269529342651,1.0,1.0,0.0,0.0,0.0,-0.6249868273735046,5.32492995262146e-05
VTM-006837,DG-343b09f74dde,1,0.049809735268354416,0.5399941205978394,0.5399941205978394,1.0,1.0,0.0,0.0,0.0,-0.9767454266548157,0.0
VTM-006844,DG-9bf13122376d,1,0.04886892810463905,0.5446121692657471,0.5446121692657471,1.0,1.0,0.0,0.0,0.0,-0.2197076976299286,0.007713735103607178
VTM-006845,DG-e8e1450adde3,1,0.04919031634926796,0.5504242777824402,0.5504242777824402,1.0,1.0,0.0,0.0,0.0,-0.5220577120780945,0.0013583078980445862
VTM-006849,DG-b1f251cf666f,1,0.04925292730331421,0.5415751934051514,0.5415751934051514,1.0,1.0,0.0,0.0,0.0,-0.40259701013565063,0.0001668483018875122
VTM-006853,DG-ab41a705c6a6,1,0.04829730466008186,0.536539614200592,0.536539614200592,1.0,1.0,0.0,0.0,0.0,-0.7464264035224915,0.0
VTM-006855,DG-53a21c00e78d,1,0.04896717146039009,0.5500339269638062,0.5500339269638062,1.0,1.0,0.0,0.0,0.0,-0.5450541973114014,0.001973472535610199
VTM-006865,DG-63548c1d61c2,1,0.04924485459923744,0.5326982140541077,0.5326982140541077,1.0,1.0,0.0,0.0,0.0,-0.5376654863357544,0.0001440802589058876
VTM-006875,DG-fb1970d2ff6f,1,0.049747250974178314,0.5369189381599426,0.5369189381599426,1.0,1.0,1.0,0.0,0.0,0.5580877065658569,0.007691144943237305
VTM-006887,DG-86578adce0e4,1,0.049392420798540115,0.5429863333702087,0.5429863333702087,1.0,1.0,0.0,0.0,0.0,-0.7614201307296753,0.0
VTM-006891,DG-8dfa5e733ae1,1,0.050071850419044495,0.5409312844276428,0.5409312844276428,1.0,1.0,1.0,0.0,0.0,0.3873351812362671,0.0035431385040283203
VTM-006898,DG-6f4492e2f9e1,1,0.04902167245745659,0.5412840843200684,0.5412840843200684,1.0,1.0,0.0,0.0,0.0,-0.5154995918273926,0.0
VTM-006906,DG-7f087c3660f5,1,0.04877624288201332,0.5407227277755737,0.5407227277755737,1.0,1.0,0.0,0.0,0.0,-0.8323657512664795,0.0
VTM-006908,DG-dc60ca226509,1,0.04927440360188484,0.5305827856063843,0.5305827856063843,1.0,1.0,0.0,0.0,0.0,-0.3069085478782654,0.0010720863938331604
VTM-006916,DG-4cb828c27c61,1,0.048816848546266556,0.5542293190956116,0.5542293190956116,1.0,1.0,0.0,0.0,0.0,-0.5628708004951477,0.0010961703956127167
VTM-006917,DG-6ee3ca1f3798,1,0.04916832223534584,0.5466599464416504,0.5466599464416504,1.0,1.0,0.0,0.0,0.0,-0.2745906710624695,0.0015481412410736084
VTM-006933,DG-5ba0b26133f3,1,0.04935774207115173,0.5419907569885254,0.5419907569885254,1.0,1.0,0.0,0.0,0.0,-0.7515325546264648,0.00019008014351129532
VTM-006934,DG-30753fc2b957,1,0.04856116697192192,0.5090916156768799,0.5090916156768799,1.0,1.0,0.0,0.0,0.0,-0.9280743598937988,2.0406441763043404e-06
VTM-006935,DG-e1a68ff2aa8d,1,0.04891810193657875,0.5372248888015747,0.5372248888015747,1.0,1.0,0.0,0.0,0.0,-0.461275190114975,0.0008178874850273132
VTM-006959,DG-8ba48f39262c,1,0.04892926663160324,0.5464707612991333,0.5464707612991333,1.0,1.0,0.0,0.0,0.0,-0.7155042290687561,0.0
VTM-006967,DG-fa4bff23af8b,1,0.04928142949938774,0.5260323286056519,0.5260323286056519,1.0,1.0,0.0,0.0,0.0,-0.521865963935852,0.00015031546354293823
VTM-006971,DG-dca3cf74d23b,1,0.04909206181764603,0.543305516242981,0.543305516242981,1.0,1.0,0.0,0.0,0.0,-0.7852795720100403,7.153116166591644e-05
VTM-006976,DG-da93d215b880,1,0.04967290908098221,0.538803219795227,0.538803219795227,1.0,1.0,0.0,0.0,0.0,-0.9698689579963684,0.0
VTM-006978,DG-3b43749310e1,1,0.04937559366226196,0.5473395586013794,0.5473395586013794,1.0,1.0,0.0,0.0,0.0,-0.10129693150520325,0.0034153759479522705
VTM-006983,DG-a7b59cae618b,1,0.04913344606757164,0.5385152101516724,0.5385152101516724,1.0,1.0,0.0,0.0,0.0,-0.6244983077049255,2.6346184313297272e-05
VTM-006984,DG-154c71809bbc,1,0.04945153743028641,0.5328900218009949,0.5328900218009949,1.0,1.0,0.0,0.0,0.0,-0.9926871061325073,0.0
VTM-006985,DG-0eee9f6bbcfc,1,0.04895053431391716,0.537584125995636,0.537584125995636,1.0,1.0,0.0,0.0,0.0,-0.8551082015037537,1.3234384823590517e-06
VTM-006994,DG-a7ce3a9925a2,1,0.04942934587597847,0.5407753586769104,0.5407753586769104,1.0,1.0,0.0,0.0,0.0,-0.9265021681785583,0.00017896760255098343
VTM-006995,DG-b0604379d089,1,0.04966925457119942,0.5450794696807861,0.5450794696807861,1.0,1.0,0.0,0.0,0.0,-0.7622910737991333,0.0006506294012069702
VTM-006998,DG-acbe1e05c541,1,0.04920104891061783,0.5473718047142029,0.5473718047142029,1.0,1.0,0.0,0.0,0.0,-0.6284487247467041,0.00015304610133171082
VTM-007002,DG-c6cad96fd5a7,1,0.04977639392018318,0.543062686920166,0.543062686920166,1.0,1.0,0.0,0.0,0.0,-0.9053449034690857,0.0
VTM-007007,DG-493cac276dd5,1,0.04935643449425697,0.5357621908187866,0.5357621908187866,1.0,1.0,0.0,0.0,0.0,-0.14494961500167847,0.0
VTM-007026,DG-e3dbfb5405a7,1,0.049545109272003174,0.5443310141563416,0.5443310141563416,1.0,1.0,0.0,0.0,0.0,-0.1762741506099701,0.004535868763923645
VTM-007029,DG-0b8d368c44aa,1,0.04963671416044235,0.5404998660087585,0.5404998660087585,1.0,1.0,0.0,0.0,0.0,-0.9448123574256897,0.0
VTM-007032,DG-0b8472e2b902,1,0.04981858283281326,0.5395535826683044,0.5395535826683044,1.0,1.0,0.0,0.0,0.0,-0.9820805191993713,0.00022621452808380127
VTM-007037,DG-22d358f0e974,1,0.049369316548109055,0.5468145608901978,0.5468145608901978,1.0,1.0,0.0,0.0,0.0,-0.7613494396209717,0.0
VTM-007040,DG-b872fe4b369e,1,0.04949944093823433,0.5475690364837646,0.5475690364837646,1.0,1.0,0.0,0.0,0.0,-0.2647811770439148,0.0009815990924835205
VTM-007041,DG-fa8281c7c40c,1,0.04916613921523094,0.5437267422676086,0.5437267422676086,1.0,1.0,0.0,0.0,0.0,-0.8308406472206116,6.400234997272491e-05
VTM-007048,DG-f9986ce5a4bd,1,0.04974961653351784,0.5378599762916565,0.5378599762916565,1.0,1.0,0.0,0.0,0.0,-0.9913303852081299,0.0
VTM-007049,DG-4715ac3ecf84,1,0.04908236488699913,0.5399339199066162,0.5399339199066162,1.0,1.0,0.0,0.0,0.0,-0.8125514388084412,0.0
VTM-007054,DG-6a7637f40650,1,0.049227602779865265,0.5473069548606873,0.5473069548606873,1.0,1.0,0.0,0.0,0.0,-0.7505826354026794,0.0
VTM-007065,DG-cadf3c36e12e,1,0.04919829219579697,0.5285179018974304,0.5285179018974304,1.0,1.0,0.0,0.0,0.0,-0.5553151965141296,1.687253825366497e-05
VTM-007070,DG-d34b22e095bf,1,0.04976443201303482,0.5388296842575073,0.5388296842575073,1.0,1.0,0.0,0.0,0.0,-0.9857436418533325,0.0
VTM-007081,DG-af5f4536f2b9,1,0.04937572777271271,0.5446677207946777,0.5446677207946777,1.0,1.0,0.0,0.0,0.0,-0.803446352481842,0.0003574751317501068
VTM-007082,DG-6f908de6422f,1,0.04935230687260628,0.5531281232833862,0.5531281232833862,1.0,1.0,0.0,0.0,0.0,-0.34859079122543335,0.0030516386032104492
VTM-007088,DG-45d08d11eb84,1,0.048877034336328506,0.5374972820281982,0.5374972820281982,1.0,1.0,0.0,0.0,0.0,-0.3574616014957428,0.0002648681402206421
VTM-007091,DG-f83f28631de7,1,0.04927006736397743,0.5427338480949402,0.5427338480949402,1.0,1.0,0.0,0.0,0.0,-0.7183160781860352,0.00010803807526826859
VTM-007092,DG-f7a76505a9a5,1,0.04990655183792114,0.5394414067268372,0.5394414067268372,1.0,1.0,0.0,0.0,0.0,-0.9994029998779297,0.0
VTM-007093,DG-3ad8c3ee11d2,1,0.04968656972050667,0.5374112129211426,0.5374112129211426,1.0,1.0,0.0,0.0,0.0,-0.9877492189407349,0.0
VTM-007102,DG-e197bfeae2ac,1,0.04984737187623978,0.530008852481842,0.530008852481842,1.0,1.0,1.0,0.0,0.0,0.7614760398864746,0.0006915926933288574
VTM-007103,DG-9cbf002ecfe4,1,0.04972483217716217,0.5386908650398254,0.5386908650398254,1.0,1.0,0.0,0.0,0.0,-0.9797888398170471,0.0002255905419588089
VTM-007104,DG-d9a87af4d5e2,1,0.04929880052804947,0.5455020666122437,0.5455020666122437,1.0,1.0,0.0,0.0,0.0,-0.6361644268035889,0.003242887556552887
VTM-007111,DG-ef1a791bd96c,1,0.049042824655771255,0.534950315952301,0.534950315952301,1.0,1.0,0.0,0.0,0.0,-0.5452490448951721,7.165712304413319e-05
VTM-007125,DG-314f5c22ba5e,1,0.049421582370996475,0.5518842935562134,0.5518842935562134,1.0,1.0,0.0,0.0,0.0,-0.46178215742111206,0.0034760087728500366
VTM-007127,DG-6e910964969a,1,0.0480315200984478,0.5368528962135315,0.5368528962135315,1.0,1.0,0.0,0.0,0.0,-0.8817115426063538,0.00026085367426276207
VTM-007141,DG-05026c817e51,1,0.049398891627788544,0.5439173579216003,0.5439173579216003,1.0,1.0,0.0,0.0,0.0,-0.8276357054710388,0.00015919841825962067
VTM-007144,DG-8f05a74e61f7,1,0.04959028959274292,0.5401889085769653,0.5401889085769653,1.0,1.0,0.0,0.0,0.0,-0.9430156946182251,0.0002304520457983017
VTM-007151,DG-6ef8ee263e12,1,0.049242060631513596,0.5478377938270569,0.5478377938270569,1.0,1.0,0.0,0.0,0.0,-0.7903664708137512,0.0
VTM-007157,DG-52a07fdd8b0a,1,0.04945177957415581,0.5486026406288147,0.5486026406288147,1.0,1.0,0.0,0.0,0.0,-0.5576087236404419,0.0008120089769363403
VTM-007168,DG-a6848732cd54,1,0.04920008406043053,0.5478265285491943,0.5478265285491943,1.0,1.0,0.0,0.0,0.0,-0.2641284763813019,0.002651304006576538
VTM-007170,DG-0350d83b9da1,1,0.049313027411699295,0.5426386594772339,0.5426386594772339,1.0,1.0,0.0,0.0,0.0,-0.6773731708526611,0.0
VTM-007178,DG-8b5edeae79e0,1,0.04932112991809845,0.54173344373703,0.54173344373703,1.0,1.0,0.0,0.0,0.0,-0.8444117903709412,9.302515536546707e-06
VTM-007180,DG-722ac6aa9e5b,1,0.049769286066293716,0.539490818977356,0.539490818977356,1.0,1.0,0.0,0.0,0.0,0.01101192831993103,0.005081593990325928
VTM-007192,DG-d1ae79e833b4,1,0.04961365461349487,0.5408130884170532,0.5408130884170532,1.0,1.0,0.0,0.0,0.0,-0.216513991355896,0.0002527087926864624
VTM-007208,DG-c96a7d06773e,1,0.04927422106266022,0.5421948432922363,0.5421948432922363,1.0,1.0,0.0,0.0,0.0,-0.8881117105484009,0.00035584159195423126
VTM-007209,DG-75227de7015a,1,0.049617841839790344,0.5440366864204407,0.5440366864204407,1.0,1.0,0.0,0.0,0.0,-0.6860456466674805,0.0
VTM-007210,DG-eb7443f02093,1,0.04951946809887886,0.5480173826217651,0.5480173826217651,1.0,1.0,0.0,0.0,0.0,-0.4666673541069031,0.0008154362440109253
VTM-007215,DG-1a04dbe54b28,1,0.04877902567386627,0.5372515916824341,0.5372515916824341,1.0,1.0,0.0,0.0,0.0,-0.33420056104660034,0.002615690231323242
VTM-007216,DG-22e342ab37aa,1,0.049663085490465164,0.5380519032478333,0.5380519032478333,1.0,1.0,0.0,0.0,0.0,-0.9827246069908142,0.0
VTM-007223,DG-342bb1eca302,1,0.050008624792099,0.521969735622406,0.521969735622406,1.0,1.0,1.0,0.0,0.0,0.9400150775909424,0.0037903189659118652
VTM-007231,DG-036c5667b7e9,1,0.048995085060596466,0.5398279428482056,0.5398279428482056,1.0,1.0,0.0,0.0,0.0,0.013438940048217773,0.0057176947593688965
VTM-007232,DG-2b9a3b169394,1,0.04990338161587715,0.5455234050750732,0.5455234050750732,1.0,1.0,1.0,0.0,0.0,0.23938214778900146,0.00479811429977417
VTM-007233,DG-777d83515793,1,0.049695421010255814,0.5400024652481079,0.5400024652481079,1.0,1.0,0.0,0.0,0.0,-0.959662675857544,0.000775839202105999
VTM-007235,DG-262ac6e6eda6,1,0.049005698412656784,0.5393080711364746,0.5393080711364746,1.0,1.0,0.0,0.0,0.0,-0.7189632058143616,0.0
VTM-007248,DG-c274fac1f1b0,1,0.04957345873117447,0.5508155226707458,0.5508155226707458,1.0,1.0,0.0,0.0,0.0,-0.6627933979034424,0.008309602737426758
VTM-007260,DG-34ff53d91d21,1,0.04885079339146614,0.5426726937294006,0.5426726937294006,1.0,1.0,0.0,0.0,0.0,-0.7118208408355713,0.0
VTM-007262,DG-d9346a5d5ba9,1,0.04889775067567825,0.5375535488128662,0.5375535488128662,1.0,1.0,0.0,0.0,0.0,-0.7817471027374268,1.7456477507948875e-06
VTM-007264,DG-d73558b211eb,1,0.049389056861400604,0.5403533577919006,0.5403533577919006,1.0,1.0,0.0,0.0,0.0,-0.872961163520813,1.8538557924330235e-05
VTM-007268,DG-b8e680a00dc5,1,0.04960191249847412,0.5377674698829651,0.5377674698829651,1.0,1.0,0.0,0.0,0.0,-0.9734086394309998,0.0
VTM-007269,DG-9513b4eb8a6c,1,0.0492764450609684,0.5477031469345093,0.5477031469345093,1.0,1.0,0.0,0.0,0.0,-0.7541555166244507,6.762892007827759e-05
VTM-007271,DG-aa36737f32b4,1,0.04973278567194939,0.5411746501922607,0.5411746501922607,1.0,1.0,0.0,0.0,0.0,-0.9441583156585693,0.0
VTM-007273,DG-9b15bae5be2b,1,0.049172475934028625,0.5347533226013184,0.5347533226013184,1.0,1.0,0.0,0.0,0.0,-0.9526644349098206,0.00013453233987092972
VTM-007277,DG-34e702311346,1,0.04936744645237923,0.543596625328064,0.543596625328064,1.0,1.0,0.0,0.0,0.0,-0.645753800868988,0.004829667508602142
VTM-007284,DG-ddc98eca336f,1,0.049841880798339844,0.5438963174819946,0.5438963174819946,1.0,1.0,1.0,0.0,0.0,0.18605190515518188,0.0
VTM-007297,DG-11dd6589c9bb,1,0.0492524579167366,0.5346580147743225,0.5346580147743225,0.8399933576583862,1.0,1.0,0.0,0.0,0.34567368030548096,0.031349360942840576
VTM-007298,DG-eb93b6bf811d,1,0.04960475489497185,0.5468985438346863,0.5468985438346863,1.0,1.0,1.0,0.0,0.0,0.22512519359588623,0.02630394697189331
VTM-007299,DG-4348e5d59120,1,0.0489831380546093,0.5398610830307007,0.5398610830307007,1.0,1.0,0.0,0.0,0.0,-0.21151664853096008,0.004507780075073242
VTM-007310,DG-51c153e1350b,1,0.049569208174943924,0.5407847166061401,0.5407847166061401,1.0,1.0,0.0,0.0,0.0,-0.9301415085792542,0.0
VTM-007311,DG-1514d436b7a8,1,0.0493105873465538,0.539040207862854,0.539040207862854,1.0,1.0,0.0,0.0,0.0,-0.920578122138977,0.0
VTM-007318,DG-71dafe8d9886,1,0.049270085990428925,0.5465921759605408,0.5465921759605408,1.0,1.0,0.0,0.0,0.0,-0.461568146944046,0.0
VTM-007323,DG-3889b7880739,1,0.04944003000855446,0.5327249765396118,0.5327249765396118,1.0,1.0,0.0,0.0,0.0,-0.9906255006790161,0.0
VTM-007331,DG-8cc20c992753,1,0.04983734339475632,0.5384232997894287,0.5384232997894287,1.0,1.0,0.0,0.0,0.0,-0.9966598153114319,0.0
VTM-007335,DG-7c2d016f2e95,1,0.04957035556435585,0.539121687412262,0.539121687412262,1.0,1.0,0.0,0.0,0.0,-0.9580414891242981,0.0
VTM-007340,DG-c775bdf1d201,1,0.049343664199113846,0.5429155826568604,0.5429155826568604,1.0,1.0,0.0,0.0,0.0,-0.8788570165634155,0.0
VTM-007347,DG-7c08f5eb76a2,1,0.04881593957543373,0.549931526184082,0.549931526184082,1.0,1.0,0.0,0.0,0.0,-0.40833184123039246,0.0002777986228466034
VTM-007348,DG-39597209e51d,1,0.04914161190390587,0.540363609790802,0.540363609790802,1.0,1.0,0.0,0.0,0.0,-0.8553475141525269,0.0
VTM-007352,DG-b544af5fc942,1,0.049162525683641434,0.535529375076294,0.535529375076294,1.0,1.0,0.0,0.0,0.0,-0.587291419506073,8.224043995141983e-06
VTM-007357,DG-5adbf853b6c3,1,0.04966525360941887,0.5424386858940125,0.5424386858940125,1.0,1.0,1.0,0.0,0.0,0.40295088291168213,0.008942008018493652
VTM-007359,DG-199c7997a512,1,0.04928962141275406,0.5525404214859009,0.5525404214859009,1.0,1.0,0.0,0.0,0.0,-0.49925851821899414,0.0002773404121398926
VTM-007364,DG-9ffa4b76f08e,1,0.04941340908408165,0.5408173203468323,0.5408173203468323,1.0,1.0,0.0,0.0,0.0,-0.4947757124900818,0.00016660988330841064
VTM-007373,DG-4e935c97ba32,1,0.049526046961545944,0.5492434501647949,0.5492434501647949,1.0,1.0,0.0,0.0,0.0,-0.5291317701339722,0.00043523311614990234
VTM-007377,DG-eb9bc8a2a73f,1,0.04899115860462189,0.546412467956543,0.546412467956543,1.0,1.0,0.0,0.0,0.0,-0.7857319116592407,0.0019206404685974121
VTM-007380,DG-fdce72a1f494,1,0.04915032908320427,0.5402557849884033,0.5402557849884033,1.0,1.0,0.0,0.0,0.0,-0.651753842830658,0.0
VTM-007381,DG-95ea1df312d6,1,0.049524951726198196,0.5418317317962646,0.5418317317962646,1.0,1.0,0.0,0.0,0.0,-0.9355370402336121,0.00018747150897979736
VTM-007382,DG-139b38e4d40e,1,0.04903263971209526,0.5198845267295837,0.5198845267295837,1.0,1.0,0.0,0.0,0.0,-0.7117440700531006,1.3671815395355225e-06
VTM-007385,DG-4897059f854c,1,0.04973464459180832,0.5461949706077576,0.5461949706077576,1.0,1.0,0.0,0.0,0.0,-0.6007957458496094,0.0
VTM-007386,DG-0a104ab8bdc8,1,0.0489819273352623,0.5185205340385437,0.5185205340385437,1.0,1.0,0.0,0.0,0.0,-0.721582293510437,0.0
VTM-007394,DG-2c7580fecab0,1,0.04945724830031395,0.5515904426574707,0.5515904426574707,1.0,1.0,0.0,0.0,0.0,-0.43385547399520874,0.004509925842285156
VTM-007395,DG-9a4fe90e7020,1,0.04897039383649826,0.5490837693214417,0.5490837693214417,1.0,1.0,0.0,0.0,0.0,-0.4050678014755249,2.865050919353962e-05
VTM-007397,DG-8bcd5e9f4c16,1,0.049188900738954544,0.5442177653312683,0.5442177653312683,1.0,1.0,0.0,0.0,0.0,-0.7913745045661926,7.918104529380798e-06
VTM-007400,DG-45eba17851f1,1,0.049016792327165604,0.5143417119979858,0.5143417119979858,1.0,1.0,0.0,0.0,0.0,-0.8097527027130127,9.050406515598297e-05
VTM-007410,DG-82767d14f349,1,0.049010228365659714,0.539211094379425,0.539211094379425,1.0,1.0,0.0,0.0,0.0,-0.9061288237571716,0.0
VTM-007423,DG-c371acb7234e,1,0.04938611388206482,0.5362297296524048,0.5362297296524048,1.0,1.0,0.0,0.0,0.0,-0.9622235298156738,0.0001132376492023468
VTM-007428,DG-15d67b0d89e1,1,0.04945266619324684,0.534558117389679,0.534558117389679,1.0,1.0,0.0,0.0,0.0,-0.9801673889160156,0.0
VTM-007441,DG-c90b6affaa03,1,0.04949184134602547,0.5288825035095215,0.5288825035095215,1.0,1.0,0.0,0.0,0.0,-0.4885810613632202,8.849799633026123e-05
VTM-007453,DG-86b7bb730720,1,0.049026865512132645,0.5479230880737305,0.5479230880737305,1.0,1.0,0.0,0.0,0.0,-0.350940465927124,0.0003507286310195923
VTM-007454,DG-a98d740c3883,1,0.047200288623571396,0.5094679594039917,0.5094679594039917,1.0,1.0,0.0,0.0,0.0,-0.964522659778595,0.0
VTM-007461,DG-5b479771c1f3,1,0.04902740195393562,0.5135674476623535,0.5135674476623535,1.0,1.0,0.0,0.0,0.0,-0.4251275956630707,0.00013452023267745972
VTM-007464,DG-3ed493b5d858,1,0.04928933456540108,0.5443283319473267,0.5443283319473267,1.0,1.0,0.0,0.0,0.0,-0.8480967879295349,0.0
VTM-007469,DG-352ed7bda653,1,0.049258191138505936,0.5353483557701111,0.5353483557701111,1.0,1.0,0.0,0.0,0.0,-0.5241389870643616,0.0
VTM-007471,DG-8abf3b75f366,1,0.04933313652873039,0.5362703800201416,0.5362703800201416,1.0,1.0,0.0,0.0,0.0,-0.9537932872772217,0.00011749286204576492
VTM-007482,DG-6fb9437c2fb3,1,0.049810152500867844,0.5384641885757446,0.5384641885757446,1.0,1.0,0.0,0.0,0.0,-0.9943093657493591,0.0
VTM-007483,DG-a4616a0dcab1,1,0.04943590238690376,0.5387280583381653,0.5387280583381653,1.0,1.0,0.0,0.0,0.0,-0.9300198554992676,0.0
VTM-007486,DG-eff26cc1b3ea,1,0.04931022599339485,0.5448256134986877,0.5448256134986877,1.0,1.0,0.0,0.0,0.0,-0.8147087097167969,0.0
VTM-007497,DG-168f545ece85,1,0.04886356368660927,0.5122125744819641,0.5122125744819641,1.0,1.0,0.0,0.0,0.0,-0.8122290968894958,0.0
VTM-007501,DG-b2499e85570b,1,0.04899268224835396,0.5489279627799988,0.5489279627799988,1.0,1.0,0.0,0.0,0.0,-0.5614304542541504,0.0003815833479166031
VTM-007505,DG-41372b09c0ad,1,0.049023985862731934,0.5429365634918213,0.5429365634918213,1.0,1.0,0.0,0.0,0.0,-0.8774526715278625,0.0
VTM-007509,DG-925dc8d0a56c,1,0.04948876425623894,0.5401598811149597,0.5401598811149597,1.0,1.0,0.0,0.0,0.0,-0.9428331851959229,0.0
VTM-007510,DG-b45f88fd00f9,1,0.049440670758485794,0.5370854735374451,0.5370854735374451,1.0,1.0,0.0,0.0,0.0,-0.9637510776519775,0.0
VTM-007523,DG-e337aefe7e7e,1,0.04926188662648201,0.5337451100349426,0.5337451100349426,1.0,1.0,0.0,0.0,0.0,-0.9712911248207092,0.0
VTM-007526,DG-8dea373e596d,1,0.04972117766737938,0.5382077097892761,0.5382077097892761,1.0,1.0,0.0,0.0,0.0,-0.9847602248191833,0.0
VTM-007527,DG-fa54bd5840ea,1,0.049473173916339874,0.5410467386245728,0.5410467386245728,1.0,1.0,0.0,0.0,0.0,-0.9289290904998779,0.0
VTM-007529,DG-d2a96e03beea,1,0.04910290986299515,0.5284595489501953,0.5284595489501953,1.0,1.0,1.0,0.0,0.0,0.33329200744628906,0.02024984359741211
VTM-007532,DG-34acfdfeae40,1,0.04970609396696091,0.5329664349555969,0.5329664349555969,1.0,1.0,0.0,0.0,0.0,0.012425661087036133,0.0004693269729614258
VTM-007533,DG-0b88f16d1d5c,1,0.04968732222914696,0.5492606163024902,0.5492606163024902,1.0,1.0,0.0,0.0,0.0,-0.3258132040500641,0.004476636648178101
VTM-007535,DG-db26d01eeb40,1,0.04926193505525589,0.543384850025177,0.543384850025177,1.0,1.0,0.0,0.0,0.0,-0.8339123725891113,0.00016213208436965942
VTM-007539,DG-538d5d90083a,1,0.04959486797451973,0.5413890480995178,0.5413890480995178,1.0,1.0,0.0,0.0,0.0,-0.9050696492195129,0.0016647763550281525
VTM-007542,DG-161b7757dac5,1,0.049482300877571106,0.5454527735710144,0.5454527735710144,1.0,1.0,0.0,0.0,0.0,-0.780725359916687,0.0
VTM-007546,DG-2b98513691d0,1,0.04943680018186569,0.5323299169540405,0.5323299169540405,1.0,1.0,0.0,0.0,0.0,-0.9951879382133484,0.0
VTM-007553,DG-3165bab86739,1,0.04948754608631134,0.5334501266479492,0.5334501266479492,1.0,1.0,0.0,0.0,0.0,-0.9899928569793701,3.2918236684054136e-05
VTM-007557,DG-f0f1acee2624,1,0.04942852258682251,0.5373731255531311,0.5373731255531311,1.0,1.0,0.0,0.0,0.0,-0.9550838470458984,3.961753100156784e-05
VTM-007564,DG-c77fe4795b4e,1,0.04942084848880768,0.5347083210945129,0.5347083210945129,1.0,1.0,0.0,0.0,0.0,-0.9792457818984985,0.0
VTM-007566,DG-0e21269d2000,1,0.04882320389151573,0.5541067719459534,0.5541067719459534,1.0,1.0,0.0,0.0,0.0,-0.5260733962059021,0.00011099502444267273
VTM-007567,DG-d3c9e3267179,1,0.04942043125629425,0.5288451313972473,0.5288451313972473,1.0,1.0,0.0,0.0,0.0,-0.4980835020542145,0.00030256807804107666
VTM-007570,DG-d9477c89108a,1,0.04895327612757683,0.5499825477600098,0.5499825477600098,1.0,1.0,0.0,0.0,0.0,-0.7061218619346619,0.0006456039845943451
VTM-007580,DG-bc48501d8fce,1,0.04932072013616562,0.5457364916801453,0.5457364916801453,1.0,1.0,1.0,0.0,0.0,0.08081722259521484,0.007483392953872681
VTM-007583,DG-b98be2ccb042,1,0.049422577023506165,0.5413801670074463,0.5413801670074463,1.0,1.0,0.0,0.0,0.0,-0.9107243418693542,1.8788501620292664e-05
VTM-007587,DG-a55b27abe7d0,1,0.049620382487773895,0.5479258298873901,0.5479258298873901,1.0,1.0,0.0,0.0,0.0,-0.7412798404693604,0.0
VTM-007591,DG-cd6dbe9adde8,1,0.04954691603779793,0.5483152866363525,0.5483152866363525,1.0,1.0,0.0,0.0,0.0,-0.5939959287643433,0.0035919398069381714
VTM-007604,DG-950eb1c237d2,1,0.04910308122634888,0.5404036641120911,0.5404036641120911,1.0,1.0,0.0,0.0,0.0,-0.5345887541770935,0.0001833466812968254
VTM-007615,DG-b13ab0e3785e,1,0.04955564811825752,0.5480481386184692,0.5480481386184692,1.0,1.0,0.0,0.0,0.0,-0.42800065875053406,0.0010412037372589111
VTM-007616,DG-461954f116bf,1,0.0489715076982975,0.5515958666801453,0.5515958666801453,1.0,1.0,0.0,0.0,0.0,-0.28813859820365906,0.007482081651687622
VTM-007619,DG-1fd3852a6314,1,0.04894953593611717,0.5400645136833191,0.5400645136833191,1.0,1.0,0.0,0.0,0.0,-0.7252288460731506,0.0
VTM-007620,DG-a8242b078ae2,1,0.049245648086071014,0.5344087481498718,0.5344087481498718,1.0,1.0,0.0,0.0,0.0,-0.9501116871833801,1.1211843229830265e-05
VTM-007634,DG-5429475747c9,1,0.04945153743028641,0.5506340265274048,0.5506340265274048,1.0,1.0,1.0,0.0,0.0,0.15453872084617615,0.013894468545913696
VTM-007653,DG-3f598ecd89b5,1,0.04930399730801582,0.5509690046310425,0.5509690046310425,1.0,1.0,0.0,0.0,0.0,-0.6092841625213623,0.0019536465406417847
VTM-007660,DG-79c33dbb6681,1,0.04970014467835426,0.5472937822341919,0.5472937822341919,1.0,1.0,1.0,0.0,0.0,0.11310765147209167,0.00671076774597168
VTM-007663,DG-226fb7b8a8d2,1,0.04975355044007301,0.5484526753425598,0.5484526753425598,1.0,1.0,0.0,0.0,0.0,-0.3343481421470642,0.0
VTM-007667,DG-e16b556a112b,1,0.049322910606861115,0.5417456030845642,0.5417456030845642,1.0,1.0,0.0,0.0,0.0,-0.5785726308822632,0.00024229660630226135
VTM-007670,DG-85d5798aadde,1,0.048033371567726135,0.5294935703277588,0.5294935703277588,1.0,1.0,0.0,0.0,0.0,-0.8208993673324585,0.0
VTM-007677,DG-54c3baf572f2,1,0.050108231604099274,0.5450075268745422,0.5450075268745422,1.0,1.0,1.0,0.0,0.0,0.2618671655654907,0.00877833366394043
VTM-007681,DG-f75ab0ccf62c,1,0.04865477979183197,0.5333467125892639,0.5333467125892639,1.0,1.0,0.0,0.0,0.0,-0.3488154411315918,0.00021494925022125244
VTM-007682,DG-941618bd8f31,1,0.04898962005972862,0.5385736227035522,0.5385736227035522,1.0,1.0,0.0,0.0,0.0,-0.9161946177482605,0.0
VTM-007687,DG-0c5f60c4a3b4,1,0.049630291759967804,0.5407751798629761,0.5407751798629761,1.0,1.0,0.0,0.0,0.0,-0.9422864317893982,0.0
VTM-007695,DG-ff4045c2a14f,1,0.04924309253692627,0.5247622728347778,0.5247622728347778,1.0,1.0,0.0,0.0,0.0,-0.6510108709335327,0.0
VTM-007697,DG-f5c6896e9b4b,1,0.049239303916692734,0.538640558719635,0.538640558719635,1.0,1.0,0.0,0.0,0.0,-0.9191977977752686,0.0
VTM-007699,DG-849a873aa5a4,1,0.049078620970249176,0.5411915183067322,0.5411915183067322,1.0,1.0,0.0,0.0,0.0,-0.5764265656471252,3.1869858503341675e-06
VTM-007700,DG-b71b51b386fb,1,0.049514904618263245,0.5446963906288147,0.5446963906288147,1.0,1.0,0.0,0.0,0.0,-0.6777421236038208,0.0042920708656311035
VTM-007701,DG-9b582849c3d7,1,0.04941185191273689,0.5495849847793579,0.5495849847793579,1.0,1.0,0.0,0.0,0.0,-0.2393323928117752,0.004732847213745117
VTM-007706,DG-fafc111bab75,1,0.04974491894245148,0.5499626398086548,0.5499626398086548,1.0,1.0,1.0,0.0,0.0,0.06309005618095398,0.0027779042720794678
VTM-007707,DG-f0ea92e86f33,1,0.049406975507736206,0.5449810028076172,0.5449810028076172,1.0,1.0,0.0,0.0,0.0,-0.7519431114196777,0.0
VTM-007711,DG-0fe66615eaf1,1,0.049113232642412186,0.5423461198806763,0.5423461198806763,1.0,1.0,0.0,0.0,0.0,-0.7461128830909729,0.0
VTM-007712,DG-b83e31818a0c,1,0.04945845156908035,0.5365732908248901,0.5365732908248901,1.0,1.0,0.0,0.0,0.0,-0.3566201329231262,0.0
VTM-007718,DG-e9f951f4bd3f,1,0.049424316734075546,0.5476087927818298,0.5476087927818298,1.0,1.0,0.0,0.0,0.0,-0.7457832098007202,0.0
VTM-007732,DG-f60703cce716,1,0.04913943633437157,0.5209435224533081,0.5209435224533081,1.0,1.0,0.0,0.0,0.0,-0.6896889805793762,0.0
VTM-007735,DG-05fdd115fd69,1,0.04978065937757492,0.5407425165176392,0.5407425165176392,1.0,1.0,0.0,0.0,0.0,0.07473808526992798,0.0034499168395996094
VTM-007746,DG-fff3aa7f9365,1,0.04984832555055618,0.5383731126785278,0.5383731126785278,1.0,1.0,0.0,0.0,0.0,-0.9984395503997803,0.0
VTM-007749,DG-5303404c2e69,1,0.04915754124522209,0.5540471076965332,0.5540471076965332,1.0,1.0,0.0,0.0,0.0,-0.25235724449157715,0.0033326148986816406
VTM-007750,DG-a81a25c409e8,1,0.04930124804377556,0.5419144034385681,0.5419144034385681,1.0,1.0,0.0,0.0,0.0,-0.36060166358947754,6.987154483795166e-05
VTM-007755,DG-944f33f66490,1,0.04904414713382721,0.5361512303352356,0.5361512303352356,1.0,1.0,0.0,0.0,0.0,-0.9103649258613586,0.0
VTM-007757,DG-80ee3b1a6e0a,1,0.04958762973546982,0.540881872177124,0.540881872177124,1.0,1.0,0.0,0.0,0.0,-0.9411466121673584,0.0
VTM-007765,DG-f4b7ef0ac743,1,0.04908420145511627,0.5399373173713684,0.5399373173713684,1.0,1.0,0.0,0.0,0.0,-0.8968799710273743,0.0002609705552458763
VTM-007768,DG-28073c0797cd,1,0.04979763925075531,0.5500260591506958,0.5500260591506958,1.0,1.0,0.0,0.0,0.0,-0.21703028678894043,0.0
VTM-007771,DG-273720ecb0d3,1,0.049147479236125946,0.5391544103622437,0.5391544103622437,1.0,1.0,0.0,0.0,0.0,-0.8808152079582214,1.6135862097144127e-05
VTM-007784,DG-db2409770d58,1,0.04966000095009804,0.5374687314033508,0.5374687314033508,1.0,1.0,0.0,0.0,0.0,-0.9841798543930054,0.0
VTM-007786,DG-68853dc5763d,1,0.04909856617450714,0.5408681631088257,0.5408681631088257,1.0,1.0,0.0,0.0,0.0,-0.8769257664680481,0.0
VTM-007788,DG-555f81e77195,1,0.049417585134506226,0.5429349541664124,0.5429349541664124,1.0,1.0,0.0,0.0,0.0,-0.8908483982086182,0.0
VTM-007791,DG-11892ea0a290,1,0.04934023320674896,0.5472096800804138,0.5472096800804138,1.0,1.0,0.0,0.0,0.0,-0.42211389541625977,0.0020821690559387207
VTM-007793,DG-d6d71d7543b1,1,0.049019645899534225,0.5438878536224365,0.5438878536224365,1.0,1.0,0.0,0.0,0.0,-0.8526729941368103,0.0
VTM-007797,DG-be3486c6c842,1,0.04977221414446831,0.5380845069885254,0.5380845069885254,1.0,1.0,0.0,0.0,0.0,-0.9925428628921509,0.0
VTM-007801,DG-749462d8666f,1,0.049527447670698166,0.5384601950645447,0.5384601950645447,1.0,1.0,0.0,0.0,0.0,-0.9534798264503479,0.0
VTM-007802,DG-c8a6002dd126,1,0.049198079854249954,0.5290529131889343,0.5290529131889343,1.0,1.0,0.0,0.0,0.0,-0.551053524017334,1.6272999346256256e-05
VTM-007803,DG-10235aa01f6d,1,0.049360085278749466,0.544655442237854,0.544655442237854,1.0,1.0,0.0,0.0,0.0,-0.8504778146743774,0.0
VTM-007815,DG-a59bc7fb7e2f,1,0.04926009476184845,0.537127673625946,0.537127673625946,1.0,1.0,0.0,0.0,0.0,-0.9349624514579773,0.0
VTM-007816,DG-5ae8168464e4,1,0.04927070811390877,0.5440850257873535,0.5440850257873535,1.0,1.0,0.0,0.0,0.0,-0.8244792222976685,0.00010533817112445831
VTM-007827,DG-0a74a7cfe43e,1,0.049176592379808426,0.5491373538970947,0.5491373538970947,1.0,1.0,0.0,0.0,0.0,-0.6347288489341736,0.001125924289226532
VTM-007838,DG-e1f9335465cb,1,0.049712538719177246,0.5394285321235657,0.5394285321235657,1.0,1.0,0.0,0.0,0.0,-0.03621062636375427,0.006205350160598755
VTM-007849,DG-3f90abd10786,1,0.04903276264667511,0.5431169271469116,0.5431169271469116,1.0,1.0,0.0,0.0,0.0,-0.8810848593711853,0.0
VTM-007859,DG-6e70a4248338,1,0.04924366995692253,0.5370897650718689,0.5370897650718689,1.0,1.0,0.0,0.0,0.0,-0.22181807458400726,5.91278076171875e-05
VTM-007881,DG-c1799ea6db6f,1,0.04956232011318207,0.5255091786384583,0.5255091786384583,1.0,1.0,0.0,0.0,0.0,-0.32674121856689453,0.0006922930479049683
VTM-007888,DG-aacf04d2a8ae,1,0.049552805721759796,0.5474501252174377,0.5474501252174377,1.0,1.0,0.0,0.0,0.0,-0.5650678873062134,0.0006145238876342773
VTM-007895,DG-bc791272671a,1,0.049614109098911285,0.53436279296875,0.53436279296875,1.0,1.0,0.0,0.0,0.0,-0.9965096116065979,1.1983065633103251e-05
VTM-007899,DG-47cf619f5db1,1,0.04933561757206917,0.5418099761009216,0.5418099761009216,1.0,1.0,0.0,0.0,0.0,-0.7832335829734802,0.0
VTM-007902,DG-f7d8a9a398f7,1,0.04965079203248024,0.5368337631225586,0.5368337631225586,1.0,1.0,0.0,0.0,0.0,-0.9870696067810059,0.0
VTM-007910,DG-a0fc78f41be9,1,0.04924892634153366,0.5422517657279968,0.5422517657279968,1.0,1.0,0.0,0.0,0.0,-0.8855155110359192,0.0
VTM-007913,DG-1b4f069186b0,1,0.04964427277445793,0.5402299761772156,0.5402299761772156,1.0,1.0,0.0,0.0,0.0,-0.9588745832443237,0.0
VTM-007915,DG-36d9615d8c61,1,0.05001462250947952,0.5344208478927612,0.5344208478927612,1.0,1.0,1.0,0.0,0.0,0.6282644867897034,0.0006341934204101562
VTM-007918,DG-ed8cf27a2e78,1,0.04964769259095192,0.5408292412757874,0.5408292412757874,1.0,1.0,0.0,0.0,0.0,-0.9540175199508667,0.0
VTM-007922,DG-0d7754f7d499,1,0.049413297325372696,0.540364146232605,0.540364146232605,1.0,1.0,0.0,0.0,0.0,-0.4570824205875397,1.7117708921432495e-05
VTM-007933,DG-3eb8712d6994,1,0.04952729493379593,0.538816511631012,0.538816511631012,1.0,1.0,1.0,0.0,0.0,0.31978416442871094,0.005632877349853516
VTM-007935,DG-cd1f1f7b383a,1,0.04962804168462753,0.5382011532783508,0.5382011532783508,1.0,1.0,1.0,0.0,0.0,0.5033593773841858,0.0008600354194641113
VTM-007938,DG-248b24b44236,1,0.049493804574012756,0.5408965349197388,0.5408965349197388,1.0,1.0,1.0,0.0,0.0,0.3226219415664673,0.01048290729522705
VTM-007942,DG-e0ffe42803fb,1,0.04962799325585365,0.5399519801139832,0.5399519801139832,1.0,1.0,0.0,0.0,0.0,-0.9562387466430664,3.5762786865234375e-06
VTM-007957,DG-7cad84161666,1,0.049245886504650116,0.5405266284942627,0.5405266284942627,1.0,1.0,0.0,0.0,0.0,-0.5981292724609375,0.0
VTM-007967,DG-d475ed7901d8,1,0.04899599775671959,0.5334594249725342,0.5334594249725342,1.0,1.0,0.0,0.0,0.0,-0.4864957332611084,0.0
VTM-007969,DG-ac59db3c0136,1,0.049839187413454056,0.5484974384307861,0.5484974384307861,1.0,1.0,0.0,0.0,0.0,-0.10954374074935913,0.006882756948471069
VTM-007970,DG-688c2e18cf43,1,0.049629874527454376,0.5489947199821472,0.5489947199821472,1.0,1.0,0.0,0.0,0.0,-0.407209187746048,0.0005798637866973877
VTM-007974,DG-75f7ce2166e8,1,0.04948417469859123,0.5457924008369446,0.5457924008369446,1.0,1.0,0.0,0.0,0.0,-0.8127378225326538,0.0008781068027019501
VTM-007979,DG-765fe6920f91,1,0.049747440963983536,0.5468209981918335,0.5468209981918335,1.0,1.0,0.0,0.0,0.0,-0.5296435952186584,0.0
VTM-007982,DG-4b7aa1790ccb,1,0.049697380512952805,0.5432465076446533,0.5432465076446533,1.0,1.0,1.0,0.0,0.0,0.4680789113044739,0.0063114166259765625
VTM-007986,DG-98060dcaab6c,1,0.048986438661813736,0.5467526316642761,0.5467526316642761,1.0,1.0,0.0,0.0,0.0,-0.5217134952545166,0.00046203285455703735
VTM-007988,DG-5bd3ed32afcb,1,0.04848386347293854,0.5061758160591125,0.5061758160591125,1.0,1.0,0.0,0.0,0.0,-0.9125216603279114,0.0
VTM-007997,DG-bc1130a58a7d,1,0.04914700984954834,0.5504577159881592,0.5504577159881592,1.0,1.0,0.0,0.0,0.0,-0.05075341463088989,0.011470526456832886
VTM-007998,DG-2a947cf08731,1,0.04920453578233719,0.5406665205955505,0.5406665205955505,1.0,1.0,0.0,0.0,0.0,-0.8979363441467285,9.38214361667633e-06
VTM-008012,DG-58aed1ffc140,1,0.04829051345586777,0.5457296967506409,0.5457296967506409,1.0,1.0,0.0,0.0,0.0,-0.8037676811218262,0.0
VTM-008018,DG-2e6dca4e47d4,1,0.04891189560294151,0.5413487553596497,0.5413487553596497,1.0,1.0,0.0,0.0,0.0,-0.8715036511421204,0.0
VTM-008024,DG-6523804f739b,1,0.04941317439079285,0.5351325273513794,0.5351325273513794,1.0,1.0,0.0,0.0,0.0,-0.9726183414459229,0.0
VTM-008032,DG-b94efdc6f66c,1,0.04957498982548714,0.5432888269424438,0.5432888269424438,1.0,1.0,0.0,0.0,0.0,-0.8627361059188843,0.0008013807237148285
VTM-008035,DG-a2848b06c1c6,1,0.04932686313986778,0.5433012843132019,0.5433012843132019,1.0,1.0,0.0,0.0,0.0,-0.7636846303939819,0.0
VTM-008036,DG-49324173995c,1,0.0493374802172184,0.5446910858154297,0.5446910858154297,1.0,1.0,0.0,0.0,0.0,-0.827932596206665,0.0
VTM-008037,DG-868be94e2e92,1,0.04916440322995186,0.5252036452293396,0.5252036452293396,1.0,1.0,0.0,0.0,0.0,-0.6128557920455933,0.0
VTM-008038,DG-07cbd71a0865,1,0.04949640482664108,0.5484997034072876,0.5484997034072876,1.0,1.0,0.0,0.0,0.0,-0.389908105134964,0.00012843310832977295
VTM-008047,DG-fac5c63cc8c1,1,0.049357254058122635,0.5437929630279541,0.5437929630279541,1.0,1.0,0.0,0.0,0.0,-0.7045999765396118,0.0
VTM-008058,DG-30855bec2c45,1,0.04915878176689148,0.5393915176391602,0.5393915176391602,1.0,1.0,0.0,0.0,0.0,-0.583922266960144,0.0
VTM-008059,DG-a7bac81cf861,1,0.049353983253240585,0.5373647212982178,0.5373647212982178,1.0,1.0,0.0,0.0,0.0,-0.4121149182319641,0.00042582303285598755
VTM-008066,DG-692713a94210,1,0.049942366778850555,0.5397396087646484,0.5397396087646484,1.0,1.0,1.0,0.0,0.0,0.5219062566757202,0.015794456005096436
VTM-008069,DG-592a914da8e0,1,0.049606308341026306,0.5406721234321594,0.5406721234321594,1.0,1.0,0.0,0.0,0.0,-0.9419658184051514,0.0
VTM-008073,DG-1b817da01ddf,1,0.049469269812107086,0.5536292195320129,0.5536292195320129,1.0,1.0,0.0,0.0,0.0,-0.34647229313850403,0.0
VTM-008076,DG-44eef5fae25f,1,0.04956439509987831,0.5417711734771729,0.5417711734771729,1.0,1.0,0.0,0.0,0.0,-0.844524621963501,0.0
VTM-008086,DG-487fbeec00c4,1,0.049741487950086594,0.5411853790283203,0.5411853790283203,1.0,1.0,0.0,0.0,0.0,-0.946088969707489,6.971880793571472e-06
VTM-008087,DG-c775a3ec9c79,1,0.04834841936826706,0.541306734085083,0.541306734085083,1.0,1.0,0.0,0.0,0.0,-0.7918697595596313,2.4640467017889023e-05
VTM-008098,DG-770d313b2929,1,0.04914195090532303,0.5544325709342957,0.5544325709342957,1.0,1.0,0.0,0.0,0.0,-0.4445562958717346,0.0014118030667304993
VTM-008100,DG-8e1cc3ce55a3,1,0.04924320429563522,0.5379263758659363,0.5379263758659363,1.0,1.0,0.0,0.0,0.0,-0.888325035572052,0.0
VTM-008103,DG-178878878760,1,0.04960460960865021,0.5424923300743103,0.5424923300743103,1.0,1.0,0.0,0.0,0.0,-0.9066112637519836,0.0
VTM-008104,DG-db1dbca8dc46,1,0.049554865807294846,0.5433353781700134,0.5433353781700134,1.0,1.0,0.0,0.0,0.0,-0.8431446552276611,0.0
VTM-008106,DG-4019b69d29d3,1,0.049168661236763,0.5500504374504089,0.5500504374504089,1.0,1.0,0.0,0.0,0.0,-0.42487943172454834,0.0
VTM-008107,DG-ea3d5480ac2e,1,0.04951714351773262,0.5372372269630432,0.5372372269630432,1.0,1.0,0.0,0.0,0.0,-0.9638804197311401,1.5273806639015675e-05
VTM-008109,DG-db6038ce6a44,1,0.04939821735024452,0.5406732559204102,0.5406732559204102,1.0,1.0,1.0,0.0,0.0,0.18691888451576233,0.012465715408325195
VTM-008114,DG-aaacda3cb80f,1,0.04948687553405762,0.5490883588790894,0.5490883588790894,1.0,1.0,0.0,0.0,0.0,-0.5307854413986206,0.00036087632179260254
VTM-008115,DG-ee9a87b0ab1e,1,0.049881305545568466,0.5392946600914001,0.5392946600914001,1.0,1.0,0.0,0.0,0.0,-0.997268795967102,3.5240896977484226e-05
VTM-008118,DG-179cc83abdd9,1,0.04930558428168297,0.5358733534812927,0.5358733534812927,1.0,1.0,0.0,0.0,0.0,-0.9570626616477966,0.0
VTM-008119,DG-7b2fbfb3b470,1,0.04937533661723137,0.5322051048278809,0.5322051048278809,1.0,1.0,0.0,0.0,0.0,-0.4568735361099243,0.0
VTM-008121,DG-9b82089c0d36,1,0.049366068094968796,0.5485579371452332,0.5485579371452332,1.0,1.0,0.0,0.0,0.0,-0.6586428880691528,0.0015880540013313293
VTM-008123,DG-3a2b2e7f3eae,1,0.048665601760149,0.5516000390052795,0.5516000390052795,1.0,1.0,0.0,0.0,0.0,-0.5177618861198425,0.0
VTM-008128,DG-878648e84483,1,0.048637304455041885,0.5098767876625061,0.5098767876625061,1.0,1.0,0.0,0.0,0.0,-0.9064173698425293,2.047338057309389e-06
VTM-008134,DG-6b1d76f3953b,1,0.05000024288892746,0.5389590859413147,0.5389590859413147,1.0,1.0,1.0,0.0,0.0,0.5366857051849365,0.010390698909759521
VTM-008137,DG-6e939fb9860c,1,0.04953194409608841,0.538141667842865,0.538141667842865,1.0,1.0,0.0,0.0,0.0,-0.9653055667877197,0.0
VTM-008138,DG-93b3faa3f600,1,0.049779679626226425,0.5385907888412476,0.5385907888412476,1.0,1.0,0.0,0.0,0.0,-0.9896836876869202,0.0
VTM-008139,DG-5577989ff75e,1,0.05013838782906532,0.5285463333129883,0.5285463333129883,1.0,1.0,1.0,0.0,0.0,0.7652626037597656,0.0012301206588745117
VTM-008172,DG-24c14f1dbe67,1,0.048967741429805756,0.5381383895874023,0.5381383895874023,1.0,1.0,0.0,0.0,0.0,-0.9241921901702881,0.0
VTM-008182,DG-88386d3ede84,1,0.04965287074446678,0.5375116467475891,0.5375116467475891,1.0,1.0,0.0,0.0,0.0,-0.9830950498580933,0.0
VTM-008193,DG-f84f338db424,1,0.0494190976023674,0.5373673439025879,0.5373673439025879,1.0,1.0,0.0,0.0,0.0,-0.954147458076477,0.0
VTM-008199,DG-39ee22dc019b,1,0.04911208152770996,0.5505884885787964,0.5505884885787964,1.0,1.0,0.0,0.0,0.0,-0.6113898754119873,0.0
VTM-008203,DG-7b9753be8bc3,1,0.04953772947192192,0.5477498173713684,0.5477498173713684,1.0,1.0,0.0,0.0,0.0,0.006354570388793945,0.0008199512958526611
VTM-008208,DG-81d901fe141d,1,0.04983901232481003,0.5404489040374756,0.5404489040374756,1.0,1.0,0.0,0.0,0.0,-0.9845959544181824,0.0
VTM-008212,DG-c85dbe094e7c,1,0.04889615997672081,0.5495620369911194,0.5495620369911194,1.0,1.0,0.0,0.0,0.0,-0.37513673305511475,0.006781637668609619
VTM-008214,DG-a867623d7bf3,1,0.049650516360998154,0.5379306674003601,0.5379306674003601,1.0,1.0,0.0,0.0,0.0,-0.9774200916290283,0.00013464991934597492
VTM-008215,DG-0102d7fcf1be,1,0.049623627215623856,0.5470044612884521,0.5470044612884521,1.0,1.0,0.0,0.0,0.0,0.077565997838974,0.0036117136478424072
VTM-008217,DG-19c51a694216,1,0.04895774647593498,0.5347633361816406,0.5347633361816406,1.0,1.0,0.0,0.0,0.0,-0.21790650486946106,0.00019058585166931152
VTM-008218,DG-96f1a0505965,1,0.04955712705850601,0.5414301753044128,0.5414301753044128,1.0,1.0,0.0,0.0,0.0,-0.8922945857048035,0.0
VTM-008220,DG-9b32640533f0,1,0.04900924488902092,0.5482283234596252,0.5482283234596252,1.0,1.0,0.0,0.0,0.0,-0.7110512256622314,0.0011009424924850464
VTM-008222,DG-27ba75fc6243,1,0.04948136582970619,0.5408827066421509,0.5408827066421509,1.0,1.0,0.0,0.0,0.0,-0.884219229221344,2.4670851416885853e-05
VTM-008228,DG-b432c40d4a17,1,0.04937659949064255,0.5470141172409058,0.5470141172409058,1.0,1.0,0.0,0.0,0.0,0.03702309727668762,0.00090789794921875
VTM-008230,DG-0ca73b4e55e0,1,0.048811253160238266,0.5075545907020569,0.5075545907020569,1.0,1.0,0.0,0.0,0.0,-0.7840695381164551,1.1762604117393494e-06
VTM-008231,DG-27ca6a127bd0,1,0.04933183267712593,0.5390044450759888,0.5390044450759888,1.0,1.0,0.0,0.0,0.0,-0.5214800238609314,0.00021077319979667664
VTM-008233,DG-b998280bb8d6,1,0.049437183886766434,0.5374854803085327,0.5374854803085327,1.0,1.0,0.0,0.0,0.0,-0.9407961368560791,1.7207057680934668e-05
VTM-008239,DG-74658fb0af09,1,0.04892171919345856,0.5506225824356079,0.5506225824356079,1.0,1.0,0.0,0.0,0.0,-0.2927427887916565,0.0093650221824646
VTM-008241,DG-31d6b2c3f3c2,1,0.049519672989845276,0.5336153507232666,0.5336153507232666,1.0,1.0,0.0,0.0,0.0,-0.9928192496299744,7.79378751758486e-06
VTM-008247,DG-67d6603c8b74,1,0.049181707203388214,0.5433875918388367,0.5433875918388367,1.0,1.0,0.0,0.0,0.0,-0.2628825306892395,0.00037179887294769287
VTM-008255,DG-71c0effa4eb1,1,0.04917795956134796,0.5249640345573425,0.5249640345573425,1.0,1.0,0.0,0.0,0.0,-0.6240373253822327,0.0
VTM-008257,DG-4f4222ac7c39,1,0.04932178929448128,0.5227447152137756,0.5227447152137756,1.0,1.0,0.0,0.0,0.0,-0.6591798067092896,0.0
VTM-008259,DG-0000aadff800,1,0.04888591542840004,0.5505265593528748,0.5505265593528748,1.0,1.0,0.0,0.0,0.0,-0.42018812894821167,0.0
VTM-008265,DG-80346a21b719,1,0.04914525896310806,0.5390123128890991,0.5390123128890991,1.0,1.0,0.0,0.0,0.0,-0.4645324945449829,6.116926670074463e-06
VTM-008267,DG-97148a3a1138,1,0.04923265054821968,0.5299214720726013,0.5299214720726013,1.0,1.0,0.0,0.0,0.0,-0.5586564540863037,4.233233630657196e-05
VTM-008268,DG-1f1b51b2208d,1,0.04855044558644295,0.5094202160835266,0.5094202160835266,1.0,1.0,0.0,0.0,0.0,-0.9338635802268982,5.820882506668568e-06
VTM-008269,DG-222ef9355d7e,1,0.04918957129120827,0.5493608117103577,0.5493608117103577,1.0,1.0,0.0,0.0,0.0,-0.24946802854537964,0.0
VTM-008271,DG-cd419831ebe5,1,0.04921182990074158,0.5219607353210449,0.5219607353210449,1.0,1.0,0.0,0.0,0.0,-0.5675454139709473,0.0
VTM-008274,DG-81b6a2c402c7,1,0.048894766718149185,0.51957768201828,0.51957768201828,1.0,1.0,0.0,0.0,0.0,-0.7022478580474854,6.359186954796314e-07
VTM-008284,DG-ecb398c84372,1,0.04880496859550476,0.5323393940925598,0.5323393940925598,1.0,1.0,0.0,0.0,0.0,-0.9327095150947571,5.340625648386776e-07
VTM-008291,DG-3c147c6380ca,1,0.048837561160326004,0.5368921160697937,0.5368921160697937,1.0,1.0,0.0,0.0,0.0,-0.6711930632591248,0.0
VTM-008304,DG-7b2505b11a8c,1,0.04899798333644867,0.5173757672309875,0.5173757672309875,1.0,1.0,0.0,0.0,0.0,-0.7602457404136658,8.149072527885437e-07
VTM-008313,DG-835b15737272,1,0.04969397559762001,0.5394596457481384,0.5394596457481384,1.0,1.0,0.0,0.0,0.0,-0.9725066423416138,0.0
VTM-008321,DG-ce970c6214f6,1,0.04949146509170532,0.5430204272270203,0.5430204272270203,1.0,1.0,0.0,0.0,0.0,-0.3638247847557068,0.0
VTM-008327,DG-8209f3f06fa1,1,0.049032945185899734,0.5527938008308411,0.5527938008308411,1.0,1.0,0.0,0.0,0.0,-0.42491596937179565,0.0061912983655929565
VTM-008336,DG-5a101a1a85a7,1,0.049297235906124115,0.5371642112731934,0.5371642112731934,1.0,1.0,0.0,0.0,0.0,-0.9057133197784424,0.0
VTM-008343,DG-41bf76dfa70c,1,0.04927975684404373,0.5386739373207092,0.5386739373207092,1.0,1.0,0.0,0.0,0.0,-0.8273192048072815,4.4770422391593456e-07
VTM-008350,DG-5392acb588dd,1,0.04879036173224449,0.5100632905960083,0.5100632905960083,1.0,1.0,0.0,0.0,0.0,-0.8711974024772644,0.0
VTM-008353,DG-6292443cc0cd,1,0.04861276224255562,0.5080004334449768,0.5080004334449768,1.0,1.0,0.0,0.0,0.0,-0.8884742259979248,0.0
VTM-008356,DG-0e327c6c2379,1,0.048933155834674835,0.5133181810379028,0.5133181810379028,1.0,1.0,0.0,0.0,0.0,-0.8435012102127075,0.0
VTM-008366,DG-2ac6d1506418,1,0.04907970875501633,0.52101731300354,0.52101731300354,1.0,1.0,0.0,0.0,0.0,-0.686205267906189,8.596107363700867e-07
VTM-008371,DG-5130f7916a46,1,0.04874405264854431,0.5108926296234131,0.5108926296234131,1.0,1.0,0.0,0.0,0.0,-0.8860825300216675,1.094653271138668e-06
VTM-008375,DG-1a27ab935ebf,1,0.04927750304341316,0.5404044389724731,0.5404044389724731,1.0,1.0,0.0,0.0,0.0,-0.8986555933952332,3.298744559288025e-06
VTM-008376,DG-b454db917c27,1,0.048881907016038895,0.5502877235412598,0.5502877235412598,1.0,1.0,0.0,0.0,0.0,-0.42052119970321655,0.0
VTM-008378,DG-eb99523592f7,1,0.04936160147190094,0.5423843860626221,0.5423843860626221,1.0,1.0,0.0,0.0,0.0,-0.7939233183860779,0.0
VTM-008381,DG-885e1f8a031a,1,0.049082111567258835,0.520296037197113,0.520296037197113,1.0,1.0,0.0,0.0,0.0,-0.7149235010147095,3.844441380351782e-06
VTM-008382,DG-a6b2518b55f4,1,0.049170494079589844,0.53766930103302,0.53766930103302,1.0,1.0,0.0,0.0,0.0,-0.6864498257637024,0.0
VTM-008387,DG-0567564d711c,1,0.049331504851579666,0.5409486293792725,0.5409486293792725,1.0,1.0,0.0,0.0,0.0,-0.8621846437454224,6.446056067943573e-05
VTM-008389,DG-907c0a2749ab,1,0.049705151468515396,0.5390717387199402,0.5390717387199402,1.0,1.0,0.0,0.0,0.0,-0.975909948348999,0.0
VTM-008398,DG-903f66f4e2a6,1,0.05000385269522667,0.5470596551895142,0.5470596551895142,1.0,1.0,1.0,0.0,0.0,0.1757017970085144,0.0043492913246154785
VTM-008399,DG-897b6c22dfc6,1,0.0486220121383667,0.5107346773147583,0.5107346773147583,1.0,1.0,0.0,0.0,0.0,-0.8541059494018555,1.3722921721637249e-05
VTM-008406,DG-242084ca5cce,1,0.049429576843976974,0.5433746576309204,0.5433746576309204,1.0,1.0,0.0,0.0,0.0,-0.8833439350128174,0.0
VTM-008408,DG-4266166d57b4,1,0.0494842454791069,0.5473146438598633,0.5473146438598633,1.0,1.0,0.0,0.0,0.0,-0.6339051127433777,0.0010161921381950378
VTM-008410,DG-7d2c9546bf46,1,0.04934878647327423,0.5383501648902893,0.5383501648902893,1.0,1.0,0.0,0.0,0.0,-0.9371569752693176,0.0
VTM-008411,DG-186f644e3b43,1,0.04919412359595299,0.5227513909339905,0.5227513909339905,1.0,1.0,0.0,0.0,0.0,-0.6832239627838135,0.0
VTM-008413,DG-71d92d6bdb11,1,0.050031498074531555,0.5400769710540771,0.5400769710540771,1.0,1.0,1.0,0.0,0.0,0.3691102862358093,0.0016980171203613281
VTM-008424,DG-5d47435f700f,1,0.04961454123258591,0.5385383367538452,0.5385383367538452,1.0,1.0,0.0,0.0,0.0,-0.22811943292617798,0.0005211085081100464
VTM-008437,DG-d5e78fe5540b,1,0.04899352416396141,0.5164104104042053,0.5164104104042053,1.0,1.0,0.0,0.0,0.0,-0.7897047400474548,2.6240013539791107e-07
VTM-008444,DG-4280a4272197,1,0.04968282952904701,0.539801836013794,0.539801836013794,1.0,1.0,1.0,0.0,0.0,0.41149795055389404,0.008192241191864014
VTM-008447,DG-66e696aa2d94,1,0.049040742218494415,0.5369489789009094,0.5369489789009094,1.0,1.0,0.0,0.0,0.0,-0.7981489300727844,4.307366907596588e-09
VTM-008453,DG-21eaeb565517,1,0.049072615802288055,0.5204777121543884,0.5204777121543884,1.0,1.0,0.0,0.0,0.0,-0.7056165933609009,5.059409886598587e-06
VTM-008459,DG-a4f09cf94b67,1,0.04959692806005478,0.5385304689407349,0.5385304689407349,1.0,1.0,0.0,0.0,0.0,-0.9656710624694824,0.0
VTM-008461,DG-54f50b42c07a,1,0.04899277538061142,0.5380869507789612,0.5380869507789612,1.0,1.0,0.0,0.0,0.0,-0.7978411912918091,0.0
VTM-008463,DG-eb676519a058,1,0.048952627927064896,0.5229358077049255,0.5229358077049255,1.0,1.0,0.0,0.0,0.0,-0.6351348161697388,1.1150259524583817e-06
VTM-008465,DG-a7521885b971,1,0.049188368022441864,0.5265060663223267,0.5265060663223267,1.0,1.0,0.0,0.0,0.0,-0.5971345901489258,3.0132359825074673e-06
VTM-008475,DG-0f4b629d9390,1,0.04967441409826279,0.5466100573539734,0.5466100573539734,1.0,1.0,0.0,0.0,0.0,-0.06713026762008667,0.007363945245742798
VTM-008476,DG-27b83318b9c2,1,0.04991277679800987,0.5341501235961914,0.5341501235961914,1.0,1.0,1.0,0.0,0.0,0.6700873970985413,0.0062261223793029785
VTM-008478,DG-886009190a8e,1,0.04908030852675438,0.5456109046936035,0.5456109046936035,1.0,1.0,0.0,0.0,0.0,-0.3526969850063324,1.5687663108110428e-05
VTM-008479,DG-9ccfb599fd77,1,0.049224380403757095,0.5353665351867676,0.5353665351867676,1.0,1.0,0.0,0.0,0.0,-0.4795532822608948,5.5380165576934814e-05
VTM-008481,DG-4a007058bcf9,1,0.04899066314101219,0.5480650663375854,0.5480650663375854,1.0,1.0,0.0,0.0,0.0,-0.45061787962913513,4.003569483757019e-05
VTM-008482,DG-1fffaf6ae75b,1,0.04914018139243126,0.5444822311401367,0.5444822311401367,1.0,1.0,0.0,0.0,0.0,-0.7817248702049255,0.0
VTM-008488,DG-cf61cbc56945,1,0.04983266815543175,0.5396611094474792,0.5396611094474792,1.0,1.0,0.0,0.0,0.0,-0.9890033006668091,0.0
VTM-008490,DG-13f68d44547b,1,0.04918575659394264,0.5380534529685974,0.5380534529685974,1.0,1.0,0.0,0.0,0.0,-0.8038793802261353,3.583438228815794e-06
VTM-008494,DG-b08fee62c352,1,0.04897710308432579,0.5365844964981079,0.5365844964981079,1.0,1.0,0.0,0.0,0.0,-0.48779386281967163,0.0
VTM-008508,DG-2a1f698be405,1,0.04874128848314285,0.5475027561187744,0.5475027561187744,1.0,1.0,0.0,0.0,0.0,-0.7848682999610901,0.0
VTM-008511,DG-38b189947097,1,0.04971440136432648,0.5371094346046448,0.5371094346046448,1.0,1.0,1.0,0.0,0.0,0.5307000875473022,0.009087562561035156
VTM-008536,DG-530487ff77dd,1,0.049098365008831024,0.5389248728752136,0.5389248728752136,1.0,1.0,0.0,0.0,0.0,-0.8890836238861084,0.0
VTM-008544,DG-91878df83d40,1,0.049128301441669464,0.5386990904808044,0.5386990904808044,1.0,1.0,0.0,0.0,0.0,-0.8662511706352234,0.0
VTM-008553,DG-bb4ab0ab5d05,1,0.049346402287483215,0.5389859676361084,0.5389859676361084,1.0,1.0,0.0,0.0,0.0,-0.6364428400993347,8.93324613571167e-06
VTM-008554,DG-07584d91647f,1,0.04949292168021202,0.5456395745277405,0.5456395745277405,1.0,1.0,0.0,0.0,0.0,-0.7238380908966064,0.0003783106803894043
VTM-008562,DG-37eb764293e0,1,0.04953989386558533,0.5360431671142578,0.5360431671142578,1.0,1.0,0.0,0.0,0.0,-0.9802687764167786,0.0
VTM-008565,DG-cdf94a34139b,1,0.04937303438782692,0.5444751381874084,0.5444751381874084,1.0,1.0,0.0,0.0,0.0,-0.8204457759857178,0.0023487918078899384
VTM-008572,DG-fd68011a9df0,1,0.048996616154909134,0.5377882719039917,0.5377882719039917,1.0,1.0,0.0,0.0,0.0,-0.8215200901031494,4.044501110911369e-06
VTM-008573,DG-14c183516716,1,0.04900627210736275,0.5369499921798706,0.5369499921798706,1.0,1.0,0.0,0.0,0.0,-0.7716224193572998,0.0
VTM-008574,DG-21d29ffc6ed9,1,0.04914494976401329,0.5312361717224121,0.5312361717224121,1.0,1.0,0.0,0.0,0.0,-0.9688783288002014,3.859167918562889e-08
VTM-008578,DG-2c85111e7b4d,1,0.04919135943055153,0.5358006954193115,0.5358006954193115,1.0,1.0,0.0,0.0,0.0,-0.9341240525245667,0.0
VTM-008581,DG-defdf5c0157f,1,0.04941242188215256,0.544262170791626,0.544262170791626,1.0,1.0,0.0,0.0,0.0,-0.852755069732666,0.0
VTM-008593,DG-d70851100832,1,0.04938535764813423,0.5421279668807983,0.5421279668807983,1.0,1.0,0.0,0.0,0.0,-0.8019970655441284,0.0
VTM-008598,DG-1b50211ce2f4,1,0.049243248999118805,0.5360086560249329,0.5360086560249329,1.0,1.0,0.0,0.0,0.0,-0.5528994202613831,8.265487849712372e-06
VTM-008600,DG-98559e2cad9f,1,0.04896974563598633,0.5380136966705322,0.5380136966705322,1.0,1.0,0.0,0.0,0.0,-0.682555079460144,1.3631302863359451e-05
