image_id,split_group_id,true_label,gate,direct_true_probability,mapped_true_probability,fused_true_probability,hard_oracle_gate,soft_oracle_gate,routing_regret_nll
VTM-000010,DG-de799a8fec64,target_mineral,0.493287980556488,0.001430848380551,0.002770440187305,0.002109635621309,0,0.035444736480713,0.272490978240967
VTM-000021,DG-02d77b36654c,target_mineral,0.477778106927872,0.979563653469086,0.984208822250366,0.981989502906799,0,0.494086712598801,0.002257471904159
VTM-000025,DG-834694a900f8,target_mineral,0.502760231494904,0.828857481479645,0.677149832248688,0.753422379493713,1,0.733172476291656,0.095422223210335
VTM-000028,DG-1d76694ca56a,target_mineral,0.529970288276672,0.98906683921814,0.974535465240479,0.982236683368683,1,0.518492817878723,0.006929609924555
VTM-000068,DG-eb8aface81ea,target_mineral,0.518758416175842,0.163221225142479,0.528836727142334,0.339170604944229,0,0.002792932791635,0.444176554679871
VTM-000084,DG-f28e29d399dc,target_mineral,0.533144235610962,0.999891996383667,0.999937772750854,0.999913334846497,0,0.499942779541016,0.000024439723347
VTM-000086,DG-65665907131c,target_mineral,0.584002137184143,0.99994969367981,0.999873042106628,0.999917805194855,1,0.500095784664154,0.000031890594983
VTM-000094,DG-0d3035211918,target_mineral,0.466489225625992,0.999674677848816,0.999986827373505,0.999841213226318,0,0.499609768390656,0.000145626661833
VTM-000099,DG-0cb77f3a3394,target_mineral,0.440132111310959,0.764293313026428,0.921842277050018,0.852499902248383,0,0.281483948230743,0.078201048076153
VTM-000100,DG-134c1cda5ae8,target_mineral,0.511323213577271,0.92101114988327,0.832102656364441,0.877563655376434,1,0.624239385128021,0.048322647809982
VTM-000106,DG-97b93373f548,target_mineral,0.587124586105347,0.978638350963593,0.833480000495911,0.918706059455872,1,0.69056499004364,0.063195943832397
VTM-000121,DG-947c4a2d49b1,target_mineral,0.494058579206467,0.671715557575226,0.561467230319977,0.61593633890152,1,0.710210740566254,0.086691379547119
VTM-000125,DG-92cd703d8751,target_mineral,0.483541309833527,0.996635496616364,0.959431111812592,0.977420926094055,1,0.547412812709808,0.019467707723379
VTM-000128,DG-73af3e0fd0e5,target_mineral,0.487855434417725,0.837884485721588,0.898075640201569,0.868711054325104,0,0.414141565561295,0.033243730664253
VTM-000140,DG-93845f92f943,target_mineral,0.510006487369537,0.98583996295929,0.996148109436035,0.990890860557556,0,0.487000554800034,0.005291553214192
VTM-000144,DG-7b8d80377985,target_mineral,0.469196736812592,0.962208330631256,0.924787998199463,0.942345499992371,1,0.549421191215515,0.020859006792307
VTM-000148,DG-6b6127386ae0,target_mineral,0.488947153091431,0.993874132633209,0.987656831741333,0.990696787834167,1,0.507843434810638,0.003202049527317
VTM-000151,DG-f6ec95d06e37,target_mineral,0.517881393432617,0.879721760749817,0.888129234313965,0.883775115013123,0,0.48811274766922,0.004914633929729
VTM-000155,DG-41c3f25eedcf,target_mineral,0.51725697517395,0.094423726201057,0.056483421474695,0.076108306646347,1,0.928854525089264,0.215634822845459
VTM-000158,DG-ac0a79840c69,target_mineral,0.510721862316132,0.100421011447906,0.363799303770065,0.229286253452301,0,0.001599995186552,0.461631059646606
VTM-000168,DG-9549f16ca6f8,target_mineral,0.449795514345169,0.00033403179259,0.00037106659147,0.000354408519343,0,0.371513962745667,0.045931339263916
VTM-000174,DG-3c8051956848,target_mineral,0.508859634399414,0.999039173126221,0.999907433986664,0.999465584754944,0,0.49891409277916,0.000441987795057
VTM-000178,DG-7a19944a6977,target_mineral,0.441016107797623,0.002556827384979,0.002166172023863,0.002338457386941,1,0.696149587631226,0.08927583694458
VTM-000181,DG-bcfe127ab507,target_mineral,0.476495116949081,0.995011806488037,0.990751028060913,0.992781281471252,1,0.505363941192627,0.002244223374873
VTM-000186,DG-8de210fffeaa,target_mineral,0.556661486625671,0.000014975691556,0.000022521946448,0.000018321237803,0,0.115035176277161,0.206429481506348
VTM-000191,DG-2100b8d4655a,target_mineral,0.474134206771851,0.37819367647171,0.664348185062408,0.528672575950623,0,0.056412436068058,0.228437066078186
VTM-000195,DG-92c6b940c46e,target_mineral,0.543723464012146,0.999444425106049,0.997904658317566,0.998741865158081,1,0.501927256584167,0.0007031976711
VTM-000198,DG-7401df8c67d6,target_mineral,0.494644343852997,0.005962755996734,0.006505922414362,0.006237247958779,0,0.3927181661129,0.042173862457275
VTM-000227,DG-4630e0da03c1,target_mineral,0.505368828773499,0.945431411266327,0.889264404773712,0.917649507522583,1,0.575965642929077,0.029825821518898
VTM-000235,DG-7b45371666b6,target_mineral,0.459081590175629,0.032149259001017,0.00937573518604,0.019830640405416,1,0.997895002365112,0.483161211013794
VTM-000245,DG-1fb802e22fc8,target_mineral,0.458148330450058,0.155079692602158,0.017067836597562,0.080297738313675,1,0.999983906745911,0.65819776058197
VTM-000250,DG-cff71e195439,target_mineral,0.547936677932739,0.98885452747345,0.974045217037201,0.982159733772278,1,0.518852889537811,0.006793272681534
VTM-000253,DG-d78ae7856456,target_mineral,0.527247846126556,0.977931201457977,0.923454463481903,0.952177226543427,1,0.571160912513733,0.026688143610954
VTM-000255,DG-87ae78ae448b,target_mineral,0.484759271144867,0.97939932346344,0.994267702102661,0.987060070037842,0,0.481175065040588,0.007275589741766
VTM-000257,DG-5049063dc2ef,target_mineral,0.52139413356781,0.150673449039459,0.069996275007725,0.112060882151127,1,0.978821516036987,0.296072721481323
VTM-000264,DG-da94223b5a67,target_mineral,0.485701441764832,0.00042995766853,0.015402840450406,0.008130489848554,0,0.000000016948226,0.638930797576904
VTM-000269,DG-22f5c2a57f9b,target_mineral,0.531467616558075,0.778846979141235,0.675482034683228,0.730417132377625,1,0.670829772949219,0.064198806881905
VTM-000271,DG-2ad0853858a5,target_mineral,0.442938327789307,0.956131815910339,0.960719227790833,0.958687305450439,0,0.494017273187637,0.002117242664099
VTM-000274,DG-4ef8af2130d1,target_mineral,0.521518051624298,0.287418156862259,0.187069967389107,0.239403367042542,1,0.895414054393768,0.182788372039795
VTM-000275,DG-01acb20ce6af,target_mineral,0.469913810491562,0.117344193160534,0.111727319657803,0.114366762340069,1,0.561007142066956,0.025700807571411
VTM-000277,DG-8596bd375713,target_mineral,0.45868444442749,0.01689513400197,0.002736003836617,0.009230576455593,1,0.99988865852356,0.604504108428955
VTM-000279,DG-393984939add,target_mineral,0.443012565374374,0.004421875812113,0.00390430749394,0.004133596550673,1,0.650768280029297,0.067416191101074
VTM-000286,DG-a9e66e544943,target_mineral,0.495218187570572,0.964043736457825,0.952347815036774,0.958139896392822,1,0.515253186225891,0.006142865866423
VTM-000295,DG-022950aec806,target_mineral,0.526837646961212,0.141302213072777,0.38615557551384,0.257157623767853,0,0.006517683621496,0.406551122665405
VTM-000296,DG-7eeee3bf6195,target_mineral,0.514209508895874,0.999139428138733,0.999690234661102,0.999407052993774,0,0.499311089515686,0.000283309520455
VTM-000303,DG-c7d6902b0f52,target_mineral,0.537284076213837,0.989661931991577,0.916804373264313,0.955949544906616,1,0.594438910484314,0.034658268094063
VTM-000317,DG-23c65e850884,target_mineral,0.547828078269958,0.943289160728455,0.882088780403137,0.915616035461426,1,0.58307284116745,0.029775772243738
VTM-000318,DG-1963609157d8,target_mineral,0.48034793138504,0.02471986040473,0.002575985156,0.013212749734521,1,0.999987721443176,0.626424551010132
VTM-000319,DG-03fad6b454d3,target_mineral,0.493346899747849,0.993614673614502,0.949013531208038,0.971017360687256,1,0.557157039642334,0.02300513163209
VTM-000324,DG-5b572bca6c6d,target_mineral,0.493549138307571,0.991295337677002,0.988134980201721,0.989694833755493,1,0.503991425037384,0.001615863293409
VTM-000332,DG-45e0e504e360,target_mineral,0.540721774101257,0.995030641555786,0.998011946678162,0.996399879455566,0,0.496260464191437,0.001616584369913
VTM-000333,DG-054b4ded8482,target_mineral,0.470100671052933,0.482112318277359,0.299082100391388,0.385124742984772,1,0.915853381156921,0.224609851837158
VTM-000338,DG-4d18b403f26f,target_mineral,0.510278820991516,0.021554281935096,0.04815760627389,0.034582491964102,0,0.017644595354795,0.33113169670105
VTM-000344,DG-2f8cebc5b197,target_mineral,0.409497171640396,0.000583230052143,0.000035336775909,0.000259697524598,1,0.999999165534973,0.809063911437988
VTM-000348,DG-a2483299fee4,target_mineral,0.519654989242554,0.032353650778532,0.049674827605486,0.040673792362213,0,0.104906611144543,0.199914455413818
VTM-000351,DG-a48fa79cf69f,target_mineral,0.399518400430679,0.007829646579921,0.005838247947395,0.00663384841755,1,0.812666893005371,0.165732383728027
VTM-000352,DG-1782d4b3d09c,target_mineral,0.413733452558517,0.001590354018845,0.001595279201865,0.001593241468072,0,0.496135294437408,0.001277923583984
VTM-000356,DG-a2c1700d01c0,target_mineral,0.487709075212479,0.076741851866245,0.106049634516239,0.091755971312523,0,0.165577664971352,0.144774675369263
VTM-000358,DG-4505009c7166,target_mineral,0.486454099416733,0.39484304189682,0.624134182929993,0.51259458065033,0,0.092005886137486,0.196880161762238
VTM-000359,DG-30c34c3d847b,target_mineral,0.506315648555756,0.000000296495159,0.000001303029876,0.000000793405547,0,0.000609609880485,0.496112823486328
VTM-000360,DG-1c1339c0ecd6,target_mineral,0.500345528125763,0.042746510356665,0.058511294424534,0.050623454153538,0,0.172264739871025,0.144804716110229
VTM-000364,DG-304b3e2f5877,target_mineral,0.546412169933319,0.998771369457245,0.999091446399689,0.998916566371918,0,0.499599486589432,0.000175054359715
VTM-000370,DG-0e59f5d8e9e4,target_mineral,0.483987122774124,0.000942404440138,0.002410791581497,0.00170011119917,0,0.009045701473951,0.34926176071167
VTM-000375,DG-7135d402d270,target_mineral,0.565718054771423,0.999435484409332,0.999633550643921,0.999521493911743,0,0.499752283096313,0.00011210408411
VTM-000376,DG-00ab810c1dea,target_mineral,0.491470038890839,0.580839574337006,0.673508822917938,0.627964615821838,0,0.322975218296051,0.070017278194427
VTM-000389,DG-4471c0222b39,target_mineral,0.587650120258331,0.999937415122986,0.99992847442627,0.99993371963501,1,0.500011146068573,0.000003695728083
VTM-000393,DG-3f40939f066b,target_mineral,0.560481250286102,0.702736556529999,0.625126361846924,0.66862541437149,1,0.642249584197998,0.049758106470108
VTM-000399,DG-26b764c57ddc,target_mineral,0.5196613073349,0.852616727352142,0.931604981422424,0.890557885169983,0,0.391027808189392,0.045060783624649
VTM-000402,DG-46dec4b46ad4,target_mineral,0.540234863758087,0.986394226551056,0.988457500934601,0.987342834472656,0,0.497388124465942,0.001128318719566
VTM-000405,DG-b0bfb8edf35a,target_mineral,0.492073088884354,0.815694451332092,0.586049377918243,0.699051558971405,1,0.839320242404938,0.154315322637558
VTM-000412,DG-843b1c898c47,target_mineral,0.512025237083435,0.967979907989502,0.83827805519104,0.904688715934753,1,0.672454476356506,0.067620404064655
VTM-000415,DG-4892c85208f5,target_mineral,0.562098264694214,0.999948740005493,0.99997490644455,0.99996018409729,0,0.499967277050018,0.000014722825654
VTM-000416,DG-01b17c267ab6,target_mineral,0.468792617321014,0.512353241443634,0.398924380540848,0.452098995447159,1,0.77750962972641,0.125113129615784
VTM-000422,DG-b99d9ad9680f,target_mineral,0.552541971206665,0.973275601863861,0.997946739196777,0.984314918518066,0,0.468750029802322,0.013754023239017
VTM-000426,DG-9bbc69442c87,target_mineral,0.508248209953308,0.9881352186203,0.988788425922394,0.988456428050995,0,0.499173939228058,0.000335819087923
VTM-000436,DG-229c5d1f2165,target_mineral,0.532332599163055,0.999775588512421,0.998562872409821,0.999208450317383,1,0.501517117023468,0.000567426439375
VTM-000440,DG-26e215fcf397,target_mineral,0.528416574001312,0.608228623867035,0.65059220790863,0.628206610679626,0,0.416620790958405,0.035013943910599
VTM-000446,DG-0182b1ffd727,target_mineral,0.604113936424255,0.999980568885803,0.999995768070221,0.999986588954926,0,0.499981045722961,0.00000917919624
VTM-000447,DG-74f509f8f214,target_mineral,0.562968492507935,0.986888885498047,0.958604514598846,0.974527716636658,1,0.536284685134888,0.012604493647814
VTM-000454,DG-b3b80973fad4,target_mineral,0.563421130180359,0.999225735664368,0.997814297676086,0.99860954284668,1,0.501766860485077,0.000616860459559
VTM-000480,DG-0374a0215e25,target_mineral,0.507307589054108,0.999284327030182,0.998628318309784,0.998961091041565,1,0.500820875167847,0.000323519809172
VTM-000486,DG-3404a4c37c78,target_mineral,0.587766885757446,0.999969363212585,0.999845266342163,0.999918222427368,1,0.50015515089035,0.000051143662859
VTM-000495,DG-cd33cc03272a,target_mineral,0.56674063205719,0.999868869781494,0.999972999095917,0.999913930892944,0,0.499869853258133,0.000059071542637
VTM-000515,DG-dedfb348a740,target_mineral,0.570888102054596,0.999977827072144,0.999976336956024,0.999977231025696,1,0.500001847743988,0.000000596061
VTM-000516,DG-066bdb998722,target_mineral,0.599067986011505,0.999987244606018,0.999991714954376,0.999989032745361,0,0.499994397163391,0.000002682234481
VTM-000519,DG-7a74423f6148,target_mineral,0.462192595005035,0.06346919387579,0.126027166843414,0.097113333642483,0,0.031379610300064,0.260618686676025
VTM-000520,DG-0cd6b458a201,target_mineral,0.532741785049438,0.988766372203827,0.976435482501984,0.983004689216614,1,0.515681624412537,0.005844186991453
VTM-000536,DG-b6c39ebba6ea,target_mineral,0.441604822874069,0.007610969245434,0.028788022696972,0.019436132162809,0,0.001289970707148,0.392825603485107
VTM-000546,DG-c7420c1b2740,target_mineral,0.480376422405243,0.001115262391977,0.001677169580944,0.001407242612913,0,0.115057744085789,0.175475120544434
VTM-000563,DG-4296abd6bef5,target_mineral,0.514161348342896,0.996168196201324,0.97214412689209,0.984496355056763,1,0.530477225780487,0.011785919778049
VTM-000569,DG-766b882a7bd3,target_mineral,0.503091812133789,0.998344540596008,0.99969607591629,0.999016165733337,0,0.498308926820755,0.000680348253809
VTM-000578,DG-095650be25fb,target_mineral,0.532476902008057,0.999004781246185,0.998297929763794,0.998674273490906,1,0.500884771347046,0.000330891693011
VTM-000585,DG-f70fa0342c91,target_mineral,0.567768156528473,0.99948251247406,0.998502194881439,0.999058842658997,1,0.501226603984833,0.000423979072366
VTM-000596,DG-92087835a076,target_mineral,0.530534029006958,0.992597579956055,0.946650683879852,0.971027076244354,1,0.558968305587769,0.021970972418785
VTM-000604,DG-e888896d9b37,target_mineral,0.47573658823967,0.054899904876947,0.020042842254043,0.036625619977713,1,0.993556320667267,0.404763698577881
VTM-000609,DG-a39935564f74,target_mineral,0.480723738670349,0.288710743188858,0.337183356285095,0.313881397247314,0,0.31518092751503,0.071611642837524
VTM-000624,DG-3cce33a6ffbb,target_mineral,0.508063912391663,0.469368666410446,0.277667611837387,0.375064015388489,1,0.932441890239716,0.224291801452637
VTM-000629,DG-9b35375352db,target_mineral,0.550958037376404,0.999205052852631,0.998015522956848,0.998670935630798,1,0.501488983631134,0.000534685037564
VTM-000636,DG-1405e8e74d83,target_mineral,0.493679493665695,0.938389480113983,0.872621357440948,0.905089735984802,1,0.589843094348907,0.036130994558334
VTM-000650,DG-9e3f5c033faf,target_mineral,0.488203197717667,0.999634504318237,0.99975448846817,0.999695956707001,0,0.4998499751091,0.000058547826484
VTM-000652,DG-b01298ae6cdb,target_mineral,0.51049280166626,0.7783083319664,0.80842512845993,0.793050765991211,0,0.452685385942459,0.019200831651688
VTM-000659,DG-37c895d8c548,target_mineral,0.537259578704834,0.982208073139191,0.95745986700058,0.970756113529205,1,0.531856000423431,0.011727906763554
VTM-000662,DG-2a0fe031cac1,target_mineral,0.5639568567276,0.999509453773499,0.998038589954376,0.998868107795715,1,0.501840829849243,0.000641866703518
VTM-000670,DG-6357d6bf990d,target_mineral,0.522807061672211,0.860494673252106,0.792425930500031,0.828012764453888,1,0.601577401161194,0.038478851318359
VTM-000671,DG-8be949c54504,target_mineral,0.52518892288208,0.996053457260132,0.994638025760651,0.995381355285645,1,0.501777589321136,0.000674992799759
VTM-000672,DG-ed3c66600628,target_mineral,0.593676388263702,0.999816834926605,0.999260723590851,0.999590873718262,1,0.500695466995239,0.000226028132602
VTM-000680,DG-a7b69a564f94,target_mineral,0.540018856525421,0.996139228343964,0.995327889919281,0.995766043663025,1,0.501018524169922,0.000374701339751
VTM-000682,DG-3a8ea9b2f8b5,target_mineral,0.465760827064514,0.821204721927643,0.663936197757721,0.737185716629028,1,0.74325042963028,0.107932582497597
VTM-000689,DG-c23942417425,target_mineral,0.499206364154816,0.649744689464569,0.744427621364594,0.697161316871643,0,0.336220979690552,0.06559881567955
VTM-000708,DG-c52411578891,target_mineral,0.556240260601044,0.999977350234985,0.999982237815857,0.999979555606842,0,0.499993920326233,0.000002682259947
VTM-000718,DG-6f1fc593083c,target_mineral,0.522182285785675,0.228993892669678,0.198797076940536,0.214565306901932,1,0.669749796390533,0.065081238746643
VTM-000722,DG-941068494d83,target_mineral,0.480301290750504,0.006942634470761,0.010406568646431,0.008742837235332,0,0.116728655993938,0.174202442169189
VTM-000726,DG-dc1c8674eb97,target_mineral,0.471348375082016,0.000071347210906,0.000007369893865,0.000037525496737,1,0.999988198280334,0.642537117004395
VTM-000735,DG-0cfbdf44d8ac,target_mineral,0.47366526722908,0.014954320155084,0.013298312202096,0.01408270560205,1,0.642633974552155,0.060052871704102
VTM-000748,DG-010582eeea15,target_mineral,0.505204796791077,0.99141800403595,0.98182475566864,0.986671328544617,1,0.512151837348938,0.004799261689186
VTM-000752,DG-57a3f51fe77b,target_mineral,0.497513204813004,0.979291141033173,0.975246071815491,0.977258563041687,1,0.505173742771149,0.002077717334032
VTM-000762,DG-b21a383d2487,target_mineral,0.556181669235229,0.99955815076828,0.998175859451294,0.998944640159607,1,0.501729846000671,0.000613970216364
VTM-000769,DG-8af9664b4c05,target_mineral,0.555588781833649,0.79348486661911,0.926178216934204,0.852455258369446,0,0.315795689821243,0.082945957779884
VTM-000773,DG-d0373b75621b,target_mineral,0.562438547611237,0.999451220035553,0.999655425548553,0.999540567398071,0,0.499744653701782,0.000114904338261
VTM-000779,DG-4fe4247df2a8,target_mineral,0.550385296344757,0.999933242797852,0.999817848205566,0.999881386756897,1,0.500144243240356,0.000051860850363
VTM-000786,DG-35d3105fc54c,target_mineral,0.496209889650345,0.219013661146164,0.496923804283142,0.359022080898285,0,0.016358509659767,0.325052797794342
VTM-000802,DG-bd6d5b0fc43d,target_mineral,0.519562780857086,0.000073511429946,0.000406186707551,0.000233341008425,0,0.000194116510102,0.554311752319336
VTM-000805,DG-ab7ab3811ea3,target_mineral,0.490275055170059,0.976289331912994,0.960004985332489,0.967988848686218,1,0.521013259887695,0.008538421243429
VTM-000808,DG-22fa6310aff3,target_mineral,0.570896029472351,0.977665424346924,0.923210144042969,0.954298436641693,1,0.571152091026306,0.024191059172153
VTM-000817,DG-761bae88ef1e,target_mineral,0.639342546463013,0.997889339923859,0.987991988658905,0.994319796562195,1,0.512457132339478,0.003583506681025
VTM-000824,DG-cae8deaf336a,target_mineral,0.538863182067871,0.36812961101532,0.25939667224884,0.317988872528076,1,0.852001130580902,0.146418631076813
VTM-000830,DG-d9138bce157b,target_mineral,0.556666731834412,0.038881450891495,0.193213686347008,0.107302069664001,0,0.000329898175551,0.588148832321167
VTM-000832,DG-b96d92a292a4,target_mineral,0.590790510177612,0.996840834617615,0.991757690906525,0.994760751724243,1,0.506390035152435,0.002088855020702
VTM-000838,DG-f0bef7b93979,target_mineral,0.526617169380188,0.999291658401489,0.994700193405151,0.99711811542511,1,0.505756378173828,0.002177452668548
VTM-000848,DG-ae498e22dbc7,target_mineral,0.533561229705811,0.234001964330673,0.173582211136818,0.205819845199585,1,0.816586792469025,0.128328323364258
VTM-000849,DG-3aecf3f78d73,target_mineral,0.536010980606079,0.321965396404266,0.228247225284576,0.278481185436249,1,0.848138272762299,0.145093560218811
VTM-000857,DG-750826b46bc8,target_mineral,0.534986913204193,0.997422099113464,0.998084962368011,0.997730374336243,0,0.499169528484344,0.000355331576429
VTM-000877,DG-a4f6a22b0834,target_mineral,0.564649820327759,0.999913811683655,0.999564409255981,0.999761700630188,1,0.500436842441559,0.000152135733515
VTM-000882,DG-68969453403f,target_mineral,0.601193487644196,0.996333718299866,0.999297082424164,0.997515559196472,0,0.496287763118744,0.001784367370419
VTM-000889,DG-9ec84b1c3b1f,target_mineral,0.499646127223969,0.261894971132278,0.130344435572624,0.196073159575462,1,0.970367848873138,0.289455771446228
VTM-000895,DG-83b7a86707f0,target_mineral,0.484461188316345,0.00083775020903,0.002662226557732,0.001778338570148,0,0.003076166613027,0.403482913970947
VTM-000901,DG-33aeb3afee1c,target_mineral,0.577243030071259,0.996449947357178,0.981456696987152,0.990111410617828,1,0.518942177295685,0.006381437182426
VTM-000902,DG-67fc394ffd69,target_mineral,0.434398055076599,0.016093583777547,0.017676617950201,0.016988951712847,0,0.384826928377151,0.039679527282715
VTM-000913,DG-d89aa41f3591,target_mineral,0.478404253721237,0.917514860630035,0.784018814563751,0.847883820533752,1,0.687010228633881,0.078925155103207
VTM-000914,DG-cabdda36ed80,target_mineral,0.507040858268738,0.97109442949295,0.978002488613129,0.974499821662903,0,0.491140335798264,0.003587879240513
VTM-000928,DG-b7eded2dcc53,target_mineral,0.593172192573547,0.99155056476593,0.988645672798157,0.990368723869324,1,0.50366735458374,0.001192622818053
VTM-000938,DG-c1f73d80cd03,target_mineral,0.504517674446106,0.751020014286041,0.582567811012268,0.667554974555969,1,0.780731379985809,0.117810547351837
VTM-000951,DG-2a123dcd3038,target_mineral,0.479801416397095,0.44842991232872,0.37499138712883,0.410227298736572,1,0.709765791893005,0.089040994644165
VTM-000955,DG-7d3a98f1e72a,target_mineral,0.498065829277039,0.989776611328125,0.955645263195038,0.972644925117493,1,0.543753445148468,0.017460184171796
VTM-000962,DG-b929b3b86b15,target_mineral,0.489645302295685,0.963493287563324,0.965253591537476,0.964391648769379,0,0.497718304395676,0.000893369317055
VTM-000974,DG-655c77de7774,target_mineral,0.444099515676498,0.065540477633476,0.051062155514956,0.057491969317198,1,0.776974499225616,0.131022691726685
VTM-000983,DG-e64f2c7ee759,target_mineral,0.544933617115021,0.998442709445953,0.995482861995697,0.997095823287964,1,0.503711044788361,0.00134989770595
VTM-000986,DG-1896fc46a326,target_mineral,0.445899426937103,0.0096031203866,0.01539883390069,0.012814529240131,0,0.086193926632404,0.183712482452393
VTM-000994,DG-26cfb8a047e3,target_mineral,0.59803581237793,0.998880445957184,0.998316287994385,0.998653650283813,1,0.500706195831299,0.000227075652219
VTM-000995,DG-d0bbc290947e,target_mineral,0.527943849563599,0.987296223640442,0.981682002544403,0.984645962715149,1,0.50712788105011,0.002687972038984
VTM-001001,DG-27608015d71b,target_mineral,0.528581380844116,0.997686266899109,0.998051524162292,0.99785852432251,0,0.499542415142059,0.000193395302631
VTM-001003,DG-c918290a9b35,target_mineral,0.538284242153168,0.999994874000549,0.999995946884155,0.999995350837708,0,0.499998688697815,0.000000596049176
VTM-001006,DG-667908559ec7,target_mineral,0.502168297767639,0.325370728969574,0.397403687238693,0.361231029033661,0,0.268953800201416,0.095434904098511
VTM-001007,DG-ce6525f8700a,target_mineral,0.451650857925415,0.00387559668161,0.005519936792552,0.004777269437909,0,0.145749643445015,0.144497394561768
VTM-001010,DG-75528e48d5ef,target_mineral,0.545538306236267,0.99621444940567,0.996533393859863,0.996359348297119,0,0.499599903821945,0.00017466628924
VTM-001011,DG-122b1631d7c9,target_mineral,0.528164267539978,0.998604238033295,0.99762898683548,0.998144090175629,1,0.501221358776093,0.000460897223093
VTM-001013,DG-25c6ebca1f79,target_mineral,0.507218062877655,0.007333798334002,0.010877741500735,0.009080190211535,0,0.122268043458462,0.180623531341553
VTM-001014,DG-667c44301a4e,target_mineral,0.455114662647247,0.015729187056422,0.02263305336237,0.019491001963615,0,0.139497771859169,0.149458408355713
VTM-001016,DG-877f56dec13a,target_mineral,0.533957183361053,0.974893093109131,0.975601315498352,0.975223124027252,0,0.499092191457748,0.000387724488974
VTM-001024,DG-c8c8becfb1f6,target_mineral,0.501651227474213,0.720926761627197,0.417550653219223,0.569739639759064,1,0.938811659812927,0.235358089208603
VTM-001028,DG-e783c078edbc,target_mineral,0.531365811824799,0.999721348285675,0.999861717224121,0.999787151813507,0,0.499824464321136,0.000074578507338
VTM-001044,DG-ff9c71ecc36a,target_mineral,0.510846972465515,0.630935490131378,0.589098870754242,0.61047101020813,1,0.584930658340454,0.032972812652588
VTM-001047,DG-9dff3b622070,target_mineral,0.591608047485352,0.999204218387604,0.999378561973572,0.999275386333466,0,0.499781936407089,0.000103245081846
VTM-001050,DG-787ac9c41959,target_mineral,0.459555685520172,0.047943007200956,0.041902113705873,0.044678241014481,1,0.662260353565216,0.070526361465454
VTM-001053,DG-750f5d0fbed9,target_mineral,0.503834903240204,0.987812101840973,0.985902965068817,0.986864864826202,1,0.502418160438538,0.000959384255111
VTM-001062,DG-a0122c32d33b,target_mineral,0.600307643413544,0.999876499176025,0.999906599521637,0.99988853931427,0,0.499962329864502,0.00001806205546
VTM-001063,DG-eb8584897af3,target_mineral,0.511802494525909,0.801261007785797,0.836729109287262,0.818576455116272,0,0.446068555116653,0.021933570504189
VTM-001065,DG-6393b0999c7f,target_mineral,0.483199894428253,0.931751787662506,0.903886377811432,0.917350947856903,1,0.537880778312683,0.015576347708702
VTM-001066,DG-7ba913c0c901,target_mineral,0.564429879188538,0.579297184944153,0.543790757656097,0.563831627368927,1,0.578411400318146,0.02705991268158
VTM-001072,DG-03cebc55504e,target_mineral,0.519378840923309,0.122575514018536,0.187278583645821,0.15367317199707,0,0.107230238616467,0.197769165039062
VTM-001079,DG-8d56ab7d5356,target_mineral,0.527857303619385,0.989181697368622,0.968200206756592,0.979275405406952,1,0.526773273944855,0.0100651178509
VTM-001108,DG-36e4d8fe768f,target_mineral,0.500149786472321,0.946941077709198,0.841014504432678,0.893993616104126,1,0.644085168838501,0.057538233697414
VTM-001110,DG-6b685c91f7f4,target_mineral,0.62253326177597,0.999973297119141,0.999946594238281,0.999963223934174,1,0.500033378601074,0.000010073505109
VTM-001119,DG-a357023c9e4e,target_mineral,0.471798002719879,0.937459528446198,0.643045127391815,0.781949281692505,1,0.868160724639893,0.181383714079857
VTM-001125,DG-2f41cca5e43c,target_mineral,0.476609736680984,0.876448154449463,0.939998149871826,0.909709632396698,0,0.413381993770599,0.032752443104982
VTM-001129,DG-fe2618c191cd,target_mineral,0.472892343997955,0.220788717269897,0.17652852833271,0.197458833456039,1,0.753732323646545,0.111676096916199
VTM-001133,DG-e21b856510cc,target_mineral,0.588142096996307,0.999901413917542,0.999870419502258,0.99988865852356,1,0.500038743019104,0.000012756732758
VTM-001145,DG-2e049c65edf0,target_mineral,0.554816007614136,0.997525155544281,0.997657954692841,0.997584223747253,0,0.499833583831787,0.000073906732723
VTM-001146,DG-54169e174bc5,target_mineral,0.553004860877991,0.000152436259668,0.00033786680433,0.000235322819208,0,0.018351437523961,0.361693382263184
VTM-001154,DG-b218ecc00a11,target_mineral,0.548113405704498,0.999445021152496,0.999044418334961,0.999264001846313,1,0.500501096248627,0.000181136187166
VTM-001155,DG-b7a8837254d7,target_mineral,0.545548737049103,0.99992847442627,0.999883949756622,0.999908208847046,1,0.50005567073822,0.000020267230866
VTM-001167,DG-7f9bd8a744c3,target_mineral,0.486860245466232,0.977385699748993,0.940361618995667,0.958387136459351,1,0.548121631145477,0.01962954737246
VTM-001171,DG-64792b22a49e,target_mineral,0.57954078912735,0.999897480010986,0.99998813867569,0.999935626983643,0,0.49988666176796,0.000052513696573
VTM-001172,DG-6cfc0f0f72ec,target_mineral,0.522265791893005,0.997464179992676,0.99865049123764,0.9980309009552,0,0.498514205217361,0.000620619975962
VTM-001178,DG-998c8cab27b0,target_mineral,0.502579271793365,0.810419082641602,0.885651469230652,0.847841262817383,0,0.390821546316147,0.043630063533783
VTM-001179,DG-ab4dfa03f97a,target_mineral,0.539661109447479,0.994179129600525,0.993724346160889,0.993969798088074,1,0.50057190656662,0.000210579484701
VTM-001183,DG-5a709c002b49,target_mineral,0.454930931329727,0.382476925849915,0.243216574192047,0.306570410728455,1,0.905815541744232,0.221220850944519
VTM-001190,DG-7dd248a77538,target_mineral,0.558473348617554,0.999800980091095,0.999745726585388,0.999776601791382,1,0.500069081783295,0.000024383451091
VTM-001191,DG-4006a0036304,target_mineral,0.546490073204041,0.996272444725037,0.998050212860107,0.997078716754913,0,0.497771471738815,0.000973868067376
VTM-001196,DG-77136c1a78af,target_mineral,0.502860903739929,0.790764272212982,0.556803643703461,0.674453258514404,1,0.852448582649231,0.1590975522995
VTM-001214,DG-e0efb09d0a2e,target_mineral,0.616442322731018,0.999575316905975,0.998941719532013,0.999332308769226,1,0.500792562961578,0.000243140937528
VTM-001221,DG-116305ff0ab7,target_mineral,0.574685394763947,0.998869717121124,0.998283803462982,0.998620510101318,1,0.500733435153961,0.000249520177022
VTM-001222,DG-13596ba772d9,target_mineral,0.534965634346008,0.999588191509247,0.998135507106781,0.998912692070007,1,0.501817882061005,0.000676006136928
VTM-001223,DG-debcfbf2e066,target_mineral,0.573185443878174,0.999525427818298,0.998144268989563,0.99893593788147,1,0.501728475093842,0.000589943781961
VTM-001227,DG-edcbd7866319,target_mineral,0.540570020675659,0.998498678207397,0.997478663921356,0.998030066490173,1,0.50127762556076,0.000469426624477
VTM-001237,DG-2abde3967615,target_mineral,0.57976770401001,0.99975174665451,0.999808311462402,0.999775528907776,0,0.499929308891296,0.000032789379475
VTM-001245,DG-e9b769615b80,target_mineral,0.447432428598404,0.044593278318644,0.064650930464268,0.055676490068436,0,0.135041758418083,0.149444580078125
VTM-001249,DG-d3a019827fdf,target_mineral,0.560843527317047,0.043760742992163,0.046872846782207,0.04512744396925,0,0.414957970380783,0.0379478931427
VTM-001261,DG-b6d59d54cb99,target_mineral,0.559646844863892,0.876498997211456,0.909722566604614,0.89112913608551,0,0.45362851023674,0.020650334656239
VTM-001273,DG-d099c941f251,target_mineral,0.557610690593719,0.999623775482178,0.999699354171753,0.999657154083252,0,0.499905496835709,0.00004221367999
VTM-001282,DG-12a1b3fc76a3,target_mineral,0.496048867702484,0.055480074137449,0.023451752960682,0.039339363574982,1,0.986684143543243,0.343798398971558
VTM-001288,DG-337282447e9f,target_mineral,0.448917537927628,0.000003953512532,0.000008563164556,0.00000649381127,0,0.020546050742269,0.276619911193848
VTM-001292,DG-8b852254d1fc,target_mineral,0.533569276332855,0.998840987682343,0.998220682144165,0.998551666736603,1,0.500776529312134,0.000289698597044
VTM-001295,DG-51e85e0f298f,target_mineral,0.516562521457672,0.19146940112114,0.170430779457092,0.181298539042473,1,0.641526103019714,0.054582953453064
VTM-001298,DG-55df385c03a7,target_mineral,0.502944350242615,0.99725204706192,0.996353209018707,0.996805310249329,1,0.501127183437347,0.000448068138212
VTM-001299,DG-d8a423cdb82b,target_mineral,0.523035883903503,0.032622657716274,0.012212720699608,0.022887850180268,1,0.992700576782227,0.354400873184204
VTM-001301,DG-80aa1d1eedda,target_mineral,0.471489012241364,0.039131421595812,0.091226428747177,0.066664204001427,0,0.014314076863229,0.313676595687866
VTM-001303,DG-db040277a56e,target_mineral,0.425597637891769,0.016403913497925,0.024148870259523,0.020852634683251,0,0.126353994011879,0.146757364273071
VTM-001304,DG-bdaffa012f1b,target_mineral,0.513982772827148,0.992725133895874,0.979616343975067,0.986353993415833,1,0.516609907150269,0.006438511889428
VTM-001318,DG-322e7986f0e2,target_mineral,0.527864575386047,0.877142906188965,0.862087965011597,0.87003493309021,1,0.521627247333527,0.008136570453644
VTM-001323,DG-07428b24b9da,target_mineral,0.52915894985199,0.933821260929108,0.901102542877197,0.918415904045105,1,0.544464707374573,0.016634710133076
VTM-001329,DG-eb1417043974,target_mineral,0.490741074085236,0.888174951076508,0.91382896900177,0.901239514350891,0,0.464466661214828,0.013872370123863
VTM-001332,DG-d0a82615d542,target_mineral,0.48183885216713,0.880224764347076,0.860255241394043,0.869877338409424,1,0.528653740882874,0.011825069785118
VTM-001347,DG-537858c6c8ac,target_mineral,0.510101437568665,0.999960541725159,0.999953329563141,0.999956965446472,1,0.500009000301361,0.000003576427844
VTM-001359,DG-795c73445594,target_mineral,0.520434319972992,0.997486114501953,0.996933698654175,0.997221171855927,1,0.500692427158356,0.00026564556174
VTM-001361,DG-944c3d022c5b,target_mineral,0.565022945404053,0.998395979404449,0.999065041542053,0.998687028884888,0,0.499162584543228,0.000378438038751
VTM-001383,DG-bb2260f3efc1,target_mineral,0.520200967788696,0.999869585037231,0.999755918979645,0.999815046787262,1,0.500142097473145,0.000054546864703
VTM-001384,DG-aa44d5c33cf9,target_mineral,0.535893976688385,0.999843239784241,0.999845027923584,0.999844074249268,0,0.499997735023499,0.000000953819836
VTM-001390,DG-44bec2fc4346,target_mineral,0.590315341949463,0.999747574329376,0.999809086322784,0.999772787094116,0,0.49992311000824,0.000036306810216
VTM-001402,DG-c35a71af2b15,target_mineral,0.538311958312988,0.983030259609222,0.945826470851898,0.965853691101074,1,0.548076987266541,0.017627537250519
VTM-001410,DG-58b3c857ed3e,target_mineral,0.514936566352844,0.943829536437988,0.875358819961548,0.910616874694824,1,0.59304279088974,0.035823322832584
VTM-001417,DG-5688035b4ca9,target_mineral,0.590147018432617,0.998982489109039,0.998999893665314,0.998989641666412,0,0.499978184700012,0.00001026224345
VTM-001423,DG-708917b47fa2,target_mineral,0.688789308071136,0.999985098838806,0.999983787536621,0.999984741210938,1,0.500001668930054,0.000000357633326
VTM-001431,DG-94e9f3bef394,target_mineral,0.559812724590302,0.999600470066071,0.999830186367035,0.999701619148254,0,0.499712765216827,0.000128597326693
VTM-001449,DG-03af000b3c50,target_mineral,0.51006543636322,0.005495408549905,0.008421830832958,0.006929163821042,0,0.105781823396683,0.195088386535645
VTM-001454,DG-a3dc4613f3a0,target_mineral,0.504931330680847,0.997869968414307,0.998555719852448,0.998209476470947,0,0.499141275882721,0.000346804270521
VTM-001455,DG-fd757412518a,target_mineral,0.486771434545517,0.519808828830719,0.329842537641525,0.422312676906586,1,0.906720101833344,0.207715094089508
VTM-001486,DG-3e62e0f6f971,target_mineral,0.506401062011719,0.984869956970215,0.981206715106964,0.983061790466309,1,0.504657924175262,0.001837632618845
VTM-001493,DG-f6120fbf46a1,target_mineral,0.498891443014145,0.759651899337769,0.668810069561005,0.714130282402039,1,0.654029965400696,0.061794877052307
VTM-001500,DG-b2ad78db7124,target_mineral,0.503262162208557,0.998485743999481,0.991679072380066,0.995104670524597,1,0.508549571037292,0.003391947364435
VTM-001544,DG-c954259e0e6c,target_mineral,0.523632526397705,0.880682170391083,0.927056014537811,0.902773141860962,0,0.436203122138977,0.026542693376541
VTM-001552,DG-972e8385e9ae,target_mineral,0.491595655679703,0.320856720209122,0.303942203521729,0.312257319688797,1,0.567285776138306,0.027167081832886
VTM-001559,DG-1f85d7d4b5c3,target_mineral,0.509954810142517,0.622086346149445,0.373786360025406,0.500408113002777,1,0.927369892597198,0.217654943466187
VTM-001568,DG-725b96f47bf5,target_mineral,0.463232398033142,0.001129204290919,0.000547724717762,0.000817084917799,1,0.97385185956955,0.323525428771973
VTM-001569,DG-0b72c084915b,target_mineral,0.526793599128723,0.030736226588488,0.037239201366901,0.0338134765625,0,0.276958256959915,0.096502542495728
VTM-001574,DG-ae33164e67e6,target_mineral,0.519225537776947,0.017402902245522,0.060560591518879,0.038152016699314,0,0.001955724786967,0.462065696716309
VTM-001597,DG-8696b53bb753,target_mineral,0.539055109024048,0.999882936477661,0.999953746795654,0.999915599822998,0,0.499911457300186,0.00003814946831
VTM-001604,DG-a20a3d666cef,target_mineral,0.521324872970581,0.994246661663055,0.995848715305328,0.995013475418091,0,0.497987478971481,0.000839073676616
VTM-001618,DG-7b8fa0c4d38e,target_mineral,0.544269502162933,0.997414946556091,0.994276881217957,0.995984792709351,1,0.503938913345337,0.001434889389202
VTM-001620,DG-cb9abad43c30,target_mineral,0.529483616352081,0.717624187469482,0.67015153169632,0.695287525653839,1,0.584727466106415,0.031620562076569
VTM-001622,DG-1982c4714901,target_mineral,0.51843935251236,0.995595633983612,0.99221807718277,0.993969142436981,1,0.504247725009918,0.001635022927076
VTM-001645,DG-07d000d8d1fb,target_mineral,0.558699369430542,0.999054133892059,0.998610556125641,0.998858392238617,1,0.500555098056793,0.000195946195163
VTM-001651,DG-d29d8e2ae71a,target_mineral,0.523162603378296,0.949708819389343,0.920123636722565,0.935601472854614,1,0.539476931095123,0.014965824782848
VTM-001659,DG-215b9a009877,target_mineral,0.599735856056213,0.999703586101532,0.999837040901184,0.999757051467896,0,0.499833166599274,0.000080005658674
VTM-001664,DG-4742712dff64,target_mineral,0.488057434558868,0.26541805267334,0.323717147111893,0.295263826847076,0,0.270355373620987,0.092000842094421
VTM-001668,DG-391ca5b60e2e,target_mineral,0.49558424949646,0.049089964479208,0.012977704405785,0.030874371528625,1,0.99871039390564,0.463728189468384
VTM-001670,DG-cce1c199eb96,target_mineral,0.517309427261353,0.968845665454865,0.950863480567932,0.960165858268738,1,0.523401439189911,0.008999288082123
VTM-001677,DG-24fd2a1b1cc3,target_mineral,0.593272030353546,0.999992489814758,0.999986410140991,0.999989986419678,1,0.500007629394531,0.000002503416908
VTM-001682,DG-a0ca75898087,target_mineral,0.54463654756546,0.998092114925385,0.999967813491821,0.998946249485016,0,0.497653096914291,0.00102211907506
VTM-001693,DG-d05c588604ec,target_mineral,0.566628456115723,0.999996423721313,1,0.999997973442078,0,0.499995529651642,0.000002026559969
VTM-001701,DG-7ccfdcad436b,target_mineral,0.467727422714233,0.774069309234619,0.936331987380981,0.860437273979187,0,0.278574526309967,0.084529377520084
VTM-001707,DG-9d06bac022ce,gangue_negative,0.404346287250519,0.96437406539917,0.99560534954071,0.982977032661438,0,0.460244506597519,0.012765188701451
VTM-001712,DG-c15494f533cc,gangue_negative,0.445428371429443,0.993471503257751,0.999258100986481,0.996680557727814,0,0.492740869522095,0.00258278939873
VTM-001745,DG-f45296f632cf,gangue_negative,0.470174670219421,0.999078392982483,0.996024250984192,0.997460246086121,1,0.503826975822449,0.001620952738449
VTM-001746,DG-a02707b3f939,gangue_negative,0.469639778137207,0.996270775794983,0.985698103904724,0.990663409233093,1,0.513333022594452,0.005644254386425
VTM-001763,DG-b73465b9f57e,gangue_negative,0.379269510507584,0.999914646148682,0.999903738498688,0.999907970428467,1,0.500013649463654,0.000006676309567
VTM-001764,DG-baccdd9d54ac,gangue_negative,0.372695416212082,0.999840617179871,0.999931156635284,0.999897360801697,0,0.499886780977249,0.000033798729419
VTM-001774,DG-3ebfbe1f40db,gangue_negative,0.423334300518036,0.993501126766205,0.9976487159729,0.995892882347107,0,0.49479267001152,0.00176152237691
VTM-001776,DG-01b232202e70,gangue_negative,0.477826982736588,0.998481094837189,0.992682576179504,0.995453298091888,1,0.507279813289642,0.003037009388208
VTM-001780,DG-bbfd61129e47,gangue_negative,0.432997554540634,0.999894976615906,0.999911665916443,0.99990439414978,0,0.499979138374329,0.000007272436051
VTM-001787,DG-541b1ebaceba,gangue_negative,0.416318744421005,0.996364772319794,0.999632239341736,0.998271942138672,0,0.495907574892044,0.001361724338494
VTM-001799,DG-2df12f33e22c,gangue_negative,0.364234864711761,0.999893426895142,0.999997854232788,0.999959826469421,0,0.49986943602562,0.00003802856736
VTM-001807,DG-f13e46765d0b,gangue_negative,0.385849505662918,0.997815251350403,0.999044418334961,0.998570203781128,0,0.498461097478867,0.000474780856166
VTM-001812,DG-b1ad06fa4d29,gangue_negative,0.465877860784531,0.465525954961777,0.582611858844757,0.528064131736755,0,0.245683744549751,0.098303437232971
VTM-001821,DG-e8725a1973a5,gangue_negative,0.415566325187683,0.999698042869568,0.999725043773651,0.999713778495789,0,0.499966263771057,0.00001126845018
VTM-001824,DG-561e14a01e9d,gangue_negative,0.432933241128922,0.99971729516983,0.999981105327606,0.999866902828217,0,0.499670177698135,0.000114211186883
VTM-001829,DG-9e57df79f2bd,gangue_negative,0.35104775428772,0.999970197677612,0.999997198581696,0.999987721443176,0,0.499966263771057,0.000009477210369
VTM-001846,DG-a311c92bfb72,gangue_negative,0.425496846437454,0.890443563461304,0.937799990177155,0.917649984359741,0,0.43558868765831,0.021720662713051
VTM-001848,DG-7e2acd113488,gangue_negative,0.414160549640656,0.999138712882996,0.999960124492645,0.999619960784912,0,0.498972743749619,0.000340235157637
VTM-001858,DG-ccadf448e367,gangue_negative,0.39828097820282,0.962419271469116,0.710019767284393,0.810545682907104,1,0.820654332637787,0.171742483973503
VTM-001860,DG-1c31dd60081c,gangue_negative,0.43801885843277,0.999847650527954,0.999790191650391,0.999815344810486,1,0.500071823596954,0.000032311159885
VTM-001879,DG-ca140c41474f,gangue_negative,0.404680639505386,0.999801218509674,0.99995082616806,0.999890327453613,0,0.499812960624695,0.000060503523855
VTM-001881,DG-55bd00ef60cd,gangue_negative,0.407103538513184,0.999971389770508,0.999982535839081,0.999977946281433,0,0.499986052513123,0.000004589648597
VTM-001885,DG-0b48a64e710d,gangue_negative,0.381539195775986,0.999923706054688,0.999996960163116,0.999968945980072,0,0.499908477067947,0.000028014663258
VTM-001887,DG-4aa6a42754f6,gangue_negative,0.441001355648041,0.995753765106201,0.99895715713501,0.997544467449188,0,0.495985209941864,0.001415165374056
VTM-001888,DG-b6bcc8fe9fb9,gangue_negative,0.468761146068573,0.383559674024582,0.755163192749023,0.580969929695129,0,0.03269811719656,0.262234836816788
VTM-001894,DG-10a9a20390cd,gangue_negative,0.450134038925171,0.984376192092896,0.958844721317291,0.970337271690369,1,0.532801568508148,0.014364417642355
VTM-001910,DG-ac5026a95f31,gangue_negative,0.401049226522446,0.997536182403564,0.999775290489197,0.998877286911011,0,0.497197329998016,0.000898609054275
VTM-001918,DG-3ab5c517c9ed,gangue_negative,0.391482442617416,0.99729973077774,0.997710347175598,0.997549533843994,0,0.499485433101654,0.00016119540669
VTM-001922,DG-8683315fd568,gangue_negative,0.436795294284821,0.999917149543762,0.99906587600708,0.999437689781189,1,0.501064658164978,0.000479614478536
VTM-001923,DG-b895ab0d9796,gangue_negative,0.442709147930145,0.999848246574402,0.999848544597626,0.999848425388336,0,0.499999642372131,0.000000119223841
VTM-001924,DG-21f63af6e120,gangue_negative,0.40739893913269,0.999642252922058,0.999895811080933,0.999792516231537,0,0.499682992696762,0.000103310943814
VTM-001928,DG-ba0ab1e62908,gangue_negative,0.460231691598892,0.996272206306458,0.994927167892456,0.995546221733093,1,0.501688718795776,0.000728966435418
VTM-001940,DG-c8d90fc165ae,gangue_negative,0.427179127931595,0.998108386993408,0.999301970005035,0.998792171478271,0,0.49850606918335,0.000510284851771
VTM-001943,DG-f1f1d012b770,gangue_negative,0.400293111801147,0.999993085861206,0.999998867511749,0.999996542930603,0,0.499992787837982,0.000002324586376
VTM-001948,DG-8427f1560e80,gangue_negative,0.446619063615799,0.992613315582275,0.979443609714508,0.985325515270233,1,0.516689419746399,0.007369119208306
VTM-001961,DG-01fa44016dbb,gangue_negative,0.391886055469513,0.98327499628067,0.991768538951874,0.988440036773682,0,0.489250510931015,0.003361771814525
VTM-001973,DG-5fcffb0250b0,gangue_negative,0.463453978300095,0.895094692707062,0.886207342147827,0.890326142311096,1,0.512470602989197,0.005341671407223
VTM-001974,DG-d6bad3d84d2f,gangue_negative,0.50602525472641,0.768081545829773,0.885476768016815,0.826071858406067,0,0.32934445142746,0.069444447755814
VTM-001980,DG-3ec6a9b89a8c,gangue_negative,0.547337412834167,0.000186277844477,0.001688144402578,0.000866116664838,0,0.000016358786525,0.667365550994873
VTM-001985,DG-ea258d38c1f1,gangue_negative,0.405475944280624,0.998122990131378,0.998799920082092,0.998525381088257,0,0.499152541160583,0.000274906633422
VTM-001999,DG-146bd5394d03,gangue_negative,0.442104071378708,0.999783098697662,0.998620271682739,0.999134302139282,1,0.501454710960388,0.000649147958029
VTM-002002,DG-456764511431,gangue_negative,0.394888192415237,0.949172616004944,0.99108749628067,0.974535822868347,0,0.446193963289261,0.016841543838382
VTM-002006,DG-e7c1dd432d8d,gangue_negative,0.479195088148117,0.999790966510773,0.999591529369354,0.999687075614929,1,0.50024938583374,0.000103918020613
VTM-002014,DG-bcdea50f90b1,gangue_negative,0.459740847349167,0.999696254730225,0.996874153614044,0.99817156791687,1,0.503533661365509,0.001526314299554
VTM-002015,DG-47602cde82de,gangue_negative,0.440045118331909,0.998445212841034,0.998096585273743,0.998250007629395,1,0.500436544418335,0.000195528380573
VTM-002023,DG-bd25517c1755,gangue_negative,0.444707423448563,0.538441479206085,0.217984557151794,0.360494136810303,1,0.989241778850555,0.401203155517578
VTM-002030,DG-6ad6d3040c94,gangue_negative,0.419975817203522,0.997757732868195,0.993321657180786,0.995184719562531,1,0.505569696426392,0.002582126529887
VTM-002035,DG-f9a86f4992d5,gangue_negative,0.528673052787781,0.012880273163319,0.014509847387671,0.013648334890604,0,0.355338841676712,0.061210155487061
VTM-002037,DG-6e1917ae7d38,gangue_negative,0.440690398216248,0.998663663864136,0.983169853687286,0.989997863769531,1,0.5195352435112,0.008715263567865
VTM-002041,DG-2b95d37cdbac,gangue_negative,0.435710817575455,0.996134161949158,0.998619735240936,0.997536778450012,0,0.496884912252426,0.001085042022169
VTM-002043,DG-1d09b31035a6,gangue_negative,0.369413137435913,0.997980654239655,0.995724976062775,0.99655818939209,1,0.502828478813171,0.001426359871402
VTM-002045,DG-a411047b0d5e,gangue_negative,0.478933483362198,0.428015768527985,0.559285879135132,0.49641627073288,0,0.207920864224434,0.119245946407318
VTM-002048,DG-571b6e5832cb,gangue_negative,0.465644866228104,0.999591410160065,0.999939024448395,0.99977719783783,0,0.49956539273262,0.000161849573487
VTM-002054,DG-a16d935f0838,gangue_negative,0.417579859495163,0.004168009851128,0.036047950387001,0.022735526785254,0,0.000020664823751,0.460921287536621
VTM-002055,DG-a60de25843e1,gangue_negative,0.441692918539047,0.998489618301392,0.999933838844299,0.999295890331268,0,0.498193264007568,0.000638194323983
VTM-002064,DG-26da55e0c997,gangue_negative,0.469670176506042,0.997123301029205,0.998213887214661,0.997701644897461,0,0.498633563518524,0.000513290520757
VTM-002083,DG-8c58a5a40e58,gangue_negative,0.412457346916199,0.998945653438568,0.989561319351196,0.993431925773621,1,0.511796116828918,0.005534836091101
VTM-002088,DG-3fc3524fb57d,gangue_negative,0.425615966320038,0.980246424674988,0.999579846858978,0.991351246833801,0,0.475605607032776,0.008266129530966
VTM-002089,DG-f7672d1516db,gangue_negative,0.553216397762299,0.000002222633384,0.000002767814976,0.000002466211754,0,0.2503342628479,0.115375518798828
VTM-002097,DG-2636b3950cdb,gangue_negative,0.424308776855469,0.99509334564209,0.997875809669495,0.996695220470428,0,0.496509701013565,0.00118380272761
VTM-002108,DG-ddd3ce9989df,gangue_negative,0.437934637069702,0.835464775562286,0.746692299842834,0.785568833351135,1,0.636839985847473,0.06158010661602
VTM-002114,DG-7db9e33bd321,gangue_negative,0.4330795109272,0.999876022338867,0.999314904212952,0.999557971954346,1,0.500701665878296,0.000318140431773
VTM-002118,DG-295848eab4a1,gangue_negative,0.465869575738907,0.880369305610657,0.915699422359467,0.899240255355835,0,0.450974643230438,0.01813792437315
VTM-002126,DG-2a7e8ec101c6,gangue_negative,0.44380247592926,0.005004591774195,0.001224889652804,0.002902330830693,1,0.999122440814972,0.544841766357422
VTM-002129,DG-11a86fa5f961,gangue_negative,0.472279638051987,0.084078505635262,0.262862920761108,0.178426682949066,0,0.003336773952469,0.387454867362976
VTM-002130,DG-800cdc022ebb,gangue_negative,0.425220370292664,0.602081954479218,0.872600197792053,0.757570326328278,0,0.135237827897072,0.141361117362976
VTM-002131,DG-8b1fd1e513de,gangue_negative,0.479715079069138,0.528671383857727,0.566046476364136,0.54811704158783,0,0.415434092283249,0.032187342643738
VTM-002133,DG-1b8c4bbc2ef9,gangue_negative,0.439739227294922,0.999995708465576,0.999956488609314,0.999973773956299,1,0.50004905462265,0.000021934843971
VTM-002141,DG-35f878097700,gangue_negative,0.425784975290298,0.273177623748779,0.125645264983177,0.188462316989899,1,0.979832291603088,0.371224164962769
VTM-002143,DG-8784b69efa28,gangue_negative,0.449437826871872,0.999953627586365,0.999980986118317,0.999968647956848,0,0.499965786933899,0.000012338472516
VTM-002159,DG-2085916da613,gangue_negative,0.417600691318512,0.999086380004883,0.999981105327606,0.999607443809509,0,0.498881101608276,0.000373738410417
VTM-002163,DG-22344461dbb5,gangue_negative,0.473719775676727,0.492317795753479,0.454551488161087,0.472442150115967,1,0.598463237285614,0.041209101676941
VTM-002175,DG-01f4fe913adb,gangue_negative,0.458909451961517,0.998516857624054,0.999598741531372,0.999102234840393,0,0.498646348714828,0.000496829394251
VTM-002177,DG-45da50c30754,gangue_negative,0.435343742370605,0.994482159614563,0.999725639820099,0.997442960739136,0,0.493426978588104,0.002285916125402
VTM-002185,DG-154273957ce1,gangue_negative,0.482560068368912,0.999889612197876,0.999492168426514,0.999683976173401,1,0.500496923923492,0.000205679883948
VTM-002191,DG-abd166db4fc9,gangue_negative,0.464311391115189,0.994285881519318,0.996039152145386,0.995225071907043,0,0.497797816991806,0.000817651394755
VTM-002195,DG-5115b71b4066,gangue_negative,0.449170410633087,0.998751997947693,0.999430954456329,0.999125957489014,0,0.499150544404984,0.000305217166897
VTM-002214,DG-5de0e2a4fa96,gangue_negative,0.380110859870911,0.999997854232788,1,0.999999165534973,0,0.499997317790985,0.000000834465368
VTM-002219,DG-4389fca8a08e,gangue_negative,0.390819549560547,0.772389054298401,0.919887363910675,0.862242162227631,0,0.294461250305176,0.064715079963207
VTM-002225,DG-0daca63bbd1a,gangue_negative,0.409653633832932,0.297222793102264,0.352799266576767,0.330032140016556,0,0.297948479652405,0.066709160804749
VTM-002228,DG-c1ac0434b4e0,gangue_negative,0.438171207904816,0.996261775493622,0.999906778335571,0.99830961227417,0,0.49543508887291,0.001598592032678
VTM-002234,DG-18de40885822,gangue_negative,0.437461525201797,0.99996554851532,0.999939918518066,0.999951124191284,1,0.500032007694244,0.000014424924302
VTM-002237,DG-a166010db091,gangue_negative,0.435146629810333,0.999871850013733,0.999992251396179,0.999939918518066,0,0.499849498271942,0.000052334653446
VTM-002245,DG-2bc20953fe0d,gangue_negative,0.398030310869217,0.994810819625854,0.985884308815002,0.989437341690063,1,0.51126503944397,0.005416148342192
VTM-002253,DG-962b2c3b98a9,gangue_negative,0.436098426580429,0.999193131923676,0.999994516372681,0.999644994735718,0,0.498997867107391,0.000349584646756
VTM-002255,DG-659ecd5d0ee4,gangue_negative,0.484509080648422,0.999410390853882,0.99878591299057,0.999088406562805,1,0.500781297683716,0.000322226202115
VTM-002260,DG-a7bb54b8313d,gangue_negative,0.481140583753586,0.687114059925079,0.418245524168015,0.547609090805054,1,0.922881484031677,0.226938605308533
VTM-002261,DG-de4346da0765,gangue_negative,0.445031732320786,0.972698271274567,0.962359547615051,0.966960549354553,1,0.513354063034058,0.005916234105825
VTM-002295,DG-df99ce90452f,gangue_negative,0.441552072763443,0.633976638317108,0.354340970516205,0.477814674377441,1,0.948277831077576,0.28278911113739
VTM-002310,DG-f510cf6a3ee8,gangue_negative,0.422634899616241,0.020368417724967,0.010074382647872,0.014425002038479,1,0.971250057220459,0.345022678375244
VTM-002311,DG-f4b9df0c357d,gangue_negative,0.504552364349365,0.02024188823998,0.057176861912012,0.038541235029697,0,0.005530255846679,0.394420623779297
VTM-002314,DG-57e52c0ccadd,gangue_negative,0.38295105099678,0.990335822105408,0.997612357139587,0.994825839996338,0,0.490850180387497,0.002797094639391
VTM-002316,DG-ab7c6c7aef15,gangue_negative,0.444298505783081,0.999474823474884,0.999276638031006,0.999364733695984,1,0.500247895717621,0.000110153690912
VTM-002318,DG-e488ed2c40b2,gangue_negative,0.436940252780914,0.010873124934733,0.032828863710165,0.023235516622663,0,0.003969770856202,0.34562611579895
VTM-002333,DG-b93f6045b793,gangue_negative,0.466985076665878,0.939993977546692,0.975204646587372,0.958761692047119,0,0.454161733388901,0.017004793509841
VTM-002338,DG-0bcf6571d8b0,gangue_negative,0.455922424793243,0.999800384044647,0.999786674976349,0.99979293346405,1,0.500017166137695,0.000007452093996
VTM-002343,DG-e5ae08946a06,gangue_negative,0.442814081907272,0.999977588653564,0.999910891056061,0.999940395355225,1,0.500083386898041,0.000037194822653
VTM-002383,DG-33b39b4c2a37,gangue_negative,0.487300902605057,0.99321585893631,0.99736100435257,0.995341062545776,0,0.494794189929962,0.002027340233326
VTM-002385,DG-983ad0782334,gangue_negative,0.444090187549591,0.998198330402374,0.995954513549805,0.99695098400116,1,0.50281298160553,0.001250379253179
VTM-002396,DG-d5803d09663f,gangue_negative,0.449311971664429,0.969480097293854,0.903721153736115,0.933267414569855,1,0.58690744638443,0.038068167865276
VTM-002418,DG-0b6681539f23,gangue_negative,0.452673137187958,0.928876638412476,0.837819695472717,0.879038691520691,1,0.626180410385132,0.055147029459476
VTM-002421,DG-aa28c31bc8ed,gangue_negative,0.471283674240112,0.311000883579254,0.901393890380859,0.623151302337646,0,0.00486538046971,0.369152963161469
VTM-002422,DG-9e7825ab007d,gangue_negative,0.545721173286438,0.000258726679021,0.001358558656648,0.00075835705502,0,0.000250441167736,0.583025455474854
VTM-002423,DG-10af8db188f5,gangue_negative,0.454217612743378,0.981825172901154,0.917335271835327,0.946627736091614,1,0.584117949008942,0.036507342010736
VTM-002424,DG-e693242d9d09,gangue_negative,0.470865547657013,0.998648345470428,0.999482750892639,0.99908983707428,0,0.498955994844437,0.000393194437493
VTM-002436,DG-897b03b4035d,gangue_negative,0.491548180580139,0.999766409397125,0.999749004840851,0.999757528305054,1,0.500021755695343,0.000008883202099
VTM-002447,DG-e855736873f5,gangue_negative,0.447711199522018,0.965108335018158,0.918267369270325,0.939238548278809,1,0.561870992183685,0.027170866727829
VTM-002461,DG-ff7b02149e00,gangue_negative,0.4702487885952,0.999731719493866,0.999629557132721,0.99967759847641,1,0.500127732753754,0.000054136995459
VTM-002462,DG-fb5161dae3f2,gangue_negative,0.467671781778336,0.946845471858978,0.921583712100983,0.933397948741913,1,0.533751487731934,0.014304269105196
VTM-002463,DG-46b53f03219c,gangue_negative,0.476199150085449,0.356457859277725,0.39520588517189,0.376754105091095,0,0.373798847198486,0.047814130783081
VTM-002464,DG-fd286d1ff730,gangue_negative,0.429301142692566,0.993220329284668,0.979841470718384,0.98558497428894,1,0.516945660114288,0.007717174477875
VTM-002470,DG-795c0354d5e2,gangue_negative,0.484701573848724,0.999470174312592,0.996472895145416,0.997925639152527,1,0.503754138946533,0.001546549145132
VTM-002471,DG-11b8d5d9b267,gangue_negative,0.446699440479279,0.036456767469645,0.009377382695675,0.021473729982972,1,0.998875319957733,0.529296875
VTM-002472,DG-92beb82958cd,gangue_negative,0.481480926275253,0.012914942577481,0.033783793449402,0.023735839873552,0,0.008098198100924,0.352995157241821
VTM-002480,DG-d493a304ed9d,gangue_negative,0.433486551046371,0.988392412662506,0.986939966678619,0.987569570541382,1,0.501838207244873,0.000832851976156
VTM-002493,DG-286240ca3b9a,gangue_negative,0.452989012002945,0.998596608638763,0.99728137254715,0.997877180576324,1,0.501647472381592,0.000720698735677
VTM-002497,DG-e7ca00b17e78,gangue_negative,0.441135793924332,0.995693802833557,0.999260306358337,0.997686982154846,0,0.495530754327774,0.001575729693286
VTM-002509,DG-df7e52dd8b0e,gangue_negative,0.444227337837219,0.009353167377412,0.001799470279366,0.005155029240996,1,0.999736487865448,0.595742225646973
VTM-002517,DG-5d7199d0630a,gangue_negative,0.438808351755142,0.999988317489624,0.999874174594879,0.999924302101135,1,0.500142693519592,0.000064018189732
VTM-002520,DG-38281f3d55d0,gangue_negative,0.394858151674271,0.99958473443985,0.996422708034515,0.997671246528625,1,0.503960371017456,0.001916117384098
VTM-002537,DG-ba22856e28b3,gangue_negative,0.482415646314621,0.997665643692017,0.998483836650848,0.998089075088501,0,0.498975247144699,0.000395439215936
VTM-002538,DG-df7b91204ca1,gangue_negative,0.390520632266998,0.85794323682785,0.240356624126434,0.48153692483902,1,0.998277187347412,0.577555060386658
VTM-002541,DG-55ebe2b18708,gangue_negative,0.495340436697006,0.038874555379152,0.048014432191849,0.043487079441547,0,0.258111357688904,0.099037647247314
VTM-002542,DG-23006691523f,gangue_negative,0.447926878929138,0.945146203041077,0.982768833637238,0.965916633605957,0,0.451361417770386,0.017296396195889
VTM-002552,DG-1500fcb65425,gangue_negative,0.468572616577148,0.999675631523132,0.997795820236206,0.998676657676697,1,0.502352714538574,0.000999797601253
VTM-002555,DG-cab4b7b44364,gangue_negative,0.420603364706039,0.999996900558472,0.999983072280884,0.999988794326782,1,0.500017285346985,0.000008106289897
VTM-002569,DG-1271fa71a27e,gangue_negative,0.432680904865265,0.565426230430603,0.787412524223328,0.691363275051117,0,0.160318210721016,0.130086869001389
VTM-002572,DG-42ba29110a33,gangue_negative,0.43677082657814,0.999134004116058,0.999005794525146,0.999061822891235,1,0.500160396099091,0.000072246359196
VTM-002578,DG-a20ad066dd8a,gangue_negative,0.444924771785736,0.997653543949127,0.999792158603668,0.998840570449829,0,0.497323304414749,0.000952239206526
VTM-002587,DG-1b7ea6b28770,gangue_negative,0.454681605100632,0.99666154384613,0.990585684776306,0.993348240852356,1,0.507642984390259,0.003329939208925
VTM-002592,DG-aaee3eec65de,gangue_negative,0.426051676273346,0.987810611724854,0.997337937355042,0.993278741836548,0,0.488003939390182,0.004078335128725
VTM-002600,DG-2abba89a2814,gangue_negative,0.450419157743454,0.980789482593536,0.931983053684235,0.953966379165649,1,0.563459932804108,0.027729410678148
VTM-002608,DG-7749b62bdba4,gangue_negative,0.48676386475563,0.998823821544647,0.997209846973419,0.997995495796204,1,0.502021491527557,0.000829645199701
VTM-002609,DG-612f23dc2eb7,gangue_negative,0.490865856409073,0.794369578361511,0.697403490543365,0.745000839233398,1,0.657218515872955,0.064163476228714
VTM-002616,DG-6874f6c0eb2c,gangue_negative,0.488275498151779,0.581796288490295,0.528940975666046,0.554748892784119,1,0.616854310035706,0.04760479927063
VTM-002618,DG-ec28e0fd9de0,gangue_negative,0.48215189576149,0.614592969417572,0.592358887195587,0.603079080581665,1,0.545929551124573,0.018911898136139
VTM-002619,DG-5f83fae5d38b,gangue_negative,0.500368058681488,0.01357583142817,0.040249597281218,0.026902897283435,0,0.004346428904682,0.402865886688232
VTM-002638,DG-733d95b61ff8,gangue_negative,0.465141624212265,0.999950766563416,0.99949187040329,0.99970531463623,1,0.500573754310608,0.000245494127739
VTM-002643,DG-9bfa2f4a5092,gangue_negative,0.482085853815079,0.999001324176788,0.999488890171051,0.999253869056702,0,0.499390035867691,0.0002351689036
VTM-002651,DG-8712cf3325f8,gangue_negative,0.44685423374176,0.998877584934235,0.999916672706604,0.999452352523804,0,0.498700320720673,0.000464466720587
VTM-002655,DG-804481c20841,gangue_negative,0.454419523477554,0.984718024730682,0.995508015155792,0.990604877471924,0,0.486381053924561,0.004937431309372
VTM-002657,DG-091da33b89e3,gangue_negative,0.446326941251755,0.99723607301712,0.999758541584015,0.998632669448853,0,0.496842175722122,0.001126778544858
VTM-002658,DG-5b3b867ba618,gangue_negative,0.488407731056213,0.003910908009857,0.002508803037927,0.003193601965904,1,0.902015089988708,0.202620029449463
VTM-002665,DG-b5c7e930c9d2,gangue_negative,0.480981796979904,0.896795094013214,0.868816077709198,0.882273435592651,1,0.539537191390991,0.016325369477272
VTM-002676,DG-f3f358f76444,gangue_negative,0.415249913930893,0.998767018318176,0.997795462608337,0.998198866844177,1,0.501216530799866,0.00056901469361
VTM-002689,DG-ae3f659b5e14,gangue_negative,0.454304158687592,0.875843107700348,0.906361222267151,0.892496705055237,0,0.457290679216385,0.015415102243423
VTM-002698,DG-116bae216c54,gangue_negative,0.378318160772324,0.981247663497925,0.993347823619843,0.988770067691803,0,0.484684765338898,0.004619063809514
VTM-002703,DG-25c231c7460e,gangue_negative,0.428083777427673,0.986800193786621,0.959596276283264,0.97124183177948,1,0.53488689661026,0.015892088413239
VTM-002707,DG-8920070165c7,gangue_negative,0.399998366832733,0.997352123260498,0.931993186473846,0.958136677742004,1,0.583921313285828,0.04011345282197
VTM-002710,DG-f2583bb32b12,gangue_negative,0.500526309013367,0.245532885193825,0.710386633872986,0.477715104818344,0,0.004908372182399,0.396794825792313
VTM-002720,DG-67d2564f4c10,gangue_negative,0.51891154050827,0.425444215536118,0.280750274658203,0.355833649635315,1,0.888780236244202,0.178670525550842
VTM-002723,DG-ca72690481eb,gangue_negative,0.465354353189468,0.999954104423523,0.999908685684204,0.999929845333099,1,0.500056803226471,0.000024260494683
VTM-002729,DG-7cac70e3879c,gangue_negative,0.375589102506638,0.982622146606445,0.636141419410706,0.766275763511658,1,0.897891998291016,0.24868255853653
VTM-002730,DG-bd26cd380703,gangue_negative,0.45650041103363,0.999550998210907,0.998392939567566,0.998921573162079,1,0.501449048519135,0.000629906193353
VTM-002737,DG-259aa440d148,gangue_negative,0.436147958040237,0.972375452518463,0.968624830245972,0.970260679721832,1,0.504830598831177,0.002177219837904
VTM-002739,DG-ff46168434cd,gangue_negative,0.472240388393402,0.796364009380341,0.8814577460289,0.841273069381714,0,0.375755488872528,0.046660766005516
VTM-002742,DG-dbe6401348f0,gangue_negative,0.42884036898613,0.999513506889343,0.997149288654327,0.998163104057312,1,0.50296014547348,0.001351973623969
VTM-002758,DG-8a8089c3889e,gangue_negative,0.479484975337982,0.017151407897472,0.014479083009064,0.015760423615575,1,0.699911177158356,0.084578037261963
VTM-002769,DG-1b9a266dbca8,gangue_negative,0.454541653394699,0.999994874000549,0.999965608119965,0.99997889995575,1,0.500036597251892,0.000015974253984
VTM-002774,DG-098ad45faea0,gangue_negative,0.450368404388428,0.999774158000946,0.999013483524323,0.999356031417847,1,0.500951409339905,0.000418308540247
VTM-002783,DG-baaebb4735b4,gangue_negative,0.459741950035095,0.999869704246521,0.999159216880798,0.999485850334167,1,0.500888526439667,0.000383977661841
VTM-002787,DG-52520dbc2d31,gangue_negative,0.485496908426285,0.997074842453003,0.999666929244995,0.998408555984497,0,0.496754616498947,0.001259585376829
VTM-002789,DG-1af808a1937a,gangue_negative,0.466845244169235,0.998960852622986,0.996263146400452,0.997522473335266,1,0.503380179405212,0.001440913067199
VTM-002797,DG-a9a18dd907ff,gangue_negative,0.503424525260925,0.976895332336426,0.988467931747437,0.982641994953156,0,0.485283344984055,0.005911343730986
VTM-002803,DG-7f59b0a0be25,gangue_negative,0.45551472902298,0.999612152576447,0.999259233474731,0.999419987201691,1,0.500441431999207,0.000192258419702
VTM-002814,DG-222c9600f028,gangue_negative,0.467783600091934,0.839175343513489,0.943864762783051,0.894892811775208,0,0.357136070728302,0.05327894538641
VTM-002821,DG-927c5e7d50ec,gangue_negative,0.438636183738708,0.921398758888245,0.84841001033783,0.88042551279068,1,0.60172176361084,0.045487567782402
VTM-002822,DG-b04f13052973,gangue_negative,0.453467398881912,0.995575904846191,0.993272125720978,0.994316816329956,1,0.502895832061768,0.001265483908355
VTM-002827,DG-e26218b60c26,gangue_negative,0.465537399053574,0.996394574642181,0.998283088207245,0.997403860092163,0,0.497633039951324,0.00088112836238
VTM-002850,DG-2753a7f933d0,gangue_negative,0.449465155601501,0.999763906002045,0.999461472034454,0.999597430229187,1,0.5003781914711,0.000166528945556
VTM-002852,DG-66c4d59527ae,gangue_negative,0.490905344486237,0.576310932636261,0.863587498664856,0.722561895847321,0,0.116887629032135,0.178292125463486
VTM-002856,DG-6e6a8bc957ab,gangue_negative,0.502740085124969,0.386144131422043,0.649671256542206,0.517185628414154,0,0.069056153297424,0.228064626455307
VTM-002861,DG-28906d1ebd76,gangue_negative,0.477897435426712,0.996647417545319,0.975517094135284,0.985615253448486,1,0.526761114597321,0.011130995117128
VTM-002864,DG-4cc9d3a3d398,gangue_negative,0.423214882612228,0.993710517883301,0.997246921062469,0.995750248432159,0,0.495559543371201,0.001501931576058
VTM-002870,DG-ba1876d1c89d,gangue_negative,0.449079811573029,0.996318101882935,0.996970891952515,0.996677756309509,0,0.499181300401688,0.000294069526717
VTM-002872,DG-832ca50bcada,gangue_negative,0.423771768808365,0.989549040794373,0.999760627746582,0.995433270931244,0,0.487169623374939,0.004337787162513
VTM-002875,DG-60c93a68d392,gangue_negative,0.467990756034851,0.807331621646881,0.621743023395538,0.708596765995026,1,0.786849439144135,0.130447894334793
VTM-002882,DG-242be3b3d0f4,gangue_negative,0.459442973136902,0.999761641025543,0.999935984611511,0.999855875968933,0,0.499782055616379,0.000080116980826
VTM-002888,DG-ae648082e74b,gangue_negative,0.440258920192719,0.999996304512024,0.999999940395355,0.999998331069946,0,0.499995470046997,0.000001609326773
VTM-002892,DG-daac49f9f675,gangue_negative,0.475797235965729,0.994918763637543,0.991226315498352,0.992983162403107,1,0.504647612571716,0.001947381533682
VTM-002915,DG-f5ac58c82a76,gangue_negative,0.460812360048294,0.989566743373871,0.969287097454071,0.978632211685181,1,0.525859832763672,0.011111319065094
VTM-002918,DG-0151353fcb6a,gangue_negative,0.518853902816772,0.001127252588049,0.000507006130647,0.000828823423944,1,0.981926620006561,0.307531356811523
VTM-002937,DG-d243ff2a0d18,gangue_negative,0.447715312242508,0.978871166706085,0.940346837043762,0.957594811916351,1,0.550021171569824,0.021975301206112
VTM-002941,DG-64799f28e9f8,gangue_negative,0.500759482383728,0.999437153339386,0.998499035835266,0.998968780040741,1,0.501173853874207,0.000468746875413
VTM-002951,DG-1c5f30c679d6,gangue_negative,0.423368573188782,0.988944053649902,0.993974328041077,0.991844654083252,0,0.493658363819122,0.002144882455468
VTM-002955,DG-a1f1bb2780b1,gangue_negative,0.497330158948898,0.000137046547025,0.000301071995636,0.000219497189391,0,0.019168237224221,0.316010475158691
VTM-002958,DG-631180628bef,gangue_negative,0.425634175539017,0.999829173088074,0.999992251396179,0.999922871589661,0,0.499796122312546,0.000069382753281
VTM-002973,DG-50f0a4681bb3,gangue_negative,0.504893898963928,0.006559981033206,0.016928382217884,0.01169343944639,0,0.008662761189044,0.369963645935059
VTM-002983,DG-8bd6c15a554c,gangue_negative,0.422497123479843,0.99972015619278,0.993043005466461,0.995864033699036,1,0.508376002311707,0.003864659927785
VTM-002997,DG-427de1fe7f59,gangue_negative,0.431031316518784,0.117080822587013,0.06145491823554,0.085431426763535,1,0.961683452129364,0.315150499343872
VTM-003006,DG-d755988174e8,gangue_negative,0.463324248790741,0.039212983101606,0.075933501124382,0.058919996023178,0,0.035425670444965,0.253677368164062
VTM-003008,DG-1dac09c0013f,gangue_negative,0.495586901903152,0.868788480758667,0.874218463897705,0.871527433395386,0,0.492212355136871,0.00308296084404
VTM-003010,DG-9a251ec9a2d1,gangue_negative,0.47887596487999,0.997583389282227,0.994968354701996,0.996220588684082,1,0.503280937671661,0.001367035787553
VTM-003011,DG-41f34c0d2965,gangue_negative,0.481321841478348,0.996066987514496,0.999022603034973,0.997600078582764,0,0.496296495199203,0.001424930989742
VTM-003024,DG-8b5434f20880,gangue_negative,0.492066502571106,0.050249360501766,0.077627591788769,0.06415568292141,0,0.102052390575409,0.19061017036438
VTM-003026,DG-8fcad0fe2aa7,gangue_negative,0.437060356140137,0.99283891916275,0.99757969379425,0.995507717132568,0,0.494045794010162,0.00207916367799
VTM-003027,DG-cb0a83d139e3,gangue_negative,0.365273147821426,0.998808026313782,0.999968528747559,0.999544680118561,0,0.498548448085785,0.000423951831181
VTM-003037,DG-ffac4f130f6b,gangue_negative,0.402256011962891,0.450989037752151,0.163181960582733,0.278954088687897,1,0.993836224079132,0.48039585351944
VTM-003043,DG-052b0d3da9ed,gangue_negative,0.471667796373367,0.125544995069504,0.156197294592857,0.1417396068573,0,0.251189380884171,0.097128391265869
VTM-003051,DG-cf171f93724c,gangue_negative,0.433431446552277,0.998273730278015,0.999352395534515,0.998884856700897,0,0.498650044202805,0.000467951293103
VTM-003057,DG-27464ef1d19f,gangue_negative,0.445021361112595,0.999607741832733,0.999131679534912,0.999343514442444,1,0.500595450401306,0.000264366040938
VTM-003058,DG-bc56afc56994,gangue_negative,0.46660304069519,0.999007403850555,0.996596932411194,0.997721672058105,1,0.503019690513611,0.001287838211283
VTM-003059,DG-9cda6d2dd186,gangue_negative,0.503799438476562,0.000300708779832,0.001014516805299,0.000654900737572,0,0.002282664179802,0.437684059143066
VTM-003066,DG-98a82ca8d635,gangue_negative,0.431058377027512,0.040761221200228,0.290945708751678,0.183101579546928,0,0.000053970052249,0.463095545768738
VTM-003080,DG-dd60edaf25a8,gangue_negative,0.462755143642426,0.999451339244843,0.99992036819458,0.999703288078308,0,0.499413520097733,0.00021712097805
VTM-003087,DG-49e323b10706,gangue_negative,0.533432722091675,0.002388733904809,0.007451416458935,0.0047508161515,0,0.00337424967438,0.450087547302246
VTM-003094,DG-5ceac4cdad9f,gangue_negative,0.433814376592636,0.999169230461121,0.999652087688446,0.999442577362061,0,0.499396115541458,0.000209605204873
VTM-003112,DG-09ceb6f2211e,gangue_negative,0.447831958532333,0.999306917190552,0.999905586242676,0.999637424945831,0,0.499251365661621,0.000268222589511
VTM-003116,DG-8ad445e3a7db,gangue_negative,0.390082746744156,0.739584743976593,0.855832815170288,0.810486435890198,0,0.325209885835648,0.054440453648567
VTM-003117,DG-df2d805235f9,gangue_negative,0.478445947170258,0.999985337257385,0.999997794628143,0.999991893768311,0,0.499984443187714,0.000005900889846
VTM-003125,DG-c9b2d3401c6f,gangue_negative,0.419051647186279,0.999971866607666,0.999967038631439,0.999969065189362,1,0.500006020069122,0.000002801501978
VTM-003128,DG-e17802d16c27,gangue_negative,0.477850824594498,0.034627225250006,0.00164363917429,0.017404872924089,1,0.999999761581421,0.687889814376831
VTM-003139,DG-bc87b0ed26a0,gangue_negative,0.474557250738144,0.998511731624603,0.999767482280731,0.999171495437622,0,0.49842894077301,0.000596303259954
VTM-003140,DG-5e075b369ca7,gangue_negative,0.449859827756882,0.045112051069736,0.037778280675411,0.041077449917793,1,0.708286285400391,0.093690156936646
VTM-003141,DG-c70639c9d921,gangue_negative,0.465645223855972,0.999979734420776,0.999999821186066,0.999990463256836,0,0.499974846839905,0.000009357974704
VTM-003148,DG-1ea8b182bbc8,gangue_negative,0.459865659475327,0.010753428563476,0.043426342308521,0.028401190415025,0,0.000930174253881,0.42463493347168
VTM-003162,DG-051a001789df,gangue_negative,0.424908965826035,0.999942660331726,0.999761521816254,0.999838471412659,1,0.500226438045502,0.000104200327769
VTM-003168,DG-9c24fc84c1d6,gangue_negative,0.441849172115326,0.992564380168915,0.927831709384918,0.956433773040771,1,0.5835120677948,0.037080328911543
VTM-003169,DG-e283dbef65a9,gangue_negative,0.435505777597427,0.999970197677612,0.999951362609863,0.999959588050842,1,0.500023543834686,0.000010609997844
VTM-003174,DG-b0545ce32a3c,gangue_negative,0.427457630634308,0.999979138374329,0.999804973602295,0.999879479408264,1,0.500217735767365,0.000099666009191
VTM-003176,DG-7e5695103279,gangue_negative,0.445235431194305,0.940501987934113,0.8282550573349,0.878231406211853,1,0.653727173805237,0.068503640592098
VTM-003182,DG-dd5902cafe5b,gangue_negative,0.476191788911819,0.999834060668945,0.999971449375153,0.999906063079834,0,0.499828279018402,0.000065390297095
VTM-003185,DG-aae4ea4771a3,gangue_negative,0.412895828485489,0.998819172382355,0.999835312366486,0.999415755271912,0,0.498728960752487,0.000419714255258
VTM-003189,DG-becf8df85499,gangue_negative,0.374480992555618,1,1,1,1,0.5,0
VTM-003199,DG-2a15cc84dab2,gangue_negative,0.477639675140381,0.999992609024048,0.999999821186066,0.999996364116669,0,0.499990940093994,0.000003457075991
VTM-003230,DG-705afb38a1be,gangue_negative,0.460442990064621,0.999649286270142,0.999568402767181,0.999605655670166,1,0.500101149082184,0.000043646839913
VTM-003232,DG-875dddd71e99,gangue_negative,0.437726855278015,0.95528107881546,0.978776872158051,0.968492150306702,0,0.469664692878723,0.010563326999545
VTM-003233,DG-3e55478ea055,gangue_negative,0.492715060710907,0.954910635948181,0.946348071098328,0.950567007064819,1,0.511257231235504,0.004559103399515
VTM-003236,DG-9302df13e91e,gangue_negative,0.501092731952667,0.002970081986859,0.008340586908162,0.005649466067553,0,0.005693498067558,0.389572620391846
VTM-003238,DG-7d1b71b97faf,gangue_negative,0.523554384708405,0.885652959346771,0.426223516464233,0.666759788990021,1,0.974834859371185,0.283895343542099
VTM-003242,DG-c6623afb44e0,gangue_negative,0.468102902173996,0.999765574932098,0.998943626880646,0.999328374862671,1,0.501028060913086,0.000437398208305
VTM-003249,DG-2ed269e24836,gangue_negative,0.441898286342621,0.998317122459412,0.987920820713043,0.992514967918396,1,0.513082563877106,0.005828890483826
VTM-003251,DG-85aa94456f85,gangue_negative,0.498139470815659,0.023613106459379,0.020640213042498,0.022121127694845,1,0.662130832672119,0.065268754959106
VTM-003264,DG-3ec644767e20,gangue_negative,0.425300747156143,0.048402592539787,0.140654757618904,0.101419843733311,0,0.004802643787116,0.32703959941864
VTM-003282,DG-4c4bdae41fb2,gangue_negative,0.398248672485352,0.999990820884705,0.999995648860931,0.999993681907654,0,0.499993920326233,0.000001966963737
VTM-003289,DG-77df5f4dc9ad,gangue_negative,0.422703742980957,0.995816767215729,0.97981858253479,0.986581087112427,1,0.520233750343323,0.00931775290519
VTM-003290,DG-b253c5bd2688,gangue_negative,0.439985930919647,0.997929096221924,0.990524351596832,0.993782341480255,1,0.509308636188507,0.004164017736912
VTM-003294,DG-1f5fa6f03b55,gangue_negative,0.445204079151154,0.997528851032257,0.979687631130219,0.987630605697632,1,0.522543787956238,0.009972324594855
VTM-003305,DG-3d2ee9433731,gangue_negative,0.413561582565308,0.972791314125061,0.972890675067902,0.972849607467651,0,0.499872356653214,0.000042213127017
VTM-003308,DG-963e48f5b80c,gangue_negative,0.356590509414673,0.998871147632599,0.999949753284454,0.999565124511719,0,0.498650908470154,0.00038472210872
VTM-003318,DG-0a4aa623ff3f,gangue_negative,0.424107283353806,0.169473692774773,0.083585552871227,0.12001133710146,1,0.971643567085266,0.345111608505249
VTM-003319,DG-428c8cdb6ae4,gangue_negative,0.403689354658127,0.644967615604401,0.504108011722565,0.56097149848938,1,0.774176776409149,0.139530003070831
VTM-003325,DG-08463bf33976,gangue_negative,0.37404078245163,0.951666831970215,0.925686359405518,0.935404121875763,1,0.534544289112091,0.017236355692148
VTM-003328,DG-831ecc778986,gangue_negative,0.494019418954849,0.999976515769958,0.999876618385315,0.999926030635834,1,0.500124931335449,0.000050487593398
VTM-003329,DG-5d67817059a7,gangue_negative,0.428175747394562,0.004109642002732,0.002014607889578,0.002911650575697,1,0.972469806671143,0.344615459442139
VTM-003331,DG-002e662f658d,gangue_negative,0.363368093967438,0.999994516372681,0.999959468841553,0.999972224235535,1,0.50004380941391,0.00002229250822
VTM-003332,DG-f8f1b5ad10b0,gangue_negative,0.445548921823502,0.515820205211639,0.880688309669495,0.718121767044067,0,0.06448120623827,0.204064637422562
VTM-003341,DG-327ad8726fd0,gangue_negative,0.426661163568497,1,0.999999940395355,1,1,0.500000059604645,0
VTM-003344,DG-f16934e3624d,gangue_negative,0.453830629587173,0.016737161204219,0.050894048064947,0.035392608493567,0,0.003831835696474,0.363243103027344
VTM-003366,DG-c89ed059c99e,gangue_negative,0.403482735157013,0.404821306467056,0.304058939218521,0.344714820384979,1,0.807075977325439,0.160728335380554
VTM-003369,DG-1ebabd983b79,gangue_negative,0.520233035087585,0.000024645816666,0.000178086047526,0.000098261371022,0,0.000050762548199,0.594635963439941
VTM-003380,DG-29a996ab0385,gangue_negative,0.404489010572433,0.999939560890198,0.999985158443451,0.999966740608215,0,0.499943017959595,0.000018418279069
VTM-003386,DG-e9aa380e6fc9,gangue_negative,0.480821281671524,0.99576461315155,0.990909218788147,0.993243813514709,1,0.506109654903412,0.002534731291234
VTM-003388,DG-b4b03d426633,gangue_negative,0.45722907781601,0.802292227745056,0.552953004837036,0.666958153247833,1,0.865413427352905,0.184745624661446
VTM-003390,DG-630922be5f6c,gangue_negative,0.487854093313217,0.855176389217377,0.758120596408844,0.805469632148743,1,0.646188378334045,0.059882253408432
VTM-003391,DG-181c97e45770,gangue_negative,0.321921736001968,0.000002358820893,0.000001025753932,0.000001454897188,1,0.984687745571136,0.483226776123047
VTM-003397,DG-b38324dfa8ab,gangue_negative,0.382247388362885,0.997214019298553,0.999964833259583,0.998913407325745,0,0.496556669473648,0.00105201615952
VTM-003401,DG-5b22282c8904,gangue_negative,0.452579885721207,0.998236060142517,0.99089914560318,0.994219720363617,1,0.509220242500305,0.004031552467495
VTM-003402,DG-c724c7ad8170,gangue_negative,0.435356616973877,0.999863982200623,0.999996423721313,0.999938726425171,0,0.499834477901459,0.000057699166064
VTM-003408,DG-adf1c32e56d1,gangue_negative,0.433335542678833,0.999621391296387,0.998364448547363,0.998909115791321,1,0.501572787761688,0.000712799257599
VTM-003418,DG-6566455e7485,gangue_negative,0.435390055179596,0.999726951122284,0.999930143356323,0.999841690063477,0,0.499745965003967,0.0000884633846
VTM-003426,DG-8b28b33d8520,gangue_negative,0.409159004688263,0.991415202617645,0.965457081794739,0.97607809305191,1,0.533116161823273,0.015590823255479
VTM-003429,DG-2490c409a127,gangue_negative,0.390852957963943,0.942782998085022,0.998973846435547,0.977011561393738,0,0.428135514259338,0.022230112925172
VTM-003437,DG-c03e19abd084,gangue_negative,0.463340938091278,0.999808013439178,0.999973952770233,0.999897003173828,0,0.499792546033859,0.000076954558608
VTM-003443,DG-08719a98839a,gangue_negative,0.477606177330017,0.999887228012085,0.998349666595459,0.999083995819092,1,0.501923680305481,0.000803645642009
VTM-003445,DG-4d3573de38b9,gangue_negative,0.389579772949219,0.993696749210358,0.998934924602509,0.996894240379333,0,0.493428438901901,0.002044949447736
VTM-003447,DG-adff4999dff6,gangue_negative,0.453593045473099,0.956175148487091,0.987811148166656,0.973461329936981,0,0.459401547908783,0.014633432030678
VTM-003455,DG-5d79b055564c,gangue_negative,0.433102399110794,0.963582456111908,0.911164283752441,0.933866739273071,1,0.569466352462769,0.031324312090874
VTM-003462,DG-e0b231c8f375,gangue_negative,0.49607115983963,0.999118506908417,0.996634662151337,0.997866868972778,1,0.503111362457275,0.001253527589142
VTM-003463,DG-bacd328e411c,gangue_negative,0.443496197462082,0.981614112854004,0.921302378177643,0.948050379753113,1,0.578605115413666,0.034790627658367
VTM-003470,DG-36640bf51a97,gangue_negative,0.457651436328888,0.999562323093414,0.999564647674561,0.999563574790955,0,0.499997138977051,0.000001073349267
VTM-003495,DG-e3126ebd88b9,gangue_negative,0.452763289213181,0.981853783130646,0.994348883628845,0.988691508769989,0,0.484198093414307,0.005705773830414
VTM-003519,DG-e09bc2965e1c,gangue_negative,0.445434421300888,0.998671770095825,0.999657213687897,0.999218225479126,0,0.498767137527466,0.00043923521298
VTM-003534,DG-cf6aa8f82df7,gangue_negative,0.397104620933533,0.997944056987762,0.994129180908203,0.995644092559814,1,0.504787445068359,0.002307362388819
VTM-003539,DG-eba708d4a6f6,gangue_negative,0.4715935587883,0.085104435682297,0.584756970405579,0.349124044179916,0,0.000065291314968,0.515769004821777
VTM-003541,DG-07823c93109f,gangue_negative,0.486242234706879,0.999989867210388,0.999966263771057,0.999977707862854,1,0.500029504299164,0.000012159545804
VTM-003547,DG-e4f4e0df006f,gangue_negative,0.402191072702408,0.999194204807281,0.999348282814026,0.999286413192749,0,0.499807238578796,0.000061911880039
VTM-003563,DG-d2e9862a5b54,gangue_negative,0.442302763462067,0.492898523807526,0.932377994060516,0.737994968891144,0,0.039651218801737,0.233801305294037
VTM-003565,DG-e2bf81b24895,gangue_negative,0.477437764406204,0.999931812286377,0.999998271465302,0.999966621398926,0,0.499916911125183,0.000031650622986
VTM-003570,DG-bad55a95c40b,gangue_negative,0.458557963371277,0.999898314476013,0.999816656112671,0.99985408782959,1,0.500102043151855,0.000044232125219
VTM-003582,DG-db35e4120d02,gangue_negative,0.477395594120026,0.999981164932251,0.999976396560669,0.99997866153717,1,0.500005960464478,0.000002503444193
VTM-003596,DG-0f17ed60bf3f,gangue_negative,0.469520539045334,0.977306962013245,0.911316394805908,0.942300319671631,1,0.586509227752686,0.036476753652096
VTM-003597,DG-7a0093afbdb8,gangue_negative,0.518369376659393,0.001710046664812,0.00384305906482,0.002737370785326,0,0.017145279794931,0.33927059173584
VTM-003600,DG-f6eb755c28db,gangue_negative,0.396446853876114,0.478225231170654,0.962550640106201,0.770541369915009,0,0.02938275411725,0.222493320703506
VTM-003607,DG-2ebbd7bbb666,gangue_negative,0.464427173137665,0.999510049819946,0.997940242290497,0.998669266700745,1,0.501964747905731,0.000841549306642
VTM-003614,DG-10f9c1b10e37,gangue_negative,0.448657661676407,0.999111950397491,0.996025264263153,0.997410178184509,1,0.50386768579483,0.001704736961983
VTM-003619,DG-c659047cd9cd,gangue_negative,0.41709640622139,0.999612748622894,0.999850332736969,0.999751210212708,0,0.499702930450439,0.000099142285762
VTM-003624,DG-923ab721f46c,gangue_negative,0.515412747859955,0.000144623976666,0.000812517944723,0.000468276877655,0,0.000178632020834,0.551078319549561
VTM-003625,DG-f776577c1282,gangue_negative,0.420726656913757,0.999487280845642,0.998930513858795,0.999164760112762,1,0.5006964802742,0.000322738254908
VTM-003630,DG-0a4e4cc1a146,gangue_negative,0.388463824987411,0.999931216239929,0.999999761581421,0.999973118305206,0,0.499914288520813,0.000026643638193
VTM-003632,DG-1717c766fd48,gangue_negative,0.42291659116745,0.979140400886536,0.993225157260895,0.987268447875977,0,0.482154667377472,0.006015396211296
VTM-003639,DG-f894c712dcc4,gangue_negative,0.509009182453156,0.000677863194142,0.001414760481566,0.001039672992192,0,0.024630011990666,0.308054447174072
VTM-003643,DG-cfb48dbefaa2,gangue_negative,0.456500858068466,0.992009520530701,0.982929348945618,0.987074434757233,1,0.511492311954498,0.004987252876163
VTM-003645,DG-a46eddec1712,gangue_negative,0.465784639120102,0.999417304992676,0.999976515769958,0.99971604347229,0,0.499300748109818,0.000260512344539
VTM-003646,DG-dea7afd4b0ab,gangue_negative,0.473743736743927,0.998982131481171,0.998379707336426,0.99866509437561,1,0.500754058361053,0.000317410449497
VTM-003648,DG-a6134259e89a,gangue_negative,0.526451468467712,0.00009972009866,0.000459663424408,0.000270170741715,0,0.000480291957501,0.531440258026123
VTM-003657,DG-c0939ead5dd2,gangue_negative,0.460503727197647,0.995314002037048,0.931631982326508,0.960957765579224,1,0.581905841827393,0.035127811133862
VTM-003660,DG-151f1400c84f,gangue_negative,0.486577272415161,0.999932050704956,0.999995410442352,0.999964594841003,0,0.499920785427094,0.000030816216167
VTM-003664,DG-b2d6c181d3c5,gangue_negative,0.462850749492645,0.997174620628357,0.995369851589203,0.99620521068573,1,0.502264380455017,0.000972629524767
VTM-003670,DG-2caafa3afdce,gangue_negative,0.495462834835052,0.999918460845947,0.999996066093445,0.999957621097565,0,0.499902993440628,0.000038445887185
VTM-003673,DG-0d8ad7abfcf0,gangue_negative,0.499289691448212,0.007135804276913,0.01360563095659,0.010375313460827,0,0.03816981613636,0.271054267883301
VTM-003683,DG-d5909bfd2402,gangue_negative,0.50247323513031,0.862022280693054,0.738393664360046,0.800513744354248,1,0.684389889240265,0.074027419090271
VTM-003690,DG-b878441ca92a,gangue_negative,0.473945736885071,0.965279042720795,0.99779862165451,0.982386112213135,0,0.458676666021347,0.015567053109407
VTM-003697,DG-d7a8a5a3da5f,gangue_negative,0.410545170307159,0.942097127437592,0.955726325511932,0.950130939483643,0,0.482053697109222,0.005871795117855
VTM-003705,DG-659e95104ea6,gangue_negative,0.411228120326996,0.997891247272491,0.992353618144989,0.994630813598633,1,0.506955564022064,0.003272672882304
VTM-003717,DG-5bc11cc269bb,gangue_negative,0.436054080724716,0.908735573291779,0.779640972614288,0.835933208465576,1,0.682677328586578,0.083505436778069
VTM-003718,DG-8ce053599801,gangue_negative,0.474949151277542,0.99990713596344,0.999959170818329,0.999934434890747,0,0.499934911727905,0.000024737240892
VTM-003746,DG-aa2e80e8635d,gangue_negative,0.500290155410767,0.989503145217896,0.974095284938812,0.98180365562439,1,0.519607186317444,0.007811598479748
VTM-003763,DG-e6c7e8a3fa8b,gangue_negative,0.498500555753708,0.999327063560486,0.994707942008972,0.997010588645935,1,0.505790948867798,0.002320725470781
VTM-003768,DG-80ddaabacd93,gangue_negative,0.4687240421772,0.563401222229004,0.142825558781624,0.339959472417831,1,0.998954057693481,0.505165696144104
VTM-003769,DG-09011d6d25fe,gangue_negative,0.444663733243942,0.870352864265442,0.540864050388336,0.687375783920288,1,0.915185034275055,0.23601758480072
VTM-003777,DG-503a70719a8e,gangue_negative,0.473178148269653,0.035429611802101,0.079026699066162,0.058397509157658,0,0.017789652571082,0.302512407302856
VTM-003783,DG-a81e6b3b8eb3,gangue_negative,0.469224810600281,0.999987244606018,0.999997556209564,0.999992728233337,0,0.499987125396729,0.000004827999874
VTM-003784,DG-dbd0117296ea,gangue_negative,0.484032809734344,0.044105228036642,0.158857643604279,0.103313714265823,0,0.001647001132369,0.430238366127014
VTM-003786,DG-e411a486efd4,gangue_negative,0.473710417747498,0.190993040800095,0.733098030090332,0.47629725933075,0,0.001198827056214,0.431237250566483
VTM-003818,DG-3f8faa0ee02c,gangue_negative,0.433142781257629,0.962568879127502,0.827616810798645,0.886070311069489,1,0.680327355861664,0.082809314131737
VTM-003833,DG-d26fe019ff6d,gangue_negative,0.470531105995178,0.9997199177742,0.999993920326233,0.999864995479584,0,0.499657452106476,0.000128933941596
VTM-003834,DG-7cc47fbcd822,gangue_negative,0.488190919160843,0.946857035160065,0.98208224773407,0.964885652065277,0,0.454467833042145,0.017665460705757
VTM-003845,DG-53ce6612ce65,gangue_negative,0.463122487068176,0.779757738113403,0.774262070655823,0.776807248592377,1,0.508840203285217,0.003791034221649
VTM-003852,DG-6be5443dee38,gangue_negative,0.417027980089188,0.999985933303833,0.999997496604919,0.999992728233337,0,0.499985575675964,0.000004768394774
VTM-003853,DG-65c891702dcc,gangue_negative,0.417744398117065,0.999853491783142,0.999304473400116,0.999533832073212,1,0.500686585903168,0.000319757673424
VTM-003857,DG-eec51d005c3f,gangue_negative,0.48460379242897,0.999976754188538,0.999997019767761,0.999987244606018,0,0.49997466802597,0.000009775238141
VTM-003865,DG-9ccd51a5611e,gangue_negative,0.501932382583618,0.999953627586365,0.999996721744537,0.999975085258484,0,0.499946117401123,0.000021636791644
VTM-003866,DG-da296d08149a,gangue_negative,0.515291333198547,0.999804556369781,0.99980229139328,0.999803423881531,1,0.500002801418304,0.000001132706529
VTM-003867,DG-69c6da087417,gangue_negative,0.473627924919128,0.986918985843658,0.998023390769958,0.992763996124268,0,0.48601770401001,0.005283745937049
VTM-003879,DG-25f26671d2bf,gangue_negative,0.437397360801697,0.999798715114594,0.999992787837982,0.999907910823822,0,0.499757409095764,0.00008488122694
VTM-003881,DG-0442afbb494c,gangue_negative,0.527880609035492,0.260430574417114,0.637006044387817,0.438219130039215,0,0.011293013580143,0.374060034751892
VTM-003883,DG-5b8dec800036,gangue_negative,0.478930532932281,0.99969494342804,0.99842756986618,0.999034583568573,1,0.501585721969604,0.000660779653117
VTM-003885,DG-3bd402d684a5,gangue_negative,0.471080034971237,0.999901056289673,0.999234437942505,0.999548435211182,1,0.500833630561829,0.00035271816887
VTM-003892,DG-50d70c8aa378,gangue_negative,0.498042523860931,0.034104369580746,0.110958427190781,0.072681836783886,0,0.002735638292506,0.423064231872559
VTM-003893,DG-3f533bb93426,gangue_negative,0.497379451990128,0.991425156593323,0.98828911781311,0.989848971366882,1,0.503960132598877,0.001591082662344
VTM-003898,DG-872dd9626575,gangue_negative,0.505658805370331,0.999493360519409,0.999546468257904,0.99951958656311,0,0.49993360042572,0.000026894238545
VTM-003908,DG-87f43e73226f,gangue_negative,0.471083968877792,0.968161225318909,0.990693330764771,0.980078816413879,0,0.47127366065979,0.010772039182484
VTM-003917,DG-cd2edfb4870c,gangue_negative,0.498762995004654,0.996359288692474,0.997773349285126,0.997068047523499,0,0.49822723865509,0.00070712575689
VTM-003918,DG-e88ef3befbd4,gangue_negative,0.476987957954407,0.996943771839142,0.999712884426117,0.998392105102539,0,0.49653285741806,0.001322032185271
VTM-003924,DG-c18835401483,gangue_negative,0.519561648368835,0.999683856964111,0.999936103820801,0.99980503320694,0,0.499684661626816,0.000131087581394
VTM-003929,DG-a3a3866548c7,gangue_negative,0.448311239480972,0.993026256561279,0.997842490673065,0.995683372020721,0,0.493952393531799,0.0021661312785
VTM-003939,DG-a00a27df5ea6,gangue_negative,0.486158192157745,0.009833644144237,0.001943388371728,0.005779300816357,1,0.999698638916016,0.531526565551758
VTM-003951,DG-67f2924f6aa7,gangue_negative,0.534411072731018,0.002249955199659,0.004348233807832,0.003226890461519,0,0.035767298191786,0.298251152038574
VTM-003967,DG-429eaf8b1104,gangue_negative,0.485992968082428,0.006821923423558,0.003850260050967,0.005294467322528,1,0.945833504199982,0.25347900390625
VTM-003968,DG-e132f59afe54,gangue_negative,0.465024173259735,0.896392405033112,0.92491340637207,0.911650419235229,0,0.460927516222,0.014443516731262
VTM-003970,DG-23abb502c453,gangue_negative,0.468375444412231,0.977586030960083,0.946758985519409,0.9611976146698,1,0.539966762065887,0.016906276345253
VTM-003981,DG-68ff1bb4b821,gangue_negative,0.500454545021057,0.122734904289246,0.2644102871418,0.193508192896843,0,0.021095464006066,0.312182188034058
VTM-003983,DG-58db362e069f,gangue_negative,0.490136384963989,0.982361078262329,0.996964454650879,0.989806830883026,0,0.481563121080399,0.007205313071609
VTM-003986,DG-0db619a6a0f1,gangue_negative,0.450080722570419,0.963344931602478,0.87289696931839,0.913605809211731,1,0.620805859565735,0.053012333810329
VTM-003991,DG-953f0025b71e,gangue_negative,0.471697717905045,0.999945878982544,0.999996602535248,0.999972701072693,0,0.499936580657959,0.000023901829991
VTM-004001,DG-42e3613ecebc,gangue_negative,0.469839781522751,0.999701917171478,0.999810516834259,0.999759495258331,0,0.499864190816879,0.000051032548072
VTM-004002,DG-560f8a32afc5,gangue_negative,0.453410029411316,0.988733768463135,0.998423039913177,0.994029819965363,0,0.487812429666519,0.004409867804497
VTM-004010,DG-2d5da953e48c,gangue_negative,0.455570340156555,0.972937047481537,0.987231254577637,0.980719208717346,0,0.481776922941208,0.006618123501539
VTM-004016,DG-da569d21cffa,gangue_negative,0.477528512477875,0.998653054237366,0.999868929386139,0.999288320541382,0,0.498479008674622,0.000580853666179
VTM-004028,DG-dd7002f2ef21,gangue_negative,0.442855268716812,0.999426603317261,0.998079001903534,0.99867582321167,1,0.501686632633209,0.000751493207645
VTM-004036,DG-40e886492f22,gangue_negative,0.512434363365173,0.191101104021072,0.277832746505737,0.233388483524323,0,0.133416414260864,0.174314975738525
VTM-004045,DG-65eabe4c4d84,gangue_negative,0.441613912582397,0.109783545136452,0.012122684158385,0.055251080542803,1,0.999983549118042,0.686622619628906
VTM-004046,DG-90dbb664ba9d,gangue_negative,0.406672745943069,0.999987006187439,0.999448478221893,0.999667525291443,1,0.500673353672028,0.000319536076859
VTM-004052,DG-fb92825ab371,gangue_negative,0.491225332021713,0.999988675117493,0.999998033046722,0.99999338388443,0,0.499988317489624,0.000004649182301
VTM-004065,DG-4eb0ca8702aa,gangue_negative,0.468305796384811,0.019691618159413,0.040776170790195,0.030902151018381,0,0.025592656806111,0.27727198600769
VTM-004067,DG-e0c1b9cf2925,gangue_negative,0.454815000295639,0.832526504993439,0.898442149162292,0.868462681770325,0,0.40588903427124,0.033937707543373
VTM-004071,DG-42cfa58f2681,gangue_negative,0.416936546564102,0.994122684001923,0.97726184129715,0.984291791915894,1,0.521369457244873,0.009938234463334
VTM-004080,DG-b79cf3269d3c,gangue_negative,0.37251341342926,0.999913692474365,0.999566197395325,0.999695658683777,1,0.500434458255768,0.000218076398596
VTM-004090,DG-4c4b5559c990,gangue_negative,0.479033917188644,0.999719440937042,0.999959945678711,0.999844670295715,0,0.499699294567108,0.000115286646178
VTM-004094,DG-0711140876d8,gangue_negative,0.529774248600006,0.000030490038625,0.000230982521316,0.00012476676784,0,0.000040075421566,0.61589527130127
VTM-004100,DG-dfa6edcb2069,gangue_negative,0.482133269309998,0.99967885017395,0.999911189079285,0.999799132347107,0,0.49970954656601,0.000112072972115
VTM-004117,DG-b2eed62d16a2,gangue_negative,0.420010060071945,0.94327312707901,0.944433689117432,0.943946242332458,0,0.498463004827499,0.000516258180141
VTM-004120,DG-b76abca6e457,gangue_negative,0.451567262411118,0.999997138977051,0.999991893768311,0.999994218349457,1,0.500006556510925,0.000002920640327
VTM-004130,DG-8256e1911a9e,gangue_negative,0.423435091972351,0.998941123485565,0.999363481998444,0.999184608459473,0,0.499471634626389,0.00017900345847
VTM-004134,DG-b741400b9e2d,gangue_negative,0.472255051136017,0.9999098777771,0.999625682830811,0.999759912490845,1,0.500355303287506,0.000149990053615
VTM-004135,DG-adc1175125a1,metallic_hard_negative,0.439694881439209,0.967629551887512,0.966320335865021,0.966895997524261,1,0.501692414283752,0.00075838342309
VTM-004149,DG-6a2365056b07,metallic_hard_negative,0.416465580463409,0.914068818092346,0.950377821922302,0.935256361961365,0,0.451461106538773,0.016038935631514
VTM-004160,DG-8add3fa7edc2,metallic_hard_negative,0.417655915021896,0.999020576477051,0.998786568641663,0.998884320259094,1,0.500292837619781,0.000136399059556
VTM-004174,DG-3e71a8cd21fd,metallic_hard_negative,0.537719488143921,0.001094616483897,0.004635359626263,0.002731432905421,0,0.000733793422114,0.528887271881104
VTM-004176,DG-575bee434464,metallic_hard_negative,0.447056800127029,0.766754448413849,0.952428221702576,0.869421541690826,0,0.252704352140427,0.09118664264679
VTM-004180,DG-75df9f2308ff,metallic_hard_negative,0.453174293041229,0.053383320569992,0.081124134361744,0.06855271011591,0,0.10983669757843,0.168377637863159
VTM-004188,DG-a4254b0e00f4,metallic_hard_negative,0.473051190376282,0.970403432846069,0.888611018657684,0.92730301618576,1,0.608321368694305,0.04543150216341
VTM-004192,DG-8d595d262675,metallic_hard_negative,0.513617336750031,0.337034046649933,0.357021808624268,0.346755743026733,0,0.428477793931961,0.029176235198975
VTM-004206,DG-6fc3e16be27c,metallic_hard_negative,0.503965198993683,0.982408463954926,0.963967382907867,0.973260998725891,1,0.523669421672821,0.009354885667562
VTM-004230,DG-1ff8468fcb64,metallic_hard_negative,0.517311215400696,0.003134979400784,0.001210981863551,0.00220628734678,1,0.991472959518433,0.351311206817627
VTM-004232,DG-19235d79b660,metallic_hard_negative,0.546248495578766,0.2349863499403,0.237979382276535,0.236344441771507,0,0.484184384346008,0.006893873214722
VTM-004233,DG-c9ccef5c07fe,metallic_hard_negative,0.599347770214081,0.4366814494133,0.478025674819946,0.453246116638184,0,0.388813525438309,0.053229153156281
VTM-004236,DG-0aff0279da72,metallic_hard_negative,0.479723155498505,0.997535109519958,0.989749372005463,0.993484377861023,1,0.509793221950531,0.00406900793314
VTM-004237,DG-1ea94c1b61aa,metallic_hard_negative,0.507290959358215,0.997189342975616,0.999159574508667,0.998160123825073,0,0.497532695531845,0.001000792020932
VTM-004258,DG-8529b5281a89,metallic_hard_negative,0.562654256820679,0.067660205066204,0.057995278388262,0.063433289527893,1,0.683668673038483,0.064509391784668
VTM-004260,DG-374b453fd12e,metallic_hard_negative,0.468626648187637,0.993254125118256,0.993451952934265,0.993359208106995,0,0.499751091003418,0.000093360431492
VTM-004269,DG-d76a5798987b,metallic_hard_negative,0.471540480852127,0.995055556297302,0.976950943470001,0.985488057136536,1,0.522936582565308,0.009661562740803
VTM-004270,DG-c8c9c1834ea8,metallic_hard_negative,0.472158819437027,0.988861858844757,0.961913764476776,0.974637508392334,1,0.534482479095459,0.014489028602839
VTM-004272,DG-10928d8997b0,metallic_hard_negative,0.452115654945374,0.999886631965637,0.999968349933624,0.999931395053864,0,0.499897867441177,0.000036956727854
VTM-004275,DG-da0e446b594e,metallic_hard_negative,0.439917087554932,0.996679782867432,0.916749894618988,0.951912403106689,1,0.602998375892639,0.045956518501043
VTM-004288,DG-3515d6411579,metallic_hard_negative,0.469036072492599,0.002780620474368,0.016456427052617,0.010041980072856,0,0.000137711613206,0.493941783905029
VTM-004290,DG-ae7e9d8b1407,metallic_hard_negative,0.451514005661011,0.98993718624115,0.989208698272705,0.989537596702576,1,0.500920176506042,0.000403732992709
VTM-004311,DG-2a993278a0ab,metallic_hard_negative,0.426361292600632,0.99995744228363,0.999989867210388,0.999975979328156,0,0.499959468841553,0.00001388812052
VTM-004315,DG-e2bfa4c17486,metallic_hard_negative,0.438215732574463,0.999828815460205,0.998118042945862,0.998867750167847,1,0.502140641212463,0.000961692072451
VTM-004316,DG-35a4c19258c2,metallic_hard_negative,0.477690309286118,0.124766752123833,0.103682331740856,0.113754153251648,1,0.71617579460144,0.092406511306763
VTM-004318,DG-514e7a7059a3,metallic_hard_negative,0.473051220178604,0.170911684632301,0.133314967155457,0.151100143790245,1,0.775940179824829,0.123204112052917
VTM-004327,DG-9369817684ab,metallic_hard_negative,0.469770342111588,0.898066163063049,0.885854244232178,0.89159107208252,1,0.517107486724854,0.007236152887344
VTM-004328,DG-f99566266cc1,metallic_hard_negative,0.450088828802109,0.999593436717987,0.999658286571503,0.999629020690918,0,0.499918937683105,0.000029276299756
VTM-004338,DG-06674b61b121,metallic_hard_negative,0.45523676276207,0.848778069019318,0.692922234535217,0.763873517513275,1,0.733880341053009,0.105395540595055
VTM-004341,DG-eab770ac9997,metallic_hard_negative,0.550741195678711,0.884481847286224,0.839094460010529,0.864091157913208,1,0.565470278263092,0.023323722183704
VTM-004344,DG-7444563a613d,metallic_hard_negative,0.419368714094162,0.999995231628418,0.99998527765274,0.999989449977875,1,0.500012457370758,0.000005781694654
VTM-004359,DG-151cfb6bf8df,metallic_hard_negative,0.44987279176712,0.999645352363586,0.999810099601746,0.999735951423645,0,0.499793976545334,0.000074165014667
VTM-004361,DG-f1cef0f123a1,metallic_hard_negative,0.537108898162842,0.00307334237732,0.004755372181535,0.003851938992739,0,0.101328663527966,0.21069860458374
VTM-004364,DG-472a4a9cb971,metallic_hard_negative,0.536963880062103,0.001156964804977,0.001534425537102,0.001331742852926,0,0.195953249931335,0.14166784286499
VTM-004367,DG-cb0f9ce956c2,metallic_hard_negative,0.398330599069595,0.999556481838226,0.995333909988403,0.997015953063965,1,0.505291521549225,0.002544891554862
VTM-004371,DG-e09717884a17,metallic_hard_negative,0.46995598077774,0.990734577178955,0.956437885761261,0.972555875778198,1,0.543924987316132,0.018519135192037
VTM-004379,DG-5953246e4a1a,metallic_hard_negative,0.491061270236969,0.999863505363464,0.99973738193512,0.999799370765686,1,0.500157713890076,0.000064145409851
VTM-004382,DG-61b3f3ff271f,metallic_hard_negative,0.423003882169724,0.945556879043579,0.925230383872986,0.93382853269577,1,0.527137398719788,0.012481205165386
VTM-004400,DG-4f8748449cd7,metallic_hard_negative,0.364538431167603,1,1,1,1,0.5,0
VTM-004402,DG-6107f92983d8,metallic_hard_negative,0.314371466636658,0.998526453971863,0.999883115291595,0.999456584453583,0,0.498302817344666,0.000426671729656
VTM-004415,DG-5ac917b072da,metallic_hard_negative,0.531497120857239,0.925585389137268,0.714900553226471,0.826878905296326,1,0.784386575222015,0.11276812851429
VTM-004426,DG-34ac7ddd4d52,metallic_hard_negative,0.402933031320572,0.951778709888458,0.975206732749939,0.965766847133636,0,0.469641238451004,0.009727034717798
VTM-004436,DG-b05a976d1bb6,metallic_hard_negative,0.533116817474365,0.000054862266552,0.00004762338358,0.000051482551498,1,0.66985011100769,0.063582420349121
VTM-004438,DG-5a6e9b3a4004,metallic_hard_negative,0.456356883049011,0.984868884086609,0.947033107280731,0.964299738407135,1,0.548812091350555,0.021106339991093
VTM-004440,DG-39fb01622191,metallic_hard_negative,0.49785253405571,0.997478902339935,0.998885154724121,0.998185038566589,0,0.498238950967789,0.000701143289916
VTM-004441,DG-0b4e27a8bcca,metallic_hard_negative,0.454872667789459,0.008501240983605,0.027934558689594,0.019094873219728,0,0.002603573957458,0.380444765090942
VTM-004452,DG-b059f26ce090,metallic_hard_negative,0.447985351085663,0.000080867590441,0.000465678866021,0.000293289049296,0,0.000157896298333,0.462337493896484
VTM-004460,DG-c94829c7b9c0,metallic_hard_negative,0.457516044378281,0.002937304554507,0.146761745214462,0.080959752202034,0,0.000000003211297,0.594858407974243
VTM-004470,DG-cdbe626ccda5,metallic_hard_negative,0.479268342256546,0.000064552579715,0.000203913179575,0.000137122056913,0,0.003169297473505,0.396822929382324
VTM-004471,DG-5639b969883e,metallic_hard_negative,0.459011614322662,0.00061680469662,0.000849678530358,0.000742786738556,0,0.167768016457558,0.134449005126953
VTM-004478,DG-735267660f64,metallic_hard_negative,0.45171394944191,0.934658646583557,0.98767215013504,0.96372526884079,0,0.431472182273865,0.024544548243284
VTM-004481,DG-75cee6f8c04d,metallic_hard_negative,0.463568329811096,0.835228383541107,0.965492725372314,0.90510630607605,0,0.326366156339645,0.064586162567139
VTM-004489,DG-577c20689751,metallic_hard_negative,0.44639128446579,0.626496136188507,0.583836138248444,0.602879166603088,1,0.587250649929047,0.038425803184509
VTM-004490,DG-04c585ec47f6,metallic_hard_negative,0.460982441902161,0.102755971252918,0.334827035665512,0.22784635424614,0,0.002714889822528,0.384942531585693
VTM-004495,DG-459a0e85d4ef,metallic_hard_negative,0.413385778665543,0.993331253528595,0.988762497901917,0.99065113067627,1,0.505762279033661,0.002701762598008
VTM-004505,DG-55060e2c5204,metallic_hard_negative,0.531317591667175,0.000017777225366,0.000011779671695,0.000014966277377,1,0.886724770069122,0.172118186950684
VTM-004506,DG-07650a244661,metallic_hard_negative,0.473994135856628,0.999842762947083,0.99967485666275,0.999754428863525,1,0.500209927558899,0.000088351865998
VTM-004514,DG-749103c71312,metallic_hard_negative,0.396747499704361,0.945173442363739,0.805159568786621,0.8607097864151,1,0.690325200557709,0.093611061573029
VTM-004534,DG-51b8c93738fc,metallic_hard_negative,0.456240773200989,0.999859571456909,0.999889075756073,0.999875605106354,0,0.499963104724884,0.000013472235878
VTM-004538,DG-6c2d74b987f5,metallic_hard_negative,0.519552230834961,0.007987139746547,0.018673596903682,0.013121424242854,0,0.014113773591816,0.352864265441895
VTM-004575,DG-f11a8a6d99f7,metallic_hard_negative,0.4450943171978,0.998861789703369,0.995871186256409,0.997202277183533,1,0.503748059272766,0.001662785187364
VTM-004577,DG-e0df51e4d6b5,metallic_hard_negative,0.444032371044159,0.054398756474257,0.017316412180662,0.033782172948122,1,0.996742188930511,0.476408243179321
VTM-004581,DG-4429f0494fe0,metallic_hard_negative,0.522322118282318,0.003479868872091,0.010343733243644,0.006758585106581,0,0.004291012417525,0.425567150115967
VTM-004604,DG-4251175c7d1f,metallic_hard_negative,0.427006512880325,0.017129026353359,0.025457656010985,0.021901277825236,0,0.121189847588539,0.150471687316895
VTM-004608,DG-73d67dbab2a7,metallic_hard_negative,0.467861771583557,0.99864786863327,0.997379243373871,0.997972726821899,1,0.501588940620422,0.000676284660585
VTM-004620,DG-33e10ca6bb40,metallic_hard_negative,0.44203183054924,0.981384038925171,0.9468874335289,0.962136030197144,1,0.544610619544983,0.019808016717434
VTM-004622,DG-e729856f24c2,metallic_hard_negative,0.462655156850815,0.905116677284241,0.730438590049744,0.811254262924194,1,0.744994878768921,0.109482333064079
VTM-004624,DG-517f572a6ecc,metallic_hard_negative,0.494350373744965,0.184811145067215,0.107028737664223,0.145480498671532,1,0.938842058181763,0.239292502403259
VTM-004626,DG-9acaa84063d0,metallic_hard_negative,0.501900792121887,0.030255928635597,0.062084082514048,0.04610950499773,0,0.026753105223179,0.297470569610596
VTM-004627,DG-e055e9006d1d,metallic_hard_negative,0.470926344394684,0.999027729034424,0.997596919536591,0.998270690441132,1,0.501791536808014,0.000758062640671
VTM-004628,DG-39b57bb7b5f8,metallic_hard_negative,0.413732767105103,0.99828964471817,0.996856927871704,0.997449696063995,1,0.50179523229599,0.000841741915792
VTM-004629,DG-795540e68cad,metallic_hard_negative,0.428869307041168,0.999961018562317,0.999999642372131,0.999983072280884,0,0.499951720237732,0.000016570234948
VTM-004634,DG-00ef3d45bc91,metallic_hard_negative,0.523271501064301,0.000000402975104,0.00000011920929,0.000000267695867,1,0.997739672660828,0.409023284912109
VTM-004637,DG-18ca7db1d023,metallic_hard_negative,0.435137122869492,0.999430596828461,0.999622941017151,0.999539256095886,0,0.499759435653687,0.00008371999138
VTM-004638,DG-429a27506cdb,metallic_hard_negative,0.397508472204208,0.864037752151489,0.808096647262573,0.830333709716797,1,0.582896173000336,0.039788782596588
VTM-004639,DG-242ef8eb00de,metallic_hard_negative,0.479446947574615,0.231049239635468,0.346438735723495,0.291115581989288,0,0.116564266383648,0.173985600471497
VTM-004651,DG-4c6b9f6cd4e6,metallic_hard_negative,0.436105221509933,0.001072426559404,0.002633953699842,0.001952963415533,0,0.011065322905779,0.29913854598999
VTM-004654,DG-476fe3218249,metallic_hard_negative,0.462471306324005,0.000420749071054,0.001124033820815,0.000798784778453,0,0.007295242510736,0.341587543487549
VTM-004657,DG-b8c33cc77ec7,metallic_hard_negative,0.460152626037598,0.998342633247375,0.999674916267395,0.99906188249588,0,0.498333007097244,0.000613421201706
VTM-004658,DG-bc3a0327e67c,metallic_hard_negative,0.431026488542557,0.004894647281617,0.01500210352242,0.01064552180469,0,0.003683357965201,0.343050956726074
VTM-004671,DG-a1fe913f5597,metallic_hard_negative,0.452932119369507,0.998134434223175,0.997672021389008,0.997881412506104,1,0.500579237937927,0.000253526610322
VTM-004675,DG-7e1d6174749f,metallic_hard_negative,0.449971884489059,0.020117916166782,0.011420851573348,0.015334285795689,1,0.944320201873779,0.271519660949707
VTM-004679,DG-9328bcecc05c,metallic_hard_negative,0.411318629980087,0.440306395292282,0.353652685880661,0.389294981956482,1,0.749468147754669,0.123133480548859
VTM-004681,DG-fbdfc93844e6,metallic_hard_negative,0.470122575759888,0.05120400339365,0.112585552036762,0.083728700876236,0,0.019086958840489,0.296131610870361
VTM-004689,DG-2fdd92c576ae,metallic_hard_negative,0.404640704393387,0.994693458080292,0.9935063123703,0.99398672580719,1,0.501492738723755,0.000710755120963
VTM-004703,DG-f2e539cd549d,metallic_hard_negative,0.447017073631287,0.999960899353027,0.999981343746185,0.999972224235535,0,0.499974429607391,0.000009119721653
VTM-004718,DG-e1cf4eb6f505,metallic_hard_negative,0.376229554414749,0.019579850137234,0.055299885571003,0.041860956698656,0,0.005533703137189,0.278417348861694
VTM-004726,DG-17f4de3304d4,metallic_hard_negative,0.45182791352272,0.999916911125183,0.999999463558197,0.999962210655212,0,0.499896794557571,0.000037253616028
VTM-004727,DG-a725fbe9faea,metallic_hard_negative,0.471162170171738,0.997628509998322,0.999439656734467,0.998586297035217,0,0.497732728719711,0.000854202895425
VTM-004729,DG-1e52fa077617,metallic_hard_negative,0.457864254713058,0.917853891849518,0.93511039018631,0.927209258079529,0,0.476733863353729,0.008485309779644
VTM-004733,DG-125135a8e2f0,metallic_hard_negative,0.454746276140213,0.114670857787132,0.114293113350868,0.114464893937111,1,0.504124283790588,0.001797676086426
VTM-004737,DG-12030acde72b,metallic_hard_negative,0.451125621795654,0.197440683841705,0.604019284248352,0.420601278543472,0,0.00371801876463,0.361920833587646
VTM-004745,DG-df412d4bb526,metallic_hard_negative,0.490665286779404,0.887454986572266,0.943225920200348,0.915861010551453,0,0.424399107694626,0.029441215097904
VTM-004758,DG-c4e84e88275c,metallic_hard_negative,0.507990062236786,0.092428512871265,0.083214052021503,0.087894901633263,1,0.628338754177094,0.050293684005737
VTM-004763,DG-cb20f172d610,metallic_hard_negative,0.494435280561447,0.962561070919037,0.945073843002319,0.953720092773438,1,0.522902011871338,0.00922729074955
VTM-004767,DG-b40f2d98cabd,metallic_hard_negative,0.517451584339142,0.998400986194611,0.999451875686646,0.998908042907715,0,0.498685002326965,0.000544279115275
VTM-004774,DG-932c59e38cef,metallic_hard_negative,0.503421545028687,0.009347251616418,0.009057967923582,0.009203599765897,1,0.539216637611389,0.015487670898438
VTM-004775,DG-f38907e32429,metallic_hard_negative,0.443693190813065,0.683718681335449,0.78071129322052,0.737676382064819,0,0.340000003576279,0.056700199842453
VTM-004781,DG-6f2561ef17ac,metallic_hard_negative,0.432872742414474,0.940788149833679,0.897990763187408,0.916516542434692,1,0.557936310768127,0.026137862354517
VTM-004790,DG-f8dff64bbd78,metallic_hard_negative,0.45694574713707,0.97574257850647,0.985100984573364,0.980824708938599,0,0.488070607185364,0.004350401461124
VTM-004791,DG-8676e0bac99a,metallic_hard_negative,0.468913316726685,0.564220428466797,0.755214691162109,0.665654897689819,0,0.188806295394897,0.126230686903
VTM-004797,DG-b98020f05c5b,metallic_hard_negative,0.551550090312958,0.231864020228386,0.539256811141968,0.369714289903641,0,0.014482805505395,0.377461433410645
VTM-004798,DG-8f563ef4c66a,metallic_hard_negative,0.473545581102371,0.198517963290215,0.148230418562889,0.172043859958649,1,0.811618030071259,0.14313018321991
VTM-004807,DG-bef699f46b28,metallic_hard_negative,0.485236257314682,0.922658264636993,0.983654022216797,0.954056620597839,0,0.420657128095627,0.03055121190846
VTM-004811,DG-8c75a49f6469,metallic_hard_negative,0.393742948770523,0.003372785169631,0.002889748895541,0.003079941030592,1,0.684136152267456,0.090828418731689
VTM-004816,DG-aef13599345d,metallic_hard_negative,0.477809548377991,0.999957203865051,0.999967634677887,0.999962627887726,0,0.499986946582794,0.000005006964784
VTM-004821,DG-885baf3a9356,metallic_hard_negative,0.500710248947144,0.005782867781818,0.008659400045872,0.007219091057777,0,0.117250561714172,0.1819167137146
VTM-004828,DG-471124d61d31,metallic_hard_negative,0.505371272563934,0.023706715553999,0.033384084701538,0.028493419289589,0,0.152955710887909,0.158406019210815
VTM-004836,DG-876ac496608e,metallic_hard_negative,0.491975009441376,0.033549595624208,0.045101322233677,0.039418160915375,0,0.185512959957123,0.134684801101685
VTM-004853,DG-a7aab72b3e41,metallic_hard_negative,0.465063124895096,0.999991536140442,0.999988615512848,0.999989986419678,1,0.500003635883331,0.000001549735316
VTM-004862,DG-54f8509c371f,metallic_hard_negative,0.473497301340103,0.988517761230469,0.998449444770813,0.993746876716614,0,0.487506479024887,0.004720997530967
VTM-004872,DG-79c595017343,metallic_hard_negative,0.443555176258087,0.001674429280683,0.007947255857289,0.005164911039174,0,0.000415018555941,0.430938720703125
VTM-004873,DG-5481466c56f8,metallic_hard_negative,0.412164717912674,0.999710142612457,0.9996018409729,0.999646484851837,1,0.50013542175293,0.000063678249717
VTM-004884,DG-c7be9992acdc,metallic_hard_negative,0.449601739645004,0.116994559764862,0.311143398284912,0.22385373711586,0,0.007460594177246,0.329260945320129
VTM-004885,DG-9da9f2bce07f,metallic_hard_negative,0.509511888027191,0.456176966428757,0.318305879831314,0.388552844524384,1,0.858068585395813,0.160451650619507
VTM-004895,DG-4d6358272602,metallic_hard_negative,0.492185741662979,0.861834347248077,0.591601371765137,0.724606156349182,1,0.867743194103241,0.173434808850288
VTM-004922,DG-00b9f96a4c6c,metallic_hard_negative,0.496731221675873,0.04309368878603,0.064120247960091,0.053675699979067,0,0.120583243668079,0.177799940109253
VTM-004924,DG-7aad7e379ffa,metallic_hard_negative,0.405708849430084,0.027515590190887,0.010004304349422,0.017108788713813,1,0.993686258792877,0.475160360336304
VTM-004928,DG-6cc136fa05a0,metallic_hard_negative,0.476800471544266,0.000226055664825,0.002841474488378,0.00159444171004,0,0.000003186811455,0.577799320220947
VTM-004931,DG-0e1e1a4129d4,metallic_hard_negative,0.485156148672104,0.35479411482811,0.629911661148071,0.496436655521393,0,0.053646005690098,0.238123685121536
VTM-004933,DG-daf6f41ce75b,metallic_hard_negative,0.458329111337662,0.758766889572144,0.917900145053864,0.844964742660522,0,0.27848881483078,0.082793712615967
VTM-004934,DG-4df02ac79ea4,metallic_hard_negative,0.499644577503204,0.999880433082581,0.999912142753601,0.999896287918091,0,0.499960362911224,0.000015856356185
VTM-004958,DG-186b0e386473,metallic_hard_negative,0.455618649721146,0.632103860378265,0.54232382774353,0.583229303359985,1,0.682644605636597,0.080473303794861
VTM-004961,DG-3a71801f1ee0,metallic_hard_negative,0.456641733646393,0.697990298271179,0.68477863073349,0.690811634063721,1,0.523868799209595,0.010338008403778
VTM-004973,DG-cd84b2b89a33,metallic_hard_negative,0.528466641902924,0.000082016202214,0.00045866027358,0.000259616441326,0,0.000182793999556,0.56910514831543
VTM-004975,DG-409f28ca286d,metallic_hard_negative,0.459230422973633,0.997502267360687,0.997547626495361,0.997526824474335,0,0.499943137168884,0.000020853476599
VTM-004982,DG-dc41c31e3d21,metallic_hard_negative,0.393408924341202,0.889293968677521,0.820873498916626,0.847790718078613,1,0.598758339881897,0.047794044017792
VTM-004988,DG-b4a86ae99aa4,metallic_hard_negative,0.459196954965591,0.999912858009338,0.999904572963715,0.99990838766098,1,0.500010371208191,0.000004470748536
VTM-004989,DG-1b61a2cf0409,metallic_hard_negative,0.500240385532379,0.003650655969977,0.006450701970607,0.005050005856901,0,0.054867167025805,0.244799613952637
VTM-004991,DG-ea706e06deb2,metallic_hard_negative,0.533419668674469,0.038747254759073,0.065161719918251,0.051071725785732,0,0.069198824465275,0.243641138076782
VTM-004992,DG-61a93824ab3f,metallic_hard_negative,0.463789463043213,0.925052881240845,0.98110818862915,0.955110311508179,0,0.426985919475555,0.026855895295739
VTM-005010,DG-0dfe2015f256,metallic_hard_negative,0.486439019441605,0.989190101623535,0.998613595962524,0.994029700756073,0,0.488150477409363,0.004600826650858
VTM-005023,DG-c084338a6f51,metallic_hard_negative,0.432487487792969,0.996344745159149,0.997810661792755,0.997176647186279,0,0.498162239789963,0.00063560786657
VTM-005030,DG-95e9bd875060,metallic_hard_negative,0.451814860105515,0.996071577072144,0.998204112052917,0.997240543365479,0,0.497326672077179,0.000965768354945
VTM-005035,DG-b403d3226f67,metallic_hard_negative,0.516614377498627,0.001886676298454,0.003444068832323,0.002639497397467,0,0.047012612223625,0.266065120697021
VTM-005038,DG-0d49cac547b0,metallic_hard_negative,0.537970006465912,0.000104166050733,0.000059833684645,0.000083683167759,1,0.941148698329926,0.218948364257812
VTM-005040,DG-8d8c532b3669,metallic_hard_negative,0.461465537548065,0.96535050868988,0.892771184444427,0.926264047622681,1,0.596476435661316,0.041331917047501
VTM-005063,DG-74479d1a5c87,metallic_hard_negative,0.491279423236847,0.93895423412323,0.739384233951569,0.837428867816925,1,0.767588675022125,0.114430405199528
VTM-005066,DG-65e289c6abbc,metallic_hard_negative,0.470976948738098,0.994425773620605,0.976708889007568,0.98505312204361,1,0.522455930709839,0.009469888173044
VTM-005072,DG-64e32c420e3e,metallic_hard_negative,0.429501861333847,0.998663544654846,0.999892175197601,0.99936443567276,0,0.498463124036789,0.000527935742866
VTM-005077,DG-21bd52d934ed,metallic_hard_negative,0.475778341293335,0.934954285621643,0.973875343799591,0.955357551574707,0,0.449193835258484,0.019197640940547
VTM-005078,DG-d61764c62067,metallic_hard_negative,0.458007216453552,0.979023456573486,0.978144764900208,0.978547215461731,1,0.501122415065765,0.000486563891172
VTM-005079,DG-8991f4f42cb4,metallic_hard_negative,0.470547467470169,0.997554123401642,0.956039547920227,0.975574135780334,1,0.552934765815735,0.022280249744654
VTM-005086,DG-026146869812,metallic_hard_negative,0.416675746440887,0.989392280578613,0.99905788898468,0.995030462741852,0,0.487850099802017,0.00403937138617
VTM-005122,DG-219037f7495d,metallic_hard_negative,0.448570758104324,0.997012972831726,0.999594151973724,0.998436331748962,0,0.496768116950989,0.001158961560577
VTM-005137,DG-372246a3f1f6,metallic_hard_negative,0.491009593009949,0.993271172046661,0.99404776096344,0.993666410446167,0,0.499023079872131,0.000383707694709
VTM-005138,DG-5a4fb74725d8,metallic_hard_negative,0.476937472820282,0.331972986459732,0.706664621829987,0.527960121631622,0,0.022367756813765,0.291535437107086
VTM-005142,DG-cfce57e05adf,metallic_hard_negative,0.458347082138062,0.998702049255371,0.999007940292358,0.998867750167847,0,0.499617218971252,0.000140339136124
VTM-005143,DG-859270c63ec9,metallic_hard_negative,0.567273020744324,0.973339974880219,0.992262661457062,0.981528401374817,0,0.475950568914413,0.010876901447773
VTM-005149,DG-7bf1fc828b2b,metallic_hard_negative,0.572242736816406,0.000064058280259,0.00006277893408,0.000063511033659,1,0.525196135044098,0.008580207824707
VTM-005153,DG-551a362604ce,metallic_hard_negative,0.579815447330475,0.002362767467275,0.001204091473483,0.001875909743831,1,0.966771066188812,0.230740070343018
VTM-005159,DG-149fd0e3eff3,metallic_hard_negative,0.476194888353348,0.000727805891074,0.004796298686415,0.00285890349187,0,0.00008044745482,0.517405986785889
VTM-005162,DG-25aaddd86de9,metallic_hard_negative,0.428042978048325,0.997042000293732,0.997819006443024,0.997486412525177,0,0.499026238918304,0.00033337646164
VTM-005167,DG-2f4b74de52ee,metallic_hard_negative,0.456792950630188,0.256809949874878,0.606143116950989,0.446570187807083,0,0.013467736542225,0.305519580841064
VTM-005169,DG-58d2eeda1f79,metallic_hard_negative,0.47694006562233,0.90457022190094,0.987205505371094,0.947793483734131,0,0.39243420958519,0.040741592645645
VTM-005170,DG-bc934293a7f4,metallic_hard_negative,0.406733483076096,0.937021374702454,0.985589921474457,0.965835452079773,0,0.437166094779968,0.020246885716915
VTM-005180,DG-e7376cbecd06,metallic_hard_negative,0.480476349592209,0.994149327278137,0.983689248561859,0.988715052604675,1,0.513218641281128,0.005481250118464
VTM-005200,DG-a85bd3bc567e,metallic_hard_negative,0.420928984880447,0.955382585525513,0.842972576618195,0.890289187431335,1,0.651556313037872,0.070565536618233
VTM-005206,DG-b5449f2ddd63,metallic_hard_negative,0.468468368053436,0.793811798095703,0.802822411060333,0.79860121011734,0,0.485894829034805,0.005271822214127
VTM-005212,DG-46c12c29b1da,metallic_hard_negative,0.527411043643951,0.032163273543119,0.020067958161235,0.026447162032127,1,0.913607716560364,0.195676326751709
VTM-005213,DG-dfcb39bd4e2e,metallic_hard_negative,0.452122360467911,0.99878865480423,0.996859431266785,0.997731685638428,1,0.502416789531708,0.00105881143827
VTM-005221,DG-205a686bf0de,metallic_hard_negative,0.523026466369629,0.00003001598634,0.000055794633226,0.000042311716243,0,0.043118096888065,0.276614189147949
VTM-005222,DG-bbd47e7fef66,metallic_hard_negative,0.496199399232864,0.25703153014183,0.99172168970108,0.627168893814087,0,0.001168088056147,0.458226650953293
VTM-005224,DG-dbfe6102f756,metallic_hard_negative,0.450525403022766,0.941485047340393,0.760513424873352,0.842045724391937,1,0.744087636470795,0.111624144017696
VTM-005226,DG-48f4ef422f75,metallic_hard_negative,0.504907846450806,0.96912956237793,0.962362825870514,0.965779423713684,1,0.508757531642914,0.003462843596935
VTM-005235,DG-2fd812943ddc,metallic_hard_negative,0.548129022121429,0.000284348818241,0.000262525776634,0.000274487625575,1,0.598509967327118,0.035295486450195
VTM-005239,DG-d144df99b42f,metallic_hard_negative,0.44062814116478,0.999324798583984,0.999830722808838,0.999607741832733,0,0.499367326498032,0.000223043592996
VTM-005251,DG-0d59bea646e8,metallic_hard_negative,0.520518779754639,0.953085958957672,0.9669548869133,0.959735870361328,0,0.481949418783188,0.007493730634451
VTM-005256,DG-5b06a6ebdeac,metallic_hard_negative,0.438997030258179,0.989926338195801,0.997664093971252,0.994267225265503,0,0.490268617868423,0.003410631790757
VTM-005262,DG-6d037647dc5d,metallic_hard_negative,0.432938545942307,0.000197193730855,0.000273639190709,0.000240542998654,0,0.162720829248428,0.128911972045898
VTM-005276,DG-5227f2844eb4,metallic_hard_negative,0.4794542491436,0.963280856609344,0.997217655181885,0.980946481227875,0,0.456827729940414,0.0164511539042
VTM-005291,DG-db64ff1b9f2e,metallic_hard_negative,0.431012213230133,0.733469843864441,0.765452086925507,0.751667380332947,0,0.446851342916489,0.018172711133957
VTM-005292,DG-ace734d67c95,metallic_hard_negative,0.463370829820633,0.00000131258912,0.00001045657973,0.00000621952131,0,0.000031166109693,0.519538879394531
VTM-005300,DG-461848f6f446,metallic_hard_negative,0.526861131191254,0.999031901359558,0.999719798564911,0.999357402324677,0,0.499139606952667,0.000362563558156
VTM-005302,DG-c25133d20a6a,metallic_hard_negative,0.471703976392746,0.999250113964081,0.999964118003845,0.999627292156219,0,0.499107182025909,0.000336894678185
VTM-005303,DG-508ddcc3e558,metallic_hard_negative,0.401567131280899,0.99478816986084,0.991471946239471,0.992803692817688,1,0.504173874855042,0.001996866427362
VTM-005334,DG-8da137f9d55b,ti_bearing_negative,0.471509426832199,0.188980743288994,0.165081098675728,0.176349997520447,1,0.662854611873627,0.069174528121948
VTM-005338,DG-b0ae07246945,ti_bearing_negative,0.511194169521332,0.999693036079407,0.999484479427338,0.999591112136841,1,0.500260770320892,0.000101960438769
VTM-005343,DG-cfe586ef803f,ti_bearing_negative,0.453797370195389,0.51125693321228,0.484482854604721,0.496632874011993,1,0.566835343837738,0.029021203517914
VTM-005351,DG-0f85f20b22a8,ti_bearing_negative,0.513737738132477,0.99969208240509,0.998002648353577,0.998870611190796,1,0.502114236354828,0.000822062022053
VTM-005356,DG-0b1fdaab3e93,ti_bearing_negative,0.517891228199005,0.995634377002716,0.998636841773987,0.997081875801086,0,0.496236205101013,0.001558301970363
VTM-005358,DG-f21c90ff52af,ti_bearing_negative,0.472327500581741,0.992323994636536,0.998845756053925,0.995765388011932,0,0.491812407970428,0.003088692668825
VTM-005362,DG-9afde0ab35a6,ti_bearing_negative,0.567152738571167,0.998606503009796,0.99459171295166,0.99686872959137,1,0.50503545999527,0.001741714309901
VTM-005364,DG-40c172b1bb48,ti_bearing_negative,0.518320739269257,0.539129376411438,0.536637425422668,0.537929058074951,1,0.505790829658508,0.002228915691376
VTM-005368,DG-de86fa3632b4,ti_bearing_negative,0.511173129081726,0.99150425195694,0.998817324638367,0.995079040527344,0,0.490815192461014,0.00374973192811
VTM-005374,DG-2c66a63a6464,ti_bearing_negative,0.493312656879425,0.999889135360718,0.999988436698914,0.999939441680908,0,0.49987581372261,0.000048996786063
VTM-005375,DG-39640ca657f9,ti_bearing_negative,0.435292273759842,0.964674055576324,0.99659788608551,0.982701778411865,0,0.459393292665482,0.014041669666767
VTM-005377,DG-6a66c2b01f42,ti_bearing_negative,0.436198443174362,0.352887779474258,0.087557084858418,0.203293919563293,1,0.999060571193695,0.551497220993042
VTM-005381,DG-5e68f4c7e58f,ti_bearing_negative,0.451715737581253,0.22797329723835,0.323195397853851,0.280182063579559,0,0.148660853505135,0.142817378044128
VTM-005389,DG-f7722b50e33b,ti_bearing_negative,0.498826533555984,0.99991774559021,0.999997913837433,0.999957919120789,0,0.49989977478981,0.000039995597035
VTM-005392,DG-d07a61839bef,ti_bearing_negative,0.503731071949005,0.999186813831329,0.999163746833801,0.999175429344177,1,0.500028848648071,0.000011393858586
VTM-005412,DG-0bee395c5e6b,ti_bearing_negative,0.501498222351074,0.978847920894623,0.93569153547287,0.957334399223328,1,0.556125462055206,0.02222353219986
VTM-005429,DG-c9518cace591,ti_bearing_negative,0.519100546836853,0.994037270545959,0.984916388988495,0.989651024341583,1,0.511520385742188,0.004422320984304
VTM-005430,DG-92a771378f20,ti_bearing_negative,0.457958430051804,0.734365582466125,0.663376092910767,0.695886254310608,1,0.6244136095047,0.053820759057999
VTM-005438,DG-61e7ea3ea73c,ti_bearing_negative,0.485612720251083,0.999365270137787,0.999554097652435,0.999462366104126,0,0.4997638463974,0.00009177668835
VTM-005444,DG-4cde2c9e2d97,ti_bearing_negative,0.545486390590668,0.98361337184906,0.988460838794708,0.985816597938538,0,0.493855148553848,0.002678694203496
VTM-005456,DG-3b84de37b851,ti_bearing_negative,0.510007917881012,0.902624070644379,0.935508549213409,0.918737173080444,0,0.455388814210892,0.018090195953846
VTM-005466,DG-da2c03b776f7,ti_bearing_negative,0.545630216598511,0.998574256896973,0.999277591705322,0.998893857002258,0,0.499119877815247,0.000384085869882
VTM-005470,DG-24d013f97f1d,ti_bearing_negative,0.514823317527771,0.999227404594421,0.995546340942383,0.997441411018372,1,0.504613280296326,0.001788973691873
VTM-005485,DG-079050260b7e,ti_bearing_negative,0.500549256801605,0.999958276748657,0.999957501888275,0.999957919120789,1,0.500000953674316,0.000000357642421
VTM-005488,DG-b4719eb6b67a,ti_bearing_negative,0.473124444484711,0.402628749608994,0.450138688087463,0.427660584449768,0,0.364078909158707,0.051225900650024
VTM-005493,DG-ac42f61a5639,ti_bearing_negative,0.512174665927887,0.999960064888,0.99998664855957,0.999973058700562,0,0.499966740608215,0.000013590133676
VTM-005496,DG-65f6c87ca97a,ti_bearing_negative,0.527042388916016,0.999296903610229,0.99962967634201,0.999454259872437,0,0.499583840370178,0.00017549682525
VTM-005504,DG-c176d6d92cef,ti_bearing_negative,0.503271341323853,0.266433298587799,0.452544808387756,0.358880221843719,0,0.06606213748455,0.231898069381714
VTM-005508,DG-339902f20eb8,ti_bearing_negative,0.502055108547211,0.999832510948181,0.999854624271393,0.99984347820282,0,0.499972343444824,0.000011147756595
VTM-005532,DG-0717b157f591,ti_bearing_negative,0.439827710390091,0.183975592255592,0.289666414260864,0.243180677294731,0,0.093669280409813,0.174925208091736
VTM-005534,DG-76848e5a61b8,ti_bearing_negative,0.537032783031464,0.997322618961334,0.996842920780182,0.997100532054901,1,0.500601351261139,0.00022270809859
VTM-005537,DG-0e4962b865b5,ti_bearing_negative,0.514084696769714,0.995381891727448,0.99619597196579,0.995777487754822,0,0.498978078365326,0.000420170370489
VTM-005549,DG-f6d44f8e05a9,ti_bearing_negative,0.479031294584274,0.999663710594177,0.999910712242126,0.999792397022247,0,0.499691188335419,0.000118332784041
VTM-005560,DG-af97b72376a2,ti_bearing_negative,0.481962531805038,0.833200395107269,0.726255238056183,0.777798771858215,1,0.665268778800964,0.068806335330009
VTM-005565,DG-1e6172c13dbd,ti_bearing_negative,0.494360655546188,0.999843239784241,0.999940454959869,0.999892354011536,0,0.499878436326981,0.0000481049683
VTM-005566,DG-d9b36dcc4a34,ti_bearing_negative,0.447731494903564,0.998326241970062,0.99961131811142,0.999035954475403,0,0.49839198589325,0.000575753045268
VTM-005574,DG-1f1284b6b11d,ti_bearing_negative,0.52795398235321,0.184460759162903,0.334324151277542,0.255203187465668,0,0.048643451184034,0.270051002502441
VTM-005576,DG-b49213ab3923,ti_bearing_negative,0.515206277370453,0.998237133026123,0.998741626739502,0.998481690883636,0,0.499368399381638,0.000260297209024
VTM-005577,DG-813b3ae51d09,ti_bearing_negative,0.509458720684052,0.001575329108164,0.002932282397524,0.002240970730782,0,0.042836464941502,0.268872261047363
VTM-005585,DG-0f4da15f35aa,ti_bearing_negative,0.506303250789642,0.315777778625488,0.163268476724625,0.240484431385994,1,0.9643674492836,0.272383451461792
VTM-005588,DG-c2683bcd1c1f,ti_bearing_negative,0.497722089290619,0.99558299779892,0.999512910842896,0.997556924819946,0,0.495075672864914,0.001958856359124
VTM-005592,DG-332c67ed2100,ti_bearing_negative,0.513401389122009,0.999902725219727,0.999888062477112,0.999895572662354,1,0.500018358230591,0.000007153277693
VTM-005599,DG-ed89121f6629,ti_bearing_negative,0.494863778352737,0.998749136924744,0.999570727348328,0.999164223670959,0,0.498972147703171,0.000406760984333
VTM-005602,DG-ffb5cc605a0d,ti_bearing_negative,0.516175389289856,0.912922263145447,0.959562063217163,0.935487747192383,0,0.43803733587265,0.025408949702978
VTM-005603,DG-e495ccd79b77,ti_bearing_negative,0.425489962100983,0.582497715950012,0.725560665130615,0.6646888256073,0,0.250096619129181,0.087625682353973
VTM-005608,DG-d8e9c5010398,ti_bearing_negative,0.503409266471863,0.999469935894012,0.999667763710022,0.999568164348602,0,0.499752640724182,0.00009963742923
VTM-005614,DG-3c7c076633bd,ti_bearing_negative,0.480174481868744,0.971482634544373,0.812760651111603,0.888974905014038,1,0.709289073944092,0.088754385709763
VTM-005624,DG-d16f8cb2f595,ti_bearing_negative,0.491177707910538,0.999456346035004,0.999626576900482,0.999542951583862,0,0.499787122011185,0.000083660066593
VTM-005630,DG-f9a284d3fda7,ti_bearing_negative,0.458412021398544,0.973704099655151,0.956791043281555,0.964544177055359,1,0.521889090538025,0.009451825171709
VTM-005631,DG-e4dffe40c6cb,ti_bearing_negative,0.505797743797302,0.987521171569824,0.997142016887665,0.992275834083557,0,0.487883239984512,0.004892076831311
VTM-005632,DG-2aafef7a383a,ti_bearing_negative,0.410544484853745,0.999693393707275,0.999650239944458,0.999667882919312,1,0.500053942203522,0.000025518937036
VTM-005633,DG-85b13a18b0d6,ti_bearing_negative,0.501782953739166,0.979833006858826,0.991512417793274,0.985651850700378,0,0.485192626714706,0.005928272381425
VTM-005651,DG-0c42c8b1793a,ti_bearing_negative,0.507762312889099,0.999047815799713,0.999894082546234,0.999464392662048,0,0.498941630125046,0.000429827749031
VTM-005652,DG-a64424bcdfe4,ti_bearing_negative,0.493113726377487,0.999803006649017,0.999947071075439,0.999876022338867,0,0.499819934368134,0.000071055023
VTM-005655,DG-27c4a3648cb3,ti_bearing_negative,0.476795196533203,0.988626182079315,0.877667248249054,0.930571913719177,1,0.644567430019379,0.060516923666
VTM-005689,DG-8712112fabb7,ti_bearing_negative,0.484778314828873,0.057965278625488,0.042891420423985,0.050198901444674,1,0.81844699382782,0.143851041793823
VTM-005693,DG-6457ef0452c7,ti_bearing_negative,0.506149768829346,0.999773800373077,0.999723792076111,0.999749064445496,1,0.500062525272369,0.000024741835659
VTM-005700,DG-c936989f4d5e,ti_bearing_negative,0.530807733535767,0.999749481678009,0.99977707862854,0.999762415885925,0,0.499965488910675,0.000014666118659
VTM-005704,DG-709c57fc8cc7,ti_bearing_negative,0.464014500379562,0.993082165718079,0.991953074932098,0.992476940155029,1,0.501422047615051,0.000609626993537
VTM-005709,DG-16b987b43680,ti_bearing_negative,0.443806648254395,0.715735673904419,0.897254824638367,0.81669545173645,0,0.244134396314621,0.09407364577055
VTM-005711,DG-6e0bf9e9d277,ti_bearing_negative,0.498560637235641,0.097116984426975,0.093910746276379,0.095509245991707,1,0.541865766048431,0.016693115234375
VTM-005725,DG-1f697f4ec5f7,ti_bearing_negative,0.457456469535828,0.013159858994186,0.005080855451524,0.00877664797008,1,0.991494178771973,0.405076503753662
VTM-005730,DG-704eeb78fcc7,ti_bearing_negative,0.483124643564224,0.706315279006958,0.716985583305359,0.711830496788025,0,0.481266289949417,0.007215917110443
VTM-005731,DG-4edf7399ab62,ti_bearing_negative,0.534640312194824,0.99944406747818,0.999500274658203,0.999470233917236,0,0.499929666519165,0.000030056224205
VTM-005741,DG-3ebc977ef5ef,ti_bearing_negative,0.512895047664642,0.999560534954071,0.996857881546021,0.998244047164917,1,0.503384351730347,0.001317934598774
VTM-005743,DG-0c2db8f54e92,ti_bearing_negative,0.506377995014191,0.999586164951324,0.999901056289673,0.999741554260254,0,0.499606251716614,0.000159530551173
VTM-005752,DG-8e79c5325c1b,ti_bearing_negative,0.540715277194977,0.999706923961639,0.999876916408539,0.99978494644165,0,0.499787420034409,0.000091985508334
VTM-005759,DG-7929dbd868ed,ti_bearing_negative,0.526418089866638,0.999930262565613,0.999831140041351,0.99988329410553,1,0.500123918056488,0.000046972840209
VTM-005762,DG-5b0d34ec1d83,ti_bearing_negative,0.501011788845062,0.999422907829285,0.999627351760864,0.99952495098114,0,0.499744296073914,0.000102444202639
VTM-005787,DG-42bdf66240cd,ti_bearing_negative,0.549057841300964,0.999855995178223,0.999858856201172,0.999857246875763,0,0.499996423721313,0.000001609543688
VTM-005790,DG-82462d906639,ti_bearing_negative,0.532273411750793,0.999752342700958,0.999916613101959,0.999829173088074,0,0.499794632196426,0.000087451131549
VTM-005792,DG-b6cd2438510e,ti_bearing_negative,0.54835307598114,0.998427033424377,0.998037695884705,0.99825119972229,1,0.500487506389618,0.000176126253791
VTM-005798,DG-687fa8add829,ti_bearing_negative,0.505421996116638,0.821370720863342,0.644139170646667,0.733715891838074,1,0.771235108375549,0.112852677702904
VTM-005803,DG-e31592ca22f6,ti_bearing_negative,0.482869386672974,0.999381542205811,0.999949276447296,0.999675154685974,0,0.499290108680725,0.000274173245998
VTM-005819,DG-5c045e2fed4d,ti_bearing_negative,0.550923764705658,0.99998152256012,0.999989211559296,0.999984979629517,0,0.499990344047546,0.000004231984349
VTM-005823,DG-9abe80d53af7,ti_bearing_negative,0.547815203666687,0.9997918009758,0.999381124973297,0.999606072902679,1,0.500513553619385,0.000185784010682
VTM-005840,DG-a3bd1156b8ce,ti_bearing_negative,0.499153017997742,0.999912261962891,0.999980032444,0.999946177005768,0,0.499915242195129,0.000033856686059
VTM-005841,DG-941a803e49e2,ti_bearing_negative,0.441968321800232,0.999612748622894,0.999718070030212,0.999671578407288,0,0.499868303537369,0.00004650579649
VTM-005844,DG-ebfa5e5ce3bb,ti_bearing_negative,0.388251751661301,0.95861279964447,0.997312605381012,0.982287287712097,0,0.450689494609833,0.015180448070168
VTM-005848,DG-3b173eae398c,ti_bearing_negative,0.489792287349701,0.970220386981964,0.987208902835846,0.978888034820557,0,0.478315532207489,0.008464402519166
VTM-005850,DG-d460441bd543,ti_bearing_negative,0.50519323348999,0.998747825622559,0.998784959316254,0.998766183853149,0,0.499953508377075,0.000018798513338
VTM-005857,DG-c4094baa6957,ti_bearing_negative,0.507882416248322,0.975652575492859,0.956893384456635,0.966420829296112,1,0.524249196052551,0.009507173672318
VTM-005860,DG-65135da4fe55,ti_bearing_negative,0.45419704914093,0.646217048168182,0.888666093349457,0.778546452522278,0,0.168971970677376,0.132292926311493
VTM-005874,DG-c0a90e628096,ti_bearing_negative,0.507651448249817,0.996660590171814,0.993822336196899,0.995263159275055,1,0.503564715385437,0.001403097296134
VTM-005877,DG-95ef4c769de9,ti_bearing_negative,0.514443516731262,0.511213719844818,0.708999335765839,0.607249855995178,0,0.163100942969322,0.154914259910583
VTM-005887,DG-d555425aaf1e,ti_bearing_negative,0.493435502052307,0.994476497173309,0.999269366264343,0.99690443277359,0,0.493990391492844,0.002369467634708
VTM-005892,DG-e89417f4a8dd,ti_bearing_negative,0.476483225822449,0.99416309595108,0.99952220916748,0.996968626976013,0,0.493280291557312,0.0025580720976
VTM-005900,DG-5f3351e3386a,ti_bearing_negative,0.510892391204834,0.973267257213593,0.994793713092804,0.983796000480652,0,0.472681403160095,0.011116833426058
VTM-005904,DG-89d2bb057019,ti_bearing_negative,0.495568513870239,0.889967143535614,0.938458263874054,0.914427578449249,0,0.434068858623505,0.025940112769604
VTM-005906,DG-7ef1d05e2314,ti_bearing_negative,0.432907313108444,0.99997615814209,0.999996721744537,0.999987840652466,0,0.499974250793457,0.000008881160284
VTM-005912,DG-ea39e1c2febd,ti_bearing_negative,0.403136730194092,0.000533092184924,0.000073498958955,0.000258777872659,1,0.999950170516968,0.722724437713623
VTM-005917,DG-7af830e7b295,ti_bearing_negative,0.520773887634277,0.999666333198547,0.999794960021973,0.999727964401245,0,0.499839186668396,0.000067011613282
VTM-005926,DG-6fb4d44dac17,ti_bearing_negative,0.488425374031067,0.999512314796448,0.999950408935547,0.999736428260803,0,0.499452233314514,0.000214014202356
VTM-005928,DG-04edd3e4bcae,ti_bearing_negative,0.461247146129608,0.261763483285904,0.403756141662598,0.338262438774109,0,0.102767258882523,0.176989018917084
VTM-005936,DG-5c3a91aff2a1,ti_bearing_negative,0.4832843542099,0.961453199386597,0.975919127464294,0.968927979469299,0,0.481341391801834,0.007189437747002
VTM-005938,DG-515c62e72241,ti_bearing_negative,0.516104459762573,0.6114781498909,0.564090490341187,0.588547468185425,1,0.599485695362091,0.038221657276154
VTM-005939,DG-15fb2069938e,ti_bearing_negative,0.48494753241539,0.999485373497009,0.999089241027832,0.999281287193298,1,0.500495493412018,0.000204212206881
VTM-005941,DG-47a3441522c8,ti_bearing_negative,0.507865786552429,0.997974574565887,0.990946471691132,0.994515776634216,1,0.508833229541779,0.003471837379038
VTM-005951,DG-b522ff58cccc,ti_bearing_negative,0.456941395998001,0.886604070663452,0.854516386985779,0.869178593158722,1,0.545948565006256,0.019849896430969
VTM-005955,DG-9d2bc60eb555,ti_bearing_negative,0.48217561841011,0.312372654676437,0.754166543483734,0.54114431142807,0,0.012043879367411,0.331927239894867
VTM-005988,DG-eb86b70421a9,ti_bearing_negative,0.519753932952881,0.968307197093964,0.9339240193367,0.951794803142548,1,0.545070230960846,0.017199918627739
VTM-005989,DG-5835055dc0ba,ti_bearing_negative,0.448487550020218,0.785935163497925,0.673011004924774,0.723656117916107,1,0.684723079204559,0.082557991147041
VTM-005992,DG-7c81200efab3,ti_bearing_negative,0.524320662021637,0.999928593635559,0.999925434589386,0.99992710351944,1,0.500003933906555,0.000001490225259
VTM-005999,DG-9a162709c233,ti_bearing_negative,0.537185966968536,0.998601973056793,0.998995184898376,0.998783946037292,0,0.499507904052734,0.000211473670788
VTM-006002,DG-b467d32facfc,ti_bearing_negative,0.485929727554321,0.251738011837006,0.26702219247818,0.259595155715942,0,0.426850080490112,0.028208494186401
VTM-006004,DG-b819474b362c,ti_bearing_negative,0.472994804382324,0.928933322429657,0.97537225484848,0.953406870365143,0,0.439322769641876,0.022777447476983
VTM-006015,DG-05fa5f831aed,ti_bearing_negative,0.543383955955505,0.999946713447571,0.999808549880981,0.999883651733398,1,0.500172734260559,0.000063067062001
VTM-006026,DG-6f3a25a6c49f,ti_bearing_negative,0.498240828514099,0.998903870582581,0.998925089836121,0.998914480209351,0,0.49997341632843,0.000010621151887
VTM-006030,DG-880ccde45771,ti_bearing_negative,0.529351830482483,0.999629616737366,0.999925494194031,0.999768853187561,0,0.499630063772202,0.000156664958922
VTM-006032,DG-f77e65097ce8,ti_bearing_negative,0.46510773897171,0.025655917823315,0.071599215269089,0.050230629742146,0,0.005872705485672,0.354459285736084
VTM-006044,DG-6c7a1785e320,ti_bearing_negative,0.464466005563736,0.934873521327972,0.879043281078339,0.904974579811096,1,0.576369047164917,0.032504394650459
VTM-006047,DG-f52571b1c9f2,ti_bearing_negative,0.552072286605835,0.999804198741913,0.999936580657959,0.999863505363464,0,0.499834477901459,0.000073082599556
VTM-006066,DG-6cb0b3e5bf32,ti_bearing_negative,0.482676297426224,0.999909162521362,0.999758362770081,0.999831199645996,1,0.500188529491425,0.000077972996223
VTM-006072,DG-e7debf1056e7,ti_bearing_negative,0.54704761505127,0.997722327709198,0.983385264873505,0.991228342056274,1,0.518084645271301,0.0065300851129
VTM-006073,DG-1da854b91f8a,ti_bearing_negative,0.538199782371521,0.976444900035858,0.877006113529205,0.930523991584778,1,0.63111937046051,0.04817046225071
VTM-006076,DG-a3ab802b364f,ti_bearing_negative,0.458544015884399,0.976134836673737,0.974206209182739,0.975090563297272,1,0.502472162246704,0.001070376485586
VTM-006087,DG-8bcac19e5501,ti_bearing_negative,0.490879774093628,0.981305658817291,0.952400684356689,0.966589570045471,1,0.53730320930481,0.015110019594431
VTM-006099,DG-0e41c5600ae5,ti_bearing_negative,0.48579865694046,0.959896445274353,0.979970753192902,0.970218658447266,0,0.474151462316513,0.010001260787249
VTM-006103,DG-eb456560513e,ti_bearing_negative,0.426210284233093,0.998238563537598,0.997544050216675,0.997840046882629,1,0.500869989395142,0.000399299548008
VTM-006104,DG-33c7cd5e70fd,ti_bearing_negative,0.440100967884064,0.99675190448761,0.978766143321991,0.986681699752808,1,0.522745728492737,0.010154402814806
VTM-006118,DG-17cbae49d9cd,ti_bearing_negative,0.541957974433899,0.999805152416229,0.999955952167511,0.999874234199524,0,0.499811470508575,0.000081724909251
VTM-006121,DG-f8e2b670495d,ti_bearing_negative,0.521046757698059,0.994430005550385,0.997311472892761,0.995810151100159,0,0.496383309364319,0.001506503205746
VTM-006128,DG-3903b62e79c5,ti_bearing_negative,0.494739919900894,0.999024748802185,0.99853253364563,0.998776078224182,1,0.500616014003754,0.000248944328632
VTM-006133,DG-0d226cb2c6ad,ti_bearing_negative,0.45757845044136,0.415737479925156,0.211044311523438,0.304707497358322,1,0.967388272285461,0.310701727867126
VTM-006135,DG-a4d745700c2c,ti_bearing_negative,0.517037630081177,0.99883645772934,0.997865378856659,0.998367428779602,1,0.501215815544128,0.000469685648568
VTM-006146,DG-940409abc7b8,ti_bearing_negative,0.490504145622253,0.999855756759644,0.999987244606018,0.999922752380371,0,0.499835610389709,0.000064495128754
VTM-006147,DG-f094c38bbdfc,ti_bearing_negative,0.409815520048141,0.000137527196785,0.000113498164865,0.000123345627799,1,0.723156571388245,0.108830451965332
VTM-006154,DG-51c9d8bdef90,ti_bearing_negative,0.545288443565369,0.999998927116394,0.99999326467514,0.999996304512024,1,0.500007092952728,0.000002622610737
VTM-006155,DG-3dee607599ff,ti_bearing_negative,0.442614704370499,0.993108987808228,0.996485948562622,0.994991302490234,0,0.495756834745407,0.001501042628661
VTM-006160,DG-5d69d7f406a2,ti_bearing_negative,0.473104596138,0.788993835449219,0.887498736381531,0.840895652770996,0,0.357038140296936,0.053939521312714
VTM-006166,DG-69ff997c6768,ti_bearing_negative,0.512108504772186,0.921329975128174,0.365248203277588,0.650022387504578,1,0.990303099155426,0.348811447620392
VTM-006168,DG-79befc0cd221,ti_bearing_negative,0.504869699478149,0.990955531597137,0.997197389602661,0.994046092033386,0,0.492151767015457,0.003165158210322
VTM-006184,DG-024b2664a4d6,ti_bearing_negative,0.504069447517395,0.946104049682617,0.985793471336365,0.965787291526794,0,0.448812067508698,0.020503256469965
VTM-006186,DG-d03c186f6f98,ti_bearing_negative,0.497679442167282,0.956314027309418,0.993923187255859,0.975205898284912,0,0.451931893825531,0.019011300057173
VTM-006198,DG-cccaec4a4002,ti_bearing_negative,0.430128961801529,0.997078895568848,0.998500645160675,0.997889161109924,0,0.498218834400177,0.000612589879893
VTM-006202,DG-164d11528603,ti_bearing_negative,0.549407422542572,0.9996058344841,0.997506201267242,0.998659729957581,1,0.502628326416016,0.000946925778408
VTM-006205,DG-851163b5530a,ti_bearing_negative,0.509817183017731,0.995709300041199,0.973832190036774,0.98498547077179,1,0.5277419090271,0.010828456841409
VTM-006211,DG-c089531fae23,ti_bearing_negative,0.453541487455368,0.000296160927974,0.000749771948904,0.000544040522072,0,0.009524364955723,0.32074499130249
VTM-006214,DG-739fb2a0e3f9,ti_bearing_negative,0.49988129734993,0.969649910926819,0.936858177185059,0.953250169754028,1,0.542898237705231,0.017057711258531
VTM-006221,DG-dfa1b0c969cd,ti_bearing_negative,0.519437253475189,0.998742997646332,0.993671894073486,0.99630606174469,1,0.506362676620483,0.002442984608933
VTM-006224,DG-ec50d0cabbb0,ti_bearing_negative,0.494725555181503,0.999772727489471,0.999990046024323,0.999882519245148,0,0.499728351831436,0.000107533633127
VTM-006226,DG-22783801f311,ti_bearing_negative,0.518779456615448,0.999847412109375,0.999906241893768,0.999875724315643,0,0.499926447868347,0.000030520910514
VTM-006240,DG-03c1738c442d,ti_bearing_negative,0.503254473209381,0.992298066616058,0.995560944080353,0.993918895721436,0,0.495896548032761,0.001650732010603
VTM-006263,DG-df7719687b4d,ti_bearing_negative,0.479979306459427,0.999859690666199,0.999982357025146,0.999923467636108,0,0.499846637248993,0.000058892164816
VTM-006269,DG-080f9389665d,ti_bearing_negative,0.478415548801422,0.998037397861481,0.995330393314362,0.996625483036041,1,0.503394961357117,0.001415692735463
VTM-006277,DG-657571a81034,ti_bearing_negative,0.507590472698212,0.999546110630035,0.999960541725159,0.999750196933746,0,0.499481856822968,0.000210375204915
VTM-006290,DG-889ae5b1ad07,ti_bearing_negative,0.466432690620422,0.979865491390228,0.993227064609528,0.986994743347168,0,0.483076512813568,0.00629458995536
VTM-006299,DG-5be70da63cd6,ti_bearing_negative,0.485670447349548,0.999963164329529,0.999987304210663,0.999975562095642,0,0.499969840049744,0.00001174233239
VTM-006326,DG-21adfe1c4cbf,ti_bearing_negative,0.468552827835083,0.998407065868378,0.99857234954834,0.998494923114777,0,0.499793082475662,0.000077540171333
VTM-006335,DG-87215e9257ea,ti_bearing_negative,0.458514451980591,0.004926780704409,0.016434928402305,0.011158276349306,0,0.002415057038888,0.387227535247803
VTM-006341,DG-c9696643cc67,ti_bearing_negative,0.47595340013504,0.999855279922485,0.999972462654114,0.999916672706604,0,0.499853521585464,0.000055793039792
VTM-006342,DG-7896e510a30e,ti_bearing_negative,0.511110782623291,0.999302744865417,0.999762117862701,0.999527335166931,0,0.49942547082901,0.0002348661219
VTM-006355,DG-b6e927e90cc0,ti_bearing_negative,0.482913434505463,0.99985408782959,0.999896764755249,0.999876141548157,0,0.499946653842926,0.000020625549951
VTM-006358,DG-897a24d3d3e2,ti_bearing_negative,0.513304710388184,0.997738361358643,0.993264615535736,0.995561003684998,1,0.505617201328278,0.002184678101912
VTM-006360,DG-d8812252657e,ti_bearing_negative,0.482640624046326,0.95840185880661,0.945655643939972,0.951807498931885,1,0.516729593276978,0.006904359906912
VTM-006367,DG-fb6d67ab70d6,ti_bearing_negative,0.487936705350876,0.698944866657257,0.474406689405441,0.583967089653015,1,0.874081015586853,0.179727226495743
VTM-006370,DG-51c3943a6237,ti_bearing_negative,0.530523955821991,0.731894254684448,0.498241126537323,0.622199714183807,1,0.87244588136673,0.162374913692474
VTM-006376,DG-04e190dc13ae,ti_bearing_negative,0.481987684965134,0.997967660427094,0.999587953090668,0.998806953430176,0,0.497972160577774,0.000781626964454
VTM-006381,DG-62828713339a,ti_bearing_negative,0.477010041475296,0.278919398784637,0.912136733531952,0.610085725784302,0,0.00266645476222,0.402190417051315
VTM-006383,DG-22c7f113163b,ti_bearing_negative,0.505341351032257,0.995974957942963,0.998620510101318,0.997283577919006,0,0.496684163808823,0.001339675975032
VTM-006385,DG-631d50c875d9,ti_bearing_negative,0.483565270900726,0.901905357837677,0.979159772396088,0.941802203655243,0,0.398690074682236,0.038899548351765
VTM-006388,DG-9441daf203a7,ti_bearing_negative,0.47422394156456,0.999889850616455,0.999990820884705,0.999942898750305,0,0.499873787164688,0.000047923720558
VTM-006398,DG-07e4a1a4c2be,ti_bearing_negative,0.558767437934875,0.860490441322327,0.856453835964203,0.858709335327148,1,0.505877375602722,0.002072021365166
VTM-006399,DG-7d04ce9e50c4,ti_bearing_negative,0.464132487773895,0.998712062835693,0.999585330486298,0.999180018901825,0,0.498907446861267,0.000405561964726
VTM-006401,DG-98d4e25af263,ti_bearing_negative,0.514690756797791,0.999943137168884,0.999911189079285,0.999927639961243,1,0.500039935112,0.000015498211724
VTM-006404,DG-5adb13ac2b99,ti_bearing_negative,0.451697409152985,0.996721684932709,0.99859207868576,0.997747242450714,0,0.497656524181366,0.000846385490149
VTM-006422,DG-963839bd48f1,ti_bearing_negative,0.550934672355652,0.966720402240753,0.965907216072083,0.966355204582214,1,0.501051902770996,0.000377841293812
VTM-006430,DG-9f5db367cfa9,ti_bearing_negative,0.463708788156509,0.998011350631714,0.997854351997375,0.997927188873291,1,0.500196635723114,0.000084333121777
VTM-006439,DG-46f6f56b3a50,ti_bearing_negative,0.467181175947189,0.998170495033264,0.99921041727066,0.998724579811096,0,0.49869841337204,0.000486339675263
VTM-006441,DG-caf5c4604de1,ti_bearing_negative,0.535534560680389,0.363378286361694,0.277904480695724,0.32367867231369,1,0.792627155780792,0.115693211555481
VTM-006452,DG-7df5336cab78,ti_bearing_negative,0.400740772485733,0.997244358062744,0.999737858772278,0.998738646507263,0,0.496878445148468,0.000999974086881
VTM-006470,DG-9ae91533d399,ti_bearing_negative,0.477267175912857,0.994832873344421,0.987659573554993,0.991083145141602,1,0.509044826030731,0.003776325378567
VTM-006472,DG-5b6236dd3f8e,ti_bearing_negative,0.519561111927032,0.926649451255798,0.958500564098358,0.941951990127563,0,0.457856714725494,0.017415843904018
VTM-006473,DG-f36fd62c5bc4,ti_bearing_negative,0.539943099021912,0.349488079547882,0.372715264558792,0.360173881053925,0,0.420254945755005,0.034227848052979
VTM-006486,DG-b124e2fb4830,ti_bearing_negative,0.522221803665161,0.998418569564819,0.998203992843628,0.998316049575806,1,0.500268638134003,0.000102687627077
VTM-006489,DG-53213b78d11f,ti_bearing_negative,0.474249362945557,0.967816531658173,0.97608470916748,0.972163558006287,0,0.489368051290512,0.004025314003229
VTM-006502,DG-5741601cbd93,ti_bearing_negative,0.513878464698792,0.001555451541208,0.01039987616241,0.005854916758835,0,0.000074835668784,0.574512004852295
VTM-006508,DG-4df48c172c1c,ti_bearing_negative,0.518567681312561,0.99934595823288,0.998827636241913,0.999096393585205,1,0.500648498535156,0.000249759177677
VTM-006517,DG-27908c57158d,ti_bearing_negative,0.496722966432571,0.923061549663544,0.855248987674713,0.888933062553406,1,0.594238758087158,0.037673972547054
VTM-006521,DG-0b01624a7ca7,ti_bearing_negative,0.511628091335297,0.991713285446167,0.990170180797577,0.990959644317627,1,0.50194650888443,0.000760227441788
VTM-006524,DG-8b3651c9588f,ti_bearing_negative,0.51630824804306,0.007142674643546,0.023045022040606,0.014834508299828,0,0.002852189587429,0.440493583679199
VTM-006527,DG-b601adb89efb,ti_bearing_negative,0.502662420272827,0.579992055892944,0.247478514909744,0.414620578289032,1,0.986053109169006,0.335650622844696
VTM-006545,DG-9951ef321bf5,ti_bearing_negative,0.506843447685242,0.151914030313492,0.126095026731491,0.139181226491928,1,0.717358112335205,0.087537884712219
VTM-006548,DG-bf6b30fac0e0,ti_bearing_negative,0.50553947687149,0.13688713312149,0.110938988626003,0.124056801199913,1,0.740944087505341,0.098417282104492
VTM-006550,DG-e3a1e6339ffd,ti_bearing_negative,0.501395404338837,0.999661207199097,0.999940574169159,0.999800503253937,0,0.499650716781616,0.00014008906146
VTM-006555,DG-20daa0953933,ti_bearing_negative,0.419147670269012,0.000340047146892,0.002913806587458,0.001835021306761,0,0.000021646246751,0.462404251098633
VTM-006560,DG-f69a00351c67,ti_bearing_negative,0.53734427690506,0.999964714050293,0.999992489814758,0.999977588653564,0,0.499965310096741,0.00001490138402
VTM-006563,DG-4d978c67aa9e,ti_bearing_negative,0.516521990299225,0.004795054439455,0.01209554169327,0.008324679918587,0,0.009696371853352,0.373612403869629
VTM-006567,DG-435b2166fcfd,ti_bearing_negative,0.467915624380112,0.384134501218796,0.648768246173859,0.524941980838776,0,0.067836090922356,0.211787819862366
VTM-006574,DG-f27200767c8b,ti_bearing_negative,0.544116079807281,0.939949870109558,0.92582505941391,0.933510541915894,1,0.518917500972748,0.006874285638332
VTM-006576,DG-af6ec356e0ea,ti_bearing_negative,0.536275923252106,0.999980688095093,0.999894082546234,0.999940514564514,1,0.500108242034912,0.000040175109461
VTM-006578,DG-dc49c01e8761,ti_bearing_negative,0.49421489238739,0.968144953250885,0.93796968460083,0.952882766723633,1,0.539497792720795,0.015889938920736
VTM-006589,DG-cd99d1811944,ti_bearing_negative,0.502757370471954,0.011860493570566,0.042766287922859,0.02722817286849,0,0.001637926441617,0.451497793197632
VTM-006611,DG-e5afb7ad2918,ti_bearing_negative,0.453332513570786,0.656928479671478,0.682861566543579,0.671105265617371,0,0.451754331588745,0.017366141080856
VTM-006612,DG-8794655ab0b0,ti_bearing_negative,0.539104402065277,0.999799787998199,0.998859047889709,0.999366164207458,1,0.501176714897156,0.000433804700151
VTM-006615,DG-de0c1ef8c0ab,ti_bearing_negative,0.520990252494812,0.999190628528595,0.999756336212158,0.999461591243744,0,0.499292492866516,0.000294860277791
VTM-006619,DG-79750eee60b4,ti_bearing_negative,0.450691789388657,0.995069265365601,0.999582648277283,0.997548460960388,0,0.494343400001526,0.002037110272795
VTM-006627,DG-baa9cd75f2aa,ti_bearing_negative,0.500829577445984,0.998590290546417,0.999923229217529,0.999255657196045,0,0.498332589864731,0.000667846237775
VTM-006631,DG-4984a0e070a3,ti_bearing_negative,0.508669555187225,0.046209990978241,0.091745093464851,0.068582773208618,0,0.031398601830006,0.290972709655762
VTM-006638,DG-a3d0a2b4b679,ti_bearing_negative,0.45720100402832,0.94380384683609,0.820059537887573,0.876635551452637,1,0.668787717819214,0.073827013373375
VTM-006649,DG-ba553b9f78d8,ti_bearing_negative,0.455960541963577,0.057567987591028,0.149170145392418,0.107403181493282,0,0.008487778715789,0.328497648239136
VTM-006656,DG-ba770972f44c,ti_bearing_negative,0.468099176883698,0.384968191385269,0.275830179452896,0.326917588710785,1,0.841158926486969,0.163452625274658
VTM-006658,DG-d0cd7fca26b0,ti_bearing_negative,0.55921745300293,0.892657220363617,0.82704085111618,0.863734662532806,1,0.594293355941772,0.032937042415142
VTM-006662,DG-4b32a6f555a8,ti_bearing_negative,0.521941602230072,0.990142941474915,0.968399167060852,0.979748129844666,1,0.527727723121643,0.010553789325058
VTM-006676,DG-28fe0d53cbcb,ti_bearing_negative,0.478273093700409,0.058743212372065,0.073771692812443,0.066583976149559,0,0.242504522204399,0.102511167526245
VTM-006686,DG-cc8068406fdb,ti_bearing_negative,0.499498158693314,0.31835401058197,0.435015797615051,0.37674343585968,0,0.173489987850189,0.143817961215973
VTM-006694,DG-29b1825e8715,ti_bearing_negative,0.522105395793915,0.999448716640472,0.998070597648621,0.998790144920349,1,0.501724779605865,0.000659152166918
VTM-006695,DG-b7294c84475d,ti_bearing_negative,0.526269853115082,0.999856472015381,0.999619960784912,0.999744415283203,1,0.500295698642731,0.00011207908392
VTM-006699,DG-427884a43332,ti_bearing_negative,0.519153833389282,0.99958211183548,0.999106884002686,0.999353587627411,1,0.500594437122345,0.000228645891184
VTM-006713,DG-1ec37aa5e726,ti_bearing_negative,0.470823049545288,0.930471777915955,0.87340384721756,0.900272727012634,1,0.578463315963745,0.032993994653225
VTM-006717,DG-f419ae6bbbb4,ti_bearing_negative,0.493523985147476,0.999955534934998,0.999878644943237,0.999916672706604,1,0.500096082687378,0.000038864709495
VTM-006722,DG-95457cf47677,ti_bearing_negative,0.439779281616211,0.826700031757355,0.968670845031738,0.906234979629517,0,0.311650395393372,0.066626235842705
VTM-006727,DG-3e8d7db7dcd5,ti_bearing_negative,0.531459331512451,0.999166965484619,0.997535347938538,0.99840247631073,1,0.502042829990387,0.000765419448726
VTM-006736,DG-9a48a40ccde1,ti_bearing_negative,0.501273095607758,0.999245643615723,0.995931386947632,0.997592747211456,1,0.504152715206146,0.001655513653532
VTM-006739,DG-49d36c554faf,ti_bearing_negative,0.43293297290802,0.894931375980377,0.990548729896545,0.949152827262878,0,0.375765681266785,0.042689237743616
VTM-006760,DG-c2dae3628371,ti_bearing_negative,0.536359786987305,0.124626301229,0.162756875157356,0.142305165529251,0,0.208384767174721,0.134283661842346
VTM-006762,DG-8aa936468bff,ti_bearing_negative,0.483665436506271,0.852003753185272,0.723575294017792,0.785691678524017,1,0.693584620952606,0.081026494503021
VTM-006764,DG-7e5b0fdb4344,ti_bearing_negative,0.501282811164856,0.999603927135468,0.999674677848816,0.999639213085175,0,0.499911576509476,0.000035476929042
VTM-006768,DG-db0c09836459,ti_bearing_negative,0.491496920585632,0.991857826709747,0.986940562725067,0.989357352256775,1,0.506212115287781,0.002524184063077
VTM-006769,DG-cfcb693bf04a,ti_bearing_negative,0.544479668140411,0.994407057762146,0.983211278915405,0.989307165145874,1,0.514149487018585,0.005141772795469
VTM-006775,DG-fb3739d096ba,ti_bearing_negative,0.416610687971115,0.947480320930481,0.992919087409973,0.973988771438599,0,0.441712439060211,0.019249401986599
VTM-006800,DG-93af9ae45661,ti_bearing_negative,0.486344397068024,0.802303731441498,0.402288496494293,0.5968337059021,1,0.969278454780579,0.295848727226257
VTM-006808,DG-274247834135,ti_bearing_negative,0.519379496574402,0.678323686122894,0.631244719028473,0.65569657087326,1,0.588956892490387,0.033926457166672
VTM-006811,DG-324aa3fb993b,ti_bearing_negative,0.463549166917801,0.033184431493282,0.05226069688797,0.043417911976576,0,0.093568727374077,0.185372591018677
VTM-006820,DG-0ad36bb22835,ti_bearing_negative,0.446699619293213,0.886272370815277,0.676568746566772,0.770243287086487,1,0.79412168264389,0.140317887067795
VTM-006828,DG-572c6e1b29cf,ti_bearing_negative,0.51802384853363,0.99956864118576,0.99874347448349,0.999170899391174,1,0.50103235244751,0.000397992611397
VTM-006835,DG-976162efd52d,ti_bearing_negative,0.489319622516632,0.999999284744263,0.999999701976776,0.999999463558197,0,0.499999463558197,0.000000238418693
VTM-006841,DG-d782a126480c,ti_bearing_negative,0.476273268461227,0.568645417690277,0.674044966697693,0.623845934867859,0,0.299391180276871,0.077393382787704
VTM-006843,DG-37f20bb797f6,ti_bearing_negative,0.509315133094788,0.006854089908302,0.005463091656566,0.006171548273414,1,0.756604850292206,0.104896068572998
VTM-006859,DG-c14002ab3d96,ti_bearing_negative,0.460064232349396,0.968148052692413,0.9771768450737,0.973023056983948,0,0.488398820161819,0.004259863868356
VTM-006866,DG-2e827dc0d743,ti_bearing_negative,0.503686666488647,0.995149791240692,0.981098294258118,0.988175868988037,1,0.517768263816833,0.007032583002001
VTM-006867,DG-dc30f957b384,ti_bearing_negative,0.474578201770782,0.820201396942139,0.874092638492584,0.848517060279846,0,0.421118825674057,0.02969616651535
VTM-006870,DG-bd0f44b9a219,ti_bearing_negative,0.492973476648331,0.999874711036682,0.998874723911285,0.999367713928223,1,0.501250743865967,0.000507189251948
VTM-006873,DG-3b16f1f7ae3b,ti_bearing_negative,0.543146371841431,0.99996554851532,0.999689877033234,0.999839603900909,1,0.500344634056091,0.000125956881675
VTM-006888,DG-c5e04dab9e55,ti_bearing_negative,0.493165254592896,0.999913096427917,0.999798655509949,0.999855101108551,1,0.500143051147461,0.000058002035075
VTM-006894,DG-b295684addf2,ti_bearing_negative,0.497066110372543,0.84635055065155,0.960787057876587,0.903904557228088,0,0.346582382917404,0.061029024422169
VTM-006901,DG-a05c3ec41e9b,ti_bearing_negative,0.45945480465889,0.004237871151417,0.022924218326807,0.014338687062263,0,0.000215860069147,0.469232559204102
VTM-006902,DG-41556c57df2e,ti_bearing_negative,0.480634093284607,0.91605281829834,0.674737274646759,0.790721774101257,1,0.821823835372925,0.147127866744995
VTM-006905,DG-150b97db1ed5,ti_bearing_negative,0.451299548149109,0.442743629217148,0.487883269786835,0.467511773109436,0,0.380971550941467,0.042651653289795
VTM-006910,DG-e789b552654f,ti_bearing_negative,0.514014661312103,0.998469531536102,0.998021721839905,0.998251914978027,1,0.500560760498047,0.000217973836698
VTM-006912,DG-50c3a4f32dca,ti_bearing_negative,0.55376935005188,0.999866843223572,0.999359965324402,0.999640703201294,1,0.500633835792542,0.000226195712457
VTM-006918,DG-7c308c9dab43,ti_bearing_negative,0.481986582279205,0.97993016242981,0.974491834640503,0.977113008499146,1,0.506955981254578,0.002878991886973
VTM-006929,DG-e45b873b349b,ti_bearing_negative,0.491255134344101,0.999835968017578,0.999729454517365,0.999781727790833,1,0.500133156776428,0.000054250587709
VTM-006930,DG-ff6543719653,ti_bearing_negative,0.462318390607834,0.999115169048309,0.993829548358917,0.996273159980774,1,0.506630063056946,0.002848579315469
VTM-006931,DG-80da0df15bc9,ti_bearing_negative,0.473569631576538,0.997642457485199,0.997049987316132,0.997330546379089,1,0.500742554664612,0.000312696909532
VTM-006940,DG-f8eac39685c3,ti_bearing_negative,0.511079788208008,0.894200563430786,0.864203631877899,0.879534482955933,1,0.542548954486847,0.016537323594093
VTM-006941,DG-a3bf8e0c2735,ti_bearing_negative,0.543951392173767,0.999842405319214,0.999776899814606,0.999812543392181,1,0.500081896781921,0.000029867092962
VTM-006945,DG-7cc381722b28,ti_bearing_negative,0.58829140663147,0.999990463256836,0.999964892864227,0.999979972839355,1,0.5000319480896,0.000010490572095
VTM-006950,DG-fd6add762b03,ti_bearing_negative,0.563854575157166,0.999969601631165,0.999982833862305,0.999975323677063,0,0.499983429908752,0.000007510341675
VTM-006960,DG-b903cef5ba47,ti_bearing_negative,0.521132946014404,0.991318881511688,0.963386416435242,0.977942943572998,1,0.535666406154633,0.013584931381047
VTM-006970,DG-a5055325124d,ti_bearing_negative,0.473269432783127,0.995730698108673,0.99856698513031,0.997224569320679,0,0.496444523334503,0.001345246797428
VTM-006974,DG-2ff781f66d60,ti_bearing_negative,0.484123766422272,0.99920254945755,0.99904465675354,0.999121129512787,1,0.500197529792786,0.000081488280557
VTM-006977,DG-533a333a5892,ti_bearing_negative,0.463153898715973,0.997680127620697,0.997882843017578,0.997788906097412,0,0.499746024608612,0.000094140646979
VTM-006986,DG-0bc5b3e46a0d,ti_bearing_negative,0.534983277320862,0.999792277812958,0.999503910541534,0.999658226966858,1,0.500360548496246,0.000134087676997
VTM-006987,DG-98b11bd155c8,ti_bearing_negative,0.504278719425201,0.994995474815369,0.997533023357391,0.996253371238708,0,0.496816188097,0.001283640274778
VTM-006990,DG-2b2ea134f51d,ti_bearing_negative,0.500257790088654,0.996174454689026,0.988383769989014,0.992281079292297,1,0.509812891483307,0.003915984649211
VTM-007001,DG-89fab996b86b,ti_bearing_negative,0.448665618896484,0.81826788187027,0.738392353057861,0.774229764938354,1,0.625643491744995,0.05532106757164
VTM-007004,DG-9fe3d439c13b,ti_bearing_negative,0.458511829376221,0.956408560276031,0.832501828670502,0.889314532279968,1,0.666800379753113,0.072734206914902
VTM-007005,DG-b60d9e551559,ti_bearing_negative,0.540398478507996,0.99995493888855,0.999995708465576,0.999973654747009,0,0.499948978424072,0.000022054056899
VTM-007010,DG-0ec618511ad4,ti_bearing_negative,0.430744677782059,0.999630570411682,0.99802154302597,0.998714685440063,1,0.502013683319092,0.000916643533856
VTM-007013,DG-01222be22952,ti_bearing_negative,0.468941420316696,0.999285280704498,0.999233305454254,0.999257683753967,1,0.50006502866745,0.000027617090382
VTM-007018,DG-1dda17c268fa,ti_bearing_negative,0.532972276210785,0.999431192874908,0.999454438686371,0.999442100524902,0,0.49997091293335,0.000012344971765
VTM-007023,DG-2ef9b4a21d58,ti_bearing_negative,0.510872781276703,0.999936938285828,0.999758124351501,0.999849438667297,1,0.500223577022552,0.000087508968136
VTM-007027,DG-7ed628655879,ti_bearing_negative,0.528607308864594,0.998399436473846,0.99732631444931,0.997893571853638,1,0.501344263553619,0.000506803975441
VTM-007044,DG-20eeefe564a9,ti_bearing_negative,0.514415264129639,0.99600213766098,0.992968499660492,0.994529068470001,1,0.503813028335571,0.001480076927692
VTM-007051,DG-d546f4f714d0,ti_bearing_negative,0.49834817647934,0.998913168907166,0.999335706233978,0.999125123023987,0,0.499471396207809,0.000210745434742
VTM-007059,DG-6f0f91e3caf1,ti_bearing_negative,0.515259802341461,0.494557291269302,0.774249017238617,0.630135118961334,0,0.096115343272686,0.205959290266037
VTM-007069,DG-2c498ec9571c,ti_bearing_negative,0.51750373840332,0.997995972633362,0.998366236686707,0.998174607753754,0,0.499536335468292,0.000191960949451
VTM-007090,DG-d756d548d187,ti_bearing_negative,0.497159093618393,0.050598982721567,0.057641256600618,0.054140124469995,0,0.342643767595291,0.062662839889526
VTM-007094,DG-e808a00229ec,ti_bearing_negative,0.546161770820618,0.999727666378021,0.99930065870285,0.999533891677856,1,0.500533998012543,0.000193846295588
VTM-007109,DG-bf027770eb96,ti_bearing_negative,0.524040281772614,0.001414585276507,0.002764990087599,0.002057323465124,0,0.033862374722958,0.295630931854248
VTM-007120,DG-6fff38c8220a,ti_bearing_negative,0.461680024862289,0.999389410018921,0.99703061580658,0.998119592666626,1,0.502953767776489,0.001271401066333
VTM-007122,DG-1c23f6265714,ti_bearing_negative,0.490656316280365,0.999821841716766,0.999837517738342,0.999829888343811,0,0.499980390071869,0.000007630660548
VTM-007124,DG-a1c2905680cc,ti_bearing_negative,0.544206082820892,0.715377748012543,0.928260564804077,0.812408447265625,0,0.213743105530739,0.133309245109558
VTM-007128,DG-b3616b59c81b,ti_bearing_negative,0.448769420385361,0.944229304790497,0.970157742500305,0.958521842956543,0,0.466189593076706,0.012066328898072
VTM-007147,DG-f9e089e8facb,ti_bearing_negative,0.494915902614594,0.982242941856384,0.943855404853821,0.962854027748108,1,0.549667716026306,0.019936854019761
VTM-007154,DG-2cf873189778,ti_bearing_negative,0.535077810287476,0.998610258102417,0.99852442741394,0.998570322990417,1,0.500107407569885,0.000039991457015
VTM-007158,DG-6fa9f3162f55,ti_bearing_negative,0.487673193216324,0.999233245849609,0.999749422073364,0.999497711658478,0,0.499354481697083,0.000251805206062
VTM-007161,DG-6abd37c096b6,ti_bearing_negative,0.523912727832794,0.987539529800415,0.969350814819336,0.978880107402802,1,0.523220717906952,0.008807356469333
VTM-007162,DG-7edd29b2860c,ti_bearing_negative,0.542931258678436,0.999267280101776,0.99901670217514,0.999152779579163,1,0.500313460826874,0.000114591035526
VTM-007163,DG-9e315c7691df,ti_bearing_negative,0.538404166698456,0.995557844638824,0.991225957870483,0.9935582280159,1,0.505450665950775,0.002010558731854
VTM-007185,DG-046f9f33d680,ti_bearing_negative,0.42232021689415,0.938562095165253,0.880805253982544,0.905197083950043,1,0.57873010635376,0.036196328699589
VTM-007187,DG-0c46c2fafea7,ti_bearing_negative,0.554643929004669,0.999937057495117,0.999971032142639,0.99995219707489,0,0.49995756149292,0.000018835789888
VTM-007199,DG-6c3ae4a1d1a0,ti_bearing_negative,0.519013524055481,0.998996078968048,0.999240398406982,0.9991135597229,0,0.499694287776947,0.000126943166833
VTM-007203,DG-b428def3a94a,ti_bearing_negative,0.489536702632904,0.01752863638103,0.020447921007872,0.019018825143576,0,0.316429793834686,0.072452068328857
VTM-007205,DG-6376137ade96,ti_bearing_negative,0.54912930727005,0.999996066093445,0.999999105930328,0.999997437000275,0,0.499996185302734,0.000001668932782
VTM-007228,DG-8bd2c83a5fe9,ti_bearing_negative,0.542428851127625,0.999932765960693,0.999894976615906,0.999915480613708,1,0.500047266483307,0.000017286656657
VTM-007229,DG-62194d9b9232,ti_bearing_negative,0.497878223657608,0.996702134609222,0.997067868709564,0.996885776519775,0,0.499541401863098,0.000182644231245
VTM-007237,DG-bd3be6d3f397,ti_bearing_negative,0.513394892215729,0.813305497169495,0.598188936710358,0.70862865447998,1,0.822882652282715,0.137775182723999
VTM-007239,DG-3b8accffce7c,ti_bearing_negative,0.501283764839172,0.992561161518097,0.988420069217682,0.990495920181274,1,0.505225896835327,0.002082887571305
VTM-007243,DG-6e3cf0193dd7,ti_bearing_negative,0.46097007393837,0.001058510853909,0.000324192311382,0.000662691192701,1,0.997312426567078,0.46830940246582
VTM-007251,DG-37a4972b4fe1,ti_bearing_negative,0.52787446975708,0.578314125537872,0.281586199998856,0.438221275806427,1,0.973361313343048,0.277393221855164
VTM-007252,DG-3c095ee2eab0,ti_bearing_negative,0.550482630729675,0.999906659126282,0.999895751476288,0.99990177154541,1,0.500013649463654,0.000004888046533
VTM-007261,DG-1226137be5c0,ti_bearing_negative,0.466160327196121,0.933615267276764,0.965582728385925,0.950680792331696,0,0.458014905452728,0.015553433448076
VTM-007286,DG-d7db773b2bd9,ti_bearing_negative,0.508774399757385,0.978682100772858,0.988249778747559,0.983381986618042,0,0.487841665744781,0.004937840625644
VTM-007292,DG-b16a23ea0aac,ti_bearing_negative,0.535539746284485,0.007059583440423,0.014478498138487,0.010505374521017,0,0.026820760220289,0.320777416229248
VTM-007300,DG-e70f3efe9f30,ti_bearing_negative,0.486478477716446,0.999695897102356,0.999847948551178,0.999773979187012,0,0.499809920787811,0.000073983363109
VTM-007307,DG-24e9142adf23,ti_bearing_negative,0.501126408576965,0.948743522167206,0.924326658248901,0.936562597751617,1,0.53254508972168,0.012922141700983
VTM-007319,DG-28b6b3a4f765,ti_bearing_negative,0.592032492160797,0.992604851722717,0.912987947463989,0.960123777389526,1,0.603016495704651,0.033270440995693
VTM-007322,DG-9260e13edbc6,ti_bearing_negative,0.545696616172791,0.99980503320694,0.999579250812531,0.999702453613281,1,0.500282347202301,0.000102604855783
VTM-007342,DG-8a74e4296a6b,ti_bearing_negative,0.504483580589294,0.999520182609558,0.999652087688446,0.999585509300232,0,0.499835073947906,0.000066603766754
VTM-007345,DG-10145a2db206,ti_bearing_negative,0.490746796131134,0.968388557434082,0.964620113372803,0.966469466686249,1,0.504873633384705,0.00198370218277
VTM-007350,DG-3e8800d96dc5,ti_bearing_negative,0.555713772773743,0.999957680702209,0.999814808368683,0.999894142150879,1,0.500178635120392,0.000063543258875
VTM-007353,DG-43792b295ada,ti_bearing_negative,0.450157761573792,0.060247767716646,0.087893791496754,0.075448721647263,0,0.131436362862587,0.152675867080688
VTM-007361,DG-b78357a0b422,ti_bearing_negative,0.489045202732086,0.87149840593338,0.949341595172882,0.911272764205933,0,0.394658178091049,0.040926422923803
VTM-007367,DG-6ab7feb751b7,ti_bearing_negative,0.500570893287659,0.595195472240448,0.667008280754089,0.631060898303986,0,0.361337691545486,0.05540007352829
VTM-007370,DG-46edbbec4b8b,ti_bearing_negative,0.53613668680191,0.996077954769135,0.993369519710541,0.994821667671204,1,0.50340348482132,0.001262029632926
VTM-007372,DG-6700dcbe3931,ti_bearing_negative,0.583637475967407,0.999999523162842,0.999994874000549,0.999997556209564,1,0.500005841255188,0.000001966956006
VTM-007375,DG-078f82858e2d,ti_bearing_negative,0.503169536590576,0.998327553272247,0.999827563762665,0.999072790145874,0,0.49812325835228,0.000755188870244
VTM-007391,DG-5fcb25c5575c,ti_bearing_negative,0.493324965238571,0.998181343078613,0.998088359832764,0.998134195804596,1,0.500116407871246,0.000047234236263
VTM-007396,DG-bdcbaf51d9e0,ti_bearing_negative,0.489417135715485,0.984684586524963,0.992458879947662,0.988654017448425,0,0.490170985460281,0.003841140773147
VTM-007398,DG-1764143d9082,ti_bearing_negative,0.474829733371735,0.983669757843018,0.987381517887115,0.985619068145752,0,0.495292276144028,0.001786568202078
VTM-007403,DG-a975a24db879,ti_bearing_negative,0.534114301204681,0.999661087989807,0.999711215496063,0.999684453010559,0,0.499937295913696,0.000026770576369
VTM-007406,DG-7a95076bbf06,ti_bearing_negative,0.513883173465729,0.999293565750122,0.999317586421967,0.999305248260498,0,0.499969959259033,0.000012346659787
VTM-007409,DG-5d4ad1086699,ti_bearing_negative,0.434506207704544,0.991127550601959,0.993961989879608,0.992730438709259,0,0.496430426836014,0.001239800825715
VTM-007414,DG-e28095c71fb8,ti_bearing_negative,0.492712050676346,0.010900782421231,0.001365274307318,0.006063534412533,1,0.999969124794006,0.586541652679443
VTM-007415,DG-2ebe4176a243,ti_bearing_negative,0.508106708526611,0.999755084514618,0.999571979045868,0.999665021896362,1,0.500228941440582,0.000090088724392
VTM-007416,DG-d369058e43e8,ti_bearing_negative,0.571185886859894,0.999902844429016,0.999379992485046,0.999678611755371,1,0.500653803348541,0.000224279618124
VTM-007429,DG-1f52d7ff3f31,ti_bearing_negative,0.548928499221802,0.999969124794006,0.99998950958252,0.999978303909302,0,0.499974489212036,0.000011205852388
VTM-007433,DG-67c4157d4b76,ti_bearing_negative,0.48694321513176,0.083119072020054,0.135640725493431,0.110065653920174,0,0.079535305500031,0.208932518959045
VTM-007435,DG-d9a2abb06b19,ti_bearing_negative,0.500251531600952,0.999598562717438,0.999709665775299,0.999654054641724,0,0.499861031770706,0.000055628857808
VTM-007436,DG-7a3b1da6b475,ti_bearing_negative,0.559293806552887,0.998251020908356,0.997805714607239,0.998054802417755,1,0.500557720661163,0.000196581589989
VTM-007448,DG-0dfa45fe0f94,ti_bearing_negative,0.441405981779099,0.432170838117599,0.856090545654297,0.668969810009003,0,0.03174451738596,0.246637210249901
VTM-007462,DG-5ab7357a6294,ti_bearing_negative,0.461899966001511,0.701387107372284,0.594825088977814,0.644046068191528,1,0.695076882839203,0.085289716720581
VTM-007468,DG-d114907a6d47,ti_bearing_negative,0.503681361675262,0.047332677990198,0.041891314089298,0.044632025063038,1,0.64808052778244,0.058749437332153
VTM-007474,DG-65eb8b11cd54,ti_bearing_negative,0.495947808027267,0.877949595451355,0.797481179237366,0.837389290332794,1,0.617902457714081,0.047300115227699
VTM-007476,DG-54e22f95540f,ti_bearing_negative,0.40451791882515,0.004535995423794,0.018499191850424,0.012850829400122,0,0.000885551737156,0.364318609237671
VTM-007489,DG-6053f4abb38f,ti_bearing_negative,0.462604433298111,0.816310524940491,0.754123568534851,0.782891511917114,1,0.597772657871246,0.041800707578659
VTM-007491,DG-85cd64b3fc74,ti_bearing_negative,0.54126650094986,0.999002039432526,0.996766924858093,0.997976779937744,1,0.502799808979034,0.00102681061253
VTM-007503,DG-36db2ad65736,ti_bearing_negative,0.442541897296906,0.010134409181774,0.039783380925655,0.026662468910217,0,0.00107156438753,0.400192260742188
VTM-007515,DG-59dcd97c8c64,ti_bearing_negative,0.495801478624344,0.690523505210876,0.684672176837921,0.687573313713074,1,0.510635733604431,0.004281550645828
VTM-007522,DG-84d5a75f9ecf,ti_bearing_negative,0.552138030529022,0.999538660049438,0.999816238880157,0.999662935733795,0,0.499652922153473,0.000153343076818
VTM-007525,DG-b5e30a4f9e1b,ti_bearing_negative,0.511431694030762,0.976536989212036,0.982575595378876,0.979487299919128,0,0.492294758558273,0.003148011863232
VTM-007528,DG-eba6c0258cb6,ti_bearing_negative,0.453312516212463,0.336845964193344,0.22525343298912,0.27583971619606,1,0.882051050662994,0.199805855751038
VTM-007541,DG-853d50566222,ti_bearing_negative,0.548727095127106,0.999959707260132,0.999988853931427,0.999972820281982,0,0.499963521957397,0.000016033956854
VTM-007547,DG-5405144eefc6,ti_bearing_negative,0.565923154354095,0.999942898750305,0.999841690063477,0.999898970127106,1,0.500126540660858,0.000043932093831
VTM-007551,DG-e72871ff4ef9,ti_bearing_negative,0.523582577705383,0.999001681804657,0.998486638069153,0.998756349086761,1,0.500644624233246,0.000245608040132
VTM-007568,DG-c6b340b3b65f,ti_bearing_negative,0.497152239084244,0.095465287566185,0.16985747218132,0.132873237133026,0,0.053101569414139,0.245564103126526
VTM-007574,DG-0b37c6b024f1,ti_bearing_negative,0.484966665506363,0.943342387676239,0.974927127361298,0.959609627723694,0,0.458925992250443,0.015836162492633
VTM-007582,DG-6ca3139f2a0c,ti_bearing_negative,0.525486826896667,0.147341370582581,0.324556022882462,0.231432050466537,0,0.01891821436584,0.33817195892334
VTM-007595,DG-20c5e65ea882,ti_bearing_negative,0.383686095476151,0.00081318244338,0.022477293387055,0.014165076427162,0,0.000000061975591,0.461725950241089
VTM-007598,DG-71344868f634,ti_bearing_negative,0.438244670629501,0.066675283014774,0.08658292144537,0.077858500182629,0,0.213099643588066,0.106209516525269
VTM-007605,DG-2871d7bc6dff,ti_bearing_negative,0.493192046880722,0.105476051568985,0.096586130559444,0.100970566272736,1,0.608317017555237,0.043654918670654
VTM-007610,DG-9d8c6d791723,ti_bearing_negative,0.508126258850098,0.999122798442841,0.998730897903442,0.998930037021637,1,0.500490427017212,0.000192949199118
VTM-007617,DG-1c79a22441f4,ti_bearing_negative,0.524559915065765,0.998792767524719,0.999326646327972,0.999046623706818,0,0.499332010746002,0.000280250620563
VTM-007636,DG-405bb566e26a,ti_bearing_negative,0.503085672855377,0.983412027359009,0.986065328121185,0.98473048210144,0,0.496632039546967,0.001354626379907
VTM-007638,DG-4498d09d267a,ti_bearing_negative,0.537340581417084,0.999718725681305,0.999858558177948,0.999783396720886,0,0.499825179576874,0.000075174917583
VTM-007645,DG-74eb0f8dc49e,ti_bearing_negative,0.50908350944519,0.974066257476807,0.978361487388611,0.976174831390381,0,0.494500339031219,0.002237521111965
VTM-007675,DG-a74db90043b0,ti_bearing_negative,0.538866102695465,0.998945653438568,0.998605370521545,0.998788714408875,1,0.50042587518692,0.000157117028721
VTM-007683,DG-c4e06e4474ff,ti_bearing_negative,0.521048665046692,0.989968180656433,0.991042673587799,0.990482807159424,0,0.49864399433136,0.000565086491406
VTM-007685,DG-56317e8a023a,ti_bearing_negative,0.527331650257111,0.997527301311493,0.993783473968506,0.995757699012756,1,0.504700064659119,0.001775564160198
VTM-007688,DG-c25c7b6ccd0e,ti_bearing_negative,0.515211582183838,0.99982076883316,0.999258399009705,0.999548196792603,1,0.500703275203705,0.000272658071481
VTM-007696,DG-2155ddc89d92,ti_bearing_negative,0.523980617523193,0.99970680475235,0.999284267425537,0.999505698680878,1,0.500528395175934,0.000201185321203
VTM-007709,DG-71409bac15bc,ti_bearing_negative,0.488764703273773,0.999754965305328,0.999940931797028,0.999850034713745,0,0.499767541885376,0.000090906585683
VTM-007710,DG-3a52f45087f7,ti_bearing_negative,0.509434103965759,0.86301201581955,0.913599073886871,0.887828350067139,0,0.429273456335068,0.028613403439522
VTM-007714,DG-32b3a1a4ecc5,ti_bearing_negative,0.519330739974976,0.99973851442337,0.999337196350098,0.999545633792877,1,0.500501871109009,0.000192949693883
VTM-007722,DG-ee470684de7e,ti_bearing_negative,0.478595405817032,0.968251764774323,0.943702697753906,0.955451786518097,1,0.532057166099548,0.013307839632034
VTM-007723,DG-ba0d1648a410,ti_bearing_negative,0.561746716499329,0.999717533588409,0.999412417411804,0.999583840370178,1,0.500381529331207,0.000133739929879
VTM-007727,DG-987140179ffc,ti_bearing_negative,0.500181257724762,0.643870711326599,0.837325513362885,0.740563035011292,0,0.211889252066612,0.122802153229713
VTM-007730,DG-4bbbf139667a,ti_bearing_negative,0.542094051837921,0.999960422515869,0.999701976776123,0.999842047691345,1,0.500323116779327,0.000118386509712
VTM-007731,DG-6a147391f6ad,ti_bearing_negative,0.527974665164948,0.996517181396484,0.998181462287903,0.997302770614624,0,0.497914105653763,0.000880680163391
VTM-007748,DG-2c0335d61c6b,ti_bearing_negative,0.53760039806366,0.999171257019043,0.99953430891037,0.99933910369873,0,0.499545872211456,0.000195315253222
VTM-007752,DG-d08319715b3a,ti_bearing_negative,0.46301943063736,0.341725289821625,0.188529327511787,0.259462028741837,1,0.951374888420105,0.275396823883057
VTM-007758,DG-343ef46d5aca,ti_bearing_negative,0.397777795791626,0.722061932086945,0.674091875553131,0.693173289299011,1,0.585094451904297,0.040830880403519
VTM-007763,DG-1eb835c3c7f6,ti_bearing_negative,0.528448760509491,0.99988842010498,0.999914407730103,0.999900698661804,0,0.499967515468597,0.000013710341591
VTM-007774,DG-efad84efe938,ti_bearing_negative,0.521538138389587,0.945837080478668,0.923859834671021,0.935321807861328,1,0.529353678226471,0.011179689317942
VTM-007783,DG-0639794d2da2,ti_bearing_negative,0.499515533447266,0.997778832912445,0.999483704566956,0.998632073402405,0,0.497866004705429,0.000852434255648
VTM-007790,DG-caa5b44c312a,ti_bearing_negative,0.544543266296387,0.993443131446838,0.990241169929504,0.991984784603119,1,0.504035294055939,0.00146905053407
VTM-007792,DG-d485733ada3a,ti_bearing_negative,0.538704514503479,0.999895572662354,0.999935865402222,0.999914169311523,0,0.499949634075165,0.000021697713237
VTM-007800,DG-1d5c5aead1b8,ti_bearing_negative,0.510845482349396,0.99967634677887,0.999891519546509,0.999781608581543,0,0.499730974435806,0.000109928929305
VTM-007811,DG-8f54133821ea,ti_bearing_negative,0.519294679164886,0.963050603866577,0.981076836585999,0.971715927124023,0,0.476835578680038,0.009587274864316
VTM-007812,DG-84c69b51a89a,ti_bearing_negative,0.516023099422455,0.24377703666687,0.260162532329559,0.251707226037979,0,0.419393748044968,0.033039927482605
VTM-007823,DG-e905e6823fff,ti_bearing_negative,0.471383661031723,0.938425600528717,0.981183588504791,0.961028158664703,0,0.444534212350845,0.020755877718329
VTM-007824,DG-6aa3f4b99321,ti_bearing_negative,0.475641787052155,0.498255580663681,0.47829607129097,0.487789630889893,1,0.550926804542542,0.021228969097137
VTM-007829,DG-9d49e72e52e6,ti_bearing_negative,0.457419395446777,0.001982510555536,0.001679588574916,0.001818150980398,1,0.696159183979034,0.086543560028076
VTM-007839,DG-4d12da4a8f58,ti_bearing_negative,0.503104448318481,0.99780946969986,0.999705493450165,0.998751580715179,0,0.497627019882202,0.000954649352934
VTM-007840,DG-e1d512291723,ti_bearing_negative,0.550642967224121,0.996253490447998,0.998024821281433,0.997049450874329,0,0.497779488563538,0.000977778574452
VTM-007845,DG-85892eb00cdc,ti_bearing_negative,0.575493335723877,0.02752897515893,0.048225168138742,0.036314643919468,0,0.057150956243277,0.283659934997559
VTM-007854,DG-0d38e1e501e8,ti_bearing_negative,0.475800484418869,0.99998414516449,0.999974966049194,0.999979317188263,1,0.500011503696442,0.000004828065357
VTM-007858,DG-a76b6607ea84,ti_bearing_negative,0.515163421630859,0.986297607421875,0.988440275192261,0.987336456775665,0,0.497287392616272,0.001117351464927
VTM-007862,DG-4689198a2a8b,ti_bearing_negative,0.457526326179504,0.977226853370667,0.992817163467407,0.985684216022491,0,0.480225682258606,0.007210486568511
VTM-007865,DG-3795b87ccf1d,ti_bearing_negative,0.499943375587463,0.599910140037537,0.575663268566132,0.587785363197327,1,0.551389098167419,0.020417988300323
VTM-007873,DG-c339fb8506d8,ti_bearing_negative,0.499920129776001,0.99600213766098,0.998088419437408,0.997045457363129,0,0.497384488582611,0.001045505981892
VTM-007876,DG-fe93bacd498d,ti_bearing_negative,0.545177042484283,0.99994421005249,0.999958276748657,0.999950647354126,0,0.499982416629791,0.000007629743777
VTM-007878,DG-56020073eff6,ti_bearing_negative,0.511808335781097,0.992128491401672,0.979667663574219,0.986045241355896,1,0.515793800354004,0.006150390021503
VTM-007880,DG-5a11cc76e702,ti_bearing_negative,0.465346574783325,0.997315943241119,0.999405264854431,0.998432993888855,0,0.497384130954742,0.00097332301084
VTM-007886,DG-59adb4c7dad3,ti_bearing_negative,0.435376852750778,0.124689735472202,0.464854091405869,0.316754370927811,0,0.001386652118526,0.383596956729889
VTM-007893,DG-6fb732827a92,ti_bearing_negative,0.438761621713638,0.883014261722565,0.403087109327316,0.613660752773285,1,0.980562925338745,0.363899081945419
VTM-007894,DG-4df9821c3e1c,ti_bearing_negative,0.490982174873352,0.952847361564636,0.894486725330353,0.92314076423645,1,0.578354775905609,0.031672995537519
VTM-007898,DG-6d4fc6348c62,ti_bearing_negative,0.517674267292023,0.99716454744339,0.994797348976135,0.996022820472717,1,0.50297087430954,0.001145629677922
VTM-007901,DG-40acbebb3508,ti_bearing_negative,0.538812160491943,0.98866593837738,0.963703155517578,0.977153420448303,1,0.531922996044159,0.011712825857103
VTM-007903,DG-7ff60ff66308,ti_bearing_negative,0.539183974266052,0.9571413397789,0.978344738483429,0.966912150382996,0,0.472638577222824,0.011754456907511
VTM-007905,DG-d2d26ad861cb,ti_bearing_negative,0.471172869205475,0.961252987384796,0.978732526302338,0.970496654510498,0,0.47748926281929,0.008450439199805
VTM-007912,DG-7b1218264a7b,ti_bearing_negative,0.504126012325287,0.999382734298706,0.999435365200043,0.999408841133118,0,0.499934196472168,0.00002653937554
VTM-007921,DG-a0a86c8858a9,ti_bearing_negative,0.524769723415375,0.998775064945221,0.999468982219696,0.999104797840118,0,0.499131888151169,0.000364444276784
VTM-007924,DG-f70e400cbca6,ti_bearing_negative,0.513964116573334,0.001593508874066,0.002992934547365,0.002273679943755,0,0.04102911055088,0.27485466003418
VTM-007937,DG-41baf59af19b,ti_bearing_negative,0.511418640613556,0.675166130065918,0.65010130405426,0.662919878959656,1,0.547147691249847,0.018304616212845
VTM-007947,DG-798c7be509e8,ti_bearing_negative,0.506312847137451,0.999597728252411,0.99688994884491,0.998260974884033,1,0.503390610218048,0.001338186324574
VTM-007952,DG-a20d5b6a47a0,ti_bearing_negative,0.501118302345276,0.999868512153625,0.999901950359344,0.999885201454163,0,0.499958157539368,0.000016750687792
VTM-007962,DG-026a8342cee1,ti_bearing_negative,0.551686823368073,0.999963998794556,0.999985754489899,0.999973773956299,0,0.499972820281982,0.000011980775525
VTM-007977,DG-22c936992342,ti_bearing_negative,0.471087068319321,0.926607191562653,0.96412056684494,0.946448445320129,0,0.450553834438324,0.018499858677387
VTM-007978,DG-c5750fed4181,ti_bearing_negative,0.538842260837555,0.999981999397278,0.999994456768036,0.999987721443176,0,0.499984443187714,0.000006735384886
VTM-007989,DG-562321c44003,ti_bearing_negative,0.463252365589142,0.988316237926483,0.97613251209259,0.981776654720306,1,0.515500545501709,0.006638882681727
VTM-007994,DG-5b71d6d6923b,ti_bearing_negative,0.513716161251068,0.999267518520355,0.999545276165009,0.999402582645416,0,0.499652624130249,0.000142768636579
VTM-007996,DG-e43d758c890d,ti_bearing_negative,0.526280045509338,0.999969482421875,0.999634027481079,0.999810576438904,1,0.50041937828064,0.000158923459821
VTM-008000,DG-d1ffd72ca7ef,ti_bearing_negative,0.506425023078918,0.963332176208496,0.850593090057373,0.907686948776245,1,0.650746524333954,0.059498742222786
VTM-008007,DG-6aad59b2755f,ti_bearing_negative,0.51919823884964,0.99480813741684,0.99388861656189,0.994366049766541,1,0.501155972480774,0.000444493722171
VTM-008008,DG-ccf7b9848cbd,ti_bearing_negative,0.400590777397156,0.991270303726196,0.997742354869843,0.995149731636047,0,0.491865932941437,0.002601871732622
VTM-008009,DG-88d4a74974d5,ti_bearing_negative,0.545560300350189,0.999721348285675,0.999768793582916,0.999742925167084,0,0.499940633773804,0.000025874745916
VTM-008010,DG-03bbadd91390,ti_bearing_negative,0.431211441755295,0.955414593219757,0.967396318912506,0.962229609489441,0,0.484426438808441,0.005355156958103
VTM-008013,DG-333e8a4ffe0a,ti_bearing_negative,0.489974290132523,0.070082329213619,0.147182703018188,0.109405510127544,0,0.023892221972346,0.296613335609436
VTM-008028,DG-52e008a07520,ti_bearing_negative,0.456259369850159,0.039884094148874,0.274954676628113,0.167701527476311,0,0.000064219275373,0.494420528411865
VTM-008029,DG-347b4d8678a7,ti_bearing_negative,0.447638034820557,0.465775638818741,0.586039543151855,0.532204866409302,0,0.240778580307961,0.096358716487885
VTM-008052,DG-ea7bc113ffc0,ti_bearing_negative,0.513262987136841,0.998287856578827,0.99465537071228,0.996519804000854,1,0.5045565366745,0.001772655057721
VTM-008053,DG-60d6884f0157,ti_bearing_negative,0.444798976182938,0.916568279266357,0.903250396251678,0.909174203872681,1,0.518287777900696,0.008099846541882
VTM-008054,DG-19155c3790f5,ti_bearing_negative,0.41556242108345,0.476171255111694,0.609468817710876,0.554075360298157,0,0.225473210215569,0.095287084579468
VTM-008055,DG-70694e58d00d,ti_bearing_negative,0.488531857728958,0.491750717163086,0.777395844459534,0.637849092483521,0,0.091963827610016,0.197847962379456
VTM-008068,DG-aa3b0ef6744c,ti_bearing_negative,0.501555442810059,0.999853849411011,0.999222338199615,0.999539077281952,1,0.500789761543274,0.000314867706038
VTM-008078,DG-1ed848caa49d,ti_bearing_negative,0.47760596871376,0.959958970546722,0.946467816829681,0.95291131734848,1,0.517684578895569,0.007368698716164
VTM-008081,DG-56404c5dcb5c,ti_bearing_negative,0.513551771640778,0.876125276088715,0.907855629920959,0.891560435295105,0,0.455646544694901,0.018112137913704
VTM-008108,DG-22b739c6f700,ti_bearing_negative,0.534638345241547,0.993836462497711,0.993827283382416,0.993832230567932,1,0.500011563301086,0.000004258006811
VTM-008110,DG-b28b0701dea9,ti_bearing_negative,0.540885269641876,0.876741766929626,0.928949654102325,0.900711178779602,0,0.428197234869003,0.030869893729687
VTM-008132,DG-4d7d26ec9ba0,ti_bearing_negative,0.527370274066925,0.992636919021606,0.993092238903046,0.992852091789246,0,0.499426782131195,0.000241846777499
VTM-008135,DG-d98230c0416f,ti_bearing_negative,0.576801180839539,0.999951481819153,0.999923944473267,0.999939799308777,1,0.50003445148468,0.000011683143384
VTM-008144,DG-73444cb255dd,ti_bearing_negative,0.460327357053757,0.182298347353935,0.199851274490356,0.191771179437637,0,0.38707023859024,0.041270613670349
VTM-008145,DG-0a478b8c133a,ti_bearing_negative,0.44067108631134,0.885060250759125,0.340355813503265,0.58039128780365,1,0.991660058498383,0.421953231096268
VTM-008147,DG-1b09ad6d2a4c,ti_bearing_negative,0.487817764282227,0.997113585472107,0.99752950668335,0.997326612472534,0,0.499478697776794,0.000203417381272
VTM-008148,DG-5cff4f9f6214,ti_bearing_negative,0.4964200258255,0.479156821966171,0.544911086559296,0.512269377708435,0,0.344574719667435,0.061771988868713
VTM-008159,DG-a7dd9ed455d1,ti_bearing_negative,0.426993250846863,0.438938409090042,0.7430180311203,0.613178074359894,0,0.067119270563126,0.19206491112709
VTM-008161,DG-f1f71068f770,ti_bearing_negative,0.454946935176849,0.073933012783527,0.01758393459022,0.043219774961472,1,0.999239563941956,0.536861181259155
VTM-008171,DG-24b085764219,ti_bearing_negative,0.511850297451019,0.7004114985466,0.703045010566711,0.701697051525116,0,0.495308965444565,0.0019191801548
VTM-008177,DG-91a894539908,ti_bearing_negative,0.494080990552902,0.997388422489166,0.988903939723969,0.993095993995667,1,0.510677218437195,0.004312955308706
VTM-008184,DG-5b625de3328d,ti_bearing_negative,0.503119885921478,0.995449602603912,0.99027818441391,0.992879986763,1,0.506510376930237,0.00258469954133
VTM-008197,DG-4a7ff03c06e3,ti_bearing_negative,0.502406358718872,0.998290598392487,0.999598801136017,0.998941540718079,0,0.498363018035889,0.000657740456518
VTM-008216,DG-c73ad8022773,ti_bearing_negative,0.46897304058075,0.999790370464325,0.999807298183441,0.999799370765686,0,0.499978840351105,0.00000792897481
VTM-008229,DG-6a1a0b945ad6,ti_bearing_negative,0.459032565355301,0.368349522352219,0.333045959472656,0.349251449108124,1,0.623342216014862,0.053240060806274
VTM-008244,DG-428d3b6aab04,ti_bearing_negative,0.498289853334427,0.995887458324432,0.994712948799133,0.995298266410828,1,0.501475095748901,0.000591800082475
VTM-008246,DG-bbc4fca58409,ti_bearing_negative,0.495015144348145,0.972645819187164,0.995741844177246,0.984308958053589,0,0.470698565244675,0.011548202484846
VTM-008252,DG-da87b5a0a78e,ti_bearing_negative,0.466611444950104,0.606468856334686,0.776196420192719,0.696999549865723,0,0.22552378475666,0.107620865106583
VTM-008270,DG-ac656433f160,ti_bearing_negative,0.523099601268768,0.99994683265686,0.999990224838257,0.999967515468597,0,0.499945759773254,0.000022709849873
VTM-008277,DG-6427e0dac4b9,ti_bearing_negative,0.426073908805847,0.000747822166886,0.002908514579758,0.001987899886444,0,0.001122400630265,0.380563735961914
VTM-008278,DG-5837b03cdaab,ti_bearing_negative,0.492950797080994,0.999629974365234,0.999679148197174,0.999654948711395,0,0.499938488006592,0.00002420754754
VTM-008282,DG-d0426e5432f8,ti_bearing_negative,0.457241326570511,0.421105861663818,0.579924523830414,0.507306098937988,0,0.167972013354301,0.133783400058746
VTM-008287,DG-f7bde709b857,ti_bearing_negative,0.480421602725983,0.142837181687355,0.437552183866501,0.29596471786499,0,0.003693600650877,0.390955686569214
VTM-008295,DG-430415d3676a,ti_bearing_negative,0.487309157848358,0.998086333274841,0.998499393463135,0.998298048973083,0,0.499482810497284,0.000201667426154
VTM-008301,DG-fead9aab2d7b,ti_bearing_negative,0.486245214939117,0.99997878074646,0.999998807907104,0.999989092350006,0,0.499974966049194,0.000009715615306
VTM-008305,DG-afbf9a468989,ti_bearing_negative,0.542958498001099,0.999936103820801,0.99941474199295,0.999697804450989,1,0.500651895999908,0.000238342996454
VTM-008308,DG-d421c9d97d4d,ti_bearing_negative,0.375455141067505,0.999965786933899,0.999999284744263,0.99998676776886,0,0.499958097934723,0.000012517062714
VTM-008331,DG-15e583cb03d2,ti_bearing_negative,0.435481816530228,0.995828926563263,0.922778964042664,0.954590916633606,1,0.594097077846527,0.042292591184378
VTM-008334,DG-76f247383dac,ti_bearing_negative,0.391799956560135,0.994710564613342,0.999942004680634,0.997892379760742,0,0.493443518877029,0.002051847521216
VTM-008338,DG-c11b2ae78475,ti_bearing_negative,0.414946496486664,0.00000011920929,0.00000011920929,0.00000011920929,1,0.5,0
VTM-008340,DG-a5939853ecee,ti_bearing_negative,0.450056463479996,0.939214766025543,0.935089588165283,0.936946213245392,1,0.505502104759216,0.002418294548988
VTM-008346,DG-cd6e501513da,ti_bearing_negative,0.518811464309692,0.999919176101685,0.999986588954926,0.999951601028442,0,0.499915719032288,0.000034989006963
VTM-008352,DG-a0d5da6afc9c,ti_bearing_negative,0.502082884311676,0.991254806518555,0.992072761058807,0.991662085056305,0,0.498968929052353,0.00041404273361
VTM-008354,DG-05fbbad5e134,ti_bearing_negative,0.435676425695419,0.999475181102753,0.999978601932526,0.999759197235107,0,0.499370545148849,0.000219433466555
VTM-008365,DG-04be8950b477,ti_bearing_negative,0.5420001745224,0.999960780143738,0.999833166599274,0.999902307987213,1,0.500159502029419,0.000058476161939
VTM-008369,DG-5e7cd2c55bbf,ti_bearing_negative,0.498338580131531,0.098106443881989,0.011319561861455,0.054568812251091,1,0.999979496002197,0.586590528488159
VTM-008374,DG-a9b36f57d758,ti_bearing_negative,0.354834735393524,0.997984528541565,0.999960482120514,0.999259352684021,0,0.497527539730072,0.000701403070707
VTM-008392,DG-fbdf412f7c6a,ti_bearing_negative,0.502666115760803,0.991288661956787,0.973807334899902,0.982594609260559,1,0.522225737571716,0.008809141814709
VTM-008400,DG-7bbecbca43ce,ti_bearing_negative,0.464847087860107,0.004192426335067,0.013191012665629,0.009008046239614,0,0.003232433926314,0.381417751312256
VTM-008401,DG-7ac0b4b77a0b,ti_bearing_negative,0.430592179298401,0.892410695552826,0.989955723285675,0.947953581809998,0,0.37316358089447,0.04335468262434
VTM-008420,DG-4ba065011a4b,ti_bearing_negative,0.377725094556808,0.106577329337597,0.230186298489571,0.183496087789536,0,0.020834498107433,0.226695537567139
VTM-008432,DG-810ceb1a47af,ti_bearing_negative,0.51460075378418,0.99991500377655,0.999835729598999,0.999876499176025,1,0.500099062919617,0.000038508616854
VTM-008435,DG-6a8269454853,ti_bearing_negative,0.508527040481567,0.999870181083679,0.99998676776886,0.999927461147308,0,0.499854236841202,0.000059309168137
VTM-008441,DG-844ccbe6fe55,ti_bearing_negative,0.510490298271179,0.006715676747262,0.016329631209373,0.011421800591052,0,0.011627523228526,0.357457637786865
VTM-008442,DG-a26ff750ff4e,ti_bearing_negative,0.522903025150299,0.000099530610896,0.000931451038923,0.000496437307447,0,0.0000139308504,0.629286289215088
VTM-008457,DG-7f63a58eb601,ti_bearing_negative,0.48900318145752,0.982889354228973,0.899519145488739,0.940287470817566,1,0.6090167760849,0.04431090503931
VTM-008468,DG-7a194f983480,ti_bearing_negative,0.509867250919342,0.998450875282288,0.99437689781189,0.996454119682312,1,0.505110621452332,0.002001855988055
VTM-008480,DG-c4b22843003f,ti_bearing_negative,0.493131011724472,0.001154561759904,0.000900169252418,0.001025618053973,1,0.776340901851654,0.118425846099854
VTM-008483,DG-d832acf01fc3,ti_bearing_negative,0.566757261753082,0.999796569347382,0.99980092048645,0.999798476696014,0,0.499994516372681,0.000002444285201
VTM-008489,DG-10c13ffc1b53,ti_bearing_negative,0.492893278598785,0.999920964241028,0.999880909919739,0.999900698661804,1,0.500050067901611,0.000020267390937
VTM-008497,DG-1014339889b8,ti_bearing_negative,0.56315279006958,0.999188601970673,0.997969090938568,0.998655915260315,1,0.501526534557343,0.000533261452802
VTM-008515,DG-1ca93cb551fa,ti_bearing_negative,0.534792423248291,0.995753765106201,0.995864450931549,0.995805263519287,0,0.499861031770706,0.000059434678406
VTM-008516,DG-79d7803dca3b,ti_bearing_negative,0.440523266792297,0.510777592658997,0.210359424352646,0.342700600624084,1,0.988290548324585,0.39907705783844
VTM-008519,DG-18f17feb53fc,ti_bearing_negative,0.480902582406998,0.657797336578369,0.739718198776245,0.700322270393372,0,0.357355177402496,0.05472868680954
VTM-008521,DG-e3e6703e3340,ti_bearing_negative,0.474396228790283,0.726609349250793,0.836919665336609,0.784588813781738,0,0.330329418182373,0.064568310976028
VTM-008540,DG-5b2d32b530f9,ti_bearing_negative,0.370471775531769,0.945594727993011,0.992600858211517,0.975186407566071,0,0.439652383327484,0.017699988558888
VTM-008541,DG-07ad4e1ac4a2,ti_bearing_negative,0.467682212591171,0.001186927896924,0.001962270122021,0.001599656301551,0,0.074905499815941,0.204313278198242
VTM-008545,DG-866bffc9ce8c,ti_bearing_negative,0.474424570798874,0.379039853811264,0.406139582395554,0.393282771110535,0,0.414528012275696,0.032168030738831
VTM-008550,DG-d444b9b42633,ti_bearing_negative,0.361240178346634,0.943280458450317,0.910313546657562,0.922222554683685,1,0.544351279735565,0.022577069699764
VTM-008551,DG-6d64bd2ef61b,ti_bearing_negative,0.489089578390121,0.98889148235321,0.989982962608337,0.989449083805084,0,0.498621106147766,0.000539425760508
VTM-008555,DG-4ea71fbee401,ti_bearing_negative,0.505991578102112,0.998671412467957,0.998846352100372,0.998757839202881,0,0.499781042337418,0.00008861895185
VTM-008558,DG-ad6ffb42c482,ti_bearing_negative,0.36903715133667,0.999953389167786,0.999999105930328,0.999982237815857,0,0.49994283914566,0.000016868272724
VTM-008564,DG-8758aa99c2f7,ti_bearing_negative,0.478423565626144,0.000252781959716,0.001236353069544,0.000765789416619,0,0.000357161072316,0.479013919830322
VTM-008566,DG-c4af76b19f14,ti_bearing_negative,0.410019874572754,0.041666224598885,0.034128669649363,0.03721921890974,1,0.730619132518768,0.112865686416626
VTM-008567,DG-8e475bbf99c1,ti_bearing_negative,0.514340460300446,0.997663140296936,0.994693875312805,0.99622106552124,1,0.50372576713562,0.001446498092264
VTM-008569,DG-7c5c33f532b9,ti_bearing_negative,0.403910547494888,0.935683250427246,0.865882813930511,0.894075989723206,1,0.595713794231415,0.045486241579056
VTM-008583,DG-c28b5a826bdc,ti_bearing_negative,0.481225818395615,0.355786293745041,0.082414321601391,0.213967978954315,1,0.999333560466766,0.508503794670105
VTM-008597,DG-dee15e82bc19,ti_bearing_negative,0.550810694694519,0.996578395366669,0.995798230171204,0.996227979660034,1,0.500978946685791,0.000351680675521
VTM-008603,DG-835541a8f5bd,ti_bearing_negative,0.46874338388443,0.042203478515148,0.060158830136061,0.051742374897003,0,0.145240694284439,0.150711059570312
VTM-008605,DG-974039a14331,ti_bearing_negative,0.436703473329544,0.233315095305443,0.156502410769463,0.190046787261963,1,0.880438804626465,0.205119609832764
