review_order,contact_sheet,tile_index,image_id,relative_path,mineral_label,four_class_label,four_class_id,mindat_photo_id,split_group_id,split,review_decision,review_reason,expert_note,reviewer,review_date
1,anatase_001.jpg,1,VTM-005338,raw_negative/ti_bearing_negative/anatase/anatase_mindat_p004587_188_raw.jpg,anatase,ti_bearing_negative,1,4587,DG-b0ae07246945,test,keep,,,,
2,anatase_001.jpg,2,VTM-005346,raw_negative/ti_bearing_negative/anatase/anatase_mindat_p006866_053_raw.jpg,anatase,ti_bearing_negative,1,6866,DG-a212476f0e24,train,keep,,,,
3,anatase_001.jpg,3,VTM-005347,raw_negative/ti_bearing_negative/anatase/anatase_mindat_p008684_199_raw.jpg,anatase,ti_bearing_negative,1,8684,DG-42bdb7cc3c63,val,keep,,,,
4,anatase_001.jpg,4,VTM-005352,raw_negative/ti_bearing_negative/anatase/anatase_mindat_p010399_149_raw.jpg,anatase,ti_bearing_negative,1,10399,DG-d661883affb5,train,keep,,,,
5,anatase_001.jpg,5,VTM-005365,raw_negative/ti_bearing_negative/anatase/anatase_mindat_p011452_222_raw.jpg,anatase,ti_bearing_negative,1,11452,DG-a1437ff40cf2,train,keep,,,,
6,anatase_001.jpg,6,VTM-005372,raw_negative/ti_bearing_negative/anatase/anatase_mindat_p012239_015_raw.jpg,anatase,ti_bearing_negative,1,12239,DG-b8c2d02d8565,train,keep,,,,
7,anatase_001.jpg,7,VTM-005391,raw_negative/ti_bearing_negative/anatase/anatase_mindat_p022090_209_raw.jpg,anatase,ti_bearing_negative,1,22090,DG-b1a569d70870,val,keep,,,,
8,anatase_001.jpg,8,VTM-005397,raw_negative/ti_bearing_negative/anatase/anatase_mindat_p025320_201_raw.jpg,anatase,ti_bearing_negative,1,25320,DG-d433d69a75eb,train,keep,,,,
9,anatase_001.jpg,9,VTM-005411,raw_negative/ti_bearing_negative/anatase/anatase_mindat_p028821_123_raw.jpg,anatase,ti_bearing_negative,1,28821,DG-b94b31ef413b,val,keep,,,,
10,anatase_001.jpg,10,VTM-005434,raw_negative/ti_bearing_negative/anatase/anatase_mindat_p035408_204_raw.jpg,anatase,ti_bearing_negative,1,35408,DG-4f427de763e3,val,keep,,,,
11,anatase_001.jpg,11,VTM-005467,raw_negative/ti_bearing_negative/anatase/anatase_mindat_p044300_050_raw.jpg,anatase,ti_bearing_negative,1,44300,DG-9c63372a2b99,train,keep,,,,
12,anatase_001.jpg,12,VTM-005556,raw_negative/ti_bearing_negative/anatase/anatase_mindat_p079094_107_raw.jpg,anatase,ti_bearing_negative,1,79094,DG-5ac03a5b098a,train,keep,,,,
13,anatase_001.jpg,13,VTM-005611,raw_negative/ti_bearing_negative/anatase/anatase_mindat_p1001182_019_raw.jpg,anatase,ti_bearing_negative,1,1001182,DG-0075b5b5203e,train,keep,,,,
14,anatase_001.jpg,14,VTM-005612,raw_negative/ti_bearing_negative/anatase/anatase_mindat_p1006955_062_raw.jpg,anatase,ti_bearing_negative,1,1006955,DG-bbf7cebfb45c,val,keep,,,,
15,anatase_001.jpg,15,VTM-005626,raw_negative/ti_bearing_negative/anatase/anatase_mindat_p104212_184_raw.jpg,anatase,ti_bearing_negative,1,104212,DG-ced3f034947d,train,keep,,,,
16,anatase_001.jpg,16,VTM-005653,raw_negative/ti_bearing_negative/anatase/anatase_mindat_p109200_067_raw.jpg,anatase,ti_bearing_negative,1,109200,DG-cabec6b110ac,train,keep,,,,
17,anatase_001.jpg,17,VTM-005654,raw_negative/ti_bearing_negative/anatase/anatase_mindat_p109203_074_raw.jpg,anatase,ti_bearing_negative,1,109203,DG-dd082813bbc6,train,keep,,,,
18,anatase_001.jpg,18,VTM-005687,raw_negative/ti_bearing_negative/anatase/anatase_mindat_p1134719_123_raw.jpg,anatase,ti_bearing_negative,1,1134719,DG-49da130d858c,train,keep,,,,
19,anatase_001.jpg,19,VTM-005727,raw_negative/ti_bearing_negative/anatase/anatase_mindat_p121396_109_raw.jpg,anatase,ti_bearing_negative,1,121396,DG-5f53bc236448,train,keep,,,,
20,anatase_001.jpg,20,VTM-005729,raw_negative/ti_bearing_negative/anatase/anatase_mindat_p121447_012_raw.jpg,anatase,ti_bearing_negative,1,121447,DG-0138cb5de0f1,train,keep,,,,
21,anatase_001.jpg,21,VTM-005785,raw_negative/ti_bearing_negative/anatase/anatase_mindat_p131158_065_raw.jpg,anatase,ti_bearing_negative,1,131158,DG-60dcdd31a143,train,keep,,,,
22,anatase_001.jpg,22,VTM-005797,raw_negative/ti_bearing_negative/anatase/anatase_mindat_p131841_054_raw.jpg,anatase,ti_bearing_negative,1,131841,DG-7ee1f605e2f4,train,keep,,,,
23,anatase_001.jpg,23,VTM-005805,raw_negative/ti_bearing_negative/anatase/anatase_mindat_p1332964_023_raw.jpg,anatase,ti_bearing_negative,1,1332964,DG-eae3ed981d24,train,keep,,,,
24,anatase_001.jpg,24,VTM-005842,raw_negative/ti_bearing_negative/anatase/anatase_mindat_p139153_092_raw.jpg,anatase,ti_bearing_negative,1,139153,DG-287a2c8cbe40,val,keep,,,,
25,anatase_001.jpg,25,VTM-005843,raw_negative/ti_bearing_negative/anatase/anatase_mindat_p139155_096_raw.jpg,anatase,ti_bearing_negative,1,139155,DG-9971cc2be60b,train,keep,,,,
26,anatase_002.jpg,1,VTM-005845,raw_negative/ti_bearing_negative/anatase/anatase_mindat_p139187_053_raw.jpg,anatase,ti_bearing_negative,1,139187,DG-bd8af52d1134,train,keep,,,,
27,anatase_002.jpg,2,VTM-005879,raw_negative/ti_bearing_negative/anatase/anatase_mindat_p1567181_039_raw.jpg,anatase,ti_bearing_negative,1,1567181,DG-65eeba6548d2,train,keep,,,,
28,anatase_002.jpg,3,VTM-005900,raw_negative/ti_bearing_negative/anatase/anatase_mindat_p162715_084_raw.jpg,anatase,ti_bearing_negative,1,162715,DG-5f3351e3386a,test,keep,,,,
29,anatase_002.jpg,4,VTM-005918,raw_negative/ti_bearing_negative/anatase/anatase_mindat_p171128_244_raw.jpg,anatase,ti_bearing_negative,1,171128,DG-1a9d016a380a,train,keep,,,,
30,anatase_002.jpg,5,VTM-005943,raw_negative/ti_bearing_negative/anatase/anatase_mindat_p194185_291_raw.jpg,anatase,ti_bearing_negative,1,194185,DG-464bdfb55752,val,keep,,,,
31,anatase_002.jpg,6,VTM-005984,raw_negative/ti_bearing_negative/anatase/anatase_mindat_p214166_151_raw.jpg,anatase,ti_bearing_negative,1,214166,DG-d7ec79b96a89,train,keep,,,,
32,anatase_002.jpg,7,VTM-006008,raw_negative/ti_bearing_negative/anatase/anatase_mindat_p234794_026_raw.jpg,anatase,ti_bearing_negative,1,234794,DG-0ae4fd881765,train,keep,,,,
33,anatase_002.jpg,8,VTM-006034,raw_negative/ti_bearing_negative/anatase/anatase_mindat_p244896_089_raw.jpg,anatase,ti_bearing_negative,1,244896,DG-3bea6acbbaff,train,keep,,,,
34,anatase_002.jpg,9,VTM-006075,raw_negative/ti_bearing_negative/anatase/anatase_mindat_p278547_199_raw.jpg,anatase,ti_bearing_negative,1,278547,DG-482f84d024e3,train,keep,,,,
35,anatase_002.jpg,10,VTM-006103,raw_negative/ti_bearing_negative/anatase/anatase_mindat_p295145_029_raw.jpg,anatase,ti_bearing_negative,1,295145,DG-eb456560513e,test,keep,,,,
36,anatase_002.jpg,11,VTM-006104,raw_negative/ti_bearing_negative/anatase/anatase_mindat_p296555_288_raw.jpg,anatase,ti_bearing_negative,1,296555,DG-33c7cd5e70fd,test,keep,,,,
37,anatase_002.jpg,12,VTM-006108,raw_negative/ti_bearing_negative/anatase/anatase_mindat_p299904_071_raw.jpg,anatase,ti_bearing_negative,1,299904,DG-85e3e10359ff,val,keep,,,,
38,anatase_002.jpg,13,VTM-006113,raw_negative/ti_bearing_negative/anatase/anatase_mindat_p303049_109_raw.jpg,anatase,ti_bearing_negative,1,303049,DG-3ea250d09846,train,keep,,,,
39,anatase_002.jpg,14,VTM-006171,raw_negative/ti_bearing_negative/anatase/anatase_mindat_p355230_181_raw.jpg,anatase,ti_bearing_negative,1,355230,DG-2105739ba86d,train,keep,,,,
40,anatase_002.jpg,15,VTM-006218,raw_negative/ti_bearing_negative/anatase/anatase_mindat_p394280_273_raw.jpg,anatase,ti_bearing_negative,1,394280,DG-c3020fadaed3,val,keep,,,,
41,anatase_002.jpg,16,VTM-006238,raw_negative/ti_bearing_negative/anatase/anatase_mindat_p423107_149_raw.jpg,anatase,ti_bearing_negative,1,423107,DG-98f562a02be6,val,keep,,,,
42,anatase_002.jpg,17,VTM-006246,raw_negative/ti_bearing_negative/anatase/anatase_mindat_p427566_150_raw.jpg,anatase,ti_bearing_negative,1,427566,DG-bf1e600c7bed,train,keep,,,,
43,anatase_002.jpg,18,VTM-006247,raw_negative/ti_bearing_negative/anatase/anatase_mindat_p428479_049_raw.jpg,anatase,ti_bearing_negative,1,428479,DG-d80a1b71c854,train,keep,,,,
44,anatase_002.jpg,19,VTM-006265,raw_negative/ti_bearing_negative/anatase/anatase_mindat_p439997_175_raw.jpg,anatase,ti_bearing_negative,1,439997,DG-abf8e1a9fe0f,train,keep,,,,
45,anatase_002.jpg,20,VTM-006282,raw_negative/ti_bearing_negative/anatase/anatase_mindat_p471144_006_raw.jpg,anatase,ti_bearing_negative,1,471144,DG-6918d9390f09,train,keep,,,,
46,anatase_002.jpg,21,VTM-006310,raw_negative/ti_bearing_negative/anatase/anatase_mindat_p533207_038_raw.jpg,anatase,ti_bearing_negative,1,533207,DG-e285244a1c2a,val,keep,,,,
47,anatase_002.jpg,22,VTM-006316,raw_negative/ti_bearing_negative/anatase/anatase_mindat_p541554_183_raw.jpg,anatase,ti_bearing_negative,1,541554,DG-eaa4ca3eb611,train,keep,,,,
48,anatase_002.jpg,23,VTM-006334,raw_negative/ti_bearing_negative/anatase/anatase_mindat_p575483_056_raw.jpg,anatase,ti_bearing_negative,1,575483,DG-ab7ad2537ab0,train,keep,,,,
49,anatase_002.jpg,24,VTM-006355,raw_negative/ti_bearing_negative/anatase/anatase_mindat_p608688_030_raw.jpg,anatase,ti_bearing_negative,1,608688,DG-b6e927e90cc0,test,keep,,,,
50,anatase_002.jpg,25,VTM-006513,raw_negative/ti_bearing_negative/anatase/anatase_mindat_p958929_113_raw.jpg,anatase,ti_bearing_negative,1,958929,DG-30d963e0c73b,train,keep,,,,
1,calcite_001.jpg,1,VTM-001708,raw_negative/gangue_negative/calcite/calcite_mindat_p001831_page1_061_raw.jpg,calcite,gangue_negative,2,1831,DG-7ca8671e0077,train,keep,,,,
2,calcite_001.jpg,2,VTM-001713,raw_negative/gangue_negative/calcite/calcite_mindat_p007429_page1_031_raw.jpg,calcite,gangue_negative,2,7429,DG-a31daab35958,train,keep,,,,
3,calcite_001.jpg,3,VTM-001718,raw_negative/gangue_negative/calcite/calcite_mindat_p015032_page6_003_raw.jpg,calcite,gangue_negative,2,15032,DG-76d30c6c5612,train,keep,,,,
4,calcite_001.jpg,4,VTM-001722,raw_negative/gangue_negative/calcite/calcite_mindat_p019697_page1_043_raw.jpg,calcite,gangue_negative,2,19697,DG-a89abcbcecd2,train,keep,,,,
5,calcite_001.jpg,5,VTM-001736,raw_negative/gangue_negative/calcite/calcite_mindat_p032496_page6_014_raw.jpg,calcite,gangue_negative,2,32496,DG-a69a03d4cc5e,train,keep,,,,
6,calcite_001.jpg,6,VTM-001748,raw_negative/gangue_negative/calcite/calcite_mindat_p044632_page8_051_raw.jpg,calcite,gangue_negative,2,44632,DG-bc566074a60f,train,keep,,,,
7,calcite_001.jpg,7,VTM-001749,raw_negative/gangue_negative/calcite/calcite_mindat_p045927_page9_023_raw.jpg,calcite,gangue_negative,2,45927,DG-7ba47f77b4da,val,keep,,,,
8,calcite_001.jpg,8,VTM-001759,raw_negative/gangue_negative/calcite/calcite_mindat_p049798_page1_030_raw.jpg,calcite,gangue_negative,2,49798,DG-3d9e7ed01efa,train,keep,,,,
9,calcite_001.jpg,9,VTM-001771,raw_negative/gangue_negative/calcite/calcite_mindat_p060499_page4_002_raw.jpg,calcite,gangue_negative,2,60499,DG-25a6377f227f,val,keep,,,,
10,calcite_001.jpg,10,VTM-001772,raw_negative/gangue_negative/calcite/calcite_mindat_p060801_page1_041_raw.jpg,calcite,gangue_negative,2,60801,DG-27451a125fe5,train,keep,,,,
11,calcite_001.jpg,11,VTM-001773,raw_negative/gangue_negative/calcite/calcite_mindat_p060852_page8_064_raw.jpg,calcite,gangue_negative,2,60852,DG-8d30df6419c9,train,keep,,,,
12,calcite_001.jpg,12,VTM-001783,raw_negative/gangue_negative/calcite/calcite_mindat_p070846_page1_044_raw.jpg,calcite,gangue_negative,2,70846,DG-c613ce9c4c4b,val,keep,,,,
13,calcite_001.jpg,13,VTM-001790,raw_negative/gangue_negative/calcite/calcite_mindat_p076931_page8_010_raw.jpg,calcite,gangue_negative,2,76931,DG-541cbc0ffd09,train,keep,,,,
14,calcite_001.jpg,14,VTM-001791,raw_negative/gangue_negative/calcite/calcite_mindat_p076934_page8_058_raw.jpg,calcite,gangue_negative,2,76934,DG-0b72cf593431,train,keep,,,,
15,calcite_001.jpg,15,VTM-001792,raw_negative/gangue_negative/calcite/calcite_mindat_p081176_page1_035_raw.jpg,calcite,gangue_negative,2,81176,DG-a99e91c5bfe9,val,keep,,,,
16,calcite_001.jpg,16,VTM-001801,raw_negative/gangue_negative/calcite/calcite_mindat_p083955_page8_041_raw.jpg,calcite,gangue_negative,2,83955,DG-5ed230bcaeae,train,keep,,,,
17,calcite_001.jpg,17,VTM-001812,raw_negative/gangue_negative/calcite/calcite_mindat_p091413_page1_007_raw.jpg,calcite,gangue_negative,2,91413,DG-b1ad06fa4d29,test,keep,,,,
18,calcite_001.jpg,18,VTM-001813,raw_negative/gangue_negative/calcite/calcite_mindat_p093733_page1_064_raw.jpg,calcite,gangue_negative,2,93733,DG-0656bc78bbbc,val,keep,,,,
19,calcite_001.jpg,19,VTM-001814,raw_negative/gangue_negative/calcite/calcite_mindat_p095961_page1_021_raw.jpg,calcite,gangue_negative,2,95961,DG-143cd66e2b2a,train,keep,,,,
20,calcite_001.jpg,20,VTM-001816,raw_negative/gangue_negative/calcite/calcite_mindat_p099221_page1_046_raw.jpg,calcite,gangue_negative,2,99221,DG-f89ac035b99d,val,keep,,,,
21,calcite_001.jpg,21,VTM-001818,raw_negative/gangue_negative/calcite/calcite_mindat_p1013771_page9_005_raw.jpg,calcite,gangue_negative,2,1013771,DG-37314de86155,train,keep,,,,
22,calcite_001.jpg,22,VTM-001827,raw_negative/gangue_negative/calcite/calcite_mindat_p114997_page1_034_raw.jpg,calcite,gangue_negative,2,114997,DG-633fa2f6211f,train,keep,,,,
23,calcite_001.jpg,23,VTM-001830,raw_negative/gangue_negative/calcite/calcite_mindat_p116021_page1_010_raw.jpg,calcite,gangue_negative,2,116021,DG-0ab0b9aba8e3,train,keep,,,,
24,calcite_001.jpg,24,VTM-001832,raw_negative/gangue_negative/calcite/calcite_mindat_p116365_page6_018_raw.jpg,calcite,gangue_negative,2,116365,DG-fa7c30f8c349,train,keep,,,,
25,calcite_001.jpg,25,VTM-001855,raw_negative/gangue_negative/calcite/calcite_mindat_p122638_page6_016_raw.jpg,calcite,gangue_negative,2,122638,DG-892e4b8c70f5,train,keep,,,,
26,calcite_002.jpg,1,VTM-001875,raw_negative/gangue_negative/calcite/calcite_mindat_p134483_page1_001_raw.jpg,calcite,gangue_negative,2,134483,DG-082d60591008,train,keep,,,,
27,calcite_002.jpg,2,VTM-001877,raw_negative/gangue_negative/calcite/calcite_mindat_p142432_page9_044_raw.jpg,calcite,gangue_negative,2,142432,DG-6e433790b79a,train,keep,,,,
28,calcite_002.jpg,3,VTM-001883,raw_negative/gangue_negative/calcite/calcite_mindat_p1452483_page2_011_raw.jpg,calcite,gangue_negative,2,1452483,DG-2b77a54043f8,train,keep,,,,
29,calcite_002.jpg,4,VTM-001886,raw_negative/gangue_negative/calcite/calcite_mindat_p1452495_page2_005_raw.jpg,calcite,gangue_negative,2,1452495,DG-d93679576e50,val,keep,,,,
30,calcite_002.jpg,5,VTM-001894,raw_negative/gangue_negative/calcite/calcite_mindat_p147795_page9_073_raw.jpg,calcite,gangue_negative,2,147795,DG-10a9a20390cd,test,keep,,,,
31,calcite_002.jpg,6,VTM-001899,raw_negative/gangue_negative/calcite/calcite_mindat_p152988_page9_035_raw.jpg,calcite,gangue_negative,2,152988,DG-ca8046e7c9e9,train,keep,,,,
32,calcite_002.jpg,7,VTM-001900,raw_negative/gangue_negative/calcite/calcite_mindat_p154970_page8_048_raw.jpg,calcite,gangue_negative,2,154970,DG-b5bca816ebc6,train,keep,,,,
33,calcite_002.jpg,8,VTM-001903,raw_negative/gangue_negative/calcite/calcite_mindat_p155776_page9_032_raw.jpg,calcite,gangue_negative,2,155776,DG-b18b7a8c6075,train,keep,,,,
34,calcite_002.jpg,9,VTM-001909,raw_negative/gangue_negative/calcite/calcite_mindat_p157915_page9_020_raw.jpg,calcite,gangue_negative,2,157915,DG-1a7b849d8231,train,keep,,,,
35,calcite_002.jpg,10,VTM-001926,raw_negative/gangue_negative/calcite/calcite_mindat_p171346_page8_075_raw.jpg,calcite,gangue_negative,2,171346,DG-626b3387031b,val,keep,,,,
36,calcite_002.jpg,11,VTM-001946,raw_negative/gangue_negative/calcite/calcite_mindat_p252755_page8_020_raw.jpg,calcite,gangue_negative,2,252755,DG-eda8ba2e978a,train,keep,,,,
37,calcite_002.jpg,12,VTM-001966,raw_negative/gangue_negative/calcite/calcite_mindat_p427735_page9_064_raw.jpg,calcite,gangue_negative,2,427735,DG-dd004fef834a,train,keep,,,,
38,calcite_002.jpg,13,VTM-001967,raw_negative/gangue_negative/calcite/calcite_mindat_p437832_page8_007_raw.jpg,calcite,gangue_negative,2,437832,DG-91b97aea3daf,train,keep,,,,
39,calcite_002.jpg,14,VTM-001970,raw_negative/gangue_negative/calcite/calcite_mindat_p460213_page9_043_raw.jpg,calcite,gangue_negative,2,460213,DG-9832d0d63a24,train,keep,,,,
40,calcite_002.jpg,15,VTM-001973,raw_negative/gangue_negative/calcite/calcite_mindat_p469036_page6_021_raw.jpg,calcite,gangue_negative,2,469036,DG-5fcffb0250b0,test,keep,,,,
41,calcite_002.jpg,16,VTM-001979,raw_negative/gangue_negative/calcite/calcite_mindat_p476228_page6_040_raw.jpg,calcite,gangue_negative,2,476228,DG-7156c4bcbc36,val,keep,,,,
42,calcite_002.jpg,17,VTM-002002,raw_negative/gangue_negative/calcite/calcite_mindat_p523391_page1_056_raw.jpg,calcite,gangue_negative,2,523391,DG-456764511431,test,keep,,,,
43,calcite_002.jpg,18,VTM-002003,raw_negative/gangue_negative/calcite/calcite_mindat_p528767_page9_025_raw.jpg,calcite,gangue_negative,2,528767,DG-14eb5ce9c63f,val,keep,,,,
44,calcite_002.jpg,19,VTM-002005,raw_negative/gangue_negative/calcite/calcite_mindat_p533060_page6_050_raw.jpg,calcite,gangue_negative,2,533060,DG-3adb5fd6b8db,train,keep,,,,
45,calcite_002.jpg,20,VTM-002015,raw_negative/gangue_negative/calcite/calcite_mindat_p607238_page6_060_raw.jpg,calcite,gangue_negative,2,607238,DG-47602cde82de,test,keep,,,,
46,calcite_002.jpg,21,VTM-002018,raw_negative/gangue_negative/calcite/calcite_mindat_p644809_page6_064_raw.jpg,calcite,gangue_negative,2,644809,DG-c2299ae73b20,train,keep,,,,
47,calcite_002.jpg,22,VTM-002021,raw_negative/gangue_negative/calcite/calcite_mindat_p644817_page6_048_raw.jpg,calcite,gangue_negative,2,644817,DG-b2e3f2dd4fbe,train,keep,,,,
48,calcite_002.jpg,23,VTM-002026,raw_negative/gangue_negative/calcite/calcite_mindat_p655421_page6_051_raw.jpg,calcite,gangue_negative,2,655421,DG-ca683a764719,val,keep,,,,
49,calcite_002.jpg,24,VTM-002029,raw_negative/gangue_negative/calcite/calcite_mindat_p655493_page6_066_raw.jpg,calcite,gangue_negative,2,655493,DG-6c0c92ceb5e6,train,keep,,,,
50,calcite_002.jpg,25,VTM-002038,raw_negative/gangue_negative/calcite/calcite_mindat_p791006_page9_033_raw.jpg,calcite,gangue_negative,2,791006,DG-e22c7a8ad53f,train,keep,,,,
1,chalcopyrite_001.jpg,1,VTM-004135,raw_negative/metallic_hard_negative/chalcopyrite/chalcopyrite_mindat_p003139_page3_003_raw.jpg,chalcopyrite,metallic_hard_negative,3,3139,DG-adc1175125a1,test,keep,,,,
2,chalcopyrite_001.jpg,2,VTM-004142,raw_negative/metallic_hard_negative/chalcopyrite/chalcopyrite_mindat_p009528_page6_003_raw.jpg,chalcopyrite,metallic_hard_negative,3,9528,DG-01763ea704f7,val,keep,,,,
3,chalcopyrite_001.jpg,3,VTM-004149,raw_negative/metallic_hard_negative/chalcopyrite/chalcopyrite_mindat_p029372_page4_002_raw.jpg,chalcopyrite,metallic_hard_negative,3,29372,DG-6a2365056b07,test,keep,,,,
4,chalcopyrite_001.jpg,4,VTM-004161,raw_negative/metallic_hard_negative/chalcopyrite/chalcopyrite_mindat_p056819_page1_069_raw.jpg,chalcopyrite,metallic_hard_negative,3,56819,DG-ba6b7b5ebdb9,train,keep,,,,
5,chalcopyrite_001.jpg,5,VTM-004164,raw_negative/metallic_hard_negative/chalcopyrite/chalcopyrite_mindat_p069210_page1_001_raw.jpg,chalcopyrite,metallic_hard_negative,3,69210,DG-c80b5ad3ffb3,train,keep,,,,
6,chalcopyrite_001.jpg,6,VTM-004166,raw_negative/metallic_hard_negative/chalcopyrite/chalcopyrite_mindat_p070327_page6_005_raw.jpg,chalcopyrite,metallic_hard_negative,3,70327,DG-4235c3636cfb,train,keep,,,,
7,chalcopyrite_001.jpg,7,VTM-004188,raw_negative/metallic_hard_negative/chalcopyrite/chalcopyrite_mindat_p109657_page1_031_raw.jpg,chalcopyrite,metallic_hard_negative,3,109657,DG-a4254b0e00f4,test,keep,,,,
8,chalcopyrite_001.jpg,8,VTM-004196,raw_negative/metallic_hard_negative/chalcopyrite/chalcopyrite_mindat_p115228_page1_012_raw.jpg,chalcopyrite,metallic_hard_negative,3,115228,DG-466546dc0e93,train,keep,,,,
9,chalcopyrite_001.jpg,9,VTM-004198,raw_negative/metallic_hard_negative/chalcopyrite/chalcopyrite_mindat_p1154922_page6_026_raw.jpg,chalcopyrite,metallic_hard_negative,3,1154922,DG-37f012c18419,train,keep,,,,
10,chalcopyrite_001.jpg,10,VTM-004203,raw_negative/metallic_hard_negative/chalcopyrite/chalcopyrite_mindat_p1245983_page4_001_raw.jpg,chalcopyrite,metallic_hard_negative,3,1245983,DG-b8fbe6502090,train,exclude,microscope_image,,,
11,chalcopyrite_001.jpg,11,VTM-004207,raw_negative/metallic_hard_negative/chalcopyrite/chalcopyrite_mindat_p1297369_page5_005_raw.jpg,chalcopyrite,metallic_hard_negative,3,1297369,DG-56e580b37e9f,train,keep,,,,
12,chalcopyrite_001.jpg,12,VTM-004209,raw_negative/metallic_hard_negative/chalcopyrite/chalcopyrite_mindat_p1301081_page7_004_raw.jpg,chalcopyrite,metallic_hard_negative,3,1301081,DG-17021d22a929,train,exclude,microscope_image,,,
13,chalcopyrite_001.jpg,13,VTM-004214,raw_negative/metallic_hard_negative/chalcopyrite/chalcopyrite_mindat_p1347660_page7_016_raw.jpg,chalcopyrite,metallic_hard_negative,3,1347660,DG-4d754843c8ee,train,keep,,,,
14,chalcopyrite_001.jpg,14,VTM-004223,raw_negative/metallic_hard_negative/chalcopyrite/chalcopyrite_mindat_p1361594_page7_024_raw.jpg,chalcopyrite,metallic_hard_negative,3,1361594,DG-b1014726e89c,val,exclude,microscope_image,,,
15,chalcopyrite_001.jpg,15,VTM-004226,raw_negative/metallic_hard_negative/chalcopyrite/chalcopyrite_mindat_p138837_page3_010_raw.jpg,chalcopyrite,metallic_hard_negative,3,138837,DG-5cfec6919979,train,keep,,,,
16,chalcopyrite_001.jpg,16,VTM-004230,raw_negative/metallic_hard_negative/chalcopyrite/chalcopyrite_mindat_p1393041_page7_025_raw.jpg,chalcopyrite,metallic_hard_negative,3,1393041,DG-1ff8468fcb64,test,keep,,,,
17,chalcopyrite_001.jpg,17,VTM-004235,raw_negative/metallic_hard_negative/chalcopyrite/chalcopyrite_mindat_p141910_page1_050_raw.jpg,chalcopyrite,metallic_hard_negative,3,141910,DG-4edb133736c6,train,keep,,,,
18,chalcopyrite_001.jpg,18,VTM-004239,raw_negative/metallic_hard_negative/chalcopyrite/chalcopyrite_mindat_p1453528_page5_006_raw.jpg,chalcopyrite,metallic_hard_negative,3,1453528,DG-7569fb280464,train,keep,,,,
19,chalcopyrite_001.jpg,19,VTM-004244,raw_negative/metallic_hard_negative/chalcopyrite/chalcopyrite_mindat_p1504887_page7_023_raw.jpg,chalcopyrite,metallic_hard_negative,3,1504887,DG-c9125a3f4c4d,val,exclude,microscope_image,,,
20,chalcopyrite_001.jpg,20,VTM-004250,raw_negative/metallic_hard_negative/chalcopyrite/chalcopyrite_mindat_p1535741_page2_012_raw.jpg,chalcopyrite,metallic_hard_negative,3,1535741,DG-07719d84ae22,train,keep,,,,
21,chalcopyrite_001.jpg,21,VTM-004253,raw_negative/metallic_hard_negative/chalcopyrite/chalcopyrite_mindat_p163051_page4_010_raw.jpg,chalcopyrite,metallic_hard_negative,3,163051,DG-6da7c57e58dd,train,keep,,,,
22,chalcopyrite_001.jpg,22,VTM-004261,raw_negative/metallic_hard_negative/chalcopyrite/chalcopyrite_mindat_p1694148_page7_029_raw.jpg,chalcopyrite,metallic_hard_negative,3,1694148,DG-ebf4b2913dc1,train,exclude,microscope_image,,,
23,chalcopyrite_001.jpg,23,VTM-004265,raw_negative/metallic_hard_negative/chalcopyrite/chalcopyrite_mindat_p1694337_page7_030_raw.jpg,chalcopyrite,metallic_hard_negative,3,1694337,DG-f9d478a48d2c,train,exclude,microscope_image,,,
24,chalcopyrite_001.jpg,24,VTM-004266,raw_negative/metallic_hard_negative/chalcopyrite/chalcopyrite_mindat_p1694340_page7_033_raw.jpg,chalcopyrite,metallic_hard_negative,3,1694340,DG-b39923e015fb,train,exclude,microscope_image,,,
25,chalcopyrite_001.jpg,25,VTM-004271,raw_negative/metallic_hard_negative/chalcopyrite/chalcopyrite_mindat_p181334_page3_026_raw.jpg,chalcopyrite,metallic_hard_negative,3,181334,DG-f9d7beaf8ef5,train,keep,,,,
26,chalcopyrite_002.jpg,1,VTM-004272,raw_negative/metallic_hard_negative/chalcopyrite/chalcopyrite_mindat_p181893_page1_010_raw.jpg,chalcopyrite,metallic_hard_negative,3,181893,DG-10928d8997b0,test,keep,,,,
27,chalcopyrite_002.jpg,2,VTM-004274,raw_negative/metallic_hard_negative/chalcopyrite/chalcopyrite_mindat_p210265_page3_016_raw.jpg,chalcopyrite,metallic_hard_negative,3,210265,DG-773a7fc80693,train,keep,,,,
28,chalcopyrite_002.jpg,3,VTM-004277,raw_negative/metallic_hard_negative/chalcopyrite/chalcopyrite_mindat_p220490_page3_027_raw.jpg,chalcopyrite,metallic_hard_negative,3,220490,DG-46ae48273298,train,keep,,,,
29,chalcopyrite_002.jpg,4,VTM-004291,raw_negative/metallic_hard_negative/chalcopyrite/chalcopyrite_mindat_p275848_page3_013_raw.jpg,chalcopyrite,metallic_hard_negative,3,275848,DG-edf0c2296ede,train,keep,,,,
30,chalcopyrite_002.jpg,5,VTM-004301,raw_negative/metallic_hard_negative/chalcopyrite/chalcopyrite_mindat_p330961_page4_014_raw.jpg,chalcopyrite,metallic_hard_negative,3,330961,DG-bb8d092cc2a9,train,keep,,,,
31,chalcopyrite_002.jpg,6,VTM-004315,raw_negative/metallic_hard_negative/chalcopyrite/chalcopyrite_mindat_p402865_page4_015_raw.jpg,chalcopyrite,metallic_hard_negative,3,402865,DG-e2bfa4c17486,test,keep,,,,
32,chalcopyrite_002.jpg,7,VTM-004322,raw_negative/metallic_hard_negative/chalcopyrite/chalcopyrite_mindat_p426226_page3_058_raw.jpg,chalcopyrite,metallic_hard_negative,3,426226,DG-f2f9d3926739,train,keep,,,,
33,chalcopyrite_002.jpg,8,VTM-004335,raw_negative/metallic_hard_negative/chalcopyrite/chalcopyrite_mindat_p472995_page1_030_raw.jpg,chalcopyrite,metallic_hard_negative,3,472995,DG-a68fde7659c5,train,keep,,,,
34,chalcopyrite_002.jpg,9,VTM-004337,raw_negative/metallic_hard_negative/chalcopyrite/chalcopyrite_mindat_p482912_page3_040_raw.jpg,chalcopyrite,metallic_hard_negative,3,482912,DG-40f5e70ee74e,train,keep,,,,
35,chalcopyrite_002.jpg,10,VTM-004339,raw_negative/metallic_hard_negative/chalcopyrite/chalcopyrite_mindat_p485939_page6_021_raw.jpg,chalcopyrite,metallic_hard_negative,3,485939,DG-df0e950690cd,train,keep,,,,
36,chalcopyrite_002.jpg,11,VTM-004346,raw_negative/metallic_hard_negative/chalcopyrite/chalcopyrite_mindat_p514015_page3_041_raw.jpg,chalcopyrite,metallic_hard_negative,3,514015,DG-f45c52c0e945,train,keep,,,,
37,chalcopyrite_002.jpg,12,VTM-004349,raw_negative/metallic_hard_negative/chalcopyrite/chalcopyrite_mindat_p519054_page3_037_raw.jpg,chalcopyrite,metallic_hard_negative,3,519054,DG-a9c3c1eafaed,train,keep,,,,
38,chalcopyrite_002.jpg,13,VTM-004353,raw_negative/metallic_hard_negative/chalcopyrite/chalcopyrite_mindat_p531950_page3_048_raw.jpg,chalcopyrite,metallic_hard_negative,3,531950,DG-9167d2f948cb,test,exclude,microscope_image,,,
39,chalcopyrite_002.jpg,14,VTM-004356,raw_negative/metallic_hard_negative/chalcopyrite/chalcopyrite_mindat_p549168_page1_043_raw.jpg,chalcopyrite,metallic_hard_negative,3,549168,DG-52391854c813,train,keep,,,,
40,chalcopyrite_002.jpg,15,VTM-004373,raw_negative/metallic_hard_negative/chalcopyrite/chalcopyrite_mindat_p609035_page2_007_raw.jpg,chalcopyrite,metallic_hard_negative,3,609035,DG-f6aa30d8ae15,train,keep,,,,
41,chalcopyrite_002.jpg,16,VTM-004377,raw_negative/metallic_hard_negative/chalcopyrite/chalcopyrite_mindat_p624795_page4_046_raw.jpg,chalcopyrite,metallic_hard_negative,3,624795,DG-2a2b23af86d3,train,exclude,microscope_image,,,
42,chalcopyrite_002.jpg,17,VTM-004388,raw_negative/metallic_hard_negative/chalcopyrite/chalcopyrite_mindat_p655706_page6_011_raw.jpg,chalcopyrite,metallic_hard_negative,3,655706,DG-330faad25acc,val,keep,,,,
43,chalcopyrite_002.jpg,18,VTM-004390,raw_negative/metallic_hard_negative/chalcopyrite/chalcopyrite_mindat_p657902_page4_074_raw.jpg,chalcopyrite,metallic_hard_negative,3,657902,DG-ea9c51520a5e,train,keep,,,,
44,chalcopyrite_002.jpg,19,VTM-004394,raw_negative/metallic_hard_negative/chalcopyrite/chalcopyrite_mindat_p663340_page4_068_raw.jpg,chalcopyrite,metallic_hard_negative,3,663340,DG-b045eb6ffb0d,train,exclude,microscope_image,,,
45,chalcopyrite_002.jpg,20,VTM-004398,raw_negative/metallic_hard_negative/chalcopyrite/chalcopyrite_mindat_p669982_page4_044_raw.jpg,chalcopyrite,metallic_hard_negative,3,669982,DG-e5eea438b686,train,keep,,,,
46,chalcopyrite_002.jpg,21,VTM-004402,raw_negative/metallic_hard_negative/chalcopyrite/chalcopyrite_mindat_p673674_page4_073_raw.jpg,chalcopyrite,metallic_hard_negative,3,673674,DG-6107f92983d8,test,keep,,,,
47,chalcopyrite_002.jpg,22,VTM-004406,raw_negative/metallic_hard_negative/chalcopyrite/chalcopyrite_mindat_p716119_page4_055_raw.jpg,chalcopyrite,metallic_hard_negative,3,716119,DG-08cefa142ae3,train,keep,,,,
48,chalcopyrite_002.jpg,23,VTM-004414,raw_negative/metallic_hard_negative/chalcopyrite/chalcopyrite_mindat_p759244_page1_055_raw.jpg,chalcopyrite,metallic_hard_negative,3,759244,DG-56a4cd02b9dc,train,keep,,,,
49,chalcopyrite_002.jpg,24,VTM-004427,raw_negative/metallic_hard_negative/chalcopyrite/chalcopyrite_mindat_p840820_page3_062_raw.jpg,chalcopyrite,metallic_hard_negative,3,840820,DG-75743ce608f0,train,keep,,,,
50,chalcopyrite_002.jpg,25,VTM-004436,raw_negative/metallic_hard_negative/chalcopyrite/chalcopyrite_mindat_p904102_page4_070_raw.jpg,chalcopyrite,metallic_hard_negative,3,904102,DG-b05a976d1bb6,test,keep,,,,
1,feldspar_001.jpg,1,VTM-002053,raw_negative/gangue_negative/feldspar/feldspar_mindat_p029142_page5_026_raw.jpg,feldspar,gangue_negative,2,29142,DG-fd56db2790f4,train,keep,,,,
2,feldspar_001.jpg,2,VTM-002056,raw_negative/gangue_negative/feldspar/feldspar_mindat_p033066_page5_021_raw.jpg,feldspar,gangue_negative,2,33066,DG-f9c76eb1affa,train,keep,,,,
3,feldspar_001.jpg,3,VTM-002067,raw_negative/gangue_negative/feldspar/feldspar_mindat_p045068_page1_035_raw.jpg,feldspar,gangue_negative,2,45068,DG-c518f5543b12,train,keep,,,,
4,feldspar_001.jpg,4,VTM-002069,raw_negative/gangue_negative/feldspar/feldspar_mindat_p046628_page1_014_raw.jpg,feldspar,gangue_negative,2,46628,DG-44d8b6d964ce,val,keep,,,,
5,feldspar_001.jpg,5,VTM-002072,raw_negative/gangue_negative/feldspar/feldspar_mindat_p048658_page1_032_raw.jpg,feldspar,gangue_negative,2,48658,DG-527cdfca6bd0,train,keep,,,,
6,feldspar_001.jpg,6,VTM-002076,raw_negative/gangue_negative/feldspar/feldspar_mindat_p058423_page1_026_raw.jpg,feldspar,gangue_negative,2,58423,DG-8af6ac114c98,train,keep,,,,
7,feldspar_001.jpg,7,VTM-002081,raw_negative/gangue_negative/feldspar/feldspar_mindat_p065391_page5_010_raw.jpg,feldspar,gangue_negative,2,65391,DG-c41548a4a35b,train,keep,,,,
8,feldspar_001.jpg,8,VTM-002086,raw_negative/gangue_negative/feldspar/feldspar_mindat_p065404_page5_004_raw.jpg,feldspar,gangue_negative,2,65404,DG-a8a66cab92d9,train,keep,,,,
9,feldspar_001.jpg,9,VTM-002094,raw_negative/gangue_negative/feldspar/feldspar_mindat_p089668_page6_008_raw.jpg,feldspar,gangue_negative,2,89668,DG-09f569272b3d,val,keep,,,,
10,feldspar_001.jpg,10,VTM-002107,raw_negative/gangue_negative/feldspar/feldspar_mindat_p116155_page5_007_raw.jpg,feldspar,gangue_negative,2,116155,DG-ac7a6b0963f8,train,keep,,,,
11,feldspar_001.jpg,11,VTM-002118,raw_negative/gangue_negative/feldspar/feldspar_mindat_p1258952_page6_013_raw.jpg,feldspar,gangue_negative,2,1258952,DG-295848eab4a1,test,keep,,,,
12,feldspar_001.jpg,12,VTM-002121,raw_negative/gangue_negative/feldspar/feldspar_mindat_p135493_page1_020_raw.jpg,feldspar,gangue_negative,2,135493,DG-62520645c4b6,val,keep,,,,
13,feldspar_001.jpg,13,VTM-002123,raw_negative/gangue_negative/feldspar/feldspar_mindat_p1364077_page3_059_raw.jpg,feldspar,gangue_negative,2,1364077,DG-6b30d9945f49,val,keep,,,,
14,feldspar_001.jpg,14,VTM-002133,raw_negative/gangue_negative/feldspar/feldspar_mindat_p143542_page6_016_raw.jpg,feldspar,gangue_negative,2,143542,DG-1b8c4bbc2ef9,test,keep,,,,
15,feldspar_001.jpg,15,VTM-002140,raw_negative/gangue_negative/feldspar/feldspar_mindat_p1492826_page3_013_raw.jpg,feldspar,gangue_negative,2,1492826,DG-e7e114a85ca5,val,keep,,,,
16,feldspar_001.jpg,16,VTM-002154,raw_negative/gangue_negative/feldspar/feldspar_mindat_p1492868_page3_012_raw.jpg,feldspar,gangue_negative,2,1492868,DG-10305d8566a3,train,keep,,,,
17,feldspar_001.jpg,17,VTM-002162,raw_negative/gangue_negative/feldspar/feldspar_mindat_p1635099_page3_061_raw.jpg,feldspar,gangue_negative,2,1635099,DG-58e9a9e63982,train,keep,,,,
18,feldspar_001.jpg,18,VTM-002164,raw_negative/gangue_negative/feldspar/feldspar_mindat_p1680024_page1_005_raw.jpg,feldspar,gangue_negative,2,1680024,DG-ad735c7f337e,train,keep,,,,
19,feldspar_001.jpg,19,VTM-002165,raw_negative/gangue_negative/feldspar/feldspar_mindat_p170604_page6_017_raw.jpg,feldspar,gangue_negative,2,170604,DG-7131f40426fd,train,keep,,,,
20,feldspar_001.jpg,20,VTM-002167,raw_negative/gangue_negative/feldspar/feldspar_mindat_p1720428_page4_036_raw.jpg,feldspar,gangue_negative,2,1720428,DG-302c3279dd99,train,keep,,,,
21,feldspar_001.jpg,21,VTM-002170,raw_negative/gangue_negative/feldspar/feldspar_mindat_p179619_page5_058_raw.jpg,feldspar,gangue_negative,2,179619,DG-8735f3b5117b,train,keep,,,,
22,feldspar_001.jpg,22,VTM-002174,raw_negative/gangue_negative/feldspar/feldspar_mindat_p188004_page6_019_raw.jpg,feldspar,gangue_negative,2,188004,DG-39980dca072f,train,keep,,,,
23,feldspar_001.jpg,23,VTM-002177,raw_negative/gangue_negative/feldspar/feldspar_mindat_p199473_page5_042_raw.jpg,feldspar,gangue_negative,2,199473,DG-45da50c30754,test,keep,,,,
24,feldspar_001.jpg,24,VTM-002184,raw_negative/gangue_negative/feldspar/feldspar_mindat_p207257_page5_054_raw.jpg,feldspar,gangue_negative,2,207257,DG-41d3557f934b,train,keep,,,,
25,feldspar_001.jpg,25,VTM-002191,raw_negative/gangue_negative/feldspar/feldspar_mindat_p213262_page5_066_raw.jpg,feldspar,gangue_negative,2,213262,DG-abd166db4fc9,test,keep,,,,
26,feldspar_002.jpg,1,VTM-002193,raw_negative/gangue_negative/feldspar/feldspar_mindat_p213503_page6_052_raw.jpg,feldspar,gangue_negative,2,213503,DG-c794c43abb0b,train,keep,,,,
27,feldspar_002.jpg,2,VTM-002206,raw_negative/gangue_negative/feldspar/feldspar_mindat_p235775_page6_028_raw.jpg,feldspar,gangue_negative,2,235775,DG-014dcb6a9f62,train,keep,,,,
28,feldspar_002.jpg,3,VTM-002210,raw_negative/gangue_negative/feldspar/feldspar_mindat_p243821_page1_037_raw.jpg,feldspar,gangue_negative,2,243821,DG-d93c56bd62eb,val,keep,,,,
29,feldspar_002.jpg,4,VTM-002212,raw_negative/gangue_negative/feldspar/feldspar_mindat_p255659_page4_014_raw.jpg,feldspar,gangue_negative,2,255659,DG-47fc26f33286,train,keep,,,,
30,feldspar_002.jpg,5,VTM-002225,raw_negative/gangue_negative/feldspar/feldspar_mindat_p284342_page6_022_raw.jpg,feldspar,gangue_negative,2,284342,DG-0daca63bbd1a,test,keep,,,,
31,feldspar_002.jpg,6,VTM-002226,raw_negative/gangue_negative/feldspar/feldspar_mindat_p285009_page5_074_raw.jpg,feldspar,gangue_negative,2,285009,DG-52f301fc41cb,train,keep,,,,
32,feldspar_002.jpg,7,VTM-002236,raw_negative/gangue_negative/feldspar/feldspar_mindat_p326090_page3_027_raw.jpg,feldspar,gangue_negative,2,326090,DG-a779e0a138d9,val,keep,,,,
33,feldspar_002.jpg,8,VTM-002240,raw_negative/gangue_negative/feldspar/feldspar_mindat_p329978_page4_016_raw.jpg,feldspar,gangue_negative,2,329978,DG-d34d770ebe13,train,keep,,,,
34,feldspar_002.jpg,9,VTM-002249,raw_negative/gangue_negative/feldspar/feldspar_mindat_p366009_page4_011_raw.jpg,feldspar,gangue_negative,2,366009,DG-81a78418fcb4,train,keep,,,,
35,feldspar_002.jpg,10,VTM-002256,raw_negative/gangue_negative/feldspar/feldspar_mindat_p380284_page5_075_raw.jpg,feldspar,gangue_negative,2,380284,DG-546013cd7c9b,train,keep,,,,
36,feldspar_002.jpg,11,VTM-002261,raw_negative/gangue_negative/feldspar/feldspar_mindat_p467828_page5_038_raw.jpg,feldspar,gangue_negative,2,467828,DG-de4346da0765,test,keep,,,,
37,feldspar_002.jpg,12,VTM-002267,raw_negative/gangue_negative/feldspar/feldspar_mindat_p474093_page6_044_raw.jpg,feldspar,gangue_negative,2,474093,DG-b6b3dc6cb54a,train,keep,,,,
38,feldspar_002.jpg,13,VTM-002276,raw_negative/gangue_negative/feldspar/feldspar_mindat_p491113_page3_042_raw.jpg,feldspar,gangue_negative,2,491113,DG-419ba4b696ff,train,keep,,,,
39,feldspar_002.jpg,14,VTM-002281,raw_negative/gangue_negative/feldspar/feldspar_mindat_p528690_page6_062_raw.jpg,feldspar,gangue_negative,2,528690,DG-795e171f6ae3,val,keep,,,,
40,feldspar_002.jpg,15,VTM-002282,raw_negative/gangue_negative/feldspar/feldspar_mindat_p528692_page6_075_raw.jpg,feldspar,gangue_negative,2,528692,DG-eb73494e1800,train,keep,,,,
41,feldspar_002.jpg,16,VTM-002285,raw_negative/gangue_negative/feldspar/feldspar_mindat_p531914_page5_057_raw.jpg,feldspar,gangue_negative,2,531914,DG-dd2052ca10f5,train,keep,,,,
42,feldspar_002.jpg,17,VTM-002286,raw_negative/gangue_negative/feldspar/feldspar_mindat_p531941_page5_065_raw.jpg,feldspar,gangue_negative,2,531941,DG-68bc250cc9a1,train,keep,,,,
43,feldspar_002.jpg,18,VTM-002288,raw_negative/gangue_negative/feldspar/feldspar_mindat_p535828_page3_032_raw.jpg,feldspar,gangue_negative,2,535828,DG-1a0b8779fb47,train,keep,,,,
44,feldspar_002.jpg,19,VTM-002299,raw_negative/gangue_negative/feldspar/feldspar_mindat_p585782_page6_060_raw.jpg,feldspar,gangue_negative,2,585782,DG-0b3a2f900e75,train,keep,,,,
45,feldspar_002.jpg,20,VTM-002302,raw_negative/gangue_negative/feldspar/feldspar_mindat_p589341_page4_019_raw.jpg,feldspar,gangue_negative,2,589341,DG-271de854f074,train,keep,,,,
46,feldspar_002.jpg,21,VTM-002318,raw_negative/gangue_negative/feldspar/feldspar_mindat_p665954_page6_014_raw.jpg,feldspar,gangue_negative,2,665954,DG-e488ed2c40b2,test,keep,,,,
47,feldspar_002.jpg,22,VTM-002322,raw_negative/gangue_negative/feldspar/feldspar_mindat_p685875_page3_048_raw.jpg,feldspar,gangue_negative,2,685875,DG-2c899b501f1d,train,keep,,,,
48,feldspar_002.jpg,23,VTM-002328,raw_negative/gangue_negative/feldspar/feldspar_mindat_p719414_page6_031_raw.jpg,feldspar,gangue_negative,2,719414,DG-19dbdc53bcd4,train,keep,,,,
49,feldspar_002.jpg,24,VTM-002335,raw_negative/gangue_negative/feldspar/feldspar_mindat_p800023_page6_071_raw.jpg,feldspar,gangue_negative,2,800023,DG-30c595ffee50,train,keep,,,,
50,feldspar_002.jpg,25,VTM-002346,raw_negative/gangue_negative/feldspar/feldspar_mindat_p951595_page4_001_raw.jpg,feldspar,gangue_negative,2,951595,DG-c78e37ea3d5a,train,keep,,,,
1,fluorapatite_001.jpg,1,VTM-002364,raw_negative/gangue_negative/fluorapatite/fluorapatite_mindat_p009639_page9_071_raw.jpg,fluorapatite,gangue_negative,2,9639,DG-85e712a8d85e,val,keep,,,,
2,fluorapatite_001.jpg,2,VTM-002375,raw_negative/gangue_negative/fluorapatite/fluorapatite_mindat_p022985_page1_065_raw.jpg,fluorapatite,gangue_negative,2,22985,DG-c841c33df7c5,val,keep,,,,
3,fluorapatite_001.jpg,3,VTM-002392,raw_negative/gangue_negative/fluorapatite/fluorapatite_mindat_p037471_page8_032_raw.jpg,fluorapatite,gangue_negative,2,37471,DG-5f88d7dfbcd3,train,keep,,,,
4,fluorapatite_001.jpg,4,VTM-002397,raw_negative/gangue_negative/fluorapatite/fluorapatite_mindat_p041803_page8_020_raw.jpg,fluorapatite,gangue_negative,2,41803,DG-16eac3871708,train,keep,,,,
5,fluorapatite_001.jpg,5,VTM-002435,raw_negative/gangue_negative/fluorapatite/fluorapatite_mindat_p071890_page9_036_raw.jpg,fluorapatite,gangue_negative,2,71890,DG-e579e6d2957d,train,keep,,,,
6,fluorapatite_001.jpg,6,VTM-002440,raw_negative/gangue_negative/fluorapatite/fluorapatite_mindat_p076367_page9_017_raw.jpg,fluorapatite,gangue_negative,2,76367,DG-157a7f6e370f,train,keep,,,,
7,fluorapatite_001.jpg,7,VTM-002451,raw_negative/gangue_negative/fluorapatite/fluorapatite_mindat_p095155_page1_004_raw.jpg,fluorapatite,gangue_negative,2,95155,DG-c9f661bdfc44,train,keep,,,,
8,fluorapatite_001.jpg,8,VTM-002452,raw_negative/gangue_negative/fluorapatite/fluorapatite_mindat_p095295_page9_010_raw.jpg,fluorapatite,gangue_negative,2,95295,DG-6f4aea9c0e28,train,keep,,,,
9,fluorapatite_001.jpg,9,VTM-002453,raw_negative/gangue_negative/fluorapatite/fluorapatite_mindat_p097442_page1_071_raw.jpg,fluorapatite,gangue_negative,2,97442,DG-d81a26fc98cc,train,keep,,,,
10,fluorapatite_001.jpg,10,VTM-002454,raw_negative/gangue_negative/fluorapatite/fluorapatite_mindat_p101285_page1_005_raw.jpg,fluorapatite,gangue_negative,2,101285,DG-5e7f3b249764,train,keep,,,,
11,fluorapatite_001.jpg,11,VTM-002455,raw_negative/gangue_negative/fluorapatite/fluorapatite_mindat_p101288_page1_002_raw.jpg,fluorapatite,gangue_negative,2,101288,DG-64878c17d768,train,keep,,,,
12,fluorapatite_001.jpg,12,VTM-002463,raw_negative/gangue_negative/fluorapatite/fluorapatite_mindat_p105564_page1_018_raw.jpg,fluorapatite,gangue_negative,2,105564,DG-46b53f03219c,test,keep,,,,
13,fluorapatite_001.jpg,13,VTM-002465,raw_negative/gangue_negative/fluorapatite/fluorapatite_mindat_p1066293_page3_034_raw.jpg,fluorapatite,gangue_negative,2,1066293,DG-c6e686d5bace,train,keep,,,,
14,fluorapatite_001.jpg,14,VTM-002480,raw_negative/gangue_negative/fluorapatite/fluorapatite_mindat_p1139207_page3_071_raw.jpg,fluorapatite,gangue_negative,2,1139207,DG-d493a304ed9d,test,keep,,,,
15,fluorapatite_001.jpg,15,VTM-002502,raw_negative/gangue_negative/fluorapatite/fluorapatite_mindat_p1204323_page2_002_raw.jpg,fluorapatite,gangue_negative,2,1204323,DG-691af9ea3c83,train,keep,,,,
16,fluorapatite_001.jpg,16,VTM-002511,raw_negative/gangue_negative/fluorapatite/fluorapatite_mindat_p1239100_page6_003_raw.jpg,fluorapatite,gangue_negative,2,1239100,DG-acfa5bbc9fc2,train,keep,,,,
17,fluorapatite_001.jpg,17,VTM-002518,raw_negative/gangue_negative/fluorapatite/fluorapatite_mindat_p1262688_page3_052_raw.jpg,fluorapatite,gangue_negative,2,1262688,DG-f17c54399b5a,train,keep,,,,
18,fluorapatite_001.jpg,18,VTM-002528,raw_negative/gangue_negative/fluorapatite/fluorapatite_mindat_p1295232_page3_027_raw.jpg,fluorapatite,gangue_negative,2,1295232,DG-ed2777a70763,train,keep,,,,
19,fluorapatite_001.jpg,19,VTM-002544,raw_negative/gangue_negative/fluorapatite/fluorapatite_mindat_p132531_page3_006_raw.jpg,fluorapatite,gangue_negative,2,132531,DG-e4b93cc51e74,train,keep,,,,
20,fluorapatite_001.jpg,20,VTM-002551,raw_negative/gangue_negative/fluorapatite/fluorapatite_mindat_p1346750_page3_055_raw.jpg,fluorapatite,gangue_negative,2,1346750,DG-b4df31af3ff3,train,keep,,,,
21,fluorapatite_001.jpg,21,VTM-002573,raw_negative/gangue_negative/fluorapatite/fluorapatite_mindat_p1471609_page3_072_raw.jpg,fluorapatite,gangue_negative,2,1471609,DG-00d7b7a2647a,val,keep,,,,
22,fluorapatite_001.jpg,22,VTM-002582,raw_negative/gangue_negative/fluorapatite/fluorapatite_mindat_p154127_page4_021_raw.jpg,fluorapatite,gangue_negative,2,154127,DG-8e8c858f78d6,train,keep,,,,
23,fluorapatite_001.jpg,23,VTM-002587,raw_negative/gangue_negative/fluorapatite/fluorapatite_mindat_p157256_page4_026_raw.jpg,fluorapatite,gangue_negative,2,157256,DG-1b7ea6b28770,test,keep,,,,
24,fluorapatite_001.jpg,24,VTM-002590,raw_negative/gangue_negative/fluorapatite/fluorapatite_mindat_p157456_page4_040_raw.jpg,fluorapatite,gangue_negative,2,157456,DG-d8bac07451c4,train,keep,,,,
25,fluorapatite_001.jpg,25,VTM-002605,raw_negative/gangue_negative/fluorapatite/fluorapatite_mindat_p167969_page9_021_raw.jpg,fluorapatite,gangue_negative,2,167969,DG-0f47d6b5986a,train,keep,,,,
26,fluorapatite_002.jpg,1,VTM-002613,raw_negative/gangue_negative/fluorapatite/fluorapatite_mindat_p173801_page9_064_raw.jpg,fluorapatite,gangue_negative,2,173801,DG-cfa45201f2e9,val,keep,,,,
27,fluorapatite_002.jpg,2,VTM-002622,raw_negative/gangue_negative/fluorapatite/fluorapatite_mindat_p186251_page8_045_raw.jpg,fluorapatite,gangue_negative,2,186251,DG-fd6fd9c713d4,train,keep,,,,
28,fluorapatite_002.jpg,3,VTM-002666,raw_negative/gangue_negative/fluorapatite/fluorapatite_mindat_p287018_page4_029_raw.jpg,fluorapatite,gangue_negative,2,287018,DG-d6154b10f9cc,train,keep,,,,
29,fluorapatite_002.jpg,4,VTM-002676,raw_negative/gangue_negative/fluorapatite/fluorapatite_mindat_p309629_page7_011_raw.jpg,fluorapatite,gangue_negative,2,309629,DG-f3f358f76444,test,keep,,,,
30,fluorapatite_002.jpg,5,VTM-002678,raw_negative/gangue_negative/fluorapatite/fluorapatite_mindat_p310697_page7_009_raw.jpg,fluorapatite,gangue_negative,2,310697,DG-6572cc3814d3,val,keep,,,,
31,fluorapatite_002.jpg,6,VTM-002682,raw_negative/gangue_negative/fluorapatite/fluorapatite_mindat_p315997_page3_013_raw.jpg,fluorapatite,gangue_negative,2,315997,DG-899b21bec40d,train,keep,,,,
32,fluorapatite_002.jpg,7,VTM-002726,raw_negative/gangue_negative/fluorapatite/fluorapatite_mindat_p391678_page4_062_raw.jpg,fluorapatite,gangue_negative,2,391678,DG-83cfe2ace11e,train,keep,,,,
33,fluorapatite_002.jpg,8,VTM-002730,raw_negative/gangue_negative/fluorapatite/fluorapatite_mindat_p397608_page1_020_raw.jpg,fluorapatite,gangue_negative,2,397608,DG-bd26cd380703,test,keep,,,,
34,fluorapatite_002.jpg,9,VTM-002747,raw_negative/gangue_negative/fluorapatite/fluorapatite_mindat_p415859_page8_006_raw.jpg,fluorapatite,gangue_negative,2,415859,DG-28816c31cbef,train,keep,,,,
35,fluorapatite_002.jpg,10,VTM-002753,raw_negative/gangue_negative/fluorapatite/fluorapatite_mindat_p428697_page8_073_raw.jpg,fluorapatite,gangue_negative,2,428697,DG-14675da71f30,train,keep,,,,
36,fluorapatite_002.jpg,11,VTM-002766,raw_negative/gangue_negative/fluorapatite/fluorapatite_mindat_p470297_page5_003_raw.jpg,fluorapatite,gangue_negative,2,470297,DG-ff21086b640f,train,keep,,,,
37,fluorapatite_002.jpg,12,VTM-002777,raw_negative/gangue_negative/fluorapatite/fluorapatite_mindat_p487507_page2_035_raw.jpg,fluorapatite,gangue_negative,2,487507,DG-3b4086da1f44,train,keep,,,,
38,fluorapatite_002.jpg,13,VTM-002790,raw_negative/gangue_negative/fluorapatite/fluorapatite_mindat_p527849_page8_014_raw.jpg,fluorapatite,gangue_negative,2,527849,DG-e68a1a5c5b3a,train,keep,,,,
39,fluorapatite_002.jpg,14,VTM-002793,raw_negative/gangue_negative/fluorapatite/fluorapatite_mindat_p544093_page9_038_raw.jpg,fluorapatite,gangue_negative,2,544093,DG-42f6736028f3,train,keep,,,,
40,fluorapatite_002.jpg,15,VTM-002808,raw_negative/gangue_negative/fluorapatite/fluorapatite_mindat_p567569_page7_069_raw.jpg,fluorapatite,gangue_negative,2,567569,DG-28b225d52def,train,keep,,,,
41,fluorapatite_002.jpg,16,VTM-002810,raw_negative/gangue_negative/fluorapatite/fluorapatite_mindat_p572058_page8_011_raw.jpg,fluorapatite,gangue_negative,2,572058,DG-c7cefc4405fa,train,keep,,,,
42,fluorapatite_002.jpg,17,VTM-002815,raw_negative/gangue_negative/fluorapatite/fluorapatite_mindat_p581707_page4_020_raw.jpg,fluorapatite,gangue_negative,2,581707,DG-29cc61905c9b,val,keep,,,,
43,fluorapatite_002.jpg,18,VTM-002818,raw_negative/gangue_negative/fluorapatite/fluorapatite_mindat_p589107_page3_026_raw.jpg,fluorapatite,gangue_negative,2,589107,DG-8ea8283029de,train,keep,,,,
44,fluorapatite_002.jpg,19,VTM-002823,raw_negative/gangue_negative/fluorapatite/fluorapatite_mindat_p603627_page5_001_raw.jpg,fluorapatite,gangue_negative,2,603627,DG-2736a493772c,train,keep,,,,
45,fluorapatite_002.jpg,20,VTM-002832,raw_negative/gangue_negative/fluorapatite/fluorapatite_mindat_p630744_page2_073_raw.jpg,fluorapatite,gangue_negative,2,630744,DG-eb506c3cccbb,train,keep,,,,
46,fluorapatite_002.jpg,21,VTM-002838,raw_negative/gangue_negative/fluorapatite/fluorapatite_mindat_p655334_page8_052_raw.jpg,fluorapatite,gangue_negative,2,655334,DG-626f201437a9,train,keep,,,,
47,fluorapatite_002.jpg,22,VTM-002841,raw_negative/gangue_negative/fluorapatite/fluorapatite_mindat_p659044_page2_046_raw.jpg,fluorapatite,gangue_negative,2,659044,DG-6c3015bf0dd0,train,keep,,,,
48,fluorapatite_002.jpg,23,VTM-002846,raw_negative/gangue_negative/fluorapatite/fluorapatite_mindat_p682847_page4_068_raw.jpg,fluorapatite,gangue_negative,2,682847,DG-eb56c8127d3f,train,keep,,,,
49,fluorapatite_002.jpg,24,VTM-002854,raw_negative/gangue_negative/fluorapatite/fluorapatite_mindat_p723167_page2_071_raw.jpg,fluorapatite,gangue_negative,2,723167,DG-27812b02f1ff,train,keep,,,,
50,fluorapatite_002.jpg,25,VTM-002863,raw_negative/gangue_negative/fluorapatite/fluorapatite_mindat_p755189_page4_073_raw.jpg,fluorapatite,gangue_negative,2,755189,DG-7ce276205cbb,val,keep,,,,
1,goethite_001.jpg,1,VTM-004450,raw_negative/metallic_hard_negative/goethite/goethite_mindat_p011655_page1_005_raw.jpg,goethite,metallic_hard_negative,3,11655,DG-abcb9813a0f9,train,keep,,,,
2,goethite_001.jpg,2,VTM-004454,raw_negative/metallic_hard_negative/goethite/goethite_mindat_p022128_page2_001_raw.jpg,goethite,metallic_hard_negative,3,22128,DG-49fe477852af,train,exclude,rendered_or_illustration,,,
3,goethite_001.jpg,3,VTM-004461,raw_negative/metallic_hard_negative/goethite/goethite_mindat_p043185_page1_004_raw.jpg,goethite,metallic_hard_negative,3,43185,DG-b80d1a70b842,train,keep,,,,
4,goethite_001.jpg,4,VTM-004463,raw_negative/metallic_hard_negative/goethite/goethite_mindat_p043188_page1_006_raw.jpg,goethite,metallic_hard_negative,3,43188,DG-40c3929ff8a1,train,keep,,,,
5,goethite_001.jpg,5,VTM-004470,raw_negative/metallic_hard_negative/goethite/goethite_mindat_p059435_page2_004_raw.jpg,goethite,metallic_hard_negative,3,59435,DG-cdbe626ccda5,test,keep,,,,
6,goethite_001.jpg,6,VTM-004477,raw_negative/metallic_hard_negative/goethite/goethite_mindat_p066556_page1_075_raw.jpg,goethite,metallic_hard_negative,3,66556,DG-6cb8a456f474,train,keep,,,,
7,goethite_001.jpg,7,VTM-004481,raw_negative/metallic_hard_negative/goethite/goethite_mindat_p087986_page3_015_raw.jpg,goethite,metallic_hard_negative,3,87986,DG-75cee6f8c04d,test,keep,,,,
8,goethite_001.jpg,8,VTM-004482,raw_negative/metallic_hard_negative/goethite/goethite_mindat_p088131_page1_013_raw.jpg,goethite,metallic_hard_negative,3,88131,DG-162780054af3,train,keep,,,,
9,goethite_001.jpg,9,VTM-004483,raw_negative/metallic_hard_negative/goethite/goethite_mindat_p088133_page1_022_raw.jpg,goethite,metallic_hard_negative,3,88133,DG-3995978906a7,train,keep,,,,
10,goethite_001.jpg,10,VTM-004486,raw_negative/metallic_hard_negative/goethite/goethite_mindat_p090235_page5_001_raw.jpg,goethite,metallic_hard_negative,3,90235,DG-18487160a8ca,train,keep,,,,
11,goethite_001.jpg,11,VTM-004487,raw_negative/metallic_hard_negative/goethite/goethite_mindat_p093088_page3_020_raw.jpg,goethite,metallic_hard_negative,3,93088,DG-9fff6f03fdf4,train,keep,,,,
12,goethite_001.jpg,12,VTM-004488,raw_negative/metallic_hard_negative/goethite/goethite_mindat_p093090_page3_005_raw.jpg,goethite,metallic_hard_negative,3,93090,DG-2decccec0010,train,keep,,,,
13,goethite_001.jpg,13,VTM-004490,raw_negative/metallic_hard_negative/goethite/goethite_mindat_p093092_page3_009_raw.jpg,goethite,metallic_hard_negative,3,93092,DG-04c585ec47f6,test,keep,,,,
14,goethite_001.jpg,14,VTM-004493,raw_negative/metallic_hard_negative/goethite/goethite_mindat_p1012609_page1_041_raw.jpg,goethite,metallic_hard_negative,3,1012609,DG-81d95166980f,val,keep,,,,
15,goethite_001.jpg,15,VTM-004495,raw_negative/metallic_hard_negative/goethite/goethite_mindat_p1017569_page4_067_raw.jpg,goethite,metallic_hard_negative,3,1017569,DG-459a0e85d4ef,test,keep,,,,
16,goethite_001.jpg,16,VTM-004500,raw_negative/metallic_hard_negative/goethite/goethite_mindat_p1025419_page1_061_raw.jpg,goethite,metallic_hard_negative,3,1025419,DG-78cc5b879191,train,keep,,,,
17,goethite_001.jpg,17,VTM-004505,raw_negative/metallic_hard_negative/goethite/goethite_mindat_p1120714_page4_057_raw.jpg,goethite,metallic_hard_negative,3,1120714,DG-55060e2c5204,test,keep,,,,
18,goethite_001.jpg,18,VTM-004506,raw_negative/metallic_hard_negative/goethite/goethite_mindat_p1128761_page1_065_raw.jpg,goethite,metallic_hard_negative,3,1128761,DG-07650a244661,test,keep,,,,
19,goethite_001.jpg,19,VTM-004540,raw_negative/metallic_hard_negative/goethite/goethite_mindat_p144479_page5_002_raw.jpg,goethite,metallic_hard_negative,3,144479,DG-af95c50fc051,train,keep,,,,
20,goethite_001.jpg,20,VTM-004547,raw_negative/metallic_hard_negative/goethite/goethite_mindat_p148571_page3_003_raw.jpg,goethite,metallic_hard_negative,3,148571,DG-01ea05d4e823,train,keep,,,,
21,goethite_001.jpg,21,VTM-004548,raw_negative/metallic_hard_negative/goethite/goethite_mindat_p1499517_page4_074_raw.jpg,goethite,metallic_hard_negative,3,1499517,DG-f6ee93e393f7,train,keep,,,,
22,goethite_001.jpg,22,VTM-004550,raw_negative/metallic_hard_negative/goethite/goethite_mindat_p163178_page3_011_raw.jpg,goethite,metallic_hard_negative,3,163178,DG-7687844b929e,train,keep,,,,
23,goethite_001.jpg,23,VTM-004551,raw_negative/metallic_hard_negative/goethite/goethite_mindat_p166216_page1_070_raw.jpg,goethite,metallic_hard_negative,3,166216,DG-790ba3916d97,train,keep,,,,
24,goethite_001.jpg,24,VTM-004554,raw_negative/metallic_hard_negative/goethite/goethite_mindat_p1731730_page5_031_raw.jpg,goethite,metallic_hard_negative,3,1731730,DG-d8c270e4d550,train,keep,,,,
25,goethite_001.jpg,25,VTM-004556,raw_negative/metallic_hard_negative/goethite/goethite_mindat_p175354_page1_058_raw.jpg,goethite,metallic_hard_negative,3,175354,DG-7d233596d418,train,keep,,,,
26,goethite_002.jpg,1,VTM-004578,raw_negative/metallic_hard_negative/goethite/goethite_mindat_p299578_page1_015_raw.jpg,goethite,metallic_hard_negative,3,299578,DG-53312f8ab848,train,keep,,,,
27,goethite_002.jpg,2,VTM-004584,raw_negative/metallic_hard_negative/goethite/goethite_mindat_p351305_page3_045_raw.jpg,goethite,metallic_hard_negative,3,351305,DG-f414d38d8087,val,keep,,,,
28,goethite_002.jpg,3,VTM-004591,raw_negative/metallic_hard_negative/goethite/goethite_mindat_p401655_page3_051_raw.jpg,goethite,metallic_hard_negative,3,401655,DG-9b5d4c76e13f,train,keep,,,,
29,goethite_002.jpg,4,VTM-004593,raw_negative/metallic_hard_negative/goethite/goethite_mindat_p422228_page4_005_raw.jpg,goethite,metallic_hard_negative,3,422228,DG-4c7a9dac83e3,val,keep,,,,
30,goethite_002.jpg,5,VTM-004599,raw_negative/metallic_hard_negative/goethite/goethite_mindat_p475307_page2_008_raw.jpg,goethite,metallic_hard_negative,3,475307,DG-f564707e3709,val,keep,,,,
31,goethite_002.jpg,6,VTM-004602,raw_negative/metallic_hard_negative/goethite/goethite_mindat_p483141_page3_074_raw.jpg,goethite,metallic_hard_negative,3,483141,DG-e3cb63300161,train,keep,,,,
32,goethite_002.jpg,7,VTM-004603,raw_negative/metallic_hard_negative/goethite/goethite_mindat_p483142_page3_065_raw.jpg,goethite,metallic_hard_negative,3,483142,DG-4ec95c54e334,train,keep,,,,
33,goethite_002.jpg,8,VTM-004613,raw_negative/metallic_hard_negative/goethite/goethite_mindat_p510568_page4_006_raw.jpg,goethite,metallic_hard_negative,3,510568,DG-89979111c25d,train,keep,,,,
34,goethite_002.jpg,9,VTM-004618,raw_negative/metallic_hard_negative/goethite/goethite_mindat_p522453_page1_060_raw.jpg,goethite,metallic_hard_negative,3,522453,DG-ff179753ebef,train,keep,,,,
35,goethite_002.jpg,10,VTM-004632,raw_negative/metallic_hard_negative/goethite/goethite_mindat_p561529_page3_043_raw.jpg,goethite,metallic_hard_negative,3,561529,DG-93f0e31d6ca5,train,keep,,,,
36,goethite_002.jpg,11,VTM-004635,raw_negative/metallic_hard_negative/goethite/goethite_mindat_p561967_page5_014_raw.jpg,goethite,metallic_hard_negative,3,561967,DG-fdc355a7dec4,train,keep,,,,
37,goethite_002.jpg,12,VTM-004639,raw_negative/metallic_hard_negative/goethite/goethite_mindat_p563671_page3_034_raw.jpg,goethite,metallic_hard_negative,3,563671,DG-242ef8eb00de,test,keep,,,,
38,goethite_002.jpg,13,VTM-004655,raw_negative/metallic_hard_negative/goethite/goethite_mindat_p604700_page4_010_raw.jpg,goethite,metallic_hard_negative,3,604700,DG-b2fbb3e9cef9,val,keep,,,,
39,goethite_002.jpg,14,VTM-004657,raw_negative/metallic_hard_negative/goethite/goethite_mindat_p605991_page3_044_raw.jpg,goethite,metallic_hard_negative,3,605991,DG-b8c33cc77ec7,test,keep,,,,
40,goethite_002.jpg,15,VTM-004658,raw_negative/metallic_hard_negative/goethite/goethite_mindat_p606283_page4_026_raw.jpg,goethite,metallic_hard_negative,3,606283,DG-bc3a0327e67c,test,keep,,,,
41,goethite_002.jpg,16,VTM-004675,raw_negative/metallic_hard_negative/goethite/goethite_mindat_p659435_page3_047_raw.jpg,goethite,metallic_hard_negative,3,659435,DG-7e1d6174749f,test,keep,,,,
42,goethite_002.jpg,17,VTM-004678,raw_negative/metallic_hard_negative/goethite/goethite_mindat_p696814_page4_042_raw.jpg,goethite,metallic_hard_negative,3,696814,DG-d90cb4153a5b,train,keep,,,,
43,goethite_002.jpg,18,VTM-004682,raw_negative/metallic_hard_negative/goethite/goethite_mindat_p703513_page5_016_raw.jpg,goethite,metallic_hard_negative,3,703513,DG-7645ba962935,train,keep,,,,
44,goethite_002.jpg,19,VTM-004688,raw_negative/metallic_hard_negative/goethite/goethite_mindat_p734964_page4_043_raw.jpg,goethite,metallic_hard_negative,3,734964,DG-e35afc208548,train,keep,,,,
45,goethite_002.jpg,20,VTM-004690,raw_negative/metallic_hard_negative/goethite/goethite_mindat_p738969_page1_043_raw.jpg,goethite,metallic_hard_negative,3,738969,DG-2a274e16a33e,val,keep,,,,
46,goethite_002.jpg,21,VTM-004691,raw_negative/metallic_hard_negative/goethite/goethite_mindat_p756152_page5_018_raw.jpg,goethite,metallic_hard_negative,3,756152,DG-531180648ef5,train,keep,,,,
47,goethite_002.jpg,22,VTM-004696,raw_negative/metallic_hard_negative/goethite/goethite_mindat_p792080_page1_055_raw.jpg,goethite,metallic_hard_negative,3,792080,DG-0c9925831678,train,keep,,,,
48,goethite_002.jpg,23,VTM-004699,raw_negative/metallic_hard_negative/goethite/goethite_mindat_p814920_page4_045_raw.jpg,goethite,metallic_hard_negative,3,814920,DG-4983712b4f53,train,keep,,,,
49,goethite_002.jpg,24,VTM-004704,raw_negative/metallic_hard_negative/goethite/goethite_mindat_p873007_page5_017_raw.jpg,goethite,metallic_hard_negative,3,873007,DG-c387377df551,val,keep,,,,
50,goethite_002.jpg,25,VTM-004711,raw_negative/metallic_hard_negative/goethite/goethite_mindat_p933905_page5_021_raw.jpg,goethite,metallic_hard_negative,3,933905,DG-1714e83b2d68,train,keep,,,,
1,hematite_001.jpg,1,VTM-004720,raw_negative/metallic_hard_negative/hematite/hematite_mindat_p003344_page1_030_raw.jpg,hematite,metallic_hard_negative,3,3344,DG-c97f15322fc4,train,keep,,,,
2,hematite_001.jpg,2,VTM-004725,raw_negative/metallic_hard_negative/hematite/hematite_mindat_p004555_page1_060_raw.jpg,hematite,metallic_hard_negative,3,4555,DG-db918e7bf2a1,train,keep,,,,
3,hematite_001.jpg,3,VTM-004733,raw_negative/metallic_hard_negative/hematite/hematite_mindat_p047855_page1_039_raw.jpg,hematite,metallic_hard_negative,3,47855,DG-125135a8e2f0,test,keep,,,,
4,hematite_001.jpg,4,VTM-004734,raw_negative/metallic_hard_negative/hematite/hematite_mindat_p048076_page1_031_raw.jpg,hematite,metallic_hard_negative,3,48076,DG-dc119b0afa8f,train,keep,,,,
5,hematite_001.jpg,5,VTM-004737,raw_negative/metallic_hard_negative/hematite/hematite_mindat_p056625_page1_026_raw.jpg,hematite,metallic_hard_negative,3,56625,DG-12030acde72b,test,keep,,,,
6,hematite_001.jpg,6,VTM-004744,raw_negative/metallic_hard_negative/hematite/hematite_mindat_p062765_page1_065_raw.jpg,hematite,metallic_hard_negative,3,62765,DG-b3e8ca54e55b,train,keep,,,,
7,hematite_001.jpg,7,VTM-004757,raw_negative/metallic_hard_negative/hematite/hematite_mindat_p098296_page1_007_raw.jpg,hematite,metallic_hard_negative,3,98296,DG-94f14ee45fd9,train,keep,,,,
8,hematite_001.jpg,8,VTM-004758,raw_negative/metallic_hard_negative/hematite/hematite_mindat_p098297_page1_075_raw.jpg,hematite,metallic_hard_negative,3,98297,DG-c4e84e88275c,test,keep,,,,
9,hematite_001.jpg,9,VTM-004783,raw_negative/metallic_hard_negative/hematite/hematite_mindat_p115483_page1_027_raw.jpg,hematite,metallic_hard_negative,3,115483,DG-253d2482c921,train,keep,,,,
10,hematite_001.jpg,10,VTM-004795,raw_negative/metallic_hard_negative/hematite/hematite_mindat_p122268_page1_034_raw.jpg,hematite,metallic_hard_negative,3,122268,DG-2103504c4bdb,train,keep,,,,
11,hematite_001.jpg,11,VTM-004797,raw_negative/metallic_hard_negative/hematite/hematite_mindat_p122276_page1_064_raw.jpg,hematite,metallic_hard_negative,3,122276,DG-b98020f05c5b,test,keep,,,,
12,hematite_001.jpg,12,VTM-004801,raw_negative/metallic_hard_negative/hematite/hematite_mindat_p1286317_page6_001_raw.jpg,hematite,metallic_hard_negative,3,1286317,DG-aebe66ef7240,train,keep,,,,
13,hematite_001.jpg,13,VTM-004808,raw_negative/metallic_hard_negative/hematite/hematite_mindat_p132737_page4_015_raw.jpg,hematite,metallic_hard_negative,3,132737,DG-c47da0c14ea3,val,keep,,,,
14,hematite_001.jpg,14,VTM-004813,raw_negative/metallic_hard_negative/hematite/hematite_mindat_p1334126_page5_073_raw.jpg,hematite,metallic_hard_negative,3,1334126,DG-33991845aaf1,test,exclude,microscope_image,,,
15,hematite_001.jpg,15,VTM-004814,raw_negative/metallic_hard_negative/hematite/hematite_mindat_p1334129_page5_065_raw.jpg,hematite,metallic_hard_negative,3,1334129,DG-9055b7cc284e,train,exclude,microscope_image,,,
16,hematite_001.jpg,16,VTM-004818,raw_negative/metallic_hard_negative/hematite/hematite_mindat_p137126_page1_001_raw.jpg,hematite,metallic_hard_negative,3,137126,DG-f8157687dfc1,val,keep,,,,
17,hematite_001.jpg,17,VTM-004819,raw_negative/metallic_hard_negative/hematite/hematite_mindat_p1392079_page1_038_raw.jpg,hematite,metallic_hard_negative,3,1392079,DG-a5ff46780ee0,train,keep,,,,
18,hematite_001.jpg,18,VTM-004820,raw_negative/metallic_hard_negative/hematite/hematite_mindat_p142226_page4_026_raw.jpg,hematite,metallic_hard_negative,3,142226,DG-042d7d6e9e9a,train,keep,,,,
19,hematite_001.jpg,19,VTM-004868,raw_negative/metallic_hard_negative/hematite/hematite_mindat_p232542_page4_058_raw.jpg,hematite,metallic_hard_negative,3,232542,DG-e8edf69567f8,val,keep,,,,
20,hematite_001.jpg,20,VTM-004875,raw_negative/metallic_hard_negative/hematite/hematite_mindat_p239259_page1_006_raw.jpg,hematite,metallic_hard_negative,3,239259,DG-1d354621213a,train,keep,,,,
21,hematite_001.jpg,21,VTM-004876,raw_negative/metallic_hard_negative/hematite/hematite_mindat_p239945_page4_064_raw.jpg,hematite,metallic_hard_negative,3,239945,DG-8ed5ca7176a8,train,keep,,,,
22,hematite_001.jpg,22,VTM-004892,raw_negative/metallic_hard_negative/hematite/hematite_mindat_p292231_page1_048_raw.jpg,hematite,metallic_hard_negative,3,292231,DG-0b02904cd2d9,train,keep,,,,
23,hematite_001.jpg,23,VTM-004894,raw_negative/metallic_hard_negative/hematite/hematite_mindat_p295868_page6_016_raw.jpg,hematite,metallic_hard_negative,3,295868,DG-f62eaf3c0647,train,keep,,,,
24,hematite_001.jpg,24,VTM-004902,raw_negative/metallic_hard_negative/hematite/hematite_mindat_p310377_page4_067_raw.jpg,hematite,metallic_hard_negative,3,310377,DG-604f861a8a8c,train,keep,,,,
25,hematite_001.jpg,25,VTM-004903,raw_negative/metallic_hard_negative/hematite/hematite_mindat_p318834_page6_010_raw.jpg,hematite,metallic_hard_negative,3,318834,DG-03ee3b4153cc,train,keep,,,,
26,hematite_002.jpg,1,VTM-004912,raw_negative/metallic_hard_negative/hematite/hematite_mindat_p380288_page4_060_raw.jpg,hematite,metallic_hard_negative,3,380288,DG-177e70bdf902,val,keep,,,,
27,hematite_002.jpg,2,VTM-004913,raw_negative/metallic_hard_negative/hematite/hematite_mindat_p387197_page4_069_raw.jpg,hematite,metallic_hard_negative,3,387197,DG-b2ffaca5e69f,val,keep,,,,
28,hematite_002.jpg,3,VTM-004914,raw_negative/metallic_hard_negative/hematite/hematite_mindat_p406983_page4_065_raw.jpg,hematite,metallic_hard_negative,3,406983,DG-b2a1b8865757,val,keep,,,,
29,hematite_002.jpg,4,VTM-004921,raw_negative/metallic_hard_negative/hematite/hematite_mindat_p459875_page6_034_raw.jpg,hematite,metallic_hard_negative,3,459875,DG-f13bf43d5235,val,keep,,,,
30,hematite_002.jpg,5,VTM-004926,raw_negative/metallic_hard_negative/hematite/hematite_mindat_p482306_page5_027_raw.jpg,hematite,metallic_hard_negative,3,482306,DG-8097974f3dde,train,keep,,,,
31,hematite_002.jpg,6,VTM-004929,raw_negative/metallic_hard_negative/hematite/hematite_mindat_p482911_page5_026_raw.jpg,hematite,metallic_hard_negative,3,482911,DG-8bdd6c1aed64,train,keep,,,,
32,hematite_002.jpg,7,VTM-004933,raw_negative/metallic_hard_negative/hematite/hematite_mindat_p485843_page6_057_raw.jpg,hematite,metallic_hard_negative,3,485843,DG-daf6f41ce75b,test,keep,,,,
33,hematite_002.jpg,8,VTM-004934,raw_negative/metallic_hard_negative/hematite/hematite_mindat_p486724_page4_030_raw.jpg,hematite,metallic_hard_negative,3,486724,DG-4df02ac79ea4,test,keep,,,,
34,hematite_002.jpg,9,VTM-004938,raw_negative/metallic_hard_negative/hematite/hematite_mindat_p502197_page4_039_raw.jpg,hematite,metallic_hard_negative,3,502197,DG-e54f19d2c8f8,val,keep,,,,
35,hematite_002.jpg,10,VTM-004947,raw_negative/metallic_hard_negative/hematite/hematite_mindat_p521114_page5_039_raw.jpg,hematite,metallic_hard_negative,3,521114,DG-9b8350d11c09,val,keep,,,,
36,hematite_002.jpg,11,VTM-004952,raw_negative/metallic_hard_negative/hematite/hematite_mindat_p540130_page5_052_raw.jpg,hematite,metallic_hard_negative,3,540130,DG-e44dc10e808d,train,keep,,,,
37,hematite_002.jpg,12,VTM-004953,raw_negative/metallic_hard_negative/hematite/hematite_mindat_p541699_page5_018_raw.jpg,hematite,metallic_hard_negative,3,541699,DG-974ef309f918,train,keep,,,,
38,hematite_002.jpg,13,VTM-004960,raw_negative/metallic_hard_negative/hematite/hematite_mindat_p600633_page5_028_raw.jpg,hematite,metallic_hard_negative,3,600633,DG-4bd8424d7cae,train,keep,,,,
39,hematite_002.jpg,14,VTM-004961,raw_negative/metallic_hard_negative/hematite/hematite_mindat_p605576_page1_050_raw.jpg,hematite,metallic_hard_negative,3,605576,DG-3a71801f1ee0,test,keep,,,,
40,hematite_002.jpg,15,VTM-004968,raw_negative/metallic_hard_negative/hematite/hematite_mindat_p631642_page6_066_raw.jpg,hematite,metallic_hard_negative,3,631642,DG-788695589cae,train,keep,,,,
41,hematite_002.jpg,16,VTM-004972,raw_negative/metallic_hard_negative/hematite/hematite_mindat_p648605_page5_025_raw.jpg,hematite,metallic_hard_negative,3,648605,DG-ac34ecd40a2b,train,keep,,,,
42,hematite_002.jpg,17,VTM-004979,raw_negative/metallic_hard_negative/hematite/hematite_mindat_p661190_page6_063_raw.jpg,hematite,metallic_hard_negative,3,661190,DG-db3957cce7c6,train,keep,,,,
43,hematite_002.jpg,18,VTM-004982,raw_negative/metallic_hard_negative/hematite/hematite_mindat_p682646_page6_045_raw.jpg,hematite,metallic_hard_negative,3,682646,DG-dc41c31e3d21,test,keep,,,,
44,hematite_002.jpg,19,VTM-004983,raw_negative/metallic_hard_negative/hematite/hematite_mindat_p692303_page6_040_raw.jpg,hematite,metallic_hard_negative,3,692303,DG-ad7d28354932,train,keep,,,,
45,hematite_002.jpg,20,VTM-004984,raw_negative/metallic_hard_negative/hematite/hematite_mindat_p709970_page5_035_raw.jpg,hematite,metallic_hard_negative,3,709970,DG-cc8c81808fd7,train,keep,,,,
46,hematite_002.jpg,21,VTM-004988,raw_negative/metallic_hard_negative/hematite/hematite_mindat_p715038_page5_033_raw.jpg,hematite,metallic_hard_negative,3,715038,DG-b4a86ae99aa4,test,keep,,,,
47,hematite_002.jpg,22,VTM-005004,raw_negative/metallic_hard_negative/hematite/hematite_mindat_p784238_page6_074_raw.jpg,hematite,metallic_hard_negative,3,784238,DG-6adcd9622866,train,keep,,,,
48,hematite_002.jpg,23,VTM-005011,raw_negative/metallic_hard_negative/hematite/hematite_mindat_p833676_page5_032_raw.jpg,hematite,metallic_hard_negative,3,833676,DG-9f846ac38613,train,keep,,,,
49,hematite_002.jpg,24,VTM-005021,raw_negative/metallic_hard_negative/hematite/hematite_mindat_p984230_page6_043_raw.jpg,hematite,metallic_hard_negative,3,984230,DG-5a0d013f29bc,train,keep,,,,
50,hematite_002.jpg,25,VTM-005022,raw_negative/metallic_hard_negative/hematite/hematite_mindat_p996639_page6_073_raw.jpg,hematite,metallic_hard_negative,3,996639,DG-d8da498bf2c5,train,keep,,,,
1,ilmenite_001.jpg,1,VTM-000002,raw_positive/ilmenite_ti_mineral/ilmenite_mindat_p001236_041_raw.jpg,ilmenite,target_mineral,0,1236,DG-9b07413cd739,train,keep,,,,
2,ilmenite_001.jpg,2,VTM-000007,raw_positive/ilmenite_ti_mineral/ilmenite_mindat_p004329_040_raw.jpg,ilmenite,target_mineral,0,4329,DG-29b5b23f3d2a,val,keep,,,,
3,ilmenite_001.jpg,3,VTM-000009,raw_positive/ilmenite_ti_mineral/ilmenite_mindat_p004515_037_raw.jpg,ilmenite,target_mineral,0,4515,DG-975d144850cf,train,keep,,,,
4,ilmenite_001.jpg,4,VTM-000018,raw_positive/ilmenite_ti_mineral/ilmenite_mindat_p039732_066_raw.jpg,ilmenite,target_mineral,0,39732,DG-43315a4123ba,train,keep,,,,
5,ilmenite_001.jpg,5,VTM-000024,raw_positive/ilmenite_ti_mineral/ilmenite_mindat_p061431_263_raw.jpg,ilmenite,target_mineral,0,61431,DG-6871d8b8ef5b,val,keep,,,,
6,ilmenite_001.jpg,6,VTM-000025,raw_positive/ilmenite_ti_mineral/ilmenite_mindat_p065674_067_raw.jpg,ilmenite,target_mineral,0,65674,DG-834694a900f8,test,keep,,,,
7,ilmenite_001.jpg,7,VTM-000026,raw_positive/ilmenite_ti_mineral/ilmenite_mindat_p065675_062_raw.jpg,ilmenite,target_mineral,0,65675,DG-0cb281befc77,train,keep,,,,
8,ilmenite_001.jpg,8,VTM-000034,raw_positive/ilmenite_ti_mineral/ilmenite_mindat_p075966_056_raw.jpg,ilmenite,target_mineral,0,75966,DG-79783c002b65,train,keep,,,,
9,ilmenite_001.jpg,9,VTM-000045,raw_positive/ilmenite_ti_mineral/ilmenite_mindat_p1047579_231_raw.jpg,ilmenite,target_mineral,0,1047579,DG-e57922e4a4ef,train,keep,,,,
10,ilmenite_001.jpg,10,VTM-000046,raw_positive/ilmenite_ti_mineral/ilmenite_mindat_p1053297_103_raw.jpg,ilmenite,target_mineral,0,1053297,DG-8ca8a880111d,train,keep,,,,
11,ilmenite_001.jpg,11,VTM-000050,raw_positive/ilmenite_ti_mineral/ilmenite_mindat_p1073133_020_raw.jpg,ilmenite,target_mineral,0,1073133,DG-5ce3c43f0026,train,keep,,,,
12,ilmenite_001.jpg,12,VTM-000074,raw_positive/ilmenite_ti_mineral/ilmenite_mindat_p1286577_297_raw.jpg,ilmenite,target_mineral,0,1286577,DG-05c8d12a3443,train,keep,,,,
13,ilmenite_001.jpg,13,VTM-000079,raw_positive/ilmenite_ti_mineral/ilmenite_mindat_p1298637_166_raw.jpg,ilmenite,target_mineral,0,1298637,DG-865801959617,train,exclude,microscope_image,,,
14,ilmenite_001.jpg,14,VTM-000088,raw_positive/ilmenite_ti_mineral/ilmenite_mindat_p1298697_153_raw.jpg,ilmenite,target_mineral,0,1298697,DG-6aab048ce8a7,train,exclude,microscope_image,,,
15,ilmenite_001.jpg,15,VTM-000093,raw_positive/ilmenite_ti_mineral/ilmenite_mindat_p130335_045_raw.jpg,ilmenite,target_mineral,0,130335,DG-6fac7c12364b,train,keep,,,,
16,ilmenite_001.jpg,16,VTM-000096,raw_positive/ilmenite_ti_mineral/ilmenite_mindat_p1307692_253_raw.jpg,ilmenite,target_mineral,0,1307692,DG-7201fdbc3683,train,keep,,,,
17,ilmenite_001.jpg,17,VTM-000102,raw_positive/ilmenite_ti_mineral/ilmenite_mindat_p1335727_328_raw.jpg,ilmenite,target_mineral,0,1335727,DG-8f39b68c7460,train,exclude,microscope_image,,,
18,ilmenite_001.jpg,18,VTM-000103,raw_positive/ilmenite_ti_mineral/ilmenite_mindat_p1335730_326_raw.jpg,ilmenite,target_mineral,0,1335730,DG-edd7bbc96d6a,train,exclude,microscope_image,,,
19,ilmenite_001.jpg,19,VTM-000104,raw_positive/ilmenite_ti_mineral/ilmenite_mindat_p1335735_339_raw.jpg,ilmenite,target_mineral,0,1335735,DG-c81168f6c3c0,train,exclude,microscope_image,,,
20,ilmenite_001.jpg,20,VTM-000105,raw_positive/ilmenite_ti_mineral/ilmenite_mindat_p1335740_335_raw.jpg,ilmenite,target_mineral,0,1335740,DG-d22c52e943d5,val,exclude,microscope_image,,,
21,ilmenite_001.jpg,21,VTM-000111,raw_positive/ilmenite_ti_mineral/ilmenite_mindat_p1371565_336_raw.jpg,ilmenite,target_mineral,0,1371565,DG-1b680e3165a6,train,keep,,,,
22,ilmenite_001.jpg,22,VTM-000130,raw_positive/ilmenite_ti_mineral/ilmenite_mindat_p157697_349_raw.jpg,ilmenite,target_mineral,0,157697,DG-c93fa69bd002,train,keep,,,,
23,ilmenite_001.jpg,23,VTM-000137,raw_positive/ilmenite_ti_mineral/ilmenite_mindat_p1665765_112_raw.jpg,ilmenite,target_mineral,0,1665765,DG-c1aed5f668d2,train,needs_expert,uncertain_primary_mineral,,,
24,ilmenite_001.jpg,24,VTM-000138,raw_positive/ilmenite_ti_mineral/ilmenite_mindat_p168119_275_raw.jpg,ilmenite,target_mineral,0,168119,DG-6cfde0785f0c,train,keep,,,,
25,ilmenite_001.jpg,25,VTM-000150,raw_positive/ilmenite_ti_mineral/ilmenite_mindat_p185591_189_raw.jpg,ilmenite,target_mineral,0,185591,DG-4e5e3ca16ae7,val,keep,,,,
26,ilmenite_002.jpg,1,VTM-000157,raw_positive/ilmenite_ti_mineral/ilmenite_mindat_p190143_270_raw.jpg,ilmenite,target_mineral,0,190143,DG-91303cef6949,train,keep,,,,
27,ilmenite_002.jpg,2,VTM-000180,raw_positive/ilmenite_ti_mineral/ilmenite_mindat_p285547_129_raw.jpg,ilmenite,target_mineral,0,285547,DG-697e51ad4956,train,keep,,,,
28,ilmenite_002.jpg,3,VTM-000182,raw_positive/ilmenite_ti_mineral/ilmenite_mindat_p298835_201_raw.jpg,ilmenite,target_mineral,0,298835,DG-1336fe4a4d32,train,keep,,,,
29,ilmenite_002.jpg,4,VTM-000188,raw_positive/ilmenite_ti_mineral/ilmenite_mindat_p313892_210_raw.jpg,ilmenite,target_mineral,0,313892,DG-71f6613e2b17,train,keep,,,,
30,ilmenite_002.jpg,5,VTM-000193,raw_positive/ilmenite_ti_mineral/ilmenite_mindat_p318010_202_raw.jpg,ilmenite,target_mineral,0,318010,DG-52c3a93b717f,train,keep,,,,
31,ilmenite_002.jpg,6,VTM-000195,raw_positive/ilmenite_ti_mineral/ilmenite_mindat_p321725_065_raw.jpg,ilmenite,target_mineral,0,321725,DG-92c6b940c46e,test,keep,,,,
32,ilmenite_002.jpg,7,VTM-000204,raw_positive/ilmenite_ti_mineral/ilmenite_mindat_p340714_324_raw.jpg,ilmenite,target_mineral,0,340714,DG-7d9cd3ff4e34,train,keep,,,,
33,ilmenite_002.jpg,8,VTM-000209,raw_positive/ilmenite_ti_mineral/ilmenite_mindat_p368289_035_raw.jpg,ilmenite,target_mineral,0,368289,DG-a2bc6dce5c87,train,keep,,,,
34,ilmenite_002.jpg,9,VTM-000221,raw_positive/ilmenite_ti_mineral/ilmenite_mindat_p429245_249_raw.jpg,ilmenite,target_mineral,0,429245,DG-a4bd6daf961b,train,keep,,,,
35,ilmenite_002.jpg,10,VTM-000223,raw_positive/ilmenite_ti_mineral/ilmenite_mindat_p440669_221_raw.jpg,ilmenite,target_mineral,0,440669,DG-b169140ce291,train,keep,,,,
36,ilmenite_002.jpg,11,VTM-000226,raw_positive/ilmenite_ti_mineral/ilmenite_mindat_p444061_029_raw.jpg,ilmenite,target_mineral,0,444061,DG-f38e353637cc,train,keep,,,,
37,ilmenite_002.jpg,12,VTM-000235,raw_positive/ilmenite_ti_mineral/ilmenite_mindat_p510570_322_raw.jpg,ilmenite,target_mineral,0,510570,DG-7b45371666b6,test,keep,,,,
38,ilmenite_002.jpg,13,VTM-000236,raw_positive/ilmenite_ti_mineral/ilmenite_mindat_p511310_303_raw.jpg,ilmenite,target_mineral,0,511310,DG-b4b2034de1fa,train,keep,,,,
39,ilmenite_002.jpg,14,VTM-000240,raw_positive/ilmenite_ti_mineral/ilmenite_mindat_p519885_316_raw.jpg,ilmenite,target_mineral,0,519885,DG-86fa5301b539,val,keep,,,,
40,ilmenite_002.jpg,15,VTM-000264,raw_positive/ilmenite_ti_mineral/ilmenite_mindat_p667348_033_raw.jpg,ilmenite,target_mineral,0,667348,DG-da94223b5a67,test,keep,,,,
41,ilmenite_002.jpg,16,VTM-000273,raw_positive/ilmenite_ti_mineral/ilmenite_mindat_p689534_220_raw.jpg,ilmenite,target_mineral,0,689534,DG-92b8961f8b7b,train,keep,,,,
42,ilmenite_002.jpg,17,VTM-000284,raw_positive/ilmenite_ti_mineral/ilmenite_mindat_p727695_257_raw.jpg,ilmenite,target_mineral,0,727695,DG-d26f6a5196a8,val,keep,,,,
43,ilmenite_002.jpg,18,VTM-000285,raw_positive/ilmenite_ti_mineral/ilmenite_mindat_p734633_241_raw.jpg,ilmenite,target_mineral,0,734633,DG-acd642196a86,train,keep,,,,
44,ilmenite_002.jpg,19,VTM-000295,raw_positive/ilmenite_ti_mineral/ilmenite_mindat_p772238_252_raw.jpg,ilmenite,target_mineral,0,772238,DG-022950aec806,test,keep,,,,
45,ilmenite_002.jpg,20,VTM-000298,raw_positive/ilmenite_ti_mineral/ilmenite_mindat_p778043_238_raw.jpg,ilmenite,target_mineral,0,778043,DG-92e88f8c1435,train,keep,,,,
46,ilmenite_002.jpg,21,VTM-000299,raw_positive/ilmenite_ti_mineral/ilmenite_mindat_p788054_207_raw.jpg,ilmenite,target_mineral,0,788054,DG-4acd172d5c76,train,keep,,,,
47,ilmenite_002.jpg,22,VTM-000301,raw_positive/ilmenite_ti_mineral/ilmenite_mindat_p788057_226_raw.jpg,ilmenite,target_mineral,0,788057,DG-10ca9bdb3163,train,keep,,,,
48,ilmenite_002.jpg,23,VTM-000306,raw_positive/ilmenite_ti_mineral/ilmenite_mindat_p797650_085_raw.jpg,ilmenite,target_mineral,0,797650,DG-870b4e8c4b66,train,keep,,,,
49,ilmenite_002.jpg,24,VTM-000307,raw_positive/ilmenite_ti_mineral/ilmenite_mindat_p801385_006_raw.jpg,ilmenite,target_mineral,0,801385,DG-a7eccdebae54,train,keep,,,,
50,ilmenite_002.jpg,25,VTM-000310,raw_positive/ilmenite_ti_mineral/ilmenite_mindat_p847906_138_raw.jpg,ilmenite,target_mineral,0,847906,DG-c6200b22741f,train,exclude,microscope_image,,,
1,magnetite_001.jpg,1,VTM-000344,raw_positive/magnetite_proxy/magnetite_mindat_p002875_1315_raw.jpg,magnetite,target_mineral,0,2875,DG-2f8cebc5b197,test,keep,,,,
2,magnetite_001.jpg,2,VTM-000371,raw_positive/magnetite_proxy/magnetite_mindat_p019023_054_raw.jpg,magnetite,target_mineral,0,19023,DG-bbe06a80c712,train,keep,,,,
3,magnetite_001.jpg,3,VTM-000384,raw_positive/magnetite_proxy/magnetite_mindat_p024661_873_raw.jpg,magnetite,target_mineral,0,24661,DG-15f64d115742,train,keep,,,,
4,magnetite_001.jpg,4,VTM-000387,raw_positive/magnetite_proxy/magnetite_mindat_p027086_1340_raw.jpg,magnetite,target_mineral,0,27086,DG-5041ac9db730,train,keep,,,,
5,magnetite_001.jpg,5,VTM-000393,raw_positive/magnetite_proxy/magnetite_mindat_p032845_474_raw.jpg,magnetite,target_mineral,0,32845,DG-3f40939f066b,test,keep,,,,
6,magnetite_001.jpg,6,VTM-000440,raw_positive/magnetite_proxy/magnetite_mindat_p051817_418_raw.jpg,magnetite,target_mineral,0,51817,DG-26e215fcf397,test,keep,,,,
7,magnetite_001.jpg,7,VTM-000486,raw_positive/magnetite_proxy/magnetite_mindat_p081505_757_raw.jpg,magnetite,target_mineral,0,81505,DG-3404a4c37c78,test,keep,,,,
8,magnetite_001.jpg,8,VTM-000495,raw_positive/magnetite_proxy/magnetite_mindat_p091045_275_raw.jpg,magnetite,target_mineral,0,91045,DG-cd33cc03272a,test,keep,,,,
9,magnetite_001.jpg,9,VTM-000499,raw_positive/magnetite_proxy/magnetite_mindat_p093619_930_raw.jpg,magnetite,target_mineral,0,93619,DG-4b652882b7af,val,keep,,,,
10,magnetite_001.jpg,10,VTM-000554,raw_positive/magnetite_proxy/magnetite_mindat_p1048337_829_raw.jpg,magnetite,target_mineral,0,1048337,DG-d69aeb666d37,train,keep,,,,
11,magnetite_001.jpg,11,VTM-000562,raw_positive/magnetite_proxy/magnetite_mindat_p1053172_832_raw.jpg,magnetite,target_mineral,0,1053172,DG-48e5a8f5c2f6,val,keep,,,,
12,magnetite_001.jpg,12,VTM-000616,raw_positive/magnetite_proxy/magnetite_mindat_p1130270_1297_raw.jpg,magnetite,target_mineral,0,1130270,DG-8627d5243277,train,keep,,,,
13,magnetite_001.jpg,13,VTM-000645,raw_positive/magnetite_proxy/magnetite_mindat_p1166874_585_raw.jpg,magnetite,target_mineral,0,1166874,DG-1e092660f768,train,keep,,,,
14,magnetite_001.jpg,14,VTM-000654,raw_positive/magnetite_proxy/magnetite_mindat_p1172673_668_raw.jpg,magnetite,target_mineral,0,1172673,DG-870455a260e3,train,keep,,,,
15,magnetite_001.jpg,15,VTM-000706,raw_positive/magnetite_proxy/magnetite_mindat_p1239083_597_raw.jpg,magnetite,target_mineral,0,1239083,DG-d50e4e968b94,train,keep,,,,
16,magnetite_001.jpg,16,VTM-000747,raw_positive/magnetite_proxy/magnetite_mindat_p131886_1160_raw.jpg,magnetite,target_mineral,0,131886,DG-a67ab9fa59e2,train,keep,,,,
17,magnetite_001.jpg,17,VTM-000783,raw_positive/magnetite_proxy/magnetite_mindat_p134642_1327_raw.jpg,magnetite,target_mineral,0,134642,DG-9ccb51cb0fa8,val,exclude,wrong_label,,,
18,magnetite_001.jpg,18,VTM-000819,raw_positive/magnetite_proxy/magnetite_mindat_p1378981_1135_raw.jpg,magnetite,target_mineral,0,1378981,DG-a8a0f6dcdc40,test,exclude,microscope_image,,,
19,magnetite_001.jpg,19,VTM-000825,raw_positive/magnetite_proxy/magnetite_mindat_p1381478_1119_raw.jpg,magnetite,target_mineral,0,1381478,DG-bcdfe30dd225,val,keep,,,,
20,magnetite_001.jpg,20,VTM-000919,raw_positive/magnetite_proxy/magnetite_mindat_p151437_1307_raw.jpg,magnetite,target_mineral,0,151437,DG-e093a55c5608,train,keep,,,,
21,magnetite_001.jpg,21,VTM-000921,raw_positive/magnetite_proxy/magnetite_mindat_p1514678_600_raw.jpg,magnetite,target_mineral,0,1514678,DG-95cbae7597bf,train,keep,,,,
22,magnetite_001.jpg,22,VTM-000924,raw_positive/magnetite_proxy/magnetite_mindat_p1517575_1139_raw.jpg,magnetite,target_mineral,0,1517575,DG-47aebd820b64,train,exclude,microscope_image,,,
23,magnetite_001.jpg,23,VTM-000956,raw_positive/magnetite_proxy/magnetite_mindat_p167455_426_raw.jpg,magnetite,target_mineral,0,167455,DG-d1c217138732,train,keep,,,,
24,magnetite_001.jpg,24,VTM-000957,raw_positive/magnetite_proxy/magnetite_mindat_p167644_424_raw.jpg,magnetite,target_mineral,0,167644,DG-e9f60f9cd8a9,val,keep,,,,
25,magnetite_001.jpg,25,VTM-000979,raw_positive/magnetite_proxy/magnetite_mindat_p183638_182_raw.jpg,magnetite,target_mineral,0,183638,DG-c34b51fe7901,train,keep,,,,
26,magnetite_002.jpg,1,VTM-001007,raw_positive/magnetite_proxy/magnetite_mindat_p213013_400_raw.jpg,magnetite,target_mineral,0,213013,DG-ce6525f8700a,test,keep,,,,
27,magnetite_002.jpg,2,VTM-001043,raw_positive/magnetite_proxy/magnetite_mindat_p251513_966_raw.jpg,magnetite,target_mineral,0,251513,DG-0b41a4c2c776,train,keep,,,,
28,magnetite_002.jpg,3,VTM-001046,raw_positive/magnetite_proxy/magnetite_mindat_p251633_925_raw.jpg,magnetite,target_mineral,0,251633,DG-02686e525e12,train,keep,,,,
29,magnetite_002.jpg,4,VTM-001118,raw_positive/magnetite_proxy/magnetite_mindat_p315660_091_raw.jpg,magnetite,target_mineral,0,315660,DG-a844be169da1,val,keep,,,,
30,magnetite_002.jpg,5,VTM-001129,raw_positive/magnetite_proxy/magnetite_mindat_p330392_544_raw.jpg,magnetite,target_mineral,0,330392,DG-fe2618c191cd,test,keep,,,,
31,magnetite_002.jpg,6,VTM-001145,raw_positive/magnetite_proxy/magnetite_mindat_p346404_176_raw.jpg,magnetite,target_mineral,0,346404,DG-2e049c65edf0,test,keep,,,,
32,magnetite_002.jpg,7,VTM-001187,raw_positive/magnetite_proxy/magnetite_mindat_p382261_173_raw.jpg,magnetite,target_mineral,0,382261,DG-245731258dee,val,keep,,,,
33,magnetite_002.jpg,8,VTM-001203,raw_positive/magnetite_proxy/magnetite_mindat_p394689_1030_raw.jpg,magnetite,target_mineral,0,394689,DG-7c411471435c,train,keep,,,,
34,magnetite_002.jpg,9,VTM-001209,raw_positive/magnetite_proxy/magnetite_mindat_p399615_620_raw.jpg,magnetite,target_mineral,0,399615,DG-bd767b2649c6,train,keep,,,,
35,magnetite_002.jpg,10,VTM-001231,raw_positive/magnetite_proxy/magnetite_mindat_p429590_197_raw.jpg,magnetite,target_mineral,0,429590,DG-0d3eb9899a40,train,keep,,,,
36,magnetite_002.jpg,11,VTM-001292,raw_positive/magnetite_proxy/magnetite_mindat_p515802_1039_raw.jpg,magnetite,target_mineral,0,515802,DG-8b852254d1fc,test,keep,,,,
37,magnetite_002.jpg,12,VTM-001304,raw_positive/magnetite_proxy/magnetite_mindat_p521514_939_raw.jpg,magnetite,target_mineral,0,521514,DG-bdaffa012f1b,test,keep,,,,
38,magnetite_002.jpg,13,VTM-001330,raw_positive/magnetite_proxy/magnetite_mindat_p543280_576_raw.jpg,magnetite,target_mineral,0,543280,DG-cb2866ff68c8,train,keep,,,,
39,magnetite_002.jpg,14,VTM-001374,raw_positive/magnetite_proxy/magnetite_mindat_p591691_1034_raw.jpg,magnetite,target_mineral,0,591691,DG-9fae17d4348f,val,keep,,,,
40,magnetite_002.jpg,15,VTM-001392,raw_positive/magnetite_proxy/magnetite_mindat_p616889_493_raw.jpg,magnetite,target_mineral,0,616889,DG-f3cf499f9364,train,keep,,,,
41,magnetite_002.jpg,16,VTM-001399,raw_positive/magnetite_proxy/magnetite_mindat_p629378_406_raw.jpg,magnetite,target_mineral,0,629378,DG-41d0e5580b6a,train,keep,,,,
42,magnetite_002.jpg,17,VTM-001438,raw_positive/magnetite_proxy/magnetite_mindat_p677818_1068_raw.jpg,magnetite,target_mineral,0,677818,DG-7255a46e94a7,train,keep,,,,
43,magnetite_002.jpg,18,VTM-001470,raw_positive/magnetite_proxy/magnetite_mindat_p710876_1103_raw.jpg,magnetite,target_mineral,0,710876,DG-244379d19690,val,keep,,,,
44,magnetite_002.jpg,19,VTM-001479,raw_positive/magnetite_proxy/magnetite_mindat_p720511_204_raw.jpg,magnetite,target_mineral,0,720511,DG-19326df2ae33,train,keep,,,,
45,magnetite_002.jpg,20,VTM-001508,raw_positive/magnetite_proxy/magnetite_mindat_p757270_190_raw.jpg,magnetite,target_mineral,0,757270,DG-b60b684846fa,val,keep,,,,
46,magnetite_002.jpg,21,VTM-001549,raw_positive/magnetite_proxy/magnetite_mindat_p808604_200_raw.jpg,magnetite,target_mineral,0,808604,DG-e6c0b993fa55,val,keep,,,,
47,magnetite_002.jpg,22,VTM-001567,raw_positive/magnetite_proxy/magnetite_mindat_p838345_634_raw.jpg,magnetite,target_mineral,0,838345,DG-7832d33d6fe4,train,exclude,microscope_image,,,
48,magnetite_002.jpg,23,VTM-001597,raw_positive/magnetite_proxy/magnetite_mindat_p880391_513_raw.jpg,magnetite,target_mineral,0,880391,DG-8696b53bb753,test,keep,,,,
49,magnetite_002.jpg,24,VTM-001647,raw_positive/magnetite_proxy/magnetite_mindat_p925019_632_raw.jpg,magnetite,target_mineral,0,925019,DG-ae5736a445f1,val,keep,,,,
50,magnetite_002.jpg,25,VTM-001664,raw_positive/magnetite_proxy/magnetite_mindat_p962673_535_raw.jpg,magnetite,target_mineral,0,962673,DG-4742712dff64,test,keep,,,,
1,perovskite_001.jpg,1,VTM-006520,raw_negative/ti_bearing_negative/perovskite/perovskite_mindat_p009593_182_raw.jpg,perovskite,ti_bearing_negative,1,9593,DG-7fbec651449d,train,keep,,,,
2,perovskite_001.jpg,2,VTM-006525,raw_negative/ti_bearing_negative/perovskite/perovskite_mindat_p014428_237_raw.jpg,perovskite,ti_bearing_negative,1,14428,DG-fa7f228dc4d5,val,keep,,,,
3,perovskite_001.jpg,3,VTM-006534,raw_negative/ti_bearing_negative/perovskite/perovskite_mindat_p036393_021_raw.jpg,perovskite,ti_bearing_negative,1,36393,DG-3046ae5b083d,val,keep,,,,
4,perovskite_001.jpg,4,VTM-006539,raw_negative/ti_bearing_negative/perovskite/perovskite_mindat_p042643_023_raw.jpg,perovskite,ti_bearing_negative,1,42643,DG-c00b5cc39d02,train,keep,,,,
5,perovskite_001.jpg,5,VTM-006549,raw_negative/ti_bearing_negative/perovskite/perovskite_mindat_p056011_314_raw.jpg,perovskite,ti_bearing_negative,1,56011,DG-ee06d368012f,train,keep,,,,
6,perovskite_001.jpg,6,VTM-006550,raw_negative/ti_bearing_negative/perovskite/perovskite_mindat_p056631_313_raw.jpg,perovskite,ti_bearing_negative,1,56631,DG-e3a1e6339ffd,test,keep,,,,
7,perovskite_001.jpg,7,VTM-006556,raw_negative/ti_bearing_negative/perovskite/perovskite_mindat_p059835_319_raw.jpg,perovskite,ti_bearing_negative,1,59835,DG-08a2c5d00eef,train,keep,,,,
8,perovskite_001.jpg,8,VTM-006567,raw_negative/ti_bearing_negative/perovskite/perovskite_mindat_p094106_015_raw.jpg,perovskite,ti_bearing_negative,1,94106,DG-435b2166fcfd,test,keep,,,,
9,perovskite_001.jpg,9,VTM-006586,raw_negative/ti_bearing_negative/perovskite/perovskite_mindat_p105356_200_raw.jpg,perovskite,ti_bearing_negative,1,105356,DG-6ee1f44d1bfd,train,keep,,,,
10,perovskite_001.jpg,10,VTM-006590,raw_negative/ti_bearing_negative/perovskite/perovskite_mindat_p1067507_107_raw.jpg,perovskite,ti_bearing_negative,1,1067507,DG-3d50b9f848fa,val,keep,,,,
11,perovskite_001.jpg,11,VTM-006604,raw_negative/ti_bearing_negative/perovskite/perovskite_mindat_p112753_003_raw.jpg,perovskite,ti_bearing_negative,1,112753,DG-4abb473b2a3f,train,keep,,,,
12,perovskite_001.jpg,12,VTM-006608,raw_negative/ti_bearing_negative/perovskite/perovskite_mindat_p1130059_122_raw.jpg,perovskite,ti_bearing_negative,1,1130059,DG-52df5dde0067,train,keep,,,,
13,perovskite_001.jpg,13,VTM-006612,raw_negative/ti_bearing_negative/perovskite/perovskite_mindat_p1142470_063_raw.jpg,perovskite,ti_bearing_negative,1,1142470,DG-8794655ab0b0,test,keep,,,,
14,perovskite_001.jpg,14,VTM-006620,raw_negative/ti_bearing_negative/perovskite/perovskite_mindat_p1162198_451_raw.jpg,perovskite,ti_bearing_negative,1,1162198,DG-cf96751ec6cc,val,keep,,,,
15,perovskite_001.jpg,15,VTM-006625,raw_negative/ti_bearing_negative/perovskite/perovskite_mindat_p1228612_342_raw.jpg,perovskite,ti_bearing_negative,1,1228612,DG-76addff51c9b,train,keep,,,,
16,perovskite_001.jpg,16,VTM-006640,raw_negative/ti_bearing_negative/perovskite/perovskite_mindat_p1360198_170_raw.jpg,perovskite,ti_bearing_negative,1,1360198,DG-b2e0b9a9e609,train,keep,,,,
17,perovskite_001.jpg,17,VTM-006647,raw_negative/ti_bearing_negative/perovskite/perovskite_mindat_p1408542_109_raw.jpg,perovskite,ti_bearing_negative,1,1408542,DG-8d8763f17b67,train,keep,,,,
18,perovskite_001.jpg,18,VTM-006653,raw_negative/ti_bearing_negative/perovskite/perovskite_mindat_p141882_397_raw.jpg,perovskite,ti_bearing_negative,1,141882,DG-8acc97e99e5e,train,keep,,,,
19,perovskite_001.jpg,19,VTM-006660,raw_negative/ti_bearing_negative/perovskite/perovskite_mindat_p144572_196_raw.jpg,perovskite,ti_bearing_negative,1,144572,DG-a4e5f29727db,train,keep,,,,
20,perovskite_001.jpg,20,VTM-006669,raw_negative/ti_bearing_negative/perovskite/perovskite_mindat_p167633_018_raw.jpg,perovskite,ti_bearing_negative,1,167633,DG-ca7fc283c3e0,train,keep,,,,
21,perovskite_001.jpg,21,VTM-006687,raw_negative/ti_bearing_negative/perovskite/perovskite_mindat_p194437_047_raw.jpg,perovskite,ti_bearing_negative,1,194437,DG-42cd0a0af54b,train,keep,,,,
22,perovskite_001.jpg,22,VTM-006690,raw_negative/ti_bearing_negative/perovskite/perovskite_mindat_p201305_117_raw.jpg,perovskite,ti_bearing_negative,1,201305,DG-c08a159b0112,val,exclude,microscope_image,,,
23,perovskite_001.jpg,23,VTM-006692,raw_negative/ti_bearing_negative/perovskite/perovskite_mindat_p204952_323_raw.jpg,perovskite,ti_bearing_negative,1,204952,DG-61c9215808c8,val,keep,,,,
24,perovskite_001.jpg,24,VTM-006699,raw_negative/ti_bearing_negative/perovskite/perovskite_mindat_p214660_307_raw.jpg,perovskite,ti_bearing_negative,1,214660,DG-427884a43332,test,keep,,,,
25,perovskite_001.jpg,25,VTM-006703,raw_negative/ti_bearing_negative/perovskite/perovskite_mindat_p230391_396_raw.jpg,perovskite,ti_bearing_negative,1,230391,DG-144ec4f75b63,train,keep,,,,
26,perovskite_002.jpg,1,VTM-006705,raw_negative/ti_bearing_negative/perovskite/perovskite_mindat_p233471_399_raw.jpg,perovskite,ti_bearing_negative,1,233471,DG-334327407d16,train,keep,,,,
27,perovskite_002.jpg,2,VTM-006713,raw_negative/ti_bearing_negative/perovskite/perovskite_mindat_p256968_248_raw.jpg,perovskite,ti_bearing_negative,1,256968,DG-1ec37aa5e726,test,keep,,,,
28,perovskite_002.jpg,3,VTM-006717,raw_negative/ti_bearing_negative/perovskite/perovskite_mindat_p261212_197_raw.jpg,perovskite,ti_bearing_negative,1,261212,DG-f419ae6bbbb4,test,keep,,,,
29,perovskite_002.jpg,4,VTM-006726,raw_negative/ti_bearing_negative/perovskite/perovskite_mindat_p278911_403_raw.jpg,perovskite,ti_bearing_negative,1,278911,DG-a320fcd7c060,train,keep,,,,
30,perovskite_002.jpg,5,VTM-006741,raw_negative/ti_bearing_negative/perovskite/perovskite_mindat_p297415_026_raw.jpg,perovskite,ti_bearing_negative,1,297415,DG-0d7cb77e1bd3,train,keep,,,,
31,perovskite_002.jpg,6,VTM-006744,raw_negative/ti_bearing_negative/perovskite/perovskite_mindat_p301438_261_raw.jpg,perovskite,ti_bearing_negative,1,301438,DG-fdc1f9631da8,train,keep,,,,
32,perovskite_002.jpg,7,VTM-006754,raw_negative/ti_bearing_negative/perovskite/perovskite_mindat_p315270_022_raw.jpg,perovskite,ti_bearing_negative,1,315270,DG-8b7ddf3cd66e,val,keep,,,,
33,perovskite_002.jpg,8,VTM-006776,raw_negative/ti_bearing_negative/perovskite/perovskite_mindat_p407342_329_raw.jpg,perovskite,ti_bearing_negative,1,407342,DG-9ab5cff83fcc,train,keep,,,,
34,perovskite_002.jpg,9,VTM-006804,raw_negative/ti_bearing_negative/perovskite/perovskite_mindat_p490306_239_raw.jpg,perovskite,ti_bearing_negative,1,490306,DG-ffa9af1548d4,train,keep,,,,
35,perovskite_002.jpg,10,VTM-006809,raw_negative/ti_bearing_negative/perovskite/perovskite_mindat_p524269_410_raw.jpg,perovskite,ti_bearing_negative,1,524269,DG-52eb4c4698ac,train,keep,,,,
36,perovskite_002.jpg,11,VTM-006811,raw_negative/ti_bearing_negative/perovskite/perovskite_mindat_p524925_436_raw.jpg,perovskite,ti_bearing_negative,1,524925,DG-324aa3fb993b,test,keep,,,,
37,perovskite_002.jpg,12,VTM-006818,raw_negative/ti_bearing_negative/perovskite/perovskite_mindat_p542775_365_raw.jpg,perovskite,ti_bearing_negative,1,542775,DG-73cc4e599178,train,keep,,,,
38,perovskite_002.jpg,13,VTM-006821,raw_negative/ti_bearing_negative/perovskite/perovskite_mindat_p564970_439_raw.jpg,perovskite,ti_bearing_negative,1,564970,DG-1f359c0dcffa,train,keep,,,,
39,perovskite_002.jpg,14,VTM-006828,raw_negative/ti_bearing_negative/perovskite/perovskite_mindat_p574860_230_raw.jpg,perovskite,ti_bearing_negative,1,574860,DG-572c6e1b29cf,test,keep,,,,
40,perovskite_002.jpg,15,VTM-006830,raw_negative/ti_bearing_negative/perovskite/perovskite_mindat_p579309_127_raw.jpg,perovskite,ti_bearing_negative,1,579309,DG-aedb2a41c8a9,train,keep,,,,
41,perovskite_002.jpg,16,VTM-006840,raw_negative/ti_bearing_negative/perovskite/perovskite_mindat_p603708_423_raw.jpg,perovskite,ti_bearing_negative,1,603708,DG-014e00a5d7f5,val,keep,,,,
42,perovskite_002.jpg,17,VTM-006849,raw_negative/ti_bearing_negative/perovskite/perovskite_mindat_p627540_265_raw.jpg,perovskite,ti_bearing_negative,1,627540,DG-b1f251cf666f,train,keep,,,,
43,perovskite_002.jpg,18,VTM-006857,raw_negative/ti_bearing_negative/perovskite/perovskite_mindat_p659689_269_raw.jpg,perovskite,ti_bearing_negative,1,659689,DG-80ecad8594fb,train,keep,,,,
44,perovskite_002.jpg,19,VTM-006861,raw_negative/ti_bearing_negative/perovskite/perovskite_mindat_p703953_177_raw.jpg,perovskite,ti_bearing_negative,1,703953,DG-14e9cb9d296e,train,keep,,,,
45,perovskite_002.jpg,20,VTM-006865,raw_negative/ti_bearing_negative/perovskite/perovskite_mindat_p722160_009_raw.jpg,perovskite,ti_bearing_negative,1,722160,DG-63548c1d61c2,train,keep,,,,
46,perovskite_002.jpg,21,VTM-006869,raw_negative/ti_bearing_negative/perovskite/perovskite_mindat_p776528_363_raw.jpg,perovskite,ti_bearing_negative,1,776528,DG-a80c4689c96d,train,keep,,,,
47,perovskite_002.jpg,22,VTM-006870,raw_negative/ti_bearing_negative/perovskite/perovskite_mindat_p790445_066_raw.jpg,perovskite,ti_bearing_negative,1,790445,DG-bd0f44b9a219,test,keep,,,,
48,perovskite_002.jpg,23,VTM-006872,raw_negative/ti_bearing_negative/perovskite/perovskite_mindat_p799515_041_raw.jpg,perovskite,ti_bearing_negative,1,799515,DG-63b9e212d13b,train,keep,,,,
49,perovskite_002.jpg,24,VTM-006883,raw_negative/ti_bearing_negative/perovskite/perovskite_mindat_p866233_167_raw.jpg,perovskite,ti_bearing_negative,1,866233,DG-601c7764236b,train,keep,,,,
50,perovskite_002.jpg,25,VTM-006885,raw_negative/ti_bearing_negative/perovskite/perovskite_mindat_p872503_364_raw.jpg,perovskite,ti_bearing_negative,1,872503,DG-6501daf28f81,train,keep,,,,
1,pyrite_001.jpg,1,VTM-005027,raw_negative/metallic_hard_negative/pyrite/pyrite_mindat_p005358_page1_058_raw.jpg,pyrite,metallic_hard_negative,3,5358,DG-a471068e7ddf,train,keep,,,,
2,pyrite_001.jpg,2,VTM-005029,raw_negative/metallic_hard_negative/pyrite/pyrite_mindat_p007001_page1_010_raw.jpg,pyrite,metallic_hard_negative,3,7001,DG-8cb379e0c81e,val,keep,,,,
3,pyrite_001.jpg,3,VTM-005033,raw_negative/metallic_hard_negative/pyrite/pyrite_mindat_p017064_page6_018_raw.jpg,pyrite,metallic_hard_negative,3,17064,DG-48018e5e27ec,train,keep,,,,
4,pyrite_001.jpg,4,VTM-005036,raw_negative/metallic_hard_negative/pyrite/pyrite_mindat_p021042_page1_006_raw.jpg,pyrite,metallic_hard_negative,3,21042,DG-d73c0b1285e5,val,keep,,,,
5,pyrite_001.jpg,5,VTM-005048,raw_negative/metallic_hard_negative/pyrite/pyrite_mindat_p031480_page1_015_raw.jpg,pyrite,metallic_hard_negative,3,31480,DG-75f9cedcedbc,train,keep,,,,
6,pyrite_001.jpg,6,VTM-005054,raw_negative/metallic_hard_negative/pyrite/pyrite_mindat_p039594_page4_013_raw.jpg,pyrite,metallic_hard_negative,3,39594,DG-bebe81210f06,train,keep,,,,
7,pyrite_001.jpg,7,VTM-005055,raw_negative/metallic_hard_negative/pyrite/pyrite_mindat_p039631_page4_012_raw.jpg,pyrite,metallic_hard_negative,3,39631,DG-9e10fc231ca0,train,keep,,,,
8,pyrite_001.jpg,8,VTM-005056,raw_negative/metallic_hard_negative/pyrite/pyrite_mindat_p040846_page4_011_raw.jpg,pyrite,metallic_hard_negative,3,40846,DG-93096a3f948d,train,keep,,,,
9,pyrite_001.jpg,9,VTM-005057,raw_negative/metallic_hard_negative/pyrite/pyrite_mindat_p040928_page4_007_raw.jpg,pyrite,metallic_hard_negative,3,40928,DG-99844870524b,train,keep,,,,
10,pyrite_001.jpg,10,VTM-005058,raw_negative/metallic_hard_negative/pyrite/pyrite_mindat_p044645_page4_005_raw.jpg,pyrite,metallic_hard_negative,3,44645,DG-ffe21902e227,val,keep,,,,
11,pyrite_001.jpg,11,VTM-005069,raw_negative/metallic_hard_negative/pyrite/pyrite_mindat_p052211_page1_004_raw.jpg,pyrite,metallic_hard_negative,3,52211,DG-fa8b5bfd0ab3,train,keep,,,,
12,pyrite_001.jpg,12,VTM-005073,raw_negative/metallic_hard_negative/pyrite/pyrite_mindat_p060132_page1_017_raw.jpg,pyrite,metallic_hard_negative,3,60132,DG-3f4220185ca1,train,keep,,,,
13,pyrite_001.jpg,13,VTM-005083,raw_negative/metallic_hard_negative/pyrite/pyrite_mindat_p070330_page6_022_raw.jpg,pyrite,metallic_hard_negative,3,70330,DG-999f78030c4b,train,keep,,,,
14,pyrite_001.jpg,14,VTM-005085,raw_negative/metallic_hard_negative/pyrite/pyrite_mindat_p081644_page5_024_raw.jpg,pyrite,metallic_hard_negative,3,81644,DG-12fcd338d127,train,keep,,,,
15,pyrite_001.jpg,15,VTM-005096,raw_negative/metallic_hard_negative/pyrite/pyrite_mindat_p1060214_page3_020_raw.jpg,pyrite,metallic_hard_negative,3,1060214,DG-a634e7073d04,train,exclude,microscope_image,,,
16,pyrite_001.jpg,16,VTM-005102,raw_negative/metallic_hard_negative/pyrite/pyrite_mindat_p111786_page1_003_raw.jpg,pyrite,metallic_hard_negative,3,111786,DG-2b0ce78a18cf,train,keep,,,,
17,pyrite_001.jpg,17,VTM-005103,raw_negative/metallic_hard_negative/pyrite/pyrite_mindat_p1118667_page2_008_raw.jpg,pyrite,metallic_hard_negative,3,1118667,DG-ec13d88396e7,train,keep,,,,
18,pyrite_001.jpg,18,VTM-005113,raw_negative/metallic_hard_negative/pyrite/pyrite_mindat_p117033_page1_001_raw.jpg,pyrite,metallic_hard_negative,3,117033,DG-ed8a4022937f,val,keep,,,,
19,pyrite_001.jpg,19,VTM-005115,raw_negative/metallic_hard_negative/pyrite/pyrite_mindat_p117549_page4_019_raw.jpg,pyrite,metallic_hard_negative,3,117549,DG-c34d4792c592,train,keep,,,,
20,pyrite_001.jpg,20,VTM-005121,raw_negative/metallic_hard_negative/pyrite/pyrite_mindat_p1211223_page5_011_raw.jpg,pyrite,metallic_hard_negative,3,1211223,DG-31988d6f57e2,val,exclude,,,,
21,pyrite_001.jpg,21,VTM-005124,raw_negative/metallic_hard_negative/pyrite/pyrite_mindat_p129759_page4_015_raw.jpg,pyrite,metallic_hard_negative,3,129759,DG-2f6f0442810d,val,keep,,,,
22,pyrite_001.jpg,22,VTM-005129,raw_negative/metallic_hard_negative/pyrite/pyrite_mindat_p1381744_page5_016_raw.jpg,pyrite,metallic_hard_negative,3,1381744,DG-1a89d206e5ed,test,exclude,microscope_image,,,
23,pyrite_001.jpg,23,VTM-005152,raw_negative/metallic_hard_negative/pyrite/pyrite_mindat_p1455040_page3_027_raw.jpg,pyrite,metallic_hard_negative,3,1455040,DG-6f1ea5aee3a5,test,needs_expert,uncertain_primary_mineral,,,
24,pyrite_001.jpg,24,VTM-005157,raw_negative/metallic_hard_negative/pyrite/pyrite_mindat_p1457410_page3_018_raw.jpg,pyrite,metallic_hard_negative,3,1457410,DG-3abb9689924c,train,exclude,microscope_image,,,
25,pyrite_001.jpg,25,VTM-005174,raw_negative/metallic_hard_negative/pyrite/pyrite_mindat_p163237_page4_045_raw.jpg,pyrite,metallic_hard_negative,3,163237,DG-a499df07f08c,train,keep,,,,
26,pyrite_002.jpg,1,VTM-005177,raw_negative/metallic_hard_negative/pyrite/pyrite_mindat_p169902_page5_004_raw.jpg,pyrite,metallic_hard_negative,3,169902,DG-985b88f4c85d,val,keep,,,,
27,pyrite_002.jpg,2,VTM-005188,raw_negative/metallic_hard_negative/pyrite/pyrite_mindat_p200876_page1_070_raw.jpg,pyrite,metallic_hard_negative,3,200876,DG-802cc7ed647a,train,keep,,,,
28,pyrite_002.jpg,3,VTM-005206,raw_negative/metallic_hard_negative/pyrite/pyrite_mindat_p244231_page1_057_raw.jpg,pyrite,metallic_hard_negative,3,244231,DG-b5449f2ddd63,test,keep,,,,
29,pyrite_002.jpg,4,VTM-005208,raw_negative/metallic_hard_negative/pyrite/pyrite_mindat_p244910_page4_042_raw.jpg,pyrite,metallic_hard_negative,3,244910,DG-eb13f7efb6ef,train,keep,,,,
30,pyrite_002.jpg,5,VTM-005213,raw_negative/metallic_hard_negative/pyrite/pyrite_mindat_p258186_page6_035_raw.jpg,pyrite,metallic_hard_negative,3,258186,DG-dfcb39bd4e2e,test,keep,,,,
31,pyrite_002.jpg,6,VTM-005217,raw_negative/metallic_hard_negative/pyrite/pyrite_mindat_p263075_page5_055_raw.jpg,pyrite,metallic_hard_negative,3,263075,DG-702ece6d59e9,train,keep,,,,
32,pyrite_002.jpg,7,VTM-005220,raw_negative/metallic_hard_negative/pyrite/pyrite_mindat_p266888_page4_069_raw.jpg,pyrite,metallic_hard_negative,3,266888,DG-5a2b081e0b1e,train,keep,,,,
33,pyrite_002.jpg,8,VTM-005221,raw_negative/metallic_hard_negative/pyrite/pyrite_mindat_p268992_page6_031_raw.jpg,pyrite,metallic_hard_negative,3,268992,DG-205a686bf0de,test,keep,,,,
34,pyrite_002.jpg,9,VTM-005226,raw_negative/metallic_hard_negative/pyrite/pyrite_mindat_p278986_page5_027_raw.jpg,pyrite,metallic_hard_negative,3,278986,DG-48f4ef422f75,test,keep,,,,
35,pyrite_002.jpg,10,VTM-005231,raw_negative/metallic_hard_negative/pyrite/pyrite_mindat_p305628_page1_018_raw.jpg,pyrite,metallic_hard_negative,3,305628,DG-67b3b274b33d,train,keep,,,,
36,pyrite_002.jpg,11,VTM-005232,raw_negative/metallic_hard_negative/pyrite/pyrite_mindat_p318833_page5_069_raw.jpg,pyrite,metallic_hard_negative,3,318833,DG-dca0bf0df100,train,keep,,,,
37,pyrite_002.jpg,12,VTM-005233,raw_negative/metallic_hard_negative/pyrite/pyrite_mindat_p324775_page4_029_raw.jpg,pyrite,metallic_hard_negative,3,324775,DG-3f49b5293f42,train,keep,,,,
38,pyrite_002.jpg,13,VTM-005236,raw_negative/metallic_hard_negative/pyrite/pyrite_mindat_p330000_page4_024_raw.jpg,pyrite,metallic_hard_negative,3,330000,DG-883a6f7cec3f,train,keep,,,,
39,pyrite_002.jpg,14,VTM-005248,raw_negative/metallic_hard_negative/pyrite/pyrite_mindat_p377283_page4_039_raw.jpg,pyrite,metallic_hard_negative,3,377283,DG-cbe1b3e79163,val,keep,,,,
40,pyrite_002.jpg,15,VTM-005256,raw_negative/metallic_hard_negative/pyrite/pyrite_mindat_p410246_page4_059_raw.jpg,pyrite,metallic_hard_negative,3,410246,DG-5b06a6ebdeac,test,keep,,,,
41,pyrite_002.jpg,16,VTM-005268,raw_negative/metallic_hard_negative/pyrite/pyrite_mindat_p467977_page3_004_raw.jpg,pyrite,metallic_hard_negative,3,467977,DG-4da10a842c0c,train,keep,,,,
42,pyrite_002.jpg,17,VTM-005275,raw_negative/metallic_hard_negative/pyrite/pyrite_mindat_p472843_page3_005_raw.jpg,pyrite,metallic_hard_negative,3,472843,DG-3a4e65c23c9a,train,keep,,,,
43,pyrite_002.jpg,18,VTM-005294,raw_negative/metallic_hard_negative/pyrite/pyrite_mindat_p513723_page4_036_raw.jpg,pyrite,metallic_hard_negative,3,513723,DG-8bc14bccae55,train,keep,,,,
44,pyrite_002.jpg,19,VTM-005299,raw_negative/metallic_hard_negative/pyrite/pyrite_mindat_p544960_page3_015_raw.jpg,pyrite,metallic_hard_negative,3,544960,DG-a2326fc94eee,train,keep,,,,
45,pyrite_002.jpg,20,VTM-005303,raw_negative/metallic_hard_negative/pyrite/pyrite_mindat_p548012_page3_032_raw.jpg,pyrite,metallic_hard_negative,3,548012,DG-508ddcc3e558,test,keep,,,,
46,pyrite_002.jpg,21,VTM-005307,raw_negative/metallic_hard_negative/pyrite/pyrite_mindat_p555994_page4_054_raw.jpg,pyrite,metallic_hard_negative,3,555994,DG-c6319307afd8,train,keep,,,,
47,pyrite_002.jpg,22,VTM-005311,raw_negative/metallic_hard_negative/pyrite/pyrite_mindat_p563079_page3_007_raw.jpg,pyrite,metallic_hard_negative,3,563079,DG-f5b4026c0acd,train,keep,,,,
48,pyrite_002.jpg,23,VTM-005313,raw_negative/metallic_hard_negative/pyrite/pyrite_mindat_p565424_page5_061_raw.jpg,pyrite,metallic_hard_negative,3,565424,DG-fbcedaa21a95,train,keep,,,,
49,pyrite_002.jpg,24,VTM-005315,raw_negative/metallic_hard_negative/pyrite/pyrite_mindat_p624001_page4_070_raw.jpg,pyrite,metallic_hard_negative,3,624001,DG-bcc835e21bb3,val,keep,,,,
50,pyrite_002.jpg,25,VTM-005320,raw_negative/metallic_hard_negative/pyrite/pyrite_mindat_p647554_page4_073_raw.jpg,pyrite,metallic_hard_negative,3,647554,DG-137922b7ad51,train,keep,,,,
1,pyroxene_001.jpg,1,VTM-002892,raw_negative/gangue_negative/pyroxene/pyroxene_mindat_p019447_page8_032_raw.jpg,pyroxene,gangue_negative,2,19447,DG-daac49f9f675,test,keep,,,,
2,pyroxene_001.jpg,2,VTM-002906,raw_negative/gangue_negative/pyroxene/pyroxene_mindat_p040214_page10_075_raw.jpg,pyroxene,gangue_negative,2,40214,DG-b16fad4d3847,train,keep,,,,
3,pyroxene_001.jpg,3,VTM-002911,raw_negative/gangue_negative/pyroxene/pyroxene_mindat_p041864_page8_019_raw.jpg,pyroxene,gangue_negative,2,41864,DG-adbc944c34ee,val,keep,,,,
4,pyroxene_001.jpg,4,VTM-002916,raw_negative/gangue_negative/pyroxene/pyroxene_mindat_p044674_page8_012_raw.jpg,pyroxene,gangue_negative,2,44674,DG-1c7371bdcb66,train,keep,,,,
5,pyroxene_001.jpg,5,VTM-002917,raw_negative/gangue_negative/pyroxene/pyroxene_mindat_p045367_page10_059_raw.jpg,pyroxene,gangue_negative,2,45367,DG-8e44cb4d6a4b,train,keep,,,,
6,pyroxene_001.jpg,6,VTM-002924,raw_negative/gangue_negative/pyroxene/pyroxene_mindat_p049576_page2_063_raw.jpg,pyroxene,gangue_negative,2,49576,DG-2df79f16c566,train,keep,,,,
7,pyroxene_001.jpg,7,VTM-002931,raw_negative/gangue_negative/pyroxene/pyroxene_mindat_p057223_page2_019_raw.jpg,pyroxene,gangue_negative,2,57223,DG-4b287bf51a6f,train,keep,,,,
8,pyroxene_001.jpg,8,VTM-002935,raw_negative/gangue_negative/pyroxene/pyroxene_mindat_p058487_page1_019_raw.jpg,pyroxene,gangue_negative,2,58487,DG-40a550d7f4bf,train,keep,,,,
9,pyroxene_001.jpg,9,VTM-002942,raw_negative/gangue_negative/pyroxene/pyroxene_mindat_p063262_page6_017_raw.jpg,pyroxene,gangue_negative,2,63262,DG-618a9ab1f8b5,train,keep,,,,
10,pyroxene_001.jpg,10,VTM-002943,raw_negative/gangue_negative/pyroxene/pyroxene_mindat_p063263_page6_019_raw.jpg,pyroxene,gangue_negative,2,63263,DG-07330e94de70,train,keep,,,,
11,pyroxene_001.jpg,11,VTM-002968,raw_negative/gangue_negative/pyroxene/pyroxene_mindat_p094892_page1_024_raw.jpg,pyroxene,gangue_negative,2,94892,DG-88a12c89209d,train,keep,,,,
12,pyroxene_001.jpg,12,VTM-002977,raw_negative/gangue_negative/pyroxene/pyroxene_mindat_p097386_page1_007_raw.jpg,pyroxene,gangue_negative,2,97386,DG-34b381a0603f,train,keep,,,,
13,pyroxene_001.jpg,13,VTM-002987,raw_negative/gangue_negative/pyroxene/pyroxene_mindat_p1099137_page10_070_raw.jpg,pyroxene,gangue_negative,2,1099137,DG-5bdd8a7e8367,train,keep,,,,
14,pyroxene_001.jpg,14,VTM-002998,raw_negative/gangue_negative/pyroxene/pyroxene_mindat_p1156644_page6_003_raw.jpg,pyroxene,gangue_negative,2,1156644,DG-02530580d7df,train,keep,,,,
15,pyroxene_001.jpg,15,VTM-003002,raw_negative/gangue_negative/pyroxene/pyroxene_mindat_p1181818_page7_020_raw.jpg,pyroxene,gangue_negative,2,1181818,DG-e275db91131f,train,keep,,,,
16,pyroxene_001.jpg,16,VTM-003011,raw_negative/gangue_negative/pyroxene/pyroxene_mindat_p121236_page8_020_raw.jpg,pyroxene,gangue_negative,2,121236,DG-41f34c0d2965,test,keep,,,,
17,pyroxene_001.jpg,17,VTM-003030,raw_negative/gangue_negative/pyroxene/pyroxene_mindat_p1329390_page10_046_raw.jpg,pyroxene,gangue_negative,2,1329390,DG-e7d96cc4860e,train,keep,,,,
18,pyroxene_001.jpg,18,VTM-003032,raw_negative/gangue_negative/pyroxene/pyroxene_mindat_p133348_page2_057_raw.jpg,pyroxene,gangue_negative,2,133348,DG-9b6b7039f87d,train,keep,,,,
19,pyroxene_001.jpg,19,VTM-003036,raw_negative/gangue_negative/pyroxene/pyroxene_mindat_p1364667_page1_042_raw.jpg,pyroxene,gangue_negative,2,1364667,DG-43f779e8ec78,train,keep,,,,
20,pyroxene_001.jpg,20,VTM-003045,raw_negative/gangue_negative/pyroxene/pyroxene_mindat_p142806_page1_026_raw.jpg,pyroxene,gangue_negative,2,142806,DG-c0ef0ccd74dd,train,keep,,,,
21,pyroxene_001.jpg,21,VTM-003085,raw_negative/gangue_negative/pyroxene/pyroxene_mindat_p1679504_page10_058_raw.jpg,pyroxene,gangue_negative,2,1679504,DG-448fd62e45b6,train,keep,,,,
22,pyroxene_001.jpg,22,VTM-003086,raw_negative/gangue_negative/pyroxene/pyroxene_mindat_p168221_page8_074_raw.jpg,pyroxene,gangue_negative,2,168221,DG-7ca64cc7944a,train,keep,,,,
23,pyroxene_001.jpg,23,VTM-003094,raw_negative/gangue_negative/pyroxene/pyroxene_mindat_p1726128_page8_068_raw.jpg,pyroxene,gangue_negative,2,1726128,DG-5ceac4cdad9f,test,keep,,,,
24,pyroxene_001.jpg,24,VTM-003100,raw_negative/gangue_negative/pyroxene/pyroxene_mindat_p177445_page7_016_raw.jpg,pyroxene,gangue_negative,2,177445,DG-efd3e7c09da1,train,keep,,,,
25,pyroxene_001.jpg,25,VTM-003104,raw_negative/gangue_negative/pyroxene/pyroxene_mindat_p177641_page10_012_raw.jpg,pyroxene,gangue_negative,2,177641,DG-da9bceddce01,val,keep,,,,
26,pyroxene_002.jpg,1,VTM-003107,raw_negative/gangue_negative/pyroxene/pyroxene_mindat_p185775_page2_037_raw.jpg,pyroxene,gangue_negative,2,185775,DG-eb291857b5f2,train,keep,,,,
27,pyroxene_002.jpg,2,VTM-003109,raw_negative/gangue_negative/pyroxene/pyroxene_mindat_p188368_page6_032_raw.jpg,pyroxene,gangue_negative,2,188368,DG-5009da639d73,train,keep,,,,
28,pyroxene_002.jpg,3,VTM-003115,raw_negative/gangue_negative/pyroxene/pyroxene_mindat_p196429_page2_066_raw.jpg,pyroxene,gangue_negative,2,196429,DG-1515abbb052e,train,keep,,,,
29,pyroxene_002.jpg,4,VTM-003122,raw_negative/gangue_negative/pyroxene/pyroxene_mindat_p212988_page6_020_raw.jpg,pyroxene,gangue_negative,2,212988,DG-e3cdd9392b5d,train,keep,,,,
30,pyroxene_002.jpg,5,VTM-003125,raw_negative/gangue_negative/pyroxene/pyroxene_mindat_p215320_page6_033_raw.jpg,pyroxene,gangue_negative,2,215320,DG-c9b2d3401c6f,test,keep,,,,
31,pyroxene_002.jpg,6,VTM-003126,raw_negative/gangue_negative/pyroxene/pyroxene_mindat_p215684_page6_021_raw.jpg,pyroxene,gangue_negative,2,215684,DG-9ad2b589bf10,train,keep,,,,
32,pyroxene_002.jpg,7,VTM-003137,raw_negative/gangue_negative/pyroxene/pyroxene_mindat_p230453_page8_071_raw.jpg,pyroxene,gangue_negative,2,230453,DG-8ff769650c04,train,keep,,,,
33,pyroxene_002.jpg,8,VTM-003161,raw_negative/gangue_negative/pyroxene/pyroxene_mindat_p288524_page8_003_raw.jpg,pyroxene,gangue_negative,2,288524,DG-f9eebbbfa68a,train,keep,,,,
34,pyroxene_002.jpg,9,VTM-003184,raw_negative/gangue_negative/pyroxene/pyroxene_mindat_p372327_page8_051_raw.jpg,pyroxene,gangue_negative,2,372327,DG-ce96664994ce,train,keep,,,,
35,pyroxene_002.jpg,10,VTM-003185,raw_negative/gangue_negative/pyroxene/pyroxene_mindat_p373234_page10_073_raw.jpg,pyroxene,gangue_negative,2,373234,DG-aae4ea4771a3,test,keep,,,,
36,pyroxene_002.jpg,11,VTM-003191,raw_negative/gangue_negative/pyroxene/pyroxene_mindat_p394836_page7_030_raw.jpg,pyroxene,gangue_negative,2,394836,DG-771a6afc0275,train,keep,,,,
37,pyroxene_002.jpg,12,VTM-003200,raw_negative/gangue_negative/pyroxene/pyroxene_mindat_p411226_page8_046_raw.jpg,pyroxene,gangue_negative,2,411226,DG-ea0d98b398c4,val,keep,,,,
38,pyroxene_002.jpg,13,VTM-003212,raw_negative/gangue_negative/pyroxene/pyroxene_mindat_p440930_page7_075_raw.jpg,pyroxene,gangue_negative,2,440930,DG-1f9988a126e0,train,keep,,,,
39,pyroxene_002.jpg,14,VTM-003215,raw_negative/gangue_negative/pyroxene/pyroxene_mindat_p448629_page10_010_raw.jpg,pyroxene,gangue_negative,2,448629,DG-601562780f38,val,keep,,,,
40,pyroxene_002.jpg,15,VTM-003244,raw_negative/gangue_negative/pyroxene/pyroxene_mindat_p496601_page6_027_raw.jpg,pyroxene,gangue_negative,2,496601,DG-7c42bdabb0b5,train,keep,,,,
41,pyroxene_002.jpg,16,VTM-003249,raw_negative/gangue_negative/pyroxene/pyroxene_mindat_p504213_page6_042_raw.jpg,pyroxene,gangue_negative,2,504213,DG-2ed269e24836,test,keep,,,,
42,pyroxene_002.jpg,17,VTM-003269,raw_negative/gangue_negative/pyroxene/pyroxene_mindat_p511318_page6_064_raw.jpg,pyroxene,gangue_negative,2,511318,DG-f222d5e496ed,train,keep,,,,
43,pyroxene_002.jpg,18,VTM-003274,raw_negative/gangue_negative/pyroxene/pyroxene_mindat_p512695_page1_072_raw.jpg,pyroxene,gangue_negative,2,512695,DG-66e6fbd39ec0,train,keep,,,,
44,pyroxene_002.jpg,19,VTM-003298,raw_negative/gangue_negative/pyroxene/pyroxene_mindat_p568943_page1_015_raw.jpg,pyroxene,gangue_negative,2,568943,DG-62cf4a564061,val,keep,,,,
45,pyroxene_002.jpg,20,VTM-003315,raw_negative/gangue_negative/pyroxene/pyroxene_mindat_p606567_page7_001_raw.jpg,pyroxene,gangue_negative,2,606567,DG-74e3049fc5be,train,keep,,,,
46,pyroxene_002.jpg,21,VTM-003317,raw_negative/gangue_negative/pyroxene/pyroxene_mindat_p606956_page7_008_raw.jpg,pyroxene,gangue_negative,2,606956,DG-0d894807161b,train,keep,,,,
47,pyroxene_002.jpg,22,VTM-003334,raw_negative/gangue_negative/pyroxene/pyroxene_mindat_p648475_page10_020_raw.jpg,pyroxene,gangue_negative,2,648475,DG-a710b9a2298b,train,keep,,,,
48,pyroxene_002.jpg,23,VTM-003342,raw_negative/gangue_negative/pyroxene/pyroxene_mindat_p685434_page7_041_raw.jpg,pyroxene,gangue_negative,2,685434,DG-4f484134272f,train,keep,,,,
49,pyroxene_002.jpg,24,VTM-003346,raw_negative/gangue_negative/pyroxene/pyroxene_mindat_p692820_page6_026_raw.jpg,pyroxene,gangue_negative,2,692820,DG-ee78988ee792,train,keep,,,,
50,pyroxene_002.jpg,25,VTM-003351,raw_negative/gangue_negative/pyroxene/pyroxene_mindat_p703746_page6_065_raw.jpg,pyroxene,gangue_negative,2,703746,DG-c66acd53e273,val,keep,,,,
1,quartz_001.jpg,1,VTM-003383,raw_negative/gangue_negative/quartz/quartz_mindat_p036102_page3_044_raw.jpg,quartz,gangue_negative,2,36102,DG-c72da3fde139,train,keep,,,,
2,quartz_001.jpg,2,VTM-003386,raw_negative/gangue_negative/quartz/quartz_mindat_p039138_page6_001_raw.jpg,quartz,gangue_negative,2,39138,DG-e9aa380e6fc9,test,keep,,,,
3,quartz_001.jpg,3,VTM-003396,raw_negative/gangue_negative/quartz/quartz_mindat_p048535_page6_008_raw.jpg,quartz,gangue_negative,2,48535,DG-5936710544ee,val,keep,,,,
4,quartz_001.jpg,4,VTM-003404,raw_negative/gangue_negative/quartz/quartz_mindat_p052778_page1_059_raw.jpg,quartz,gangue_negative,2,52778,DG-7657d0e328c4,train,keep,,,,
5,quartz_001.jpg,5,VTM-003405,raw_negative/gangue_negative/quartz/quartz_mindat_p052998_page1_039_raw.jpg,quartz,gangue_negative,2,52998,DG-dfd374274483,train,keep,,,,
6,quartz_001.jpg,6,VTM-003408,raw_negative/gangue_negative/quartz/quartz_mindat_p056296_page1_061_raw.jpg,quartz,gangue_negative,2,56296,DG-adf1c32e56d1,test,keep,,,,
7,quartz_001.jpg,7,VTM-003411,raw_negative/gangue_negative/quartz/quartz_mindat_p063818_page1_038_raw.jpg,quartz,gangue_negative,2,63818,DG-07115f81dfcd,train,keep,,,,
8,quartz_001.jpg,8,VTM-003420,raw_negative/gangue_negative/quartz/quartz_mindat_p071021_page4_002_raw.jpg,quartz,gangue_negative,2,71021,DG-b24d3231a5f3,val,keep,,,,
9,quartz_001.jpg,9,VTM-003425,raw_negative/gangue_negative/quartz/quartz_mindat_p076908_page3_042_raw.jpg,quartz,gangue_negative,2,76908,DG-4c963889181a,train,keep,,,,
10,quartz_001.jpg,10,VTM-003436,raw_negative/gangue_negative/quartz/quartz_mindat_p097724_page3_050_raw.jpg,quartz,gangue_negative,2,97724,DG-f690a11241c6,train,keep,,,,
11,quartz_001.jpg,11,VTM-003439,raw_negative/gangue_negative/quartz/quartz_mindat_p099601_page1_016_raw.jpg,quartz,gangue_negative,2,99601,DG-3cac4d8dd485,train,keep,,,,
12,quartz_001.jpg,12,VTM-003443,raw_negative/gangue_negative/quartz/quartz_mindat_p103368_page1_008_raw.jpg,quartz,gangue_negative,2,103368,DG-08719a98839a,test,keep,,,,
13,quartz_001.jpg,13,VTM-003448,raw_negative/gangue_negative/quartz/quartz_mindat_p109430_page1_023_raw.jpg,quartz,gangue_negative,2,109430,DG-bf8bdddc8e2a,val,keep,,,,
14,quartz_001.jpg,14,VTM-003454,raw_negative/gangue_negative/quartz/quartz_mindat_p110963_page1_046_raw.jpg,quartz,gangue_negative,2,110963,DG-6bd160447dec,train,keep,,,,
15,quartz_001.jpg,15,VTM-003460,raw_negative/gangue_negative/quartz/quartz_mindat_p1125400_page7_008_raw.jpg,quartz,gangue_negative,2,1125400,DG-e96452f60267,train,exclude,,,,
16,quartz_001.jpg,16,VTM-003461,raw_negative/gangue_negative/quartz/quartz_mindat_p112839_page3_053_raw.jpg,quartz,gangue_negative,2,112839,DG-d3a537a397ff,train,keep,,,,
17,quartz_001.jpg,17,VTM-003464,raw_negative/gangue_negative/quartz/quartz_mindat_p113416_page1_045_raw.jpg,quartz,gangue_negative,2,113416,DG-61fee5728c83,train,keep,,,,
18,quartz_001.jpg,18,VTM-003467,raw_negative/gangue_negative/quartz/quartz_mindat_p114377_page1_067_raw.jpg,quartz,gangue_negative,2,114377,DG-429d37c43d66,train,keep,,,,
19,quartz_001.jpg,19,VTM-003470,raw_negative/gangue_negative/quartz/quartz_mindat_p1149227_page3_074_raw.jpg,quartz,gangue_negative,2,1149227,DG-36640bf51a97,test,keep,,,,
20,quartz_001.jpg,20,VTM-003475,raw_negative/gangue_negative/quartz/quartz_mindat_p118374_page1_060_raw.jpg,quartz,gangue_negative,2,118374,DG-e328fd2bbe15,train,keep,,,,
21,quartz_001.jpg,21,VTM-003486,raw_negative/gangue_negative/quartz/quartz_mindat_p1257163_page4_005_raw.jpg,quartz,gangue_negative,2,1257163,DG-38f8f24f8c4a,train,keep,,,,
22,quartz_001.jpg,22,VTM-003499,raw_negative/gangue_negative/quartz/quartz_mindat_p1344851_page3_025_raw.jpg,quartz,gangue_negative,2,1344851,DG-bb9f609ccdc9,train,keep,,,,
23,quartz_001.jpg,23,VTM-003508,raw_negative/gangue_negative/quartz/quartz_mindat_p1361484_page4_007_raw.jpg,quartz,gangue_negative,2,1361484,DG-a38b0a9744eb,train,keep,,,,
24,quartz_001.jpg,24,VTM-003511,raw_negative/gangue_negative/quartz/quartz_mindat_p1372368_page2_016_raw.jpg,quartz,gangue_negative,2,1372368,DG-f72b8cc0acd6,train,keep,,,,
25,quartz_001.jpg,25,VTM-003513,raw_negative/gangue_negative/quartz/quartz_mindat_p1373020_page3_016_raw.jpg,quartz,gangue_negative,2,1373020,DG-cf3123da1ef5,train,keep,,,,
26,quartz_002.jpg,1,VTM-003520,raw_negative/gangue_negative/quartz/quartz_mindat_p1409939_page7_007_raw.jpg,quartz,gangue_negative,2,1409939,DG-8a19354fc9de,val,keep,,,,
27,quartz_002.jpg,2,VTM-003524,raw_negative/gangue_negative/quartz/quartz_mindat_p1423192_page1_035_raw.jpg,quartz,gangue_negative,2,1423192,DG-be614c901c26,train,keep,,,,
28,quartz_002.jpg,3,VTM-003527,raw_negative/gangue_negative/quartz/quartz_mindat_p144730_page1_051_raw.jpg,quartz,gangue_negative,2,144730,DG-875a8bbe2ff4,train,keep,,,,
29,quartz_002.jpg,4,VTM-003529,raw_negative/gangue_negative/quartz/quartz_mindat_p148072_page1_063_raw.jpg,quartz,gangue_negative,2,148072,DG-e5a471320004,train,keep,,,,
30,quartz_002.jpg,5,VTM-003530,raw_negative/gangue_negative/quartz/quartz_mindat_p148895_page1_001_raw.jpg,quartz,gangue_negative,2,148895,DG-d73f924bae0b,train,keep,,,,
31,quartz_002.jpg,6,VTM-003537,raw_negative/gangue_negative/quartz/quartz_mindat_p1635957_page3_033_raw.jpg,quartz,gangue_negative,2,1635957,DG-d643dd941494,train,keep,,,,
32,quartz_002.jpg,7,VTM-003540,raw_negative/gangue_negative/quartz/quartz_mindat_p1706564_page3_034_raw.jpg,quartz,gangue_negative,2,1706564,DG-85d229ae14b7,train,keep,,,,
33,quartz_002.jpg,8,VTM-003547,raw_negative/gangue_negative/quartz/quartz_mindat_p191143_page4_009_raw.jpg,quartz,gangue_negative,2,191143,DG-e4f4e0df006f,test,keep,,,,
34,quartz_002.jpg,9,VTM-003550,raw_negative/gangue_negative/quartz/quartz_mindat_p243294_page3_005_raw.jpg,quartz,gangue_negative,2,243294,DG-89773fbc8e7a,train,keep,,,,
35,quartz_002.jpg,10,VTM-003560,raw_negative/gangue_negative/quartz/quartz_mindat_p342138_page3_054_raw.jpg,quartz,gangue_negative,2,342138,DG-dc04b90b90db,train,keep,,,,
36,quartz_002.jpg,11,VTM-003563,raw_negative/gangue_negative/quartz/quartz_mindat_p350034_page1_037_raw.jpg,quartz,gangue_negative,2,350034,DG-d2e9862a5b54,test,keep,,,,
37,quartz_002.jpg,12,VTM-003564,raw_negative/gangue_negative/quartz/quartz_mindat_p362193_page2_031_raw.jpg,quartz,gangue_negative,2,362193,DG-a4814902cc5e,train,keep,,,,
38,quartz_002.jpg,13,VTM-003565,raw_negative/gangue_negative/quartz/quartz_mindat_p362194_page2_032_raw.jpg,quartz,gangue_negative,2,362194,DG-e2bf81b24895,test,keep,,,,
39,quartz_002.jpg,14,VTM-003571,raw_negative/gangue_negative/quartz/quartz_mindat_p402236_page6_031_raw.jpg,quartz,gangue_negative,2,402236,DG-fa7eefafeca1,train,keep,,,,
40,quartz_002.jpg,15,VTM-003575,raw_negative/gangue_negative/quartz/quartz_mindat_p437276_page3_063_raw.jpg,quartz,gangue_negative,2,437276,DG-8e1404ad1726,train,keep,,,,
41,quartz_002.jpg,16,VTM-003583,raw_negative/gangue_negative/quartz/quartz_mindat_p486761_page3_007_raw.jpg,quartz,gangue_negative,2,486761,DG-3941e9fbcca1,train,keep,,,,
42,quartz_002.jpg,17,VTM-003597,raw_negative/gangue_negative/quartz/quartz_mindat_p597270_page2_005_raw.jpg,quartz,gangue_negative,2,597270,DG-7a0093afbdb8,test,keep,,,,
43,quartz_002.jpg,18,VTM-003598,raw_negative/gangue_negative/quartz/quartz_mindat_p636073_page2_046_raw.jpg,quartz,gangue_negative,2,636073,DG-9bcead480c48,train,keep,,,,
44,quartz_002.jpg,19,VTM-003604,raw_negative/gangue_negative/quartz/quartz_mindat_p702508_page7_002_raw.jpg,quartz,gangue_negative,2,702508,DG-fe86c537c76f,val,keep,,,,
45,quartz_002.jpg,20,VTM-003607,raw_negative/gangue_negative/quartz/quartz_mindat_p720641_page5_001_raw.jpg,quartz,gangue_negative,2,720641,DG-2ebbd7bbb666,test,keep,,,,
46,quartz_002.jpg,21,VTM-003608,raw_negative/gangue_negative/quartz/quartz_mindat_p756967_page3_012_raw.jpg,quartz,gangue_negative,2,756967,DG-94110dba0611,train,keep,,,,
47,quartz_002.jpg,22,VTM-003613,raw_negative/gangue_negative/quartz/quartz_mindat_p785260_page3_068_raw.jpg,quartz,gangue_negative,2,785260,DG-4e32ba353abf,train,keep,,,,
48,quartz_002.jpg,23,VTM-003623,raw_negative/gangue_negative/quartz/quartz_mindat_p846285_page2_020_raw.jpg,quartz,gangue_negative,2,846285,DG-bd9ebc11a8fc,train,exclude,microscope_image,,,
49,quartz_002.jpg,24,VTM-003630,raw_negative/gangue_negative/quartz/quartz_mindat_p939327_page2_049_raw.jpg,quartz,gangue_negative,2,939327,DG-0a4e4cc1a146,test,keep,,,,
50,quartz_002.jpg,25,VTM-003631,raw_negative/gangue_negative/quartz/quartz_mindat_p939328_page2_045_raw.jpg,quartz,gangue_negative,2,939328,DG-f57c1cd2acff,train,keep,,,,
1,rutile_001.jpg,1,VTM-006957,raw_negative/ti_bearing_negative/rutile/rutile_mindat_p035341_068_raw.jpg,rutile,ti_bearing_negative,1,35341,DG-f98cc7bff42b,train,keep,,,,
2,rutile_001.jpg,2,VTM-006991,raw_negative/ti_bearing_negative/rutile/rutile_mindat_p048993_067_raw.jpg,rutile,ti_bearing_negative,1,48993,DG-a10644b32c6d,train,keep,,,,
3,rutile_001.jpg,3,VTM-006996,raw_negative/ti_bearing_negative/rutile/rutile_mindat_p052109_026_raw.jpg,rutile,ti_bearing_negative,1,52109,DG-b7cf638c0421,train,keep,,,,
4,rutile_001.jpg,4,VTM-007060,raw_negative/ti_bearing_negative/rutile/rutile_mindat_p085927_092_raw.jpg,rutile,ti_bearing_negative,1,85927,DG-e2a64064c1cc,train,keep,,,,
5,rutile_001.jpg,5,VTM-007067,raw_negative/ti_bearing_negative/rutile/rutile_mindat_p091498_004_raw.jpg,rutile,ti_bearing_negative,1,91498,DG-27f5dec77893,val,keep,,,,
6,rutile_001.jpg,6,VTM-007101,raw_negative/ti_bearing_negative/rutile/rutile_mindat_p1031176_034_raw.jpg,rutile,ti_bearing_negative,1,1031176,DG-9b2e8817f013,val,keep,,,,
7,rutile_001.jpg,7,VTM-007144,raw_negative/ti_bearing_negative/rutile/rutile_mindat_p1108512_053_raw.jpg,rutile,ti_bearing_negative,1,1108512,DG-8f05a74e61f7,train,keep,,,,
8,rutile_001.jpg,8,VTM-007177,raw_negative/ti_bearing_negative/rutile/rutile_mindat_p1163388_011_raw.jpg,rutile,ti_bearing_negative,1,1163388,DG-4773ed2934d5,train,keep,,,,
9,rutile_001.jpg,9,VTM-007188,raw_negative/ti_bearing_negative/rutile/rutile_mindat_p1171728_465_raw.jpg,rutile,ti_bearing_negative,1,1171728,DG-ba55049b90a6,train,keep,,,,
10,rutile_001.jpg,10,VTM-007201,raw_negative/ti_bearing_negative/rutile/rutile_mindat_p1218271_124_raw.jpg,rutile,ti_bearing_negative,1,1218271,DG-fbd4e827ad27,train,keep,,,,
11,rutile_001.jpg,11,VTM-007288,raw_negative/ti_bearing_negative/rutile/rutile_mindat_p1380888_161_raw.jpg,rutile,ti_bearing_negative,1,1380888,DG-eaf1d6e05d87,train,keep,,,,
12,rutile_001.jpg,12,VTM-007310,raw_negative/ti_bearing_negative/rutile/rutile_mindat_p1412063_103_raw.jpg,rutile,ti_bearing_negative,1,1412063,DG-51c153e1350b,train,keep,,,,
13,rutile_001.jpg,13,VTM-007328,raw_negative/ti_bearing_negative/rutile/rutile_mindat_p143808_108_raw.jpg,rutile,ti_bearing_negative,1,143808,DG-580a1f92c831,val,keep,,,,
14,rutile_001.jpg,14,VTM-007340,raw_negative/ti_bearing_negative/rutile/rutile_mindat_p144243_548_raw.jpg,rutile,ti_bearing_negative,1,144243,DG-c775bdf1d201,train,keep,,,,
15,rutile_001.jpg,15,VTM-007431,raw_negative/ti_bearing_negative/rutile/rutile_mindat_p1734813_229_raw.jpg,rutile,ti_bearing_negative,1,1734813,DG-be7118adc888,train,keep,,,,
16,rutile_001.jpg,16,VTM-007470,raw_negative/ti_bearing_negative/rutile/rutile_mindat_p196381_017_raw.jpg,rutile,ti_bearing_negative,1,196381,DG-eab6c2414a46,train,keep,,,,
17,rutile_001.jpg,17,VTM-007513,raw_negative/ti_bearing_negative/rutile/rutile_mindat_p229928_099_raw.jpg,rutile,ti_bearing_negative,1,229928,DG-787e226f891b,train,keep,,,,
18,rutile_001.jpg,18,VTM-007515,raw_negative/ti_bearing_negative/rutile/rutile_mindat_p231579_028_raw.jpg,rutile,ti_bearing_negative,1,231579,DG-59dcd97c8c64,test,keep,,,,
19,rutile_001.jpg,19,VTM-007542,raw_negative/ti_bearing_negative/rutile/rutile_mindat_p250130_498_raw.jpg,rutile,ti_bearing_negative,1,250130,DG-161b7757dac5,train,keep,,,,
20,rutile_001.jpg,20,VTM-007572,raw_negative/ti_bearing_negative/rutile/rutile_mindat_p263960_102_raw.jpg,rutile,ti_bearing_negative,1,263960,DG-d0f20e7d2f52,train,keep,,,,
21,rutile_001.jpg,21,VTM-007585,raw_negative/ti_bearing_negative/rutile/rutile_mindat_p268282_314_raw.jpg,rutile,ti_bearing_negative,1,268282,DG-941a829fd7aa,train,keep,,,,
22,rutile_001.jpg,22,VTM-007586,raw_negative/ti_bearing_negative/rutile/rutile_mindat_p268500_156_raw.jpg,rutile,ti_bearing_negative,1,268500,DG-f6a9916bf258,train,keep,,,,
23,rutile_001.jpg,23,VTM-007598,raw_negative/ti_bearing_negative/rutile/rutile_mindat_p272196_308_raw.jpg,rutile,ti_bearing_negative,1,272196,DG-71344868f634,test,keep,,,,
24,rutile_001.jpg,24,VTM-007601,raw_negative/ti_bearing_negative/rutile/rutile_mindat_p272319_539_raw.jpg,rutile,ti_bearing_negative,1,272319,DG-cac342a9ec6a,train,keep,,,,
25,rutile_001.jpg,25,VTM-007607,raw_negative/ti_bearing_negative/rutile/rutile_mindat_p273707_494_raw.jpg,rutile,ti_bearing_negative,1,273707,DG-81560505117f,val,keep,,,,
26,rutile_002.jpg,1,VTM-007615,raw_negative/ti_bearing_negative/rutile/rutile_mindat_p277489_087_raw.jpg,rutile,ti_bearing_negative,1,277489,DG-b13ab0e3785e,train,keep,,,,
27,rutile_002.jpg,2,VTM-007662,raw_negative/ti_bearing_negative/rutile/rutile_mindat_p308689_459_raw.jpg,rutile,ti_bearing_negative,1,308689,DG-c0014a63e9be,train,keep,,,,
28,rutile_002.jpg,3,VTM-007702,raw_negative/ti_bearing_negative/rutile/rutile_mindat_p331504_223_raw.jpg,rutile,ti_bearing_negative,1,331504,DG-5f73dad2db06,train,keep,,,,
29,rutile_002.jpg,4,VTM-007705,raw_negative/ti_bearing_negative/rutile/rutile_mindat_p335479_191_raw.jpg,rutile,ti_bearing_negative,1,335479,DG-de8404f5c87d,train,keep,,,,
30,rutile_002.jpg,5,VTM-007732,raw_negative/ti_bearing_negative/rutile/rutile_mindat_p349578_135_raw.jpg,rutile,ti_bearing_negative,1,349578,DG-f60703cce716,train,keep,,,,
31,rutile_002.jpg,6,VTM-007739,raw_negative/ti_bearing_negative/rutile/rutile_mindat_p358403_462_raw.jpg,rutile,ti_bearing_negative,1,358403,DG-c3b5aa4493e8,val,keep,,,,
32,rutile_002.jpg,7,VTM-007741,raw_negative/ti_bearing_negative/rutile/rutile_mindat_p360617_251_raw.jpg,rutile,ti_bearing_negative,1,360617,DG-0504cd978684,train,keep,,,,
33,rutile_002.jpg,8,VTM-007749,raw_negative/ti_bearing_negative/rutile/rutile_mindat_p378303_297_raw.jpg,rutile,ti_bearing_negative,1,378303,DG-5303404c2e69,train,keep,,,,
34,rutile_002.jpg,9,VTM-007769,raw_negative/ti_bearing_negative/rutile/rutile_mindat_p397222_101_raw.jpg,rutile,ti_bearing_negative,1,397222,DG-7783d1eb7e2b,train,keep,,,,
35,rutile_002.jpg,10,VTM-007784,raw_negative/ti_bearing_negative/rutile/rutile_mindat_p403319_174_raw.jpg,rutile,ti_bearing_negative,1,403319,DG-db2409770d58,train,keep,,,,
36,rutile_002.jpg,11,VTM-007819,raw_negative/ti_bearing_negative/rutile/rutile_mindat_p430680_014_raw.jpg,rutile,ti_bearing_negative,1,430680,DG-3010d56fd236,val,keep,,,,
37,rutile_002.jpg,12,VTM-007870,raw_negative/ti_bearing_negative/rutile/rutile_mindat_p470479_187_raw.jpg,rutile,ti_bearing_negative,1,470479,DG-829b7f20d439,train,keep,,,,
38,rutile_002.jpg,13,VTM-007895,raw_negative/ti_bearing_negative/rutile/rutile_mindat_p504437_565_raw.jpg,rutile,ti_bearing_negative,1,504437,DG-bc791272671a,train,keep,,,,
39,rutile_002.jpg,14,VTM-007899,raw_negative/ti_bearing_negative/rutile/rutile_mindat_p511435_078_raw.jpg,rutile,ti_bearing_negative,1,511435,DG-47cf619f5db1,train,keep,,,,
40,rutile_002.jpg,15,VTM-007914,raw_negative/ti_bearing_negative/rutile/rutile_mindat_p531731_105_raw.jpg,rutile,ti_bearing_negative,1,531731,DG-a91a5ab77bc5,train,keep,,,,
41,rutile_002.jpg,16,VTM-007923,raw_negative/ti_bearing_negative/rutile/rutile_mindat_p543891_132_raw.jpg,rutile,ti_bearing_negative,1,543891,DG-b28bc96837ee,train,keep,,,,
42,rutile_002.jpg,17,VTM-007924,raw_negative/ti_bearing_negative/rutile/rutile_mindat_p544110_123_raw.jpg,rutile,ti_bearing_negative,1,544110,DG-f70e400cbca6,test,keep,,,,
43,rutile_002.jpg,18,VTM-007959,raw_negative/ti_bearing_negative/rutile/rutile_mindat_p586202_568_raw.jpg,rutile,ti_bearing_negative,1,586202,DG-5088c4fceb2d,train,keep,,,,
44,rutile_002.jpg,19,VTM-008081,raw_negative/ti_bearing_negative/rutile/rutile_mindat_p713333_367_raw.jpg,rutile,ti_bearing_negative,1,713333,DG-56404c5dcb5c,test,keep,,,,
45,rutile_002.jpg,20,VTM-008087,raw_negative/ti_bearing_negative/rutile/rutile_mindat_p724415_262_raw.jpg,rutile,ti_bearing_negative,1,724415,DG-c775a3ec9c79,train,keep,clear_macro_specimen,,,
46,rutile_002.jpg,21,VTM-008127,raw_negative/ti_bearing_negative/rutile/rutile_mindat_p769911_038_raw.jpg,rutile,ti_bearing_negative,1,769911,DG-5b2d2bc5deb3,train,keep,,,,
47,rutile_002.jpg,22,VTM-008148,raw_negative/ti_bearing_negative/rutile/rutile_mindat_p794182_010_raw.jpg,rutile,ti_bearing_negative,1,794182,DG-5cff4f9f6214,test,keep,,,,
48,rutile_002.jpg,23,VTM-008154,raw_negative/ti_bearing_negative/rutile/rutile_mindat_p810034_148_raw.jpg,rutile,ti_bearing_negative,1,810034,DG-d34f9d6fec38,train,keep,,,,
49,rutile_002.jpg,24,VTM-008176,raw_negative/ti_bearing_negative/rutile/rutile_mindat_p866848_140_raw.jpg,rutile,ti_bearing_negative,1,866848,DG-960810c0cbc0,train,keep,,,,
50,rutile_002.jpg,25,VTM-008250,raw_negative/ti_bearing_negative/rutile/rutile_mindat_p970179_089_raw.jpg,rutile,ti_bearing_negative,1,970179,DG-c8fa3dd2aad8,train,keep,,,,
1,titanite_001.jpg,1,VTM-008261,raw_negative/ti_bearing_negative/titanite/titanite_mindat_p004398_page7_023_raw.jpg,titanite,ti_bearing_negative,1,4398,DG-5438e3d42897,train,keep,,,,
2,titanite_001.jpg,2,VTM-008270,raw_negative/ti_bearing_negative/titanite/titanite_mindat_p016826_page14_040_raw.jpg,titanite,ti_bearing_negative,1,16826,DG-ac656433f160,test,keep,,,,
3,titanite_001.jpg,3,VTM-008278,raw_negative/ti_bearing_negative/titanite/titanite_mindat_p034793_page14_035_raw.jpg,titanite,ti_bearing_negative,1,34793,DG-5837b03cdaab,test,keep,,,,
4,titanite_001.jpg,4,VTM-008285,raw_negative/ti_bearing_negative/titanite/titanite_mindat_p039929_page7_024_raw.jpg,titanite,ti_bearing_negative,1,39929,DG-bfb739f5f6ce,train,keep,,,,
5,titanite_001.jpg,5,VTM-008288,raw_negative/ti_bearing_negative/titanite/titanite_mindat_p041567_page5_036_raw.jpg,titanite,ti_bearing_negative,1,41567,DG-2dc8a5fba980,train,keep,,,,
6,titanite_001.jpg,6,VTM-008310,raw_negative/ti_bearing_negative/titanite/titanite_mindat_p058494_page14_073_raw.jpg,titanite,ti_bearing_negative,1,58494,DG-1199589287a8,train,keep,,,,
7,titanite_001.jpg,7,VTM-008319,raw_negative/ti_bearing_negative/titanite/titanite_mindat_p058786_page1_069_raw.jpg,titanite,ti_bearing_negative,1,58786,DG-8bae9cadf31c,train,keep,,,,
8,titanite_001.jpg,8,VTM-008326,raw_negative/ti_bearing_negative/titanite/titanite_mindat_p070626_page13_010_raw.jpg,titanite,ti_bearing_negative,1,70626,DG-6c73a6a48602,train,keep,,,,
9,titanite_001.jpg,9,VTM-008327,raw_negative/ti_bearing_negative/titanite/titanite_mindat_p074453_page14_011_raw.jpg,titanite,ti_bearing_negative,1,74453,DG-8209f3f06fa1,train,keep,,,,
10,titanite_001.jpg,10,VTM-008342,raw_negative/ti_bearing_negative/titanite/titanite_mindat_p095090_page1_013_raw.jpg,titanite,ti_bearing_negative,1,95090,DG-1e8b60f5fceb,train,keep,,,,
11,titanite_001.jpg,11,VTM-008347,raw_negative/ti_bearing_negative/titanite/titanite_mindat_p097575_page13_016_raw.jpg,titanite,ti_bearing_negative,1,97575,DG-6455fda523c2,train,keep,,,,
12,titanite_001.jpg,12,VTM-008349,raw_negative/ti_bearing_negative/titanite/titanite_mindat_p097761_page13_030_raw.jpg,titanite,ti_bearing_negative,1,97761,DG-d11d438ffb18,train,keep,,,,
13,titanite_001.jpg,13,VTM-008350,raw_negative/ti_bearing_negative/titanite/titanite_mindat_p097762_page13_050_raw.jpg,titanite,ti_bearing_negative,1,97762,DG-5392acb588dd,train,keep,,,,
14,titanite_001.jpg,14,VTM-008352,raw_negative/ti_bearing_negative/titanite/titanite_mindat_p097764_page13_037_raw.jpg,titanite,ti_bearing_negative,1,97764,DG-a0d5da6afc9c,test,keep,,,,
15,titanite_001.jpg,15,VTM-008353,raw_negative/ti_bearing_negative/titanite/titanite_mindat_p097765_page13_035_raw.jpg,titanite,ti_bearing_negative,1,97765,DG-6292443cc0cd,train,keep,,,,
16,titanite_001.jpg,16,VTM-008366,raw_negative/ti_bearing_negative/titanite/titanite_mindat_p111745_page7_014_raw.jpg,titanite,ti_bearing_negative,1,111745,DG-2ac6d1506418,train,keep,,,,
17,titanite_001.jpg,17,VTM-008367,raw_negative/ti_bearing_negative/titanite/titanite_mindat_p113338_page1_056_raw.jpg,titanite,ti_bearing_negative,1,113338,DG-de67f5769171,val,keep,,,,
18,titanite_001.jpg,18,VTM-008368,raw_negative/ti_bearing_negative/titanite/titanite_mindat_p1139828_page3_005_raw.jpg,titanite,ti_bearing_negative,1,1139828,DG-ed224ebac022,train,keep,,,,
19,titanite_001.jpg,19,VTM-008376,raw_negative/ti_bearing_negative/titanite/titanite_mindat_p1242962_page3_007_raw.jpg,titanite,ti_bearing_negative,1,1242962,DG-b454db917c27,train,exclude,,,,
20,titanite_001.jpg,20,VTM-008379,raw_negative/ti_bearing_negative/titanite/titanite_mindat_p1277832_page9_003_raw.jpg,titanite,ti_bearing_negative,1,1277832,DG-d6d91b3b592b,train,keep,,,,
21,titanite_001.jpg,21,VTM-008381,raw_negative/ti_bearing_negative/titanite/titanite_mindat_p129352_page5_033_raw.jpg,titanite,ti_bearing_negative,1,129352,DG-885e1f8a031a,train,keep,,,,
22,titanite_001.jpg,22,VTM-008384,raw_negative/ti_bearing_negative/titanite/titanite_mindat_p136397_page1_021_raw.jpg,titanite,ti_bearing_negative,1,136397,DG-8e1f82f326b2,val,keep,,,,
23,titanite_001.jpg,23,VTM-008387,raw_negative/ti_bearing_negative/titanite/titanite_mindat_p138467_page5_054_raw.jpg,titanite,ti_bearing_negative,1,138467,DG-0567564d711c,train,keep,,,,
24,titanite_001.jpg,24,VTM-008389,raw_negative/ti_bearing_negative/titanite/titanite_mindat_p1390449_page10_028_raw.jpg,titanite,ti_bearing_negative,1,1390449,DG-907c0a2749ab,train,keep,,,,
25,titanite_001.jpg,25,VTM-008412,raw_negative/ti_bearing_negative/titanite/titanite_mindat_p1698696_page9_016_raw.jpg,titanite,ti_bearing_negative,1,1698696,DG-1638dc1e36d1,train,keep,,,,
26,titanite_002.jpg,1,VTM-008437,raw_negative/ti_bearing_negative/titanite/titanite_mindat_p227148_page7_049_raw.jpg,titanite,ti_bearing_negative,1,227148,DG-d5e78fe5540b,train,keep,,,,
27,titanite_002.jpg,2,VTM-008456,raw_negative/ti_bearing_negative/titanite/titanite_mindat_p268004_page14_051_raw.jpg,titanite,ti_bearing_negative,1,268004,DG-7cf611d6815e,val,keep,,,,
28,titanite_002.jpg,3,VTM-008469,raw_negative/ti_bearing_negative/titanite/titanite_mindat_p288030_page14_050_raw.jpg,titanite,ti_bearing_negative,1,288030,DG-f59ee4f48142,val,keep,,,,
29,titanite_002.jpg,4,VTM-008474,raw_negative/ti_bearing_negative/titanite/titanite_mindat_p300326_page1_067_raw.jpg,titanite,ti_bearing_negative,1,300326,DG-4c3b3f758782,train,keep,,,,
30,titanite_002.jpg,5,VTM-008475,raw_negative/ti_bearing_negative/titanite/titanite_mindat_p303646_page9_035_raw.jpg,titanite,ti_bearing_negative,1,303646,DG-0f4b629d9390,train,keep,,,,
31,titanite_002.jpg,6,VTM-008476,raw_negative/ti_bearing_negative/titanite/titanite_mindat_p306481_page13_055_raw.jpg,titanite,ti_bearing_negative,1,306481,DG-27b83318b9c2,train,keep,,,,
32,titanite_002.jpg,7,VTM-008480,raw_negative/ti_bearing_negative/titanite/titanite_mindat_p310817_page9_075_raw.jpg,titanite,ti_bearing_negative,1,310817,DG-c4b22843003f,test,keep,,,,
33,titanite_002.jpg,8,VTM-008486,raw_negative/ti_bearing_negative/titanite/titanite_mindat_p318562_page14_071_raw.jpg,titanite,ti_bearing_negative,1,318562,DG-b464fb3a4a2c,train,keep,,,,
34,titanite_002.jpg,9,VTM-008490,raw_negative/ti_bearing_negative/titanite/titanite_mindat_p325680_page14_066_raw.jpg,titanite,ti_bearing_negative,1,325680,DG-13f68d44547b,train,keep,,,,
35,titanite_002.jpg,10,VTM-008497,raw_negative/ti_bearing_negative/titanite/titanite_mindat_p349097_page1_032_raw.jpg,titanite,ti_bearing_negative,1,349097,DG-1014339889b8,test,keep,,,,
36,titanite_002.jpg,11,VTM-008503,raw_negative/ti_bearing_negative/titanite/titanite_mindat_p352937_page5_026_raw.jpg,titanite,ti_bearing_negative,1,352937,DG-03c884a3c8ed,train,keep,,,,
37,titanite_002.jpg,12,VTM-008511,raw_negative/ti_bearing_negative/titanite/titanite_mindat_p380515_page10_007_raw.jpg,titanite,ti_bearing_negative,1,380515,DG-38b189947097,train,keep,,,,
38,titanite_002.jpg,13,VTM-008523,raw_negative/ti_bearing_negative/titanite/titanite_mindat_p409659_page7_052_raw.jpg,titanite,ti_bearing_negative,1,409659,DG-2cefcc356f55,val,keep,,,,
39,titanite_002.jpg,14,VTM-008525,raw_negative/ti_bearing_negative/titanite/titanite_mindat_p410890_page13_067_raw.jpg,titanite,ti_bearing_negative,1,410890,DG-aa714ce01c80,train,keep,,,,
40,titanite_002.jpg,15,VTM-008526,raw_negative/ti_bearing_negative/titanite/titanite_mindat_p410892_page13_065_raw.jpg,titanite,ti_bearing_negative,1,410892,DG-d06218d151e0,val,keep,,,,
41,titanite_002.jpg,16,VTM-008530,raw_negative/ti_bearing_negative/titanite/titanite_mindat_p420817_page9_057_raw.jpg,titanite,ti_bearing_negative,1,420817,DG-b2900e703877,train,keep,,,,
42,titanite_002.jpg,17,VTM-008538,raw_negative/ti_bearing_negative/titanite/titanite_mindat_p439346_page9_066_raw.jpg,titanite,ti_bearing_negative,1,439346,DG-0a38e08e9d2b,train,keep,,,,
43,titanite_002.jpg,18,VTM-008541,raw_negative/ti_bearing_negative/titanite/titanite_mindat_p451463_page4_013_raw.jpg,titanite,ti_bearing_negative,1,451463,DG-07ad4e1ac4a2,test,keep,,,,
44,titanite_002.jpg,19,VTM-008546,raw_negative/ti_bearing_negative/titanite/titanite_mindat_p481105_page5_007_raw.jpg,titanite,ti_bearing_negative,1,481105,DG-f56dc1bdd66d,train,keep,,,,
45,titanite_002.jpg,20,VTM-008554,raw_negative/ti_bearing_negative/titanite/titanite_mindat_p495542_page2_003_raw.jpg,titanite,ti_bearing_negative,1,495542,DG-07584d91647f,train,keep,,,,
46,titanite_002.jpg,21,VTM-008564,raw_negative/ti_bearing_negative/titanite/titanite_mindat_p563205_page10_013_raw.jpg,titanite,ti_bearing_negative,1,563205,DG-8758aa99c2f7,test,keep,,,,
47,titanite_002.jpg,22,VTM-008582,raw_negative/ti_bearing_negative/titanite/titanite_mindat_p682893_page13_066_raw.jpg,titanite,ti_bearing_negative,1,682893,DG-2bb93384d92b,train,keep,,,,
48,titanite_002.jpg,23,VTM-008584,raw_negative/ti_bearing_negative/titanite/titanite_mindat_p684550_page8_006_raw.jpg,titanite,ti_bearing_negative,1,684550,DG-cbb596ad6e77,val,keep,,,,
49,titanite_002.jpg,24,VTM-008601,raw_negative/ti_bearing_negative/titanite/titanite_mindat_p875272_page1_060_raw.jpg,titanite,ti_bearing_negative,1,875272,DG-deb465c57e11,train,keep,,,,
50,titanite_002.jpg,25,VTM-008603,raw_negative/ti_bearing_negative/titanite/titanite_mindat_p927941_page1_039_raw.jpg,titanite,ti_bearing_negative,1,927941,DG-835541a8f5bd,test,keep,,,,
1,titanomagnetite_001.jpg,1,VTM-001671,raw_positive/titanomagnetite_core/titanomagnetite_mindat_p079662_005_raw.jpg,titanomagnetite,target_mineral,0,79662,DG-a5ee170f9ded,train,keep,,,,
2,titanomagnetite_001.jpg,2,VTM-001677,raw_positive/titanomagnetite_core/titanomagnetite_mindat_p1203423_001_raw.jpg,titanomagnetite,target_mineral,0,1203423,DG-24fd2a1b1cc3,test,keep,,,,
3,titanomagnetite_001.jpg,3,VTM-001678,raw_positive/titanomagnetite_core/titanomagnetite_mindat_p1203762_017_raw.jpg,titanomagnetite,target_mineral,0,1203762,DG-8c5926202ac3,train,keep,,,,
4,titanomagnetite_001.jpg,4,VTM-001679,raw_positive/titanomagnetite_core/titanomagnetite_mindat_p1204304_024_raw.jpg,titanomagnetite,target_mineral,0,1204304,DG-f5c3df527ae6,train,keep,,,,
5,titanomagnetite_001.jpg,5,VTM-001680,raw_positive/titanomagnetite_core/titanomagnetite_mindat_p1204725_023_raw.jpg,titanomagnetite,target_mineral,0,1204725,DG-c02cfb574768,train,keep,,,,
6,titanomagnetite_001.jpg,6,VTM-001681,raw_positive/titanomagnetite_core/titanomagnetite_mindat_p1212765_018_raw.jpg,titanomagnetite,target_mineral,0,1212765,DG-0599e375e123,train,keep,,,,
7,titanomagnetite_001.jpg,7,VTM-001682,raw_positive/titanomagnetite_core/titanomagnetite_mindat_p1221264_019_raw.jpg,titanomagnetite,target_mineral,0,1221264,DG-a0ca75898087,test,keep,,,,
8,titanomagnetite_001.jpg,8,VTM-001688,raw_positive/titanomagnetite_core/titanomagnetite_mindat_p1592552_034_raw.jpg,titanomagnetite,target_mineral,0,1592552,DG-913e94e84496,train,keep,,,,
9,titanomagnetite_001.jpg,9,VTM-001689,raw_positive/titanomagnetite_core/titanomagnetite_mindat_p1593449_033_raw.jpg,titanomagnetite,target_mineral,0,1593449,DG-9aa7389de686,train,keep,,,,
10,titanomagnetite_001.jpg,10,VTM-001690,raw_positive/titanomagnetite_core/titanomagnetite_mindat_p1606751_032_raw.jpg,titanomagnetite,target_mineral,0,1606751,DG-b0fe7cb99124,train,keep,,,,
11,titanomagnetite_001.jpg,11,VTM-001691,raw_positive/titanomagnetite_core/titanomagnetite_mindat_p1651248_030_raw.jpg,titanomagnetite,target_mineral,0,1651248,DG-ef5372e86c10,val,keep,,,,
12,titanomagnetite_001.jpg,12,VTM-001692,raw_positive/titanomagnetite_core/titanomagnetite_mindat_p1690580_035_raw.jpg,titanomagnetite,target_mineral,0,1690580,DG-bf707c55247a,train,keep,,,,
13,titanomagnetite_001.jpg,13,VTM-001693,raw_positive/titanomagnetite_core/titanomagnetite_mindat_p190703_002_raw.jpg,titanomagnetite,target_mineral,0,190703,DG-d05c588604ec,test,keep,,,,
14,titanomagnetite_001.jpg,14,VTM-001694,raw_positive/titanomagnetite_core/titanomagnetite_mindat_p212600_006_raw.jpg,titanomagnetite,target_mineral,0,212600,DG-97f74c72b5b7,train,keep,,,,
15,titanomagnetite_001.jpg,15,VTM-001695,raw_positive/titanomagnetite_core/titanomagnetite_mindat_p273955_004_raw.jpg,titanomagnetite,target_mineral,0,273955,DG-4cae50bd4d45,train,keep,,,,
16,titanomagnetite_001.jpg,16,VTM-001696,raw_positive/titanomagnetite_core/titanomagnetite_mindat_p303828_010_raw.jpg,titanomagnetite,target_mineral,0,303828,DG-cd596e924528,train,keep,,,,
17,titanomagnetite_001.jpg,17,VTM-001697,raw_positive/titanomagnetite_core/titanomagnetite_mindat_p446868_009_raw.jpg,titanomagnetite,target_mineral,0,446868,DG-a84937488bab,train,keep,,,,
18,titanomagnetite_001.jpg,18,VTM-001698,raw_positive/titanomagnetite_core/titanomagnetite_mindat_p459021_012_raw.jpg,titanomagnetite,target_mineral,0,459021,DG-181b7f3e8822,train,keep,,,,
19,titanomagnetite_001.jpg,19,VTM-001701,raw_positive/titanomagnetite_core/titanomagnetite_mindat_p540717_007_raw.jpg,titanomagnetite,target_mineral,0,540717,DG-7ccfdcad436b,test,keep,,,,
20,titanomagnetite_001.jpg,20,VTM-001702,raw_positive/titanomagnetite_core/titanomagnetite_mindat_p631225_011_raw.jpg,titanomagnetite,target_mineral,0,631225,DG-af302416b1ed,val,keep,,,,
21,titanomagnetite_001.jpg,21,VTM-001703,raw_positive/titanomagnetite_core/titanomagnetite_mindat_p765016_015_raw.jpg,titanomagnetite,target_mineral,0,765016,DG-0bb94c7f846a,train,keep,,,,
22,titanomagnetite_001.jpg,22,VTM-001704,raw_positive/titanomagnetite_core/titanomagnetite_mindat_p765019_016_raw.jpg,titanomagnetite,target_mineral,0,765019,DG-631a30e718e6,val,keep,,,,
23,titanomagnetite_001.jpg,23,VTM-001705,raw_positive/titanomagnetite_core/titanomagnetite_mindat_p998594_014_raw.jpg,titanomagnetite,target_mineral,0,998594,DG-4a485c4be585,val,keep,,,,
1,vesuvianite_001.jpg,1,VTM-003638,raw_negative/gangue_negative/vesuvianite/vesuvianite_mindat_p006721_page6_067_raw.jpg,vesuvianite,gangue_negative,2,6721,DG-3f6e67869303,train,keep,,,,
2,vesuvianite_001.jpg,2,VTM-003647,raw_negative/gangue_negative/vesuvianite/vesuvianite_mindat_p019433_page18_019_raw.jpg,vesuvianite,gangue_negative,2,19433,DG-93b69e415a92,train,keep,,,,
3,vesuvianite_001.jpg,3,VTM-003658,raw_negative/gangue_negative/vesuvianite/vesuvianite_mindat_p043761_page1_048_raw.jpg,vesuvianite,gangue_negative,2,43761,DG-cda88331526c,val,keep,,,,
4,vesuvianite_001.jpg,4,VTM-003664,raw_negative/gangue_negative/vesuvianite/vesuvianite_mindat_p046958_page12_003_raw.jpg,vesuvianite,gangue_negative,2,46958,DG-b2d6c181d3c5,test,keep,,,,
5,vesuvianite_001.jpg,5,VTM-003694,raw_negative/gangue_negative/vesuvianite/vesuvianite_mindat_p1037836_page1_073_raw.jpg,vesuvianite,gangue_negative,2,1037836,DG-1dc142df98e6,train,keep,,,,
6,vesuvianite_001.jpg,6,VTM-003697,raw_negative/gangue_negative/vesuvianite/vesuvianite_mindat_p1052180_page3_007_raw.jpg,vesuvianite,gangue_negative,2,1052180,DG-d7a8a5a3da5f,test,keep,,,,
7,vesuvianite_001.jpg,7,VTM-003698,raw_negative/gangue_negative/vesuvianite/vesuvianite_mindat_p105794_page1_013_raw.jpg,vesuvianite,gangue_negative,2,105794,DG-4cee298501dd,train,keep,,,,
8,vesuvianite_001.jpg,8,VTM-003739,raw_negative/gangue_negative/vesuvianite/vesuvianite_mindat_p1173952_page18_012_raw.jpg,vesuvianite,gangue_negative,2,1173952,DG-01af1077aac1,val,keep,,,,
9,vesuvianite_001.jpg,9,VTM-003745,raw_negative/gangue_negative/vesuvianite/vesuvianite_mindat_p1180000_page4_024_raw.jpg,vesuvianite,gangue_negative,2,1180000,DG-ad9859357844,train,keep,,,,
10,vesuvianite_001.jpg,10,VTM-003750,raw_negative/gangue_negative/vesuvianite/vesuvianite_mindat_p1184557_page8_017_raw.jpg,vesuvianite,gangue_negative,2,1184557,DG-515956afdf20,train,keep,,,,
11,vesuvianite_001.jpg,11,VTM-003760,raw_negative/gangue_negative/vesuvianite/vesuvianite_mindat_p1201804_page8_013_raw.jpg,vesuvianite,gangue_negative,2,1201804,DG-6513e7852fe3,val,keep,,,,
12,vesuvianite_001.jpg,12,VTM-003764,raw_negative/gangue_negative/vesuvianite/vesuvianite_mindat_p1213034_page4_039_raw.jpg,vesuvianite,gangue_negative,2,1213034,DG-cab58c86ef59,val,keep,,,,
13,vesuvianite_001.jpg,13,VTM-003773,raw_negative/gangue_negative/vesuvianite/vesuvianite_mindat_p1238165_page18_010_raw.jpg,vesuvianite,gangue_negative,2,1238165,DG-ea49bad247e6,train,keep,,,,
14,vesuvianite_001.jpg,14,VTM-003801,raw_negative/gangue_negative/vesuvianite/vesuvianite_mindat_p1394608_page16_005_raw.jpg,vesuvianite,gangue_negative,2,1394608,DG-c55753fc49af,train,keep,,,,
15,vesuvianite_001.jpg,15,VTM-003804,raw_negative/gangue_negative/vesuvianite/vesuvianite_mindat_p146155_page1_019_raw.jpg,vesuvianite,gangue_negative,2,146155,DG-b953120817de,train,keep,,,,
16,vesuvianite_001.jpg,16,VTM-003820,raw_negative/gangue_negative/vesuvianite/vesuvianite_mindat_p161860_page7_010_raw.jpg,vesuvianite,gangue_negative,2,161860,DG-0d25055806ab,train,keep,,,,
17,vesuvianite_001.jpg,17,VTM-003844,raw_negative/gangue_negative/vesuvianite/vesuvianite_mindat_p206641_page3_001_raw.jpg,vesuvianite,gangue_negative,2,206641,DG-5ece93b941e5,train,keep,,,,
18,vesuvianite_001.jpg,18,VTM-003851,raw_negative/gangue_negative/vesuvianite/vesuvianite_mindat_p211813_page7_007_raw.jpg,vesuvianite,gangue_negative,2,211813,DG-1a9713d7c0ed,train,keep,,,,
19,vesuvianite_001.jpg,19,VTM-003852,raw_negative/gangue_negative/vesuvianite/vesuvianite_mindat_p213263_page14_001_raw.jpg,vesuvianite,gangue_negative,2,213263,DG-6be5443dee38,test,keep,,,,
20,vesuvianite_001.jpg,20,VTM-003857,raw_negative/gangue_negative/vesuvianite/vesuvianite_mindat_p232078_page18_026_raw.jpg,vesuvianite,gangue_negative,2,232078,DG-eec51d005c3f,test,keep,,,,
21,vesuvianite_001.jpg,21,VTM-003859,raw_negative/gangue_negative/vesuvianite/vesuvianite_mindat_p240038_page13_002_raw.jpg,vesuvianite,gangue_negative,2,240038,DG-347607d0382b,train,keep,,,,
22,vesuvianite_001.jpg,22,VTM-003862,raw_negative/gangue_negative/vesuvianite/vesuvianite_mindat_p240968_page15_045_raw.jpg,vesuvianite,gangue_negative,2,240968,DG-33077a1095e1,train,keep,,,,
23,vesuvianite_001.jpg,23,VTM-003888,raw_negative/gangue_negative/vesuvianite/vesuvianite_mindat_p287583_page6_036_raw.jpg,vesuvianite,gangue_negative,2,287583,DG-16fb94c77b9b,val,keep,,,,
24,vesuvianite_001.jpg,24,VTM-003891,raw_negative/gangue_negative/vesuvianite/vesuvianite_mindat_p291498_page13_003_raw.jpg,vesuvianite,gangue_negative,2,291498,DG-382fc9f12b38,train,keep,,,,
25,vesuvianite_001.jpg,25,VTM-003903,raw_negative/gangue_negative/vesuvianite/vesuvianite_mindat_p323556_page2_001_raw.jpg,vesuvianite,gangue_negative,2,323556,DG-737047940f15,train,keep,,,,
26,vesuvianite_002.jpg,1,VTM-003906,raw_negative/gangue_negative/vesuvianite/vesuvianite_mindat_p323559_page2_003_raw.jpg,vesuvianite,gangue_negative,2,323559,DG-a823da2de383,train,keep,,,,
27,vesuvianite_002.jpg,2,VTM-003907,raw_negative/gangue_negative/vesuvianite/vesuvianite_mindat_p331231_page4_002_raw.jpg,vesuvianite,gangue_negative,2,331231,DG-d8dee9d488b4,val,keep,,,,
28,vesuvianite_002.jpg,3,VTM-003916,raw_negative/gangue_negative/vesuvianite/vesuvianite_mindat_p356261_page15_058_raw.jpg,vesuvianite,gangue_negative,2,356261,DG-62ff9ecdf8f9,train,keep,,,,
29,vesuvianite_002.jpg,4,VTM-003926,raw_negative/gangue_negative/vesuvianite/vesuvianite_mindat_p392777_page4_009_raw.jpg,vesuvianite,gangue_negative,2,392777,DG-66e1a06eb335,train,keep,,,,
30,vesuvianite_002.jpg,5,VTM-003928,raw_negative/gangue_negative/vesuvianite/vesuvianite_mindat_p396810_page7_030_raw.jpg,vesuvianite,gangue_negative,2,396810,DG-7baf62e4bd78,train,keep,,,,
31,vesuvianite_002.jpg,6,VTM-003936,raw_negative/gangue_negative/vesuvianite/vesuvianite_mindat_p434845_page6_057_raw.jpg,vesuvianite,gangue_negative,2,434845,DG-a5da20726561,train,keep,,,,
32,vesuvianite_002.jpg,7,VTM-003957,raw_negative/gangue_negative/vesuvianite/vesuvianite_mindat_p512294_page6_058_raw.jpg,vesuvianite,gangue_negative,2,512294,DG-6837ec7f0cfb,train,keep,,,,
33,vesuvianite_002.jpg,8,VTM-003958,raw_negative/gangue_negative/vesuvianite/vesuvianite_mindat_p519092_page3_006_raw.jpg,vesuvianite,gangue_negative,2,519092,DG-e0a00790809c,train,keep,,,,
34,vesuvianite_002.jpg,9,VTM-003960,raw_negative/gangue_negative/vesuvianite/vesuvianite_mindat_p519325_page1_071_raw.jpg,vesuvianite,gangue_negative,2,519325,DG-d828cab7f924,train,keep,,,,
35,vesuvianite_002.jpg,10,VTM-003961,raw_negative/gangue_negative/vesuvianite/vesuvianite_mindat_p525435_page7_056_raw.jpg,vesuvianite,gangue_negative,2,525435,DG-e812bc569910,train,keep,,,,
36,vesuvianite_002.jpg,11,VTM-003963,raw_negative/gangue_negative/vesuvianite/vesuvianite_mindat_p530997_page10_003_raw.jpg,vesuvianite,gangue_negative,2,530997,DG-4838f0e63554,train,keep,,,,
37,vesuvianite_002.jpg,12,VTM-003985,raw_negative/gangue_negative/vesuvianite/vesuvianite_mindat_p553656_page7_032_raw.jpg,vesuvianite,gangue_negative,2,553656,DG-2688d936572b,train,keep,,,,
38,vesuvianite_002.jpg,13,VTM-003991,raw_negative/gangue_negative/vesuvianite/vesuvianite_mindat_p571957_page7_067_raw.jpg,vesuvianite,gangue_negative,2,571957,DG-953f0025b71e,test,keep,,,,
39,vesuvianite_002.jpg,14,VTM-004015,raw_negative/gangue_negative/vesuvianite/vesuvianite_mindat_p592764_page11_005_raw.jpg,vesuvianite,gangue_negative,2,592764,DG-77454de7f884,train,keep,,,,
40,vesuvianite_002.jpg,15,VTM-004022,raw_negative/gangue_negative/vesuvianite/vesuvianite_mindat_p592774_page11_027_raw.jpg,vesuvianite,gangue_negative,2,592774,DG-5729472e6060,train,keep,,,,
41,vesuvianite_002.jpg,16,VTM-004026,raw_negative/gangue_negative/vesuvianite/vesuvianite_mindat_p592779_page11_040_raw.jpg,vesuvianite,gangue_negative,2,592779,DG-59e18c2e392d,train,keep,,,,
42,vesuvianite_002.jpg,17,VTM-004047,raw_negative/gangue_negative/vesuvianite/vesuvianite_mindat_p636042_page6_047_raw.jpg,vesuvianite,gangue_negative,2,636042,DG-60aac4edb1a5,train,keep,,,,
43,vesuvianite_002.jpg,18,VTM-004056,raw_negative/gangue_negative/vesuvianite/vesuvianite_mindat_p649560_page5_004_raw.jpg,vesuvianite,gangue_negative,2,649560,DG-24d2c5f11552,train,keep,,,,
44,vesuvianite_002.jpg,19,VTM-004059,raw_negative/gangue_negative/vesuvianite/vesuvianite_mindat_p660119_page1_032_raw.jpg,vesuvianite,gangue_negative,2,660119,DG-fbac0c61b5c8,train,keep,,,,
45,vesuvianite_002.jpg,20,VTM-004066,raw_negative/gangue_negative/vesuvianite/vesuvianite_mindat_p680401_page4_014_raw.jpg,vesuvianite,gangue_negative,2,680401,DG-7d4b1ad1b602,val,keep,,,,
46,vesuvianite_002.jpg,21,VTM-004070,raw_negative/gangue_negative/vesuvianite/vesuvianite_mindat_p682221_page17_009_raw.jpg,vesuvianite,gangue_negative,2,682221,DG-a336d92a23d5,val,keep,,,,
47,vesuvianite_002.jpg,22,VTM-004101,raw_negative/gangue_negative/vesuvianite/vesuvianite_mindat_p806827_page11_006_raw.jpg,vesuvianite,gangue_negative,2,806827,DG-56ee3837e64d,train,keep,,,,
48,vesuvianite_002.jpg,23,VTM-004105,raw_negative/gangue_negative/vesuvianite/vesuvianite_mindat_p812631_page10_030_raw.jpg,vesuvianite,gangue_negative,2,812631,DG-f4cecdf6975b,train,keep,,,,
49,vesuvianite_002.jpg,24,VTM-004108,raw_negative/gangue_negative/vesuvianite/vesuvianite_mindat_p819929_page1_033_raw.jpg,vesuvianite,gangue_negative,2,819929,DG-3cca43ecbc30,train,keep,,,,
50,vesuvianite_002.jpg,25,VTM-004118,raw_negative/gangue_negative/vesuvianite/vesuvianite_mindat_p852101_page2_005_raw.jpg,vesuvianite,gangue_negative,2,852101,DG-c598d42c9630,train,keep,,,,
