image_id,split_group_id,mineral_label,outer_fold,true_class_id,predicted_class_id,route,prob_0,prob_1,prob_2,prob_3
VTM-000004,DG-93711816d7a2,ilmenite,0,0,3,0.7162649035453796,0.16677142679691315,0.0710294097661972,0.046143002808094025,0.7160561680793762
VTM-000019,DG-1f6c9a170d0a,ilmenite,0,0,1,0.7669804692268372,0.14397373795509338,0.813200831413269,0.00786004401743412,0.0349653884768486
VTM-000022,DG-f06e5066d583,ilmenite,0,0,0,0.8944613337516785,0.742726743221283,0.2411348521709442,0.0030511245131492615,0.01308727078139782
VTM-000023,DG-57c8be1f1a44,ilmenite,0,0,3,0.6397539973258972,0.07523469626903534,0.060935717076063156,0.0715927705168724,0.7922368049621582
VTM-000026,DG-0cb281befc77,ilmenite,0,0,1,0.8527393937110901,0.47309935092926025,0.4789999723434448,0.023095138370990753,0.02480555698275566
VTM-000029,DG-9f879b68f7a9,ilmenite,0,0,2,0.7745315432548523,0.338126540184021,0.2064511626958847,0.33874887228012085,0.11667344719171524
VTM-000031,DG-d7115b5d6740,ilmenite,0,0,0,0.8977604508399963,0.9050331711769104,0.06171385198831558,0.0041832937858998775,0.0290696918964386
VTM-000032,DG-a4d032ac7c43,ilmenite,0,0,3,0.7872726917266846,0.34838634729385376,0.19355358183383942,0.04630845785140991,0.4117516279220581
VTM-000033,DG-835a9a31582b,ilmenite,0,0,3,0.741128146648407,0.254049152135849,0.21625511348247528,0.11691795289516449,0.41277778148651123
VTM-000042,DG-dd60957cc98f,ilmenite,0,0,3,0.6539631485939026,0.07895068824291229,0.19394487142562866,0.21905508637428284,0.5080493092536926
VTM-000053,DG-0c19a5da525e,ilmenite,0,0,1,0.6970071196556091,0.046743862330913544,0.8035215735435486,0.03450990840792656,0.11522465199232101
VTM-000054,DG-4dc01708b6c1,ilmenite,0,0,3,0.6671510934829712,0.09450215101242065,0.19745782017707825,0.036325547844171524,0.6717144846916199
VTM-000055,DG-3cad097ede55,ilmenite,0,0,1,0.7494886517524719,0.2209843099117279,0.494486540555954,0.19228975474834442,0.0922393873333931
VTM-000059,DG-104f7493d31e,ilmenite,0,0,0,0.8946038484573364,0.9519816637039185,0.01485784724354744,0.00016268761828541756,0.03299780189990997
VTM-000063,DG-a13316fbba17,ilmenite,0,0,0,0.8907731175422668,0.7395448684692383,0.23750212788581848,0.008955689147114754,0.01399732381105423
VTM-000067,DG-5e3c1a734ecf,ilmenite,0,0,1,0.8149592876434326,0.32343795895576477,0.6105839610099792,0.024543944746255875,0.04143417254090309
VTM-000071,DG-43ff4b7e71d7,ilmenite,0,0,0,0.88929682970047,0.7548491358757019,0.05011541768908501,0.01065116934478283,0.184384286403656
VTM-000072,DG-f00d4292aa19,ilmenite,0,0,2,0.6464017033576965,0.08903225511312485,0.22774523496627808,0.6011515259742737,0.08207103610038757
VTM-000078,DG-6cfccac709da,ilmenite,0,0,0,0.8972892165184021,0.918778121471405,0.04871590808033943,0.008611460216343403,0.023894451558589935
VTM-000079,DG-865801959617,ilmenite,0,0,0,0.8941048383712769,0.9620773196220398,0.021587485447525978,0.0051477341912686825,0.011187477968633175
VTM-000081,DG-a37ea3e212b7,ilmenite,0,0,0,0.8970814943313599,0.9198590517044067,0.028153348714113235,0.0033281808719038963,0.04865942895412445
VTM-000097,DG-52dbc2d87ae6,ilmenite,0,0,1,0.6869004964828491,0.025353243574500084,0.8280552625656128,0.08205944299697876,0.06453204154968262
VTM-000102,DG-8f39b68c7460,ilmenite,0,0,0,0.882897138595581,0.7043479681015015,0.16498136520385742,0.014848746359348297,0.1158219575881958
VTM-000103,DG-edd7bbc96d6a,ilmenite,0,0,0,0.89357590675354,0.9649587869644165,0.0226394385099411,0.0026085074059665203,0.009793276898562908
VTM-000107,DG-2643e93c71a5,ilmenite,0,0,1,0.7087483406066895,0.004657111596316099,0.9849520921707153,0.007149849086999893,0.003240954363718629
VTM-000109,DG-45cfbbb23bdc,ilmenite,0,0,0,0.885450541973114,0.7217466831207275,0.17811936140060425,0.07649404555559158,0.02363990619778633
VTM-000114,DG-fc3a66d13a58,ilmenite,0,0,0,0.8932108879089355,0.9672823548316956,0.014748726971447468,0.0017391445580869913,0.0162297785282135
VTM-000119,DG-fb23410b9ff9,ilmenite,0,0,0,0.8058248162269592,0.44440463185310364,0.11522196978330612,0.07787469029426575,0.36249876022338867
VTM-000120,DG-3e885422ff43,ilmenite,0,0,3,0.7660732269287109,0.30246418714523315,0.1623133271932602,0.12809911370277405,0.4071233868598938
VTM-000123,DG-f7048b8cdbe5,ilmenite,0,0,2,0.6074144840240479,0.017569933086633682,0.4671090245246887,0.4977661967277527,0.017554860562086105
VTM-000126,DG-c9aba633a410,ilmenite,0,0,0,0.8974562287330627,0.8585784435272217,0.061123769730329514,0.012354179285466671,0.06794360280036926
VTM-000129,DG-70edfcef8486,ilmenite,0,0,0,0.826102614402771,0.4470987021923065,0.21232521533966064,0.22545069456100464,0.11512535810470581
VTM-000130,DG-c93fa69bd002,ilmenite,0,0,0,0.8939489722251892,0.811603307723999,0.07563864439725876,0.011588923633098602,0.10116913914680481
VTM-000136,DG-7d68bf215ad3,ilmenite,0,0,1,0.801633894443512,0.3256082832813263,0.3967664837837219,0.0014180950820446014,0.2762071490287781
VTM-000137,DG-c1aed5f668d2,ilmenite,0,0,1,0.7398502826690674,0.14662855863571167,0.5755826830863953,0.011320535093545914,0.26646822690963745
VTM-000138,DG-6cfde0785f0c,ilmenite,0,0,1,0.7031808495521545,0.008381317369639874,0.9525119066238403,0.02294115163385868,0.016165651381015778
VTM-000143,DG-9af7bd61913c,ilmenite,0,0,3,0.6307359337806702,0.07068318873643875,0.1286977380514145,0.3081568479537964,0.4924622178077698
VTM-000156,DG-b07c5902c813,ilmenite,0,0,0,0.8091045022010803,0.4186289608478546,0.3280661106109619,0.17728248238563538,0.07602246850728989
VTM-000164,DG-188a4021410f,ilmenite,0,0,0,0.8795092701911926,0.7187328934669495,0.1978883296251297,0.06590984016656876,0.017468949779868126
VTM-000193,DG-52c3a93b717f,ilmenite,0,0,3,0.6407581567764282,0.05878133326768875,0.2990787625312805,0.20986267924308777,0.43227723240852356
VTM-000196,DG-7327ff5c7b8d,ilmenite,0,0,3,0.703396737575531,0.1471441090106964,0.0694296732544899,0.016780519858002663,0.7666457295417786
VTM-000199,DG-c725c58e3f4e,ilmenite,0,0,0,0.8849022388458252,0.736620306968689,0.07322753220796585,0.11196914315223694,0.07818304747343063
VTM-000203,DG-c9a72486b1ef,ilmenite,0,0,0,0.8487886786460876,0.5629168748855591,0.1548367440700531,0.0346233993768692,0.247623011469841
VTM-000212,DG-a9d34317443f,ilmenite,0,0,1,0.7942566275596619,0.262584388256073,0.7298563718795776,0.004392935428768396,0.0031663032714277506
VTM-000214,DG-e243cfd0a50c,ilmenite,0,0,1,0.6992330551147461,0.004127435386180878,0.8826155066490173,0.11098672449588776,0.0022703034337610006
VTM-000216,DG-89f8774a7c9a,ilmenite,0,0,1,0.7081384062767029,0.06316910684108734,0.7456953525543213,0.11525451391935349,0.0758810043334961
VTM-000217,DG-aaf59fa905f6,ilmenite,0,0,2,0.5940870046615601,0.044636793434619904,0.1355256885290146,0.5865294933319092,0.23330801725387573
VTM-000219,DG-90f99d0b37a9,ilmenite,0,0,1,0.7298494577407837,0.07287084311246872,0.825718343257904,0.03568302094936371,0.06572776287794113
VTM-000226,DG-f38e353637cc,ilmenite,0,0,2,0.6811012625694275,0.13470235466957092,0.1568761169910431,0.6760448217391968,0.03237663209438324
VTM-000239,DG-eafba2c762ae,ilmenite,0,0,0,0.8906066417694092,0.7093959450721741,0.2633451223373413,0.017604244872927666,0.009654711931943893
VTM-000241,DG-0f6c6dd21429,ilmenite,0,0,1,0.8512976765632629,0.4775354564189911,0.48375779390335083,0.031349245458841324,0.007357509806752205
VTM-000247,DG-1d85bd9b85f1,ilmenite,0,0,0,0.890985906124115,0.7839999198913574,0.06315762549638748,0.08172161877155304,0.07112079113721848
VTM-000249,DG-b2860bfb1647,ilmenite,0,0,1,0.7390295267105103,0.1265617460012436,0.6971485614776611,0.024350594729185104,0.15193912386894226
VTM-000265,DG-d503d286be4e,ilmenite,0,0,0,0.8898220658302307,0.7896207571029663,0.18293191492557526,0.001191705814562738,0.026255667209625244
VTM-000280,DG-d28666dbe553,ilmenite,0,0,0,0.8591856360435486,0.5646955966949463,0.42392653226852417,0.0030182264745235443,0.008359630592167377
VTM-000282,DG-40aa4d6edc70,ilmenite,0,0,0,0.8823440670967102,0.7108442187309265,0.06345786899328232,0.01484557893127203,0.21085231006145477
VTM-000283,DG-0d5911cba632,ilmenite,0,0,0,0.8955742716789246,0.8550000786781311,0.0713338777422905,0.009999869391322136,0.06366618722677231
VTM-000285,DG-acd642196a86,ilmenite,0,0,0,0.8710922598838806,0.6571327447891235,0.1895250529050827,0.06989653408527374,0.08344565331935883
VTM-000288,DG-3587dab97d70,ilmenite,0,0,2,0.5885251760482788,0.03833407908678055,0.24243777990341187,0.6790881156921387,0.040139973163604736
VTM-000290,DG-51aa7aceda75,ilmenite,0,0,3,0.733216404914856,0.2092527598142624,0.05528943985700607,0.022622328251600266,0.712835431098938
VTM-000294,DG-964e0d7fd6bb,ilmenite,0,0,0,0.8306137919425964,0.4865782856941223,0.09350861608982086,0.19312046468257904,0.22679264843463898
VTM-000308,DG-653233a1d69c,ilmenite,0,0,2,0.6004490256309509,0.041243135929107666,0.3230763077735901,0.5900562405586243,0.04562431201338768
VTM-000322,DG-7bd6164a6379,ilmenite,0,0,0,0.8744261860847473,0.6372158527374268,0.03390875458717346,0.012481361627578735,0.3163940906524658
VTM-000323,DG-8b1bb30dd6dc,ilmenite,0,0,1,0.7344029545783997,0.21503673493862152,0.43063539266586304,0.1743176281452179,0.18001024425029755
VTM-000328,DG-b92bf0a3d3da,ilmenite,0,0,3,0.6627088189125061,0.09379003942012787,0.050843965262174606,0.12251673638820648,0.7328492403030396
VTM-000340,DG-d5390af5bbbe,magnetite,0,0,0,0.8937399387359619,0.8104607462882996,0.1066816970705986,0.0633356124162674,0.019521936774253845
VTM-000342,DG-3d91fefd53d4,magnetite,0,0,0,0.8896955847740173,0.7601001858711243,0.08294945955276489,0.07483140379190445,0.08211888372898102
VTM-000349,DG-7481d8c0d8a5,magnetite,0,0,0,0.8720672726631165,0.6512998938560486,0.1747622787952423,0.06700579077005386,0.10693205893039703
VTM-000362,DG-a03abcd13fa1,magnetite,0,0,0,0.8480362296104431,0.4840415418148041,0.4587176442146301,0.01603200100362301,0.041208792477846146
VTM-000365,DG-403301c9b56e,magnetite,0,0,0,0.8782185316085815,0.6777676939964294,0.06268009543418884,0.018511608242988586,0.2410406470298767
VTM-000368,DG-5ec9d3b3f9d9,magnetite,0,0,3,0.5778879523277283,0.013054425828158855,0.24658380448818207,0.3146897554397583,0.4256720542907715
VTM-000403,DG-6365ef6796fd,magnetite,0,0,0,0.8988850116729736,0.8748073577880859,0.10869525372982025,0.003014187328517437,0.013483205810189247
VTM-000407,DG-b34933b09131,magnetite,0,0,0,0.8989691138267517,0.8773624897003174,0.11218524724245071,0.002923615276813507,0.007528632413595915
VTM-000408,DG-33df6424b3d6,magnetite,0,0,0,0.8970703482627869,0.9353100061416626,0.0456596203148365,0.001290563028305769,0.0177397932857275
VTM-000419,DG-d335465b98d0,magnetite,0,0,1,0.8093172907829285,0.3758196532726288,0.5001822113990784,0.06528222560882568,0.058715905994176865
VTM-000420,DG-bea3245792a5,magnetite,0,0,0,0.8896908164024353,0.7659099102020264,0.21120896935462952,0.004873890429735184,0.018007226288318634
VTM-000421,DG-74bfd6871e69,magnetite,0,0,0,0.8709092140197754,0.6635547876358032,0.16989655792713165,0.06679175049066544,0.09975693374872208
VTM-000424,DG-bf000ef4445e,magnetite,0,0,0,0.8930953741073608,0.9741683006286621,0.012409787625074387,0.0006792177446186543,0.012742736376821995
VTM-000425,DG-255b8042624f,magnetite,0,0,0,0.8504423499107361,0.5690272450447083,0.09455365687608719,0.13486912846565247,0.20154991745948792
VTM-000433,DG-c8fe44598de6,magnetite,0,0,1,0.7114478945732117,0.0032502664253115654,0.9869809150695801,0.008215129375457764,0.0015536656137555838
VTM-000449,DG-f157fe6a84d8,magnetite,0,0,1,0.6923127770423889,0.0041496893391013145,0.9663096070289612,0.014669516123831272,0.014871192164719105
VTM-000453,DG-151237aade76,magnetite,0,0,1,0.8160846829414368,0.30437442660331726,0.5936022996902466,0.05807120352983475,0.043952036648988724
VTM-000457,DG-da2371bedc70,magnetite,0,0,0,0.8950059413909912,0.8198957443237305,0.06410522013902664,0.00174393889028579,0.11425504088401794
VTM-000459,DG-8f86ca807d93,magnetite,0,0,0,0.8980264663696289,0.8295655846595764,0.1581348478794098,0.004543830640614033,0.007755756843835115
VTM-000461,DG-bd4555044da8,magnetite,0,0,0,0.8317165970802307,0.4727650284767151,0.30801922082901,0.1287691593170166,0.09044662117958069
VTM-000464,DG-2d7adf4c3825,magnetite,0,0,1,0.6465243101119995,0.007786326576024294,0.805597186088562,0.058582380414009094,0.12803411483764648
VTM-000465,DG-5d8be5aba542,magnetite,0,0,0,0.8729177117347717,0.6394045352935791,0.18023724853992462,0.006500002928078175,0.17385827004909515
VTM-000469,DG-55628b24d169,magnetite,0,0,0,0.8604945540428162,0.6180807948112488,0.17220090329647064,0.01661413349211216,0.1931041181087494
VTM-000475,DG-8ccebb8113c3,magnetite,0,0,0,0.8659047484397888,0.5699198842048645,0.3616410493850708,0.013085375539958477,0.055353760719299316
VTM-000482,DG-252e52464d94,magnetite,0,0,1,0.8118548393249512,0.3209626078605652,0.5546006560325623,0.015767138451337814,0.10866963118314743
VTM-000484,DG-f6cdfd76d655,magnetite,0,0,0,0.8960859179496765,0.8220921754837036,0.09434723854064941,0.048778973519802094,0.03478165715932846
VTM-000485,DG-139309e9779f,magnetite,0,0,1,0.7524681091308594,0.14940133690834045,0.73664790391922,0.06067903712391853,0.053271763026714325
VTM-000487,DG-fa21589d0eae,magnetite,0,0,2,0.6922458410263062,0.17977532744407654,0.2295435667037964,0.3600047826766968,0.2306763082742691
VTM-000488,DG-4c58be6039ce,magnetite,0,0,3,0.7820748090744019,0.3322999179363251,0.15725000202655792,0.035891011357307434,0.47455906867980957
VTM-000494,DG-2a5290c5d7d8,magnetite,0,0,0,0.8975836634635925,0.9190642237663269,0.05176457017660141,0.003042772877961397,0.02612839825451374
VTM-000498,DG-d0d8d1193f14,magnetite,0,0,0,0.8982624411582947,0.8904380798339844,0.0646330863237381,0.035346869379282,0.009581994265317917
VTM-000503,DG-572766d5cc60,magnetite,0,0,3,0.6917639970779419,0.13157302141189575,0.1732769012451172,0.08874911069869995,0.6064009666442871
VTM-000508,DG-2db55b805efd,magnetite,0,0,1,0.8312622308731079,0.419449120759964,0.4966435134410858,0.014710363000631332,0.06919699907302856
VTM-000509,DG-c4c2974889e2,magnetite,0,0,0,0.8937551379203796,0.9695332646369934,0.013271266594529152,0.0011956276139244437,0.015999842435121536
VTM-000518,DG-85333005c1cb,magnetite,0,0,0,0.7738301753997803,0.3612121045589447,0.1569972038269043,0.3332311809062958,0.14855949580669403
VTM-000521,DG-a364591e5a94,magnetite,0,0,0,0.8967241644859314,0.9348481893539429,0.05455368757247925,0.00056475680321455,0.01003336813300848
VTM-000528,DG-5c4892601427,magnetite,0,0,1,0.7413798570632935,0.2356095314025879,0.4143630564212799,0.08613241463899612,0.2638949751853943
VTM-000531,DG-f79e95555def,magnetite,0,0,0,0.8371443748474121,0.5097895264625549,0.3128887414932251,0.03637371212244034,0.14094799757003784
VTM-000533,DG-13e216bf967a,magnetite,0,0,0,0.8988465070724487,0.890377402305603,0.0950634628534317,0.007815499790012836,0.006743697915226221
VTM-000541,DG-ac65b778544d,magnetite,0,0,1,0.7315947413444519,0.04498133808374405,0.9196037650108337,0.026118138805031776,0.00929676741361618
VTM-000542,DG-abef6c79e38a,magnetite,0,0,3,0.6819781064987183,0.13077016174793243,0.3094174563884735,0.06636342406272888,0.49344897270202637
VTM-000543,DG-8637f69df099,magnetite,0,0,0,0.8657277822494507,0.5543389320373535,0.42754673957824707,0.01251108106225729,0.005603204946964979
VTM-000550,DG-d6c4964bebe0,magnetite,0,0,3,0.7863817811012268,0.32124149799346924,0.06114765629172325,0.055140841752290726,0.562470018863678
VTM-000554,DG-d69aeb666d37,magnetite,0,0,0,0.8513939380645752,0.5566622614860535,0.1682623028755188,0.04861030727624893,0.2264651507139206
VTM-000560,DG-f8b487ada0f0,magnetite,0,0,3,0.721510648727417,0.19168367981910706,0.18903882801532745,0.0883912742137909,0.530886173248291
VTM-000561,DG-90ed9625cbcc,magnetite,0,0,1,0.6998146772384644,0.1466706395149231,0.35432177782058716,0.20499329268932343,0.2940143048763275
VTM-000566,DG-88a8c17089a3,magnetite,0,0,0,0.8740257620811462,0.6575707197189331,0.12081929296255112,0.020535068586468697,0.20107501745224
VTM-000571,DG-badeafbc76d2,magnetite,0,0,0,0.8525034189224243,0.5449202060699463,0.28620755672454834,0.05305908992886543,0.11581318080425262
VTM-000582,DG-0ee8078237dd,magnetite,0,0,1,0.797049880027771,0.2465907782316208,0.7216341495513916,0.008231998421251774,0.023543108254671097
VTM-000584,DG-f734cca44fe3,magnetite,0,0,0,0.8936688899993896,0.7888467311859131,0.16288410127162933,0.015619971789419651,0.03264922648668289
VTM-000590,DG-c990436be263,magnetite,0,0,0,0.8979017734527588,0.8632539510726929,0.0629027932882309,0.004580347798764706,0.06926293671131134
VTM-000601,DG-939340a3be9e,magnetite,0,0,0,0.8963245153427124,0.8367369771003723,0.07547173649072647,0.04962146282196045,0.038169778883457184
VTM-000607,DG-99ee770e1ec4,magnetite,0,0,0,0.8674447536468506,0.5916888117790222,0.3256518840789795,0.007700969930738211,0.07495828717947006
VTM-000616,DG-8627d5243277,magnetite,0,0,0,0.8953092694282532,0.821678638458252,0.12907876074314117,0.02841545268893242,0.020827187225222588
VTM-000632,DG-106e1814764b,magnetite,0,0,0,0.8929799199104309,0.7958837747573853,0.06643397361040115,0.01977461203932762,0.11790763586759567
VTM-000635,DG-0a7197b1c473,magnetite,0,0,2,0.560231626033783,0.023241102695465088,0.13424137234687805,0.8071659803390503,0.03535158187150955
VTM-000644,DG-5f2a9cfc90f1,magnetite,0,0,0,0.8188946843147278,0.4130629003047943,0.3663204610347748,0.12277357280254364,0.09784309566020966
VTM-000645,DG-1e092660f768,magnetite,0,0,0,0.8134655356407166,0.4476451277732849,0.22252428531646729,0.23231343924999237,0.09751715511083603
VTM-000651,DG-9619aff54888,magnetite,0,0,0,0.8779186010360718,0.682111918926239,0.10306555032730103,0.026879042387008667,0.1879434436559677
VTM-000654,DG-870455a260e3,magnetite,0,0,3,0.7762800455093384,0.25584954023361206,0.22730186581611633,0.03807513788342476,0.47877347469329834
VTM-000660,DG-ad58ef2bbda3,magnetite,0,0,1,0.8141031861305237,0.3851390779018402,0.46786242723464966,0.0938502624630928,0.05314819514751434
VTM-000666,DG-42d073c596a6,magnetite,0,0,1,0.6986402869224548,0.053125105798244476,0.749328076839447,0.15423162281513214,0.04331516847014427
VTM-000675,DG-a74f36131fe6,magnetite,0,0,3,0.6181774735450745,0.02600764110684395,0.051050350069999695,0.19931307435035706,0.7236289978027344
VTM-000681,DG-35c7c8b5abb3,magnetite,0,0,0,0.8955522179603577,0.9513207674026489,0.04343608394265175,0.0021118742879480124,0.003131324891000986
VTM-000695,DG-23db2eab5a9a,magnetite,0,0,0,0.8655098676681519,0.6132487654685974,0.2809130549430847,0.07301893085241318,0.032819245010614395
VTM-000710,DG-73f5251f3a0d,magnetite,0,0,0,0.8945530652999878,0.7703670859336853,0.19894158840179443,0.012426957488059998,0.018264418467879295
VTM-000711,DG-94a4562acff5,magnetite,0,0,0,0.8970015048980713,0.9265667796134949,0.06449855864048004,0.0005171934608370066,0.008417520672082901
VTM-000713,DG-e7526efc7838,magnetite,0,0,0,0.8772285580635071,0.6451183557510376,0.26373744010925293,0.03600805997848511,0.055136214941740036
VTM-000719,DG-4b0e141be02b,magnetite,0,0,1,0.7367273569107056,0.08236369490623474,0.8641838431358337,0.015313882380723953,0.038138579577207565
VTM-000723,DG-511bc90a21cd,magnetite,0,0,0,0.8894160985946655,0.7580461502075195,0.09487985074520111,0.007780271116644144,0.13929371535778046
VTM-000734,DG-7943e07eda8b,magnetite,0,0,3,0.6241019368171692,0.012333150953054428,0.0019772795494645834,0.020520135760307312,0.9651694297790527
VTM-000738,DG-acfec52406c0,magnetite,0,0,1,0.8005269169807434,0.2151968628168106,0.7742452621459961,0.008330524899065495,0.0022273727227002382
VTM-000744,DG-51c20dbdad13,magnetite,0,0,0,0.8749497532844543,0.6761868596076965,0.2641674280166626,0.006035812199115753,0.05360984057188034
VTM-000749,DG-9d6f8b7cd056,magnetite,0,0,0,0.8925929069519043,0.7812603116035461,0.11917543411254883,0.031307119876146317,0.0682571604847908
VTM-000751,DG-3d9dc0979618,magnetite,0,0,1,0.7980177998542786,0.35250845551490784,0.4978851079940796,0.07379322499036789,0.07581320405006409
VTM-000753,DG-7598f8d56a09,magnetite,0,0,0,0.8855152130126953,0.6686354279518127,0.26673588156700134,0.004099479876458645,0.060529258102178574
VTM-000754,DG-a5308d80eb1e,magnetite,0,0,2,0.5134559273719788,0.00063366285758093,0.037348423153162,0.9595813751220703,0.0024365524295717478
VTM-000764,DG-f1908d5df853,magnetite,0,0,0,0.8905996680259705,0.7734124660491943,0.12284602224826813,0.05617257207632065,0.04756900668144226
VTM-000765,DG-3ce0b36731d7,magnetite,0,0,0,0.8987712860107422,0.8902809619903564,0.08650361746549606,0.011105918325483799,0.012109437957406044
VTM-000767,DG-b58c9f9e67a7,magnetite,0,0,0,0.8911219835281372,0.7105663418769836,0.2745167016983032,0.003532405709847808,0.011384592391550541
VTM-000770,DG-ddef072441c7,magnetite,0,0,1,0.6936913132667542,0.025415992364287376,0.8526526689529419,0.01144317165017128,0.1104881763458252
VTM-000774,DG-4344ec37eaf0,magnetite,0,0,0,0.8547430634498596,0.5579825639724731,0.3113287687301636,0.06051396578550339,0.0701747015118599
VTM-000782,DG-c2d5781a014e,magnetite,0,0,1,0.709481418132782,0.008114692755043507,0.9703337550163269,0.01581437513232231,0.0057372162118554115
VTM-000785,DG-63c201539c7b,magnetite,0,0,3,0.6040909290313721,0.021892331540584564,0.23698338866233826,0.21047452092170715,0.5306497812271118
VTM-000801,DG-e9839908fe36,magnetite,0,0,1,0.7432495951652527,0.19459211826324463,0.4851799011230469,0.10526631772518158,0.21496163308620453
VTM-000803,DG-9a9234085770,magnetite,0,0,0,0.815559446811676,0.4490833282470703,0.3104400932788849,0.14254990220069885,0.09792666137218475
VTM-000804,DG-36f41fac9a42,magnetite,0,0,0,0.893365740776062,0.7962813973426819,0.12386398017406464,0.026451239362359047,0.05340340733528137
VTM-000811,DG-1220f8569f0c,magnetite,0,0,0,0.838356614112854,0.5290034413337708,0.20778603851795197,0.06407523155212402,0.19913525879383087
VTM-000821,DG-1057be1a7c8a,magnetite,0,0,0,0.8874783515930176,0.9953933954238892,0.0019779938738793135,7.163939881138504e-05,0.0025569640565663576
VTM-000828,DG-7c561f5d11ca,magnetite,0,0,1,0.7052807211875916,0.020513273775577545,0.9087592363357544,0.02729243040084839,0.04343508183956146
VTM-000843,DG-6efd90c3e13c,magnetite,0,0,0,0.8806490302085876,0.6684779524803162,0.26537156105041504,0.032742612063884735,0.033407919108867645
VTM-000846,DG-df1c722de400,magnetite,0,0,0,0.8607450127601624,0.5657021403312683,0.24768340587615967,0.10673943161964417,0.07987507432699203
VTM-000855,DG-bd37ade00a53,magnetite,0,0,3,0.7301086187362671,0.1711840033531189,0.018425973132252693,0.005424489267170429,0.8049654960632324
VTM-000874,DG-a7d122d49764,magnetite,0,0,0,0.8927582502365112,0.9679286479949951,0.0285861324518919,0.000697007984854281,0.0027882906142622232
VTM-000876,DG-1f9b1f9113dd,magnetite,0,0,0,0.8960037231445312,0.9406922459602356,0.030939357355237007,0.006016514264047146,0.02235184982419014
VTM-000879,DG-3d7eadac6d8d,magnetite,0,0,0,0.8881005644798279,0.7464354634284973,0.20012229681015015,0.02100481279194355,0.03243744745850563
VTM-000893,DG-dfe6d03394c5,magnetite,0,0,3,0.7726895213127136,0.3047608733177185,0.13420437276363373,0.02165963500738144,0.5393750667572021
VTM-000896,DG-031f3b0c48c1,magnetite,0,0,3,0.6503580212593079,0.07070691138505936,0.08444803208112717,0.2265370488166809,0.6183080673217773
VTM-000904,DG-07ad539d2e2a,magnetite,0,0,0,0.886576235294342,0.7340719699859619,0.1657465100288391,0.04457340016961098,0.055608123540878296
VTM-000906,DG-fe30e68f161c,magnetite,0,0,1,0.6946614980697632,0.05540696531534195,0.7182305455207825,0.1729995310306549,0.053363069891929626
VTM-000911,DG-fcd10f6fe6ef,magnetite,0,0,2,0.6546579599380493,0.09439234435558319,0.3764857053756714,0.46024709939956665,0.06887490302324295
VTM-000912,DG-06fccb2adcda,magnetite,0,0,1,0.7079324722290039,0.1739891916513443,0.4131655991077423,0.1858125776052475,0.22703266143798828
VTM-000915,DG-2e391d98d6b0,magnetite,0,0,0,0.8814455270767212,0.7223809957504272,0.16492752730846405,0.031019302085042,0.08167226612567902
VTM-000916,DG-c36987988ec5,magnetite,0,0,0,0.8882272243499756,0.757743239402771,0.14781375229358673,0.016525274142622948,0.0779176652431488
VTM-000917,DG-7e4620e7d677,magnetite,0,0,2,0.6490267515182495,0.09415201097726822,0.29247963428497314,0.511077344417572,0.10229095816612244
VTM-000919,DG-e093a55c5608,magnetite,0,0,3,0.8146776556968689,0.3946571350097656,0.17625372111797333,0.00687237037345767,0.4222167730331421
VTM-000925,DG-7bde1cba2701,magnetite,0,0,0,0.8636434078216553,0.6165644526481628,0.1864103227853775,0.126357302069664,0.07066787779331207
VTM-000926,DG-42e9164b4f2a,magnetite,0,0,0,0.8970916271209717,0.8436858057975769,0.10651001334190369,0.003239499870687723,0.046564701944589615
VTM-000927,DG-2d91e78bf98a,magnetite,0,0,1,0.8174400925636292,0.3610364496707916,0.5603294968605042,0.010102039203047752,0.06853193044662476
VTM-000930,DG-a39cd1739153,magnetite,0,0,0,0.8909797072410583,0.7714849710464478,0.0785880833864212,0.010734129697084427,0.13919277489185333
VTM-000931,DG-b8e13ca0cc72,magnetite,0,0,0,0.8988416790962219,0.8781799077987671,0.08254887908697128,0.007768527138978243,0.03150267153978348
VTM-000937,DG-0f89ce89ad6d,magnetite,0,0,1,0.7577723860740662,0.2663814127445221,0.4206690788269043,0.08559618145227432,0.2273533195257187
VTM-000940,DG-dcc3ee1f5386,magnetite,0,0,0,0.8278089165687561,0.4849023222923279,0.13334372639656067,0.085823193192482,0.29593077301979065
VTM-000942,DG-ce8e860c69dd,magnetite,0,0,0,0.8710855841636658,0.6049069166183472,0.27228492498397827,0.021312253549695015,0.10149596631526947
VTM-000961,DG-e0491f2bf943,magnetite,0,0,1,0.8545122742652893,0.4518984258174896,0.49716001749038696,0.012315899133682251,0.038625653833150864
VTM-000964,DG-bf33035fb162,magnetite,0,0,0,0.8975045680999756,0.8420903086662292,0.10740836709737778,0.010561714880168438,0.03993955999612808
VTM-000966,DG-3901d27052ca,magnetite,0,0,0,0.898234486579895,0.9020001888275146,0.05207411199808121,0.005288672633469105,0.04063704237341881
VTM-000969,DG-ce6c2900638e,magnetite,0,0,0,0.8771641850471497,0.6426070332527161,0.3047717213630676,0.009066829457879066,0.04355446621775627
VTM-000970,DG-444b324739f5,magnetite,0,0,0,0.8209984302520752,0.44298192858695984,0.13424073159694672,0.07218226790428162,0.3505951166152954
VTM-000973,DG-0b135def70f5,magnetite,0,0,0,0.8853774666786194,0.7298220992088318,0.053253527730703354,0.01161755807697773,0.20530682802200317
VTM-000975,DG-322e5cd29fe8,magnetite,0,0,0,0.86174476146698,0.6080777049064636,0.06986857950687408,0.12540873885154724,0.19664491713047028
VTM-000981,DG-7618d529f7f5,magnetite,0,0,1,0.673748791217804,0.0711594820022583,0.5281888246536255,0.3892098069190979,0.011441903188824654
VTM-000987,DG-903f97fc0367,magnetite,0,0,1,0.8504073023796082,0.4617849886417389,0.510306715965271,0.011604834347963333,0.01630348153412342
VTM-000993,DG-fdfa7c7266b9,magnetite,0,0,1,0.7535002827644348,0.23731882870197296,0.500578761100769,0.11338543146848679,0.1487169861793518
VTM-000999,DG-d9cb3882af34,magnetite,0,0,0,0.8974553942680359,0.8828111290931702,0.06623366475105286,0.002357540652155876,0.04859767481684685
VTM-001012,DG-2c6dec8ca7f9,magnetite,0,0,1,0.6482023596763611,0.06736316531896591,0.354813814163208,0.2764129638671875,0.30141007900238037
VTM-001019,DG-7bd1b6bc7ec6,magnetite,0,0,0,0.8827986717224121,0.7249011397361755,0.13508954644203186,0.014059541746973991,0.12594975531101227
VTM-001021,DG-5aa237ea1fa2,magnetite,0,0,2,0.728660523891449,0.21459618210792542,0.04856613650918007,0.5167536735534668,0.2200840562582016
VTM-001029,DG-9033b8dfa588,magnetite,0,0,0,0.8929533958435059,0.8013567924499512,0.08371756225824356,0.032430268824100494,0.08249541372060776
VTM-001040,DG-c6c321e98c34,magnetite,0,0,0,0.7751496434211731,0.34678784012794495,0.2742737829685211,0.1839323192834854,0.19500605762004852
VTM-001041,DG-e50d9188d429,magnetite,0,0,1,0.8523247838020325,0.4684089124202728,0.48770320415496826,0.010636869817972183,0.03325100243091583
VTM-001042,DG-c37b534b6448,magnetite,0,0,1,0.7340095043182373,0.04200976341962814,0.9508327841758728,0.004231610801070929,0.0029258057475090027
VTM-001048,DG-294a75101264,magnetite,0,0,1,0.811333417892456,0.40943458676338196,0.4156877398490906,0.15709343552589417,0.0177842415869236
VTM-001049,DG-fd9699cff34d,magnetite,0,0,1,0.7419507503509521,0.2747485041618347,0.36941468715667725,0.22691302001476288,0.12892377376556396
VTM-001056,DG-ba5ec5b88c08,magnetite,0,0,1,0.7433295845985413,0.10999277979135513,0.7872397899627686,0.017997007817029953,0.08477038145065308
VTM-001057,DG-21ea50fc5028,magnetite,0,0,0,0.8780899047851562,0.6677592396736145,0.2607848346233368,0.04138375073671341,0.030072202906012535
VTM-001067,DG-f54efc24a0ef,magnetite,0,0,0,0.8759803175926208,0.6651872992515564,0.09904348850250244,0.039238568395376205,0.19653071463108063
VTM-001069,DG-062abef62047,magnetite,0,0,1,0.799146294593811,0.25634196400642395,0.7168643474578857,0.008662242442369461,0.018131442368030548
VTM-001070,DG-02185085c8ae,magnetite,0,0,1,0.7770113945007324,0.2171812802553177,0.6325943470001221,0.02084582857787609,0.1293785572052002
VTM-001071,DG-87a01d60685b,magnetite,0,0,0,0.8511544466018677,0.5507006645202637,0.14751295745372772,0.04829828441143036,0.25348803400993347
VTM-001080,DG-2ced1c21c3c2,magnetite,0,0,0,0.8964017033576965,0.8430416584014893,0.04703257232904434,0.0008487925515510142,0.10907692462205887
VTM-001084,DG-0e9d9a99571e,magnetite,0,0,0,0.8976752161979675,0.8301078081130981,0.1455274522304535,0.0042845807038247585,0.020080164074897766
VTM-001090,DG-42ea8e76a008,magnetite,0,0,0,0.7883346080780029,0.4046397805213928,0.11643694341182709,0.13308016955852509,0.3458431661128998
VTM-001095,DG-caaccc43116b,magnetite,0,0,0,0.8976501822471619,0.8673036694526672,0.05742519721388817,0.027459215372800827,0.0478118397295475
VTM-001101,DG-308848cdb01d,magnetite,0,0,1,0.8164281249046326,0.37252309918403625,0.42720353603363037,0.04734644293785095,0.1529269516468048
VTM-001103,DG-48b1b8c499c8,magnetite,0,0,1,0.7950960993766785,0.31548190116882324,0.48573926091194153,0.07990606874227524,0.11887277662754059
VTM-001105,DG-a4f589be876a,magnetite,0,0,0,0.8813650608062744,0.7002968192100525,0.17476902902126312,0.0032807153183966875,0.12165340781211853
VTM-001106,DG-875f97ea9cfa,magnetite,0,0,1,0.8408546447753906,0.4525538682937622,0.49076080322265625,0.00880967266857624,0.047875676304101944
VTM-001107,DG-ceb789ebbe88,magnetite,0,0,0,0.7952301502227783,0.3981066048145294,0.1705910712480545,0.2536122500896454,0.1776900589466095
VTM-001111,DG-25ca3871af31,magnetite,0,0,1,0.7849922776222229,0.24838091433048248,0.6362255811691284,0.0243510939180851,0.0910424217581749
VTM-001113,DG-301aafd99b38,magnetite,0,0,0,0.8141344785690308,0.4274495244026184,0.32928258180618286,0.13696467876434326,0.10630317032337189
VTM-001120,DG-0dacad7f7ee9,magnetite,0,0,2,0.5811824202537537,0.013030702248215675,0.25563278794288635,0.7263273000717163,0.005009124055504799
VTM-001130,DG-c5a6af6065c0,magnetite,0,0,1,0.6585577130317688,0.0519305020570755,0.5938903093338013,0.18800345063209534,0.16617578268051147
VTM-001143,DG-32261429f75b,magnetite,0,0,0,0.8532852530479431,0.5646096467971802,0.08962399512529373,0.10523520410060883,0.24053119122982025
VTM-001152,DG-b4000b2fa9fc,magnetite,0,0,0,0.8545397520065308,0.5322657227516174,0.37099120020866394,0.03270159289240837,0.06404148787260056
VTM-001156,DG-634890ede108,magnetite,0,0,0,0.8850428462028503,0.7297729253768921,0.17024224996566772,0.032779011875391006,0.06720579415559769
VTM-001158,DG-1de4dc8fec97,magnetite,0,0,1,0.8424553871154785,0.42406904697418213,0.5518149137496948,0.015377352014183998,0.008738691918551922
VTM-001161,DG-c57e59035121,magnetite,0,0,0,0.8625518083572388,0.5874127745628357,0.34581610560417175,0.04230298474431038,0.024468157440423965
VTM-001165,DG-2f609435c786,magnetite,0,0,1,0.7484443187713623,0.18190017342567444,0.5786617994308472,0.028685415163636208,0.2107526659965515
VTM-001166,DG-ff39aa7ef84a,magnetite,0,0,0,0.8965433239936829,0.9416840672492981,0.03640468791127205,0.008224532008171082,0.013686742633581161
VTM-001175,DG-fdd72133346b,magnetite,0,0,3,0.5979483723640442,0.018615219742059708,0.02833075262606144,0.026236791163682938,0.9268172979354858
VTM-001181,DG-cd17d016b4ae,magnetite,0,0,3,0.7052175998687744,0.13569311797618866,0.058758802711963654,0.11183549463748932,0.693712592124939
VTM-001188,DG-f6f8d37839ed,magnetite,0,0,3,0.7232764363288879,0.22074899077415466,0.17810004949569702,0.2433423399925232,0.3578086495399475
VTM-001193,DG-be73f8e30ba1,magnetite,0,0,0,0.8935277462005615,0.9711084365844727,0.009631883352994919,0.0024469865020364523,0.016812661662697792
VTM-001194,DG-d745a36f7dc6,magnetite,0,0,1,0.6450309157371521,0.0010992452735081315,0.9440281391143799,0.01354796253144741,0.041324637830257416
VTM-001200,DG-99702ce55314,magnetite,0,0,0,0.897570788860321,0.8515660762786865,0.06795487552881241,0.02461889386177063,0.055860187858343124
VTM-001202,DG-adfa41dcb198,magnetite,0,0,0,0.8984552621841431,0.8775869607925415,0.07482067495584488,0.004235670901834965,0.04335674270987511
VTM-001203,DG-7c411471435c,magnetite,0,0,0,0.897479772567749,0.925349235534668,0.06572279334068298,0.003758167615160346,0.0051697795279324055
VTM-001205,DG-6c53e1e8d2d1,magnetite,0,0,0,0.8971710801124573,0.8534224629402161,0.058531250804662704,0.03375973924994469,0.05428652465343475
VTM-001206,DG-1b0ed4f60c4e,magnetite,0,0,1,0.7545434832572937,0.19779162108898163,0.5739957094192505,0.1559496819972992,0.07226305454969406
VTM-001208,DG-85edd83dff71,magnetite,0,0,0,0.8952348828315735,0.7995070815086365,0.15244023501873016,0.020866915583610535,0.027185795828700066
VTM-001211,DG-d3bcaed802ae,magnetite,0,0,0,0.8905010223388672,0.7736169695854187,0.03881008177995682,0.008971324190497398,0.17860166728496552
VTM-001212,DG-993fdf7feb7f,magnetite,0,0,0,0.894801676273346,0.9424212574958801,0.009338004514575005,0.0010745692998170853,0.04716617986559868
VTM-001213,DG-c08d45836fcd,magnetite,0,0,1,0.726402759552002,0.07531724125146866,0.8142520189285278,0.0735914409160614,0.03683935105800629
VTM-001220,DG-b6e02e6a5f5e,magnetite,0,0,3,0.632378101348877,0.04555291309952736,0.0171799398958683,0.028833892196416855,0.908433198928833
VTM-001233,DG-6c42bba1681b,magnetite,0,0,2,0.6814289093017578,0.15315203368663788,0.1718147099018097,0.5353842377662659,0.13964903354644775
VTM-001238,DG-cc1498d4b189,magnetite,0,0,0,0.8792861700057983,0.702203094959259,0.13452643156051636,0.13164788484573364,0.031622596085071564
VTM-001242,DG-40ce2a937e56,magnetite,0,0,0,0.7936321496963501,0.36549845337867737,0.20737925171852112,0.12301640957593918,0.3041059374809265
VTM-001252,DG-77a24993f0c3,magnetite,0,0,0,0.896382749080658,0.8042334914207458,0.1662769615650177,0.015230943448841572,0.014258555136620998
VTM-001253,DG-06bfd56e789a,magnetite,0,0,1,0.735829770565033,0.11019383370876312,0.6889745593070984,0.026524662971496582,0.1743069291114807
VTM-001259,DG-0cea73103dae,magnetite,0,0,0,0.8710082173347473,0.5510340929031372,0.4206434488296509,0.0027815145440399647,0.025540966540575027
VTM-001278,DG-83b2d732c7e4,magnetite,0,0,1,0.8318807482719421,0.41178661584854126,0.47796630859375,0.019085906445980072,0.09116118401288986
VTM-001279,DG-1b3bc4362fe0,magnetite,0,0,1,0.7991287708282471,0.2343631088733673,0.7460336089134216,0.0034254430793225765,0.016177840530872345
VTM-001297,DG-8c0c76db7f0b,magnetite,0,0,0,0.8926391005516052,0.7629918456077576,0.12833356857299805,0.003595373360440135,0.10507920384407043
VTM-001305,DG-ad49a9cbae05,magnetite,0,0,0,0.8161594271659851,0.4265020489692688,0.22632598876953125,0.10434973984956741,0.24282225966453552
VTM-001311,DG-1936b5493f0b,magnetite,0,0,1,0.7639625072479248,0.16768993437290192,0.6694926619529724,0.1291416883468628,0.03367570787668228
VTM-001314,DG-b7f859fcb495,magnetite,0,0,2,0.7577030062675476,0.236983522772789,0.02131917141377926,0.4499180018901825,0.2917793095111847
VTM-001316,DG-b041bd5a4223,magnetite,0,0,0,0.8939502835273743,0.9688066244125366,0.017578313127160072,0.00451662577688694,0.009098470211029053
VTM-001320,DG-ca6a621c508b,magnetite,0,0,0,0.8395881056785583,0.4994891881942749,0.1841001957654953,0.04493411257863045,0.27147647738456726
VTM-001321,DG-e7411971efd2,magnetite,0,0,1,0.8343601226806641,0.39832746982574463,0.5329002737998962,0.02584192156791687,0.04293037950992584
VTM-001327,DG-642c9a4e12c8,magnetite,0,0,0,0.8294508457183838,0.46352091431617737,0.13612356781959534,0.04016369208693504,0.36019185185432434
VTM-001328,DG-a9437641f549,magnetite,0,0,1,0.656437873840332,0.006667548790574074,0.8587844371795654,0.10305111110210419,0.03149693086743355
VTM-001330,DG-cb2866ff68c8,magnetite,0,0,1,0.6892262101173401,0.03031562641263008,0.8045871257781982,0.09567683190107346,0.06942042708396912
VTM-001334,DG-a4546bbfbf01,magnetite,0,0,1,0.785258412361145,0.24970604479312897,0.7155638933181763,0.01638994738459587,0.01834014430642128
VTM-001335,DG-72c75b0d27f5,magnetite,0,0,0,0.8460536003112793,0.505008339881897,0.3572622537612915,0.06925687938928604,0.06847257167100906
VTM-001338,DG-05fbe6d202fc,magnetite,0,0,0,0.8801097869873047,0.7091702222824097,0.2176714688539505,0.0392351970076561,0.033923182636499405
VTM-001339,DG-ed71d5eca4be,magnetite,0,0,0,0.8972344398498535,0.9325035810470581,0.054033637046813965,0.006828725803643465,0.006634012330323458
VTM-001344,DG-81a4fee94b84,magnetite,0,0,0,0.8890112638473511,0.7091901302337646,0.2536124885082245,0.0011357803596183658,0.03606162220239639
VTM-001345,DG-dc02ff5add68,magnetite,0,0,0,0.770599901676178,0.3328114151954651,0.25983840227127075,0.1949494183063507,0.21240070462226868
VTM-001349,DG-3419ff8591dc,magnetite,0,0,3,0.7036699056625366,0.13791461288928986,0.035546913743019104,0.15519419312477112,0.6713442802429199
VTM-001358,DG-dc86d652d8d5,magnetite,0,0,1,0.7405431866645813,0.2138507068157196,0.3959779739379883,0.12452823668718338,0.26564306020736694
VTM-001360,DG-06e482e4a9b5,magnetite,0,0,2,0.5409056544303894,0.011439317837357521,0.20970773696899414,0.6306880712509155,0.14816489815711975
VTM-001366,DG-0df11cb7037f,magnetite,0,0,0,0.8954786658287048,0.835865318775177,0.03751160204410553,0.020470384508371353,0.10615277290344238
VTM-001373,DG-1e43abaf49da,magnetite,0,0,1,0.7229341268539429,0.14694452285766602,0.6223729848861694,0.10705514252185822,0.12362734973430634
VTM-001378,DG-28273d8c2e74,magnetite,0,0,0,0.8668515086174011,0.6458872556686401,0.17369617521762848,0.026317382231354713,0.15409913659095764
VTM-001379,DG-09f401514ecd,magnetite,0,0,2,0.7364643216133118,0.24365797638893127,0.27264249324798584,0.35886484384536743,0.12483469396829605
VTM-001401,DG-153fe14c9b29,magnetite,0,0,1,0.7836583852767944,0.276452898979187,0.564287543296814,0.127751424908638,0.03150808811187744
VTM-001407,DG-4fa6df91d021,magnetite,0,0,0,0.8940414786338806,0.7955158948898315,0.14815719425678253,0.033085741102695465,0.02324121817946434
VTM-001411,DG-691f76272560,magnetite,0,0,1,0.7775377035140991,0.2539482116699219,0.6234110593795776,0.05247851833701134,0.07016218453645706
VTM-001412,DG-9300491d708f,magnetite,0,0,0,0.8971830010414124,0.9331789016723633,0.05250771716237068,0.005634653847664595,0.008678758516907692
VTM-001422,DG-4951c0589100,magnetite,0,0,1,0.7571008205413818,0.19478994607925415,0.635235071182251,0.10426388680934906,0.06571107357740402
VTM-001427,DG-8e08059bd85d,magnetite,0,0,1,0.8062372207641602,0.27910345792770386,0.6990258097648621,0.006333146709948778,0.015537659637629986
VTM-001435,DG-ead9dd3dd581,magnetite,0,0,2,0.6920555830001831,0.1734473556280136,0.194545179605484,0.45579928159713745,0.17620816826820374
VTM-001436,DG-7b12906d788f,magnetite,0,0,0,0.887365460395813,0.7398841381072998,0.10562606900930405,0.05342550948262215,0.10106424987316132
VTM-001438,DG-7255a46e94a7,magnetite,0,0,0,0.8979922533035278,0.905998170375824,0.05282817408442497,0.0035070988815277815,0.037666477262973785
VTM-001441,DG-b8b2c4f178aa,magnetite,0,0,1,0.7396429777145386,0.08406013995409012,0.8253200650215149,0.0427689403295517,0.047850899398326874
VTM-001450,DG-0e4c4508a46c,magnetite,0,0,1,0.7695833444595337,0.1703469455242157,0.6963372230529785,0.0014893030747771263,0.1318265199661255
VTM-001457,DG-42ecb1464c64,magnetite,0,0,0,0.81597501039505,0.43916627764701843,0.38956695795059204,0.12612932920455933,0.04513740912079811
VTM-001462,DG-808d97578000,magnetite,0,0,1,0.7929721474647522,0.32446542382240295,0.5495956540107727,0.07524218410253525,0.050696663558483124
VTM-001466,DG-43f42fac07e9,magnetite,0,0,0,0.8399162292480469,0.5052136182785034,0.23740175366401672,0.013080607168376446,0.24430403113365173
VTM-001467,DG-6ca2ae245829,magnetite,0,0,1,0.7535421252250671,0.12345091253519058,0.7848126888275146,0.01131262443959713,0.0804237499833107
VTM-001480,DG-79909d5f8fc7,magnetite,0,0,0,0.8341503739356995,0.4919620156288147,0.07760780304670334,0.13684099912643433,0.29358920454978943
VTM-001488,DG-4bb523166eaa,magnetite,0,0,0,0.8467174768447876,0.5263478755950928,0.22297295928001404,0.04840431734919548,0.20227479934692383
VTM-001492,DG-1dca19335664,magnetite,0,0,0,0.8838608860969543,0.7189364433288574,0.13232645392417908,0.010766073130071163,0.13797101378440857
VTM-001495,DG-18d9d165cd74,magnetite,0,0,1,0.6515896916389465,0.04381103813648224,0.6290313005447388,0.17528745532035828,0.1518702358007431
VTM-001497,DG-58104a6ef56a,magnetite,0,0,2,0.6226462721824646,0.07357734441757202,0.07294182479381561,0.5627493858337402,0.29073137044906616
VTM-001498,DG-7843e4ee19c4,magnetite,0,0,1,0.7366793155670166,0.06277042627334595,0.9207879900932312,0.012080960907042027,0.004360624589025974
VTM-001501,DG-c0b8914f591f,magnetite,0,0,0,0.8439459204673767,0.5550549626350403,0.28167954087257385,0.11244945228099823,0.05081610754132271
VTM-001502,DG-4731480706ec,magnetite,0,0,1,0.814030647277832,0.3452029228210449,0.5857776403427124,0.042087871581315994,0.02693161554634571
VTM-001505,DG-0734caba8ba3,magnetite,0,0,0,0.8647655248641968,0.558392345905304,0.36882802844047546,0.01307702250778675,0.059702593833208084
VTM-001522,DG-0d493dc0202b,magnetite,0,0,0,0.89776611328125,0.8545355796813965,0.1349460631608963,0.009007366374135017,0.0015109376981854439
VTM-001527,DG-6d1b32b7d8e6,magnetite,0,0,3,0.705015242099762,0.12424744665622711,0.1004050150513649,0.10154099762439728,0.6738065481185913
VTM-001529,DG-c875743d382f,magnetite,0,0,1,0.7205117344856262,0.025218144059181213,0.9461938142776489,0.01752905175089836,0.011058924719691277
VTM-001539,DG-9043a7af155d,magnetite,0,0,0,0.848214328289032,0.5134793519973755,0.0318947471678257,0.014408278279006481,0.44021764397621155
VTM-001540,DG-8e35d0435c17,magnetite,0,0,1,0.8290599584579468,0.40043675899505615,0.45542705059051514,0.022425789386034012,0.1217103898525238
VTM-001541,DG-42d7049a2254,magnetite,0,0,0,0.8833526372909546,0.7118319869041443,0.04647745192050934,0.013372895307838917,0.22831766307353973
VTM-001542,DG-5d9bb0931076,magnetite,0,0,2,0.7311431765556335,0.22371448576450348,0.12188351154327393,0.41142040491104126,0.24298161268234253
VTM-001546,DG-2f854626f3fb,magnetite,0,0,1,0.6741394996643066,0.019835855811834335,0.8261542320251465,0.048872850835323334,0.10513707995414734
VTM-001550,DG-895bc6badd0a,magnetite,0,0,0,0.8975393176078796,0.9214552044868469,0.07239376753568649,0.0012072017416357994,0.0049437968991696835
VTM-001551,DG-05595eff1ad3,magnetite,0,0,0,0.8763945698738098,0.6369990110397339,0.31545889377593994,0.008045941591262817,0.039496101438999176
VTM-001557,DG-e2a79cf12a7b,magnetite,0,0,0,0.8889301419258118,0.7341110110282898,0.20321840047836304,0.02568434737622738,0.03698623552918434
VTM-001566,DG-f945f9ea2c9d,magnetite,0,0,0,0.8821166157722473,0.7068783640861511,0.029263922944664955,0.013588220812380314,0.2502695322036743
VTM-001571,DG-eee01346f14d,magnetite,0,0,3,0.6122806668281555,0.03172758221626282,0.14834241569042206,0.04194197431206703,0.7779879570007324
VTM-001572,DG-37e9c947ddda,magnetite,0,0,3,0.6118938326835632,0.025511745363473892,0.06464195251464844,0.042713724076747894,0.8671325445175171
VTM-001573,DG-870586b0725b,magnetite,0,0,0,0.886875331401825,0.688944399356842,0.2966728210449219,0.008663375861942768,0.005719436798244715
VTM-001577,DG-d7517209d587,magnetite,0,0,1,0.7397500276565552,0.1711203008890152,0.5680482983589172,0.1295001357793808,0.13133122026920319
VTM-001590,DG-53944a1a1fc4,magnetite,0,0,0,0.8579708933830261,0.5698196887969971,0.3131522238254547,0.03846805915236473,0.07856003195047379
VTM-001594,DG-a4c62bed652d,magnetite,0,0,0,0.8842599391937256,0.7229177951812744,0.17580242455005646,0.03315073251724243,0.0681290328502655
VTM-001606,DG-f2b0d8788c86,magnetite,0,0,0,0.8754432797431946,0.6124458909034729,0.36187148094177246,0.0209805890917778,0.004702029749751091
VTM-001608,DG-c12cc4bec9e4,magnetite,0,0,0,0.8980154991149902,0.9104452133178711,0.0631474032998085,0.006775590591132641,0.019631749019026756
VTM-001610,DG-d76cae0825a8,magnetite,0,0,0,0.897040605545044,0.8551008105278015,0.1393420696258545,0.0011104387231171131,0.004446696490049362
VTM-001613,DG-9ea805a5c9d8,magnetite,0,0,0,0.8922322392463684,0.7825963497161865,0.201821967959404,0.0037291385233402252,0.011852636933326721
VTM-001619,DG-8a235f0d54a4,magnetite,0,0,1,0.7706639766693115,0.17477595806121826,0.7393823266029358,0.04035138338804245,0.045490339398384094
VTM-001624,DG-82e1ce080808,magnetite,0,0,0,0.8003479838371277,0.41340142488479614,0.1210496798157692,0.26164504885673523,0.20390382409095764
VTM-001629,DG-b771911d1db9,magnetite,0,0,3,0.6300087571144104,0.023165620863437653,0.019582072272896767,0.16645260155200958,0.7907997369766235
VTM-001631,DG-42529c9edd64,magnetite,0,0,1,0.7462373971939087,0.18856987357139587,0.5752996802330017,0.07926779985427856,0.15686266124248505
VTM-001640,DG-4a796e8d031b,magnetite,0,0,1,0.8520926237106323,0.44788408279418945,0.5474541783332825,0.002256212756037712,0.0024054842069745064
VTM-001642,DG-0cd61033186c,magnetite,0,0,1,0.7692082524299622,0.18905436992645264,0.7192330360412598,0.0763615295290947,0.015351057052612305
VTM-001652,DG-0ded931af025,magnetite,0,0,1,0.7923010587692261,0.3499829173088074,0.42536258697509766,0.18494382500648499,0.03971068561077118
VTM-001656,DG-cae810603d55,magnetite,0,0,0,0.8710082173347473,0.6487197279930115,0.09227554500102997,0.15932655334472656,0.09967821836471558
VTM-001660,DG-d3caffd4d715,magnetite,0,0,0,0.8966197967529297,0.8378965258598328,0.1037110760807991,0.009259725920855999,0.04913264885544777
VTM-001663,DG-9659592b06c2,magnetite,0,0,0,0.8516969680786133,0.5405727624893188,0.12887020409107208,0.015780311077833176,0.3147767186164856
VTM-001690,DG-b0fe7cb99124,titanomagnetite,0,0,0,0.8984870314598083,0.8815779685974121,0.08190450817346573,0.01686854287981987,0.019648952409625053
VTM-001694,DG-97f74c72b5b7,titanomagnetite,0,0,0,0.8770633935928345,0.6544728875160217,0.26292452216148376,0.03925732523202896,0.043345339596271515
VTM-001696,DG-cd596e924528,titanomagnetite,0,0,0,0.8940010070800781,0.9636557698249817,0.00996627751737833,0.002194115426391363,0.024183817207813263
VTM-001697,DG-a84937488bab,titanomagnetite,0,0,0,0.8902071714401245,0.7321123480796814,0.19791172444820404,0.007786241825670004,0.062189649790525436
VTM-001698,DG-181b7f3e8822,titanomagnetite,0,0,0,0.8262320756912231,0.46204185485839844,0.06292042881250381,0.038864459842443466,0.43617329001426697
VTM-001709,DG-5667dcfe048e,calcite,0,2,2,0.5321808457374573,0.000796568114310503,0.04085257276892662,0.9555678367614746,0.0027830516919493675
VTM-001726,DG-5043e5f0b3db,calcite,0,2,2,0.5285059213638306,0.0023340359330177307,0.08699767291545868,0.9032331705093384,0.007435168139636517
VTM-001729,DG-5635cbf5730b,calcite,0,2,2,0.4879637360572815,0.001979278400540352,0.04836442321538925,0.9158780574798584,0.03377822786569595
VTM-001731,DG-d2725a33a5d1,calcite,0,2,2,0.6051819920539856,0.03177861496806145,0.006168082356452942,0.7908358573913574,0.17121747136116028
VTM-001732,DG-591b08c9e873,calcite,0,2,2,0.6373383402824402,0.05649331212043762,0.06981921195983887,0.5057991147041321,0.36788836121559143
VTM-001741,DG-2884eda5c063,calcite,0,2,2,0.5196086168289185,0.0017395077738910913,0.02280881628394127,0.9660855531692505,0.009366095997393131
VTM-001744,DG-a3efb5ca3ae0,calcite,0,2,2,0.5282111167907715,0.002792229177430272,0.1016438901424408,0.8876758813858032,0.007888050749897957
VTM-001747,DG-58a2a7202e9b,calcite,0,2,2,0.4943428635597229,0.004016405437141657,0.05409989506006241,0.8855579495429993,0.05632574111223221
VTM-001748,DG-bc566074a60f,calcite,0,2,2,0.5960140228271484,0.04502417519688606,0.11205263435840607,0.7977597713470459,0.045163482427597046
VTM-001758,DG-8cb62c9ac09f,calcite,0,2,2,0.5608664751052856,0.008583202958106995,0.03887008875608444,0.9456559419631958,0.006890702992677689
VTM-001765,DG-d9f0353a1d8a,calcite,0,2,2,0.5515025854110718,0.0007897945470176637,0.014336220920085907,0.983733057975769,0.0011409252183511853
VTM-001770,DG-6c0ebc885248,calcite,0,2,2,0.5705879330635071,0.031737230718135834,0.049550727009773254,0.862766683101654,0.05594537407159805
VTM-001773,DG-8d30df6419c9,calcite,0,2,2,0.5083303451538086,0.00139042385853827,0.007709439843893051,0.9816547632217407,0.009245412424206734
VTM-001777,DG-ac56c77a4896,calcite,0,2,2,0.5299997329711914,0.00650548841804266,0.22123748064041138,0.7570673227310181,0.01518968865275383
VTM-001778,DG-08bb995679af,calcite,0,2,2,0.5058441758155823,0.0006547241937369108,0.05174436792731285,0.942706286907196,0.004894621204584837
VTM-001784,DG-afafc051d015,calcite,0,2,2,0.508661687374115,0.0001883116055978462,0.0034411679953336716,0.9932992458343506,0.0030712371226400137
VTM-001793,DG-e71672adb788,calcite,0,2,2,0.5143951773643494,0.0008779002819210291,0.07843412458896637,0.91722571849823,0.0034622550010681152
VTM-001795,DG-bd288e4af5ab,calcite,0,2,2,0.5275012850761414,0.004860331304371357,0.2886172831058502,0.6297608613967896,0.07676146924495697
VTM-001800,DG-887b6e4bf087,calcite,0,2,2,0.5084285140037537,0.00029223342426121235,0.005022716708481312,0.9926620125770569,0.0020230901427567005
VTM-001801,DG-5ed230bcaeae,calcite,0,2,2,0.5230966210365295,0.008457288146018982,0.11616306751966476,0.8379675149917603,0.03741210699081421
VTM-001803,DG-287c6c8b574c,calcite,0,2,2,0.53733229637146,0.0018583314958959818,0.01040995866060257,0.9840244054794312,0.003707260824739933
VTM-001810,DG-61f5809a780d,calcite,0,2,3,0.6516945362091064,0.0805162638425827,0.2806110382080078,0.269834041595459,0.3690387010574341
VTM-001815,DG-fab154955a5a,calcite,0,2,2,0.5131983757019043,0.0029868967831134796,0.030000854283571243,0.953249454498291,0.01376279816031456
VTM-001830,DG-0ab0b9aba8e3,calcite,0,2,2,0.5243555903434753,0.002158495830371976,0.031458668410778046,0.9587900638580322,0.0075928522273898125
VTM-001831,DG-31912d161108,calcite,0,2,2,0.514015793800354,0.0005151364021003246,0.38288673758506775,0.5725568532943726,0.04404132813215256
VTM-001832,DG-fa7c30f8c349,calcite,0,2,2,0.6626866459846497,0.11128479242324829,0.08521316945552826,0.5594954490661621,0.24400660395622253
VTM-001835,DG-4b4f4e467f8a,calcite,0,2,2,0.5895679593086243,0.03177286684513092,0.0359172523021698,0.7969359159469604,0.13537399470806122
VTM-001839,DG-9a5c0c5a1717,calcite,0,2,2,0.5548321604728699,0.001420926651917398,0.15890604257583618,0.8378703594207764,0.0018027110490947962
VTM-001842,DG-c62fba3016f2,calcite,0,2,2,0.659038245677948,0.12449182569980621,0.24193516373634338,0.5272461175918579,0.10632690042257309
VTM-001843,DG-f77f26be144c,calcite,0,2,2,0.576781153678894,0.0178327988833189,0.09259232133626938,0.8775210380554199,0.012053877115249634
VTM-001844,DG-4f32288eacd1,calcite,0,2,1,0.6350420713424683,0.012017028406262398,0.592598557472229,0.377180278301239,0.018204158172011375
VTM-001849,DG-55f6c7371d43,calcite,0,2,2,0.6210583448410034,0.06456948816776276,0.043922699987888336,0.5909826755523682,0.30052509903907776
VTM-001852,DG-54e91aeb86ea,calcite,0,2,2,0.4783569872379303,0.001395397586748004,0.024246348068118095,0.9264277219772339,0.047930553555488586
VTM-001856,DG-d0ae9de522c3,calcite,0,2,2,0.5355198383331299,0.004888370633125305,0.03037865087389946,0.95726478099823,0.007468247786164284
VTM-001861,DG-36af760283be,calcite,0,2,2,0.49420371651649475,0.00023707735817879438,0.0011622271267697215,0.9941202998161316,0.004480362869799137
VTM-001865,DG-a1eae64f6041,calcite,0,2,2,0.48141908645629883,5.20186877110973e-05,0.006234963424503803,0.9927972555160522,0.0009157514432445168
VTM-001867,DG-bb0c6c9154c2,calcite,0,2,2,0.5234030485153198,0.004483240656554699,0.03946603834629059,0.9401629567146301,0.015887780115008354
VTM-001868,DG-1a20fac9e758,calcite,0,2,2,0.5576810836791992,0.002494344487786293,0.2825218141078949,0.7115469574928284,0.0034368857741355896
VTM-001871,DG-2afc41e00fc4,calcite,0,2,2,0.5859677195549011,0.027257274836301804,0.08658091723918915,0.8650680780410767,0.021093718707561493
VTM-001875,DG-082d60591008,calcite,0,2,1,0.583854615688324,0.007136384956538677,0.5270383358001709,0.4394761621952057,0.02634907141327858
VTM-001889,DG-3e55fcbac659,calcite,0,2,3,0.6878759264945984,0.12950819730758667,0.05417463555932045,0.304730087518692,0.5115870833396912
VTM-001895,DG-9858479a52dd,calcite,0,2,1,0.7490589022636414,0.24473193287849426,0.4184982180595398,0.056062307208776474,0.28070753812789917
VTM-001904,DG-79624400fc84,calcite,0,2,2,0.5598804950714111,0.003369460813701153,0.07621073722839355,0.9177891612052917,0.0026306230574846268
VTM-001905,DG-3f2eab309b73,calcite,0,2,2,0.49569880962371826,0.0012540838215500116,0.012880153954029083,0.9357813000679016,0.05008440464735031
VTM-001908,DG-c402f65cd9d2,calcite,0,2,3,0.6487530469894409,0.045710042119026184,0.04313823580741882,0.08049646019935608,0.8306552767753601
VTM-001942,DG-5c736945e099,calcite,0,2,2,0.5190693140029907,0.0014025678392499685,0.017933979630470276,0.9741801023483276,0.006483337841928005
VTM-001951,DG-51ad9099a53f,calcite,0,2,2,0.48608240485191345,0.00011751826968975365,0.02014186605811119,0.9778177738189697,0.0019228667952120304
VTM-001954,DG-30341d03a931,calcite,0,2,2,0.5740487575531006,0.005758712068200111,0.287666380405426,0.6967591047286987,0.009815720841288567
VTM-001955,DG-3376dde08b37,calcite,0,2,1,0.6323728561401367,0.055750928819179535,0.4280650019645691,0.40418222546577454,0.11200179159641266
VTM-001956,DG-cac2e6eb0f46,calcite,0,2,2,0.5105782151222229,0.0003695721970871091,0.005853952839970589,0.9921796917915344,0.0015967676881700754
VTM-001958,DG-38c7067d021b,calcite,0,2,2,0.5113829970359802,0.008373985067009926,0.09140723943710327,0.8084594011306763,0.09175942838191986
VTM-001959,DG-7b3cde349dd2,calcite,0,2,2,0.5531242489814758,0.0009966393699869514,0.04977209120988846,0.947833776473999,0.0013974602334201336
VTM-001962,DG-cae5140d5d04,calcite,0,2,2,0.5342192649841309,0.0025174017064273357,0.060433901846408844,0.929593563079834,0.00745516549795866
VTM-001967,DG-91b97aea3daf,calcite,0,2,3,0.5977885127067566,0.026573939248919487,0.028248600661754608,0.05597882717847824,0.8891986608505249
VTM-001972,DG-87f47806a6ee,calcite,0,2,2,0.4942283630371094,0.00022477438324131072,0.004954765550792217,0.9925128221511841,0.0023076259531080723
VTM-001984,DG-89652f612d09,calcite,0,2,2,0.5344617962837219,0.009098316542804241,0.2651299834251404,0.6123241186141968,0.11344759166240692
VTM-001987,DG-2bd03ef1f80d,calcite,0,2,3,0.7127723693847656,0.17670083045959473,0.08161840587854385,0.24263156950473785,0.49904918670654297
VTM-001991,DG-898fe2810e90,calcite,0,2,2,0.6427791118621826,0.04941747337579727,0.06302697211503983,0.45472848415374756,0.43282705545425415
VTM-001995,DG-a819eca5f78b,calcite,0,2,2,0.5589209794998169,0.01239967904984951,0.012698374688625336,0.8808943629264832,0.09400764107704163
VTM-002001,DG-87e6b895d9f2,calcite,0,2,2,0.608214259147644,0.026905637234449387,0.4547082483768463,0.45870524644851685,0.059680864214897156
VTM-002008,DG-d4a1091cab58,calcite,0,2,2,0.5439147353172302,0.0110250823199749,0.015778038650751114,0.8774585127830505,0.09573836624622345
VTM-002012,DG-74b63d2735cc,calcite,0,2,2,0.49392133951187134,0.0026531489565968513,0.02651146426796913,0.9217010736465454,0.04913433641195297
VTM-002013,DG-e759b87cec15,calcite,0,2,2,0.5093907713890076,0.0010633942438289523,0.08669582009315491,0.9089483618736267,0.003292426932603121
VTM-002019,DG-3271d47128c6,calcite,0,2,2,0.6008540987968445,0.046023041009902954,0.19647455215454102,0.5334968566894531,0.2240055352449417
VTM-002025,DG-bf2ebb1198da,calcite,0,2,0,0.7685526609420776,0.31509894132614136,0.17935167253017426,0.22549152374267578,0.2800578773021698
VTM-002032,DG-fbd9427b3bd6,calcite,0,2,2,0.6022220253944397,0.028050854802131653,0.035756997764110565,0.6466559767723083,0.2895362377166748
VTM-002033,DG-fb8b73e9eed1,calcite,0,2,2,0.5735819935798645,0.004236177541315556,0.011993300169706345,0.9794185161590576,0.004351957701146603
VTM-002046,DG-168ff7c2fa35,feldspar,0,2,2,0.5543361902236938,0.009234853088855743,0.014872604981064796,0.9558289051055908,0.02006366290152073
VTM-002052,DG-8c6229423a18,feldspar,0,2,0,0.8454135060310364,0.5252033472061157,0.025291822850704193,0.22602498531341553,0.22347980737686157
VTM-002053,DG-fd56db2790f4,feldspar,0,2,2,0.5772408246994019,0.031226474791765213,0.1275174468755722,0.8040120601654053,0.03724406659603119
VTM-002057,DG-69efed462ca5,feldspar,0,2,2,0.6903756260871887,0.1560419499874115,0.05849333852529526,0.6056804060935974,0.17978429794311523
VTM-002058,DG-92f5f13947b3,feldspar,0,2,1,0.6677494645118713,0.013108115643262863,0.8078416585922241,0.13021261990070343,0.04883762449026108
VTM-002061,DG-d8d5a8e4adc9,feldspar,0,2,2,0.5288239121437073,0.0018978309817612171,0.019572023302316666,0.973747968673706,0.004782160744071007
VTM-002068,DG-a935bf04c969,feldspar,0,2,2,0.5578671097755432,0.0026714473497122526,0.0796353742480278,0.9143977761268616,0.003295336849987507
VTM-002073,DG-299d45bb53e3,feldspar,0,2,1,0.6485172510147095,0.04660896211862564,0.5181666016578674,0.4020959734916687,0.033128444105386734
VTM-002077,DG-7b65be4b9679,feldspar,0,2,3,0.6984092593193054,0.13631446659564972,0.05144955962896347,0.16300588846206665,0.6492301225662231
VTM-002079,DG-2c4553d781e1,feldspar,0,2,0,0.8778997659683228,0.6924378275871277,0.07552590221166611,0.03810250386595726,0.19393381476402283
VTM-002085,DG-93dd367747d7,feldspar,0,2,1,0.6550129055976868,0.038283105939626694,0.5756091475486755,0.339797705411911,0.04631001129746437
VTM-002086,DG-a8a66cab92d9,feldspar,0,2,2,0.47989797592163086,0.0008128141053020954,0.006813338026404381,0.9189556837081909,0.07341811060905457
VTM-002091,DG-cfb5f2037272,feldspar,0,2,2,0.6289477348327637,0.04017941653728485,0.027815133333206177,0.5270395278930664,0.40496593713760376
VTM-002093,DG-41defb57d166,feldspar,0,2,2,0.5824934244155884,0.03179474547505379,0.04168325662612915,0.8860739469528198,0.04044801741838455
VTM-002096,DG-47a3decdba46,feldspar,0,2,0,0.7977073788642883,0.38601553440093994,0.18284186720848083,0.28490057587623596,0.14624205231666565
VTM-002105,DG-51d39850f9eb,feldspar,0,2,2,0.490699827671051,0.0009634635644033551,0.01532343402504921,0.9599403142929077,0.023772794753313065
VTM-002106,DG-77e04d086838,feldspar,0,2,2,0.5161463618278503,0.0038101407699286938,0.031110599637031555,0.9177317023277283,0.04734756052494049
VTM-002107,DG-ac7a6b0963f8,feldspar,0,2,2,0.5367285013198853,0.009638611227273941,0.02693520486354828,0.9461327791213989,0.017293360084295273
VTM-002113,DG-065892749628,feldspar,0,2,2,0.5186877250671387,0.00020276762370485812,0.004784572869539261,0.9938898086547852,0.0011228793300688267
VTM-002117,DG-20e63845d1c5,feldspar,0,2,2,0.542415201663971,0.0015897161792963743,0.01807916909456253,0.9773296117782593,0.0030015185475349426
VTM-002119,DG-f6cfc775e0f7,feldspar,0,2,2,0.5644538998603821,0.021398339420557022,0.03552567958831787,0.8606491684913635,0.08242680132389069
VTM-002122,DG-e3fd0082ebbc,feldspar,0,2,2,0.5332918763160706,0.011799583211541176,0.10663469135761261,0.8675343990325928,0.014031358063220978
VTM-002125,DG-38ecb3b17658,feldspar,0,2,0,0.7858067154884338,0.3732460141181946,0.2642815411090851,0.22655032575130463,0.1359221339225769
VTM-002144,DG-d6dd4352276f,feldspar,0,2,2,0.5145959854125977,0.0018522940808907151,0.015542197972536087,0.9665278792381287,0.016077658161520958
VTM-002146,DG-b61f7916473e,feldspar,0,2,2,0.503330409526825,0.0028168840799480677,0.11454743146896362,0.8605920672416687,0.022043604403734207
VTM-002160,DG-c721d9903034,feldspar,0,2,2,0.5208500623703003,0.010440421290695667,0.11568668484687805,0.8174883127212524,0.05638466402888298
VTM-002164,DG-ad735c7f337e,feldspar,0,2,2,0.5210592150688171,0.004667189903557301,0.044126927852630615,0.9362512826919556,0.0149545818567276
VTM-002168,DG-2e5c91a57bab,feldspar,0,2,0,0.8271089792251587,0.45943892002105713,0.1941411942243576,0.2166130095720291,0.12980684638023376
VTM-002181,DG-d7019067d0cc,feldspar,0,2,1,0.6992471218109131,0.001811596448533237,0.9439489841461182,0.050656989216804504,0.0035823993384838104
VTM-002183,DG-2c21f60b687f,feldspar,0,2,2,0.5719396471977234,0.020466763526201248,0.03818625211715698,0.8357418775558472,0.1056051105260849
VTM-002187,DG-d31fa807352a,feldspar,0,2,2,0.5369707345962524,0.00893294345587492,0.3113875985145569,0.6145868301391602,0.06509268283843994
VTM-002196,DG-d9f272320af0,feldspar,0,2,2,0.6148266196250916,0.06313332915306091,0.046734198927879333,0.7886296510696411,0.10150279104709625
VTM-002202,DG-c04e2225b9a5,feldspar,0,2,2,0.5504192113876343,0.0020006373524665833,0.012972709722816944,0.9836044311523438,0.0014222562313079834
VTM-002203,DG-8a634a985fbb,feldspar,0,2,2,0.4935823678970337,0.0007677132962271571,0.03029877319931984,0.9610333442687988,0.007900163531303406
VTM-002211,DG-59bf77a1bee2,feldspar,0,2,2,0.5076712369918823,0.005438338965177536,0.09047654271125793,0.8651781678199768,0.03890693187713623
VTM-002235,DG-f481aeeafce1,feldspar,0,2,2,0.5969036817550659,0.03516993299126625,0.04480212926864624,0.8654253482818604,0.05460261553525925
VTM-002241,DG-bc19e24ff0e7,feldspar,0,2,2,0.7029752731323242,0.1699131578207016,0.2946677505970001,0.4742770195007324,0.061142079532146454
VTM-002246,DG-1323ace755bf,feldspar,0,2,2,0.4996385872364044,0.0017102473648265004,0.00761591549962759,0.9776029586791992,0.013070935383439064
VTM-002254,DG-51ad4def987b,feldspar,0,2,2,0.4907477796077728,0.0001445424131816253,0.006097346544265747,0.992577314376831,0.0011807868722826242
VTM-002257,DG-f048671a52b3,feldspar,0,2,2,0.518023669719696,0.008801896125078201,0.054681599140167236,0.8913249373435974,0.04519154131412506
VTM-002267,DG-b6b3dc6cb54a,feldspar,0,2,2,0.5728309750556946,0.026439819484949112,0.30621713399887085,0.6329776048660278,0.034365445375442505
VTM-002269,DG-1c17ceac47ca,feldspar,0,2,2,0.546371340751648,0.001390792545862496,0.15895278751850128,0.837495744228363,0.0021606506779789925
VTM-002270,DG-20fd5166bb61,feldspar,0,2,2,0.5918146967887878,0.0580594465136528,0.19437885284423828,0.714807391166687,0.03275430202484131
VTM-002271,DG-ffa5569ffcfd,feldspar,0,2,2,0.5247446298599243,0.0084768608212471,0.04511409252882004,0.9225674867630005,0.023841628804802895
VTM-002272,DG-8ee7a09610fa,feldspar,0,2,3,0.5732821822166443,0.008898120373487473,0.15019087493419647,0.24107888340950012,0.5998321771621704
VTM-002275,DG-9db1cdeffbcd,feldspar,0,2,2,0.5131660103797913,0.0009712371975183487,0.026918381452560425,0.9681049585342407,0.00400540791451931
VTM-002277,DG-35824c2ee6e2,feldspar,0,2,2,0.5527806878089905,0.008225760422647,0.10071361809968948,0.8838843107223511,0.0071763163432478905
VTM-002290,DG-3961b2f3475e,feldspar,0,2,1,0.6363034844398499,0.047797732055187225,0.5237348079681396,0.3524560034275055,0.0760115385055542
VTM-002293,DG-100441ccbb89,feldspar,0,2,2,0.5114395022392273,0.0010393045376986265,0.011438323184847832,0.9826719760894775,0.004850408993661404
VTM-002304,DG-d300e922c382,feldspar,0,2,2,0.5254371166229248,0.004868220537900925,0.026266492903232574,0.937400221824646,0.031465090811252594
VTM-002305,DG-389c57060916,feldspar,0,2,2,0.5271867513656616,0.007668995298445225,0.07633454352617264,0.5952954292297363,0.320701003074646
VTM-002307,DG-dd9a8c5d9f57,feldspar,0,2,2,0.5065590143203735,0.0034335325472056866,0.031033720821142197,0.9380903840065002,0.027442358434200287
VTM-002317,DG-c4186ede5ac8,feldspar,0,2,2,0.5322673320770264,0.0057211159728467464,0.23782265186309814,0.5509657263755798,0.20549046993255615
VTM-002319,DG-096e6302dea3,feldspar,0,2,2,0.50008225440979,0.0002497286768630147,0.0016938569024205208,0.9942854642868042,0.003770883660763502
VTM-002320,DG-cca48b4243d0,feldspar,0,2,2,0.4930468201637268,0.0005246619693934917,0.0450843907892704,0.9497354030609131,0.004655570723116398
VTM-002324,DG-e24f2813b7f9,feldspar,0,2,2,0.5245167016983032,0.0017858666833490133,0.00646200543269515,0.9863067865371704,0.005445325747132301
VTM-002327,DG-aa1a9a0b233e,feldspar,0,2,2,0.6221939921379089,0.06061132252216339,0.03518439829349518,0.8397806882858276,0.064423568546772
VTM-002334,DG-856685443b2c,feldspar,0,2,2,0.48311638832092285,0.0009064142359420657,0.007666419725865126,0.9724994897842407,0.01892763376235962
VTM-002339,DG-1a583f6c95e0,feldspar,0,2,2,0.5193014144897461,0.000989399035461247,0.005031983368098736,0.9904378056526184,0.0035407566465437412
VTM-002345,DG-b851572a511e,feldspar,0,2,2,0.4967838227748871,0.0005347058759070933,0.01144514512270689,0.9814746379852295,0.006545497104525566
VTM-002350,DG-44cb49f4c0db,fluorapatite,0,2,2,0.5097076892852783,0.0034140225034207106,0.078231081366539,0.8916600942611694,0.026694774627685547
VTM-002356,DG-f28cda30033c,fluorapatite,0,2,2,0.5312349796295166,0.014860030263662338,0.11691902577877045,0.8252609372138977,0.0429600328207016
VTM-002360,DG-632a18d12072,fluorapatite,0,2,1,0.6339424252510071,0.011305724270641804,0.6705725789070129,0.2769981920719147,0.041123535484075546
VTM-002363,DG-4d61e2e8c9ea,fluorapatite,0,2,2,0.5059309601783752,0.001885022851638496,0.1959129124879837,0.7932307124137878,0.008971336297690868
VTM-002376,DG-6990fca3f9fd,fluorapatite,0,2,2,0.5056375861167908,0.005541211925446987,0.13049209117889404,0.7691090106964111,0.09485769271850586
VTM-002377,DG-4949a603ee5a,fluorapatite,0,2,2,0.5413550138473511,0.0006920722080394626,0.07540467381477356,0.9220753908157349,0.0018278632778674364
VTM-002378,DG-cbe3f5d12560,fluorapatite,0,2,2,0.5622462034225464,0.028225921094417572,0.15185841917991638,0.6405279636383057,0.17938768863677979
VTM-002379,DG-7f8c0c5a6496,fluorapatite,0,2,2,0.5077775716781616,0.00048183315084315836,0.048952482640743256,0.948607325553894,0.001958295935764909
VTM-002381,DG-43040ae5be38,fluorapatite,0,2,2,0.6577224731445312,0.11816835403442383,0.2386866956949234,0.5174704194068909,0.12567457556724548
VTM-002384,DG-0980dea5bbcb,fluorapatite,0,2,2,0.5993163585662842,0.06003459170460701,0.11383144557476044,0.5760625004768372,0.2500714659690857
VTM-002399,DG-c45b552351d5,fluorapatite,0,2,2,0.5319975018501282,0.01311928778886795,0.19137483835220337,0.7474024891853333,0.04810336232185364
VTM-002402,DG-d0393f4f6983,fluorapatite,0,2,3,0.7195543646812439,0.20341619849205017,0.23914243280887604,0.14191609621047974,0.41552528738975525
VTM-002406,DG-a52784f671eb,fluorapatite,0,2,1,0.6174523830413818,0.019070271402597427,0.5585055947303772,0.3665205240249634,0.055903658270835876
VTM-002409,DG-0fd392a51bf0,fluorapatite,0,2,2,0.5536608695983887,0.022186681628227234,0.09781139343976974,0.8082195520401001,0.07178232073783875
VTM-002411,DG-aa3adabce6ec,fluorapatite,0,2,2,0.6451951861381531,0.07283224910497665,0.06437179446220398,0.44656744599342346,0.4162285327911377
VTM-002419,DG-2e0b86d9ee85,fluorapatite,0,2,2,0.5133140087127686,0.0015697944909334183,0.19580818712711334,0.795552670955658,0.007069365121424198
VTM-002426,DG-70ae871f721c,fluorapatite,0,2,2,0.6277120113372803,0.054788798093795776,0.3387465476989746,0.5548717975616455,0.0515928789973259
VTM-002429,DG-8205ac659861,fluorapatite,0,2,2,0.5426229238510132,0.0032175756059587,0.020141998305916786,0.9684011340141296,0.008239282295107841
VTM-002433,DG-fbaa772afdb1,fluorapatite,0,2,2,0.501639723777771,0.00014699611347168684,0.0033748724963515997,0.9948920011520386,0.0015860702842473984
VTM-002435,DG-e579e6d2957d,fluorapatite,0,2,2,0.4907032251358032,0.0006561476038768888,0.01189202070236206,0.9772020578384399,0.010249825194478035
VTM-002438,DG-86d5432fe9c6,fluorapatite,0,2,2,0.5400680303573608,0.0010581999085843563,0.0569467768073082,0.9385396242141724,0.00345540139824152
VTM-002443,DG-94c04c108a15,fluorapatite,0,2,2,0.5487905144691467,0.0006772943306714296,0.06043471023440361,0.9381121397018433,0.0007758963038213551
VTM-002444,DG-e64228a627d7,fluorapatite,0,2,2,0.5592285394668579,0.01370337326079607,0.3330436050891876,0.5379524827003479,0.11530052125453949
VTM-002446,DG-b686b2ab094b,fluorapatite,0,2,2,0.4980016052722931,0.0011181792942807078,0.027947179973125458,0.964400053024292,0.0065346066839993
VTM-002449,DG-89eb6a8ca65b,fluorapatite,0,2,1,0.5835645794868469,0.014320636168122292,0.4235686659812927,0.41051191091537476,0.15159872174263
VTM-002451,DG-c9f661bdfc44,fluorapatite,0,2,2,0.5008431673049927,0.0010601879330351949,0.2609812617301941,0.7218021154403687,0.01615646481513977
VTM-002465,DG-c6e686d5bace,fluorapatite,0,2,2,0.5050998330116272,0.0001391461119055748,0.00594237819314003,0.9922052025794983,0.0017132682260125875
VTM-002467,DG-df56414c7ac1,fluorapatite,0,2,2,0.5319389700889587,0.004291029646992683,0.1253974288702011,0.8573626279830933,0.012948954477906227
VTM-002475,DG-9091fc6cb922,fluorapatite,0,2,2,0.5783082246780396,0.0029241780284792185,0.39158695936203003,0.5997270345687866,0.005761888809502125
VTM-002477,DG-3cb38ff90f45,fluorapatite,0,2,2,0.5085130333900452,0.0003305888967588544,0.08591806143522263,0.9114445447921753,0.002306802663952112
VTM-002482,DG-022e0ba12b56,fluorapatite,0,2,1,0.6077470779418945,0.013967394828796387,0.4947606027126312,0.21094226837158203,0.28032973408699036
VTM-002484,DG-b689aa9a20d4,fluorapatite,0,2,2,0.4806332290172577,0.0006459797150455415,0.20159268379211426,0.7223508954048157,0.07541044056415558
VTM-002488,DG-1fbba0246cb5,fluorapatite,0,2,2,0.6043522953987122,0.039250072091817856,0.012536062858998775,0.9293179512023926,0.018895937129855156
VTM-002501,DG-d2f3fad193f6,fluorapatite,0,2,2,0.48173534870147705,0.0007707016775384545,0.01228219736367464,0.9639522433280945,0.022994879633188248
VTM-002502,DG-691af9ea3c83,fluorapatite,0,2,2,0.5468036532402039,0.0018394850194454193,0.026247188448905945,0.9693169593811035,0.0025963285006582737
VTM-002506,DG-df09e3ebcb22,fluorapatite,0,2,0,0.883812665939331,0.7269647121429443,0.09813245385885239,0.015890561044216156,0.1590123474597931
VTM-002511,DG-acfa5bbc9fc2,fluorapatite,0,2,2,0.5547513961791992,0.0007097125053405762,0.017092999070882797,0.9805905818939209,0.0016067150281742215
VTM-002514,DG-6b354123b89f,fluorapatite,0,2,2,0.4973883032798767,0.0004095041658729315,0.1326833963394165,0.8621416091918945,0.004765481688082218
VTM-002518,DG-f17c54399b5a,fluorapatite,0,2,2,0.5204319953918457,0.0005446742288768291,0.012657200917601585,0.9832485914230347,0.0035495427437126637
VTM-002519,DG-429781daa88f,fluorapatite,0,2,2,0.5673328042030334,0.012961800210177898,0.014505419880151749,0.9521493315696716,0.020383449271321297
VTM-002525,DG-dabc93460fe3,fluorapatite,0,2,1,0.6510065197944641,0.027697764337062836,0.6763052344322205,0.13232897222042084,0.16366803646087646
VTM-002529,DG-aed4677afb88,fluorapatite,0,2,2,0.511208176612854,0.004284242168068886,0.10313821583986282,0.7485949993133545,0.14398252964019775
VTM-002535,DG-4a0123fe1eb9,fluorapatite,0,2,2,0.5577586889266968,0.020248498767614365,0.2519209384918213,0.6242388486862183,0.10359163582324982
VTM-002540,DG-0918bf701a82,fluorapatite,0,2,2,0.5636875629425049,0.00034798908745869994,0.009322910569608212,0.9898099899291992,0.0005190884694457054
VTM-002551,DG-b4df31af3ff3,fluorapatite,0,2,0,0.8983379602432251,0.9100830554962158,0.07402404397726059,0.008244194090366364,0.007648767437785864
VTM-002556,DG-8038caa5c793,fluorapatite,0,2,2,0.5701563358306885,0.007273086812347174,0.4266517758369446,0.5360937118530273,0.029981449246406555
VTM-002559,DG-b40096cb2674,fluorapatite,0,2,2,0.5223214626312256,8.328979311045259e-05,0.02259068563580513,0.9769311547279358,0.00039486843161284924
VTM-002566,DG-da683ce1a5e0,fluorapatite,0,2,2,0.5833107233047485,0.011076066642999649,0.3531041443347931,0.6223118305206299,0.013508036732673645
VTM-002570,DG-06b7293c4bf4,fluorapatite,0,2,1,0.5653411149978638,0.0029713911935687065,0.5157802700996399,0.3974341154098511,0.08381423354148865
VTM-002577,DG-a6dc8eb14bc3,fluorapatite,0,2,3,0.6881345510482788,0.122026227414608,0.1424446851015091,0.10991714149713516,0.6256119012832642
VTM-002580,DG-e3d751c5769d,fluorapatite,0,2,2,0.5546966791152954,0.008757718838751316,0.0169177558273077,0.9566665887832642,0.017657948657870293
VTM-002594,DG-173a6b0ad21a,fluorapatite,0,2,2,0.5053027868270874,0.0010363690089434385,0.06962168216705322,0.9219510555267334,0.007390906102955341
VTM-002595,DG-3bbe07533535,fluorapatite,0,2,2,0.5589039921760559,0.005557592958211899,0.36543577909469604,0.6176717281341553,0.011334884911775589
VTM-002601,DG-bce24eb203c7,fluorapatite,0,2,2,0.5459313988685608,0.0078786201775074,0.11482369899749756,0.8583570718765259,0.018940558657050133
VTM-002615,DG-937456083f0f,fluorapatite,0,2,2,0.554247260093689,0.016531767323613167,0.23789142072200775,0.5801851749420166,0.16539160907268524
VTM-002624,DG-ebe5477d9d4e,fluorapatite,0,2,2,0.7494990229606628,0.28483521938323975,0.19149398803710938,0.4806496798992157,0.04302111268043518
VTM-002629,DG-c049ed768645,fluorapatite,0,2,2,0.5578243136405945,0.00045129936188459396,0.0034245247952640057,0.9948922395706177,0.001231977017596364
VTM-002633,DG-90bbebd261ac,fluorapatite,0,2,2,0.5072382688522339,0.0005364005919545889,0.009764294140040874,0.9869952201843262,0.0027040333952754736
VTM-002634,DG-c78196f43dde,fluorapatite,0,2,2,0.5151001811027527,0.005539148114621639,0.07533247768878937,0.890468955039978,0.0286593958735466
VTM-002635,DG-08ba49dd32f8,fluorapatite,0,2,1,0.6340987682342529,0.00046043976908549666,0.9354443550109863,0.03599680960178375,0.028098370879888535
VTM-002637,DG-49f9ce893fdb,fluorapatite,0,2,2,0.7650393843650818,0.28144747018814087,0.08435062319040298,0.5044462084770203,0.12975573539733887
VTM-002639,DG-d59be955cb06,fluorapatite,0,2,2,0.569520115852356,0.0030130413360893726,0.029264096170663834,0.9653836488723755,0.0023392154835164547
VTM-002641,DG-11fad6d5929c,fluorapatite,0,2,2,0.5296542048454285,0.007447022944688797,0.13620665669441223,0.8389397859573364,0.017406480386853218
VTM-002646,DG-f677d90ff131,fluorapatite,0,2,2,0.5551534295082092,0.0015084859915077686,0.024560149759054184,0.9708722829818726,0.003059119451791048
VTM-002656,DG-4383e5fea250,fluorapatite,0,2,2,0.5133958458900452,0.009790517389774323,0.07704920321702957,0.8770477771759033,0.036112502217292786
VTM-002667,DG-f757c41d7081,fluorapatite,0,2,2,0.5844258666038513,0.025689851492643356,0.06400655955076218,0.8797398805618286,0.03056369721889496
VTM-002669,DG-94d163b6955c,fluorapatite,0,2,0,0.8039840459823608,0.39654141664505005,0.18899467587471008,0.13417139649391174,0.2802925109863281
VTM-002672,DG-541249a33c15,fluorapatite,0,2,2,0.5152677893638611,0.006996958516538143,0.054859764873981476,0.8945378065109253,0.04360543191432953
VTM-002684,DG-d01a6509ec5e,fluorapatite,0,2,2,0.5377426147460938,0.002162323333323002,0.008055707439780235,0.9842371940612793,0.005544744897633791
VTM-002685,DG-2371f5e69821,fluorapatite,0,2,2,0.5026042461395264,0.000918744713999331,0.2777395248413086,0.7058365345001221,0.015505202114582062
VTM-002687,DG-283391bf5821,fluorapatite,0,2,2,0.47041523456573486,0.0005370407598093152,0.019325021654367447,0.9411775469779968,0.03896040841937065
VTM-002691,DG-949d61a3561e,fluorapatite,0,2,1,0.5807409286499023,0.01124726515263319,0.4592028260231018,0.42487475275993347,0.10467517375946045
VTM-002692,DG-cdf7d6c07e83,fluorapatite,0,2,2,0.5037919282913208,0.0007600270910188556,0.013704735785722733,0.9717512130737305,0.013784054666757584
VTM-002697,DG-18f828d9814e,fluorapatite,0,2,2,0.4698665738105774,0.00025507473037578166,0.006522270850837231,0.9750887155532837,0.018133917823433876
VTM-002702,DG-29f2ca53ef94,fluorapatite,0,2,2,0.498683363199234,0.0032391001004725695,0.0674581527709961,0.8969362378120422,0.03236653655767441
VTM-002705,DG-a45e2458cc11,fluorapatite,0,2,2,0.5106104612350464,0.004195462912321091,0.022928044199943542,0.7774804830551147,0.19539600610733032
VTM-002706,DG-0d92fb7cb95e,fluorapatite,0,2,3,0.6642917394638062,0.05912601202726364,0.02458992786705494,0.15921315550804138,0.7570708990097046
VTM-002708,DG-e6a42d9d99b7,fluorapatite,0,2,2,0.4739176630973816,0.0017259079031646252,0.0919586569070816,0.8509369492530823,0.05537848919630051
VTM-002709,DG-f9d90ea3eb02,fluorapatite,0,2,2,0.5671694874763489,0.016613395884633064,0.3124629259109497,0.5420984625816345,0.12882524728775024
VTM-002726,DG-83cfe2ace11e,fluorapatite,0,2,2,0.621554434299469,0.040340255945920944,0.35448551177978516,0.5900726318359375,0.015101591125130653
VTM-002727,DG-c3b7204f25c6,fluorapatite,0,2,2,0.5371193289756775,0.005914227105677128,0.27455610036849976,0.7043765783309937,0.015153095126152039
VTM-002731,DG-3edc0f696a60,fluorapatite,0,2,2,0.5562906861305237,0.0034963374491780996,0.004332751035690308,0.9815483093261719,0.010622529312968254
VTM-002732,DG-3fde00040150,fluorapatite,0,2,1,0.613867461681366,0.02435413934290409,0.4648287296295166,0.4536933898925781,0.05712372064590454
VTM-002733,DG-da2ce27c52e8,fluorapatite,0,2,2,0.5704543590545654,0.0015560121973976493,0.3234364986419678,0.6734621524810791,0.0015453100204467773
VTM-002734,DG-d7b7ee90f035,fluorapatite,0,2,2,0.5603529810905457,0.0016010007821023464,0.3323788642883301,0.6617882251739502,0.0042318906635046005
VTM-002743,DG-99025d3d8d5d,fluorapatite,0,2,2,0.5079294443130493,0.003764600493013859,0.18388664722442627,0.7693005204200745,0.04304821789264679
VTM-002745,DG-21cf25dd1974,fluorapatite,0,2,2,0.5447763800621033,0.006244168151170015,0.09647327661514282,0.8859973549842834,0.0112852081656456
VTM-002752,DG-43133dfa71c9,fluorapatite,0,2,1,0.6634042859077454,0.02808762714266777,0.6189915537834167,0.3482861816883087,0.004634678363800049
VTM-002764,DG-776225aa1e4c,fluorapatite,0,2,2,0.5561213493347168,0.0009778222301974893,0.050337113440036774,0.94724041223526,0.0014445893466472626
VTM-002766,DG-ff21086b640f,fluorapatite,0,2,2,0.51224285364151,0.0005380491493269801,0.0406201109290123,0.9569376707077026,0.0019042163621634245
VTM-002767,DG-9d024c10251f,fluorapatite,0,2,2,0.5846371054649353,0.031243573874235153,0.18411624431610107,0.7657274603843689,0.018912706524133682
VTM-002771,DG-272c62f09ed9,fluorapatite,0,2,1,0.6645311713218689,0.06041093170642853,0.5192926526069641,0.37651920318603516,0.04377724230289459
VTM-002772,DG-be4ab2bcc955,fluorapatite,0,2,2,0.6772043108940125,0.13799363374710083,0.2292861044406891,0.40218624472618103,0.23053404688835144
VTM-002781,DG-46e771570fcc,fluorapatite,0,2,2,0.5336635112762451,0.01120394840836525,0.1791800558567047,0.6698307991027832,0.13978517055511475
VTM-002785,DG-4469f02a60a8,fluorapatite,0,2,2,0.5580134391784668,0.0026700422167778015,0.03418653458356857,0.958210289478302,0.004933161661028862
VTM-002790,DG-e68a1a5c5b3a,fluorapatite,0,2,2,0.5483130216598511,0.000958083663135767,0.011292790994048119,0.9858652949333191,0.001883842283859849
VTM-002807,DG-69def72eb9e9,fluorapatite,0,2,2,0.7562775611877441,0.2671528458595276,0.06422776728868484,0.3364119529724121,0.33220744132995605
VTM-002823,DG-2736a493772c,fluorapatite,0,2,2,0.6851624250411987,0.1394982635974884,0.07733165472745895,0.7098007798194885,0.07336938381195068
VTM-002825,DG-72c1ed9d3742,fluorapatite,0,2,2,0.5140297412872314,0.006186875980347395,0.03528609871864319,0.9100606441497803,0.04846639931201935
VTM-002836,DG-52b433221a61,fluorapatite,0,2,2,0.5245249271392822,0.008231881074607372,0.06285465508699417,0.8955193758010864,0.03339414298534393
VTM-002837,DG-80b30b3877a9,fluorapatite,0,2,2,0.5524212121963501,0.00644854549318552,0.06586245447397232,0.9117782115936279,0.01591079868376255
VTM-002843,DG-6cf9e43f18ec,fluorapatite,0,2,2,0.5518805980682373,0.00037119147600606084,0.027482807636260986,0.9713939428329468,0.0007520436774939299
VTM-002868,DG-36c6aeaf573b,fluorapatite,0,2,2,0.5583648681640625,0.012169323861598969,0.055693693459033966,0.9167239665985107,0.015413048677146435
VTM-002871,DG-df382346e67f,fluorapatite,0,2,2,0.5896980166435242,0.0412960946559906,0.16186833381652832,0.7194253206253052,0.07741028070449829
VTM-002877,DG-8a907223c66e,fluorapatite,0,2,2,0.5221007466316223,0.0010013978462666273,0.0258711539208889,0.970596969127655,0.002530509140342474
VTM-002883,DG-36aae56870fe,pyroxene,0,2,2,0.5692457556724548,0.013012760318815708,0.018395505845546722,0.9434206485748291,0.025171104818582535
VTM-002889,DG-eab811b126b9,pyroxene,0,2,2,0.5512144565582275,0.0022520292550325394,0.10577863454818726,0.8896435499191284,0.0023257622960954905
VTM-002890,DG-11491d7706ee,pyroxene,0,2,2,0.5612385869026184,0.004398995079100132,0.3968176245689392,0.5887360572814941,0.010047366842627525
VTM-002897,DG-2d0fc3c5c9d3,pyroxene,0,2,2,0.5300992131233215,0.00711393728852272,0.013695351779460907,0.9466479420661926,0.03254275768995285
VTM-002905,DG-e77a1968fdac,pyroxene,0,2,2,0.6540199518203735,0.10125584900379181,0.1837865263223648,0.6055353879928589,0.10942220687866211
VTM-002906,DG-b16fad4d3847,pyroxene,0,2,2,0.5745393633842468,0.011354268528521061,0.4329908788204193,0.5197652578353882,0.035889580845832825
VTM-002908,DG-4cb62f3b3d05,pyroxene,0,2,2,0.6017677187919617,0.023494133725762367,0.31564363837242126,0.6530473232269287,0.007814926095306873
VTM-002916,DG-1c7371bdcb66,pyroxene,0,2,2,0.5077861547470093,0.003827977692708373,0.1128176599740982,0.6871886253356934,0.19616569578647614
VTM-002925,DG-be861e30956d,pyroxene,0,2,2,0.5080764889717102,0.00219298480078578,0.15846645832061768,0.8321089744567871,0.007231571711599827
VTM-002932,DG-2c26f97e5fb9,pyroxene,0,2,2,0.5547849535942078,0.0008170928340405226,0.0020183867309242487,0.9952200055122375,0.001944544492289424
VTM-002938,DG-bc185c527a55,pyroxene,0,2,2,0.5149411559104919,0.001955603249371052,0.09616266191005707,0.8936588764190674,0.008222885429859161
VTM-002940,DG-549fc5a84cd4,pyroxene,0,2,1,0.6195681095123291,0.006883495021611452,0.617743730545044,0.023121267557144165,0.3522515296936035
VTM-002943,DG-07330e94de70,pyroxene,0,2,1,0.6698273420333862,0.05262380838394165,0.6232254505157471,0.22492514550685883,0.09922558814287186
VTM-002944,DG-b8a1ecd98f5a,pyroxene,0,2,0,0.8892313838005066,0.7677950859069824,0.07466907054185867,0.04547710716724396,0.11205872893333435
VTM-002945,DG-a3da53eac318,pyroxene,0,2,3,0.6673647165298462,0.11479639261960983,0.3012269139289856,0.24384039640426636,0.34013625979423523
VTM-002949,DG-ad541d9a5e1b,pyroxene,0,2,2,0.5559443831443787,0.008351370692253113,0.013390341773629189,0.948047399520874,0.030210860073566437
VTM-002959,DG-3e022997c6a8,pyroxene,0,2,3,0.7906221151351929,0.3623735308647156,0.06188945844769478,0.027010202407836914,0.5487268567085266
VTM-002965,DG-39c6e752f427,pyroxene,0,2,2,0.5400611162185669,0.00173546327278018,0.011803822591900826,0.9811217784881592,0.005338927265256643
VTM-002967,DG-14999e51fe9c,pyroxene,0,2,1,0.6171011924743652,0.004957313649356365,0.6886813044548035,0.2590358257293701,0.04732557386159897
VTM-002970,DG-9017ab1d9737,pyroxene,0,2,1,0.5914937257766724,0.0010324561735615134,0.6192387938499451,0.3703516125679016,0.009377097710967064
VTM-002976,DG-cdaffff70d2b,pyroxene,0,2,1,0.6341473460197449,0.006658622529357672,0.618022620677948,0.36806052923202515,0.00725827319547534
VTM-002984,DG-12e46649f5c8,pyroxene,0,2,2,0.5233305096626282,0.0007527973502874374,0.005300787277519703,0.991110622882843,0.002835802035406232
VTM-002989,DG-4b523dce0848,pyroxene,0,2,3,0.7335026264190674,0.24246393144130707,0.15650875866413116,0.28088462352752686,0.3201427459716797
VTM-002990,DG-3b33867e6177,pyroxene,0,2,2,0.5356353521347046,0.0047276257537305355,0.019794028252363205,0.9578614234924316,0.017616918310523033
VTM-002994,DG-844c37912472,pyroxene,0,2,2,0.6365416646003723,0.08994196355342865,0.20282408595085144,0.6070142984390259,0.10021960735321045
VTM-002998,DG-02530580d7df,pyroxene,0,2,2,0.5440332293510437,0.0005686358781531453,0.015030591748654842,0.9837950468063354,0.0006057610153220594
VTM-003001,DG-83d2bf0fab9e,pyroxene,0,2,2,0.5105922222137451,0.0027208044193685055,0.035600870847702026,0.9420692920684814,0.019609007984399796
VTM-003004,DG-06d08f9dea64,pyroxene,0,2,1,0.658505380153656,0.0829579085111618,0.4609156847000122,0.2415507435798645,0.2145756632089615
VTM-003005,DG-6e6ba758e9a7,pyroxene,0,2,2,0.5733789801597595,0.008704288862645626,0.4011952579021454,0.569705605506897,0.02039484679698944
VTM-003022,DG-36d27ee1f175,pyroxene,0,2,2,0.5425399541854858,0.00424652174115181,0.016780609264969826,0.9661736488342285,0.012799227610230446
VTM-003028,DG-4862682be165,pyroxene,0,2,1,0.6354397535324097,0.021595414727926254,0.5356807708740234,0.42624953389167786,0.0164742823690176
VTM-003031,DG-7d95cd5f2601,pyroxene,0,2,2,0.547998309135437,0.01121160201728344,0.07254175841808319,0.8931559324264526,0.023090731352567673
VTM-003032,DG-9b6b7039f87d,pyroxene,0,2,2,0.6156193017959595,0.0743442252278328,0.06637867540121078,0.6966066956520081,0.16267038881778717
VTM-003038,DG-cc2d318d7866,pyroxene,0,2,2,0.7045140266418457,0.17131760716438293,0.0700395330786705,0.5276057720184326,0.23103708028793335
VTM-003050,DG-a8ccd74c97e8,pyroxene,0,2,2,0.5621083378791809,0.01386207714676857,0.05625467002391815,0.5343632102012634,0.39552009105682373
VTM-003052,DG-85795c0d6b16,pyroxene,0,2,2,0.5706278085708618,0.023276804015040398,0.09447813034057617,0.8507503271102905,0.03149466961622238
VTM-003061,DG-02721674da63,pyroxene,0,2,0,0.8758251070976257,0.6823549270629883,0.18657203018665314,0.09324882924556732,0.03782419487833977
VTM-003064,DG-b7f4a5c233c8,pyroxene,0,2,2,0.5999746918678284,0.04294094443321228,0.05128728598356247,0.8391894102096558,0.06658241152763367
VTM-003065,DG-d07ead84c7a2,pyroxene,0,2,2,0.6478061676025391,0.09156782925128937,0.032725926488637924,0.6792243719100952,0.196481853723526
VTM-003067,DG-2634c9e90787,pyroxene,0,2,2,0.5271403789520264,0.011360015720129013,0.05236209183931351,0.8174686431884766,0.11880919337272644
VTM-003070,DG-316331c5fc65,pyroxene,0,2,2,0.5675603747367859,0.024687303230166435,0.10236220806837082,0.8166832327842712,0.05626724660396576
VTM-003073,DG-53909db5f730,pyroxene,0,2,1,0.5728583931922913,0.006567622534930706,0.46881088614463806,0.4097398519515991,0.11488161981105804
VTM-003074,DG-1599a4790f64,pyroxene,0,2,2,0.568179726600647,0.00829382985830307,0.011877387762069702,0.9511474370956421,0.02868136763572693
VTM-003075,DG-ba0752659635,pyroxene,0,2,2,0.5479283928871155,0.0016428087837994099,0.005110182799398899,0.9891109466552734,0.0041360207833349705
VTM-003076,DG-27c27a638953,pyroxene,0,2,2,0.5367106199264526,0.0024482873268425465,0.027659554034471512,0.9626027345657349,0.007289391942322254
VTM-003077,DG-24c93776e634,pyroxene,0,2,2,0.5307984948158264,0.005704911425709724,0.028761330991983414,0.9432306289672852,0.02230319380760193
VTM-003079,DG-5e46fbd860b7,pyroxene,0,2,0,0.8653901815414429,0.6150277853012085,0.05269140377640724,0.0673431009054184,0.26493772864341736
VTM-003082,DG-c0e74af687b9,pyroxene,0,2,2,0.623127818107605,0.04179002344608307,0.05024338886141777,0.7050715684890747,0.20289507508277893
VTM-003086,DG-7ca64cc7944a,pyroxene,0,2,2,0.5341895818710327,0.001361098256893456,0.005424809642136097,0.9898706078529358,0.00334351509809494
VTM-003100,DG-efd3e7c09da1,pyroxene,0,2,2,0.5437750220298767,0.011518191546201706,0.033137038350105286,0.9000566005706787,0.055288176983594894
VTM-003121,DG-4a2a9de238bd,pyroxene,0,2,2,0.632727324962616,0.09515545517206192,0.1574609875679016,0.6659747362136841,0.0814087986946106
VTM-003123,DG-4769b5641f77,pyroxene,0,2,1,0.6144421696662903,0.02374528907239437,0.4963333010673523,0.43799644708633423,0.04192494601011276
VTM-003131,DG-3879cfb76799,pyroxene,0,2,2,0.5085912942886353,0.0038363111671060324,0.19656850397586823,0.7766145467758179,0.022980650886893272
VTM-003138,DG-1c3426d57d0e,pyroxene,0,2,2,0.5062675476074219,0.00038656918331980705,0.03713737055659294,0.9603787660598755,0.002097326098009944
VTM-003150,DG-a4568071fec7,pyroxene,0,2,3,0.651189923286438,0.07889694720506668,0.20632556080818176,0.1973845660686493,0.5173929333686829
VTM-003153,DG-09bec96d834d,pyroxene,0,2,2,0.5399630069732666,7.285103492904454e-05,0.0013012174749746919,0.9983129501342773,0.0003129615215584636
VTM-003160,DG-42c5982d528d,pyroxene,0,2,1,0.7168042063713074,0.1080818623304367,0.6685903072357178,0.1365264654159546,0.08680137246847153
VTM-003166,DG-fefad8b6e176,pyroxene,0,2,2,0.5532075762748718,0.00483293179422617,0.018806643784046173,0.9659466743469238,0.010413754731416702
VTM-003167,DG-fde5f2d58bd6,pyroxene,0,2,2,0.7251348495483398,0.2190474420785904,0.21639102697372437,0.369647353887558,0.19491419196128845
VTM-003171,DG-462d909e6446,pyroxene,0,2,1,0.6594033241271973,0.019178831949830055,0.657364547252655,0.3063020706176758,0.017154576256871223
VTM-003194,DG-aa5a0a987491,pyroxene,0,2,2,0.5093634128570557,0.00034226267598569393,0.0097885150462389,0.9872794151306152,0.0025898157618939877
VTM-003203,DG-8941dbf84126,pyroxene,0,2,2,0.575947105884552,0.011947442777454853,0.0478537455201149,0.9265164136886597,0.013682456687092781
VTM-003206,DG-22c07204cbd1,pyroxene,0,2,1,0.7559652924537659,0.252207487821579,0.45217716693878174,0.24745570123195648,0.04815971851348877
VTM-003207,DG-950feff8cd7c,pyroxene,0,2,3,0.7006949782371521,0.14654839038848877,0.1631932556629181,0.22960640490055084,0.4606519341468811
VTM-003212,DG-1f9988a126e0,pyroxene,0,2,2,0.5191515684127808,0.002889432944357395,0.029700778424739838,0.9529927372932434,0.014417016878724098
VTM-003213,DG-560d0dea0375,pyroxene,0,2,2,0.5152801275253296,0.0005331529537215829,0.04968324303627014,0.9479348659515381,0.0018487739143893123
VTM-003214,DG-a100a5d98221,pyroxene,0,2,2,0.560340940952301,0.0012437604600563645,0.26012787222862244,0.7370362281799316,0.0015920911682769656
VTM-003222,DG-8288d203dff6,pyroxene,0,2,2,0.5231143832206726,0.008119795471429825,0.22054623067378998,0.706866979598999,0.06446696817874908
VTM-003223,DG-ab7eefd4077b,pyroxene,0,2,2,0.6666744947433472,0.11128505319356918,0.07554536312818527,0.680695652961731,0.13247394561767578
VTM-003228,DG-f7485785bb60,pyroxene,0,2,2,0.6601662039756775,0.12962013483047485,0.14491531252861023,0.5897026062011719,0.13576194643974304
VTM-003234,DG-3d3392c2e5f0,pyroxene,0,2,0,0.8179789185523987,0.49079248309135437,0.1656768023967743,0.1830550581216812,0.16047562658786774
VTM-003237,DG-14ea4ea1ba5a,pyroxene,0,2,2,0.5430388450622559,0.006092206574976444,0.024194464087486267,0.9468082189559937,0.02290508523583412
VTM-003241,DG-95614b45fff9,pyroxene,0,2,2,0.612433135509491,0.05485888943076134,0.2431892603635788,0.627225399017334,0.07472644001245499
VTM-003247,DG-338ead0166e2,pyroxene,0,2,2,0.630221426486969,0.05423939973115921,0.37938982248306274,0.5080581903457642,0.05831260606646538
VTM-003250,DG-18740d3fe08a,pyroxene,0,2,1,0.6793436408042908,0.0019937590695917606,0.9543269872665405,0.03201216831803322,0.011667067185044289
VTM-003263,DG-6965691b2848,pyroxene,0,2,3,0.5703223943710327,0.006849266588687897,0.07073050737380981,0.2828405797481537,0.6395796537399292
VTM-003267,DG-02b2d54663c6,pyroxene,0,2,2,0.5492025017738342,0.00046987843234091997,0.004548609256744385,0.993576169013977,0.0014052874175831676
VTM-003270,DG-1f5a0b16a3ed,pyroxene,0,2,2,0.554066002368927,0.0015526760835200548,0.005019162781536579,0.988030195236206,0.005398007575422525
VTM-003271,DG-8ebff64cb761,pyroxene,0,2,0,0.8104697465896606,0.40591323375701904,0.1634785532951355,0.13707181811332703,0.29353636503219604
VTM-003278,DG-3c6a6909d89a,pyroxene,0,2,2,0.5733227729797363,0.010165145620703697,0.33830010890960693,0.4472244381904602,0.2043103277683258
VTM-003285,DG-1ff1ce12d66b,pyroxene,0,2,2,0.5272336006164551,0.011052181012928486,0.09471208602190018,0.8149222731590271,0.07931347191333771
VTM-003292,DG-eddf3fe91859,pyroxene,0,2,0,0.8654348254203796,0.630476713180542,0.13389143347740173,0.09196516871452332,0.14366671442985535
VTM-003295,DG-d59fd9a05c51,pyroxene,0,2,2,0.5252821445465088,0.0022558127529919147,0.035849519073963165,0.9562721252441406,0.005622542463243008
VTM-003310,DG-1b4c1aa9a9fe,pyroxene,0,2,2,0.6980714797973633,0.1508820652961731,0.07652731239795685,0.5468511581420898,0.2257395088672638
VTM-003312,DG-fbffbc92ac4c,pyroxene,0,2,0,0.8745539784431458,0.6707214117050171,0.04790189862251282,0.1055789664387703,0.17579776048660278
VTM-003317,DG-0d894807161b,pyroxene,0,2,3,0.6945132613182068,0.11422164738178253,0.03544875979423523,0.06736411154270172,0.7829655408859253
VTM-003320,DG-22b3614d5d80,pyroxene,0,2,2,0.5638663172721863,0.029351500794291496,0.13552351295948029,0.7738919258117676,0.06123301386833191
VTM-003333,DG-661055fb0015,pyroxene,0,2,2,0.541721761226654,0.017986834049224854,0.09023454785346985,0.8216705322265625,0.0701080933213234
VTM-003336,DG-3dba07bb68d0,pyroxene,0,2,1,0.5491219162940979,0.00019832172256428748,0.547254204750061,0.43811917304992676,0.014428343623876572
VTM-003339,DG-4035b23cd25e,pyroxene,0,2,2,0.527954638004303,0.001367346034385264,0.21873590350151062,0.7773833274841309,0.0025134531315416098
VTM-003346,DG-ee78988ee792,pyroxene,0,2,2,0.557702362537384,0.01981351524591446,0.25801709294319153,0.7022596597671509,0.019909758120775223
VTM-003349,DG-a0069817896e,pyroxene,0,2,1,0.7245989441871643,0.12417466193437576,0.6336408853530884,0.15032672882080078,0.09185771644115448
VTM-003350,DG-0690521d9dd1,pyroxene,0,2,1,0.6570106148719788,0.009670190513134003,0.7478094100952148,0.2326948046684265,0.009825626388192177
VTM-003360,DG-8944adb9e4d0,pyroxene,0,2,2,0.48227986693382263,0.0013656001538038254,0.024458125233650208,0.8990032076835632,0.0751730427145958
VTM-003365,DG-9024f403e746,pyroxene,0,2,2,0.690150797367096,0.1699613332748413,0.17049352824687958,0.4687761068344116,0.1907690316438675
VTM-003368,DG-5c008822d96c,pyroxene,0,2,2,0.53817218542099,0.007128370925784111,0.19732901453971863,0.5164886713027954,0.2790538966655731
VTM-003372,DG-9a2260bd7fa8,pyroxene,0,2,3,0.7587129473686218,0.2675229609012604,0.17024464905261993,0.08605484664440155,0.47617754340171814
VTM-003376,DG-377a00333bb0,quartz,0,2,2,0.7080228328704834,0.21756544709205627,0.18926914036273956,0.4646329879760742,0.12853246927261353
VTM-003377,DG-097f1d18428b,quartz,0,2,2,0.5360222458839417,0.0028111636638641357,0.04198841005563736,0.9471947550773621,0.008005634881556034
VTM-003382,DG-158ff5dc1237,quartz,0,2,2,0.4829534590244293,0.00032361724879592657,0.06484317779541016,0.9273030757904053,0.007530106231570244
VTM-003385,DG-ea65739cc711,quartz,0,2,2,0.5348957180976868,0.007759779691696167,0.02773866429924965,0.9167706966400146,0.04773091524839401
VTM-003389,DG-b1744c7cf0c2,quartz,0,2,2,0.5343418121337891,0.0006051621166989207,0.010489944368600845,0.9870829582214355,0.0018219618359580636
VTM-003403,DG-63aee8bc16a5,quartz,0,2,2,0.5672814846038818,0.015583622269332409,0.21489088237285614,0.509418785572052,0.2601066827774048
VTM-003410,DG-7c7d670e261b,quartz,0,2,2,0.6126892566680908,0.054106079041957855,0.04757404327392578,0.6841863989830017,0.21413351595401764
VTM-003411,DG-07115f81dfcd,quartz,0,2,2,0.5328851938247681,0.0008276853477582335,0.03236079961061478,0.9641783237457275,0.0026331888511776924
VTM-003413,DG-824db2e21f39,quartz,0,2,2,0.5779467225074768,0.025860603898763657,0.03522993624210358,0.8534564971923828,0.08545297384262085
VTM-003421,DG-4abd43475340,quartz,0,2,3,0.5868744254112244,0.02922527864575386,0.04233337938785553,0.42389944195747375,0.5045418739318848
VTM-003435,DG-96d7f42c0adb,quartz,0,2,2,0.5298106074333191,0.006038579158484936,0.02083805948495865,0.9244468212127686,0.04867657646536827
VTM-003440,DG-261ea5b34997,quartz,0,2,1,0.6872797608375549,0.027153756469488144,0.8074362277984619,0.11022822558879852,0.05518181249499321
VTM-003449,DG-16b8d9127ed1,quartz,0,2,2,0.6377795338630676,0.09885352104902267,0.09156142175197601,0.7323180437088013,0.07726706564426422
VTM-003454,DG-6bd160447dec,quartz,0,2,2,0.5206117033958435,0.0006079199374653399,0.018476467579603195,0.9786168932914734,0.0022987360134720802
VTM-003460,DG-e96452f60267,quartz,0,2,3,0.6823895573616028,0.10722660273313522,0.040571559220552444,0.21150939166545868,0.6406924724578857
VTM-003461,DG-d3a537a397ff,quartz,0,2,2,0.5579448938369751,0.0005307316896505654,0.005133220925927162,0.9936903715133667,0.0006456614355556667
VTM-003465,DG-c7491a8989bf,quartz,0,2,2,0.5453835129737854,0.003967492841184139,0.054922379553318024,0.934618353843689,0.006491738371551037
VTM-003466,DG-aa46a7de04fc,quartz,0,2,1,0.6653859615325928,0.01088577788323164,0.8252079486846924,0.11530299484729767,0.04860331863164902
VTM-003467,DG-429d37c43d66,quartz,0,2,2,0.5102407336235046,0.0024992874823510647,0.04698982089757919,0.9346961975097656,0.01581467315554619
VTM-003480,DG-3d3d9d2099e2,quartz,0,2,2,0.5468794107437134,0.010098591446876526,0.11746226996183395,0.8581103682518005,0.014328787103295326
VTM-003482,DG-bfed05c4de06,quartz,0,2,2,0.5569337010383606,0.0068220216780900955,0.1746627390384674,0.8074193596839905,0.011095891706645489
VTM-003488,DG-920d18c7cd9b,quartz,0,2,2,0.5434587001800537,0.0001046320830937475,0.0038410108536481857,0.9957846403121948,0.00026974931824952364
VTM-003491,DG-d3548175b837,quartz,0,2,3,0.6185321807861328,0.0379156656563282,0.02958454005420208,0.026408717036247253,0.9060910940170288
VTM-003493,DG-52defffa941a,quartz,0,2,2,0.5582192540168762,0.0008036778308451176,0.005939643830060959,0.9917100667953491,0.0015466215554624796
VTM-003496,DG-7f1d4e8c35e6,quartz,0,2,2,0.6519737243652344,0.11562381684780121,0.14550697803497314,0.6520808339118958,0.0867883563041687
VTM-003506,DG-e33088583ef2,quartz,0,2,2,0.5905066728591919,0.019250106066465378,0.0529007762670517,0.9164166450500488,0.011432450264692307
VTM-003508,DG-a38b0a9744eb,quartz,0,2,2,0.5141785144805908,0.0012170369736850262,0.06284794956445694,0.9314481019973755,0.004486936144530773
VTM-003511,DG-f72b8cc0acd6,quartz,0,2,2,0.5549681186676025,0.00032026803819462657,0.01630139723420143,0.9823179244995117,0.0010604553390294313
VTM-003522,DG-910752bb3793,quartz,0,2,2,0.5471758842468262,0.0016802544705569744,0.018849724903702736,0.9752753376960754,0.0041946968995034695
VTM-003524,DG-be614c901c26,quartz,0,2,2,0.5404127240180969,0.010852026753127575,0.049109600484371185,0.9212926626205444,0.018745752051472664
VTM-003525,DG-ac33ddbd658c,quartz,0,2,2,0.7048255801200867,0.19594916701316833,0.29753968119621277,0.32487472891807556,0.18163639307022095
VTM-003529,DG-e5a471320004,quartz,0,2,2,0.5109454989433289,0.005234063602983952,0.05356465280056,0.8900560140609741,0.0511452779173851
VTM-003533,DG-fe261ae27bba,quartz,0,2,2,0.49984198808670044,0.00287069845944643,0.09559318423271179,0.87016761302948,0.03136846795678139
VTM-003543,DG-3398d3725b33,quartz,0,2,2,0.5100821256637573,0.0005413334583863616,0.004637890495359898,0.9918869733810425,0.0029338165186345577
VTM-003545,DG-09051d5fe4a8,quartz,0,2,2,0.5102807879447937,9.919857984641567e-05,0.001961303176358342,0.9971835613250732,0.0007559740915894508
VTM-003549,DG-25715dcbbdb0,quartz,0,2,2,0.5047116875648499,0.00020731816766783595,0.003593691624701023,0.9926813840866089,0.003517557866871357
VTM-003554,DG-f0ce4e81bd3e,quartz,0,2,2,0.5572248101234436,0.006768318824470043,0.016859419643878937,0.6809356212615967,0.29543665051460266
VTM-003555,DG-8e8e41ab8e34,quartz,0,2,2,0.5377404689788818,0.0008306402596645057,0.0065177371725440025,0.9898003339767456,0.0028512917924672365
VTM-003562,DG-537b7d49f26f,quartz,0,2,2,0.5519848465919495,0.0053940461948513985,0.2799142599105835,0.705062747001648,0.009628967382013798
VTM-003566,DG-4defa7fa3a5e,quartz,0,2,2,0.5314616560935974,0.0030764422845095396,0.03895065188407898,0.9509797096252441,0.006993194576352835
VTM-003567,DG-7e9e27e48328,quartz,0,2,2,0.5987762808799744,0.047487180680036545,0.06772638112306595,0.6530190706253052,0.23176734149456024
VTM-003568,DG-e3ccf6d9ccfd,quartz,0,2,2,0.5411735773086548,0.002267131581902504,0.05545184388756752,0.9397034645080566,0.002577519044280052
VTM-003575,DG-8e1404ad1726,quartz,0,2,3,0.6568024754524231,0.0743226408958435,0.2247174233198166,0.18688789010047913,0.514072060585022
VTM-003591,DG-ddbf75ddcd6e,quartz,0,2,2,0.6158379912376404,0.05364442244172096,0.31134381890296936,0.4739592671394348,0.16105248034000397
VTM-003594,DG-5e8919787bf8,quartz,0,2,2,0.5275393724441528,0.0026703253388404846,0.04788456857204437,0.941257894039154,0.008187223225831985
VTM-003598,DG-9bcead480c48,quartz,0,2,2,0.5401932001113892,0.001161371823400259,0.009067975915968418,0.98659348487854,0.0031772032380104065
VTM-003602,DG-0c8e223a4767,quartz,0,2,2,0.5096119046211243,0.0007360909366980195,0.012678543105721474,0.9793703556060791,0.00721503421664238
VTM-003616,DG-abad6d7d8080,quartz,0,2,3,0.5598428249359131,0.006586027797311544,0.009754816070199013,0.033145129680633545,0.9505139589309692
VTM-003617,DG-fafc140d3a11,quartz,0,2,2,0.5608549118041992,0.0041197421960532665,0.01120971143245697,0.976607084274292,0.008063491433858871
VTM-003627,DG-250b978331a9,quartz,0,2,1,0.6744589805603027,0.07206897437572479,0.5743339657783508,0.2049073576927185,0.14868968725204468
VTM-003629,DG-a95fa2858248,quartz,0,2,2,0.534734308719635,0.0005562244332395494,0.0074150459840893745,0.9905136823654175,0.0015149962855502963
VTM-003634,DG-198ae0a6221b,quartz,0,2,2,0.5508458614349365,0.0003853371599689126,0.005103939212858677,0.9936251044273376,0.000885607732925564
VTM-003635,DG-9b1ae3e424e1,vesuvianite,0,2,2,0.5331125855445862,0.004531925544142723,0.07292268425226212,0.9126579761505127,0.009887411259114742
VTM-003638,DG-3f6e67869303,vesuvianite,0,2,2,0.500352144241333,0.00022342534794006497,0.007485587149858475,0.9906386137008667,0.0016523697413504124
VTM-003640,DG-92b9ab8ad16a,vesuvianite,0,2,2,0.5091672539710999,0.000496666063554585,0.09552917629480362,0.902583658695221,0.0013905074447393417
VTM-003649,DG-2e6c89c5b3ae,vesuvianite,0,2,2,0.5289132595062256,0.0006301937391981483,0.024517368525266647,0.9729568958282471,0.0018955233972519636
VTM-003653,DG-3ab34db7bfd1,vesuvianite,0,2,1,0.6501362323760986,0.026162579655647278,0.5813283324241638,0.1912597119808197,0.2012493908405304
VTM-003656,DG-190999b9116a,vesuvianite,0,2,1,0.6050071716308594,0.005026607308536768,0.6477225422859192,0.3077445924282074,0.03950625658035278
VTM-003662,DG-bb227bfb3420,vesuvianite,0,2,2,0.6284627914428711,0.08492068946361542,0.08761588484048843,0.7637521028518677,0.06371128559112549
VTM-003671,DG-3e00c1c23538,vesuvianite,0,2,2,0.4952259659767151,2.366170156165026e-05,0.01312948763370514,0.986714780330658,0.0001320591545663774
VTM-003672,DG-822cf8738f5d,vesuvianite,0,2,2,0.5122078657150269,0.0024995957501232624,0.009750358760356903,0.9452385902404785,0.0425114743411541
VTM-003677,DG-1c277c481e71,vesuvianite,0,2,2,0.5369895696640015,0.00043701360118575394,0.003632122650742531,0.9949341416358948,0.0009967208607122302
VTM-003684,DG-9143c728f2e4,vesuvianite,0,2,2,0.530942976474762,0.0018318525981158018,0.07073259353637695,0.9223894476890564,0.00504608079791069
VTM-003689,DG-c3f58842267c,vesuvianite,0,2,1,0.6285560131072998,0.004406677093356848,0.6519684195518494,0.3386090397834778,0.005015839822590351
VTM-003699,DG-6fc8c9dd46c2,vesuvianite,0,2,2,0.5644364953041077,0.011921895667910576,0.1430872082710266,0.8336710929870605,0.011319777928292751
VTM-003703,DG-4b6f3648f005,vesuvianite,0,2,2,0.5479730367660522,0.0030315560288727283,0.08765099942684174,0.9075109958648682,0.0018064405303448439
VTM-003709,DG-7ab9f8718c59,vesuvianite,0,2,2,0.5543056726455688,0.00054241216275841,0.2479257881641388,0.7510254383087158,0.0005063397693447769
VTM-003710,DG-2dd24a7e74de,vesuvianite,0,2,2,0.5288082957267761,0.00030316985794343054,0.044704288244247437,0.9535607099533081,0.0014317966997623444
VTM-003716,DG-fec0e3ebe36c,vesuvianite,0,2,2,0.5237628817558289,0.0003558007883839309,0.003477678634226322,0.9945324063301086,0.001634115818887949
VTM-003720,DG-f29984ccdfbc,vesuvianite,0,2,2,0.5205218195915222,0.005475470796227455,0.2592789828777313,0.6866328716278076,0.04861271008849144
VTM-003721,DG-450b654cca09,vesuvianite,0,2,1,0.653548538684845,0.021498389542102814,0.6590195894241333,0.139661967754364,0.17982006072998047
VTM-003722,DG-36c1b91e92c4,vesuvianite,0,2,2,0.5448825359344482,0.018662352114915848,0.08684380352497101,0.7915694713592529,0.10292430222034454
VTM-003723,DG-9ac1992626f5,vesuvianite,0,2,2,0.5218323469161987,0.0008615218102931976,0.017316512763500214,0.9801977872848511,0.001624217489734292
VTM-003725,DG-3c0710e2cf7a,vesuvianite,0,2,1,0.6514379382133484,0.00613048393279314,0.7052434682846069,0.2744026184082031,0.014223401434719563
VTM-003730,DG-2a71e1dd984b,vesuvianite,0,2,2,0.5033485293388367,0.00037920280010439456,0.03314463794231415,0.9649388790130615,0.0015372340567409992
VTM-003731,DG-203527ab6025,vesuvianite,0,2,2,0.5425277352333069,0.006308264564722776,0.22560302913188934,0.5128142237663269,0.2552744448184967
VTM-003732,DG-4da9660a3e4a,vesuvianite,0,2,2,0.5485489368438721,0.02402147650718689,0.1865604668855667,0.7154905796051025,0.07392743229866028
VTM-003733,DG-01bda451d9d8,vesuvianite,0,2,2,0.5269606709480286,0.0021878420375287533,0.2529110908508301,0.7379065752029419,0.006994559429585934
VTM-003734,DG-f4757a09ca77,vesuvianite,0,2,2,0.5351669192314148,0.00035248458152636886,0.09161746501922607,0.9073795080184937,0.0006505349883809686
VTM-003736,DG-098cd3520726,vesuvianite,0,2,1,0.6935006380081177,0.062093108892440796,0.6852315068244934,0.09510141611099243,0.15757398307323456
VTM-003738,DG-3fcc6443e50b,vesuvianite,0,2,2,0.5063446760177612,0.003213303629308939,0.10041768848896027,0.8834669589996338,0.012902075424790382
VTM-003740,DG-27aea3fc2159,vesuvianite,0,2,1,0.6773544549942017,0.0021950919181108475,0.9103120565414429,0.07554495334625244,0.011947941035032272
VTM-003744,DG-4cc593148c28,vesuvianite,0,2,2,0.5393626689910889,0.01594078354537487,0.17810122668743134,0.6503812074661255,0.15557679533958435
VTM-003750,DG-515956afdf20,vesuvianite,0,2,2,0.5365361571311951,0.0008850601734593511,0.0844256728887558,0.9133384227752686,0.0013508554548025131
VTM-003782,DG-fd86295b3985,vesuvianite,0,2,2,0.5240250825881958,0.0015166091034188867,0.15191802382469177,0.8439453840255737,0.002620020415633917
VTM-003791,DG-9dff8031a414,vesuvianite,0,2,2,0.5372540950775146,0.006642630323767662,0.12385863065719604,0.8595088720321655,0.009989878162741661
VTM-003793,DG-4323ca94ec6c,vesuvianite,0,2,2,0.532260000705719,0.006399332545697689,0.2542346715927124,0.7270122766494751,0.012353723868727684
VTM-003796,DG-4ec837d93f83,vesuvianite,0,2,2,0.5167437195777893,0.006497173570096493,0.059058383107185364,0.6934988498687744,0.24094563722610474
VTM-003805,DG-78baa91d3b62,vesuvianite,0,2,2,0.6191782355308533,0.07507291436195374,0.22508090734481812,0.6120489835739136,0.08779716491699219
VTM-003807,DG-ffb1301309a4,vesuvianite,0,2,2,0.5675383806228638,0.01442263275384903,0.28831732273101807,0.4628530442714691,0.23440700769424438
VTM-003810,DG-b4aae2ea6684,vesuvianite,0,2,2,0.5881635546684265,0.004090918228030205,0.4850039482116699,0.5030060410499573,0.007899075746536255
VTM-003813,DG-49391b2e04a9,vesuvianite,0,2,2,0.507462739944458,0.006490062922239304,0.1444711983203888,0.7817058563232422,0.06733284890651703
VTM-003816,DG-7ed07056e72b,vesuvianite,0,2,2,0.5528802871704102,0.004394425079226494,0.14528319239616394,0.8457916975021362,0.004530644044280052
VTM-003823,DG-761d07d6b728,vesuvianite,0,2,1,0.7491030693054199,0.13388122618198395,0.7583185434341431,0.07542388141155243,0.032376330345869064
VTM-003826,DG-aa64a9902042,vesuvianite,0,2,2,0.530579686164856,0.009511107578873634,0.05043122172355652,0.8772984743118286,0.06275920569896698
VTM-003827,DG-285a110f7562,vesuvianite,0,2,2,0.518606424331665,0.0014812899753451347,0.0669160783290863,0.9277069568634033,0.0038956780917942524
VTM-003831,DG-4be4d721e464,vesuvianite,0,2,2,0.531173586845398,0.0011048648739233613,0.03772549703717232,0.959416389465332,0.0017532464116811752
VTM-003832,DG-aedfdef6c9dd,vesuvianite,0,2,1,0.6545341610908508,0.04114050418138504,0.6279292702674866,0.2489158809185028,0.082014299929142
VTM-003840,DG-3cf31fae6d23,vesuvianite,0,2,2,0.5157169699668884,0.002662545070052147,0.14378848671913147,0.8409824371337891,0.012566497549414635
VTM-003843,DG-e2df066724b5,vesuvianite,0,2,1,0.6382213830947876,0.0013850664254277945,0.8021030426025391,0.18924671411514282,0.007265131454914808
VTM-003850,DG-e94d11f17d33,vesuvianite,0,2,2,0.5628877282142639,0.022462965920567513,0.11084792017936707,0.8309798240661621,0.03570936620235443
VTM-003855,DG-bba20012f7ff,vesuvianite,0,2,2,0.5875857472419739,0.023784402757883072,0.061578169465065,0.8961987495422363,0.01843870058655739
VTM-003856,DG-d3e07d74dc04,vesuvianite,0,2,2,0.5875595211982727,0.03848869353532791,0.12130070477724075,0.7984951734542847,0.04171540588140488
VTM-003862,DG-33077a1095e1,vesuvianite,0,2,1,0.6746535897254944,0.0020514382049441338,0.8553292751312256,0.13727371394634247,0.005345531739294529
VTM-003868,DG-988342957832,vesuvianite,0,2,2,0.5689907073974609,0.012798795476555824,0.37435275316238403,0.6013911962509155,0.011457256972789764
VTM-003871,DG-1f03c396a434,vesuvianite,0,2,2,0.5006043910980225,0.0031038778834044933,0.1242421567440033,0.8459999561309814,0.026654072105884552
VTM-003876,DG-f14959620d42,vesuvianite,0,2,2,0.5184888243675232,0.0006687390268780291,0.012238411232829094,0.9850159883499146,0.0020768502727150917
VTM-003877,DG-591abe10bfe5,vesuvianite,0,2,1,0.6309128999710083,0.001028849626891315,0.7370089292526245,0.25879019498825073,0.0031720127444714308
VTM-003878,DG-811759214977,vesuvianite,0,2,3,0.7307344675064087,0.23085476458072662,0.13658764958381653,0.25721922516822815,0.37533828616142273
VTM-003887,DG-64d015783567,vesuvianite,0,2,2,0.510358452796936,0.00011776301107602194,0.07871494442224503,0.9209073781967163,0.0002599300933070481
VTM-003889,DG-e2f7b314b961,vesuvianite,0,2,2,0.49225857853889465,0.0009824063163250685,0.24203166365623474,0.7039542198181152,0.05303173139691353
VTM-003891,DG-382fc9f12b38,vesuvianite,0,2,2,0.6031481623649597,0.05088309943675995,0.327536404132843,0.5442972779273987,0.07728322595357895
VTM-003897,DG-3d1dcb27dad7,vesuvianite,0,2,2,0.5276599526405334,0.007431205362081528,0.1987692415714264,0.766342043876648,0.02745754085481167
VTM-003903,DG-737047940f15,vesuvianite,0,2,2,0.465442419052124,0.0005015371134504676,0.09013459086418152,0.8793994784355164,0.02996440790593624
VTM-003916,DG-62ff9ecdf8f9,vesuvianite,0,2,2,0.48168954253196716,0.00024290464352816343,0.06158763915300369,0.9351232051849365,0.003046225756406784
VTM-003921,DG-d6f3bfcc82a3,vesuvianite,0,2,1,0.653244137763977,0.0036597014404833317,0.8422932028770447,0.1426590532064438,0.011388026177883148
VTM-003925,DG-403408a696da,vesuvianite,0,2,0,0.7939467430114746,0.40595927834510803,0.2340630292892456,0.19905470311641693,0.160923033952713
VTM-003927,DG-30aa90b1e374,vesuvianite,0,2,2,0.5141211152076721,0.0019821252208203077,0.05145588517189026,0.9404081106185913,0.006153931841254234
VTM-003933,DG-292e31308efb,vesuvianite,0,2,2,0.49595198035240173,3.4427073842380196e-05,0.0022029196843504906,0.9973785877227783,0.0003840275458060205
VTM-003934,DG-cde12f5c8a99,vesuvianite,0,2,2,0.5404154062271118,0.00785701535642147,0.12429182976484299,0.8490762114524841,0.018774930387735367
VTM-003935,DG-d80e49ba3f14,vesuvianite,0,2,2,0.508499801158905,0.0005009908927604556,0.0370897501707077,0.9594869613647461,0.0029223270248621702
VTM-003936,DG-a5da20726561,vesuvianite,0,2,2,0.4797278642654419,0.00016726426838431507,0.25189903378486633,0.7417374849319458,0.006196284666657448
VTM-003944,DG-b8bbdd672761,vesuvianite,0,2,2,0.48219236731529236,0.00021229233243502676,0.06050996482372284,0.9355508089065552,0.0037269219756126404
VTM-003956,DG-e7ddac66b305,vesuvianite,0,2,1,0.6554716229438782,0.003176668658852577,0.8959431648254395,0.08449292182922363,0.016387300565838814
VTM-003960,DG-d828cab7f924,vesuvianite,0,2,2,0.5000486969947815,0.0008635104168206453,0.13636162877082825,0.8572590947151184,0.00551576679572463
VTM-003964,DG-22543172b0c1,vesuvianite,0,2,2,0.5218116044998169,0.0020077030640095472,0.15577781200408936,0.8379356861114502,0.004278766922652721
VTM-003972,DG-7df29f37c067,vesuvianite,0,2,2,0.5490409731864929,9.041708835866302e-05,0.012810934334993362,0.9869246482849121,0.00017399968055542558
VTM-003996,DG-3669ab7c0ab5,vesuvianite,0,2,2,0.535537600517273,0.00735938036814332,0.06338530778884888,0.9018484354019165,0.027406897395849228
VTM-004003,DG-1ba10078971d,vesuvianite,0,2,2,0.5670600533485413,0.025286929681897163,0.1676325649023056,0.5338531136512756,0.273227334022522
VTM-004005,DG-6fc92603d80b,vesuvianite,0,2,2,0.4971792995929718,0.0002497612149454653,0.017087776213884354,0.9810956716537476,0.0015668468549847603
VTM-004007,DG-662b18f75ed5,vesuvianite,0,2,2,0.5322850942611694,0.013296342454850674,0.1667488068342209,0.7324874401092529,0.08746740221977234
VTM-004012,DG-b6258a6f84ef,vesuvianite,0,2,2,0.4961673319339752,0.001096914755180478,0.06130856275558472,0.9287320375442505,0.008862517774105072
VTM-004025,DG-a3276c20df4d,vesuvianite,0,2,2,0.5309259295463562,0.00012935078120790422,0.002508167177438736,0.9969154596328735,0.0004470406274776906
VTM-004027,DG-6b9df49cf5ae,vesuvianite,0,2,2,0.5326537489891052,0.007658959366381168,0.18460209667682648,0.780968189239502,0.026770776137709618
VTM-004040,DG-195887bfa623,vesuvianite,0,2,2,0.5490447878837585,0.012907760217785835,0.0337170846760273,0.8256410360336304,0.12773413956165314
VTM-004042,DG-2d1974985d68,vesuvianite,0,2,1,0.6478475332260132,0.0032587209716439247,0.7525181770324707,0.23905456066131592,0.005168501753360033
VTM-004044,DG-f9d12b79e75f,vesuvianite,0,2,1,0.6344833374023438,0.00966437067836523,0.5674300193786621,0.4166947603225708,0.006210932508111
VTM-004063,DG-94bb3086cbb8,vesuvianite,0,2,2,0.5401268005371094,0.00834573619067669,0.23167404532432556,0.5883755683898926,0.17160463333129883
VTM-004064,DG-24d450703173,vesuvianite,0,2,2,0.6229506731033325,0.03657372295856476,0.4498111605644226,0.4673318564891815,0.0462832897901535
VTM-004075,DG-4ad0528d18ac,vesuvianite,0,2,2,0.4970763027667999,4.484574310481548e-05,0.014754482544958591,0.9846460819244385,0.0005546492757275701
VTM-004083,DG-778c8a290902,vesuvianite,0,2,2,0.5931165814399719,0.015295537188649178,0.31593990325927734,0.6602405309677124,0.008524005301296711
VTM-004084,DG-96c776d4eabe,vesuvianite,0,2,2,0.5036017298698425,0.0016977103659883142,0.030852045863866806,0.9536181688308716,0.013832084834575653
VTM-004088,DG-fb4578ab7c80,vesuvianite,0,2,2,0.5072369575500488,0.0014204679755493999,0.03732993081212044,0.9568781852722168,0.004371383227407932
VTM-004093,DG-c8a5825e6950,vesuvianite,0,2,2,0.4948946535587311,0.0003967055235989392,0.11973069608211517,0.8752373456954956,0.004635303746908903
VTM-004096,DG-fbf28e0ec8a5,vesuvianite,0,2,2,0.5327679514884949,0.0012541873147711158,0.10266698151826859,0.8928017616271973,0.0032770568504929543
VTM-004102,DG-d229bb5b117b,vesuvianite,0,2,2,0.6799870133399963,0.12794245779514313,0.30196720361709595,0.49350112676620483,0.07658921182155609
VTM-004104,DG-f9940d52117c,vesuvianite,0,2,2,0.5657176375389099,0.0012132623232901096,0.4093303680419922,0.5864408016204834,0.003015549387782812
VTM-004109,DG-8e51afeeacec,vesuvianite,0,2,2,0.5031428933143616,0.0003233758616261184,0.08197256922721863,0.9165737628936768,0.0011302945204079151
VTM-004110,DG-de4a1c71f1f3,vesuvianite,0,2,2,0.5724824666976929,0.00907499436289072,0.2548939287662506,0.7278239727020264,0.008207114413380623
VTM-004111,DG-1704c11ac22f,vesuvianite,0,2,1,0.6564472913742065,0.05067210644483566,0.5211498737335205,0.4024834632873535,0.02569451369345188
VTM-004116,DG-62c3dea7d681,vesuvianite,0,2,1,0.7523849010467529,0.1991799771785736,0.5671837329864502,0.12714605033397675,0.10649021714925766
VTM-004137,DG-03cb4d8280c5,chalcopyrite,0,3,3,0.5408874154090881,0.0013952793087810278,0.06193959340453148,0.012195022776722908,0.9244701266288757
VTM-004140,DG-36252213f314,chalcopyrite,0,3,3,0.5754171013832092,0.009481042623519897,0.10058307647705078,0.05346659570932388,0.836469292640686
VTM-004154,DG-abc4ece41987,chalcopyrite,0,3,3,0.6389164924621582,0.05517280101776123,0.17737585306167603,0.2230573445558548,0.5443940162658691
VTM-004155,DG-a636b5037976,chalcopyrite,0,3,3,0.5658052563667297,0.0027719512581825256,0.23288416862487793,0.019883284345269203,0.7444605827331543
VTM-004158,DG-93521f3682a4,chalcopyrite,0,3,2,0.5040829181671143,0.0016966976691037416,0.018287762999534607,0.933901309967041,0.046114176511764526
VTM-004159,DG-32645abe6c40,chalcopyrite,0,3,3,0.5928717255592346,0.00901639275252819,0.1543930321931839,0.13760149478912354,0.6989890336990356
VTM-004162,DG-e88b5f73d62e,chalcopyrite,0,3,2,0.5495999455451965,0.012080242857336998,0.07135042548179626,0.6872137784957886,0.22935554385185242
VTM-004178,DG-b6746205a70e,chalcopyrite,0,3,0,0.8559004664421082,0.6209807991981506,0.19342124462127686,0.05265914276242256,0.13293887674808502
VTM-004183,DG-4ad5a7e7e695,chalcopyrite,0,3,3,0.5644312500953674,0.0009057530551217496,0.006892366334795952,0.014265114441514015,0.9779367446899414
VTM-004190,DG-dcee6fb17ddd,chalcopyrite,0,3,0,0.820339560508728,0.45487725734710693,0.18025511503219604,0.14299166202545166,0.22187595069408417
VTM-004201,DG-0f59261d4d4f,chalcopyrite,0,3,3,0.538494884967804,0.0017968476749956608,0.0345650352537632,0.000520288129337132,0.9631178379058838
VTM-004203,DG-b8fbe6502090,chalcopyrite,0,3,3,0.7272123098373413,0.21467378735542297,0.15854081511497498,0.15583869814872742,0.47094669938087463
VTM-004204,DG-b19f1dc1d9f6,chalcopyrite,0,3,3,0.6126507520675659,0.028300754725933075,0.04767020046710968,0.0778578594326973,0.8461711406707764
VTM-004209,DG-17021d22a929,chalcopyrite,0,3,0,0.860837996006012,0.5872854590415955,0.04797045886516571,0.019205154851078987,0.3455389738082886
VTM-004211,DG-1d36ceddf19c,chalcopyrite,0,3,0,0.897822916507721,0.8958693742752075,0.07215958833694458,0.0038101933896541595,0.02816089615225792
VTM-004212,DG-94683f2f8a87,chalcopyrite,0,3,0,0.8705265522003174,0.6264079809188843,0.049654267728328705,0.0041128285229206085,0.3198249042034149
VTM-004220,DG-89cdb51c4697,chalcopyrite,0,3,0,0.8892487287521362,0.7696734070777893,0.05268232896924019,0.03159942850470543,0.1460447907447815
VTM-004221,DG-22ef1eebfb8d,chalcopyrite,0,3,0,0.8939289450645447,0.8139671087265015,0.02874591387808323,0.024089111015200615,0.1331978142261505
VTM-004222,DG-1e0695c4192d,chalcopyrite,0,3,3,0.5955734848976135,0.4664370119571686,0.027205977588891983,0.0023353658616542816,0.5040216445922852
VTM-004224,DG-e130c8625a9a,chalcopyrite,0,3,0,0.5171796083450317,0.7126612663269043,0.004914231598377228,0.011740436777472496,0.2706840932369232
VTM-004226,DG-5cfec6919979,chalcopyrite,0,3,3,0.617499828338623,0.03214910998940468,0.14643672108650208,0.0360436886548996,0.7853704690933228
VTM-004227,DG-4ebe6c44e12a,chalcopyrite,0,3,0,0.8685821294784546,0.6470683217048645,0.08588342368602753,0.09732930362224579,0.16971895098686218
VTM-004228,DG-4db88c299408,chalcopyrite,0,3,0,0.7554939389228821,0.6896027326583862,0.029787376523017883,0.04275813326239586,0.2378518283367157
VTM-004229,DG-b2f380bd5029,chalcopyrite,0,3,0,0.8910225033760071,0.781144917011261,0.08457016199827194,0.05306936055421829,0.08121566474437714
VTM-004231,DG-1abc445edc31,chalcopyrite,0,3,0,0.890674352645874,0.9807525873184204,0.007651357911527157,0.0008074865327216685,0.010788594372570515
VTM-004245,DG-2060f9e29a23,chalcopyrite,0,3,0,0.6359637379646301,0.7504737973213196,0.0754675343632698,0.018895944580435753,0.1551627218723297
VTM-004247,DG-8adbbccdd724,chalcopyrite,0,3,0,0.8972905874252319,0.9004079699516296,0.08860445022583008,0.0026115979999303818,0.008375979959964752
VTM-004252,DG-09a432e2b831,chalcopyrite,0,3,0,0.7148396968841553,0.687555730342865,0.07566294074058533,0.016511622816324234,0.22026970982551575
VTM-004254,DG-791f22659a0e,chalcopyrite,0,3,3,0.5378457307815552,0.0009687101701274514,0.017901059240102768,0.0496186688542366,0.9315115809440613
VTM-004262,DG-66a5461be3ce,chalcopyrite,0,3,3,0.6772043108940125,0.11616344004869461,0.05306551605463028,0.008267149329185486,0.822503924369812
VTM-004266,DG-b39923e015fb,chalcopyrite,0,3,3,0.7215210795402527,0.1969558447599411,0.11111222207546234,0.03396688029170036,0.6579650640487671
VTM-004267,DG-d925da51e984,chalcopyrite,0,3,3,0.5687432885169983,0.0009197699837386608,0.35653001070022583,0.0007880668854340911,0.6417621374130249
VTM-004278,DG-6d3ffb9c1414,chalcopyrite,0,3,3,0.5235639214515686,0.0002686747466214001,0.027595549821853638,0.003504587337374687,0.9686311483383179
VTM-004279,DG-13dbc7077595,chalcopyrite,0,3,3,0.5680323243141174,0.006400011479854584,0.02997981570661068,0.0035256468690931797,0.9600945115089417
VTM-004289,DG-1a0ff4cf7ad0,chalcopyrite,0,3,3,0.5678153038024902,0.0007235794328153133,0.0012556146830320358,0.008282407186925411,0.989738404750824
VTM-004298,DG-def14538a6dc,chalcopyrite,0,3,1,0.7211818695068359,0.08513710647821426,0.7828307151794434,0.004363383166491985,0.12766876816749573
VTM-004301,DG-bb8d092cc2a9,chalcopyrite,0,3,3,0.5872842073440552,0.002952740527689457,0.004696078132838011,0.022830940783023834,0.9695202708244324
VTM-004306,DG-e140b99834b5,chalcopyrite,0,3,1,0.7389791011810303,0.2214009314775467,0.4239330291748047,0.1689777821302414,0.18568825721740723
VTM-004307,DG-115678ab2998,chalcopyrite,0,3,3,0.5200135111808777,2.8003214538330212e-05,0.002590881660580635,0.00032477505737915635,0.9970563650131226
VTM-004320,DG-b7bf2f2e5a61,chalcopyrite,0,3,3,0.6043649315834045,0.023951929062604904,0.06293393671512604,0.10173608362674713,0.811378002166748
VTM-004330,DG-0e3eb81d53c1,chalcopyrite,0,3,3,0.6235734224319458,0.026908347383141518,0.02908799611032009,0.1921074092388153,0.7518962621688843
VTM-004333,DG-44d15721c9e7,chalcopyrite,0,3,3,0.6431373357772827,0.0501350462436676,0.13624455034732819,0.10595002770423889,0.7076703906059265
VTM-004339,DG-df0e950690cd,chalcopyrite,0,3,3,0.5623210072517395,0.0033440524712204933,0.20206491649150848,0.13677144050598145,0.6578196287155151
VTM-004343,DG-f8502eda04e2,chalcopyrite,0,3,0,0.8425533175468445,0.5616123676300049,0.17876440286636353,0.06874058395624161,0.19088271260261536
VTM-004356,DG-52391854c813,chalcopyrite,0,3,3,0.5530326962471008,0.0011557199759408832,0.014884797856211662,0.036008596420288086,0.9479508996009827
VTM-004368,DG-190a29f63412,chalcopyrite,0,3,3,0.5952510237693787,0.007898085750639439,0.00946119800209999,0.018941745162010193,0.9636989831924438
VTM-004369,DG-d1667de89144,chalcopyrite,0,3,3,0.5436751246452332,0.001910052029415965,0.0689283162355423,0.041637226939201355,0.8875243663787842
VTM-004392,DG-cd28b914392d,chalcopyrite,0,3,3,0.7812306880950928,0.36165210604667664,0.19431105256080627,0.05395365506410599,0.3900831937789917
VTM-004395,DG-b3495bc08c3b,chalcopyrite,0,3,0,0.821243941783905,0.4739701747894287,0.24963052570819855,0.06414857506752014,0.212250754237175
VTM-004397,DG-61d7630e52cd,chalcopyrite,0,3,3,0.6862147450447083,0.10204489529132843,0.06175179034471512,0.07904447615146637,0.7571588754653931
VTM-004403,DG-94ab2759d137,chalcopyrite,0,3,3,0.604820728302002,0.009957008063793182,0.006692842114716768,0.005748364608734846,0.9776017665863037
VTM-004404,DG-47d8fd9dfca6,chalcopyrite,0,3,3,0.6115641593933105,0.02124190516769886,0.11857953667640686,0.19763809442520142,0.6625404357910156
VTM-004405,DG-95f1e7570074,chalcopyrite,0,3,0,0.8666858077049255,0.6058216094970703,0.04321210831403732,0.020106950774788857,0.3308592736721039
VTM-004407,DG-1bf3d3b7ae53,chalcopyrite,0,3,3,0.7140119671821594,0.16483671963214874,0.12499184906482697,0.1661665439605713,0.5440048575401306
VTM-004416,DG-f4b897cc3bc8,chalcopyrite,0,3,2,0.5609962344169617,0.0013814581325277686,0.010607367381453514,0.9853944778442383,0.0026167072355747223
VTM-004417,DG-719d4b31ae6c,chalcopyrite,0,3,3,0.5929685235023499,0.008975100703537464,0.013062169775366783,0.014447767287492752,0.9635149240493774
VTM-004418,DG-9aae3020dd0b,chalcopyrite,0,3,2,0.6951293349266052,0.1740693747997284,0.10285617411136627,0.496595174074173,0.22647929191589355
VTM-004422,DG-379750c68c74,chalcopyrite,0,3,0,0.8299850821495056,0.42255285382270813,0.3667744994163513,0.0413738489151001,0.16929885745048523
VTM-004423,DG-9f1af7b13d2f,chalcopyrite,0,3,1,0.82706218957901,0.42853158712387085,0.4327470362186432,0.024186082184314728,0.11453526467084885
VTM-004431,DG-268c07fc4456,chalcopyrite,0,3,2,0.5520352125167847,0.014046240597963333,0.18462979793548584,0.5628949403762817,0.23842903971672058
VTM-004432,DG-08799787483b,chalcopyrite,0,3,3,0.5485629439353943,0.0013186673168092966,0.007513891905546188,0.016310706734657288,0.9748567342758179
VTM-004434,DG-c77be5eff59a,chalcopyrite,0,3,2,0.7235321402549744,0.22157739102840424,0.25982633233070374,0.34575963020324707,0.17283660173416138
VTM-004449,DG-5889b81635cb,goethite,0,3,3,0.6003972291946411,0.01823998987674713,0.09508214890956879,0.12462957203388214,0.7620483040809631
VTM-004450,DG-abcb9813a0f9,goethite,0,3,3,0.585504949092865,0.013798532076179981,0.031642649322748184,0.07427120953798294,0.8802876472473145
VTM-004453,DG-ac0814e1d2ce,goethite,0,3,3,0.5703471899032593,0.008513898588716984,0.07965727150440216,0.04964544624090195,0.8621834516525269
VTM-004462,DG-bd1a42e1d4c1,goethite,0,3,2,0.5535097718238831,0.01750955730676651,0.04158908128738403,0.7702412009239197,0.17066019773483276
VTM-004472,DG-baeb947c7617,goethite,0,3,3,0.6273347735404968,0.022591140121221542,0.005350793711841106,0.027999021112918854,0.9440590143203735
VTM-004473,DG-f6eacbcdec2a,goethite,0,3,3,0.6188404560089111,0.008654311299324036,0.0033821100369095802,0.030561987310647964,0.9574015736579895
VTM-004474,DG-04127e857354,goethite,0,3,3,0.6318666338920593,0.030408691614866257,0.01582208462059498,0.3659026622772217,0.5878665447235107
VTM-004475,DG-704bffc2fc01,goethite,0,3,3,0.6432734727859497,0.02922116592526436,0.009767305105924606,0.08276721835136414,0.8782442808151245
VTM-004480,DG-d999cbdf9b4b,goethite,0,3,1,0.6812722086906433,0.0068205576390028,0.9287009239196777,0.005996843334287405,0.05848168581724167
VTM-004482,DG-162780054af3,goethite,0,3,3,0.6107533574104309,0.0075936634093523026,0.01950937509536743,0.08463767170906067,0.8882592916488647
VTM-004485,DG-33a4a9142c46,goethite,0,3,0,0.7892667055130005,0.4830878674983978,0.01822866126894951,0.0343678742647171,0.46431562304496765
VTM-004487,DG-9fff6f03fdf4,goethite,0,3,1,0.6345870494842529,0.05377942696213722,0.42274385690689087,0.2562792897224426,0.26719748973846436
VTM-004488,DG-2decccec0010,goethite,0,3,3,0.6197242736816406,0.03324291482567787,0.250882625579834,0.17321407794952393,0.5426603555679321
VTM-004498,DG-bf44617a6ab2,goethite,0,3,3,0.6063728332519531,0.024886228144168854,0.027110032737255096,0.16827960312366486,0.77972412109375
VTM-004504,DG-c1aa704d2a6e,goethite,0,3,3,0.8135613203048706,0.4105447828769684,0.08541003614664078,0.06712070852518082,0.43692445755004883
VTM-004515,DG-1c6542948e6f,goethite,0,3,3,0.7454476952552795,0.2153249979019165,0.043557241559028625,0.030579689890146255,0.7105380892753601
VTM-004518,DG-f9fe66c5becf,goethite,0,3,3,0.7070181369781494,0.15382856130599976,0.2647753953933716,0.016123073175549507,0.5652729868888855
VTM-004525,DG-bbaadd195115,goethite,0,3,1,0.6195902824401855,0.020864136517047882,0.5393281579017639,0.40251874923706055,0.03728890046477318
VTM-004532,DG-1958ad54fa3a,goethite,0,3,1,0.6261937618255615,0.009665225632488728,0.5556708574295044,0.049784328788518906,0.38487961888313293
VTM-004541,DG-5544322fe5dc,goethite,0,3,3,0.7486696839332581,0.2440023422241211,0.3273489475250244,0.04082006961107254,0.38782864809036255
VTM-004542,DG-566bb1ba97ab,goethite,0,3,0,0.8966453075408936,0.9361435174942017,0.03223752975463867,0.008732233196496964,0.022886600345373154
VTM-004544,DG-5dee52144675,goethite,0,3,3,0.6864835619926453,0.15050770342350006,0.1774822175502777,0.014006761834025383,0.6580032706260681
VTM-004549,DG-a434ef073065,goethite,0,3,3,0.6331479549407959,0.0394434854388237,0.03638051822781563,0.3134140372276306,0.6107620000839233
VTM-004554,DG-d8c270e4d550,goethite,0,3,1,0.7376561760902405,0.19506826996803284,0.464445024728775,0.037242259830236435,0.3032444417476654
VTM-004555,DG-6b39bbdc8ae5,goethite,0,3,1,0.6927419900894165,0.05473865196108818,0.7154961824417114,0.15786336362361908,0.0719018280506134
VTM-004557,DG-cc9475356267,goethite,0,3,3,0.588829517364502,0.001031415769830346,0.0004824823117814958,0.0003934346605092287,0.9980926513671875
VTM-004565,DG-0b9ec2c49631,goethite,0,3,1,0.7367917895317078,0.1914588063955307,0.49529948830604553,0.08463174104690552,0.22860996425151825
VTM-004566,DG-a96f9eb81289,goethite,0,3,1,0.678521990776062,0.01275379303842783,0.8373616933822632,0.11548785120248795,0.03439662605524063
VTM-004568,DG-ea98ad0adeb4,goethite,0,3,3,0.6113171577453613,0.030180800706148148,0.18602275848388672,0.05633685365319252,0.7274595499038696
VTM-004569,DG-6f14e9b225e4,goethite,0,3,3,0.6463974118232727,0.061174433678388596,0.02498246356844902,0.009424001909792423,0.9044190645217896
VTM-004572,DG-7a5dd27a3db7,goethite,0,3,3,0.5740258097648621,0.0012653220910578966,0.0020647861529141665,0.008579579181969166,0.9880902767181396
VTM-004578,DG-53312f8ab848,goethite,0,3,3,0.814128577709198,0.3825213313102722,0.04303870350122452,0.02004656195640564,0.5543934106826782
VTM-004591,DG-9b5d4c76e13f,goethite,0,3,1,0.6367871165275574,0.010115363635122776,0.7130467891693115,0.05645361542701721,0.22038419544696808
VTM-004594,DG-5e455ae2a2e5,goethite,0,3,3,0.6115159392356873,0.03246366232633591,0.06057087332010269,0.2756604254245758,0.6313050389289856
VTM-004611,DG-a1546a58cd91,goethite,0,3,1,0.6085090637207031,0.03678330034017563,0.4220637083053589,0.42185354232788086,0.11929941177368164
VTM-004613,DG-89979111c25d,goethite,0,3,0,0.8006347417831421,0.41534003615379333,0.19757495820522308,0.025122538208961487,0.3619624376296997
VTM-004615,DG-d29cacb74737,goethite,0,3,0,0.8961448669433594,0.8518636226654053,0.024794934317469597,0.005728661548346281,0.11761274933815002
VTM-004623,DG-ca33ccf007de,goethite,0,3,2,0.5468358397483826,0.016328351572155952,0.07123370468616486,0.7308132648468018,0.18162471055984497
VTM-004630,DG-210b75b316b3,goethite,0,3,3,0.6296373605728149,0.04723609238862991,0.17894457280635834,0.08002729713916779,0.6937921047210693
VTM-004650,DG-9815786e0c94,goethite,0,3,3,0.6572073698043823,0.06930100917816162,0.0796753317117691,0.03197488561272621,0.8190487623214722
VTM-004656,DG-5d17ac15c3f5,goethite,0,3,2,0.5410953164100647,0.011440292000770569,0.31468144059181213,0.6078836917877197,0.06599459797143936
VTM-004659,DG-ec2dd91f462f,goethite,0,3,1,0.5761664509773254,0.0065925223752856255,0.520470380783081,0.38814741373062134,0.08478967100381851
VTM-004663,DG-a56f94524b55,goethite,0,3,0,0.877345860004425,0.6677489280700684,0.21584942936897278,0.02114141546189785,0.09526022523641586
VTM-004664,DG-b823dff07c3d,goethite,0,3,2,0.4924769997596741,0.0009553205454722047,0.08869197219610214,0.6780812740325928,0.2322714626789093
VTM-004665,DG-d672f6ddcf24,goethite,0,3,1,0.7012825012207031,0.0847121924161911,0.6325666904449463,0.050225503742694855,0.23249560594558716
VTM-004670,DG-ee8061b12d62,goethite,0,3,3,0.7459014058113098,0.2695193290710449,0.2453269511461258,0.1572858989238739,0.3278678357601166
VTM-004677,DG-7b1cc3374528,goethite,0,3,1,0.6505129337310791,0.02527785673737526,0.6240969896316528,0.07094741612672806,0.27967774868011475
VTM-004683,DG-62ffe2cbfb7e,goethite,0,3,3,0.5726600885391235,0.0003446308255661279,0.0006767022423446178,0.0004224622971378267,0.9985562562942505
VTM-004686,DG-498985017e3d,goethite,0,3,3,0.6241021752357483,0.03956142067909241,0.15876343846321106,0.05060170590877533,0.75107342004776
VTM-004695,DG-064bd74f8d66,goethite,0,3,3,0.7023286819458008,0.1474578082561493,0.08633941411972046,0.2331194281578064,0.5330833196640015
VTM-004699,DG-4983712b4f53,goethite,0,3,1,0.7686477899551392,0.2814403474330902,0.3822154998779297,0.09900441765785217,0.23733970522880554
VTM-004701,DG-3634551650f6,goethite,0,3,3,0.6187995076179504,0.04774850606918335,0.03571362793445587,0.028276339173316956,0.8882614970207214
VTM-004713,DG-76a5d9ba4878,goethite,0,3,1,0.7178646326065063,0.030149010941386223,0.9381628036499023,0.006795848254114389,0.02489236369729042
VTM-004717,DG-bac81edd48be,goethite,0,3,1,0.7193271517753601,0.09779275953769684,0.679719090461731,0.11216311156749725,0.11032500863075256
VTM-004722,DG-420c337bacad,hematite,0,3,3,0.6150544285774231,0.01637319289147854,0.008521118201315403,0.05290087312459946,0.922204852104187
VTM-004735,DG-f51b38ebd2ce,hematite,0,3,1,0.7275201678276062,0.04179716482758522,0.913665771484375,0.015165101736783981,0.02937190607190132
VTM-004739,DG-6d00a5116720,hematite,0,3,0,0.8253567814826965,0.47987818717956543,0.2837842106819153,0.0506298802793026,0.18570774793624878
VTM-004742,DG-56afffc2c4f3,hematite,0,3,1,0.6880394220352173,0.0005036565707996488,0.9950463771820068,0.0012533338740468025,0.003196573816239834
VTM-004751,DG-3f9343259002,hematite,0,3,0,0.8373199701309204,0.504398763179779,0.08366001397371292,0.30971622467041016,0.10222499817609787
VTM-004757,DG-94f14ee45fd9,hematite,0,3,3,0.7644140124320984,0.26410889625549316,0.22048605978488922,0.037918150424957275,0.4774869680404663
VTM-004768,DG-ef8c2ff8e925,hematite,0,3,3,0.6024140119552612,0.028936900198459625,0.017373332753777504,0.039721813052892685,0.9139679670333862
VTM-004776,DG-e649d7ebea33,hematite,0,3,3,0.7208845615386963,0.17420418560504913,0.04720845818519592,0.09081427752971649,0.6877730488777161
VTM-004783,DG-253d2482c921,hematite,0,3,1,0.7158697247505188,0.020121727138757706,0.943564772605896,0.02770494483411312,0.008608581498265266
VTM-004785,DG-f0a32bf60919,hematite,0,3,1,0.7569009065628052,0.12543918192386627,0.7463502883911133,0.024280063807964325,0.10393048077821732
VTM-004786,DG-f3a4e0b6555c,hematite,0,3,0,0.8202512860298157,0.42558807134628296,0.13647426664829254,0.02693035453557968,0.4110073447227478
VTM-004788,DG-965b2bf1d78a,hematite,0,3,2,0.7073463797569275,0.19508448243141174,0.24837523698806763,0.3239281475543976,0.23261216282844543
VTM-004792,DG-f77fc972ec8c,hematite,0,3,0,0.89545077085495,0.805828332901001,0.10187667608261108,0.013803677633404732,0.07849130034446716
VTM-004801,DG-aebe66ef7240,hematite,0,3,1,0.714203417301178,0.019213825464248657,0.9367990493774414,0.036176081746816635,0.007811075542122126
VTM-004814,DG-9055b7cc284e,hematite,0,3,0,0.8925650119781494,0.781132161617279,0.11299669742584229,0.01837238483130932,0.08749878406524658
VTM-004823,DG-8f3494190209,hematite,0,3,0,0.8576837778091431,0.5742859244346619,0.13188165426254272,0.07032010704278946,0.22351233661174774
VTM-004825,DG-80158b250c83,hematite,0,3,0,0.7976446747779846,0.3810558617115021,0.2171662300825119,0.05857769399881363,0.3432002067565918
VTM-004826,DG-b7a0b5815b3e,hematite,0,3,3,0.576423704624176,0.004972107708454132,0.02364986389875412,0.008385934866964817,0.9629921317100525
VTM-004839,DG-bcfdba1c3c5c,hematite,0,3,3,0.770405113697052,0.2946009635925293,0.3199160099029541,0.026161130517721176,0.3593219518661499
VTM-004842,DG-150e4f6aae2e,hematite,0,3,2,0.5767117142677307,0.019438641145825386,0.022955894470214844,0.6694254279136658,0.28818008303642273
VTM-004845,DG-3a7a27b4f2ac,hematite,0,3,1,0.7676666975021362,0.3173009157180786,0.34194397926330566,0.2061508744955063,0.13460418581962585
VTM-004854,DG-69246049f0d8,hematite,0,3,3,0.5784417986869812,0.012391822412610054,0.040562115609645844,0.02773471176624298,0.9193113446235657
VTM-004855,DG-18aac18a56ef,hematite,0,3,3,0.7128778696060181,0.15967482328414917,0.09240847080945969,0.1021331325173378,0.645783543586731
VTM-004858,DG-ceaef9a35d40,hematite,0,3,3,0.6003819108009338,0.020664002746343613,0.10441013425588608,0.21878528594970703,0.6561405658721924
VTM-004860,DG-2778a0b9723d,hematite,0,3,3,0.6637945175170898,0.07559503614902496,0.12140922248363495,0.1396854966878891,0.6633102893829346
VTM-004864,DG-00dd679f3312,hematite,0,3,0,0.8039713501930237,0.4022136628627777,0.2877176105976105,0.213166281580925,0.09690247476100922
VTM-004875,DG-1d354621213a,hematite,0,3,1,0.7930117249488831,0.33330726623535156,0.43529295921325684,0.1972934603691101,0.03410637006163597
VTM-004878,DG-faf2e184df1b,hematite,0,3,3,0.7791575193405151,0.29533225297927856,0.057115498930215836,0.008645934984087944,0.6389063596725464
VTM-004882,DG-769f57cd2cf8,hematite,0,3,0,0.8266940116882324,0.46103596687316895,0.2567704916000366,0.042145758867263794,0.24004776775836945
VTM-004888,DG-ad99a0f5aff2,hematite,0,3,3,0.785709023475647,0.3190095126628876,0.031625017523765564,0.2590144872665405,0.39035093784332275
VTM-004890,DG-65936d1143ea,hematite,0,3,0,0.7878239750862122,0.40763941407203674,0.15858210623264313,0.2576385736465454,0.17613989114761353
VTM-004893,DG-0dd74fec7b9f,hematite,0,3,0,0.7848005890846252,0.35324418544769287,0.25862208008766174,0.05007925257086754,0.33805450797080994
VTM-004894,DG-f62eaf3c0647,hematite,0,3,2,0.6917656660079956,0.12719222903251648,0.03182963281869888,0.529573917388916,0.31140419840812683
VTM-004902,DG-604f861a8a8c,hematite,0,3,0,0.8051356673240662,0.4208323359489441,0.23484474420547485,0.10658705979585648,0.23773588240146637
VTM-004910,DG-46b91cfaab7c,hematite,0,3,3,0.6590851545333862,0.07769634574651718,0.04741677641868591,0.07197755575180054,0.8029093146324158
VTM-004917,DG-25d0a83898c6,hematite,0,3,1,0.6813492178916931,0.002331612166017294,0.9679812788963318,0.019113976508378983,0.010573162697255611
VTM-004930,DG-23e5de56e4c0,hematite,0,3,2,0.6448817849159241,0.07261092960834503,0.3582087755203247,0.4854242205619812,0.08375608175992966
VTM-004937,DG-ab5809dd5da8,hematite,0,3,3,0.755575954914093,0.24527215957641602,0.3230591118335724,0.05832840874791145,0.37334030866622925
VTM-004939,DG-c8e4fa42bc5c,hematite,0,3,0,0.8576800227165222,0.5695033073425293,0.11072979122400284,0.008500580675899982,0.31126633286476135
VTM-004941,DG-821d8a7f1feb,hematite,0,3,0,0.7809188365936279,0.3394542634487152,0.332061767578125,0.056362271308898926,0.27212172746658325
VTM-004953,DG-974ef309f918,hematite,0,3,1,0.6620270013809204,0.04010283201932907,0.6462347507476807,0.09461115300655365,0.2190512865781784
VTM-004959,DG-d491c306fa10,hematite,0,3,0,0.8937578201293945,0.7847055792808533,0.1892731636762619,0.014916553162038326,0.011104636825621128
VTM-004965,DG-ec5605c40be2,hematite,0,3,3,0.7754793763160706,0.3221599757671356,0.1277782917022705,0.22487840056419373,0.32518333196640015
VTM-004966,DG-67f97c86afca,hematite,0,3,3,0.622619092464447,0.04855339974164963,0.057008832693099976,0.010388566181063652,0.8840491771697998
VTM-004970,DG-5d84fd7431ec,hematite,0,3,1,0.6561524868011475,0.03115633875131607,0.689669668674469,0.14226515591144562,0.13690879940986633
VTM-004978,DG-c1d8c5df3846,hematite,0,3,3,0.6811309456825256,0.10789458453655243,0.040418591350317,0.249825581908226,0.6018612384796143
VTM-004980,DG-7d3162471b4a,hematite,0,3,2,0.7456343770027161,0.26142048835754395,0.29229575395584106,0.35901784896850586,0.08726596087217331
VTM-004983,DG-ad7d28354932,hematite,0,3,0,0.8401198983192444,0.49013471603393555,0.2795409560203552,0.021883446723222733,0.2084408849477768
VTM-004987,DG-f49f996beda9,hematite,0,3,3,0.633165180683136,0.036203011870384216,0.027698028832674026,0.016082262620329857,0.9200167655944824
VTM-004998,DG-a2b8bf8028b9,hematite,0,3,1,0.7098027467727661,0.11855693906545639,0.5866745114326477,0.023882821202278137,0.27088573575019836
VTM-005005,DG-6e60bb077167,hematite,0,3,3,0.6770688891410828,0.07833193242549896,0.00885575171560049,0.030579518526792526,0.8822327852249146
VTM-005007,DG-c33ec218e14c,hematite,0,3,1,0.6643063426017761,0.052806198596954346,0.6193768978118896,0.21418103575706482,0.11363590508699417
VTM-005009,DG-80d9a06a5bdb,hematite,0,3,1,0.6829819083213806,0.11159925162792206,0.360834538936615,0.19435039162635803,0.33321577310562134
VTM-005011,DG-9f846ac38613,hematite,0,3,2,0.5392566919326782,0.009715823456645012,0.0729723572731018,0.8892794847488403,0.028032362461090088
VTM-005013,DG-004213fd6a05,hematite,0,3,0,0.8501155376434326,0.5818246603012085,0.10805333405733109,0.13919498026371002,0.1709270179271698
VTM-005014,DG-02f65976cc5c,hematite,0,3,1,0.6678274273872375,0.013314390555024147,0.8381348848342896,0.07564383745193481,0.0729069784283638
VTM-005015,DG-b8ee37c13b84,hematite,0,3,0,0.8744264245033264,0.6854219436645508,0.13874126970767975,0.04222594201564789,0.13361087441444397
VTM-005017,DG-08624827eeb4,hematite,0,3,3,0.6616098284721375,0.06300877779722214,0.03209250420331955,0.28862541913986206,0.6162732839584351
VTM-005018,DG-3cc40d8eeec3,hematite,0,3,2,0.7857338190078735,0.38227587938308716,0.1162465438246727,0.4043307304382324,0.09714685380458832
VTM-005021,DG-5a0d013f29bc,hematite,0,3,2,0.5424389839172363,0.018149327486753464,0.08166421949863434,0.8684446811676025,0.03174177557229996
VTM-005027,DG-a471068e7ddf,pyrite,0,3,2,0.5695459842681885,0.010899700224399567,0.23912331461906433,0.3987497091293335,0.3512272834777832
VTM-005033,DG-48018e5e27ec,pyrite,0,3,3,0.6559621095657349,0.06872178614139557,0.153476744890213,0.011395827867090702,0.7664056420326233
VTM-005039,DG-1d2c37317895,pyrite,0,3,0,0.8252848386764526,0.4595593214035034,0.09975705295801163,0.012081186287105083,0.4286024272441864
VTM-005043,DG-1ae77cd6446f,pyrite,0,3,1,0.6421511769294739,0.0069021740928292274,0.7851771116256714,0.06698957085609436,0.1409311592578888
VTM-005044,DG-885f1327cdad,pyrite,0,3,1,0.6177387237548828,0.025143291801214218,0.46440041065216064,0.21255481243133545,0.2979015111923218
VTM-005053,DG-afdd2cebd5ad,pyrite,0,3,0,0.8318137526512146,0.5087248086929321,0.10333625972270966,0.14025650918483734,0.24768246710300446
VTM-005054,DG-bebe81210f06,pyrite,0,3,0,0.8363109827041626,0.5123084783554077,0.14898870885372162,0.11470325291156769,0.22399960458278656
VTM-005056,DG-93096a3f948d,pyrite,0,3,3,0.7326102256774902,0.2034722864627838,0.04296840727329254,0.08379115909337997,0.6697681546211243
VTM-005057,DG-99844870524b,pyrite,0,3,2,0.6425167322158813,0.09597086161375046,0.08151296526193619,0.6335238218307495,0.18899235129356384
VTM-005059,DG-58e451eb94e6,pyrite,0,3,1,0.7162674069404602,0.022734384983778,0.9368787407875061,0.03460199385881424,0.005784874316304922
VTM-005062,DG-3c5a676ef940,pyrite,0,3,1,0.7080454230308533,0.00491089653223753,0.9820507764816284,0.006527608726173639,0.006510702893137932
VTM-005068,DG-bc5b1867624d,pyrite,0,3,1,0.6649860739707947,0.0003283172263763845,0.9953591227531433,0.0007920912466943264,0.003520457074046135
VTM-005075,DG-81dcb9b47254,pyrite,0,3,3,0.7513485550880432,0.25674912333488464,0.11666138470172882,0.1498105227947235,0.47677895426750183
VTM-005084,DG-6c407e904c0f,pyrite,0,3,1,0.7258157134056091,0.17393596470355988,0.466239869594574,0.18250598013401031,0.17731814086437225
VTM-005085,DG-12fcd338d127,pyrite,0,3,1,0.745618999004364,0.0867389440536499,0.8840137720108032,0.023907391354441643,0.005339903756976128
VTM-005087,DG-40b31d56e866,pyrite,0,3,1,0.7760687470436096,0.20754985511302948,0.7350041270256042,0.008628884330391884,0.04881714656949043
VTM-005089,DG-d8242605da4b,pyrite,0,3,3,0.57155442237854,0.005275386851280928,0.010956629179418087,0.0023857431951910257,0.9813822507858276
VTM-005097,DG-1d67319747fd,pyrite,0,3,0,0.8968619108200073,0.9154871106147766,0.04410776123404503,0.016042979434132576,0.02436218224465847
VTM-005108,DG-60845d11361a,pyrite,0,3,3,0.5718085169792175,0.010519836097955704,0.06746403872966766,0.02967679873108864,0.8923393487930298
VTM-005109,DG-a9fa486f4e05,pyrite,0,3,3,0.6654466390609741,0.08335339277982712,0.015661556273698807,0.020917771384119987,0.8800673484802246
VTM-005111,DG-c9c7f1af00da,pyrite,0,3,3,0.600942075252533,0.002274914178997278,0.0014289276441559196,0.003415157552808523,0.9928809404373169
VTM-005116,DG-bf8e5fdfdbbd,pyrite,0,3,3,0.5378537178039551,0.0016277983086183667,0.03262405842542648,0.017075231298804283,0.948672890663147
VTM-005123,DG-4b94ec7288ff,pyrite,0,3,0,0.8828006386756897,0.7129983305931091,0.07402664422988892,0.00648938212543726,0.20648564398288727
VTM-005126,DG-35c61aeaf99c,pyrite,0,3,0,0.8393120765686035,0.4965013265609741,0.20784661173820496,0.012011518701910973,0.2836405634880066
VTM-005128,DG-4aa68311e4f9,pyrite,0,3,3,0.5571904182434082,0.003060968592762947,0.0125814788043499,0.0005049013998359442,0.9838526248931885
VTM-005130,DG-834f56988167,pyrite,0,3,3,0.5359622240066528,0.0007301982259377837,0.01777510717511177,0.015091435052454472,0.9664032459259033
VTM-005132,DG-db5c3921883f,pyrite,0,3,2,0.7274662256240845,0.21972545981407166,0.13873235881328583,0.4377239942550659,0.203818216919899
VTM-005141,DG-8c934d87db0a,pyrite,0,3,1,0.6723694801330566,0.10201738774776459,0.35493895411491394,0.20015855133533478,0.3428851068019867
VTM-005154,DG-7e60ce337608,pyrite,0,3,3,0.5450924634933472,0.000651164329610765,0.15656809508800507,0.024449024349451065,0.8183317184448242
VTM-005158,DG-57a469d30a7f,pyrite,0,3,3,0.5699900984764099,0.005522820167243481,0.015111827291548252,0.004065436311066151,0.9752999544143677
VTM-005174,DG-a499df07f08c,pyrite,0,3,0,0.8411508202552795,0.5167377591133118,0.06296176463365555,0.104446642100811,0.31585389375686646
VTM-005184,DG-20dc4e724938,pyrite,0,3,3,0.6853711009025574,0.1427517980337143,0.06913135200738907,0.015422319993376732,0.7726945281028748
VTM-005185,DG-b02bcb8f8157,pyrite,0,3,3,0.607471764087677,0.017332851886749268,0.0036837714724242687,0.02169889211654663,0.9572845101356506
VTM-005190,DG-002d42194900,pyrite,0,3,3,0.7484567761421204,0.2603338062763214,0.19092363119125366,0.06806299090385437,0.48067957162857056
VTM-005194,DG-fd4dfd469cf8,pyrite,0,3,1,0.6644822955131531,0.014356142841279507,0.7960392236709595,0.02995341457426548,0.15965120494365692
VTM-005199,DG-7e48265bce06,pyrite,0,3,2,0.5581564903259277,0.01333180908113718,0.05185367539525032,0.5299609303474426,0.40485358238220215
VTM-005210,DG-6042ca49a613,pyrite,0,3,3,0.6039291024208069,0.0036124042235314846,0.0008548551704734564,0.0008338943589478731,0.9946988821029663
VTM-005214,DG-dadf133cc975,pyrite,0,3,3,0.7269753813743591,0.17881643772125244,0.04371132701635361,0.02168968878686428,0.7557825446128845
VTM-005218,DG-0e7b04e1f7bd,pyrite,0,3,3,0.5734059810638428,0.0049203126691281796,0.13313908874988556,0.04358288645744324,0.8183577060699463
VTM-005227,DG-8998dcab4285,pyrite,0,3,1,0.7664391994476318,0.24398307502269745,0.5205190181732178,0.06769460439682007,0.16780325770378113
VTM-005232,DG-dca0bf0df100,pyrite,0,3,1,0.6288976073265076,0.010439027100801468,0.6526899933815002,0.10491590201854706,0.23195508122444153
VTM-005237,DG-1ca72868977d,pyrite,0,3,2,0.5151553153991699,0.00384614709764719,0.21035164594650269,0.6089074611663818,0.1768946647644043
VTM-005243,DG-43b4714f32a0,pyrite,0,3,3,0.6220793724060059,0.03706140071153641,0.22155651450157166,0.18534596264362335,0.556036114692688
VTM-005245,DG-dcb832ddbd03,pyrite,0,3,1,0.5992966294288635,0.014816727489233017,0.5237152576446533,0.3207569122314453,0.14071108400821686
VTM-005249,DG-58bedd854c09,pyrite,0,3,3,0.5873779058456421,0.013678294606506824,0.07945600152015686,0.01955529674887657,0.8873103857040405
VTM-005255,DG-58f9aca080f1,pyrite,0,3,3,0.6071072816848755,0.010692494921386242,0.015096759423613548,0.03644562140107155,0.9377651214599609
VTM-005257,DG-94f7f62e4a46,pyrite,0,3,0,0.8021083474159241,0.43188413977622986,0.2029256671667099,0.07890845835208893,0.2862817943096161
VTM-005275,DG-3a4e65c23c9a,pyrite,0,3,3,0.5779498219490051,0.005757606588304043,0.17689676582813263,0.0512949600815773,0.7660506963729858
VTM-005282,DG-2dd8ac8470e7,pyrite,0,3,3,0.5542105436325073,0.0024165743961930275,0.13971449434757233,0.12026724219322205,0.7376016974449158
VTM-005283,DG-a457079ebc89,pyrite,0,3,2,0.7230443358421326,0.19334910809993744,0.15371881425380707,0.3607446253299713,0.2921874523162842
VTM-005285,DG-e75834ebe6df,pyrite,0,3,3,0.6566851735115051,0.09456515312194824,0.10428595542907715,0.0072749885730445385,0.7938739061355591
VTM-005289,DG-2f8b0ab0f8ac,pyrite,0,3,0,0.7281516790390015,0.6068944931030273,0.15593455731868744,0.006434634327888489,0.23073634505271912
VTM-005293,DG-cee97aa553ab,pyrite,0,3,2,0.5808388590812683,0.025727562606334686,0.1780649721622467,0.4694114923477173,0.3267959952354431
VTM-005294,DG-8bc14bccae55,pyrite,0,3,2,0.6295074820518494,0.07565437257289886,0.17578226327896118,0.564734697341919,0.18382865190505981
VTM-005314,DG-0d47cae31fd5,pyrite,0,3,3,0.5942720770835876,0.01694270223379135,0.07993175089359283,0.24110102653503418,0.6620244979858398
VTM-005318,DG-5acaffb8ad39,pyrite,0,3,3,0.7658702731132507,0.2885998785495758,0.08088649809360504,0.04983785003423691,0.5806757211685181
VTM-005319,DG-5e7536848ebf,pyrite,0,3,2,0.5347391366958618,0.003214155789464712,0.040128760039806366,0.5807486176490784,0.3759084939956665
VTM-005321,DG-90fc1041b1a1,pyrite,0,3,0,0.8070374727249146,0.4105341136455536,0.10338170826435089,0.12244387716054916,0.36364027857780457
VTM-005323,DG-624ea6fd1a89,pyrite,0,3,2,0.622257649898529,0.04780004173517227,0.03469724580645561,0.5097702741622925,0.40773242712020874
VTM-005325,DG-12007c5eab6a,pyrite,0,3,3,0.7064909338951111,0.1590249240398407,0.2921236455440521,0.13370057940483093,0.41515088081359863
VTM-005328,DG-5fad50ff3fdf,anatase,0,1,1,0.7049972414970398,0.006268060300499201,0.9669433832168579,0.018333883956074715,0.008454698137938976
VTM-005332,DG-09cce3d50332,anatase,0,1,1,0.6931638121604919,0.09879720211029053,0.587523341178894,0.09043091535568237,0.22324863076210022
VTM-005333,DG-0074b2b9fa22,anatase,0,1,1,0.7684072852134705,0.15435540676116943,0.7992695569992065,0.015583958476781845,0.030791068449616432
VTM-005342,DG-b119c3a95897,anatase,0,1,0,0.8228508234024048,0.4409201145172119,0.10586351156234741,0.052698832005262375,0.4005175232887268
VTM-005346,DG-a212476f0e24,anatase,0,1,1,0.7231894135475159,0.1264255940914154,0.6168588995933533,0.15726198256015778,0.09945343434810638
VTM-005357,DG-083df4bcf1b6,anatase,0,1,1,0.7038101553916931,0.0019146198173984885,0.9946143627166748,0.0012456988915801048,0.002225241158157587
VTM-005359,DG-e61d0c41d97f,anatase,0,1,1,0.6709267497062683,0.01883615367114544,0.7346886992454529,0.22240662574768066,0.024068554863333702
VTM-005376,DG-30625b154404,anatase,0,1,1,0.7135884165763855,0.017211541533470154,0.9487911462783813,0.018330911174416542,0.0156664177775383
VTM-005378,DG-5b021d05121c,anatase,0,1,3,0.5750049948692322,0.005191065836697817,0.23827655613422394,0.10205262899398804,0.6544797420501709
VTM-005387,DG-80f391e1da4e,anatase,0,1,1,0.6973350644111633,0.028075547888875008,0.8337200880050659,0.09211692959070206,0.04608742892742157
VTM-005397,DG-d433d69a75eb,anatase,0,1,1,0.7372742891311646,0.15853115916252136,0.6121466159820557,0.15861161053180695,0.07071062177419662
VTM-005399,DG-bc2a2ec78e86,anatase,0,1,1,0.7478657960891724,0.09674280136823654,0.8929742574691772,0.0018849266925826669,0.008397960104048252
VTM-005401,DG-a38782d1a9f8,anatase,0,1,2,0.5675773620605469,0.009756611660122871,0.2571844458580017,0.7151522636413574,0.01790662854909897
VTM-005403,DG-ae68f6ca0273,anatase,0,1,3,0.7660049796104431,0.3342934548854828,0.15390321612358093,0.11556044965982437,0.3962429165840149
VTM-005404,DG-b9c06f4c6d67,anatase,0,1,1,0.7856347560882568,0.1915181577205658,0.7468053102493286,0.047083791345357895,0.014592769555747509
VTM-005405,DG-ea66f8d9f640,anatase,0,1,0,0.8799030780792236,0.6859607696533203,0.1303924173116684,0.007191745098680258,0.1764550656080246
VTM-005408,DG-cb08d8ff5d8d,anatase,0,1,1,0.721619725227356,0.024309204891324043,0.9474530220031738,0.0038681114092469215,0.024369683116674423
VTM-005409,DG-8bad2ba4fe15,anatase,0,1,1,0.7132403254508972,0.014119869098067284,0.9693158864974976,0.0015728240832686424,0.014991434291005135
VTM-005413,DG-b7ba5434e7cc,anatase,0,1,1,0.6636022329330444,0.01752101629972458,0.7113802433013916,0.234574556350708,0.036524124443531036
VTM-005423,DG-4c7d5ac23365,anatase,0,1,1,0.7117096185684204,0.059542424976825714,0.8041812181472778,0.04767930880188942,0.08859707415103912
VTM-005426,DG-ee8f9ef44b62,anatase,0,1,1,0.7343237996101379,0.04633130505681038,0.9156389236450195,0.012078826315701008,0.025950852781534195
VTM-005442,DG-f69862dc0fd6,anatase,0,1,1,0.81686931848526,0.39023271203041077,0.39767980575561523,0.005377527792006731,0.20670993626117706
VTM-005445,DG-b43ea7f3a313,anatase,0,1,0,0.7959079742431641,0.4018734097480774,0.13233701884746552,0.16208480298519135,0.30370473861694336
VTM-005448,DG-d41fda0ff8c6,anatase,0,1,1,0.7858459949493408,0.2288690060377121,0.6166589260101318,0.026212306693196297,0.12825973331928253
VTM-005451,DG-491d3a625821,anatase,0,1,1,0.7306528091430664,0.05127565562725067,0.9185184240341187,0.009289334528148174,0.020916547626256943
VTM-005455,DG-5bb759787924,anatase,0,1,1,0.7034093141555786,0.014299515634775162,0.9321161508560181,0.006081168539822102,0.047503191977739334
VTM-005458,DG-50f1e9505f76,anatase,0,1,1,0.611906886100769,0.0234302319586277,0.4957161843776703,0.43298572301864624,0.04786786437034607
VTM-005460,DG-53183cc0ba4f,anatase,0,1,1,0.6321786046028137,0.014297865331172943,0.693833589553833,0.16667155921459198,0.12519702315330505
VTM-005465,DG-28a3b618a89f,anatase,0,1,1,0.6812672019004822,0.018936995416879654,0.7722349762916565,0.013787531293928623,0.19504044950008392
VTM-005469,DG-3398e7cd0924,anatase,0,1,1,0.6591725945472717,0.004453784786164761,0.8431457877159119,0.14112746715545654,0.011273029260337353
VTM-005478,DG-dd5681c77e0c,anatase,0,1,1,0.6543965339660645,0.003572015091776848,0.8189207315444946,0.16353824734687805,0.013968979939818382
VTM-005484,DG-637e2ff90c73,anatase,0,1,1,0.7048823237419128,0.09785560518503189,0.6189979314804077,0.1076916754245758,0.17545482516288757
VTM-005487,DG-917cd118cbf7,anatase,0,1,0,0.8734821677207947,0.5984177589416504,0.3547268807888031,0.008811799809336662,0.03804361820220947
VTM-005498,DG-b603483eda18,anatase,0,1,2,0.525335431098938,0.010996662080287933,0.0819430947303772,0.8569262027740479,0.050134096294641495
VTM-005505,DG-146e87255e33,anatase,0,1,1,0.6452152132987976,0.037661921232938766,0.5455924868583679,0.3547365665435791,0.06200900673866272
VTM-005512,DG-556cc408206b,anatase,0,1,1,0.7077552080154419,0.012346787378191948,0.9455181360244751,0.02372349239885807,0.01841156929731369
VTM-005513,DG-0b7196629afe,anatase,0,1,1,0.6543501615524292,0.01721247285604477,0.7337880730628967,0.07269459962844849,0.17630484700202942
VTM-005521,DG-2737c9d421da,anatase,0,1,1,0.6747186183929443,0.0037382033187896013,0.8485726118087769,0.13983465731143951,0.007854506373405457
VTM-005522,DG-d716ebd0e882,anatase,0,1,1,0.7278485298156738,0.08232799917459488,0.7535686492919922,0.07446684688329697,0.08963645994663239
VTM-005530,DG-c0386a4a37a3,anatase,0,1,1,0.719939112663269,0.019482292234897614,0.9600470066070557,0.013195110484957695,0.007275602780282497
VTM-005547,DG-7ec473183a7f,anatase,0,1,1,0.7422237396240234,0.07055314630270004,0.9048638939857483,0.010512083768844604,0.014070888981223106
VTM-005552,DG-4e499ebb87a9,anatase,0,1,1,0.7322492003440857,0.16485176980495453,0.628717303276062,0.11860281974077225,0.08782806992530823
VTM-005555,DG-2431c71db8f9,anatase,0,1,1,0.7096468210220337,0.00299218762665987,0.9768175482749939,0.017386578023433685,0.0028036702424287796
VTM-005558,DG-1e86056ba2d6,anatase,0,1,1,0.659624457359314,0.0032866571564227343,0.6981217861175537,0.29587382078170776,0.0027176940347999334
VTM-005561,DG-a8b28d967905,anatase,0,1,1,0.7559735774993896,0.08726285398006439,0.9060773253440857,0.003318293485790491,0.00334149319678545
VTM-005563,DG-72b70ff285e9,anatase,0,1,1,0.6968633532524109,0.02149340510368347,0.8443989753723145,0.10698966681957245,0.02711799368262291
VTM-005568,DG-a2ffe036094e,anatase,0,1,1,0.7710323929786682,0.1449221670627594,0.7936708331108093,0.037107519805431366,0.024299487471580505
VTM-005570,DG-99d53ddabd05,anatase,0,1,1,0.7117009162902832,0.0028889651875942945,0.992417573928833,0.0033412701450288296,0.0013522030785679817
VTM-005571,DG-b5e491db2458,anatase,0,1,1,0.7028726935386658,0.02487149089574814,0.8934961557388306,0.017139874398708344,0.06449256092309952
VTM-005572,DG-b1ac96405b6f,anatase,0,1,1,0.7273859977722168,0.2314954698085785,0.32866236567497253,0.2564792037010193,0.18336299061775208
VTM-005586,DG-4b15eba1dfab,anatase,0,1,3,0.6087141633033752,0.014761324971914291,0.3755687177181244,0.10260587930679321,0.5070639848709106
VTM-005594,DG-ad65af40f967,anatase,0,1,1,0.7077202796936035,0.016899676993489265,0.9182209372520447,0.04382970184087753,0.021049706265330315
VTM-005617,DG-516e624d4b18,anatase,0,1,1,0.673113226890564,0.009899262338876724,0.8651896715164185,0.030080586671829224,0.0948304682970047
VTM-005621,DG-b799dbed84bb,anatase,0,1,1,0.7014753222465515,0.0026060317177325487,0.9859147071838379,0.005959679838269949,0.005519550293684006
VTM-005623,DG-3ce35705ae4e,anatase,0,1,0,0.893883228302002,0.7932791113853455,0.14593127369880676,0.010588777251541615,0.05020087584853172
VTM-005626,DG-ced3f034947d,anatase,0,1,1,0.6649907231330872,0.00023126858286559582,0.9940370917320251,0.001585763064213097,0.0041458080522716045
VTM-005638,DG-59e46a2127a9,anatase,0,1,1,0.6522247195243835,0.0057910894975066185,0.8412616848945618,0.018989983946084976,0.13395723700523376
VTM-005642,DG-9c94a31bbfea,anatase,0,1,2,0.5737196207046509,0.0031945386435836554,0.3204178214073181,0.6717731952667236,0.0046143969520926476
VTM-005643,DG-5846ebd32a5e,anatase,0,1,1,0.7238627076148987,0.13654407858848572,0.5882954597473145,0.19809354841709137,0.0770668238401413
VTM-005647,DG-345bb3f8cf03,anatase,0,1,1,0.7085177302360535,0.0011331799905747175,0.99600750207901,0.0013395098503679037,0.001519773039035499
VTM-005657,DG-8e491c68e772,anatase,0,1,1,0.7350842356681824,0.0626545399427414,0.8933467864990234,0.022454116493463516,0.02154446952044964
VTM-005659,DG-ac7e3430ef79,anatase,0,1,1,0.7254290580749512,0.2130652666091919,0.3176138699054718,0.21803052723407745,0.25129032135009766
VTM-005661,DG-bd822846b5d3,anatase,0,1,1,0.6684866547584534,0.007669602986425161,0.7827072143554688,0.19096693396568298,0.018656263127923012
VTM-005669,DG-d020b472f9b0,anatase,0,1,1,0.7243685722351074,0.03223184868693352,0.9254032373428345,0.02808479033410549,0.014280153438448906
VTM-005671,DG-d3a234a42d04,anatase,0,1,1,0.7229723930358887,0.02542901039123535,0.9630603790283203,0.0021629566326737404,0.009347665123641491
VTM-005672,DG-a3ba3e32e3a4,anatase,0,1,3,0.5637456178665161,0.007390864659100771,0.05055909603834152,0.04606051743030548,0.8959894776344299
VTM-005677,DG-1756b320f36b,anatase,0,1,2,0.5989027619361877,0.032111287117004395,0.06211601197719574,0.5724345445632935,0.3333381414413452
VTM-005678,DG-8b59a7f34894,anatase,0,1,1,0.7147144675254822,0.015604112297296524,0.9581732749938965,0.0057320427149534225,0.020490556955337524
VTM-005682,DG-713619ec862e,anatase,0,1,1,0.7299440503120422,0.05870106816291809,0.8519304990768433,0.06124212592840195,0.028126364573836327
VTM-005686,DG-78aa342bd9f6,anatase,0,1,1,0.7152796983718872,0.01541772298514843,0.9326435923576355,0.04250915348529816,0.009429581463336945
VTM-005690,DG-04c6ad3632fd,anatase,0,1,1,0.7346586585044861,0.13330616056919098,0.6569360494613647,0.10552933067083359,0.10422852635383606
VTM-005691,DG-65a260104a5a,anatase,0,1,1,0.6816078424453735,0.045716412365436554,0.664575457572937,0.19537632167339325,0.09433183819055557
VTM-005692,DG-fbbe7f9885cd,anatase,0,1,2,0.5329771041870117,0.001718275249004364,0.40826064348220825,0.5040512681007385,0.08596982061862946
VTM-005695,DG-86129bb026ef,anatase,0,1,1,0.7113597989082336,0.005667945370078087,0.9877784252166748,0.001623027608729899,0.004930541384965181
VTM-005699,DG-20f6cb27f286,anatase,0,1,1,0.6775359511375427,0.013529369607567787,0.8633348345756531,0.08972519636154175,0.03341062739491463
VTM-005707,DG-eec2c1800964,anatase,0,1,1,0.6867992281913757,0.00224564247764647,0.981837272644043,0.0013614804483950138,0.014555654488503933
VTM-005710,DG-7806d4995e56,anatase,0,1,2,0.5346943140029907,0.013376296497881413,0.18376152217388153,0.7608380317687988,0.042024172842502594
VTM-005715,DG-acfc7cc85cb1,anatase,0,1,0,0.7775614857673645,0.37578415870666504,0.20713943243026733,0.06464829295873642,0.35242801904678345
VTM-005717,DG-d58ec01453f4,anatase,0,1,1,0.7098879814147949,0.006841420195996761,0.9706947803497314,0.01643310859799385,0.006030668970197439
VTM-005720,DG-acfc7cc85cb1,anatase,0,1,1,0.6444028615951538,0.09413275122642517,0.4012530446052551,0.28496253490448,0.21965163946151733
VTM-005721,DG-5819d089c4c6,anatase,0,1,1,0.7092941999435425,0.06167595833539963,0.68282550573349,0.006604288704693317,0.24889418482780457
VTM-005726,DG-38a805efc962,anatase,0,1,1,0.6302074193954468,0.0010175645584240556,0.833503007888794,0.1375577598810196,0.027921712026000023
VTM-005727,DG-5f53bc236448,anatase,0,1,1,0.6891880035400391,0.001379201072268188,0.9433056116104126,0.05150551348924637,0.0038096467033028603
VTM-005732,DG-0e1fad042bd7,anatase,0,1,1,0.7300674319267273,0.034032586961984634,0.950177013874054,0.005509891081601381,0.010280582122504711
VTM-005744,DG-ca38cda4fae2,anatase,0,1,1,0.7215574383735657,0.1009850949048996,0.6399543285369873,0.04960772022604942,0.20945286750793457
VTM-005745,DG-5c1a21b638ff,anatase,0,1,1,0.6872580051422119,0.03788347169756889,0.6789247989654541,0.2672494053840637,0.01594237983226776
VTM-005746,DG-9e0f8778a6f7,anatase,0,1,0,0.8329896926879883,0.5092958211898804,0.20371168851852417,0.09717538207769394,0.1898171752691269
VTM-005751,DG-5d0f36bd5908,anatase,0,1,1,0.698131799697876,0.01707926206290722,0.8636923432350159,0.08095274865627289,0.038275666534900665
VTM-005756,DG-3b51db28f48d,anatase,0,1,1,0.7534857988357544,0.12673841416835785,0.7870578765869141,0.007370640058070421,0.07883304357528687
VTM-005760,DG-2941b8f27636,anatase,0,1,1,0.704521119594574,0.0008625256596133113,0.9906936883926392,0.006788893602788448,0.0016549474094063044
VTM-005770,DG-2d5c07465c62,anatase,0,1,1,0.7179185152053833,0.015724001452326775,0.9640315771102905,0.012813590466976166,0.007430759258568287
VTM-005774,DG-9ec4ec40c567,anatase,0,1,1,0.729246973991394,0.09748914837837219,0.7751915454864502,0.06871072947978973,0.05860859155654907
VTM-005777,DG-174aa415d2ec,anatase,0,1,0,0.8561587333679199,0.5355146527290344,0.4242350459098816,0.03492797538638115,0.005322249606251717
VTM-005781,DG-9e81a009454c,anatase,0,1,1,0.7566553354263306,0.10054083168506622,0.870020866394043,0.01905854232609272,0.010379704646766186
VTM-005789,DG-4f68a56f3e10,anatase,0,1,1,0.7097264528274536,0.014517595991492271,0.9458388090133667,0.018246635794639587,0.021396905183792114
VTM-005805,DG-eae3ed981d24,anatase,0,1,2,0.5372844338417053,0.0006811560015194118,0.3132476210594177,0.6835882663726807,0.002482907846570015
VTM-005807,DG-e9df3f657a1d,anatase,0,1,1,0.728219747543335,0.04183003678917885,0.928815484046936,0.007035086862742901,0.022319335490465164
VTM-005814,DG-1be091ba6cbe,anatase,0,1,1,0.6382022500038147,0.0009244320681318641,0.841732382774353,0.14800509810447693,0.009338099509477615
VTM-005815,DG-04f09cb80678,anatase,0,1,1,0.7191891670227051,0.01662917248904705,0.9640061259269714,0.00908060185611248,0.010284100659191608
VTM-005817,DG-ec25e7241278,anatase,0,1,1,0.6977135539054871,0.0031770681962370872,0.9798063039779663,0.008744137361645699,0.008272475562989712
VTM-005824,DG-87b848eb7c59,anatase,0,1,1,0.7234107851982117,0.040193669497966766,0.8929979801177979,0.047061145305633545,0.019747205078601837
VTM-005825,DG-0a9f98d1512d,anatase,0,1,1,0.6144814491271973,0.0007466913666576147,0.8067953586578369,0.15678671002388,0.03567122668027878
VTM-005829,DG-72f049b6a70a,anatase,0,1,1,0.6772478222846985,0.0010890935081988573,0.9885045289993286,0.0008724849903956056,0.009533893316984177
VTM-005833,DG-53471fdc456b,anatase,0,1,1,0.7836711406707764,0.2505446672439575,0.6534031629562378,0.03340303525328636,0.06264913082122803
VTM-005836,DG-e59f9c2f82d9,anatase,0,1,0,0.8452151417732239,0.5496578812599182,0.07414687424898148,0.1291327178478241,0.24706263840198517
VTM-005843,DG-9971cc2be60b,anatase,0,1,1,0.703171968460083,0.005241936072707176,0.9005476236343384,0.0915306806564331,0.0026798085309565067
VTM-005846,DG-af6dba2d4d01,anatase,0,1,1,0.7037848830223083,0.00975291058421135,0.891335129737854,0.0919712483882904,0.006940677762031555
VTM-005847,DG-0cf1f3555416,anatase,0,1,1,0.7287059426307678,0.0854400247335434,0.7704963684082031,0.07460819184780121,0.06945538520812988
VTM-005854,DG-b3cd54094dcf,anatase,0,1,2,0.5727980732917786,0.0016022149939090014,0.48181581497192383,0.5103697776794434,0.006212223786860704
VTM-005866,DG-c7c48942d6ce,anatase,0,1,3,0.6997195482254028,0.13541674613952637,0.06587454676628113,0.009877309203147888,0.788831353187561
VTM-005869,DG-e9bb136a9cf8,anatase,0,1,1,0.7157855033874512,0.012123681604862213,0.9676817655563354,0.015028148889541626,0.005166365299373865
VTM-005871,DG-eab2b3fac603,anatase,0,1,1,0.7153662443161011,0.015824953094124794,0.9618953466415405,0.005243350751698017,0.01703631691634655
VTM-005872,DG-a5baa7a4bc65,anatase,0,1,3,0.737113356590271,0.2290450930595398,0.29346632957458496,0.03410550206899643,0.44338303804397583
VTM-005876,DG-088726c25bc1,anatase,0,1,1,0.7451173663139343,0.19764314591884613,0.5412299036979675,0.10385294258594513,0.15727394819259644
VTM-005878,DG-579eca9cb2d6,anatase,0,1,1,0.6893613934516907,0.03564443439245224,0.8098946809768677,0.06039223447442055,0.09406867623329163
VTM-005883,DG-13a3caa49a59,anatase,0,1,1,0.7327344417572021,0.10698181390762329,0.7280712723731995,0.07381966710090637,0.09112729132175446
VTM-005884,DG-53eee68da881,anatase,0,1,2,0.49053531885147095,0.0011602055747061968,0.21278049051761627,0.769403874874115,0.016655437648296356
VTM-005885,DG-2ae7725e28bb,anatase,0,1,1,0.6120046377182007,0.009674765169620514,0.5692485570907593,0.16484490036964417,0.25623175501823425
VTM-005896,DG-0f51f978cb94,anatase,0,1,1,0.6424380540847778,0.0002199106093030423,0.8689383864402771,0.12887807190418243,0.0019636917859315872
VTM-005897,DG-71ec88dd661b,anatase,0,1,1,0.8242989182472229,0.38216015696525574,0.5341189503669739,0.030883610248565674,0.05283735692501068
VTM-005898,DG-deb6b29342cc,anatase,0,1,0,0.8766870498657227,0.6228412389755249,0.3494011163711548,0.015632370486855507,0.012125253677368164
VTM-005903,DG-ae7c76abd0e7,anatase,0,1,1,0.6869651675224304,0.005344938486814499,0.8610883951187134,0.12686648964881897,0.006700236350297928
VTM-005908,DG-50f1936ab775,anatase,0,1,1,0.7174236178398132,0.01567872054874897,0.9617626667022705,0.015134054236114025,0.007424532901495695
VTM-005935,DG-f8fc1824da1b,anatase,0,1,2,0.6239114999771118,0.04981724172830582,0.38532379269599915,0.5387815237045288,0.02607746422290802
VTM-005946,DG-043ac1fee3d4,anatase,0,1,3,0.6860936284065247,0.08533957600593567,0.38726168870925903,0.028170334175229073,0.49922847747802734
VTM-005948,DG-265bfdb66536,anatase,0,1,1,0.7149039506912231,0.011775425635278225,0.9750425219535828,0.00747348926961422,0.005708570592105389
VTM-005949,DG-a36fc7e75bdd,anatase,0,1,1,0.682581901550293,0.0027860505506396294,0.919420599937439,0.06754511594772339,0.010248216800391674
VTM-005961,DG-1aced9ca1e30,anatase,0,1,1,0.704637348651886,0.008926348760724068,0.9503883719444275,0.002120508812367916,0.0385647714138031
VTM-005962,DG-9344984427c6,anatase,0,1,1,0.6479382514953613,0.004022607114166021,0.6970129609107971,0.2887459397315979,0.010218472220003605
VTM-005967,DG-ff30bb1dfca2,anatase,0,1,1,0.6424241065979004,0.007532950025051832,0.736778974533081,0.22510060667991638,0.03058745712041855
VTM-005972,DG-aca2dfc4a505,anatase,0,1,1,0.7073066830635071,0.002164519391953945,0.9744436740875244,0.02216438204050064,0.0012274591717869043
VTM-005978,DG-819ba6162e93,anatase,0,1,1,0.7013905644416809,0.021641599014401436,0.8831849694252014,0.007113618776202202,0.08805981278419495
VTM-005982,DG-63644a7ed37c,anatase,0,1,1,0.6356058716773987,0.0009695653570815921,0.6440747380256653,0.35387277603149414,0.0010829234961420298
VTM-005987,DG-cc731ff0d7d1,anatase,0,1,0,0.8683275580406189,0.5993363857269287,0.3272937536239624,0.021795501932501793,0.05157441645860672
VTM-005990,DG-418900fddbbd,anatase,0,1,2,0.6118289232254028,0.006286719813942909,0.48624926805496216,0.5008695721626282,0.006594487465918064
VTM-005991,DG-37ce58f9a71b,anatase,0,1,1,0.7057453393936157,0.03846567124128342,0.8032310009002686,0.08764737099409103,0.07065596431493759
VTM-005994,DG-33fccd751217,anatase,0,1,0,0.8282592296600342,0.4587150514125824,0.11236894130706787,0.0756271630525589,0.353288859128952
VTM-005996,DG-187debedc378,anatase,0,1,1,0.6960657238960266,0.003872103523463011,0.9542533159255981,0.03098013624548912,0.01089446246623993
VTM-005997,DG-b691f6a4cccd,anatase,0,1,3,0.5612828731536865,0.00886865146458149,0.17493650317192078,0.3983038067817688,0.4178910553455353
VTM-006001,DG-95c5497ecb62,anatase,0,1,1,0.6743417978286743,0.053353048861026764,0.6449646949768066,0.15045058727264404,0.15123167634010315
VTM-006003,DG-9e1dce4c666e,anatase,0,1,1,0.6796176433563232,0.00461428239941597,0.9607337713241577,0.011681518517434597,0.022970404475927353
VTM-006007,DG-104b2c508b47,anatase,0,1,1,0.7121167182922363,0.014670370146632195,0.9393942952156067,0.030037138611078262,0.015898175537586212
VTM-006008,DG-0ae4fd881765,anatase,0,1,1,0.7389284372329712,0.1360967755317688,0.708116888999939,0.01647314615547657,0.13931319117546082
VTM-006011,DG-139cd479b6fc,anatase,0,1,1,0.6021000146865845,0.0024589933454990387,0.6265190839767456,0.35954976081848145,0.011472184211015701
VTM-006017,DG-bd75fac5c82b,anatase,0,1,2,0.5232397317886353,0.00030436000088229775,0.07668152451515198,0.9223980903625488,0.0006159752374514937
VTM-006018,DG-c860d0248218,anatase,0,1,1,0.6107815504074097,0.01204168051481247,0.599600076675415,0.3458499312400818,0.042508237063884735
VTM-006021,DG-ca17d7e11fdd,anatase,0,1,1,0.6603220701217651,0.00920893345028162,0.7660183906555176,0.20959314703941345,0.015179494395852089
VTM-006033,DG-f364e0776340,anatase,0,1,1,0.6989509463310242,0.013821829110383987,0.8641049861907959,0.1084711104631424,0.013602057471871376
VTM-006038,DG-70b20ffae56f,anatase,0,1,1,0.6319648623466492,0.03175881505012512,0.41076433658599854,0.18121305108070374,0.3762638568878174
VTM-006043,DG-5f48237b5d82,anatase,0,1,1,0.7071524262428284,0.05238982290029526,0.7900482416152954,0.10544367134571075,0.052118342369794846
VTM-006045,DG-95821c552aeb,anatase,0,1,3,0.6518602967262268,0.05970195308327675,0.31283313035964966,0.14562183618545532,0.4818430542945862
VTM-006049,DG-1f15edf7d003,anatase,0,1,1,0.613410472869873,0.027332670986652374,0.5039207339286804,0.33809369802474976,0.13065288960933685
VTM-006064,DG-325792353b9c,anatase,0,1,1,0.6754003763198853,0.011972542852163315,0.7539181113243103,0.2227698564529419,0.011339539662003517
VTM-006067,DG-2cdc6824216d,anatase,0,1,1,0.6893957257270813,0.0008305390365421772,0.9882092475891113,0.006665149703621864,0.004295106045901775
VTM-006074,DG-9e8e45acb3bc,anatase,0,1,1,0.7103620171546936,0.0038025372195988894,0.9762580394744873,0.017141835764050484,0.002797590335831046
VTM-006075,DG-482f84d024e3,anatase,0,1,1,0.6554366946220398,0.05949273705482483,0.4795767664909363,0.14124135673046112,0.3196890950202942
VTM-006079,DG-c4af61589769,anatase,0,1,2,0.5649849772453308,0.001155925914645195,0.48471713066101074,0.5086681842803955,0.005458712112158537
VTM-006096,DG-b807419f51c0,anatase,0,1,1,0.6653886437416077,0.05587170273065567,0.5838562250137329,0.2552246153354645,0.10504743456840515
VTM-006101,DG-34f9aa3cc4c2,anatase,0,1,1,0.7122619152069092,0.006744835525751114,0.9684076309204102,0.02225092239677906,0.0025966104585677385
VTM-006106,DG-bcde780e96a5,anatase,0,1,1,0.6551553606987,0.01803976111114025,0.69154292345047,0.2407200038433075,0.049697332084178925
VTM-006114,DG-7a98ed5a2f37,anatase,0,1,2,0.5115166902542114,0.007113045081496239,0.047936808317899704,0.9071890115737915,0.037761151790618896
VTM-006115,DG-96d5b67ed849,anatase,0,1,1,0.6981761455535889,0.015636850148439407,0.9220308065414429,0.02737252041697502,0.034959826618433
VTM-006119,DG-a519b39a64a9,anatase,0,1,1,0.6417409777641296,0.03012733906507492,0.5917268395423889,0.11788942664861679,0.2602563500404358
VTM-006123,DG-473628e6ebc0,anatase,0,1,1,0.7049732804298401,0.00867853406816721,0.9594419598579407,0.015618793666362762,0.01626073196530342
VTM-006125,DG-4a806d32fad4,anatase,0,1,1,0.6580573916435242,0.004961329512298107,0.8971970081329346,0.06224757432937622,0.035594064742326736
VTM-006134,DG-268e20a41bdb,anatase,0,1,1,0.7037720084190369,0.004609734285622835,0.9494415521621704,0.040458083152770996,0.0054905591532588005
VTM-006145,DG-8edd14eb12e9,anatase,0,1,1,0.6195018887519836,0.006248004734516144,0.6363916397094727,0.3280380070209503,0.029322315007448196
VTM-006156,DG-949d12188648,anatase,0,1,0,0.8652602434158325,0.6205123662948608,0.2659277021884918,0.015912113711237907,0.0976477861404419
VTM-006161,DG-929f3459e00c,anatase,0,1,1,0.7112535238265991,0.013842758722603321,0.9329097270965576,0.04667076840996742,0.006576727610081434
VTM-006163,DG-25ee34f11a10,anatase,0,1,1,0.671370804309845,0.02373621240258217,0.7258829474449158,0.21762843430042267,0.0327523909509182
VTM-006170,DG-8ec3c654c37f,anatase,0,1,1,0.7052395343780518,0.0012413406511768699,0.9911963939666748,0.003604484023526311,0.003957817796617746
VTM-006187,DG-3002da884dc4,anatase,0,1,1,0.6383853554725647,0.043036896735429764,0.4514152407646179,0.2744710147380829,0.23107685148715973
VTM-006195,DG-9bdef8ad78aa,anatase,0,1,2,0.5534958839416504,0.004550980869680643,0.3715178668498993,0.6081328988075256,0.01579822041094303
VTM-006197,DG-a8e2877674ec,anatase,0,1,1,0.69776451587677,0.08505069464445114,0.6078500747680664,0.18558549880981445,0.1215137392282486
VTM-006201,DG-488fcfc9941e,anatase,0,1,2,0.5136669278144836,0.0010579307563602924,0.35740798711776733,0.6253595352172852,0.016174498945474625
VTM-006215,DG-e3659b7f2ffc,anatase,0,1,1,0.6587383151054382,0.024080991744995117,0.6948240995407104,0.22854119539260864,0.05255376547574997
VTM-006216,DG-c67ecbfe12d4,anatase,0,1,2,0.5355381965637207,0.011357059702277184,0.17354677617549896,0.7816267013549805,0.033469438552856445
VTM-006227,DG-e0afa4491647,anatase,0,1,2,0.6043528318405151,0.055576570332050323,0.1287463754415512,0.6750714778900146,0.14060558378696442
VTM-006229,DG-ef62715a621d,anatase,0,1,1,0.6582789421081543,0.0586201474070549,0.5579031109809875,0.20984472334384918,0.17363199591636658
VTM-006232,DG-c2e1b49c4eab,anatase,0,1,1,0.6967976093292236,0.007504208013415337,0.9189914464950562,0.06174536049365997,0.011759022250771523
VTM-006234,DG-d245a7bc4478,anatase,0,1,1,0.7076900601387024,0.005842736456543207,0.962094247341156,0.026354139670729637,0.0057088881731033325
VTM-006241,DG-5674bd5ac0ec,anatase,0,1,1,0.692736804485321,0.017079206183552742,0.8532119989395142,0.05080327019095421,0.07890550792217255
VTM-006242,DG-e69012fa6495,anatase,0,1,1,0.6673147082328796,0.0012173077557235956,0.8694819211959839,0.12610508501529694,0.0031956529710441828
VTM-006246,DG-bf1e600c7bed,anatase,0,1,1,0.7496489882469177,0.0892656147480011,0.8818601965904236,0.013718952424824238,0.015155231580138206
VTM-006253,DG-b070be6e4bc0,anatase,0,1,1,0.7243067026138306,0.04368530958890915,0.8775227665901184,0.02300109714269638,0.055790867656469345
VTM-006266,DG-f8bf9864798b,anatase,0,1,1,0.6751123070716858,0.04659629613161087,0.6141764521598816,0.28169509768486023,0.057532116770744324
VTM-006274,DG-796ab43f6114,anatase,0,1,1,0.7228928804397583,0.09171481430530548,0.754929780960083,0.11395077407360077,0.039404645562171936
VTM-006276,DG-eb341a6de4eb,anatase,0,1,1,0.6789290308952332,0.0003595555608626455,0.9932974576950073,0.0031070103868842125,0.003235973883420229
VTM-006278,DG-16f936dd9298,anatase,0,1,1,0.6921742558479309,0.07825621962547302,0.6342480778694153,0.24499426782131195,0.04250144213438034
VTM-006282,DG-6918d9390f09,anatase,0,1,1,0.8459970951080322,0.42122364044189453,0.5469757914543152,0.002312249504029751,0.029488280415534973
VTM-006287,DG-3a3501476b61,anatase,0,1,1,0.7349196076393127,0.0489371083676815,0.9290273189544678,0.015585249289870262,0.006450331769883633
VTM-006296,DG-112d6e934f1b,anatase,0,1,1,0.7080074548721313,0.004256554879248142,0.9900574684143066,0.0010926580289378762,0.004593393299728632
VTM-006300,DG-979e6edfce44,anatase,0,1,1,0.6725357174873352,0.059653811156749725,0.5962802171707153,0.23994114995002747,0.10412479937076569
VTM-006311,DG-aa46f4ad87d0,anatase,0,1,1,0.6860135197639465,0.0011550711933523417,0.9880552291870117,0.0038114958442747593,0.006978209596127272
VTM-006324,DG-1dc6871862db,anatase,0,1,1,0.7158901691436768,0.01009712740778923,0.9820882081985474,0.0024411340709775686,0.005373559892177582
VTM-006330,DG-fc214509b3bb,anatase,0,1,3,0.6154447793960571,0.03834494203329086,0.234797865152359,0.18069414794445038,0.5461630821228027
VTM-006345,DG-9e5474b4ad58,anatase,0,1,1,0.6730807423591614,0.06432373821735382,0.49666887521743774,0.07812754064798355,0.3608798384666443
VTM-006349,DG-49efe37631ec,anatase,0,1,1,0.7257830500602722,0.11004458367824554,0.7097764015197754,0.0646267905831337,0.11555216461420059
VTM-006356,DG-bf63801c3476,anatase,0,1,1,0.6584972143173218,0.003400277579203248,0.783513069152832,0.20848502218723297,0.004601578693836927
VTM-006363,DG-a6108475bdeb,anatase,0,1,3,0.6038187742233276,0.026554755866527557,0.07192688435316086,0.2894785404205322,0.6120398640632629
VTM-006371,DG-2e92eedabd9c,anatase,0,1,1,0.65711510181427,0.0030085346661508083,0.9409890174865723,0.025076311081647873,0.03092612512409687
VTM-006373,DG-f1b1dceccc29,anatase,0,1,1,0.6611631512641907,0.07574833929538727,0.49074429273605347,0.3082771301269531,0.12523026764392853
VTM-006377,DG-c7e8605056a3,anatase,0,1,1,0.6430192589759827,0.01063157431781292,0.7359979152679443,0.2101600170135498,0.043210435658693314
VTM-006379,DG-a1b2af69f0d4,anatase,0,1,2,0.525825023651123,0.0005806125118397176,0.4327767491340637,0.5597043633460999,0.006938272155821323
VTM-006384,DG-da953788905a,anatase,0,1,1,0.8127923011779785,0.32923653721809387,0.6194024085998535,0.03576099872589111,0.015600093640387058
VTM-006390,DG-01b24e441a7a,anatase,0,1,1,0.6774135231971741,0.02073894441127777,0.7537142038345337,0.1932748705148697,0.03227201849222183
VTM-006392,DG-71d2815d1bd5,anatase,0,1,3,0.5781034231185913,0.00483629759401083,0.2962769865989685,0.14924699068069458,0.5496397018432617
VTM-006394,DG-d8d2ecff120b,anatase,0,1,1,0.6685366034507751,0.0002132744120899588,0.993983268737793,0.0035549169406294823,0.002248565899208188
VTM-006395,DG-4198c77573ae,anatase,0,1,2,0.574881911277771,0.025127626955509186,0.23216348886489868,0.7133864164352417,0.029322458431124687
VTM-006397,DG-beb3d06894af,anatase,0,1,1,0.7106442451477051,0.009677521884441376,0.9673393368721008,0.010218610987067223,0.012764489278197289
VTM-006408,DG-2c1083b700a0,anatase,0,1,1,0.7266363501548767,0.0460624024271965,0.888067364692688,0.04969139024615288,0.016178779304027557
VTM-006409,DG-c37555994414,anatase,0,1,1,0.7013753652572632,0.0019792497623711824,0.9821998476982117,0.013158084824681282,0.002662793267518282
VTM-006415,DG-9e24ee739682,anatase,0,1,1,0.7545750141143799,0.2234203815460205,0.561095118522644,0.08057895302772522,0.13490548729896545
VTM-006418,DG-30e2ec80c738,anatase,0,1,1,0.70782870054245,0.0030274060554802418,0.9846636652946472,0.008547998033463955,0.003760924097150564
VTM-006420,DG-9bda9a0160af,anatase,0,1,1,0.708255410194397,0.002616729587316513,0.9895238876342773,0.005246889311820269,0.002612451557070017
VTM-006432,DG-3a4fa0633cb1,anatase,0,1,1,0.7488307952880859,0.14203953742980957,0.6960694789886475,0.04155415669083595,0.1203368753194809
VTM-006435,DG-f8d0a1c8c68d,anatase,0,1,1,0.714187741279602,0.014052949845790863,0.9761954545974731,0.0007291972287930548,0.009022440761327744
VTM-006437,DG-39b47311c139,anatase,0,1,1,0.7115253806114197,0.004928284790366888,0.9889676570892334,0.0009460512083023787,0.00515807094052434
VTM-006442,DG-69f04811ed52,anatase,0,1,2,0.598645031452179,0.025206390768289566,0.37252306938171387,0.5793377757072449,0.022932805120944977
VTM-006445,DG-ce8b18e9b2a2,anatase,0,1,1,0.7007777690887451,0.0026547384914010763,0.9211681485176086,0.07318761199712753,0.002989558968693018
VTM-006449,DG-6445a784e0c6,anatase,0,1,1,0.728118896484375,0.07304538786411285,0.8140602707862854,0.08181915432214737,0.03107522800564766
VTM-006461,DG-ad0165fc6794,anatase,0,1,1,0.6843226552009583,0.010750547982752323,0.8655667304992676,0.0935240164399147,0.030158797279000282
VTM-006466,DG-265eef3b3006,anatase,0,1,1,0.6559733152389526,0.000506359850987792,0.9799929261207581,0.00794861651957035,0.01155210193246603
VTM-006467,DG-fb2944857aa6,anatase,0,1,1,0.7080705165863037,0.009194999001920223,0.973108172416687,0.006274229846894741,0.011422602459788322
VTM-006471,DG-3e20b73fe28f,anatase,0,1,0,0.8914517164230347,0.7604657411575317,0.1992914080619812,0.011609779670834541,0.028633078560233116
VTM-006476,DG-d9bc43ce4b7f,anatase,0,1,1,0.7120910286903381,0.06793532520532608,0.7278262376785278,0.1780194342136383,0.026218988001346588
VTM-006478,DG-a4bdb7f9591b,anatase,0,1,1,0.741646409034729,0.0761878490447998,0.8865059614181519,0.028269469738006592,0.00903673842549324
VTM-006480,DG-b24501d7950f,anatase,0,1,3,0.6016526222229004,0.017244935035705566,0.13162699341773987,0.05824516713619232,0.7928829193115234
VTM-006488,DG-d391398b2da7,anatase,0,1,0,0.8951365947723389,0.8131431341171265,0.1105368360877037,0.03239480033516884,0.043925248086452484
VTM-006490,DG-a2f7e9929fc5,anatase,0,1,1,0.7125884890556335,0.005581800360232592,0.9836569428443909,0.009558452293276787,0.0012028011260554194
VTM-006500,DG-3e4e17e6ec8d,anatase,0,1,0,0.8973658084869385,0.8595039248466492,0.07167012989521027,0.01139378547668457,0.057432208210229874
VTM-006503,DG-db7c8c165e43,anatase,0,1,1,0.8235827684402466,0.3407059609889984,0.6378805041313171,0.014529932290315628,0.006883608177304268
VTM-006504,DG-18b4c46bb671,anatase,0,1,1,0.6431936621665955,0.02317853271961212,0.5111021399497986,0.0752752274274826,0.3904440999031067
VTM-006510,DG-87b52cf4b977,anatase,0,1,1,0.7113646864891052,0.005282666068524122,0.9818206429481506,0.010526018217206001,0.0023706546053290367
VTM-006511,DG-86b871038077,anatase,0,1,2,0.5655800104141235,0.014013823121786118,0.37842798233032227,0.5597054958343506,0.04785275459289551
VTM-006516,DG-23b4f9d15b43,anatase,0,1,1,0.8197363615036011,0.34639596939086914,0.6086384654045105,0.025157853960990906,0.01980767957866192
VTM-006533,DG-1f903b18ddda,perovskite,0,1,1,0.7059836387634277,0.03084612265229225,0.8697118759155273,0.07073137909173965,0.02871055155992508
VTM-006541,DG-835a801f23da,perovskite,0,1,1,0.6187371611595154,0.007329397369176149,0.5958602428436279,0.3843955993652344,0.012414753437042236
VTM-006562,DG-35d50aa085e6,perovskite,0,1,1,0.6628527045249939,0.0066072894260287285,0.7757137417793274,0.20059260725975037,0.01708635315299034
VTM-006564,DG-644958babe8e,perovskite,0,1,1,0.797171950340271,0.2877686619758606,0.67876136302948,0.006619083695113659,0.026850908994674683
VTM-006566,DG-f6239c05b656,perovskite,0,1,2,0.5055004954338074,0.002908270340412855,0.18533587455749512,0.6600384712219238,0.15171736478805542
VTM-006570,DG-ca69ccc90dac,perovskite,0,1,1,0.700048565864563,0.0010525472462177277,0.9956679344177246,0.0018844902515411377,0.001394958235323429
VTM-006575,DG-11ae31e5d33e,perovskite,0,1,0,0.8842233419418335,0.7193820476531982,0.08486220985651016,0.02678387239575386,0.16897188127040863
VTM-006579,DG-03968fb48da1,perovskite,0,1,3,0.7053466439247131,0.16732639074325562,0.20370356738567352,0.10629446059465408,0.5226755142211914
VTM-006580,DG-78c669fe7d06,perovskite,0,1,2,0.5552361607551575,0.014171510934829712,0.17640678584575653,0.7863333225250244,0.023088425397872925
VTM-006591,DG-1d2cf2cae958,perovskite,0,1,0,0.7763033509254456,0.3505614101886749,0.20827916264533997,0.20328053832054138,0.23787888884544373
VTM-006592,DG-6a8bff671d50,perovskite,0,1,1,0.704789400100708,0.0001850319968070835,0.9941819906234741,0.0053937193006277084,0.00023922434775158763
VTM-006593,DG-6924e9fa7beb,perovskite,0,1,0,0.802153468132019,0.411914587020874,0.15727117657661438,0.3341502547264099,0.0966639518737793
VTM-006595,DG-a10bfe44f494,perovskite,0,1,1,0.6489527225494385,0.002495888154953718,0.8834679126739502,0.04625903069972992,0.06777721643447876
VTM-006596,DG-e959e1343827,perovskite,0,1,1,0.7464553713798523,0.060336146503686905,0.9235717058181763,0.007495577912777662,0.008596573024988174
VTM-006618,DG-e058c49622bc,perovskite,0,1,1,0.6302968263626099,0.0012532550608739257,0.8087706565856934,0.17202714085578918,0.017948921769857407
VTM-006630,DG-4869d5ae8f80,perovskite,0,1,1,0.6781343221664429,0.027529846876859665,0.7832450270652771,0.025243274867534637,0.1639818400144577
VTM-006635,DG-23594ab189e8,perovskite,0,1,1,0.660479724407196,0.006843547336757183,0.8088809847831726,0.06451594829559326,0.11975954473018646
VTM-006639,DG-93f5dc1c4df2,perovskite,0,1,0,0.8974220752716064,0.8590177297592163,0.08165930956602097,0.004322214983403683,0.05500079318881035
VTM-006644,DG-37761b327bb4,perovskite,0,1,1,0.6906327605247498,0.006539362948387861,0.866044282913208,0.11911308020353317,0.008303239941596985
VTM-006647,DG-8d8763f17b67,perovskite,0,1,0,0.898607611656189,0.848721444606781,0.14293283224105835,0.0009145442163571715,0.0074311550706624985
VTM-006648,DG-d680a4d6e142,perovskite,0,1,1,0.7704404592514038,0.2825859785079956,0.3667716979980469,0.12834665179252625,0.22229568660259247
VTM-006653,DG-8acc97e99e5e,perovskite,0,1,2,0.6478727459907532,0.06482338905334473,0.39228856563568115,0.4420561194419861,0.10083195567131042
VTM-006655,DG-39398201aeb2,perovskite,0,1,0,0.8844659924507141,0.7083072066307068,0.21694442629814148,0.05081993341445923,0.02392849139869213
VTM-006657,DG-b8aafa85cd66,perovskite,0,1,0,0.8429056406021118,0.47808825969696045,0.3938944339752197,0.0619329959154129,0.06608428806066513
VTM-006663,DG-7002e94c0f25,perovskite,0,1,0,0.8541509509086609,0.572978675365448,0.3009706437587738,0.11175743490457535,0.014293212443590164
VTM-006669,DG-ca7fc283c3e0,perovskite,0,1,1,0.6155221462249756,0.0034583103843033314,0.585917592048645,0.4040294885635376,0.00659459363669157
VTM-006671,DG-4c5394909071,perovskite,0,1,1,0.6479265093803406,0.0034501897171139717,0.8564998507499695,0.10584715008735657,0.03420281782746315
VTM-006674,DG-29853a9c9e48,perovskite,0,1,0,0.885442316532135,0.6763155460357666,0.2929857075214386,0.011144393123686314,0.01955442503094673
VTM-006702,DG-05ce0b58d145,perovskite,0,1,1,0.7156268358230591,0.11127866059541702,0.630409300327301,0.2198372781276703,0.03847474604845047
VTM-006704,DG-35a61c51bf04,perovskite,0,1,2,0.5480803847312927,0.00022786983754485846,0.053703635931015015,0.9458304047584534,0.00023808864352758974
VTM-006712,DG-8f55863f8ea1,perovskite,0,1,1,0.6952224373817444,0.02692105807363987,0.850813627243042,0.04910947382450104,0.07315585017204285
VTM-006718,DG-aa10f143e383,perovskite,0,1,1,0.6577485799789429,0.00043628111598081887,0.9820559024810791,0.002903556451201439,0.014604311436414719
VTM-006719,DG-3afed5e49e28,perovskite,0,1,1,0.6292503476142883,0.004088144749403,0.7520705461502075,0.05272341147065163,0.19111786782741547
VTM-006720,DG-b34cba61ef89,perovskite,0,1,2,0.7312020063400269,0.24756690859794617,0.20353421568870544,0.46528705954551697,0.08361180126667023
VTM-006723,DG-260189d80767,perovskite,0,1,1,0.6652886271476746,0.05126370117068291,0.5706188678741455,0.3179996609687805,0.06011780723929405
VTM-006729,DG-f3e55769ff61,perovskite,0,1,3,0.8080723285675049,0.36693644523620605,0.2290826439857483,0.0028904438950121403,0.40109047293663025
VTM-006738,DG-1c1a3c4ef6a5,perovskite,0,1,0,0.8655645251274109,0.5303439497947693,0.4391629099845886,0.008419187739491463,0.022073950618505478
VTM-006745,DG-e46e9d5bd1b0,perovskite,0,1,3,0.5269602537155151,0.00013009642134420574,0.04551210626959801,0.026773802936077118,0.9275839328765869
VTM-006746,DG-15742dc2018a,perovskite,0,1,0,0.8792148232460022,0.689094066619873,0.17972873151302338,0.014919191598892212,0.11625798046588898
VTM-006750,DG-a375d8956f65,perovskite,0,1,3,0.6949118971824646,0.13484342396259308,0.06339351832866669,0.08714453876018524,0.714618444442749
VTM-006752,DG-0b399df40ff6,perovskite,0,1,1,0.7709574103355408,0.15671022236347198,0.7749346494674683,0.044143348932266235,0.02421174757182598
VTM-006756,DG-7fe862f885ef,perovskite,0,1,1,0.7831748127937317,0.2279491424560547,0.638778805732727,0.025294354185461998,0.10797768831253052
VTM-006763,DG-5923ebe32d44,perovskite,0,1,1,0.7587156891822815,0.23915883898735046,0.5425891876220703,0.09068901836872101,0.12756291031837463
VTM-006770,DG-8af983db7de9,perovskite,0,1,1,0.6765484809875488,0.02313527837395668,0.7237435579299927,0.2159249484539032,0.03719623014330864
VTM-006773,DG-4e4e2c60036a,perovskite,0,1,0,0.8718802332878113,0.563569962978363,0.41753751039505005,0.014855380170047283,0.004037151113152504
VTM-006774,DG-e6573e0b29ec,perovskite,0,1,1,0.7445629835128784,0.15551963448524475,0.7232787609100342,0.10642006993293762,0.014781543985009193
VTM-006777,DG-af8325128ef5,perovskite,0,1,1,0.6307762861251831,0.02293279394507408,0.549492359161377,0.14580737054347992,0.28176742792129517
VTM-006783,DG-4ea38b753c1d,perovskite,0,1,0,0.8453584909439087,0.5315600037574768,0.27832159399986267,0.05345645919442177,0.13666193187236786
VTM-006789,DG-91a87bde4235,perovskite,0,1,0,0.8468671441078186,0.5640438795089722,0.16543856263160706,0.11471765488386154,0.1557999551296234
VTM-006792,DG-35eb75caf639,perovskite,0,1,1,0.6447756290435791,0.037667110562324524,0.5227422118186951,0.4278625547885895,0.011728117242455482
VTM-006795,DG-add3274436d0,perovskite,0,1,1,0.7861571311950684,0.29860126972198486,0.5178793668746948,0.15756748616695404,0.02595190331339836
VTM-006797,DG-50aefe90f359,perovskite,0,1,2,0.49416324496269226,0.0034416643902659416,0.09279853105545044,0.8489199876785278,0.05483976751565933
VTM-006801,DG-ea0f173988c7,perovskite,0,1,3,0.6048440337181091,0.023554934188723564,0.10229161381721497,0.05562038719654083,0.8185330629348755
VTM-006802,DG-f27d5e7ca7b3,perovskite,0,1,3,0.7719665169715881,0.27773720026016235,0.26719969511032104,0.026804771274328232,0.42825835943222046
VTM-006807,DG-3db1fe4ffc10,perovskite,0,1,1,0.6704555749893188,0.007986240088939667,0.7397972345352173,0.24569161236286163,0.006524900905787945
VTM-006809,DG-52eb4c4698ac,perovskite,0,1,0,0.895561933517456,0.7747108936309814,0.1775931715965271,0.010346044786274433,0.03734986484050751
VTM-006812,DG-d6fc273c2664,perovskite,0,1,1,0.7052156925201416,0.00043799742707051337,0.9952719807624817,0.0028892681002616882,0.0014007530407980084
VTM-006814,DG-0b751e4cb272,perovskite,0,1,2,0.5641161799430847,0.0060373591259121895,0.12879830598831177,0.8614158630371094,0.0037485440261662006
VTM-006815,DG-417147546517,perovskite,0,1,1,0.682094395160675,0.01219446212053299,0.8892797231674194,0.05932678282260895,0.03919902816414833
VTM-006818,DG-73cc4e599178,perovskite,0,1,1,0.8343738913536072,0.4320605993270874,0.4926358461380005,0.00703036691993475,0.06827317923307419
VTM-006821,DG-1f359c0dcffa,perovskite,0,1,0,0.8372959494590759,0.5082734823226929,0.0970655083656311,0.1203741729259491,0.2742868959903717
VTM-006827,DG-556a131aaeaf,perovskite,0,1,2,0.5445529818534851,0.013770582154393196,0.09438187628984451,0.8563361167907715,0.035511475056409836
VTM-006831,DG-d68fb0c71597,perovskite,0,1,1,0.6897217035293579,0.0017422677483409643,0.9000129103660583,0.09523287415504456,0.0030119498260319233
VTM-006833,DG-94bc56856a4d,perovskite,0,1,1,0.6321858763694763,0.01216212846338749,0.6363085508346558,0.3186196982860565,0.032909639179706573
VTM-006837,DG-343b09f74dde,perovskite,0,1,1,0.7161877155303955,0.00943356566131115,0.9858756065368652,0.0028354583773761988,0.0018553906120359898
VTM-006844,DG-9bf13122376d,perovskite,0,1,3,0.7542977333068848,0.2806720733642578,0.18298085033893585,0.029738135635852814,0.5066089630126953
VTM-006845,DG-e8e1450adde3,perovskite,0,1,1,0.7041895389556885,0.103799968957901,0.6252801418304443,0.12913179397583008,0.1417880803346634
VTM-006849,DG-b1f251cf666f,perovskite,0,1,1,0.6049284338951111,0.0333760567009449,0.4362547993659973,0.3960503339767456,0.1343187540769577
VTM-006853,DG-ab41a705c6a6,perovskite,0,1,3,0.6389343738555908,0.06620054692029953,0.10012021660804749,0.023571429774165154,0.8101078271865845
VTM-006855,DG-53a21c00e78d,perovskite,0,1,1,0.7112760543823242,0.08894038945436478,0.6335349678993225,0.0352332629263401,0.24229136109352112
VTM-006865,DG-63548c1d61c2,perovskite,0,1,2,0.5548239946365356,0.012403193861246109,0.32231998443603516,0.5502663850784302,0.11501040309667587
VTM-006875,DG-fb1970d2ff6f,perovskite,0,1,0,0.8838207721710205,0.7113682627677917,0.16053234040737152,0.015331202186644077,0.1127682477235794
VTM-006887,DG-86578adce0e4,perovskite,0,1,1,0.6910485029220581,0.02043963596224785,0.780488133430481,0.19523701071739197,0.0038352306000888348
VTM-006891,DG-8dfa5e733ae1,perovskite,0,1,0,0.8824051022529602,0.6741405725479126,0.2895520329475403,0.006122132297605276,0.03018532507121563
VTM-006898,DG-6f4492e2f9e1,rutile,0,1,1,0.5739346146583557,0.004465623293071985,0.5199226140975952,0.3569067716598511,0.11870498210191727
VTM-006906,DG-7f087c3660f5,rutile,0,1,1,0.6233978271484375,0.0009005924221128225,0.8328522443771362,0.10218310356140137,0.06406402587890625
VTM-006908,DG-dc60ca226509,rutile,0,1,3,0.6636072397232056,0.09943054616451263,0.1260104775428772,0.3679581880569458,0.40660080313682556
VTM-006916,DG-4cb828c27c61,rutile,0,1,1,0.6733695864677429,0.05589383468031883,0.619676947593689,0.030912842601537704,0.29351627826690674
VTM-006917,DG-6ee3ca1f3798,rutile,0,1,3,0.665463387966156,0.09547282755374908,0.31985121965408325,0.21423090994358063,0.37044504284858704
VTM-006933,DG-5ba0b26133f3,rutile,0,1,1,0.6814786195755005,0.012706456705927849,0.7648273706436157,0.21494311094284058,0.007523091044276953
VTM-006934,DG-30753fc2b957,rutile,0,1,2,0.516983687877655,0.0005825698026455939,0.06962825357913971,0.9286601543426514,0.001128978910855949
VTM-006935,DG-e1a68ff2aa8d,rutile,0,1,3,0.6823870539665222,0.11212282627820969,0.16863758862018585,0.1461493819952011,0.5730901956558228
VTM-006959,DG-8ba48f39262c,rutile,0,1,1,0.6361397504806519,0.009703938849270344,0.7239660620689392,0.15808378159999847,0.10824619978666306
VTM-006967,DG-fa4bff23af8b,rutile,0,1,2,0.5845027565956116,0.032732006162405014,0.1714872419834137,0.5546543598175049,0.2411264032125473
VTM-006971,DG-dca3cf74d23b,rutile,0,1,1,0.6688687205314636,0.020179398357868195,0.8051331043243408,0.13399653136730194,0.04069090262055397
VTM-006976,DG-da93d215b880,rutile,0,1,1,0.7125715017318726,0.008615424856543541,0.9783703088760376,0.006198742892593145,0.006815491244196892
VTM-006978,DG-3b43749310e1,rutile,0,1,1,0.7132594585418701,0.19946414232254028,0.30159687995910645,0.23209995031356812,0.26683902740478516
VTM-006983,DG-a7b59cae618b,rutile,0,1,1,0.6152606010437012,0.009438526816666126,0.6335573792457581,0.33862143754959106,0.01838267780840397
VTM-006984,DG-154c71809bbc,rutile,0,1,1,0.6698720455169678,0.00036724735400639474,0.9928687214851379,0.0022900181356817484,0.004473973996937275
VTM-006985,DG-0eee9f6bbcfc,rutile,0,1,1,0.6278383135795593,0.00024531022063456476,0.8535847663879395,0.13621661067008972,0.00995333306491375
VTM-006994,DG-a7ce3a9925a2,rutile,0,1,1,0.7058541178703308,0.01316208578646183,0.9392364025115967,0.021958913654088974,0.025642670691013336
VTM-006995,DG-b0604379d089,rutile,0,1,1,0.7566487789154053,0.11116094887256622,0.8735122680664062,0.004556884989142418,0.010769881308078766
VTM-006998,DG-acbe1e05c541,rutile,0,1,1,0.6883783340454102,0.056365542113780975,0.6844781637191772,0.16558516025543213,0.09357112646102905
VTM-007002,DG-c6cad96fd5a7,rutile,0,1,1,0.730826735496521,0.04678228124976158,0.9505509734153748,0.00044740631710737944,0.0022193854674696922
VTM-007007,DG-493cac276dd5,rutile,0,1,2,0.7120066285133362,0.17678964138031006,0.20887964963912964,0.32151591777801514,0.29281479120254517
VTM-007026,DG-e3dbfb5405a7,rutile,0,1,1,0.735850989818573,0.20599108934402466,0.3830522894859314,0.28180766105651855,0.1291489601135254
VTM-007029,DG-0b8d368c44aa,rutile,0,1,1,0.7188341021537781,0.017616931349039078,0.9619621634483337,0.005503433756530285,0.014917416498064995
VTM-007032,DG-0b8472e2b902,rutile,0,1,1,0.7146660685539246,0.007015620823949575,0.9891306161880493,0.0022007403895258904,0.0016529882559552789
VTM-007037,DG-22d358f0e974,rutile,0,1,1,0.7336365580558777,0.07537481188774109,0.8358564376831055,0.03675993159413338,0.05200887471437454
VTM-007040,DG-b872fe4b369e,rutile,0,1,1,0.711027204990387,0.1796957403421402,0.44441038370132446,0.280961275100708,0.09493257105350494
VTM-007041,DG-fa8281c7c40c,rutile,0,1,1,0.6951998472213745,0.023437632247805595,0.8525866866111755,0.07102353125810623,0.0529521182179451
VTM-007048,DG-f9986ce5a4bd,rutile,0,1,1,0.7055304050445557,0.0016470346599817276,0.9927542209625244,0.0027751056477427483,0.0028236645739525557
VTM-007049,DG-4715ac3ecf84,rutile,0,1,1,0.6526876091957092,0.006267994176596403,0.8183399438858032,0.15904957056045532,0.016342515125870705
VTM-007054,DG-6a7637f40650,rutile,0,1,1,0.7038126587867737,0.04702641814947128,0.7965435981750488,0.09410789608955383,0.062322068959474564
VTM-007065,DG-cadf3c36e12e,rutile,0,1,2,0.5744483470916748,0.0030644554644823074,0.43145641684532166,0.5582144856452942,0.007264619693160057
VTM-007070,DG-d34b22e095bf,rutile,0,1,1,0.7096903324127197,0.001973002450540662,0.9876128435134888,0.009882199577987194,0.0005319383344613016
VTM-007081,DG-af5f4536f2b9,rutile,0,1,1,0.7061202526092529,0.03305544704198837,0.8353166580200195,0.11490217596292496,0.016725720837712288
VTM-007082,DG-6f908de6422f,rutile,0,1,1,0.7608013153076172,0.2181980013847351,0.564887285232544,0.05505901575088501,0.16185566782951355
VTM-007088,DG-45d08d11eb84,rutile,0,1,3,0.7311575412750244,0.2003040611743927,0.1541418731212616,0.08859600126743317,0.556958019733429
VTM-007091,DG-f83f28631de7,rutile,0,1,1,0.6661115884780884,0.014195220544934273,0.7312829494476318,0.2359110713005066,0.01861078105866909
VTM-007092,DG-f7a76505a9a5,rutile,0,1,1,0.7099635004997253,5.6431435950798914e-05,0.9994394779205322,0.00048546353355050087,1.864468322310131e-05
VTM-007093,DG-3ad8c3ee11d2,rutile,0,1,1,0.7002790570259094,0.0022577764466404915,0.9896883964538574,0.0028596557676792145,0.0051941582933068275
VTM-007102,DG-e197bfeae2ac,rutile,0,1,0,0.8967602849006653,0.8448842763900757,0.08332304656505585,0.01116928830742836,0.060623347759246826
VTM-007103,DG-9cbf002ecfe4,rutile,0,1,1,0.7085851430892944,0.00238796416670084,0.9822996854782104,0.01464717648923397,0.0006652056472375989
VTM-007104,DG-d9a87af4d5e2,rutile,0,1,1,0.7147194147109985,0.06572496891021729,0.700793981552124,0.1574268937110901,0.07605418562889099
VTM-007111,DG-ef1a791bd96c,rutile,0,1,1,0.5710663199424744,0.0034396229311823845,0.5487680435180664,0.41892698407173157,0.028865348547697067
VTM-007125,DG-314f5c22ba5e,rutile,0,1,1,0.7731640934944153,0.20854175090789795,0.6707186698913574,0.011746486648917198,0.10899311304092407
VTM-007127,DG-6e910964969a,rutile,0,1,3,0.5669103264808655,0.004706749226897955,0.09990739077329636,0.008676636032760143,0.8867092132568359
VTM-007141,DG-05026c817e51,rutile,0,1,1,0.7017285227775574,0.020886415615677834,0.8461635112762451,0.12277735769748688,0.010172707960009575
VTM-007144,DG-8f05a74e61f7,rutile,0,1,1,0.7133787274360657,0.01722102239727974,0.9598846435546875,0.010196203365921974,0.012698090635240078
VTM-007151,DG-6ef8ee263e12,rutile,0,1,1,0.7147077918052673,0.04690331965684891,0.8353956937789917,0.04213321954011917,0.07556778192520142
VTM-007157,DG-52a07fdd8b0a,rutile,0,1,1,0.7612636685371399,0.16063527762889862,0.7181248664855957,0.05479523539543152,0.06644456088542938
VTM-007168,DG-a6848732cd54,rutile,0,1,3,0.6770850419998169,0.1371886134147644,0.2578265070915222,0.20311948657035828,0.4018653631210327
VTM-007170,DG-0350d83b9da1,rutile,0,1,1,0.66710364818573,0.020462296903133392,0.6976816058158875,0.2622392773628235,0.019616883248090744
VTM-007178,DG-8b5edeae79e0,rutile,0,1,1,0.6836852431297302,0.006193812005221844,0.8497467041015625,0.13480813801288605,0.00925135612487793
VTM-007180,DG-722ac6aa9e5b,rutile,0,1,0,0.7859036326408386,0.3453384339809418,0.2720084488391876,0.3372069001197815,0.045446254312992096
VTM-007192,DG-d1ae79e833b4,rutile,0,1,2,0.7117377519607544,0.1811905950307846,0.37616610527038574,0.3977898955345154,0.04485338181257248
VTM-007208,DG-c96a7d06773e,rutile,0,1,1,0.7046018242835999,0.023526672273874283,0.9105364680290222,0.016144955530762672,0.049791932106018066
VTM-007209,DG-75227de7015a,rutile,0,1,1,0.7696689367294312,0.13433167338371277,0.819050669670105,0.03243470937013626,0.014182900078594685
VTM-007210,DG-eb7443f02093,rutile,0,1,1,0.7398245334625244,0.15932434797286987,0.6258887648582458,0.17521069943904877,0.03957619518041611
VTM-007215,DG-1a04dbe54b28,rutile,0,1,3,0.7539732456207275,0.2433089315891266,0.1392311006784439,0.037852924317121506,0.5796070694923401
VTM-007216,DG-22e342ab37aa,rutile,0,1,1,0.7009274959564209,0.0025287431199103594,0.9850174188613892,0.0004550905432552099,0.011998675763607025
VTM-007223,DG-342bb1eca302,rutile,0,1,0,0.8943367600440979,0.9596824645996094,0.02320544794201851,0.0028550687711685896,0.01425698958337307
VTM-007231,DG-036c5667b7e9,rutile,0,1,0,0.8193013668060303,0.43794161081314087,0.12216747552156448,0.010309486649930477,0.4295814037322998
VTM-007232,DG-2b9a3b169394,rutile,0,1,0,0.8643071055412292,0.5804281234741211,0.34337276220321655,0.00860755704343319,0.0675915777683258
VTM-007233,DG-777d83515793,rutile,0,1,1,0.7135556936264038,0.008111780509352684,0.9679744243621826,0.021968871355056763,0.0019448793027549982
VTM-007235,DG-262ac6e6eda6,rutile,0,1,1,0.6153031587600708,0.0017632927047088742,0.7193747162818909,0.2586444020271301,0.02021758444607258
VTM-007248,DG-c274fac1f1b0,rutile,0,1,1,0.757390022277832,0.14973992109298706,0.8174627423286438,0.008356628008186817,0.024440724402666092
VTM-007260,DG-34ff53d91d21,rutile,0,1,1,0.6096656918525696,0.00358338444493711,0.7153320908546448,0.20188450813293457,0.07920003682374954
VTM-007262,DG-d9346a5d5ba9,rutile,0,1,1,0.6180727481842041,0.0011164500610902905,0.7828959822654724,0.1970832645893097,0.018904298543930054
VTM-007264,DG-d73558b211eb,rutile,0,1,1,0.687335729598999,0.0019093351438641548,0.8749668598175049,0.12079180777072906,0.0023319884203374386
VTM-007268,DG-b8e680a00dc5,rutile,0,1,1,0.7015109658241272,0.0025456396397203207,0.9757151007652283,0.01742384023964405,0.0043154144659638405
VTM-007269,DG-9513b4eb8a6c,rutile,0,1,1,0.7266457676887512,0.0696648508310318,0.8232515454292297,0.031429700553417206,0.07565389573574066
VTM-007271,DG-aa36737f32b4,rutile,0,1,1,0.7237889170646667,0.020852087065577507,0.9643551707267761,0.006833053193986416,0.007959715090692043
VTM-007273,DG-9b15bae5be2b,rutile,0,1,1,0.667964518070221,0.00407110620290041,0.9568328857421875,0.017613541334867477,0.021482495591044426
VTM-007277,DG-34e702311346,rutile,0,1,1,0.7128601670265198,0.05815054476261139,0.7056658864021301,0.19192750751972198,0.04425611346960068
VTM-007284,DG-ddc98eca336f,rutile,0,1,0,0.8546225428581238,0.5299275517463684,0.34350720047950745,0.044975318014621735,0.08158985525369644
VTM-007297,DG-11dd6589c9bb,rutile,0,1,0,0.6821940541267395,0.60881507396698,0.10496892035007477,0.005779478698968887,0.2804364860057831
VTM-007298,DG-eb93b6bf811d,rutile,0,1,0,0.8316596746444702,0.5249971151351929,0.3212856352329254,0.006085227243602276,0.14763198792934418
VTM-007299,DG-4348e5d59120,rutile,0,1,3,0.7579479813575745,0.28024038672447205,0.13919320702552795,0.08653045445680618,0.49403589963912964
VTM-007310,DG-51c153e1350b,rutile,0,1,1,0.7125453948974609,0.013087733648717403,0.9427784085273743,0.03787204623222351,0.006261847447603941
VTM-007311,DG-1514d436b7a8,rutile,0,1,1,0.6848049163818359,0.005318602547049522,0.9244247674942017,0.0574059821665287,0.012850687839090824
VTM-007318,DG-71dafe8d9886,rutile,0,1,1,0.6675972938537598,0.06643302738666534,0.5273832082748413,0.2616675794124603,0.1445162147283554
VTM-007323,DG-3889b7880739,rutile,0,1,1,0.673080325126648,0.00025367512716911733,0.9906499981880188,0.006596656981855631,0.002499643014743924
VTM-007331,DG-8cc20c992753,rutile,0,1,1,0.7065920233726501,0.0009229651186615229,0.9975411891937256,0.0007144093979150057,0.0008213959517888725
VTM-007335,DG-7c2d016f2e95,rutile,0,1,1,0.7062639594078064,0.009684651158750057,0.9670329093933105,0.011150872334837914,0.01213161926716566
VTM-007340,DG-c775bdf1d201,rutile,0,1,1,0.7160170078277588,0.0310625359416008,0.9084068536758423,0.00935136154294014,0.05117928981781006
VTM-007347,DG-7c08f5eb76a2,rutile,0,1,3,0.6579275727272034,0.06157279759645462,0.3892884850502014,0.07771417498588562,0.47142457962036133
VTM-007348,DG-39597209e51d,rutile,0,1,1,0.6745918393135071,0.011838741600513458,0.867194414138794,0.09858033061027527,0.022386478260159492
VTM-007352,DG-b544af5fc942,rutile,0,1,1,0.6100940704345703,0.004911615047603846,0.5923448801040649,0.3901110887527466,0.012632351368665695
VTM-007357,DG-5adbf853b6c3,rutile,0,1,0,0.8555309176445007,0.5911941528320312,0.19506710767745972,0.07742533832788467,0.13631340861320496
VTM-007359,DG-199c7997a512,rutile,0,1,1,0.7132247090339661,0.12414336204528809,0.6219639182090759,0.132247656583786,0.12164510786533356
VTM-007364,DG-9ffa4b76f08e,rutile,0,1,1,0.681363582611084,0.06660236418247223,0.5614446997642517,0.3355672359466553,0.03638568893074989
VTM-007373,DG-4e935c97ba32,rutile,0,1,1,0.7739519476890564,0.18886414170265198,0.7170454859733582,0.03382904827594757,0.06026129424571991
VTM-007377,DG-eb9bc8a2a73f,rutile,0,1,1,0.697838306427002,0.03441992774605751,0.8212275505065918,0.02102053537964821,0.12333203852176666
VTM-007380,DG-fdce72a1f494,rutile,0,1,1,0.6287215352058411,0.008955063298344612,0.6599822044372559,0.3032892048358917,0.027773544192314148
VTM-007381,DG-95ea1df312d6,rutile,0,1,1,0.7106316089630127,0.015011606737971306,0.9495593309402466,0.0029875626787543297,0.03244149684906006
VTM-007382,DG-139b38e4d40e,rutile,0,1,2,0.5331591963768005,0.002601019572466612,0.27407991886138916,0.7143477201461792,0.008971327915787697
VTM-007385,DG-4897059f854c,rutile,0,1,1,0.7852553725242615,0.19022506475448608,0.7895556688308716,0.010999645106494427,0.00921956542879343
VTM-007386,DG-0a104ab8bdc8,rutile,0,1,2,0.5267528295516968,0.003227591048926115,0.2632575035095215,0.7248134016990662,0.0087015051394701
VTM-007394,DG-2c7580fecab0,rutile,0,1,1,0.7785459160804749,0.22282925248146057,0.6570636034011841,0.01685260236263275,0.10325456410646439
VTM-007395,DG-9a4fe90e7020,rutile,0,1,1,0.5653969645500183,0.002072481205686927,0.40715211629867554,0.2647867798805237,0.3259885609149933
VTM-007397,DG-8bcd5e9f4c16,rutile,0,1,1,0.6859487295150757,0.026017194613814354,0.8167887330055237,0.11899424344301224,0.03819980099797249
VTM-007400,DG-45eba17851f1,rutile,0,1,2,0.562690794467926,0.023443840444087982,0.1158561259508133,0.8333044648170471,0.02739560231566429
VTM-007410,DG-82767d14f349,rutile,0,1,1,0.6645503640174866,0.005082332529127598,0.910560131072998,0.022073067724704742,0.06228446215391159
VTM-007423,DG-c371acb7234e,rutile,0,1,1,0.6883248090744019,0.005789171438664198,0.9678512811660767,0.009194526821374893,0.017165014520287514
VTM-007428,DG-15d67b0d89e1,rutile,0,1,1,0.6769440770149231,0.0002727380197029561,0.979779064655304,0.017501559108495712,0.0024466607719659805
VTM-007441,DG-c90b6affaa03,rutile,0,1,2,0.66220623254776,0.0986236035823822,0.27000191807746887,0.5871816873550415,0.044192805886268616
VTM-007453,DG-86b7bb730720,rutile,0,1,1,0.6611674427986145,0.06102041155099869,0.4119807779788971,0.1509636491537094,0.376035213470459
VTM-007454,DG-a98d740c3883,rutile,0,1,3,0.6077291965484619,0.014235110953450203,0.00651172548532486,0.0007238982943817973,0.9785292744636536
VTM-007461,DG-5b479771c1f3,rutile,0,1,3,0.6520839929580688,0.052266575396060944,0.03312037140130997,0.43723827600479126,0.477374792098999
VTM-007464,DG-3ed493b5d858,rutile,0,1,1,0.7169989347457886,0.03685322776436806,0.8830485343933105,0.021698851138353348,0.05839940160512924
VTM-007469,DG-352ed7bda653,rutile,0,1,1,0.6082300543785095,0.007677681278437376,0.5310499668121338,0.4479113221168518,0.013361092656850815
VTM-007471,DG-8abf3b75f366,rutile,0,1,1,0.6821898818016052,0.005619020666927099,0.958937406539917,0.022750461474061012,0.012693103402853012
VTM-007482,DG-6fb9437c2fb3,rutile,0,1,1,0.7080060243606567,0.0014606998302042484,0.9956169128417969,0.0014629325596615672,0.0014594660606235266
VTM-007483,DG-a4616a0dcab1,rutile,0,1,1,0.6886243224143982,0.0007964874967001379,0.9290106296539307,0.06842085719108582,0.0017721279291436076
VTM-007486,DG-eff26cc1b3ea,rutile,0,1,1,0.7062216401100159,0.0306521188467741,0.8437318801879883,0.09073962271213531,0.03487640246748924
VTM-007497,DG-168f545ece85,rutile,0,1,2,0.5198571681976318,0.006943991407752037,0.13083165884017944,0.8191677331924438,0.043056584894657135
VTM-007501,DG-b2499e85570b,rutile,0,1,1,0.6218698024749756,0.019787218421697617,0.5808283090591431,0.21043628454208374,0.18894818425178528
VTM-007505,DG-41372b09c0ad,rutile,0,1,1,0.6730672121047974,0.007576856762170792,0.8837543725967407,0.021209225058555603,0.08745954185724258
VTM-007509,DG-925dc8d0a56c,rutile,0,1,1,0.7083638906478882,0.010884435847401619,0.953104555606842,0.005815477110445499,0.03019554913043976
VTM-007510,DG-b45f88fd00f9,rutile,0,1,1,0.6902931332588196,0.0031120043713599443,0.9662420749664307,0.01672198623418808,0.01392399799078703
VTM-007523,DG-e337aefe7e7e,rutile,0,1,1,0.662709653377533,0.0007221960695460439,0.9713799953460693,0.016481470316648483,0.01141633465886116
VTM-007526,DG-8dea373e596d,rutile,0,1,1,0.704078733921051,0.0004006005765404552,0.9848572015762329,0.014390966854989529,0.00035125031718052924
VTM-007527,DG-fa54bd5840ea,rutile,0,1,1,0.704072117805481,0.008600795641541481,0.9364615678787231,0.039586350321769714,0.015351330861449242
VTM-007529,DG-d2a96e03beea,rutile,0,1,0,0.8692174553871155,0.6222198009490967,0.032708726823329926,0.03244634345173836,0.3126251697540283
VTM-007532,DG-34acfdfeae40,rutile,0,1,0,0.8021748661994934,0.38601455092430115,0.1473485231399536,0.3738502264022827,0.09278672188520432
VTM-007533,DG-0b88f16d1d5c,rutile,0,1,1,0.7941257953643799,0.27883195877075195,0.6062952876091003,0.07593586295843124,0.03893689811229706
VTM-007535,DG-db26d01eeb40,rutile,0,1,1,0.703454315662384,0.03241290897130966,0.8662919998168945,0.06791694462299347,0.033378176391124725
VTM-007539,DG-538d5d90083a,rutile,0,1,1,0.7264092564582825,0.031542159616947174,0.937558650970459,0.019994042813777924,0.010905069299042225
VTM-007542,DG-161b7757dac5,rutile,0,1,1,0.7458742260932922,0.08094234019517899,0.8602433204650879,0.01712183654308319,0.04169248044490814
VTM-007546,DG-2b98513691d0,rutile,0,1,1,0.6627799272537231,0.00041337928269058466,0.9955009818077087,0.0015052026137709618,0.0025804205797612667
VTM-007553,DG-3165bab86739,rutile,0,1,1,0.6792937517166138,0.0005702628986909986,0.9905381202697754,0.006938890554010868,0.0019527426920831203
VTM-007557,DG-f0f1acee2624,rutile,0,1,1,0.6939455270767212,0.005816137418150902,0.9605939388275146,0.02116459794342518,0.012425374239683151
VTM-007564,DG-c77fe4795b4e,rutile,0,1,1,0.6738582253456116,0.0008932919008657336,0.9795648455619812,0.013148686848580837,0.006393122486770153
VTM-007566,DG-0e21269d2000,rutile,0,1,1,0.6314751505851746,0.02197987772524357,0.5467595458030701,0.09858638048171997,0.33267414569854736
VTM-007567,DG-d3c9e3267179,rutile,0,1,2,0.6325318217277527,0.07449807226657867,0.24922069907188416,0.5726006031036377,0.10368062555789948
VTM-007570,DG-d9477c89108a,rutile,0,1,1,0.6691507697105408,0.034868985414505005,0.7400513887405396,0.08787035942077637,0.13720931112766266
VTM-007580,DG-bc48501d8fce,rutile,0,1,0,0.7831423878669739,0.39446407556533813,0.15250253677368164,0.13599012792110443,0.31704333424568176
VTM-007583,DG-b98be2ccb042,rutile,0,1,1,0.7086193561553955,0.017162563279271126,0.9278349280357361,0.031589608639478683,0.023412901908159256
VTM-007587,DG-a55b27abe7d0,rutile,0,1,1,0.7489178776741028,0.11740989983081818,0.8551508188247681,0.023649374023079872,0.003789869137108326
VTM-007591,DG-cd6dbe9adde8,rutile,0,1,1,0.7682299017906189,0.16524651646614075,0.760764479637146,0.0375678613781929,0.03642111271619797
VTM-007604,DG-950eb1c237d2,rutile,0,1,1,0.6062746644020081,0.014122944325208664,0.5485419034957886,0.34616148471832275,0.0911736935377121
VTM-007615,DG-b13ab0e3785e,rutile,0,1,1,0.7632214426994324,0.19694560766220093,0.6246618628501892,0.12804092466831207,0.05035163462162018
VTM-007616,DG-461954f116bf,rutile,0,1,1,0.7332955002784729,0.16133397817611694,0.4539650082588196,0.02173464745283127,0.3629663586616516
VTM-007619,DG-1fd3852a6314,rutile,0,1,1,0.604840874671936,0.0007252087234519422,0.7261978387832642,0.24241384863853455,0.030663080513477325
VTM-007620,DG-a8242b078ae2,rutile,0,1,1,0.6698417663574219,0.001310666324570775,0.951452910900116,0.04268253222107887,0.004553904756903648
VTM-007634,DG-5429475747c9,rutile,0,1,0,0.8255752325057983,0.4636108875274658,0.3157811462879181,0.0039690094999969006,0.21663892269134521
VTM-007653,DG-3f598ecd89b5,rutile,0,1,1,0.7428123354911804,0.1299523115158081,0.7385404109954834,0.036697983741760254,0.09480934590101242
VTM-007660,DG-79c33dbb6681,rutile,0,1,0,0.8187910318374634,0.4428083002567291,0.33325716853141785,0.1192319318652153,0.10470262914896011
VTM-007663,DG-226fb7b8a8d2,rutile,0,1,1,0.8136448264122009,0.30539631843566895,0.638025164604187,0.011029412969946861,0.045549094676971436
VTM-007667,DG-e16b556a112b,rutile,0,1,1,0.6649969220161438,0.041395049542188644,0.6196157932281494,0.3106553852558136,0.028333816677331924
VTM-007670,DG-85d5798aadde,rutile,0,1,3,0.6183803081512451,0.04073064774274826,0.07800692319869995,0.020530449226498604,0.8607320189476013
VTM-007677,DG-54c3baf572f2,rutile,0,1,0,0.8737350702285767,0.616402804851532,0.3641873002052307,0.005361124873161316,0.014048789627850056
VTM-007681,DG-f75ab0ccf62c,rutile,0,1,3,0.7546679973602295,0.2453601062297821,0.11942952871322632,0.04264521971344948,0.5925651788711548
VTM-007682,DG-941618bd8f31,rutile,0,1,1,0.6549663543701172,0.003155715297907591,0.9185962677001953,0.018680406734347343,0.059567585587501526
VTM-007687,DG-0c5f60c4a3b4,rutile,0,1,1,0.7162092328071594,0.014518323354423046,0.955986738204956,0.023195955902338028,0.006299011409282684
VTM-007695,DG-ff4045c2a14f,rutile,0,1,2,0.5853533148765564,0.010863000527024269,0.3157831132411957,0.6621460318565369,0.01120780035853386
VTM-007697,DG-f5c6896e9b4b,rutile,0,1,1,0.6750279664993286,0.0038910340517759323,0.9216581583023071,0.058871135115623474,0.0155797079205513
VTM-007699,DG-849a873aa5a4,rutile,0,1,1,0.5963379740715027,0.005982139613479376,0.5816236734390259,0.34226858615875244,0.07012564688920975
VTM-007700,DG-b71b51b386fb,rutile,0,1,1,0.7672658562660217,0.12726432085037231,0.8071143627166748,0.024974573403596878,0.040646735578775406
VTM-007701,DG-9b582849c3d7,rutile,0,1,1,0.7412837147712708,0.21743521094322205,0.45746710896492004,0.16881997883319855,0.15627771615982056
VTM-007706,DG-fafc111bab75,rutile,0,1,0,0.8310747146606445,0.46342888474464417,0.40191876888275146,0.041618794202804565,0.09303354471921921
VTM-007707,DG-f0ea92e86f33,rutile,0,1,1,0.7057751417160034,0.043591324239969254,0.7949420213699341,0.15070508420467377,0.010761545971035957
VTM-007711,DG-0fe66615eaf1,rutile,0,1,1,0.6525313854217529,0.010880695655941963,0.7557010054588318,0.2012077420949936,0.03221052139997482
VTM-007712,DG-b83e31818a0c,rutile,0,1,1,0.6819902062416077,0.09322590380907059,0.45019420981407166,0.4158223569393158,0.04075760021805763
VTM-007718,DG-e9f951f4bd3f,rutile,0,1,1,0.7452317476272583,0.09411835670471191,0.8357064127922058,0.019147593528032303,0.05102761089801788
VTM-007732,DG-f60703cce716,rutile,0,1,2,0.5547528862953186,0.009942899458110332,0.25797170400619507,0.6996520161628723,0.032433394342660904
VTM-007735,DG-05fdd115fd69,rutile,0,1,0,0.7939996719360352,0.3813967704772949,0.2570120394229889,0.30984434485435486,0.051746830344200134
VTM-007746,DG-fff3aa7f9365,rutile,0,1,1,0.7058441042900085,0.00036695823655463755,0.9987492561340332,0.0006136855226941407,0.0002700738259591162
VTM-007749,DG-5303404c2e69,rutile,0,1,1,0.6961917281150818,0.1533648669719696,0.4048953354358673,0.1314122974872589,0.3103275001049042
VTM-007750,DG-a81a25c409e8,rutile,0,1,2,0.6032633781433105,0.04060161113739014,0.33106178045272827,0.40138643980026245,0.22695019841194153
VTM-007755,DG-944f33f66490,rutile,0,1,1,0.6504717469215393,0.0009586244123056531,0.9105278849601746,0.07337599247694016,0.015137484297156334
VTM-007757,DG-80ee3b1a6e0a,rutile,0,1,1,0.7120495438575745,0.012629690580070019,0.9528442621231079,0.02560017630457878,0.008925866335630417
VTM-007765,DG-f4b7ef0ac743,rutile,0,1,1,0.6830337047576904,0.011824088171124458,0.9076792001724243,0.0056452080607414246,0.07485149055719376
VTM-007768,DG-28073c0797cd,rutile,0,1,1,0.8174040913581848,0.3575153052806854,0.5715884566307068,0.035162508487701416,0.03573369234800339
VTM-007771,DG-273720ecb0d3,rutile,0,1,1,0.66556316614151,0.0023571006022393703,0.8826422691345215,0.09754276275634766,0.01745789684355259
VTM-007784,DG-db2409770d58,rutile,0,1,1,0.6978655457496643,0.0019010691903531551,0.9856232404708862,0.009678158909082413,0.00279755680821836
VTM-007786,DG-68853dc5763d,rutile,0,1,1,0.669728696346283,0.007705137133598328,0.8837525248527527,0.07268860936164856,0.03585371747612953
VTM-007788,DG-555f81e77195,rutile,0,1,1,0.7106988430023193,0.025183912366628647,0.9146872758865356,0.038008902221918106,0.022119881585240364
VTM-007791,DG-11892ea0a290,rutile,0,1,1,0.6772013306617737,0.09907618165016174,0.5203690528869629,0.2804425060749054,0.10011222958564758
VTM-007793,DG-d6d71d7543b1,rutile,0,1,1,0.6708281636238098,0.009386297315359116,0.8596107959747314,0.05477984994649887,0.07622312009334564
VTM-007797,DG-be3486c6c842,rutile,0,1,1,0.7056580781936646,0.0008360426872968674,0.993170976638794,0.005045323166996241,0.000947567168623209
VTM-007801,DG-749462d8666f,rutile,0,1,1,0.6949216723442078,0.0013378276489675045,0.9543383121490479,0.042349718511104584,0.0019741347059607506
VTM-007802,DG-c8a6002dd126,rutile,0,1,2,0.5744054317474365,0.004800168797373772,0.4316459894180298,0.5560855269432068,0.007468310184776783
VTM-007803,DG-10235aa01f6d,rutile,0,1,1,0.7227784395217896,0.042303066700696945,0.8914238214492798,0.0159327182918787,0.0503404438495636
VTM-007815,DG-a59bc7fb7e2f,rutile,0,1,1,0.6689954400062561,0.0009722306858748198,0.9349948763847351,0.05480072274804115,0.009232107549905777
VTM-007816,DG-5ae8168464e4,rutile,0,1,1,0.694575309753418,0.02157827466726303,0.8453258872032166,0.10326611250638962,0.02982974797487259
VTM-007827,DG-0a74a7cfe43e,rutile,0,1,1,0.6982647180557251,0.06803759932518005,0.7025580406188965,0.124724380671978,0.10468000918626785
VTM-007838,DG-e1f9335465cb,rutile,0,1,2,0.768259584903717,0.3229427933692932,0.23657096922397614,0.36438795924186707,0.07609830051660538
VTM-007849,DG-3f90abd10786,rutile,0,1,1,0.6731442809104919,0.00755685567855835,0.8883457183837891,0.012839939445257187,0.0912574827671051
VTM-007859,DG-6e70a4248338,rutile,0,1,3,0.7123628258705139,0.18380573391914368,0.15980245172977448,0.2508115768432617,0.40558022260665894
VTM-007881,DG-c1799ea6db6f,rutile,0,1,2,0.729893147945404,0.23629021644592285,0.08902004361152649,0.5634145140647888,0.11127529293298721
VTM-007888,DG-aacf04d2a8ae,rutile,0,1,1,0.7618550658226013,0.1624804437160492,0.7273195385932922,0.08449853956699371,0.025701399892568588
VTM-007895,DG-bc791272671a,rutile,0,1,1,0.6855794191360474,0.00030013720970600843,0.996769368648529,0.0021239654161036015,0.0008065379224717617
VTM-007899,DG-47cf619f5db1,rutile,0,1,1,0.6770968437194824,0.006596880964934826,0.7901571989059448,0.19661220908164978,0.006633748300373554
VTM-007902,DG-f7d8a9a398f7,rutile,0,1,1,0.6980292797088623,0.0021173455752432346,0.9890170693397522,0.004362842068076134,0.004502737428992987
VTM-007910,DG-a0fc78f41be9,rutile,0,1,1,0.7027077078819275,0.017612773925065994,0.902738094329834,0.02512252889573574,0.05452653765678406
VTM-007913,DG-1b4f069186b0,rutile,0,1,1,0.7113544940948486,0.009348239749670029,0.9675901532173157,0.015398489311337471,0.007663126569241285
VTM-007915,DG-36d9615d8c61,rutile,0,1,0,0.8922985792160034,0.7805130481719971,0.15251648426055908,0.041720155626535416,0.025250323116779327
VTM-007918,DG-ed8cf27a2e78,rutile,0,1,1,0.7142207622528076,0.011908399872481823,0.9652878046035767,0.010202640667557716,0.012601232156157494
VTM-007922,DG-0d7754f7d499,rutile,0,1,1,0.6590230464935303,0.060098789632320404,0.515799343585968,0.39792871475219727,0.026173142716288567
VTM-007933,DG-3eb8712d6994,rutile,0,1,0,0.8431299328804016,0.5203059315681458,0.16727489233016968,0.10714195668697357,0.20527727901935577
VTM-007935,DG-cd1f1f7b383a,rutile,0,1,0,0.8747613430023193,0.6675626039505005,0.1484975665807724,0.018284976482391357,0.16565477848052979
VTM-007938,DG-248b24b44236,rutile,0,1,0,0.8459877371788025,0.5386694669723511,0.16378577053546906,0.07174567878246307,0.225799098610878
VTM-007942,DG-e0ffe42803fb,rutile,0,1,1,0.7053197026252747,0.002451041480526328,0.9579811096191406,0.03763490170240402,0.0019328870112076402
VTM-007957,DG-7cad84161666,rutile,0,1,1,0.6343192458152771,0.015615927055478096,0.6135005950927734,0.33848991990089417,0.032393597066402435
VTM-007967,DG-d475ed7901d8,rutile,0,1,1,0.5472614765167236,0.0017955360235646367,0.4882122278213501,0.46521109342575073,0.0447811633348465
VTM-007969,DG-ac59db3c0136,rutile,0,1,1,0.8201550841331482,0.3858988881111145,0.5007455348968506,0.08820034563541412,0.025155195966362953
VTM-007970,DG-688c2e18cf43,rutile,0,1,1,0.7958930730819702,0.25702765583992004,0.66323322057724,0.02785353548824787,0.05188561975955963
VTM-007974,DG-75f7ce2166e8,rutile,0,1,1,0.7296895980834961,0.06191670894622803,0.8743671178817749,0.04375312849879265,0.019963053986430168
VTM-007979,DG-765fe6920f91,rutile,0,1,1,0.7944932579994202,0.22352102398872375,0.7524107098579407,0.008532176725566387,0.015536081045866013
VTM-007982,DG-4b7aa1790ccb,rutile,0,1,0,0.8571245670318604,0.6235827803611755,0.15780341625213623,0.08400288969278336,0.13461093604564667
VTM-007986,DG-98060dcaab6c,rutile,0,1,3,0.6142625212669373,0.03852825611829758,0.22897911071777344,0.17241817712783813,0.5600744485855103
VTM-007988,DG-5bd3ed32afcb,rutile,0,1,2,0.5000430345535278,0.0032058735378086567,0.060689449310302734,0.9157484769821167,0.020356211811304092
VTM-007997,DG-bc1130a58a7d,rutile,0,1,1,0.77283775806427,0.2956697940826416,0.3529384136199951,0.027534272521734238,0.32385748624801636
VTM-007998,DG-2a947cf08731,rutile,0,1,1,0.679865300655365,0.010796405375003815,0.9079980254173279,0.05501200631260872,0.026193588972091675
VTM-008012,DG-58aed1ffc140,rutile,0,1,3,0.5769360661506653,0.01514502614736557,0.15626201033592224,0.010552287101745605,0.818040668964386
VTM-008018,DG-2e6dca4e47d4,rutile,0,1,1,0.6651108264923096,0.008791442960500717,0.8795303702354431,0.005029898136854172,0.10664829611778259
VTM-008024,DG-6523804f739b,rutile,0,1,1,0.6735017895698547,0.00040622768574394286,0.9721416234970093,0.02438419684767723,0.0030679807532578707
VTM-008032,DG-b94efdc6f66c,rutile,0,1,1,0.7338432669639587,0.052017562091350555,0.9144099950790405,0.017713936045765877,0.015858514234423637
VTM-008035,DG-a2848b06c1c6,rutile,0,1,1,0.6852272152900696,0.0186784490942955,0.7812619209289551,0.1865502893924713,0.013509349897503853
VTM-008036,DG-49324173995c,rutile,0,1,1,0.7244662642478943,0.04847849905490875,0.8743473291397095,0.028611015528440475,0.04856317117810249
VTM-008037,DG-868be94e2e92,rutile,0,1,2,0.5640997886657715,0.0012508075451478362,0.38213226199150085,0.6140900254249573,0.0025268937461078167
VTM-008038,DG-07cbd71a0865,rutile,0,1,1,0.7257393598556519,0.16613170504570007,0.5560874938964844,0.21606820821762085,0.0617125928401947
VTM-008047,DG-fac5c63cc8c1,rutile,0,1,1,0.6833651065826416,0.0274928268045187,0.7311841249465942,0.2271823287010193,0.014140771701931953
VTM-008058,DG-30855bec2c45,rutile,0,1,1,0.6084697842597961,0.007053656037896872,0.590001106262207,0.3652164340019226,0.03772883117198944
VTM-008059,DG-a7bac81cf861,rutile,0,1,2,0.6247989535331726,0.048507947474718094,0.4027710556983948,0.4616103172302246,0.08711066842079163
VTM-008066,DG-692713a94210,rutile,0,1,0,0.8756189942359924,0.6855025291442871,0.17816050350666046,0.1118025928735733,0.02453436143696308
VTM-008069,DG-592a914da8e0,rutile,0,1,1,0.7113460302352905,0.009970588609576225,0.9508854150772095,0.03519012778997421,0.003953829407691956
VTM-008073,DG-1b817da01ddf,rutile,0,1,1,0.7634512186050415,0.24071307480335236,0.5806974172592163,0.08581437170505524,0.0927751287817955
VTM-008076,DG-44eef5fae25f,rutile,0,1,1,0.7391477823257446,0.05539192259311676,0.8991289138793945,0.03515302389860153,0.010326161980628967
VTM-008086,DG-487fbeec00c4,rutile,0,1,1,0.7219992876052856,0.021506041288375854,0.9673324823379517,0.006908911280333996,0.004252528306096792
VTM-008087,DG-c775a3ec9c79,rutile,0,1,3,0.5762472152709961,0.006481526419520378,0.15878981351852417,0.03644029051065445,0.7982884049415588
VTM-008098,DG-770d313b2929,rutile,0,1,1,0.6856709122657776,0.10711599886417389,0.5506031513214111,0.1341259777545929,0.2081548571586609
VTM-008100,DG-8e1cc3ce55a3,rutile,0,1,1,0.6682771444320679,0.0006168525433167815,0.8879844546318054,0.10920339822769165,0.0021953678224235773
VTM-008103,DG-178878878760,rutile,0,1,1,0.7247327566146851,0.03055945225059986,0.9357435703277588,0.022679707035422325,0.011017296463251114
VTM-008104,DG-db1dbca8dc46,rutile,0,1,1,0.7337299585342407,0.053291138261556625,0.8947428464889526,0.042898133397102356,0.009067894890904427
VTM-008106,DG-4019b69d29d3,rutile,0,1,1,0.6673998832702637,0.07727959752082825,0.5012880563735962,0.1990024596452713,0.22242990136146545
VTM-008107,DG-ea3d5480ac2e,rutile,0,1,1,0.692333996295929,0.0010092396987602115,0.9641692042350769,0.032640621066093445,0.002180906943976879
VTM-008109,DG-db6038ce6a44,rutile,0,1,0,0.8209912776947021,0.4473108649253845,0.17173916101455688,0.10895176976919174,0.27199819684028625
VTM-008114,DG-aaacda3cb80f,rutile,0,1,1,0.7622829079627991,0.1717093288898468,0.7012121677398682,0.0696897953748703,0.057388655841350555
VTM-008115,DG-ee9a87b0ab1e,rutile,0,1,1,0.7107301354408264,0.000729093502741307,0.9979814291000366,0.0011265214998275042,0.0001630072802072391
VTM-008118,DG-179cc83abdd9,rutile,0,1,1,0.6777777671813965,0.002795236883684993,0.9594326019287109,0.02312013879418373,0.014652015641331673
VTM-008119,DG-7b2fbfb3b470,rutile,0,1,2,0.6222277283668518,0.05985162407159805,0.2804633378982544,0.5167216658592224,0.14296340942382812
VTM-008121,DG-9b82089c0d36,rutile,0,1,1,0.7151656150817871,0.0801108106970787,0.7378905415534973,0.13862039148807526,0.04337828978896141
VTM-008123,DG-3a2b2e7f3eae,rutile,0,1,1,0.6171591877937317,0.008994665928184986,0.5266960263252258,0.06709079444408417,0.3972185254096985
VTM-008128,DG-878648e84483,rutile,0,1,2,0.5208713412284851,0.0007306116167455912,0.08754629641771317,0.9071403741836548,0.004582674242556095
VTM-008134,DG-6b1d76f3953b,rutile,0,1,0,0.8883602619171143,0.7393680214881897,0.21392923593521118,0.005649514961987734,0.04105329513549805
VTM-008137,DG-6e939fb9860c,rutile,0,1,1,0.69810551404953,0.00222702044993639,0.96690434217453,0.022153588011860847,0.008715048432350159
VTM-008138,DG-93b3faa3f600,rutile,0,1,1,0.7109336853027344,0.0016044455114752054,0.9911839365959167,0.006550576537847519,0.000660977850202471
VTM-008139,DG-5577989ff75e,rutile,0,1,0,0.8983562588691711,0.8799605369567871,0.1162552535533905,0.001472815521992743,0.0023113221395760775
VTM-008172,DG-24c14f1dbe67,rutile,0,1,1,0.6454922556877136,0.0009941532043740153,0.9250675439834595,0.006051870062947273,0.06788638234138489
VTM-008182,DG-88386d3ede84,rutile,0,1,1,0.7004775404930115,0.0035373326390981674,0.9862624406814575,0.00350768119096756,0.006692520808428526
VTM-008193,DG-f84f338db424,rutile,0,1,1,0.6844399571418762,0.002060093218460679,0.9551279544830322,0.037243034690618515,0.0055689625442028046
VTM-008199,DG-39ee22dc019b,rutile,0,1,1,0.6910382509231567,0.0722736120223999,0.682345449924469,0.1146758496761322,0.1307050883769989
VTM-008203,DG-7b9753be8bc3,rutile,0,1,0,0.7550402879714966,0.30367645621299744,0.2976963520050049,0.21933922171592712,0.17928794026374817
VTM-008208,DG-81d901fe141d,rutile,0,1,1,0.7133805751800537,0.004181833937764168,0.9882062673568726,0.0071698082610964775,0.0004421766789164394
VTM-008212,DG-c85dbe094e7c,rutile,0,1,3,0.6897205114364624,0.1413278430700302,0.262208491563797,0.07539999485015869,0.5210636854171753
VTM-008214,DG-a867623d7bf3,rutile,0,1,1,0.7020731568336487,0.002457541413605213,0.9799787998199463,0.015440959483385086,0.0021227113902568817
VTM-008215,DG-0102d7fcf1be,rutile,0,1,0,0.7732061147689819,0.3609062731266022,0.28445741534233093,0.2333141267299652,0.12132222950458527
VTM-008217,DG-19c51a694216,rutile,0,1,3,0.7703972458839417,0.3054966628551483,0.06931114196777344,0.10238340497016907,0.522808849811554
VTM-008218,DG-96f1a0505965,rutile,0,1,1,0.7320793867111206,0.0372915156185627,0.928808867931366,0.007122362032532692,0.026777274906635284
VTM-008220,DG-9b32640533f0,rutile,0,1,1,0.7095242142677307,0.05791076272726059,0.769687294960022,0.020202476531267166,0.15219944715499878
VTM-008222,DG-27ba75fc6243,rutile,0,1,1,0.6954525113105774,0.0006549831596203148,0.8858727812767029,0.11303667724132538,0.00043558573815971613
VTM-008228,DG-b432c40d4a17,rutile,0,1,0,0.789061427116394,0.3475351929664612,0.3100343346595764,0.08722545206546783,0.25520503520965576
VTM-008230,DG-0ca73b4e55e0,rutile,0,1,2,0.5396952033042908,0.015128512866795063,0.05337858572602272,0.7991969585418701,0.13229598104953766
VTM-008231,DG-27ca6a127bd0,rutile,0,1,1,0.6447345018386841,0.03359059989452362,0.5541702508926392,0.39011910557746887,0.02212008461356163
VTM-008233,DG-b998280bb8d6,rutile,0,1,1,0.6885982155799866,0.0006104826461523771,0.9410325288772583,0.057458311319351196,0.0008986172033473849
VTM-008239,DG-74658fb0af09,rutile,0,1,1,0.6900942921638489,0.11393244564533234,0.4077150225639343,0.07916717231273651,0.3991853892803192
VTM-008241,DG-31d6b2c3f3c2,rutile,0,1,1,0.6784030199050903,0.00023327978851739317,0.9929994940757751,0.005159757565706968,0.0016074649756774306
VTM-008247,DG-67d6603c8b74,rutile,0,1,3,0.6950293779373169,0.15684369206428528,0.22479459643363953,0.19855639338493347,0.4198053479194641
VTM-008255,DG-71c0effa4eb1,rutile,0,1,2,0.5482288002967834,0.009653199464082718,0.3178151845932007,0.6334407329559326,0.039090849459171295
VTM-008257,DG-4f4222ac7c39,rutile,0,1,2,0.5989440679550171,0.04046489670872688,0.22512778639793396,0.6989360451698303,0.035471219569444656
VTM-008259,DG-0000aadff800,titanite,0,1,1,0.6020967960357666,0.011126698926091194,0.4308492839336395,0.1724829375743866,0.38554108142852783
VTM-008265,DG-80346a21b719,titanite,0,1,1,0.5908515453338623,0.019057054072618484,0.4835890531539917,0.40302884578704834,0.09432502090930939
VTM-008267,DG-97148a3a1138,titanite,0,1,2,0.5710434913635254,0.0085230628028512,0.3903196156024933,0.567188560962677,0.03396875783801079
VTM-008268,DG-1f1b51b2208d,titanite,0,1,2,0.5231668949127197,0.000259524182183668,0.06470939517021179,0.9341568946838379,0.0008741919882595539
VTM-008269,DG-222ef9355d7e,titanite,0,1,3,0.6827183365821838,0.11216705292463303,0.34919044375419617,0.17721378803253174,0.3614286780357361
VTM-008271,DG-cd419831ebe5,titanite,0,1,2,0.5260385870933533,0.0018585019279271364,0.060860492289066315,0.5694031119346619,0.3678778409957886
VTM-008274,DG-81b6a2c402c7,titanite,0,1,2,0.4913330674171448,0.0009578904137015343,0.24656692147254944,0.7031046152114868,0.04937063530087471
VTM-008284,DG-ecb398c84372,titanite,0,1,1,0.6231292486190796,0.00011666305363178253,0.9328485727310181,0.04560455307364464,0.021430199965834618
VTM-008291,DG-3c147c6380ca,titanite,0,1,1,0.5840129852294922,0.0012714947806671262,0.6723241806030273,0.2942832410335541,0.032121069729328156
VTM-008304,DG-7b2505b11a8c,titanite,0,1,2,0.5358052253723145,0.00665001105517149,0.2117103636264801,0.7668884992599487,0.014751092530786991
VTM-008313,DG-835b15737272,titanite,0,1,1,0.708195149898529,0.0023424476385116577,0.9743020534515381,0.02140541933476925,0.001950080506503582
VTM-008321,DG-ce970c6214f6,titanite,0,1,1,0.6814177632331848,0.1119464635848999,0.47476041316986084,0.36774924397468567,0.0455438606441021
VTM-008327,DG-8209f3f06fa1,titanite,0,1,1,0.7159676551818848,0.1288682222366333,0.5550398230552673,0.04566023498773575,0.2704317271709442
VTM-008336,DG-5a101a1a85a7,titanite,0,1,1,0.6771711707115173,0.0004738380666822195,0.9061170816421509,0.09237057715654373,0.0010384912602603436
VTM-008343,DG-41bf76dfa70c,titanite,0,1,1,0.6719855666160583,0.00030292963492684066,0.8276430368423462,0.1712440699338913,0.0008099349215626717
VTM-008350,DG-5392acb588dd,titanite,0,1,2,0.5366260409355164,0.014841703698039055,0.07687577605247498,0.8859545588493347,0.022327974438667297
VTM-008353,DG-6292443cc0cd,titanite,0,1,2,0.515489399433136,0.006447157356888056,0.07355831563472748,0.894921064376831,0.025073403492569923
VTM-008356,DG-0e327c6c2379,titanite,0,1,2,0.559672474861145,0.006145015358924866,0.13576671481132507,0.8496130704879761,0.008475217968225479
VTM-008366,DG-2ac6d1506418,titanite,0,1,2,0.5460648536682129,0.004057026468217373,0.29523229598999023,0.690253496170044,0.010457135736942291
VTM-008371,DG-5130f7916a46,titanite,0,1,2,0.534617006778717,0.0018508350476622581,0.10387954860925674,0.8879414796829224,0.006328096613287926
VTM-008375,DG-1a27ab935ebf,titanite,0,1,1,0.6957455277442932,0.015139546245336533,0.9134427905082703,0.04481896013021469,0.026598699390888214
VTM-008376,DG-b454db917c27,titanite,0,1,3,0.6593888401985168,0.07203000038862228,0.345907986164093,0.09108535200357437,0.4909766912460327
VTM-008378,DG-eb99523592f7,titanite,0,1,1,0.6867414116859436,0.012273752130568027,0.8060842752456665,0.17516697943210602,0.006474948953837156
VTM-008381,DG-885e1f8a031a,titanite,0,1,2,0.557104229927063,0.0007953711901791394,0.2821585536003113,0.715765118598938,0.001280920347198844
VTM-008382,DG-a6b2518b55f4,titanite,0,1,1,0.6328502297401428,0.003124112728983164,0.689484715461731,0.3014647662639618,0.005926402751356363
VTM-008387,DG-0567564d711c,titanite,0,1,1,0.6874231100082397,0.0056134979240596294,0.8675951957702637,0.11767789721488953,0.009113402105867863
VTM-008389,DG-907c0a2749ab,titanite,0,1,1,0.7081640362739563,0.0011569459456950426,0.9766028523445129,0.02150796912610531,0.0007322574383579195
VTM-008398,DG-903f66f4e2a6,titanite,0,1,0,0.8537455201148987,0.5472104549407959,0.3744507431983948,0.06241186708211899,0.015926925465464592
VTM-008399,DG-897b6c22dfc6,titanite,0,1,2,0.4903899133205414,0.0015109581872820854,0.13361012935638428,0.8555541038513184,0.00932474434375763
VTM-008406,DG-242084ca5cce,titanite,0,1,1,0.7195122838020325,0.02780536748468876,0.909805417060852,0.026246696710586548,0.03614246845245361
VTM-008408,DG-4266166d57b4,titanite,0,1,1,0.745478630065918,0.12167620658874512,0.7554724216461182,0.09477503597736359,0.028076373040676117
VTM-008410,DG-7d2c9546bf46,titanite,0,1,1,0.6913486123085022,0.006981590762734413,0.9436600208282471,0.03236530348658562,0.016993124037981033
VTM-008411,DG-186f644e3b43,titanite,0,1,2,0.5759128332138062,0.0034278708044439554,0.30623358488082886,0.686668336391449,0.0036701993085443974
VTM-008413,DG-71d92d6bdb11,titanite,0,1,0,0.8802627325057983,0.6559844613075256,0.28760552406311035,0.02501787059009075,0.031392134726047516
VTM-008424,DG-5d47435f700f,titanite,0,1,2,0.7117060422897339,0.20396855473518372,0.27204519510269165,0.43197399377822876,0.09201226383447647
VTM-008437,DG-d5e78fe5540b,titanite,0,1,2,0.5540591478347778,0.0010011435952037573,0.20706292986869812,0.7907224297523499,0.0012134785065427423
VTM-008444,DG-4280a4272197,titanite,0,1,0,0.8557682037353516,0.5850346088409424,0.17946788668632507,0.11684196442365646,0.11865554004907608
VTM-008447,DG-66e696aa2d94,titanite,0,1,1,0.6376053690910339,0.0005657810834236443,0.7987185716629028,0.19461044669151306,0.0061051929369568825
VTM-008453,DG-21eaeb565517,titanite,0,1,2,0.550075113773346,0.0023786365054547787,0.2850372791290283,0.7080508470535278,0.004533254541456699
VTM-008459,DG-a4f09cf94b67,titanite,0,1,1,0.7027001976966858,0.0014718533493578434,0.9666907787322998,0.028687655925750732,0.0031496675219386816
VTM-008461,DG-54f50b42c07a,titanite,0,1,1,0.6336107850074768,0.002225409494712949,0.7997105121612549,0.18471769988536835,0.013346316292881966
VTM-008463,DG-eb676519a058,titanite,0,1,2,0.5133209824562073,0.0011252057738602161,0.3423823118209839,0.6362652778625488,0.02022721618413925
VTM-008465,DG-a7521885b971,titanite,0,1,2,0.5801780819892883,0.0009606571402400732,0.3993646502494812,0.5982511043548584,0.0014235763810575008
VTM-008475,DG-0f4b629d9390,titanite,0,1,1,0.737827718257904,0.275160014629364,0.3458999991416931,0.32945340871810913,0.049486517906188965
VTM-008476,DG-27b83318b9c2,titanite,0,1,0,0.8929691314697266,0.7945735454559326,0.13040272891521454,0.019467800855636597,0.05555587634444237
VTM-008478,DG-886009190a8e,titanite,0,1,1,0.5777875781059265,0.007277762051671743,0.35990843176841736,0.3016851544380188,0.33112865686416626
VTM-008479,DG-9ccfb599fd77,titanite,0,1,1,0.5955255031585693,0.015187662094831467,0.49440106749534607,0.4633123278617859,0.027098968625068665
VTM-008481,DG-4a007058bcf9,titanite,0,1,1,0.5897045135498047,0.008482865989208221,0.45903152227401733,0.25187820196151733,0.2806074321269989
VTM-008482,DG-1fffaf6ae75b,titanite,0,1,1,0.685583233833313,0.023756450042128563,0.8041911721229553,0.11524201929569244,0.05681036412715912
VTM-008488,DG-cf61cbc56945,titanite,0,1,1,0.712805449962616,0.002781067043542862,0.9914737343788147,0.005057201720774174,0.0006880201981402934
VTM-008490,DG-13f68d44547b,titanite,0,1,1,0.6564157009124756,0.0007055794703774154,0.8043252229690552,0.19329553842544556,0.0016736532561481
VTM-008494,DG-b08fee62c352,titanite,0,1,1,0.5433997511863708,0.0004291750956326723,0.4882722496986389,0.4308002293109894,0.08049836754798889
VTM-008508,DG-2a1f698be405,titanite,0,1,1,0.6406481862068176,0.006111993454396725,0.7894691228866577,0.03790095075964928,0.16651798784732819
VTM-008511,DG-38b189947097,titanite,0,1,0,0.8715335726737976,0.6589564085006714,0.13572125136852264,0.09983424097299576,0.10548808425664902
VTM-008536,DG-530487ff77dd,titanite,0,1,1,0.6686990857124329,0.005522110965102911,0.8940092325210571,0.07247178256511688,0.02799682691693306
VTM-008544,DG-91878df83d40,titanite,0,1,1,0.660455584526062,0.002751773688942194,0.8674768209457397,0.11866451799869537,0.011106918565928936
VTM-008553,DG-bb4ab0ab5d05,titanite,0,1,1,0.6609299778938293,0.0131676672026515,0.6495635509490967,0.3300135135650635,0.007255269680172205
VTM-008554,DG-07584d91647f,titanite,0,1,1,0.7317190766334534,0.08223764598369598,0.806175708770752,0.10270767658948898,0.00887891836464405
VTM-008562,DG-37eb764293e0,titanite,0,1,1,0.6942474842071533,0.0023732008412480354,0.9824047088623047,0.0073288921266794205,0.007893198169767857
VTM-008565,DG-cdf94a34139b,titanite,0,1,1,0.7289769649505615,0.05922595411539078,0.8801292181015015,0.018602903932332993,0.04204191267490387
VTM-008572,DG-fd68011a9df0,titanite,0,1,1,0.6388999223709106,0.0017215937841683626,0.8232374787330627,0.161078542470932,0.013962376862764359
VTM-008573,DG-14c183516716,titanite,0,1,1,0.6271095275878906,0.001048920676112175,0.7724968791007996,0.21972453594207764,0.006729678250849247
VTM-008574,DG-21d29ffc6ed9,titanite,0,1,1,0.65445876121521,0.0004920097999274731,0.9693795442581177,0.025523439049720764,0.0046050106175243855
VTM-008578,DG-2c85111e7b4d,titanite,0,1,1,0.6687383055686951,0.002538499888032675,0.936342179775238,0.05061197280883789,0.010507350787520409
VTM-008581,DG-defdf5c0157f,titanite,0,1,1,0.7067139744758606,0.024083564057946205,0.8746702671051025,0.0870976522564888,0.014148551970720291
VTM-008593,DG-d70851100832,titanite,0,1,1,0.6932196021080017,0.014342311769723892,0.816103458404541,0.16430917382240295,0.005245081149041653
VTM-008598,DG-1b50211ce2f4,titanite,0,1,1,0.6153964400291443,0.007965652272105217,0.560749888420105,0.41715365648269653,0.014130810275673866
VTM-008600,DG-98559e2cad9f,titanite,0,1,1,0.6025615334510803,0.0020776677411049604,0.6844066381454468,0.28911641240119934,0.024399273097515106
