image_id,split_group_id,mineral_label,outer_fold,true_class_id,predicted_class_id,route,prob_0,prob_1,prob_2,prob_3
VTM-000004,DG-93711816d7a2,ilmenite,0,0,3,0.5298909544944763,0.16525310277938843,0.07006174325942993,0.04538918286561966,0.7192959189414978
VTM-000019,DG-1f6c9a170d0a,ilmenite,0,0,1,0.0,0.14676928520202637,0.813143253326416,0.007350752595812082,0.032736778259277344
VTM-000022,DG-f06e5066d583,ilmenite,0,0,0,0.0,0.757621169090271,0.227899432182312,0.002775457687675953,0.011703983880579472
VTM-000023,DG-57c8be1f1a44,ilmenite,0,0,3,0.0,0.07670615613460541,0.06010456755757332,0.07549457997083664,0.7876946926116943
VTM-000026,DG-0cb281befc77,ilmenite,0,0,0,0.0,0.47777774930000305,0.4772431254386902,0.021653423085808754,0.02332572266459465
VTM-000029,DG-9f879b68f7a9,ilmenite,0,0,0,0.0,0.3413543701171875,0.20599299669265747,0.33683887124061584,0.11581380665302277
VTM-000031,DG-d7115b5d6740,ilmenite,0,0,0,0.0,0.9081727862358093,0.06098121404647827,0.003916652873158455,0.026929322630167007
VTM-000032,DG-a4d032ac7c43,ilmenite,0,0,3,0.5382243394851685,0.34827733039855957,0.1918366551399231,0.04543069005012512,0.4144553244113922
VTM-000033,DG-835a9a31582b,ilmenite,0,0,3,0.0,0.26558223366737366,0.21369406580924988,0.11318732798099518,0.4075363874435425
VTM-000042,DG-dd60957cc98f,ilmenite,0,0,3,0.0,0.0826038122177124,0.1934680938720703,0.2144767940044403,0.5094513297080994
VTM-000053,DG-0c19a5da525e,ilmenite,0,0,1,0.6777065396308899,0.04672260582447052,0.8037047386169434,0.03441309556365013,0.11515957117080688
VTM-000054,DG-4dc01708b6c1,ilmenite,0,0,3,0.0,0.0966866984963417,0.19220253825187683,0.03427841514348984,0.6768323183059692
VTM-000055,DG-3cad097ede55,ilmenite,0,0,1,0.0,0.22167669236660004,0.49651777744293213,0.19107407331466675,0.0907314196228981
VTM-000059,DG-104f7493d31e,ilmenite,0,0,0,0.0,0.9593073129653931,0.012691012583673,0.00012110918760299683,0.027880584821105003
VTM-000063,DG-a13316fbba17,ilmenite,0,0,0,0.0,0.7592909336090088,0.22128406167030334,0.007828878238797188,0.01159612089395523
VTM-000067,DG-5e3c1a734ecf,ilmenite,0,0,1,0.0,0.32451486587524414,0.6113502383232117,0.02350292168557644,0.040631964802742004
VTM-000071,DG-43ff4b7e71d7,ilmenite,0,0,0,0.0,0.7739202976226807,0.044971223920583725,0.009742753580212593,0.17136570811271667
VTM-000072,DG-f00d4292aa19,ilmenite,0,0,2,0.0,0.08925122022628784,0.22626352310180664,0.6031426191329956,0.0813426524400711
VTM-000078,DG-6cfccac709da,ilmenite,0,0,0,0.0,0.9343345761299133,0.04107435792684555,0.006781486794352531,0.01780962198972702
VTM-000079,DG-865801959617,ilmenite,0,0,0,0.0,0.9677624702453613,0.01976870559155941,0.00422668969258666,0.00824216939508915
VTM-000081,DG-a37ea3e212b7,ilmenite,0,0,0,0.0,0.9306986927986145,0.024894706904888153,0.0027510132640600204,0.04165561869740486
VTM-000097,DG-52dbc2d87ae6,ilmenite,0,0,1,0.6933390498161316,0.025357499718666077,0.8279730081558228,0.08210524916648865,0.06456423550844193
VTM-000102,DG-8f39b68c7460,ilmenite,0,0,0,0.0,0.72431880235672,0.15617744624614716,0.01330302469432354,0.10620070993900299
VTM-000103,DG-edd7bbc96d6a,ilmenite,0,0,0,0.0,0.9725410342216492,0.01821332424879074,0.0020368346013128757,0.0072088236920535564
VTM-000107,DG-2643e93c71a5,ilmenite,0,0,1,0.7830072045326233,0.004683115519583225,0.9847880601882935,0.0072427792474627495,0.0032860536593943834
VTM-000109,DG-45cfbbb23bdc,ilmenite,0,0,0,0.0,0.7277412414550781,0.1759064793586731,0.07451465725898743,0.021837662905454636
VTM-000114,DG-fc3a66d13a58,ilmenite,0,0,0,0.0,0.974956750869751,0.011605201289057732,0.0012926302151754498,0.012145427986979485
VTM-000119,DG-fb23410b9ff9,ilmenite,0,0,0,0.0,0.45863550901412964,0.11907844245433807,0.07655607908964157,0.3457300066947937
VTM-000120,DG-3e885422ff43,ilmenite,0,0,3,0.0,0.3027356266975403,0.16240382194519043,0.12702786922454834,0.40783271193504333
VTM-000123,DG-f7048b8cdbe5,ilmenite,0,0,2,0.0,0.01758011057972908,0.46674177050590515,0.4981006979942322,0.01757744327187538
VTM-000126,DG-c9aba633a410,ilmenite,0,0,0,0.0,0.8709844350814819,0.057322897017002106,0.010215437039732933,0.06147725507616997
VTM-000129,DG-70edfcef8486,ilmenite,0,0,0,0.0,0.4633307456970215,0.20360608398914337,0.2253161072731018,0.10774709284305573
VTM-000130,DG-c93fa69bd002,ilmenite,0,0,0,0.0,0.8227526545524597,0.07186222821474075,0.010734684765338898,0.09465041756629944
VTM-000136,DG-7d68bf215ad3,ilmenite,0,0,1,0.0,0.3339841067790985,0.3977765142917633,0.001070272410288453,0.2671690881252289
VTM-000137,DG-c1aed5f668d2,ilmenite,0,0,1,0.6020601987838745,0.14652010798454285,0.5766196250915527,0.011045769788324833,0.26581451296806335
VTM-000138,DG-6cfde0785f0c,ilmenite,0,0,1,0.7623468637466431,0.008425971493124962,0.9521586298942566,0.023163974285125732,0.016251428052783012
VTM-000143,DG-9af7bd61913c,ilmenite,0,0,3,0.0,0.0721028670668602,0.12577494978904724,0.30452588200569153,0.49759623408317566
VTM-000156,DG-b07c5902c813,ilmenite,0,0,0,0.5651336908340454,0.41843345761299133,0.3280732035636902,0.1774444580078125,0.07604889571666718
VTM-000164,DG-188a4021410f,ilmenite,0,0,0,0.0,0.7238557934761047,0.19874827563762665,0.06162691116333008,0.015768982470035553
VTM-000193,DG-52c3a93b717f,ilmenite,0,0,3,0.0,0.05920062214136124,0.3020990490913391,0.20586633682250977,0.4328339695930481
VTM-000196,DG-7327ff5c7b8d,ilmenite,0,0,3,0.0,0.16150619089603424,0.06509104371070862,0.014511944726109505,0.7588908672332764
VTM-000199,DG-c725c58e3f4e,ilmenite,0,0,0,0.0,0.7458048462867737,0.07046347856521606,0.10879042744636536,0.07494127750396729
VTM-000203,DG-c9a72486b1ef,ilmenite,0,0,0,0.0,0.5755405426025391,0.1566515862941742,0.03183422610163689,0.23597365617752075
VTM-000212,DG-a9d34317443f,ilmenite,0,0,1,0.0,0.27598023414611816,0.7175401449203491,0.0037975884042680264,0.0026819738559424877
VTM-000214,DG-e243cfd0a50c,ilmenite,0,0,1,0.748637318611145,0.004130884073674679,0.8825547099113464,0.11103446036577225,0.0022798641584813595
VTM-000216,DG-89f8774a7c9a,ilmenite,0,0,1,0.6656560301780701,0.06312738358974457,0.7460899949073792,0.1150214746594429,0.0757611021399498
VTM-000217,DG-aaf59fa905f6,ilmenite,0,0,2,0.0,0.044703394174575806,0.1354733407497406,0.5864434242248535,0.23337987065315247
VTM-000219,DG-90f99d0b37a9,ilmenite,0,0,1,0.6922335624694824,0.07285580039024353,0.8261536359786987,0.03552064672112465,0.06546992808580399
VTM-000226,DG-f38e353637cc,ilmenite,0,0,2,0.0,0.13496308028697968,0.1543492078781128,0.6786708235740662,0.032016851007938385
VTM-000239,DG-eafba2c762ae,ilmenite,0,0,0,0.0,0.7228577733039856,0.252452552318573,0.01617518439888954,0.008514497429132462
VTM-000241,DG-0f6c6dd21429,ilmenite,0,0,1,0.0,0.4797106385231018,0.48471322655677795,0.029035886749625206,0.006540245376527309
VTM-000247,DG-1d85bd9b85f1,ilmenite,0,0,0,0.0,0.7898682951927185,0.060725461691617966,0.08073198795318604,0.06867426633834839
VTM-000249,DG-b2860bfb1647,ilmenite,0,0,1,0.0,0.12855377793312073,0.7031641602516174,0.022612007334828377,0.1456701159477234
VTM-000265,DG-d503d286be4e,ilmenite,0,0,0,0.0,0.8023250102996826,0.17271092534065247,0.000973826099652797,0.023990299552679062
VTM-000280,DG-d28666dbe553,ilmenite,0,0,0,0.0,0.5690211057662964,0.42103853821754456,0.0026442992966622114,0.0072960867546498775
VTM-000282,DG-40aa4d6edc70,ilmenite,0,0,0,0.0,0.7247426509857178,0.06092945486307144,0.012910163030028343,0.2014177292585373
VTM-000283,DG-0d5911cba632,ilmenite,0,0,0,0.5574544072151184,0.8518879413604736,0.07356025278568268,0.009649734944105148,0.06490212678909302
VTM-000285,DG-acd642196a86,ilmenite,0,0,0,0.0,0.6722408533096313,0.1842564046382904,0.06518473476171494,0.07831799238920212
VTM-000288,DG-3587dab97d70,ilmenite,0,0,2,0.0,0.03957267105579376,0.2458757907152176,0.675744354724884,0.03880716487765312
VTM-000290,DG-51aa7aceda75,ilmenite,0,0,3,0.0,0.2280341386795044,0.05441995710134506,0.019610637798905373,0.6979352235794067
VTM-000294,DG-964e0d7fd6bb,ilmenite,0,0,0,0.0,0.48888105154037476,0.09312975406646729,0.19212943315505981,0.22585973143577576
VTM-000308,DG-653233a1d69c,ilmenite,0,0,2,0.0,0.04165470227599144,0.3234286904335022,0.5910924673080444,0.043824173510074615
VTM-000322,DG-7bd6164a6379,ilmenite,0,0,0,0.0,0.6751068830490112,0.03148790821433067,0.011011606082320213,0.28239357471466064
VTM-000323,DG-8b1bb30dd6dc,ilmenite,0,0,1,0.0,0.2175411432981491,0.43659234046936035,0.17029958963394165,0.17556695640087128
VTM-000328,DG-b92bf0a3d3da,ilmenite,0,0,3,0.532289981842041,0.09368835389614105,0.05055931583046913,0.12176140397787094,0.7339909672737122
VTM-000340,DG-d5390af5bbbe,magnetite,0,0,0,0.0,0.8196156620979309,0.10120289772748947,0.06066945567727089,0.01851203851401806
VTM-000342,DG-3d91fefd53d4,magnetite,0,0,0,0.0,0.7862975597381592,0.07514956593513489,0.06549874693155289,0.07305408269166946
VTM-000349,DG-7481d8c0d8a5,magnetite,0,0,0,0.0,0.6635948419570923,0.1675768941640854,0.06504903733730316,0.10377928614616394
VTM-000362,DG-a03abcd13fa1,magnetite,0,0,0,0.0,0.48460495471954346,0.4592200815677643,0.01570654846727848,0.04046844691038132
VTM-000365,DG-403301c9b56e,magnetite,0,0,0,0.0,0.698320209980011,0.059789158403873444,0.016881762072443962,0.22500887513160706
VTM-000368,DG-5ec9d3b3f9d9,magnetite,0,0,3,0.0,0.013143417425453663,0.24825137853622437,0.3126024007797241,0.4260028004646301
VTM-000403,DG-6365ef6796fd,magnetite,0,0,0,0.0,0.8809366226196289,0.10429839789867401,0.00265709450468421,0.012107860296964645
VTM-000407,DG-b34933b09131,magnetite,0,0,0,0.0,0.8877052664756775,0.10328519344329834,0.0025502608623355627,0.006459304131567478
VTM-000408,DG-33df6424b3d6,magnetite,0,0,0,0.0,0.9382479190826416,0.04433070495724678,0.0010940443025901914,0.01632734015583992
VTM-000419,DG-d335465b98d0,magnetite,0,0,1,0.0,0.38925108313560486,0.4928761422634125,0.06275147944688797,0.05512133613228798
VTM-000420,DG-bea3245792a5,magnetite,0,0,0,0.0,0.7775306701660156,0.20310744643211365,0.004114778246730566,0.015247013419866562
VTM-000421,DG-74bfd6871e69,magnetite,0,0,0,0.0,0.6705968379974365,0.16710510849952698,0.06477965414524078,0.09751838445663452
VTM-000424,DG-bf000ef4445e,magnetite,0,0,0,0.0,0.9775446057319641,0.011017090640962124,0.0005720984190702438,0.010866237804293633
VTM-000425,DG-255b8042624f,magnetite,0,0,0,0.0,0.5748858451843262,0.09391336143016815,0.13325345516204834,0.19794735312461853
VTM-000433,DG-c8fe44598de6,magnetite,0,0,1,0.7847942113876343,0.0032813148573040962,0.986814022064209,0.008328672498464584,0.0015759855741634965
VTM-000449,DG-f157fe6a84d8,magnetite,0,0,1,0.7651602625846863,0.004206537734717131,0.9657971858978271,0.014919888228178024,0.015076321549713612
VTM-000453,DG-151237aade76,magnetite,0,0,1,0.0,0.3066233992576599,0.5977379679679871,0.05411168187856674,0.04152693599462509
VTM-000457,DG-da2371bedc70,magnetite,0,0,0,0.0,0.8334071040153503,0.061155710369348526,0.0013790035154670477,0.1040581688284874
VTM-000459,DG-8f86ca807d93,magnetite,0,0,0,0.0,0.8390164375305176,0.14993444085121155,0.004136543720960617,0.006912501063197851
VTM-000461,DG-bd4555044da8,magnetite,0,0,0,0.0,0.4801534414291382,0.30588212609291077,0.1272972822189331,0.08666712045669556
VTM-000464,DG-2d7adf4c3825,magnetite,0,0,1,0.0,0.008036837913095951,0.8071028590202332,0.05741482973098755,0.12744547426700592
VTM-000465,DG-5d8be5aba542,magnetite,0,0,0,0.0,0.6630328297615051,0.16681118309497833,0.004965698346495628,0.16519026458263397
VTM-000469,DG-55628b24d169,magnetite,0,0,0,0.5501617193222046,0.6105109453201294,0.17560866475105286,0.016360774636268616,0.19751963019371033
VTM-000475,DG-8ccebb8113c3,magnetite,0,0,0,0.0,0.584943413734436,0.35150042176246643,0.01166579406708479,0.051890380680561066
VTM-000482,DG-252e52464d94,magnetite,0,0,1,0.0,0.32904917001724243,0.5506317615509033,0.014897003769874573,0.10542205721139908
VTM-000484,DG-f6cdfd76d655,magnetite,0,0,0,0.0,0.8275244832038879,0.09080884605646133,0.048055682331323624,0.03361101821064949
VTM-000485,DG-139309e9779f,magnetite,0,0,1,0.0,0.1502465456724167,0.7362001538276672,0.06047389656305313,0.05307938531041145
VTM-000487,DG-fa21589d0eae,magnetite,0,0,2,0.0,0.18185767531394958,0.2299310564994812,0.35810479521751404,0.2301064133644104
VTM-000488,DG-4c58be6039ce,magnetite,0,0,3,0.0,0.3442903161048889,0.15439718961715698,0.03048068657517433,0.47083184123039246
VTM-000494,DG-2a5290c5d7d8,magnetite,0,0,0,0.0,0.9282269477844238,0.04729887470602989,0.002581083681434393,0.021893102675676346
VTM-000498,DG-d0d8d1193f14,magnetite,0,0,0,0.0,0.900114119052887,0.05927634611725807,0.03232330083847046,0.00828626286238432
VTM-000503,DG-572766d5cc60,magnetite,0,0,3,0.0,0.1323653906583786,0.1699681580066681,0.08469367027282715,0.6129727363586426
VTM-000508,DG-2db55b805efd,magnetite,0,0,1,0.0,0.42418214678764343,0.49843254685401917,0.01361650601029396,0.06376879662275314
VTM-000509,DG-c4c2974889e2,magnetite,0,0,0,0.0,0.972313404083252,0.012322871014475822,0.0010559463407844305,0.014307791367173195
VTM-000518,DG-85333005c1cb,magnetite,0,0,0,0.0,0.3687584400177002,0.15824317932128906,0.32909709215164185,0.1439012736082077
VTM-000521,DG-a364591e5a94,magnetite,0,0,0,0.0,0.9439173340797424,0.047539494931697845,0.0004414829600136727,0.008101691491901875
VTM-000528,DG-5c4892601427,magnetite,0,0,1,0.0,0.24645325541496277,0.4221385717391968,0.08034559339284897,0.25106263160705566
VTM-000531,DG-f79e95555def,magnetite,0,0,0,0.0,0.5120664238929749,0.3191583454608917,0.033419445157051086,0.1353558450937271
VTM-000533,DG-13e216bf967a,magnetite,0,0,0,0.0,0.8952519297599792,0.09158577769994736,0.0071099852211773396,0.006052325014024973
VTM-000541,DG-ac65b778544d,magnetite,0,0,1,0.7515350580215454,0.04499761760234833,0.9195277690887451,0.02616104483604431,0.009313598275184631
VTM-000542,DG-abef6c79e38a,magnetite,0,0,3,0.0,0.13444790244102478,0.3097341060638428,0.06465233117341995,0.4911656975746155
VTM-000543,DG-8637f69df099,magnetite,0,0,0,0.0,0.5545597076416016,0.4287053346633911,0.01159959752112627,0.005135371349751949
VTM-000550,DG-d6c4964bebe0,magnetite,0,0,3,0.0,0.32307881116867065,0.05898638814687729,0.04996621608734131,0.5679686069488525
VTM-000554,DG-d69aeb666d37,magnetite,0,0,0,0.0,0.5599954724311829,0.16877499222755432,0.0470733679831028,0.2241561859846115
VTM-000560,DG-f8b487ada0f0,magnetite,0,0,3,0.0,0.19358614087104797,0.1933678239583969,0.0845007449388504,0.5285453200340271
VTM-000561,DG-90ed9625cbcc,magnetite,0,0,1,0.0,0.14717631042003632,0.35880371928215027,0.2001023292541504,0.2939176857471466
VTM-000566,DG-88a8c17089a3,magnetite,0,0,0,0.0,0.671093225479126,0.11745202541351318,0.017319897189736366,0.19413483142852783
VTM-000571,DG-badeafbc76d2,magnetite,0,0,0,0.0,0.5510787963867188,0.28303271532058716,0.05163285881280899,0.11425565183162689
VTM-000582,DG-0ee8078237dd,magnetite,0,0,1,0.6727185249328613,0.2463313639163971,0.7224788069725037,0.008062168955802917,0.023127688094973564
VTM-000584,DG-f734cca44fe3,magnetite,0,0,0,0.0,0.7975056171417236,0.15890106558799744,0.014131803996860981,0.029461534693837166
VTM-000590,DG-c990436be263,magnetite,0,0,0,0.0,0.8780656456947327,0.05667570233345032,0.0038076669443398714,0.06145098805427551
VTM-000601,DG-939340a3be9e,magnetite,0,0,0,0.0,0.8514350652694702,0.07145088165998459,0.04371749237179756,0.03339654952287674
VTM-000607,DG-99ee770e1ec4,magnetite,0,0,0,0.0,0.6056066155433655,0.32012102007865906,0.006648332811892033,0.067624032497406
VTM-000616,DG-8627d5243277,magnetite,0,0,0,0.0,0.8293949365615845,0.12466663122177124,0.026728685945272446,0.019209755584597588
VTM-000632,DG-106e1814764b,magnetite,0,0,0,0.0,0.8016693592071533,0.06524734199047089,0.01893085241317749,0.11415243148803711
VTM-000635,DG-0a7197b1c473,magnetite,0,0,2,0.0,0.02337496541440487,0.13443562388420105,0.806983470916748,0.03520592302083969
VTM-000644,DG-5f2a9cfc90f1,magnetite,0,0,0,0.0,0.43740490078926086,0.3481350541114807,0.12462623417377472,0.08983384072780609
VTM-000645,DG-1e092660f768,magnetite,0,0,0,0.0,0.4691859185695648,0.21616850793361664,0.22437144815921783,0.0902741402387619
VTM-000651,DG-9619aff54888,magnetite,0,0,0,0.0,0.6979767680168152,0.09839319437742233,0.02510817162692547,0.17852190136909485
VTM-000654,DG-870455a260e3,magnetite,0,0,3,0.0,0.2606695592403412,0.21813929080963135,0.03363291546702385,0.4875582456588745
VTM-000660,DG-ad58ef2bbda3,magnetite,0,0,1,0.0,0.389519065618515,0.4683949649333954,0.09093828499317169,0.05114768072962761
VTM-000666,DG-42d073c596a6,magnetite,0,0,1,0.6745350360870361,0.05311743915081024,0.7495899200439453,0.15403175354003906,0.04326079040765762
VTM-000675,DG-a74f36131fe6,magnetite,0,0,3,0.0,0.0262343380600214,0.05078074336051941,0.19624850153923035,0.7267364859580994
VTM-000681,DG-35c7c8b5abb3,magnetite,0,0,0,0.0,0.957893967628479,0.03777516633272171,0.0017551879864186049,0.0025756889954209328
VTM-000695,DG-23db2eab5a9a,magnetite,0,0,0,0.0,0.625566840171814,0.27300792932510376,0.07031609863042831,0.03110911138355732
VTM-000710,DG-73f5251f3a0d,magnetite,0,0,0,0.0,0.7758800983428955,0.19628635048866272,0.01121192891150713,0.0166216678917408
VTM-000711,DG-94a4562acff5,magnetite,0,0,0,0.0,0.9360508918762207,0.057174865156412125,0.00038832842255942523,0.0063859461806714535
VTM-000713,DG-e7526efc7838,magnetite,0,0,0,0.0,0.6613649129867554,0.2546113431453705,0.03322450444102287,0.05079923942685127
VTM-000719,DG-4b0e141be02b,magnetite,0,0,1,0.0,0.08476708084344864,0.864570140838623,0.013844694942235947,0.036818087100982666
VTM-000723,DG-511bc90a21cd,magnetite,0,0,0,0.0,0.76753830909729,0.09177298843860626,0.006969513837248087,0.13371917605400085
VTM-000734,DG-7943e07eda8b,magnetite,0,0,3,0.0,0.013518817722797394,0.0018317539943382144,0.022196432575583458,0.9624530076980591
VTM-000738,DG-acfec52406c0,magnetite,0,0,1,0.0,0.21985310316085815,0.7707614302635193,0.007406133692711592,0.001979395980015397
VTM-000744,DG-51c20dbdad13,magnetite,0,0,0,0.5813336372375488,0.674114465713501,0.2678182125091553,0.0056694126687943935,0.052397891879081726
VTM-000749,DG-9d6f8b7cd056,magnetite,0,0,0,0.0,0.7977159023284912,0.11182371526956558,0.028996799141168594,0.06146359443664551
VTM-000751,DG-3d9dc0979618,magnetite,0,0,1,0.0,0.3636224567890167,0.49950066208839417,0.06715807318687439,0.06971883773803711
VTM-000753,DG-7598f8d56a09,magnetite,0,0,0,0.0,0.68626469373703,0.2575003504753113,0.003457104554399848,0.052777886390686035
VTM-000754,DG-a5308d80eb1e,magnetite,0,0,2,0.0,0.0006345658912323415,0.037360623478889465,0.9595596194267273,0.002445230260491371
VTM-000764,DG-f1908d5df853,magnetite,0,0,0,0.0,0.784077525138855,0.11851620674133301,0.05301733314990997,0.04438897594809532
VTM-000765,DG-3ce0b36731d7,magnetite,0,0,0,0.0,0.8977084159851074,0.08116903156042099,0.010159428231418133,0.010963145643472672
VTM-000767,DG-b58c9f9e67a7,magnetite,0,0,0,0.0,0.7403754591941833,0.24763990938663483,0.0029064270202070475,0.00907820463180542
VTM-000770,DG-ddef072441c7,magnetite,0,0,1,0.694585382938385,0.02541840635240078,0.8526394963264465,0.011445298790931702,0.11049675941467285
VTM-000774,DG-4344ec37eaf0,magnetite,0,0,0,0.0,0.5603287816047668,0.3120323419570923,0.05904840677976608,0.06859049201011658
VTM-000782,DG-c2d5781a014e,magnetite,0,0,1,0.7765598893165588,0.008141128346323967,0.970085859298706,0.015970300883054733,0.0058027226477861404
VTM-000785,DG-63c201539c7b,magnetite,0,0,3,0.0,0.022003503516316414,0.23698878288269043,0.21031485497951508,0.5306928157806396
VTM-000801,DG-e9839908fe36,magnetite,0,0,1,0.0,0.19518253207206726,0.48785316944122314,0.10325273871421814,0.21371161937713623
VTM-000803,DG-9a9234085770,magnetite,0,0,0,0.0,0.4532544016838074,0.31135645508766174,0.13934758305549622,0.09604158252477646
VTM-000804,DG-36f41fac9a42,magnetite,0,0,0,0.0,0.8180770874023438,0.11281730234622955,0.023079002276062965,0.04602665454149246
VTM-000811,DG-1220f8569f0c,magnetite,0,0,0,0.0,0.5362465977668762,0.20906445384025574,0.06094345450401306,0.1937454491853714
VTM-000821,DG-1057be1a7c8a,magnetite,0,0,0,0.0,0.9968288540840149,0.0014280352042987943,4.826355507248081e-05,0.0016948364209383726
VTM-000828,DG-7c561f5d11ca,magnetite,0,0,1,0.7395873665809631,0.02052220329642296,0.9084855914115906,0.027395229786634445,0.04359700158238411
VTM-000843,DG-6efd90c3e13c,magnetite,0,0,0,0.0,0.6801751852035522,0.25716015696525574,0.030939161777496338,0.03172546997666359
VTM-000846,DG-df1c722de400,magnetite,0,0,0,0.5525292754173279,0.5656514167785645,0.24757397174835205,0.10682626813650131,0.07994838058948517
VTM-000855,DG-bd37ade00a53,magnetite,0,0,3,0.5275153517723083,0.17090970277786255,0.017947450280189514,0.00526692857965827,0.8058758974075317
VTM-000874,DG-a7d122d49764,magnetite,0,0,0,0.0,0.972192108631134,0.02540723979473114,0.0005111702485010028,0.0018894802778959274
VTM-000876,DG-1f9b1f9113dd,magnetite,0,0,0,0.0,0.9504724740982056,0.027444548904895782,0.0051019578240811825,0.01698094606399536
VTM-000879,DG-3d7eadac6d8d,magnetite,0,0,0,0.0,0.7567278146743774,0.19473186135292053,0.0190726388245821,0.02946764975786209
VTM-000893,DG-dfe6d03394c5,magnetite,0,0,3,0.5454286932945251,0.3045879006385803,0.13403108716011047,0.021272722631692886,0.5401082634925842
VTM-000896,DG-031f3b0c48c1,magnetite,0,0,3,0.0,0.07072589546442032,0.0841560810804367,0.2261388599872589,0.6189792156219482
VTM-000904,DG-07ad539d2e2a,magnetite,0,0,0,0.0,0.7409192323684692,0.16287775337696075,0.04292084276676178,0.053282205015420914
VTM-000906,DG-fe30e68f161c,magnetite,0,0,1,0.0,0.05553068965673447,0.725447416305542,0.1676349937915802,0.05138692632317543
VTM-000911,DG-fcd10f6fe6ef,magnetite,0,0,2,0.0,0.09499222040176392,0.3753344714641571,0.4614013731479645,0.0682719498872757
VTM-000912,DG-06fccb2adcda,magnetite,0,0,1,0.0,0.17439004778862,0.41787922382354736,0.1839560717344284,0.22377462685108185
VTM-000915,DG-2e391d98d6b0,magnetite,0,0,0,0.0,0.7391138672828674,0.1579294353723526,0.028850916773080826,0.07410584390163422
VTM-000916,DG-c36987988ec5,magnetite,0,0,0,0.0,0.7684427499771118,0.14586752653121948,0.014707310125231743,0.07098238170146942
VTM-000917,DG-7e4620e7d677,magnetite,0,0,2,0.0,0.09491252154111862,0.29245051741600037,0.5131721496582031,0.09946481138467789
VTM-000919,DG-e093a55c5608,magnetite,0,0,3,0.0,0.405314564704895,0.15777385234832764,0.00559985963627696,0.4313117265701294
VTM-000925,DG-7bde1cba2701,magnetite,0,0,0,0.552864670753479,0.6154518723487854,0.18700069189071655,0.12663279473781586,0.07091466337442398
VTM-000926,DG-42e9164b4f2a,magnetite,0,0,0,0.0,0.8565469980239868,0.10019838809967041,0.00261060637421906,0.04064401611685753
VTM-000927,DG-2d91e78bf98a,magnetite,0,0,1,0.0,0.3803514838218689,0.5430023670196533,0.009232915006577969,0.06741321831941605
VTM-000930,DG-a39cd1739153,magnetite,0,0,0,0.0,0.7849145531654358,0.0764164924621582,0.009496369399130344,0.12917251884937286
VTM-000931,DG-b8e13ca0cc72,magnetite,0,0,0,0.0,0.89266037940979,0.07316990941762924,0.006729464046657085,0.027440201491117477
VTM-000937,DG-0f89ce89ad6d,magnetite,0,0,1,0.5699091553688049,0.2657240033149719,0.4217984676361084,0.084893599152565,0.22758394479751587
VTM-000940,DG-dcc3ee1f5386,magnetite,0,0,0,0.0,0.49135956168174744,0.132975772023201,0.08457906544208527,0.2910856008529663
VTM-000942,DG-ce8e860c69dd,magnetite,0,0,0,0.0,0.6131964921951294,0.2706540822982788,0.020023388788104057,0.09612607210874557
VTM-000961,DG-e0491f2bf943,magnetite,0,0,0,0.0,0.4807468354701996,0.4736587703227997,0.011165090836584568,0.034429315477609634
VTM-000964,DG-bf33035fb162,magnetite,0,0,0,0.0,0.8469800353050232,0.10644432157278061,0.009722787886857986,0.03685289993882179
VTM-000966,DG-3901d27052ca,magnetite,0,0,0,0.0,0.9076194763183594,0.0491349957883358,0.0047216759994626045,0.038523800671100616
VTM-000969,DG-ce6c2900638e,magnetite,0,0,0,0.0,0.6575163006782532,0.29651203751564026,0.007684704847633839,0.038287002593278885
VTM-000970,DG-444b324739f5,magnetite,0,0,0,0.0,0.45388033986091614,0.13057807087898254,0.06958002597093582,0.3459616005420685
VTM-000973,DG-0b135def70f5,magnetite,0,0,0,0.0,0.7482274770736694,0.049637001007795334,0.010537106543779373,0.19159844517707825
VTM-000975,DG-322e5cd29fe8,magnetite,0,0,0,0.0,0.6210936307907104,0.06763903051614761,0.12082315236330032,0.1904442012310028
VTM-000981,DG-7618d529f7f5,magnetite,0,0,1,0.0,0.07171045243740082,0.5276731252670288,0.38941067457199097,0.011205759830772877
VTM-000987,DG-903f97fc0367,magnetite,0,0,1,0.6172115802764893,0.4588465690612793,0.5140487551689148,0.011199580505490303,0.015905095264315605
VTM-000993,DG-fdfa7c7266b9,magnetite,0,0,1,0.0,0.2392801195383072,0.5014245510101318,0.11156316101551056,0.14773216843605042
VTM-000999,DG-d9cb3882af34,magnetite,0,0,0,0.0,0.8886124491691589,0.06462210416793823,0.0020670341327786446,0.044698383659124374
VTM-001012,DG-2c6dec8ca7f9,magnetite,0,0,1,0.0,0.06770821660757065,0.3556768000125885,0.2752872109413147,0.30132773518562317
VTM-001019,DG-7bd1b6bc7ec6,magnetite,0,0,0,0.0,0.7461349368095398,0.1267755925655365,0.01240560319274664,0.11468393355607986
VTM-001021,DG-5aa237ea1fa2,magnetite,0,0,2,0.0,0.21761775016784668,0.04730375483632088,0.5154232382774353,0.21965521574020386
VTM-001029,DG-9033b8dfa588,magnetite,0,0,0,0.0,0.8112527132034302,0.0794554352760315,0.03059556521475315,0.0786963403224945
VTM-001040,DG-c6c321e98c34,magnetite,0,0,0,0.0,0.35656845569610596,0.2756495177745819,0.18174554407596588,0.18603651225566864
VTM-001041,DG-e50d9188d429,magnetite,0,0,0,0.0,0.4936699867248535,0.46691206097602844,0.009185471571981907,0.030232500284910202
VTM-001042,DG-c37b534b6448,magnetite,0,0,1,0.0,0.04282676801085472,0.9508129954338074,0.0037567652761936188,0.002603513188660145
VTM-001048,DG-294a75101264,magnetite,0,0,1,0.0,0.4096040427684784,0.4187103509902954,0.15501751005649567,0.016668114811182022
VTM-001049,DG-fd9699cff34d,magnetite,0,0,1,0.0,0.28663718700408936,0.3707660436630249,0.21623526513576508,0.12636151909828186
VTM-001056,DG-ba5ec5b88c08,magnetite,0,0,1,0.0,0.11031284928321838,0.7924467921257019,0.016141027212142944,0.0810992494225502
VTM-001057,DG-21ea50fc5028,magnetite,0,0,0,0.0,0.6749042868614197,0.25930410623550415,0.03787873312830925,0.027912896126508713
VTM-001067,DG-f54efc24a0ef,magnetite,0,0,0,0.0,0.6746447086334229,0.09577184915542603,0.037136342376470566,0.19244712591171265
VTM-001069,DG-062abef62047,magnetite,0,0,1,0.0,0.2705029249191284,0.7049132585525513,0.007897144183516502,0.01668662205338478
VTM-001070,DG-02185085c8ae,magnetite,0,0,1,0.0,0.21932750940322876,0.6311565041542053,0.019768385216593742,0.12974761426448822
VTM-001071,DG-87a01d60685b,magnetite,0,0,0,0.0,0.5557641386985779,0.14823196828365326,0.045898810029029846,0.2501051425933838
VTM-001080,DG-2ced1c21c3c2,magnetite,0,0,0,0.0,0.8646206855773926,0.04054252803325653,0.0006799408001825213,0.09415687620639801
VTM-001084,DG-0e9d9a99571e,magnetite,0,0,0,0.0,0.8421792387962341,0.136031374335289,0.00378793035633862,0.018001506105065346
VTM-001090,DG-42ea8e76a008,magnetite,0,0,0,0.0,0.41283950209617615,0.11534252762794495,0.13009531795978546,0.34172266721725464
VTM-001095,DG-caaccc43116b,magnetite,0,0,0,0.0,0.880038857460022,0.05298072099685669,0.02465854212641716,0.042321883141994476
VTM-001101,DG-308848cdb01d,magnetite,0,0,1,0.0,0.377022385597229,0.42850029468536377,0.04520176723599434,0.1492755115032196
VTM-001103,DG-48b1b8c499c8,magnetite,0,0,1,0.0,0.3193756937980652,0.4880315959453583,0.07769239693880081,0.1149003729224205
VTM-001105,DG-a4f589be876a,magnetite,0,0,0,0.0,0.7135621309280396,0.1750604659318924,0.0026978948153555393,0.10867951810359955
VTM-001106,DG-875f97ea9cfa,magnetite,0,0,1,0.6108081340789795,0.450311541557312,0.49433958530426025,0.008546344935894012,0.046802520751953125
VTM-001107,DG-ceb789ebbe88,magnetite,0,0,0,0.0,0.39986079931259155,0.17002995312213898,0.2523490786552429,0.17776016891002655
VTM-001111,DG-25ca3871af31,magnetite,0,0,1,0.0,0.25730904936790466,0.6328859925270081,0.02215168997645378,0.08765321969985962
VTM-001113,DG-301aafd99b38,magnetite,0,0,0,0.0,0.4386458396911621,0.3261447846889496,0.13231642544269562,0.1028929352760315
VTM-001120,DG-0dacad7f7ee9,magnetite,0,0,2,0.0,0.013053866103291512,0.25461849570274353,0.7273938059806824,0.004933791700750589
VTM-001130,DG-c5a6af6065c0,magnetite,0,0,1,0.0,0.052084676921367645,0.5947801470756531,0.18660755455493927,0.1665276139974594
VTM-001143,DG-32261429f75b,magnetite,0,0,0,0.0,0.5654886960983276,0.08934711664915085,0.10476956516504288,0.24039462208747864
VTM-001152,DG-b4000b2fa9fc,magnetite,0,0,0,0.0,0.5495404601097107,0.3601526618003845,0.030487999320030212,0.05981893837451935
VTM-001156,DG-634890ede108,magnetite,0,0,0,0.0,0.7423452138900757,0.1605624258518219,0.031649671494960785,0.06544268876314163
VTM-001158,DG-1de4dc8fec97,magnetite,0,0,1,0.6297628879547119,0.4235612750053406,0.5527487993240356,0.015130745247006416,0.008559152483940125
VTM-001161,DG-c57e59035121,magnetite,0,0,0,0.0,0.6041107177734375,0.3331698775291443,0.03959932178258896,0.023120125755667686
VTM-001165,DG-2f609435c786,magnetite,0,0,1,0.0,0.18594808876514435,0.578823447227478,0.027147645130753517,0.20808084309101105
VTM-001166,DG-ff39aa7ef84a,magnetite,0,0,0,0.0,0.9504600763320923,0.031580980867147446,0.006968092638999224,0.010990874841809273
VTM-001175,DG-fdd72133346b,magnetite,0,0,3,0.544246256351471,0.01858428865671158,0.028243932873010635,0.026090852916240692,0.9270809888839722
VTM-001181,DG-cd17d016b4ae,magnetite,0,0,3,0.0,0.13912248611450195,0.05773148685693741,0.11047511547803879,0.6926708817481995
VTM-001188,DG-f6f8d37839ed,magnetite,0,0,3,0.0,0.22354476153850555,0.17673704028129578,0.24052494764328003,0.35919320583343506
VTM-001193,DG-be73f8e30ba1,magnetite,0,0,0,0.0,0.9742385149002075,0.008652306161820889,0.0022707271855324507,0.014838485047221184
VTM-001194,DG-d745a36f7dc6,magnetite,0,0,1,0.7233224511146545,0.001103896414861083,0.9436918497085571,0.013692643493413925,0.04151156544685364
VTM-001200,DG-99702ce55314,magnetite,0,0,0,0.0,0.8689477443695068,0.05940672755241394,0.022775661200284958,0.04886991158127785
VTM-001202,DG-adfa41dcb198,magnetite,0,0,0,0.0,0.8889579772949219,0.06859543919563293,0.003761951345950365,0.038684651255607605
VTM-001203,DG-7c411471435c,magnetite,0,0,0,0.0,0.9293853640556335,0.06249971687793732,0.003431980963796377,0.0046829706989228725
VTM-001205,DG-6c53e1e8d2d1,magnetite,0,0,0,0.0,0.867107629776001,0.05374421179294586,0.030382534489035606,0.0487656369805336
VTM-001206,DG-1b0ed4f60c4e,magnetite,0,0,1,0.609574019908905,0.19777792692184448,0.5742166638374329,0.15579673647880554,0.0722086951136589
VTM-001208,DG-85edd83dff71,magnetite,0,0,0,0.0,0.8096255660057068,0.1445365697145462,0.01995725929737091,0.025880634784698486
VTM-001211,DG-d3bcaed802ae,magnetite,0,0,0,0.0,0.7816257476806641,0.0392768494784832,0.007892604917287827,0.17120473086833954
VTM-001212,DG-993fdf7feb7f,magnetite,0,0,0,0.0,0.9522192478179932,0.009010398760437965,0.0007997389766387641,0.03797062858939171
VTM-001213,DG-c08d45836fcd,magnetite,0,0,1,0.6945990324020386,0.0752924308180809,0.814618706703186,0.07334189862012863,0.03674692660570145
VTM-001220,DG-b6e02e6a5f5e,magnetite,0,0,3,0.0,0.047171641141176224,0.016666486859321594,0.02617737278342247,0.9099844694137573
VTM-001233,DG-6c42bba1681b,magnetite,0,0,2,0.5457196831703186,0.15287813544273376,0.17190638184547424,0.5355463027954102,0.13966920971870422
VTM-001238,DG-cc1498d4b189,magnetite,0,0,0,0.0,0.7123121023178101,0.13121379911899567,0.12641127407550812,0.03006284311413765
VTM-001242,DG-40ce2a937e56,magnetite,0,0,0,0.0,0.38143599033355713,0.2061542272567749,0.11769068986177444,0.2947191298007965
VTM-001252,DG-77a24993f0c3,magnetite,0,0,0,0.0,0.8129767179489136,0.16013960540294647,0.013895533047616482,0.012988211587071419
VTM-001253,DG-06bfd56e789a,magnetite,0,0,1,0.0,0.11408404260873795,0.6902485489845276,0.0245212372392416,0.1711461842060089
VTM-001259,DG-0cea73103dae,magnetite,0,0,0,0.0,0.5747358202934265,0.3996325135231018,0.002480961149558425,0.023150688037276268
VTM-001278,DG-83b2d732c7e4,magnetite,0,0,1,0.0,0.42331621050834656,0.4739472568035126,0.017413394525647163,0.08532314002513885
VTM-001279,DG-1b3bc4362fe0,magnetite,0,0,1,0.6805422902107239,0.23431667685508728,0.7464789152145386,0.0033433991484344006,0.015861090272665024
VTM-001297,DG-8c0c76db7f0b,magnetite,0,0,0,0.0,0.7949682474136353,0.11061360687017441,0.002953768242150545,0.09146437048912048
VTM-001305,DG-ad49a9cbae05,magnetite,0,0,0,0.0,0.433442085981369,0.2240479439496994,0.10218311846256256,0.2403268963098526
VTM-001311,DG-1936b5493f0b,magnetite,0,0,1,0.0,0.17021340131759644,0.6713054180145264,0.12567093968391418,0.03281022608280182
VTM-001314,DG-b7f859fcb495,magnetite,0,0,2,0.523260235786438,0.2362251579761505,0.021478265523910522,0.450496107339859,0.29180046916007996
VTM-001316,DG-b041bd5a4223,magnetite,0,0,0,0.0,0.9735283255577087,0.015080093406140804,0.003883770201355219,0.007507853675633669
VTM-001320,DG-ca6a621c508b,magnetite,0,0,0,0.0,0.5113533139228821,0.18476681411266327,0.041763994842767715,0.26211583614349365
VTM-001321,DG-e7411971efd2,magnetite,0,0,1,0.0,0.41771969199180603,0.5208795666694641,0.022965868934988976,0.03843493387103081
VTM-001327,DG-642c9a4e12c8,magnetite,0,0,0,0.0,0.47184187173843384,0.13341625034809113,0.038553591817617416,0.3561882972717285
VTM-001328,DG-a9437641f549,magnetite,0,0,1,0.0,0.0066930633038282394,0.8604860901832581,0.10155656188726425,0.03126426786184311
VTM-001330,DG-cb2866ff68c8,magnetite,0,0,1,0.6893265843391418,0.030315665528178215,0.8045871257781982,0.09567677974700928,0.06942039728164673
VTM-001334,DG-a4546bbfbf01,magnetite,0,0,1,0.67364501953125,0.2494964599609375,0.7163658142089844,0.016130633652210236,0.018007036298513412
VTM-001335,DG-72c75b0d27f5,magnetite,0,0,0,0.0,0.5051262974739075,0.35729917883872986,0.06916619092226028,0.06840835511684418
VTM-001338,DG-05fbe6d202fc,magnetite,0,0,0,0.0,0.7284908294677734,0.20572713017463684,0.03573441132903099,0.030047617852687836
VTM-001339,DG-ed71d5eca4be,magnetite,0,0,0,0.0,0.9401111602783203,0.04807586967945099,0.006058105733245611,0.005754853133112192
VTM-001344,DG-81a4fee94b84,magnetite,0,0,0,0.0,0.7195196747779846,0.24991634488105774,0.0009217183105647564,0.02964230626821518
VTM-001345,DG-dc02ff5add68,magnetite,0,0,0,0.0,0.334292471408844,0.2595847547054291,0.19408132135868073,0.2120414823293686
VTM-001349,DG-3419ff8591dc,magnetite,0,0,3,0.0,0.14430397748947144,0.033266957849264145,0.15108369290828705,0.6713454127311707
VTM-001358,DG-dc86d652d8d5,magnetite,0,0,1,0.0,0.2142057716846466,0.3981136977672577,0.12336519360542297,0.26431533694267273
VTM-001360,DG-06e482e4a9b5,magnetite,0,0,2,0.5623090863227844,0.011439332738518715,0.20970728993415833,0.6306883692741394,0.1481650322675705
VTM-001366,DG-0df11cb7037f,magnetite,0,0,0,0.0,0.8501410484313965,0.03572748973965645,0.018434183672070503,0.09569735080003738
VTM-001373,DG-1e43abaf49da,magnetite,0,0,1,0.0,0.14710894227027893,0.6293253898620605,0.10240648686885834,0.12115918099880219
VTM-001378,DG-28273d8c2e74,magnetite,0,0,0,0.0,0.6568589210510254,0.1698818951845169,0.024266771972179413,0.1489924043416977
VTM-001379,DG-09f401514ecd,magnetite,0,0,2,0.0,0.2481490522623062,0.2740735709667206,0.3546887934207916,0.12308861315250397
VTM-001401,DG-153fe14c9b29,magnetite,0,0,1,0.0,0.28013861179351807,0.5632191896438599,0.12576742470264435,0.03087479993700981
VTM-001407,DG-4fa6df91d021,magnetite,0,0,0,0.0,0.7987251281738281,0.14831840991973877,0.03121190331876278,0.02174456976354122
VTM-001411,DG-691f76272560,magnetite,0,0,1,0.626968502998352,0.2530437707901001,0.6254920959472656,0.05173587054014206,0.06972823292016983
VTM-001412,DG-9300491d708f,magnetite,0,0,0,0.0,0.9379568696022034,0.04924165457487106,0.005137211177498102,0.007664273958653212
VTM-001422,DG-4951c0589100,magnetite,0,0,1,0.0,0.19803041219711304,0.6350943446159363,0.10291754454374313,0.06395770609378815
VTM-001427,DG-8e08059bd85d,magnetite,0,0,1,0.0,0.28395217657089233,0.6970875263214111,0.00538712739944458,0.013573181815445423
VTM-001435,DG-ead9dd3dd581,magnetite,0,0,2,0.0,0.17387552559375763,0.19398213922977448,0.4566757380962372,0.17546656727790833
VTM-001436,DG-7b12906d788f,magnetite,0,0,0,0.0,0.7642090320587158,0.10081006586551666,0.04652903228998184,0.08845185488462448
VTM-001438,DG-7255a46e94a7,magnetite,0,0,0,0.0,0.9112236499786377,0.04990191012620926,0.003223156789317727,0.03565123677253723
VTM-001441,DG-b8b2c4f178aa,magnetite,0,0,1,0.6974979639053345,0.08399789035320282,0.8255715370178223,0.042639002203941345,0.04779154807329178
VTM-001450,DG-0e4c4508a46c,magnetite,0,0,1,0.0,0.18081948161125183,0.692244291305542,0.0011993178632110357,0.12573693692684174
VTM-001457,DG-42ecb1464c64,magnetite,0,0,0,0.0,0.47567304968833923,0.3646852970123291,0.11811342090368271,0.04152826964855194
VTM-001462,DG-808d97578000,magnetite,0,0,1,0.0,0.3333825469017029,0.5437464118003845,0.07376125454902649,0.04910972714424133
VTM-001466,DG-43f42fac07e9,magnetite,0,0,0,0.0,0.5292567014694214,0.2270512878894806,0.01173432543873787,0.23195767402648926
VTM-001467,DG-6ca2ae245829,magnetite,0,0,1,0.0,0.12634943425655365,0.7858365178108215,0.010521545074880123,0.07729247957468033
VTM-001480,DG-79909d5f8fc7,magnetite,0,0,0,0.0,0.5047440528869629,0.0772998109459877,0.1313236653804779,0.2866324782371521
VTM-001488,DG-4bb523166eaa,magnetite,0,0,0,0.0,0.5330278277397156,0.22285249829292297,0.04779617488384247,0.1963234841823578
VTM-001492,DG-1dca19335664,magnetite,0,0,0,0.0,0.7310490012168884,0.12393150478601456,0.009520543739199638,0.1354990005493164
VTM-001495,DG-18d9d165cd74,magnetite,0,0,1,0.6133424043655396,0.04377982020378113,0.6296159029006958,0.17519965767860413,0.15140458941459656
VTM-001497,DG-58104a6ef56a,magnetite,0,0,2,0.0,0.07516996562480927,0.07378603518009186,0.5599240064620972,0.2911199927330017
VTM-001498,DG-7843e4ee19c4,magnetite,0,0,1,0.7540764212608337,0.06284555792808533,0.920661211013794,0.012120235711336136,0.004372982773929834
VTM-001501,DG-c0b8914f591f,magnetite,0,0,0,0.0,0.5646190643310547,0.2792031168937683,0.10729164630174637,0.04888618737459183
VTM-001502,DG-4731480706ec,magnetite,0,0,1,0.0,0.3527597188949585,0.5811997056007385,0.04059961810708046,0.02544090524315834
VTM-001505,DG-0734caba8ba3,magnetite,0,0,0,0.0,0.5741305351257324,0.3576499819755554,0.011773303151130676,0.05644620209932327
VTM-001522,DG-0d493dc0202b,magnetite,0,0,0,0.0,0.8657615184783936,0.12495502829551697,0.008048736490309238,0.0012347111478447914
VTM-001527,DG-6d1b32b7d8e6,magnetite,0,0,3,0.0,0.12557394802570343,0.09619762748479843,0.09498564898967743,0.6832427978515625
VTM-001529,DG-c875743d382f,magnetite,0,0,1,0.0,0.025876639410853386,0.9474718570709229,0.016292879357933998,0.010358628816902637
VTM-001539,DG-9043a7af155d,magnetite,0,0,0,0.5318959951400757,0.5131521821022034,0.031003836542367935,0.01394464448094368,0.4418993592262268
VTM-001540,DG-8e35d0435c17,magnetite,0,0,1,0.5848108530044556,0.39953842759132385,0.4581557512283325,0.021808747202157974,0.12049705535173416
VTM-001541,DG-42d7049a2254,magnetite,0,0,0,0.0,0.7420797348022461,0.04477304220199585,0.011000273749232292,0.2021469622850418
VTM-001542,DG-5d9bb0931076,magnetite,0,0,2,0.0,0.2241274118423462,0.12173089385032654,0.4115920066833496,0.24254968762397766
VTM-001546,DG-2f854626f3fb,magnetite,0,0,1,0.0,0.0201162938028574,0.8292958736419678,0.04688165709376335,0.10370620340108871
VTM-001550,DG-895bc6badd0a,magnetite,0,0,0,0.0,0.9323993921279907,0.06267369538545609,0.0009996755979955196,0.003927192650735378
VTM-001551,DG-05595eff1ad3,magnetite,0,0,0,0.0,0.6507433652877808,0.305806964635849,0.007206915877759457,0.03624274581670761
VTM-001557,DG-e2a79cf12a7b,magnetite,0,0,0,0.0,0.744384765625,0.1978389024734497,0.02374883182346821,0.03402748331427574
VTM-001566,DG-f945f9ea2c9d,magnetite,0,0,0,0.0,0.7313246726989746,0.028822924941778183,0.011720326729118824,0.22813206911087036
VTM-001571,DG-eee01346f14d,magnetite,0,0,3,0.5602912902832031,0.03161868080496788,0.14815008640289307,0.041737936437129974,0.7784932851791382
VTM-001572,DG-37e9c947ddda,magnetite,0,0,3,0.5456050634384155,0.02542737126350403,0.06422610580921173,0.04240098595619202,0.8679455518722534
VTM-001573,DG-870586b0725b,magnetite,0,0,0,0.0,0.702613115310669,0.2850324511528015,0.007412698119878769,0.004941777791827917
VTM-001577,DG-d7517209d587,magnetite,0,0,1,0.0,0.17567364871501923,0.5717563629150391,0.12405627965927124,0.12851373851299286
VTM-001590,DG-53944a1a1fc4,magnetite,0,0,0,0.0,0.5753197073936462,0.3102436065673828,0.03755728900432587,0.07687939703464508
VTM-001594,DG-a4c62bed652d,magnetite,0,0,0,0.0,0.7270525693893433,0.1742524802684784,0.032387301325798035,0.06630765646696091
VTM-001606,DG-f2b0d8788c86,magnetite,0,0,0,0.0,0.6212048530578613,0.35524773597717285,0.01930955983698368,0.00423786835744977
VTM-001608,DG-c12cc4bec9e4,magnetite,0,0,0,0.0,0.9202892184257507,0.057196084409952164,0.005662360228598118,0.01685233600437641
VTM-001610,DG-d76cae0825a8,magnetite,0,0,0,0.0,0.8733953237533569,0.12232009321451187,0.0008632795652374625,0.0034213231410831213
VTM-001613,DG-9ea805a5c9d8,magnetite,0,0,0,0.0,0.7934603691101074,0.19260245561599731,0.0033306286204606295,0.010606594383716583
VTM-001619,DG-8a235f0d54a4,magnetite,0,0,1,0.0,0.17869573831558228,0.7382147312164307,0.03944176062941551,0.04364780709147453
VTM-001624,DG-82e1ce080808,magnetite,0,0,0,0.0,0.430995374917984,0.1195368617773056,0.2548658549785614,0.19460183382034302
VTM-001629,DG-b771911d1db9,magnetite,0,0,3,0.0,0.023359686136245728,0.01937435008585453,0.16531284153461456,0.7919530868530273
VTM-001631,DG-42529c9edd64,magnetite,0,0,1,0.0,0.18914258480072021,0.5867193937301636,0.07170568406581879,0.15243227779865265
VTM-001640,DG-4a796e8d031b,magnetite,0,0,1,0.0,0.468258261680603,0.5278297662734985,0.0019208533922210336,0.001991132739931345
VTM-001642,DG-0cd61033186c,magnetite,0,0,1,0.0,0.1901860535144806,0.7214928269386292,0.07370312511920929,0.014617976732552052
VTM-001652,DG-0ded931af025,magnetite,0,0,1,0.0,0.3600335717201233,0.42097702622413635,0.18205948173999786,0.03692993149161339
VTM-001656,DG-cae810603d55,magnetite,0,0,0,0.0,0.6610773801803589,0.09004072099924088,0.15292669832706451,0.0959552451968193
VTM-001660,DG-d3caffd4d715,magnetite,0,0,0,0.0,0.8404733538627625,0.10245183855295181,0.008985468186438084,0.048089370131492615
VTM-001663,DG-9659592b06c2,magnetite,0,0,0,0.0,0.5585055351257324,0.12843304872512817,0.014125507324934006,0.2989359200000763
VTM-001690,DG-b0fe7cb99124,titanomagnetite,0,0,0,0.0,0.8861278295516968,0.07946448028087616,0.015874989330768585,0.01853272132575512
VTM-001694,DG-97f74c72b5b7,titanomagnetite,0,0,0,0.5685300827026367,0.6536482572555542,0.26456987857818604,0.03884328156709671,0.042938560247421265
VTM-001696,DG-cd596e924528,titanomagnetite,0,0,0,0.0,0.9701708555221558,0.008297854103147984,0.0018136559519916773,0.019717620685696602
VTM-001697,DG-a84937488bab,titanomagnetite,0,0,0,0.0,0.75021892786026,0.18840160965919495,0.006717648822814226,0.0546618327498436
VTM-001698,DG-181b7f3e8822,titanomagnetite,0,0,0,0.0,0.4620925486087799,0.061462052166461945,0.0359075553715229,0.44053786993026733
VTM-001709,DG-5667dcfe048e,calcite,0,2,2,0.0,0.0007982054376043379,0.04071006551384926,0.9556578397750854,0.0028338858392089605
VTM-001726,DG-5043e5f0b3db,calcite,0,2,2,0.5965295433998108,0.002334337681531906,0.08698631078004837,0.9032416343688965,0.007437758147716522
VTM-001729,DG-5635cbf5730b,calcite,0,2,2,0.0,0.0020026133861392736,0.04923158138990402,0.9147849678993225,0.033980801701545715
VTM-001731,DG-d2725a33a5d1,calcite,0,2,2,0.0,0.03180406242609024,0.006290130317211151,0.786145806312561,0.17576001584529877
VTM-001732,DG-591b08c9e873,calcite,0,2,2,0.0,0.056609801948070526,0.06880716234445572,0.5040925145149231,0.37049052119255066
VTM-001741,DG-2884eda5c063,calcite,0,2,2,0.0,0.0017406509723514318,0.0228256955742836,0.966077446937561,0.0093561802059412
VTM-001744,DG-a3efb5ca3ae0,calcite,0,2,2,0.0,0.002796831773594022,0.10068926960229874,0.8885222673416138,0.00799164641648531
VTM-001747,DG-58a2a7202e9b,calcite,0,2,2,0.0,0.004024880472570658,0.05437421798706055,0.8850225806236267,0.05657830461859703
VTM-001748,DG-bc566074a60f,calcite,0,2,2,0.5652100443840027,0.04501744359731674,0.11204506456851959,0.7977599501609802,0.04517758637666702
VTM-001758,DG-8cb62c9ac09f,calcite,0,2,2,0.0,0.008920338936150074,0.04021884873509407,0.9440793991088867,0.006781407631933689
VTM-001765,DG-d9f0353a1d8a,calcite,0,2,2,0.0,0.0007962130475789309,0.014399946667253971,0.9836503863334656,0.0011534268269315362
VTM-001770,DG-6c0ebc885248,calcite,0,2,2,0.0,0.03187524527311325,0.049556367099285126,0.8626347780227661,0.05593358725309372
VTM-001773,DG-8d30df6419c9,calcite,0,2,2,0.0,0.0014104035217314959,0.007870925590395927,0.9815606474876404,0.009158081375062466
VTM-001777,DG-ac56c77a4896,calcite,0,2,2,0.0,0.006562742404639721,0.222720667719841,0.7556463479995728,0.01507019903510809
VTM-001778,DG-08bb995679af,calcite,0,2,2,0.0,0.000655537296552211,0.05182301998138428,0.9426155090332031,0.004905967973172665
VTM-001784,DG-afafc051d015,calcite,0,2,2,0.0,0.00019014191639143974,0.0034921809565275908,0.9932043552398682,0.0031133340671658516
VTM-001793,DG-e71672adb788,calcite,0,2,2,0.0,0.0008875090279616416,0.07897104322910309,0.9166117906570435,0.0035296163987368345
VTM-001795,DG-bd288e4af5ab,calcite,0,2,2,0.5784128308296204,0.00486382469534874,0.2883494198322296,0.6299136281013489,0.07687310874462128
VTM-001800,DG-887b6e4bf087,calcite,0,2,2,0.0,0.0002926536544691771,0.005016657989472151,0.9926571249961853,0.0020335756707936525
VTM-001801,DG-5ed230bcaeae,calcite,0,2,2,0.0,0.008459723554551601,0.11645229160785675,0.8377707600593567,0.03731724992394447
VTM-001803,DG-287c6c8b574c,calcite,0,2,2,0.5900424122810364,0.0018584381323307753,0.010409567505121231,0.984023928642273,0.0037080380134284496
VTM-001810,DG-61f5809a780d,calcite,0,2,3,0.0,0.08411574363708496,0.2750867009162903,0.27475467324256897,0.3660428822040558
VTM-001815,DG-fab154955a5a,calcite,0,2,2,0.0,0.0030048193875700235,0.030277002602815628,0.9530031681060791,0.013715008273720741
VTM-001830,DG-0ab0b9aba8e3,calcite,0,2,2,0.5898460745811462,0.002159364754334092,0.03147989138960838,0.9587796926498413,0.0075810737907886505
VTM-001831,DG-31912d161108,calcite,0,2,2,0.0,0.0005187825299799442,0.38202622532844543,0.5731783509254456,0.04427667334675789
VTM-001832,DG-fa7c30f8c349,calcite,0,2,2,0.0,0.11255190521478653,0.08513304591178894,0.5582714080810547,0.24404358863830566
VTM-001835,DG-4b4f4e467f8a,calcite,0,2,2,0.0,0.031804706901311874,0.03591092675924301,0.7968344688415527,0.13544991612434387
VTM-001839,DG-9a5c0c5a1717,calcite,0,2,2,0.6154288649559021,0.001422858564183116,0.15905925631523132,0.8377102017402649,0.0018076879205182195
VTM-001842,DG-c62fba3016f2,calcite,0,2,2,0.5592896342277527,0.12431521713733673,0.2420814335346222,0.5271524786949158,0.1064508706331253
VTM-001843,DG-f77f26be144c,calcite,0,2,2,0.6007993221282959,0.01785077340900898,0.09265193343162537,0.8774240016937256,0.012073392979800701
VTM-001844,DG-4f32288eacd1,calcite,0,2,1,0.6514876484870911,0.012032191269099712,0.5921320915222168,0.3775942325592041,0.01824153959751129
VTM-001849,DG-55f6c7371d43,calcite,0,2,2,0.0,0.0653366893529892,0.04322163015604019,0.5939388275146484,0.2975028455257416
VTM-001852,DG-54e91aeb86ea,calcite,0,2,2,0.0,0.0014245850034058094,0.02476385235786438,0.9251821637153625,0.04862937703728676
VTM-001856,DG-d0ae9de522c3,calcite,0,2,2,0.5809884071350098,0.004889551550149918,0.03038901276886463,0.9572548866271973,0.007466557435691357
VTM-001861,DG-36af760283be,calcite,0,2,2,0.5599510073661804,0.00023711520771030337,0.0011624529724940658,0.9941192865371704,0.004481157753616571
VTM-001865,DG-a1eae64f6041,calcite,0,2,2,0.5731081962585449,5.216923455009237e-05,0.006225680001080036,0.9928044080734253,0.0009177703177556396
VTM-001867,DG-bb0c6c9154c2,calcite,0,2,2,0.0,0.0044938442297279835,0.038814976811409,0.9405109286308289,0.016180256381630898
VTM-001868,DG-1a20fac9e758,calcite,0,2,2,0.0,0.002495405962690711,0.2825204133987427,0.7115444540977478,0.0034397633280605078
VTM-001871,DG-2afc41e00fc4,calcite,0,2,2,0.0,0.027308505028486252,0.08669236302375793,0.8649548292160034,0.021044280380010605
VTM-001875,DG-082d60591008,calcite,0,2,1,0.6214064359664917,0.007137646898627281,0.5270968079566956,0.43942293524742126,0.02634260803461075
VTM-001889,DG-3e55fcbac659,calcite,0,2,3,0.0,0.13395920395851135,0.05520525947213173,0.30497264862060547,0.505862832069397
VTM-001895,DG-9858479a52dd,calcite,0,2,1,0.0,0.24693423509597778,0.4314986765384674,0.05075016990303993,0.2708168923854828
VTM-001904,DG-79624400fc84,calcite,0,2,2,0.607862651348114,0.003370565827935934,0.07623537629842758,0.9177663922309875,0.0026276810094714165
VTM-001905,DG-3f2eab309b73,calcite,0,2,2,0.0,0.0012545910431072116,0.012842151336371899,0.9358553886413574,0.050047848373651505
VTM-001908,DG-c402f65cd9d2,calcite,0,2,3,0.0,0.04800429195165634,0.040595609694719315,0.07697416096925735,0.8344259262084961
VTM-001942,DG-5c736945e099,calcite,0,2,2,0.0,0.0014045418938621879,0.018029214814305305,0.9741387963294983,0.006427425425499678
VTM-001951,DG-51ad9099a53f,calcite,0,2,2,0.576092541217804,0.000117564617539756,0.020123211666941643,0.9778343439102173,0.0019248422468081117
VTM-001954,DG-30341d03a931,calcite,0,2,2,0.0,0.00576072046533227,0.2865179479122162,0.6977784633636475,0.0099428566172719
VTM-001955,DG-3376dde08b37,calcite,0,2,1,0.0,0.05628445744514465,0.43239155411720276,0.3999389410018921,0.11138501763343811
VTM-001956,DG-cac2e6eb0f46,calcite,0,2,2,0.5831139087677002,0.0003696937346830964,0.005849814508110285,0.9921812415122986,0.0015992347616702318
VTM-001958,DG-38c7067d021b,calcite,0,2,2,0.0,0.008424932137131691,0.09139086306095123,0.8085203170776367,0.0916639044880867
VTM-001959,DG-7b3cde349dd2,calcite,0,2,2,0.0,0.0010003134375438094,0.04981207102537155,0.9477790594100952,0.001408609445206821
VTM-001962,DG-cae5140d5d04,calcite,0,2,2,0.5966092944145203,0.002518074121326208,0.06041774898767471,0.9295985698699951,0.007465589791536331
VTM-001967,DG-91b97aea3daf,calcite,0,2,3,0.5444169044494629,0.026526736095547676,0.028106778860092163,0.05572432279586792,0.8896422386169434
VTM-001972,DG-87f47806a6ee,calcite,0,2,2,0.5746461749076843,0.00022489888942800462,0.004954992793500423,0.9925104379653931,0.0023096574004739523
VTM-001984,DG-89652f612d09,calcite,0,2,2,0.5693745017051697,0.009101858362555504,0.26516279578208923,0.6122072339057922,0.11352811753749847
VTM-001987,DG-2bd03ef1f80d,calcite,0,2,3,0.0,0.1807648241519928,0.0822955071926117,0.23862215876579285,0.49831750988960266
VTM-001991,DG-898fe2810e90,calcite,0,2,2,0.0,0.05069670081138611,0.06382434815168381,0.4555132985115051,0.429965615272522
VTM-001995,DG-a819eca5f78b,calcite,0,2,2,0.0,0.012630598619580269,0.012669697403907776,0.8810972571372986,0.0936025083065033
VTM-002001,DG-87e6b895d9f2,calcite,0,2,2,0.6073413491249084,0.026905549690127373,0.45470932126045227,0.4587045907974243,0.0596805065870285
VTM-002008,DG-d4a1091cab58,calcite,0,2,2,0.0,0.011549885384738445,0.016246486455202103,0.8742350935935974,0.09796847403049469
VTM-002012,DG-74b63d2735cc,calcite,0,2,2,0.5632160305976868,0.002654746640473604,0.026547107845544815,0.921627402305603,0.04917070269584656
VTM-002013,DG-e759b87cec15,calcite,0,2,2,0.5916981101036072,0.0010648206807672977,0.08647080510854721,0.9091635942459106,0.003300784155726433
VTM-002019,DG-3271d47128c6,calcite,0,2,2,0.545229434967041,0.04598166048526764,0.19654405117034912,0.5335202217102051,0.22395412623882294
VTM-002025,DG-bf2ebb1198da,calcite,0,2,0,0.0,0.31906595826148987,0.18096545338630676,0.21857209503650665,0.28139644861221313
VTM-002032,DG-fbd9427b3bd6,calcite,0,2,2,0.0,0.028160015121102333,0.035752277821302414,0.6461670994758606,0.2899206578731537
VTM-002033,DG-fb8b73e9eed1,calcite,0,2,2,0.5957705974578857,0.004237109329551458,0.01199934259057045,0.979407548904419,0.00435600196942687
VTM-002046,DG-168ff7c2fa35,feldspar,0,2,2,0.0,0.009571981616318226,0.015269354917109013,0.9549647569656372,0.02019389346241951
VTM-002052,DG-8c6229423a18,feldspar,0,2,0,0.0,0.5472344756126404,0.023662865161895752,0.22022613883018494,0.2088765799999237
VTM-002053,DG-fd56db2790f4,feldspar,0,2,2,0.0,0.03193134069442749,0.1274116188287735,0.8039330244064331,0.036724016070365906
VTM-002057,DG-69efed462ca5,feldspar,0,2,2,0.0,0.15706653892993927,0.05844349041581154,0.6050528287887573,0.17943711578845978
VTM-002058,DG-92f5f13947b3,feldspar,0,2,1,0.6857622861862183,0.013112567365169525,0.8076481223106384,0.13035272061824799,0.04888656362891197
VTM-002061,DG-d8d5a8e4adc9,feldspar,0,2,2,0.0,0.0019293075893074274,0.020088043063879013,0.9732454419136047,0.004737223498523235
VTM-002068,DG-a935bf04c969,feldspar,0,2,2,0.6085877418518066,0.0026722662150859833,0.07963381707668304,0.9143964052200317,0.0032974735368043184
VTM-002073,DG-299d45bb53e3,feldspar,0,2,1,0.0,0.04811973497271538,0.5167278051376343,0.40287962555885315,0.032272819429636
VTM-002077,DG-7b65be4b9679,feldspar,0,2,3,0.0,0.1366565227508545,0.050658099353313446,0.15581126511096954,0.6568741798400879
VTM-002079,DG-2c4553d781e1,feldspar,0,2,0,0.0,0.7047289609909058,0.07334892451763153,0.03595850616693497,0.18596363067626953
VTM-002085,DG-93dd367747d7,feldspar,0,2,1,0.0,0.03851495310664177,0.5851497650146484,0.3316933512687683,0.04464186355471611
VTM-002086,DG-a8a66cab92d9,feldspar,0,2,2,0.0,0.0008137537515722215,0.006809404119849205,0.918923556804657,0.07345326244831085
VTM-002091,DG-cfb5f2037272,feldspar,0,2,2,0.0,0.04074639081954956,0.02751808986067772,0.5279106497764587,0.4038248658180237
VTM-002093,DG-41defb57d166,feldspar,0,2,2,0.0,0.032626308500766754,0.041434429585933685,0.8859512805938721,0.039987962692976
VTM-002096,DG-47a3decdba46,feldspar,0,2,0,0.0,0.3875487446784973,0.18385013937950134,0.284288227558136,0.14431288838386536
VTM-002105,DG-51d39850f9eb,feldspar,0,2,2,0.0,0.0009649168932810426,0.015377136878669262,0.9598512649536133,0.023806683719158173
VTM-002106,DG-77e04d086838,feldspar,0,2,2,0.5586898922920227,0.0038116700015962124,0.031063634902238846,0.9178001880645752,0.047324471175670624
VTM-002107,DG-ac7a6b0963f8,feldspar,0,2,2,0.0,0.00982751976698637,0.027224227786064148,0.9456337690353394,0.01731446385383606
VTM-002113,DG-065892749628,feldspar,0,2,2,0.590035080909729,0.00020277436124160886,0.004784611985087395,0.9938896894454956,0.0011229377705603838
VTM-002117,DG-20e63845d1c5,feldspar,0,2,2,0.5982697010040283,0.001592421904206276,0.018102392554283142,0.9772953987121582,0.003009738866239786
VTM-002119,DG-f6cfc775e0f7,feldspar,0,2,2,0.0,0.02155136689543724,0.035352569073438644,0.8606687784194946,0.0824272632598877
VTM-002122,DG-e3fd0082ebbc,feldspar,0,2,2,0.0,0.0118569852784276,0.10679864138364792,0.86744624376297,0.013898163102567196
VTM-002125,DG-38ecb3b17658,feldspar,0,2,0,0.0,0.383236825466156,0.26550617814064026,0.21941401064395905,0.13184300065040588
VTM-002144,DG-d6dd4352276f,feldspar,0,2,2,0.0,0.0018551970133557916,0.015474936924874783,0.9666247367858887,0.01604514755308628
VTM-002146,DG-b61f7916473e,feldspar,0,2,2,0.0,0.0028177632484585047,0.11461805552244186,0.8605371713638306,0.022027024999260902
VTM-002160,DG-c721d9903034,feldspar,0,2,2,0.5661658048629761,0.010450009256601334,0.1158427745103836,0.8172639608383179,0.056443311274051666
VTM-002164,DG-ad735c7f337e,feldspar,0,2,2,0.5772241353988647,0.004671701230108738,0.044134967029094696,0.9362670183181763,0.014926336705684662
VTM-002168,DG-2e5c91a57bab,feldspar,0,2,0,0.0,0.48365479707717896,0.18764658272266388,0.2049129754304886,0.12378564476966858
VTM-002181,DG-d7019067d0cc,feldspar,0,2,1,0.7660959362983704,0.001814571674913168,0.9436078071594238,0.05096352472901344,0.003614126704633236
VTM-002183,DG-2c21f60b687f,feldspar,0,2,2,0.0,0.020737163722515106,0.038486581295728683,0.8346753716468811,0.10610087215900421
VTM-002187,DG-d31fa807352a,feldspar,0,2,2,0.0,0.00894071813672781,0.31147655844688416,0.6145656108856201,0.06501715630292892
VTM-002196,DG-d9f272320af0,feldspar,0,2,2,0.5372545123100281,0.06303063780069351,0.04674629122018814,0.7887135744094849,0.10150951147079468
VTM-002202,DG-c04e2225b9a5,feldspar,0,2,2,0.6030563712120056,0.002002941444516182,0.01297391764819622,0.9835963249206543,0.001426907954737544
VTM-002203,DG-8a634a985fbb,feldspar,0,2,2,0.0,0.0007704854942858219,0.03044033609330654,0.9608169794082642,0.007972218096256256
VTM-002211,DG-59bf77a1bee2,feldspar,0,2,2,0.0,0.005452580749988556,0.09061488509178162,0.8645870089530945,0.03934548422694206
VTM-002235,DG-f481aeeafce1,feldspar,0,2,2,0.0,0.03520475700497627,0.045430708676576614,0.8638086915016174,0.05555582419037819
VTM-002241,DG-bc19e24ff0e7,feldspar,0,2,2,0.0,0.17049285769462585,0.29545632004737854,0.47326985001564026,0.06078100949525833
VTM-002246,DG-1323ace755bf,feldspar,0,2,2,0.0,0.0017462305258959532,0.007741493172943592,0.9773784279823303,0.013133839704096317
VTM-002254,DG-51ad4def987b,feldspar,0,2,2,0.0,0.00014580070273950696,0.006177930161356926,0.9924947023391724,0.0011815220350399613
VTM-002257,DG-f048671a52b3,feldspar,0,2,2,0.0,0.008926558308303356,0.055386271327733994,0.8899117708206177,0.0457753948867321
VTM-002267,DG-b6b3dc6cb54a,feldspar,0,2,2,0.0,0.026445753872394562,0.3061882257461548,0.6329523324966431,0.03441371023654938
VTM-002269,DG-1c17ceac47ca,feldspar,0,2,2,0.6121543645858765,0.001393432030454278,0.15899042785167694,0.8374475240707397,0.002168570412322879
VTM-002270,DG-20fd5166bb61,feldspar,0,2,2,0.0,0.059286560863256454,0.19699198007583618,0.7117926478385925,0.03192882239818573
VTM-002271,DG-ffa5569ffcfd,feldspar,0,2,2,0.0,0.008484739810228348,0.04524301737546921,0.92256098985672,0.0237113106995821
VTM-002272,DG-8ee7a09610fa,feldspar,0,2,3,0.0,0.00907747633755207,0.15415360033512115,0.23957222700119019,0.5971967577934265
VTM-002275,DG-9db1cdeffbcd,feldspar,0,2,2,0.0,0.0009885258041322231,0.02718094363808632,0.967708170413971,0.004122347105294466
VTM-002277,DG-35824c2ee6e2,feldspar,0,2,2,0.6009460091590881,0.008228057995438576,0.10074608027935028,0.8838428258895874,0.007182986941188574
VTM-002290,DG-3961b2f3475e,feldspar,0,2,1,0.0,0.04828286170959473,0.5341749787330627,0.34275439381599426,0.07478774338960648
VTM-002293,DG-100441ccbb89,feldspar,0,2,2,0.5815885066986084,0.0010421794140711427,0.011463455855846405,0.9826273918151855,0.004867022391408682
VTM-002304,DG-d300e922c382,feldspar,0,2,2,0.5618576407432556,0.004868284799158573,0.026266776025295258,0.9373998641967773,0.03146509826183319
VTM-002305,DG-389c57060916,feldspar,0,2,2,0.5456997752189636,0.007670585066080093,0.07639075815677643,0.5953968167304993,0.3205418586730957
VTM-002307,DG-dd9a8c5d9f57,feldspar,0,2,2,0.0,0.0034798691049218178,0.03150766342878342,0.9373239278793335,0.02768852934241295
VTM-002317,DG-c4186ede5ac8,feldspar,0,2,2,0.5599463582038879,0.0057216123677790165,0.23778632283210754,0.5509721636772156,0.2055198848247528
VTM-002319,DG-096e6302dea3,feldspar,0,2,2,0.0,0.00025000746245495975,0.0016966302646324039,0.9942742586135864,0.003779106540605426
VTM-002320,DG-cca48b4243d0,feldspar,0,2,2,0.0,0.0005259743775241077,0.045176539570093155,0.9496117830276489,0.004685723222792149
VTM-002324,DG-e24f2813b7f9,feldspar,0,2,2,0.0,0.001892514294013381,0.006742366589605808,0.9858676195144653,0.0054975575767457485
VTM-002327,DG-aa1a9a0b233e,feldspar,0,2,2,0.0,0.06192301958799362,0.03520621731877327,0.8386280536651611,0.0642426535487175
VTM-002334,DG-856685443b2c,feldspar,0,2,2,0.5583752393722534,0.0009096718276850879,0.00770455040037632,0.9723687171936035,0.01901700347661972
VTM-002339,DG-1a583f6c95e0,feldspar,0,2,2,0.0,0.0009917027782648802,0.005039498209953308,0.9904145002365112,0.0035542414989322424
VTM-002345,DG-b851572a511e,feldspar,0,2,2,0.0,0.0005386942648328841,0.01152641698718071,0.9813341498374939,0.006600704975426197
VTM-002350,DG-44cb49f4c0db,fluorapatite,0,2,2,0.5725571513175964,0.003414989449083805,0.07816551625728607,0.8917239308357239,0.02669556438922882
VTM-002356,DG-f28cda30033c,fluorapatite,0,2,2,0.5697914958000183,0.01486361026763916,0.11694911122322083,0.8252084255218506,0.04297887161374092
VTM-002360,DG-632a18d12072,fluorapatite,0,2,1,0.6525810956954956,0.011309140361845493,0.670530378818512,0.2770227789878845,0.041137728840112686
VTM-002363,DG-4d61e2e8c9ea,fluorapatite,0,2,2,0.0,0.0019084097584709525,0.1943039894104004,0.7945513129234314,0.009236286394298077
VTM-002376,DG-6990fca3f9fd,fluorapatite,0,2,2,0.0,0.005556474439799786,0.13022027909755707,0.7693490386009216,0.09487421065568924
VTM-002377,DG-4949a603ee5a,fluorapatite,0,2,2,0.0,0.0007009822875261307,0.07635840773582458,0.9210560321807861,0.0018846045713871717
VTM-002378,DG-cbe3f5d12560,fluorapatite,0,2,2,0.5517540574073792,0.02822248265147209,0.15179674327373505,0.6405749320983887,0.1794058084487915
VTM-002379,DG-7f8c0c5a6496,fluorapatite,0,2,2,0.5885144472122192,0.0004818345478270203,0.04895084723830223,0.948609471321106,0.00195784168317914
VTM-002381,DG-43040ae5be38,fluorapatite,0,2,2,0.0,0.11902600526809692,0.2381855994462967,0.5175101161003113,0.1252782940864563
VTM-002384,DG-0980dea5bbcb,fluorapatite,0,2,2,0.0,0.06023401767015457,0.1125245913863182,0.5759524703025818,0.25128889083862305
VTM-002399,DG-c45b552351d5,fluorapatite,0,2,2,0.5819425582885742,0.01312028057873249,0.19139277935028076,0.7472867369651794,0.04820016771554947
VTM-002402,DG-d0393f4f6983,fluorapatite,0,2,3,0.0,0.20821796357631683,0.24134764075279236,0.13625898957252502,0.4141753911972046
VTM-002406,DG-a52784f671eb,fluorapatite,0,2,1,0.621414065361023,0.019071321934461594,0.5584807395935059,0.36653995513916016,0.055908024311065674
VTM-002409,DG-0fd392a51bf0,fluorapatite,0,2,2,0.0,0.022191228345036507,0.09716561436653137,0.8091914653778076,0.07145165652036667
VTM-002411,DG-aa3adabce6ec,fluorapatite,0,2,2,0.0,0.07313680648803711,0.06338588893413544,0.4461040496826172,0.41737329959869385
VTM-002419,DG-2e0b86d9ee85,fluorapatite,0,2,2,0.5965982675552368,0.0015711388550698757,0.1958361268043518,0.7955088019371033,0.00708394218236208
VTM-002426,DG-70ae871f721c,fluorapatite,0,2,2,0.0,0.05496954545378685,0.3390893340110779,0.5548089146614075,0.051132213324308395
VTM-002429,DG-8205ac659861,fluorapatite,0,2,2,0.0,0.003237004391849041,0.020247694104909897,0.9681645035743713,0.00835077092051506
VTM-002433,DG-fbaa772afdb1,fluorapatite,0,2,2,0.0,0.00014813352026976645,0.0033905485179275274,0.994851291179657,0.001610012142919004
VTM-002435,DG-e579e6d2957d,fluorapatite,0,2,2,0.0,0.0006583303329534829,0.011911185458302498,0.9771395921707153,0.010290892794728279
VTM-002438,DG-86d5432fe9c6,fluorapatite,0,2,2,0.0,0.001058515626937151,0.056871198117733,0.9386247396469116,0.0034454851411283016
VTM-002443,DG-94c04c108a15,fluorapatite,0,2,2,0.6085502505302429,0.0006775842048227787,0.06046081334352493,0.9380849003791809,0.0007766691269353032
VTM-002444,DG-e64228a627d7,fluorapatite,0,2,2,0.0,0.013731110841035843,0.3341849148273468,0.5371823310852051,0.11490168422460556
VTM-002446,DG-b686b2ab094b,fluorapatite,0,2,2,0.0,0.0011218100553378463,0.028084613382816315,0.9642766714096069,0.0065168943256139755
VTM-002449,DG-89eb6a8ca65b,fluorapatite,0,2,1,0.0,0.01455407589673996,0.4285573363304138,0.4064425826072693,0.15044599771499634
VTM-002451,DG-c9f661bdfc44,fluorapatite,0,2,2,0.5873337388038635,0.0010602411348372698,0.2610548138618469,0.72171550989151,0.016169456765055656
VTM-002465,DG-c6e686d5bace,fluorapatite,0,2,2,0.0,0.00014210738299880177,0.006185467354953289,0.9918879270553589,0.0017844844842329621
VTM-002467,DG-df56414c7ac1,fluorapatite,0,2,2,0.5984607934951782,0.004291074350476265,0.12539848685264587,0.8573611974716187,0.01294923946261406
VTM-002475,DG-9091fc6cb922,fluorapatite,0,2,2,0.6312959790229797,0.0029250187799334526,0.3916561007499695,0.5996522903442383,0.005766650661826134
VTM-002477,DG-3cb38ff90f45,fluorapatite,0,2,2,0.5931791663169861,0.0003318549715913832,0.08538240194320679,0.9119638204574585,0.0023219145368784666
VTM-002482,DG-022e0ba12b56,fluorapatite,0,2,1,0.5871660709381104,0.013963627628982067,0.49488890171051025,0.21082556247711182,0.2803218960762024
VTM-002484,DG-b689aa9a20d4,fluorapatite,0,2,2,0.0,0.0006503520417027175,0.20319366455078125,0.7208625078201294,0.07529348134994507
VTM-002488,DG-1fbba0246cb5,fluorapatite,0,2,2,0.5868924260139465,0.039239056408405304,0.012535888701677322,0.9293520450592041,0.01887303590774536
VTM-002501,DG-d2f3fad193f6,fluorapatite,0,2,2,0.0,0.0007800050661899149,0.012519191950559616,0.9633159637451172,0.023384829983115196
VTM-002502,DG-691af9ea3c83,fluorapatite,0,2,2,0.6029331088066101,0.0018399422988295555,0.02625579573214054,0.9693065881729126,0.002597672399133444
VTM-002506,DG-df09e3ebcb22,fluorapatite,0,2,0,0.0,0.749082088470459,0.09365739673376083,0.014442522078752518,0.14281800389289856
VTM-002511,DG-acfa5bbc9fc2,fluorapatite,0,2,2,0.0,0.0007117786444723606,0.017149049788713455,0.9805089235305786,0.0016302741132676601
VTM-002514,DG-6b354123b89f,fluorapatite,0,2,2,0.0,0.00041236836113967,0.13330182433128357,0.8614647388458252,0.0048210094682872295
VTM-002518,DG-f17c54399b5a,fluorapatite,0,2,2,0.0,0.0005604742909781635,0.013002101331949234,0.9827108979225159,0.0037265531718730927
VTM-002519,DG-429781daa88f,fluorapatite,0,2,2,0.0,0.01298859529197216,0.014445364475250244,0.9523259997367859,0.02024000510573387
VTM-002525,DG-dabc93460fe3,fluorapatite,0,2,1,0.0,0.02831254154443741,0.6909317970275879,0.12583643198013306,0.15491923689842224
VTM-002529,DG-aed4677afb88,fluorapatite,0,2,2,0.0,0.0042848652228713036,0.10303457081317902,0.7489116191864014,0.14376895129680634
VTM-002535,DG-4a0123fe1eb9,fluorapatite,0,2,2,0.0,0.02025015465915203,0.2519157826900482,0.6242292523384094,0.1036047711968422
VTM-002540,DG-0918bf701a82,fluorapatite,0,2,2,0.0,0.00035810706322081387,0.009633723646402359,0.9894633293151855,0.0005448177107609808
VTM-002551,DG-b4df31af3ff3,fluorapatite,0,2,0,0.0,0.9165738224983215,0.0688142254948616,0.007623973302543163,0.006987991742789745
VTM-002556,DG-8038caa5c793,fluorapatite,0,2,2,0.6095626950263977,0.0072843413800001144,0.42671963572502136,0.535932719707489,0.030063290148973465
VTM-002559,DG-b40096cb2674,fluorapatite,0,2,2,0.0,8.617210551165044e-05,0.02304624766111374,0.97645103931427,0.0004165260470472276
VTM-002566,DG-da683ce1a5e0,fluorapatite,0,2,2,0.0,0.011077694594860077,0.353127121925354,0.6223958730697632,0.013399376533925533
VTM-002570,DG-06b7293c4bf4,fluorapatite,0,2,1,0.0,0.0029782368801534176,0.5153709650039673,0.397772878408432,0.08387792855501175
VTM-002577,DG-a6dc8eb14bc3,fluorapatite,0,2,3,0.0,0.12600836157798767,0.13982269167900085,0.10525472462177277,0.6289142370223999
VTM-002580,DG-e3d751c5769d,fluorapatite,0,2,2,0.560413122177124,0.008757805451750755,0.016917604953050613,0.9566669464111328,0.01765768975019455
VTM-002594,DG-173a6b0ad21a,fluorapatite,0,2,2,0.0,0.001037968904711306,0.0696566179394722,0.921893298625946,0.0074121407233178616
VTM-002595,DG-3bbe07533535,fluorapatite,0,2,2,0.6157983541488647,0.0055583156645298,0.3653712868690491,0.6177315711975098,0.011338802054524422
VTM-002601,DG-bce24eb203c7,fluorapatite,0,2,2,0.0,0.007953312247991562,0.11580929905176163,0.8567394614219666,0.019497904926538467
VTM-002615,DG-937456083f0f,fluorapatite,0,2,2,0.5601314902305603,0.01653200015425682,0.2378978729248047,0.5801756381988525,0.16539451479911804
VTM-002624,DG-ebe5477d9d4e,fluorapatite,0,2,2,0.0,0.3007446527481079,0.18969720602035522,0.470822274684906,0.03873587027192116
VTM-002629,DG-c049ed768645,fluorapatite,0,2,2,0.0,0.0004571438767015934,0.0034942382480949163,0.9947831034660339,0.0012655019527301192
VTM-002633,DG-90bbebd261ac,fluorapatite,0,2,2,0.0,0.0005364986136555672,0.00972695555537939,0.9870097637176514,0.002726748352870345
VTM-002634,DG-c78196f43dde,fluorapatite,0,2,2,0.0,0.0055593461729586124,0.07580416649580002,0.8897713422775269,0.028865158557891846
VTM-002635,DG-08ba49dd32f8,fluorapatite,0,2,1,0.0,0.0004713291418738663,0.9354038238525391,0.03608874976634979,0.02803611569106579
VTM-002637,DG-49f9ce893fdb,fluorapatite,0,2,2,0.0,0.28631991147994995,0.08339716494083405,0.5025885701179504,0.12769439816474915
VTM-002639,DG-d59be955cb06,fluorapatite,0,2,2,0.6066858768463135,0.0030136783607304096,0.029272690415382385,0.9653735756874084,0.002340065548196435
VTM-002641,DG-11fad6d5929c,fluorapatite,0,2,2,0.0,0.007462718058377504,0.13638757169246674,0.8385440707206726,0.017605600878596306
VTM-002646,DG-f677d90ff131,fluorapatite,0,2,2,0.0,0.001515878364443779,0.02464628964662552,0.9707512259483337,0.0030866404995322227
VTM-002656,DG-4383e5fea250,fluorapatite,0,2,2,0.5731263756752014,0.009802504442632198,0.07718174159526825,0.8768206238746643,0.03619515150785446
VTM-002667,DG-f757c41d7081,fluorapatite,0,2,2,0.0,0.025718024000525475,0.06380779296159744,0.8802717328071594,0.030202481895685196
VTM-002669,DG-94d163b6955c,fluorapatite,0,2,0,0.0,0.41303378343582153,0.1819571554660797,0.12966012954711914,0.2753489315509796
VTM-002672,DG-541249a33c15,fluorapatite,0,2,2,0.0,0.007041554432362318,0.05502461642026901,0.8945764303207397,0.04335735738277435
VTM-002684,DG-d01a6509ec5e,fluorapatite,0,2,2,0.0,0.002169358544051647,0.008107380010187626,0.9841324090957642,0.0055908639915287495
VTM-002685,DG-2371f5e69821,fluorapatite,0,2,2,0.0,0.0009252502350136638,0.2813040614128113,0.7019467353820801,0.015823988243937492
VTM-002687,DG-283391bf5821,fluorapatite,0,2,2,0.5609766244888306,0.0005370479193516076,0.019326725974678993,0.9411710500717163,0.03896515816450119
VTM-002691,DG-949d61a3561e,fluorapatite,0,2,1,0.593300998210907,0.011249269358813763,0.4590844213962555,0.4249649941921234,0.10470131039619446
VTM-002692,DG-cdf7d6c07e83,fluorapatite,0,2,2,0.5767455101013184,0.0007608040468767285,0.01372368261218071,0.971691370010376,0.013824116438627243
VTM-002697,DG-18f828d9814e,fluorapatite,0,2,2,0.0,0.0002571414806880057,0.006591578479856253,0.9749481081962585,0.018203184008598328
VTM-002702,DG-29f2ca53ef94,fluorapatite,0,2,2,0.5736032724380493,0.003243022598326206,0.06761758774518967,0.8967215418815613,0.03241783753037453
VTM-002705,DG-a45e2458cc11,fluorapatite,0,2,2,0.547079861164093,0.004201194271445274,0.02293388545513153,0.7776687145233154,0.1951962113380432
VTM-002706,DG-0d92fb7cb95e,fluorapatite,0,2,3,0.0,0.06078391522169113,0.02440166473388672,0.15805722773075104,0.7567571997642517
VTM-002708,DG-e6a42d9d99b7,fluorapatite,0,2,2,0.5606873631477356,0.0017261957982555032,0.09197765588760376,0.8508844971656799,0.05541167035698891
VTM-002709,DG-f9d90ea3eb02,fluorapatite,0,2,2,0.0,0.016648350283503532,0.31206682324409485,0.5443217158317566,0.12696312367916107
VTM-002726,DG-83cfe2ace11e,fluorapatite,0,2,2,0.0,0.04054608568549156,0.3504188656806946,0.5945379734039307,0.014497079886496067
VTM-002727,DG-c3b7204f25c6,fluorapatite,0,2,2,0.0,0.0059212977066636086,0.2739645540714264,0.704901397228241,0.015212791971862316
VTM-002731,DG-3edc0f696a60,fluorapatite,0,2,2,0.5673893690109253,0.0034965842496603727,0.004333230666816235,0.9815462827682495,0.010623890906572342
VTM-002732,DG-3fde00040150,fluorapatite,0,2,1,0.0,0.024622732773423195,0.4832687973976135,0.4361459016799927,0.05596258491277695
VTM-002733,DG-da2ce27c52e8,fluorapatite,0,2,2,0.0,0.0015817653620615602,0.3301956355571747,0.6666088700294495,0.001613728585653007
VTM-002734,DG-d7b7ee90f035,fluorapatite,0,2,2,0.0,0.001625091303139925,0.3300425112247467,0.6639921069145203,0.004340289160609245
VTM-002743,DG-99025d3d8d5d,fluorapatite,0,2,2,0.0,0.003776894649490714,0.1840118020772934,0.7690911293029785,0.043120190501213074
VTM-002745,DG-21cf25dd1974,fluorapatite,0,2,2,0.596062421798706,0.006250122562050819,0.09655866026878357,0.8858870267868042,0.01130425464361906
VTM-002752,DG-43133dfa71c9,fluorapatite,0,2,1,0.6667346954345703,0.028088022023439407,0.6189581751823425,0.3483183979988098,0.004635435063391924
VTM-002764,DG-776225aa1e4c,fluorapatite,0,2,2,0.0,0.0009909896180033684,0.05051419138908386,0.9470089673995972,0.0014858064241707325
VTM-002766,DG-ff21086b640f,fluorapatite,0,2,2,0.0,0.0005453062476590276,0.04100906476378441,0.9564969539642334,0.0019487219396978617
VTM-002767,DG-9d024c10251f,fluorapatite,0,2,2,0.5989460945129395,0.03124365583062172,0.18410256505012512,0.7657443881034851,0.01890937238931656
VTM-002771,DG-272c62f09ed9,fluorapatite,0,2,1,0.0,0.060740094631910324,0.5199572443962097,0.3759065568447113,0.043396081775426865
VTM-002772,DG-be4ab2bcc955,fluorapatite,0,2,2,0.0,0.13842563331127167,0.2300107330083847,0.4019879400730133,0.22957570850849152
VTM-002781,DG-46e771570fcc,fluorapatite,0,2,2,0.0,0.011246628127992153,0.18061165511608124,0.6668816208839417,0.14126011729240417
VTM-002785,DG-4469f02a60a8,fluorapatite,0,2,2,0.0,0.002676727483049035,0.03420295938849449,0.9581145644187927,0.005005736369639635
VTM-002790,DG-e68a1a5c5b3a,fluorapatite,0,2,2,0.0,0.0009848678018897772,0.01179554034024477,0.985247790813446,0.0019718289840966463
VTM-002807,DG-69def72eb9e9,fluorapatite,0,2,3,0.0,0.2696710228919983,0.0622083880007267,0.33394768834114075,0.3341728746891022
VTM-002823,DG-2736a493772c,fluorapatite,0,2,2,0.0,0.1417010873556137,0.07578197121620178,0.709843635559082,0.07267337292432785
VTM-002825,DG-72c1ed9d3742,fluorapatite,0,2,2,0.5575692653656006,0.006187101360410452,0.03528473898768425,0.9100644588470459,0.048463672399520874
VTM-002836,DG-52b433221a61,fluorapatite,0,2,2,0.5701788663864136,0.008235052227973938,0.06289628148078918,0.8954524993896484,0.03341622278094292
VTM-002837,DG-80b30b3877a9,fluorapatite,0,2,2,0.0,0.006468272767961025,0.06597235053777695,0.9115639925003052,0.015995359048247337
VTM-002843,DG-6cf9e43f18ec,fluorapatite,0,2,2,0.0,0.00038318513543345034,0.027880428358912468,0.9709437489509583,0.0007926039979793131
VTM-002868,DG-36c6aeaf573b,fluorapatite,0,2,2,0.592388391494751,0.01217342633754015,0.05570615455508232,0.9167152643203735,0.015405203215777874
VTM-002871,DG-df382346e67f,fluorapatite,0,2,2,0.0,0.04146093875169754,0.16194462776184082,0.7193300127983093,0.07726441323757172
VTM-002877,DG-8a907223c66e,fluorapatite,0,2,2,0.0,0.00100261764600873,0.02585599385201931,0.9705970883369446,0.002544347895309329
VTM-002883,DG-36aae56870fe,pyroxene,0,2,2,0.5677486658096313,0.013012677431106567,0.0183953158557415,0.9434212446212769,0.025170842185616493
VTM-002889,DG-eab811b126b9,pyroxene,0,2,2,0.6095609664916992,0.0022520951461046934,0.1057950109243393,0.8896267414093018,0.0023262021131813526
VTM-002890,DG-11491d7706ee,pyroxene,0,2,2,0.0,0.004416449461132288,0.39226147532463074,0.5934750437736511,0.009847057051956654
VTM-002897,DG-2d0fc3c5c9d3,pyroxene,0,2,2,0.5605995059013367,0.0071167126297950745,0.0137092974036932,0.9466121196746826,0.03256184235215187
VTM-002905,DG-e77a1968fdac,pyroxene,0,2,2,0.5581335425376892,0.1012028157711029,0.18379154801368713,0.605529248714447,0.10947633534669876
VTM-002906,DG-b16fad4d3847,pyroxene,0,2,2,0.0,0.011473998427391052,0.4302554726600647,0.5234926342964172,0.03477787226438522
VTM-002908,DG-4cb62f3b3d05,pyroxene,0,2,2,0.0,0.023778144270181656,0.31275221705436707,0.6557750701904297,0.007694583851844072
VTM-002916,DG-1c7371bdcb66,pyroxene,0,2,2,0.0,0.0038671153597533703,0.11288365721702576,0.6873649954795837,0.19588421285152435
VTM-002925,DG-be861e30956d,pyroxene,0,2,2,0.59223473072052,0.0021951457019895315,0.15851086378097534,0.8320531845092773,0.007240799255669117
VTM-002932,DG-2c26f97e5fb9,pyroxene,0,2,2,0.0,0.0008284220239147544,0.002074488438665867,0.995089590549469,0.0020074888598173857
VTM-002938,DG-bc185c527a55,pyroxene,0,2,2,0.0,0.0019678331445902586,0.09719260036945343,0.8924856185913086,0.008353927172720432
VTM-002940,DG-549fc5a84cd4,pyroxene,0,2,1,0.0,0.006971559952944517,0.620101809501648,0.020984847098588943,0.3519417643547058
VTM-002943,DG-07330e94de70,pyroxene,0,2,1,0.0,0.05410762503743172,0.6306032538414001,0.2199372947216034,0.09535181522369385
VTM-002944,DG-b8a1ecd98f5a,pyroxene,0,2,0,0.0,0.7770424485206604,0.07212056964635849,0.04297467693686485,0.10786233842372894
VTM-002945,DG-a3da53eac318,pyroxene,0,2,3,0.0,0.11486037820577621,0.3033169209957123,0.2398683875799179,0.3419542610645294
VTM-002949,DG-ad541d9a5e1b,pyroxene,0,2,2,0.0,0.008360528387129307,0.013323732651770115,0.9482365250587463,0.030079225078225136
VTM-002959,DG-3e022997c6a8,pyroxene,0,2,3,0.0,0.37264588475227356,0.06207142025232315,0.024512717500329018,0.5407699346542358
VTM-002965,DG-39c6e752f427,pyroxene,0,2,2,0.5909507870674133,0.001736213336698711,0.011812465265393257,0.9811076521873474,0.005343658849596977
VTM-002967,DG-14999e51fe9c,pyroxene,0,2,1,0.6424358487129211,0.004958717152476311,0.6882842779159546,0.2593674063682556,0.04738961532711983
VTM-002970,DG-9017ab1d9737,pyroxene,0,2,1,0.6455057263374329,0.0010337798157706857,0.6192705631256104,0.3702908158302307,0.00940487626940012
VTM-002976,DG-cdaffff70d2b,pyroxene,0,2,1,0.0,0.006712500937283039,0.6191812753677368,0.36709901690483093,0.007007191423326731
VTM-002984,DG-12e46649f5c8,pyroxene,0,2,2,0.5872662663459778,0.0007533683674409986,0.005312811583280563,0.9910917282104492,0.0028420882299542427
VTM-002989,DG-4b523dce0848,pyroxene,0,2,3,0.0,0.24292759597301483,0.156234011054039,0.2800244987010956,0.32081395387649536
VTM-002990,DG-3b33867e6177,pyroxene,0,2,2,0.0,0.0047289240173995495,0.01981338858604431,0.957823634147644,0.017634093761444092
VTM-002994,DG-844c37912472,pyroxene,0,2,2,0.554382860660553,0.08991193771362305,0.2028980851173401,0.6069461703300476,0.10024380683898926
VTM-002998,DG-02530580d7df,pyroxene,0,2,2,0.6028663516044617,0.0005690801190212369,0.015044884756207466,0.9837791919708252,0.0006068527000024915
VTM-003001,DG-83d2bf0fab9e,pyroxene,0,2,2,0.578747034072876,0.002721122233197093,0.03562353551387787,0.9420215487480164,0.019633794203400612
VTM-003004,DG-06d08f9dea64,pyroxene,0,2,1,0.5776963233947754,0.08295102417469025,0.461052805185318,0.2412574291229248,0.21473875641822815
VTM-003005,DG-6e6ba758e9a7,pyroxene,0,2,2,0.0,0.008735439740121365,0.40039029717445374,0.5712085962295532,0.01966565102338791
VTM-003022,DG-36d27ee1f175,pyroxene,0,2,2,0.0,0.00424946891143918,0.016806337982416153,0.9661230444908142,0.01282111369073391
VTM-003028,DG-4862682be165,pyroxene,0,2,1,0.0,0.021947013214230537,0.5364537835121155,0.4254794418811798,0.016119742766022682
VTM-003031,DG-7d95cd5f2601,pyroxene,0,2,2,0.583899974822998,0.011211720295250416,0.07251600921154022,0.8931884765625,0.023083839565515518
VTM-003032,DG-9b6b7039f87d,pyroxene,0,2,2,0.0,0.07439279556274414,0.066268190741539,0.696678638458252,0.1626603901386261
VTM-003038,DG-cc2d318d7866,pyroxene,0,2,2,0.520719051361084,0.17108291387557983,0.07007519900798798,0.5279161930084229,0.23092570900917053
VTM-003050,DG-a8ccd74c97e8,pyroxene,0,2,2,0.0,0.013873203657567501,0.055793698877096176,0.534994900226593,0.3953382074832916
VTM-003052,DG-85795c0d6b16,pyroxene,0,2,2,0.5733525156974792,0.023276913911104202,0.09447939693927765,0.850748598575592,0.03149505332112312
VTM-003061,DG-02721674da63,pyroxene,0,2,0,0.0,0.6883990168571472,0.18277160823345184,0.09192062169313431,0.03690879046916962
VTM-003064,DG-b7f4a5c233c8,pyroxene,0,2,2,0.5482423305511475,0.04294029623270035,0.05129307880997658,0.839180588722229,0.06658603996038437
VTM-003065,DG-d07ead84c7a2,pyroxene,0,2,2,0.5256187319755554,0.09145215153694153,0.032782137393951416,0.6791937351226807,0.1965719759464264
VTM-003067,DG-2634c9e90787,pyroxene,0,2,2,0.5509768128395081,0.011361006647348404,0.05239500850439072,0.817389965057373,0.11885401606559753
VTM-003070,DG-316331c5fc65,pyroxene,0,2,2,0.5618454217910767,0.024687273427844048,0.1023695319890976,0.8166748881340027,0.05626831203699112
VTM-003073,DG-53909db5f730,pyroxene,0,2,1,0.0,0.006571274250745773,0.46881958842277527,0.4097130596637726,0.11489609628915787
VTM-003074,DG-1599a4790f64,pyroxene,0,2,2,0.0,0.008309593424201012,0.01194087229669094,0.9509488344192505,0.028800686821341515
VTM-003075,DG-ba0752659635,pyroxene,0,2,2,0.0,0.001650941208936274,0.0052399770356714725,0.9888368248939514,0.00427222577854991
VTM-003076,DG-27c27a638953,pyroxene,0,2,2,0.0,0.0024483511224389076,0.027655253186821938,0.9626081585884094,0.007288175635039806
VTM-003077,DG-24c93776e634,pyroxene,0,2,2,0.5756359696388245,0.005711299367249012,0.0288290623575449,0.9431008100509644,0.022358819842338562
VTM-003079,DG-5e46fbd860b7,pyroxene,0,2,0,0.0,0.6206390261650085,0.052212536334991455,0.06483152508735657,0.2623169422149658
VTM-003082,DG-c0e74af687b9,pyroxene,0,2,2,0.0,0.041797980666160583,0.04912351071834564,0.7081807851791382,0.2008977234363556
VTM-003086,DG-7ca64cc7944a,pyroxene,0,2,2,0.0,0.0013625440187752247,0.005444378592073917,0.9898345470428467,0.0033585273195058107
VTM-003100,DG-efd3e7c09da1,pyroxene,0,2,2,0.0,0.011554103344678879,0.033348605036735535,0.8996177911758423,0.05547956004738808
VTM-003121,DG-4a2a9de238bd,pyroxene,0,2,2,0.5620003938674927,0.09509021043777466,0.15756280720233917,0.6658334732055664,0.08151354640722275
VTM-003123,DG-4769b5641f77,pyroxene,0,2,1,0.6168031692504883,0.0237453430891037,0.496337890625,0.4379926025867462,0.04192414507269859
VTM-003131,DG-3879cfb76799,pyroxene,0,2,2,0.0,0.003846612526103854,0.19647003710269928,0.7766014933586121,0.023081835359334946
VTM-003138,DG-1c3426d57d0e,pyroxene,0,2,2,0.5872007012367249,0.00038668460911139846,0.03710990026593208,0.9604078531265259,0.002095533534884453
VTM-003150,DG-a4568071fec7,pyroxene,0,2,3,0.0,0.08048529177904129,0.2089080810546875,0.19078204035758972,0.5198246240615845
VTM-003153,DG-09bec96d834d,pyroxene,0,2,2,0.0,7.514059689128771e-05,0.0013349727960303426,0.9982613325119019,0.00032854665187187493
VTM-003160,DG-42c5982d528d,pyroxene,0,2,1,0.0,0.1109049916267395,0.6701990962028503,0.1334531605243683,0.08544277399778366
VTM-003166,DG-fefad8b6e176,pyroxene,0,2,2,0.0,0.004840700421482325,0.01894400082528591,0.9656503796577454,0.010564946569502354
VTM-003167,DG-fde5f2d58bd6,pyroxene,0,2,2,0.0,0.21968212723731995,0.2163560688495636,0.36920714378356934,0.19475466012954712
VTM-003171,DG-462d909e6446,pyroxene,0,2,1,0.6677449941635132,0.01917935162782669,0.6573460102081299,0.3063162863254547,0.017158400267362595
VTM-003194,DG-aa5a0a987491,pyroxene,0,2,2,0.0,0.0003480483137536794,0.009963597171008587,0.9870201349258423,0.002668204018846154
VTM-003203,DG-8941dbf84126,pyroxene,0,2,2,0.5924282670021057,0.011949918232858181,0.04787173867225647,0.9264886975288391,0.013689674437046051
VTM-003206,DG-22c07204cbd1,pyroxene,0,2,1,0.0,0.2540492117404938,0.45208314061164856,0.24606163799762726,0.0478060208261013
VTM-003207,DG-950feff8cd7c,pyroxene,0,2,3,0.0,0.14719311892986298,0.1625533401966095,0.22628046572208405,0.4639730751514435
VTM-003212,DG-1f9988a126e0,pyroxene,0,2,2,0.5738951563835144,0.0028924201615154743,0.029658276587724686,0.9530516266822815,0.014397673308849335
VTM-003213,DG-560d0dea0375,pyroxene,0,2,2,0.0,0.0005340535426512361,0.04972677305340767,0.9478853940963745,0.0018538112053647637
VTM-003214,DG-a100a5d98221,pyroxene,0,2,2,0.0,0.0012504664482548833,0.2589702606201172,0.7381559610366821,0.0016232900088652968
VTM-003222,DG-8288d203dff6,pyroxene,0,2,2,0.5746046900749207,0.008122873492538929,0.22047758102416992,0.706933319568634,0.06446624547243118
VTM-003223,DG-ab7eefd4077b,pyroxene,0,2,2,0.0,0.1114073172211647,0.07547813653945923,0.680693507194519,0.13242101669311523
VTM-003228,DG-f7485785bb60,pyroxene,0,2,2,0.5470659732818604,0.12960176169872284,0.14485320448875427,0.5898779630661011,0.13566704094409943
VTM-003234,DG-3d3392c2e5f0,pyroxene,0,2,0,0.0,0.50641268491745,0.1612795889377594,0.18068209290504456,0.1516256481409073
VTM-003237,DG-14ea4ea1ba5a,pyroxene,0,2,2,0.0,0.006096130236983299,0.024446899071335793,0.9464733004570007,0.022983644157648087
VTM-003241,DG-95614b45fff9,pyroxene,0,2,2,0.5684891939163208,0.05482162535190582,0.24318605661392212,0.6271916031837463,0.07480068504810333
VTM-003247,DG-338ead0166e2,pyroxene,0,2,2,0.0,0.05463593453168869,0.37964099645614624,0.5089436769485474,0.056779421865940094
VTM-003250,DG-18740d3fe08a,pyroxene,0,2,1,0.0,0.0020206908229738474,0.9582101702690125,0.02910527028143406,0.010663852095603943
VTM-003263,DG-6965691b2848,pyroxene,0,2,3,0.5434373617172241,0.006848776713013649,0.07059578597545624,0.2825969457626343,0.6399585008621216
VTM-003267,DG-02b2d54663c6,pyroxene,0,2,2,0.0,0.00047279251157306135,0.0046027000062167645,0.993484616279602,0.0014399021165445447
VTM-003270,DG-1f5a0b16a3ed,pyroxene,0,2,2,0.0,0.0015592026757076383,0.005087485071271658,0.9878503680229187,0.005502977874130011
VTM-003271,DG-8ebff64cb761,pyroxene,0,2,0,0.0,0.41042065620422363,0.16411817073822021,0.13346247375011444,0.2919986844062805
VTM-003278,DG-3c6a6909d89a,pyroxene,0,2,2,0.0,0.010165482759475708,0.3406338393688202,0.4452019929885864,0.20399871468544006
VTM-003285,DG-1ff1ce12d66b,pyroxene,0,2,2,0.5597365498542786,0.011052239686250687,0.09470263123512268,0.814938485622406,0.07930664718151093
VTM-003292,DG-eddf3fe91859,pyroxene,0,2,0,0.0,0.6415743827819824,0.1295618712902069,0.08936695754528046,0.1394968330860138
VTM-003295,DG-d59fd9a05c51,pyroxene,0,2,2,0.0,0.0022656708024442196,0.03595740720629692,0.9561088681221008,0.005668063648045063
VTM-003310,DG-1b4c1aa9a9fe,pyroxene,0,2,2,0.5294229984283447,0.15031783282756805,0.07670076191425323,0.5475334525108337,0.22544804215431213
VTM-003312,DG-fbffbc92ac4c,pyroxene,0,2,0,0.0,0.675366997718811,0.047043971717357635,0.10542292892932892,0.17216607928276062
VTM-003317,DG-0d894807161b,pyroxene,0,2,3,0.0,0.11911258101463318,0.035933416336774826,0.06729823350906372,0.7776557803153992
VTM-003320,DG-22b3614d5d80,pyroxene,0,2,2,0.5739827156066895,0.0293516106903553,0.13552474975585938,0.7738908529281616,0.06123277544975281
VTM-003333,DG-661055fb0015,pyroxene,0,2,2,0.0,0.018020888790488243,0.08980077505111694,0.8222116827964783,0.06996666640043259
VTM-003336,DG-3dba07bb68d0,pyroxene,0,2,1,0.0,0.0002020993852056563,0.558973491191864,0.42642685770988464,0.01439763605594635
VTM-003339,DG-4035b23cd25e,pyroxene,0,2,2,0.0,0.0013749530771747231,0.2219245284795761,0.7742137312889099,0.002486836165189743
VTM-003346,DG-ee78988ee792,pyroxene,0,2,2,0.5959479212760925,0.019815081730484962,0.2580000162124634,0.702262282371521,0.01992267370223999
VTM-003349,DG-a0069817896e,pyroxene,0,2,1,0.0,0.12577754259109497,0.6384375095367432,0.1452958583831787,0.09048910439014435
VTM-003350,DG-0690521d9dd1,pyroxene,0,2,1,0.0,0.009690470062196255,0.7617552876472473,0.2192525416612625,0.009301728568971157
VTM-003360,DG-8944adb9e4d0,pyroxene,0,2,2,0.0,0.0013674228684976697,0.02466094121336937,0.8984046578407288,0.07556699961423874
VTM-003365,DG-9024f403e746,pyroxene,0,2,2,0.0,0.1704310029745102,0.17061983048915863,0.46833664178848267,0.1906125247478485
VTM-003368,DG-5c008822d96c,pyroxene,0,2,2,0.0,0.007139851339161396,0.19939440488815308,0.5120601654052734,0.28140556812286377
VTM-003372,DG-9a2260bd7fa8,pyroxene,0,2,3,0.0,0.2741970121860504,0.16694459319114685,0.08262046426534653,0.4762378931045532
VTM-003376,DG-377a00333bb0,quartz,0,2,2,0.0,0.2257290482521057,0.19578982889652252,0.45102497935295105,0.1274561882019043
VTM-003377,DG-097f1d18428b,quartz,0,2,2,0.0,0.0028145189862698317,0.04195690155029297,0.9471310973167419,0.008097480051219463
VTM-003382,DG-158ff5dc1237,quartz,0,2,2,0.0,0.00032684954931028187,0.06534630805253983,0.9267091155052185,0.0076177106238901615
VTM-003385,DG-ea65739cc711,quartz,0,2,2,0.5499354600906372,0.00776114035397768,0.027739353477954865,0.9167760610580444,0.04772341996431351
VTM-003389,DG-b1744c7cf0c2,quartz,0,2,2,0.0,0.0006080219172872603,0.010512720793485641,0.9870450496673584,0.0018341976683586836
VTM-003403,DG-63aee8bc16a5,quartz,0,2,2,0.0,0.015651660040020943,0.21584244072437286,0.5072799324989319,0.26122593879699707
VTM-003410,DG-7c7d670e261b,quartz,0,2,2,0.0,0.054909806698560715,0.047392338514328,0.6836379170417786,0.2140599638223648
VTM-003411,DG-07115f81dfcd,quartz,0,2,2,0.0,0.0008283483912236989,0.032381825149059296,0.9641529321670532,0.002636911114677787
VTM-003413,DG-824db2e21f39,quartz,0,2,2,0.0,0.02588604763150215,0.0351419635117054,0.8537174463272095,0.08525460213422775
VTM-003421,DG-4abd43475340,quartz,0,2,3,0.5356813669204712,0.029193097725510597,0.04216427356004715,0.42347633838653564,0.5051662921905518
VTM-003435,DG-96d7f42c0adb,quartz,0,2,2,0.0,0.006194512825459242,0.019885174930095673,0.9267141222953796,0.04720625281333923
VTM-003440,DG-261ea5b34997,quartz,0,2,1,0.6923677325248718,0.027154482901096344,0.8073915243148804,0.11025471985340118,0.055199239403009415
VTM-003449,DG-16b8d9127ed1,quartz,0,2,2,0.0,0.10214118659496307,0.09365654736757278,0.7278623580932617,0.07633992284536362
VTM-003454,DG-6bd160447dec,quartz,0,2,2,0.0,0.0006213516462594271,0.018779262900352478,0.9782133102416992,0.002386075910180807
VTM-003460,DG-e96452f60267,quartz,0,2,3,0.0,0.10883307456970215,0.037790872156620026,0.20246048271656036,0.6509155035018921
VTM-003461,DG-d3a537a397ff,quartz,0,2,2,0.0,0.0005439115921035409,0.0052444650791585445,0.9935402870178223,0.0006713597103953362
VTM-003465,DG-c7491a8989bf,quartz,0,2,2,0.0,0.003984345123171806,0.055088743567466736,0.9343799352645874,0.006546945311129093
VTM-003466,DG-aa46a7de04fc,quartz,0,2,1,0.692474365234375,0.010897921398282051,0.8249028325080872,0.1155325174331665,0.04866671934723854
VTM-003467,DG-429d37c43d66,quartz,0,2,2,0.5743792057037354,0.0024997503496706486,0.04698503762483597,0.9347057938575745,0.015809442847967148
VTM-003480,DG-3d3d9d2099e2,quartz,0,2,2,0.5972487926483154,0.010100258514285088,0.11750496923923492,0.8580546379089355,0.014340128749608994
VTM-003482,DG-bfed05c4de06,quartz,0,2,2,0.6076434850692749,0.006830156780779362,0.17480136454105377,0.8072408437728882,0.011127706617116928
VTM-003488,DG-920d18c7cd9b,quartz,0,2,2,0.6023420095443726,0.00010466130333952606,0.003845187369734049,0.9957818984985352,0.0002682794874999672
VTM-003491,DG-d3548175b837,quartz,0,2,3,0.5350075960159302,0.03739779070019722,0.029180200770497322,0.025856437161564827,0.9075655937194824
VTM-003493,DG-52defffa941a,quartz,0,2,2,0.6016728281974792,0.0008036817889660597,0.005939854774624109,0.9917097091674805,0.0015467756893485785
VTM-003496,DG-7f1d4e8c35e6,quartz,0,2,2,0.0,0.11562921106815338,0.14205041527748108,0.6574080586433411,0.08491232991218567
VTM-003506,DG-e33088583ef2,quartz,0,2,2,0.5982876420021057,0.019255805760622025,0.05292100831866264,0.9163851737976074,0.01143801212310791
VTM-003508,DG-a38b0a9744eb,quartz,0,2,2,0.5915734767913818,0.0012179637560620904,0.06287768483161926,0.9314121007919312,0.004492267034947872
VTM-003511,DG-f72b8cc0acd6,quartz,0,2,2,0.0,0.00032947122235782444,0.016596924513578415,0.981968879699707,0.0011047308798879385
VTM-003522,DG-910752bb3793,quartz,0,2,2,0.0,0.0017000780208036304,0.019182676449418068,0.974824070930481,0.004293208476155996
VTM-003524,DG-be614c901c26,quartz,0,2,2,0.0,0.010856802575290203,0.04912950471043587,0.9212896227836609,0.018724070861935616
VTM-003525,DG-ac33ddbd658c,quartz,0,2,2,0.0,0.2003476917743683,0.29900163412094116,0.31969645619392395,0.1809542179107666
VTM-003529,DG-e5a471320004,quartz,0,2,2,0.0,0.005235790740698576,0.053564850240945816,0.8900488615036011,0.05115051195025444
VTM-003533,DG-fe261ae27bba,quartz,0,2,2,0.5758891701698303,0.002871426288038492,0.09562011063098907,0.8701306581497192,0.03137778863310814
VTM-003543,DG-3398d3725b33,quartz,0,2,2,0.0,0.0005414912011474371,0.004636981058865786,0.991885781288147,0.0029357196763157845
VTM-003545,DG-09051d5fe4a8,quartz,0,2,2,0.5844427943229675,9.92023924482055e-05,0.001961317379027605,0.9971834421157837,0.0007560286903753877
VTM-003549,DG-25715dcbbdb0,quartz,0,2,2,0.0,0.0002074350486509502,0.0035969289019703865,0.9926747679710388,0.0035208789631724358
VTM-003554,DG-f0ce4e81bd3e,quartz,0,2,2,0.0,0.00690126046538353,0.01668454147875309,0.6788707375526428,0.2975435256958008
VTM-003555,DG-8e8e41ab8e34,quartz,0,2,2,0.0,0.0008475051145069301,0.00663969898596406,0.9895210862159729,0.0029916821513324976
VTM-003562,DG-537b7d49f26f,quartz,0,2,2,0.0,0.005398517940193415,0.2805115878582001,0.7044900059700012,0.009599884040653706
VTM-003566,DG-4defa7fa3a5e,quartz,0,2,2,0.0,0.003077462548390031,0.038992740213871,0.9508957266807556,0.007034102454781532
VTM-003567,DG-7e9e27e48328,quartz,0,2,2,0.0,0.047506216913461685,0.0677221491932869,0.6530638933181763,0.23170770704746246
VTM-003568,DG-e3ccf6d9ccfd,quartz,0,2,2,0.0,0.002272677607834339,0.056960538029670715,0.938281774520874,0.0024849888868629932
VTM-003575,DG-8e1404ad1726,quartz,0,2,3,0.0,0.07439177483320236,0.2244727611541748,0.1864362210035324,0.5146992802619934
VTM-003591,DG-ddbf75ddcd6e,quartz,0,2,2,0.0,0.05372636392712593,0.30823957920074463,0.477206289768219,0.16082772612571716
VTM-003594,DG-5e8919787bf8,quartz,0,2,2,0.0,0.002694946015253663,0.04896915704011917,0.9398685097694397,0.008467398583889008
VTM-003598,DG-9bcead480c48,quartz,0,2,2,0.0,0.0011622647289186716,0.009080709889531136,0.9866169691085815,0.0031399978324770927
VTM-003602,DG-0c8e223a4767,quartz,0,2,2,0.0,0.0007374445558525622,0.012667028233408928,0.9795077443122864,0.007087736390531063
VTM-003616,DG-abad6d7d8080,quartz,0,2,3,0.5543002486228943,0.006577765569090843,0.00974254496395588,0.033094488084316254,0.9505851864814758
VTM-003617,DG-fafc140d3a11,quartz,0,2,2,0.0,0.004128315951675177,0.011193035170435905,0.9766463041305542,0.00803239457309246
VTM-003627,DG-250b978331a9,quartz,0,2,1,0.6024150252342224,0.0719720721244812,0.5755516290664673,0.20409397780895233,0.1483822762966156
VTM-003629,DG-a95fa2858248,quartz,0,2,2,0.0,0.0005575511022470891,0.007420547306537628,0.9905115365982056,0.001510394737124443
VTM-003634,DG-198ae0a6221b,quartz,0,2,2,0.0,0.0003885403857566416,0.0051411776803433895,0.9935503005981445,0.0009199800551868975
VTM-003635,DG-9b1ae3e424e1,vesuvianite,0,2,2,0.0,0.004532622639089823,0.07344425469636917,0.9119774103164673,0.010045716539025307
VTM-003638,DG-3f6e67869303,vesuvianite,0,2,2,0.0,0.00022388026991393417,0.007590592373162508,0.9904939532279968,0.0016915993764996529
VTM-003640,DG-92b9ab8ad16a,vesuvianite,0,2,2,0.0,0.0005006235442124307,0.09647604078054428,0.9016296863555908,0.0013936014147475362
VTM-003649,DG-2e6c89c5b3ae,vesuvianite,0,2,2,0.0,0.000642443832475692,0.025293493643403053,0.9720776677131653,0.0019863764755427837
VTM-003653,DG-3ab34db7bfd1,vesuvianite,0,2,1,0.5967522859573364,0.02615726739168167,0.58130943775177,0.19101102650165558,0.20152226090431213
VTM-003656,DG-190999b9116a,vesuvianite,0,2,1,0.6359407305717468,0.005027416627854109,0.6472746729850769,0.30817219614982605,0.039525680243968964
VTM-003662,DG-bb227bfb3420,vesuvianite,0,2,2,0.5614357590675354,0.08486125618219376,0.08765658736228943,0.7637104988098145,0.06377165019512177
VTM-003671,DG-3e00c1c23538,vesuvianite,0,2,2,0.5807870030403137,2.3691596652497537e-05,0.013150179758667946,0.9866943359375,0.00013173659681342542
VTM-003672,DG-822cf8738f5d,vesuvianite,0,2,2,0.5539106130599976,0.0025024719070643187,0.009741607122123241,0.9452635049819946,0.042492423206567764
VTM-003677,DG-1c277c481e71,vesuvianite,0,2,2,0.0,0.0004471972642932087,0.0037620917428284883,0.9947483539581299,0.0010423477506265044
VTM-003684,DG-9143c728f2e4,vesuvianite,0,2,2,0.5970658659934998,0.0018332265317440033,0.07075025886297226,0.9223681688308716,0.005048329010605812
VTM-003689,DG-c3f58842267c,vesuvianite,0,2,1,0.6673914194107056,0.0044095925986766815,0.6512258648872375,0.33933624625205994,0.005028309766203165
VTM-003699,DG-6fc8c9dd46c2,vesuvianite,0,2,2,0.0,0.011963166296482086,0.1432834267616272,0.8334278464317322,0.011325578205287457
VTM-003703,DG-4b6f3648f005,vesuvianite,0,2,2,0.0,0.003041435033082962,0.0877808928489685,0.9073777198791504,0.001799972029402852
VTM-003709,DG-7ab9f8718c59,vesuvianite,0,2,2,0.0,0.0005426207208074629,0.24760861694812775,0.7513651251792908,0.00048366651753894985
VTM-003710,DG-2dd24a7e74de,vesuvianite,0,2,2,0.0,0.0003071355458814651,0.045666683465242386,0.9525311589241028,0.0014950624899938703
VTM-003716,DG-fec0e3ebe36c,vesuvianite,0,2,2,0.0,0.0003585032536648214,0.0035170968621969223,0.9944647550582886,0.0016596554778516293
VTM-003720,DG-f29984ccdfbc,vesuvianite,0,2,2,0.0,0.005489378236234188,0.25895920395851135,0.6874651908874512,0.04808622971177101
VTM-003721,DG-450b654cca09,vesuvianite,0,2,1,0.6217280030250549,0.021480165421962738,0.6591825485229492,0.13930769264698029,0.18002958595752716
VTM-003722,DG-36c1b91e92c4,vesuvianite,0,2,2,0.5500085353851318,0.018662866204977036,0.08685002475976944,0.7915589809417725,0.10292814671993256
VTM-003723,DG-9ac1992626f5,vesuvianite,0,2,2,0.0,0.0008619438158348203,0.017327899113297462,0.9801840782165527,0.0016260818811133504
VTM-003725,DG-3c0710e2cf7a,vesuvianite,0,2,1,0.6775160431861877,0.006133134011179209,0.7046903371810913,0.27494293451309204,0.01423352025449276
VTM-003730,DG-2a71e1dd984b,vesuvianite,0,2,2,0.5851558446884155,0.00037940897163935006,0.03315184265375137,0.9649316072463989,0.0015371618792414665
VTM-003731,DG-203527ab6025,vesuvianite,0,2,2,0.0,0.006344999186694622,0.22643065452575684,0.5108844637870789,0.2563398778438568
VTM-003732,DG-4da9660a3e4a,vesuvianite,0,2,2,0.5673350691795349,0.024023491889238358,0.18654480576515198,0.7155054211616516,0.07392625510692596
VTM-003733,DG-01bda451d9d8,vesuvianite,0,2,2,0.0,0.0022364023607224226,0.2564833462238312,0.7343283891677856,0.0069519043900072575
VTM-003734,DG-f4757a09ca77,vesuvianite,0,2,2,0.6055147647857666,0.0003525549254845828,0.09160895645618439,0.9073868989944458,0.0006515835993923247
VTM-003736,DG-098cd3520726,vesuvianite,0,2,1,0.6315861344337463,0.06206613779067993,0.6852208375930786,0.09490732848644257,0.1578056663274765
VTM-003738,DG-3fcc6443e50b,vesuvianite,0,2,2,0.0,0.003288041800260544,0.10146916657686234,0.8824425339698792,0.012800277210772038
VTM-003740,DG-27aea3fc2159,vesuvianite,0,2,1,0.739777147769928,0.002200514078140259,0.9099758863449097,0.07584504783153534,0.01197858341038227
VTM-003744,DG-4cc593148c28,vesuvianite,0,2,2,0.0,0.01615522988140583,0.1788221001625061,0.6494634747505188,0.15555919706821442
VTM-003750,DG-515956afdf20,vesuvianite,0,2,2,0.6047747731208801,0.0008858016808517277,0.08448117971420288,0.9132798314094543,0.0013531814329326153
VTM-003782,DG-fd86295b3985,vesuvianite,0,2,2,0.0,0.001517659635283053,0.1519731730222702,0.8439234495162964,0.0025857645086944103
VTM-003791,DG-9dff8031a414,vesuvianite,0,2,2,0.0,0.0067367395386099815,0.12449318915605545,0.858907163143158,0.00986289232969284
VTM-003793,DG-4323ca94ec6c,vesuvianite,0,2,2,0.0,0.006409352645277977,0.2525027394294739,0.7289085388183594,0.012179327197372913
VTM-003796,DG-4ec837d93f83,vesuvianite,0,2,2,0.0,0.006586969830095768,0.05914267152547836,0.6941037774085999,0.240166574716568
VTM-003805,DG-78baa91d3b62,vesuvianite,0,2,2,0.0,0.0752609372138977,0.225106343626976,0.6118239164352417,0.08780880272388458
VTM-003807,DG-ffb1301309a4,vesuvianite,0,2,2,0.0,0.0147388381883502,0.28495755791664124,0.46263986825942993,0.23766377568244934
VTM-003810,DG-b4aae2ea6684,vesuvianite,0,2,2,0.6361322402954102,0.004090971313416958,0.4849894046783447,0.5030016899108887,0.007917987182736397
VTM-003813,DG-49391b2e04a9,vesuvianite,0,2,2,0.0,0.006522736977785826,0.14511971175670624,0.7809123396873474,0.06744523346424103
VTM-003816,DG-7ed07056e72b,vesuvianite,0,2,2,0.0,0.004403029102832079,0.1454252004623413,0.8456587195396423,0.004512996878474951
VTM-003823,DG-761d07d6b728,vesuvianite,0,2,1,0.6739528775215149,0.13375486433506012,0.7593721151351929,0.07477259635925293,0.03210034593939781
VTM-003826,DG-aa64a9902042,vesuvianite,0,2,2,0.0,0.009518623352050781,0.05130574852228165,0.8754120469093323,0.0637635812163353
VTM-003827,DG-285a110f7562,vesuvianite,0,2,2,0.0,0.0014843028038740158,0.06691747158765793,0.9277309775352478,0.003867208957672119
VTM-003831,DG-4be4d721e464,vesuvianite,0,2,2,0.0,0.0011173202656209469,0.037839531898498535,0.9592893719673157,0.001753782737068832
VTM-003832,DG-aedfdef6c9dd,vesuvianite,0,2,1,0.0,0.04136195033788681,0.6402689814567566,0.237135648727417,0.0812334269285202
VTM-003840,DG-3cf31fae6d23,vesuvianite,0,2,2,0.5918177962303162,0.00266298558562994,0.14384685456752777,0.8409132361412048,0.012576899491250515
VTM-003843,DG-e2df066724b5,vesuvianite,0,2,1,0.0,0.0013867102097719908,0.8035134077072144,0.18769565224647522,0.00740418815985322
VTM-003850,DG-e94d11f17d33,vesuvianite,0,2,2,0.0,0.022476453334093094,0.11087165772914886,0.8309414982795715,0.035710446536540985
VTM-003855,DG-bba20012f7ff,vesuvianite,0,2,2,0.0,0.02379612624645233,0.06138037145137787,0.8964783549308777,0.018345123156905174
VTM-003856,DG-d3e07d74dc04,vesuvianite,0,2,2,0.576874315738678,0.03848835453391075,0.12131007015705109,0.7984822988510132,0.041719309985637665
VTM-003862,DG-33077a1095e1,vesuvianite,0,2,1,0.0,0.0020678346045315266,0.8599725961685181,0.13278819620609283,0.00517136650159955
VTM-003868,DG-988342957832,vesuvianite,0,2,2,0.0,0.012910277582705021,0.37481072545051575,0.6008647680282593,0.011414265260100365
VTM-003871,DG-1f03c396a434,vesuvianite,0,2,2,0.0,0.003105813404545188,0.12432403862476349,0.8458683490753174,0.026701809838414192
VTM-003876,DG-f14959620d42,vesuvianite,0,2,2,0.585141122341156,0.0006702200626023114,0.012256819754838943,0.984993577003479,0.002079427009448409
VTM-003877,DG-591abe10bfe5,vesuvianite,0,2,1,0.0,0.001030424959026277,0.7389342188835144,0.25691452622413635,0.0031208116561174393
VTM-003878,DG-811759214977,vesuvianite,0,2,3,0.0,0.23956862092018127,0.13528507947921753,0.2505161166191101,0.3746301233768463
VTM-003887,DG-64d015783567,vesuvianite,0,2,2,0.0,0.00011991050996584818,0.07867798209190369,0.9209361672401428,0.00026596381212584674
VTM-003889,DG-e2f7b314b961,vesuvianite,0,2,2,0.5719597935676575,0.0009838794358074665,0.24227187037467957,0.7035565972328186,0.053187593817710876
VTM-003891,DG-382fc9f12b38,vesuvianite,0,2,2,0.0,0.05122685432434082,0.32725343108177185,0.544701337814331,0.07681840658187866
VTM-003897,DG-3d1dcb27dad7,vesuvianite,0,2,2,0.0,0.007446272298693657,0.19852496683597565,0.7666773200035095,0.02735145203769207
VTM-003903,DG-737047940f15,vesuvianite,0,2,2,0.0,0.0005018161609768867,0.09017831087112427,0.8793217539787292,0.02999814786016941
VTM-003916,DG-62ff9ecdf8f9,vesuvianite,0,2,2,0.5768449902534485,0.00024348552688024938,0.061723001301288605,0.9349764585494995,0.003057037014514208
VTM-003921,DG-d6f3bfcc82a3,vesuvianite,0,2,1,0.0,0.0036881722044199705,0.8443230390548706,0.14072172343730927,0.011267042718827724
VTM-003925,DG-403408a696da,vesuvianite,0,2,0,0.0,0.41678404808044434,0.23138944804668427,0.19632253050804138,0.1555039882659912
VTM-003927,DG-30aa90b1e374,vesuvianite,0,2,2,0.5861561894416809,0.0019821380265057087,0.051458194851875305,0.9404045343399048,0.006155136972665787
VTM-003933,DG-292e31308efb,vesuvianite,0,2,2,0.0,3.511949398671277e-05,0.0022450443357229233,0.9973252415657043,0.000394635833799839
VTM-003934,DG-cde12f5c8a99,vesuvianite,0,2,2,0.0,0.007892386056482792,0.12540099024772644,0.8479043841362,0.018802206963300705
VTM-003935,DG-d80e49ba3f14,vesuvianite,0,2,2,0.0,0.0005069972248747945,0.03774695843458176,0.9587443470954895,0.0030017078388482332
VTM-003936,DG-a5da20726561,vesuvianite,0,2,2,0.0,0.0001673493388807401,0.2552109956741333,0.7384651303291321,0.006156547460705042
VTM-003944,DG-b8bbdd672761,vesuvianite,0,2,2,0.0,0.0002136171533493325,0.060310620814561844,0.9357162117958069,0.0037595389876514673
VTM-003956,DG-e7ddac66b305,vesuvianite,0,2,1,0.0,0.003295851405709982,0.9014747142791748,0.07925059646368027,0.015978801995515823
VTM-003960,DG-d828cab7f924,vesuvianite,0,2,2,0.0,0.000864268746227026,0.13639302551746368,0.857212245464325,0.005530432797968388
VTM-003964,DG-22543172b0c1,vesuvianite,0,2,2,0.0,0.0020110078621655703,0.1559707373380661,0.8377095460891724,0.004308716859668493
VTM-003972,DG-7df29f37c067,vesuvianite,0,2,2,0.0,9.262623643735424e-05,0.012929319404065609,0.9867984056472778,0.00017964188009500504
VTM-003996,DG-3669ab7c0ab5,vesuvianite,0,2,2,0.5755152106285095,0.007362185046076775,0.06338626146316528,0.9018484354019165,0.02740311622619629
VTM-004003,DG-1ba10078971d,vesuvianite,0,2,2,0.0,0.025313030928373337,0.16729360818862915,0.5353652238845825,0.2720281481742859
VTM-004005,DG-6fc92603d80b,vesuvianite,0,2,2,0.5808627009391785,0.00024984480114653707,0.017088674008846283,0.9810951948165894,0.001566310878843069
VTM-004007,DG-662b18f75ed5,vesuvianite,0,2,2,0.0,0.013361465185880661,0.1653866320848465,0.734450101852417,0.08680182695388794
VTM-004012,DG-b6258a6f84ef,vesuvianite,0,2,2,0.0,0.0010972472373396158,0.06125139072537422,0.9287955164909363,0.008855837397277355
VTM-004025,DG-a3276c20df4d,vesuvianite,0,2,2,0.0,0.00013436988228932023,0.0026904484257102013,0.9966927170753479,0.0004824655770789832
VTM-004027,DG-6b9df49cf5ae,vesuvianite,0,2,2,0.5903659462928772,0.007660863921046257,0.18463242053985596,0.7809194326400757,0.026787251234054565
VTM-004040,DG-195887bfa623,vesuvianite,0,2,2,0.0,0.01291151624172926,0.033633917570114136,0.8258757591247559,0.12757882475852966
VTM-004042,DG-2d1974985d68,vesuvianite,0,2,1,0.6913415193557739,0.0032616569660604,0.7520256638526917,0.23952841758728027,0.0051842257380485535
VTM-004044,DG-f9d12b79e75f,vesuvianite,0,2,1,0.6604644656181335,0.009673019871115685,0.5672411918640137,0.4168618619441986,0.006223997101187706
VTM-004063,DG-94bb3086cbb8,vesuvianite,0,2,2,0.0,0.008424535393714905,0.23438523709774017,0.5840062499046326,0.17318399250507355
VTM-004064,DG-24d450703173,vesuvianite,0,2,2,0.0,0.03737066313624382,0.45683255791664124,0.4613035321235657,0.04449326917529106
VTM-004075,DG-4ad0528d18ac,vesuvianite,0,2,2,0.0,4.5376298658084124e-05,0.014802984893321991,0.9845813512802124,0.0005703077185899019
VTM-004083,DG-778c8a290902,vesuvianite,0,2,2,0.6231553554534912,0.015295552089810371,0.3159402012825012,0.6602401733398438,0.008524047210812569
VTM-004084,DG-96c776d4eabe,vesuvianite,0,2,2,0.0,0.0017074011266231537,0.03094797022640705,0.9535026550292969,0.01384199783205986
VTM-004088,DG-fb4578ab7c80,vesuvianite,0,2,2,0.0,0.0014226713683456182,0.03718569502234459,0.9570475816726685,0.004344063811004162
VTM-004093,DG-c8a5825e6950,vesuvianite,0,2,2,0.5861112475395203,0.00039687310345470905,0.11968549340963364,0.8752838373184204,0.004633771721273661
VTM-004096,DG-fbf28e0ec8a5,vesuvianite,0,2,2,0.6032330989837646,0.001254839589819312,0.10262338817119598,0.8928382396697998,0.0032834806479513645
VTM-004102,DG-d229bb5b117b,vesuvianite,0,2,2,0.0,0.12964984774589539,0.3008457124233246,0.49329227209091187,0.07621215283870697
VTM-004104,DG-f9940d52117c,vesuvianite,0,2,2,0.6283136010169983,0.0012146804947406054,0.4090697169303894,0.5866931080818176,0.0030225394293665886
VTM-004109,DG-8e51afeeacec,vesuvianite,0,2,2,0.0,0.00032806710805743933,0.08279553055763245,0.9157535433769226,0.0011228738585487008
VTM-004110,DG-de4a1c71f1f3,vesuvianite,0,2,2,0.0,0.009078336879611015,0.254425048828125,0.7284949421882629,0.00800159852951765
VTM-004111,DG-1704c11ac22f,vesuvianite,0,2,1,0.6286913752555847,0.050668999552726746,0.5214267373085022,0.4022194445133209,0.025684824213385582
VTM-004116,DG-62c3dea7d681,vesuvianite,0,2,1,0.0,0.20884747803211212,0.5732911825180054,0.11846338212490082,0.09939796477556229
VTM-004137,DG-03cb4d8280c5,chalcopyrite,0,3,3,0.5754034519195557,0.001395842176862061,0.06196173280477524,0.012233268469572067,0.9244092106819153
VTM-004140,DG-36252213f314,chalcopyrite,0,3,3,0.0,0.009492065757513046,0.09603259712457657,0.049965109676122665,0.8445101976394653
VTM-004154,DG-abc4ece41987,chalcopyrite,0,3,3,0.0,0.05550870671868324,0.17867830395698547,0.22244104743003845,0.5433719158172607
VTM-004155,DG-a636b5037976,chalcopyrite,0,3,3,0.0,0.002838941290974617,0.22412775456905365,0.018251655623316765,0.7547816038131714
VTM-004158,DG-93521f3682a4,chalcopyrite,0,3,2,0.0,0.0016969359712675214,0.01832374930381775,0.9338154792785645,0.04616379737854004
VTM-004159,DG-32645abe6c40,chalcopyrite,0,3,3,0.0,0.00903909932821989,0.15324240922927856,0.13759241998195648,0.7001261115074158
VTM-004162,DG-e88b5f73d62e,chalcopyrite,0,3,2,0.0,0.012128535658121109,0.07142509520053864,0.687602162361145,0.22884421050548553
VTM-004178,DG-b6746205a70e,chalcopyrite,0,3,0,0.5587936639785767,0.6173851490020752,0.19718436896800995,0.0520319901406765,0.13339848816394806
VTM-004183,DG-4ad5a7e7e695,chalcopyrite,0,3,3,0.5513142347335815,0.0009054008405655622,0.006885159760713577,0.014241461642086506,0.9779679775238037
VTM-004190,DG-dcee6fb17ddd,chalcopyrite,0,3,0,0.0,0.4626316428184509,0.17734885215759277,0.13852038979530334,0.22149908542633057
VTM-004201,DG-0f59261d4d4f,chalcopyrite,0,3,3,0.0,0.002057075733318925,0.03560143709182739,0.0004481235519051552,0.9618933200836182
VTM-004203,DG-b8fbe6502090,chalcopyrite,0,3,3,0.0,0.2154255360364914,0.1587110012769699,0.15122707188129425,0.47463640570640564
VTM-004204,DG-b19f1dc1d9f6,chalcopyrite,0,3,3,0.0,0.02968582510948181,0.047156158834695816,0.07542499899864197,0.8477330207824707
VTM-004209,DG-17021d22a929,chalcopyrite,0,3,0,0.0,0.6139903664588928,0.0463322289288044,0.017128756269812584,0.32254868745803833
VTM-004211,DG-1d36ceddf19c,chalcopyrite,0,3,0,0.0,0.9100862741470337,0.06556719541549683,0.002934044925495982,0.02141248993575573
VTM-004212,DG-94683f2f8a87,chalcopyrite,0,3,0,0.0,0.6655789613723755,0.04781965911388397,0.0032587707974016666,0.2833425998687744
VTM-004220,DG-89cdb51c4697,chalcopyrite,0,3,0,0.0,0.7929292321205139,0.049713943153619766,0.028414735570549965,0.1289421170949936
VTM-004221,DG-22ef1eebfb8d,chalcopyrite,0,3,0,0.0,0.8415069580078125,0.02415112778544426,0.021607251837849617,0.11273465305566788
VTM-004222,DG-1e0695c4192d,chalcopyrite,0,3,0,0.0,0.5064370036125183,0.026377510279417038,0.0019832293037325144,0.465202271938324
VTM-004224,DG-e130c8625a9a,chalcopyrite,0,3,0,0.0,0.7526612281799316,0.004393554292619228,0.01072693057358265,0.23221828043460846
VTM-004226,DG-5cfec6919979,chalcopyrite,0,3,3,0.0,0.033273570239543915,0.14890584349632263,0.03504149988293648,0.7827790975570679
VTM-004227,DG-4ebe6c44e12a,chalcopyrite,0,3,0,0.0,0.6768065690994263,0.08038098365068436,0.08998928219079971,0.15282312035560608
VTM-004228,DG-4db88c299408,chalcopyrite,0,3,0,0.0,0.7296026945114136,0.028328297659754753,0.03783804923295975,0.20423093438148499
VTM-004229,DG-b2f380bd5029,chalcopyrite,0,3,0,0.0,0.7988949418067932,0.08273979276418686,0.04727764427661896,0.07108762860298157
VTM-004231,DG-1abc445edc31,chalcopyrite,0,3,0,0.0,0.9859719276428223,0.005996641702950001,0.0005774708115495741,0.007453992031514645
VTM-004245,DG-2060f9e29a23,chalcopyrite,0,3,0,0.0,0.7904738187789917,0.06795147061347961,0.015545126050710678,0.12602955102920532
VTM-004247,DG-8adbbccdd724,chalcopyrite,0,3,0,0.0,0.9121630191802979,0.07988720387220383,0.001895118854008615,0.006054669618606567
VTM-004252,DG-09a432e2b831,chalcopyrite,0,3,0,0.0,0.7275557518005371,0.07302621752023697,0.013715644367039204,0.18570244312286377
VTM-004254,DG-791f22659a0e,chalcopyrite,0,3,3,0.5675477385520935,0.0009690620936453342,0.017899449914693832,0.04969622939825058,0.931435227394104
VTM-004262,DG-66a5461be3ce,chalcopyrite,0,3,3,0.0,0.12075670808553696,0.0509561263024807,0.007073198910802603,0.821213960647583
VTM-004266,DG-b39923e015fb,chalcopyrite,0,3,3,0.0,0.20634512603282928,0.11298834532499313,0.032294511795043945,0.6483719944953918
VTM-004267,DG-d925da51e984,chalcopyrite,0,3,3,0.0,0.0009558920282870531,0.3573894202709198,0.000733004417270422,0.6409216523170471
VTM-004278,DG-6d3ffb9c1414,chalcopyrite,0,3,3,0.0,0.0002934709773398936,0.027688205242156982,0.0030694829765707254,0.9689488410949707
VTM-004279,DG-13dbc7077595,chalcopyrite,0,3,3,0.0,0.007121758069843054,0.03105401061475277,0.0032673366367816925,0.9585568904876709
VTM-004289,DG-1a0ff4cf7ad0,chalcopyrite,0,3,3,0.5477794408798218,0.0007227968890219927,0.0012524472549557686,0.008268018253147602,0.98975670337677
VTM-004298,DG-def14538a6dc,chalcopyrite,0,3,1,0.0,0.0897340252995491,0.778287410736084,0.0041512297466397285,0.12782730162143707
VTM-004301,DG-bb8d092cc2a9,chalcopyrite,0,3,3,0.0,0.0029738186858594418,0.0043630823493003845,0.021417874842882156,0.971245288848877
VTM-004306,DG-e140b99834b5,chalcopyrite,0,3,1,0.568986177444458,0.22120991349220276,0.4250248968601227,0.1685423105955124,0.18522289395332336
VTM-004307,DG-115678ab2998,chalcopyrite,0,3,3,0.5813302397727966,2.818879329424817e-05,0.002607877366244793,0.00033008537138812244,0.9970338344573975
VTM-004320,DG-b7bf2f2e5a61,chalcopyrite,0,3,3,0.0,0.024641944095492363,0.06260614842176437,0.09952929615974426,0.8132225871086121
VTM-004330,DG-0e3eb81d53c1,chalcopyrite,0,3,3,0.0,0.02755814604461193,0.029567210003733635,0.18816553056240082,0.7547090649604797
VTM-004333,DG-44d15721c9e7,chalcopyrite,0,3,3,0.0,0.050636209547519684,0.13693886995315552,0.10213073343038559,0.710294246673584
VTM-004339,DG-df0e950690cd,chalcopyrite,0,3,3,0.0,0.0033698524348437786,0.1996602565050125,0.1354391723871231,0.6615306735038757
VTM-004343,DG-f8502eda04e2,chalcopyrite,0,3,0,0.0,0.5851023197174072,0.19558870792388916,0.05876004323363304,0.16054899990558624
VTM-004356,DG-52391854c813,chalcopyrite,0,3,3,0.0,0.0011989588383585215,0.014910305850207806,0.03530106320977211,0.9485896825790405
VTM-004368,DG-190a29f63412,chalcopyrite,0,3,3,0.0,0.00868979748338461,0.009444013237953186,0.018405962735414505,0.9634602069854736
VTM-004369,DG-d1667de89144,chalcopyrite,0,3,3,0.5708299279212952,0.0019116881303489208,0.06894248723983765,0.04164908826351166,0.8874967098236084
VTM-004392,DG-cd28b914392d,chalcopyrite,0,3,3,0.0,0.37466728687286377,0.19621218740940094,0.050275202840566635,0.37884530425071716
VTM-004395,DG-b3495bc08c3b,chalcopyrite,0,3,0,0.0,0.48269444704055786,0.24409466981887817,0.06108585000038147,0.2121250480413437
VTM-004397,DG-61d7630e52cd,chalcopyrite,0,3,3,0.0,0.10396233946084976,0.060440611094236374,0.0744452029466629,0.761151909828186
VTM-004403,DG-94ab2759d137,chalcopyrite,0,3,3,0.0,0.010264425538480282,0.006296203006058931,0.004776971880346537,0.9786624312400818
VTM-004404,DG-47d8fd9dfca6,chalcopyrite,0,3,3,0.0,0.021325983107089996,0.11838357150554657,0.19690848886966705,0.6633819341659546
VTM-004405,DG-95f1e7570074,chalcopyrite,0,3,0,0.0,0.610581636428833,0.042712051421403885,0.01912621594965458,0.3275800347328186
VTM-004407,DG-1bf3d3b7ae53,chalcopyrite,0,3,3,0.528946578502655,0.16474583745002747,0.12446661293506622,0.16601398587226868,0.5447735786437988
VTM-004416,DG-f4b897cc3bc8,chalcopyrite,0,3,2,0.602570652961731,0.0013816943392157555,0.010607827454805374,0.9853920936584473,0.0026183403097093105
VTM-004417,DG-719d4b31ae6c,chalcopyrite,0,3,3,0.0,0.008993585593998432,0.013339497148990631,0.01393211167305708,0.9637348055839539
VTM-004418,DG-9aae3020dd0b,chalcopyrite,0,3,2,0.0,0.17499209940433502,0.10257166624069214,0.49703454971313477,0.22540166974067688
VTM-004422,DG-379750c68c74,chalcopyrite,0,3,0,0.0,0.44119253754615784,0.3604331612586975,0.03777192533016205,0.1606023907661438
VTM-004423,DG-9f1af7b13d2f,chalcopyrite,0,3,0,0.0,0.4434521198272705,0.4253595769405365,0.021808531135320663,0.10937980562448502
VTM-004431,DG-268c07fc4456,chalcopyrite,0,3,2,0.0,0.014487982727587223,0.18717534840106964,0.5597960352897644,0.2385406196117401
VTM-004432,DG-08799787483b,chalcopyrite,0,3,3,0.5615208148956299,0.0013210645411163568,0.0075234947726130486,0.016352158039808273,0.9748032689094543
VTM-004434,DG-c77be5eff59a,chalcopyrite,0,3,2,0.0,0.22183047235012054,0.25989824533462524,0.3455469012260437,0.17272429168224335
VTM-004449,DG-5889b81635cb,goethite,0,3,3,0.0,0.01833879016339779,0.09449251741170883,0.12359680980443954,0.7635718584060669
VTM-004450,DG-abcb9813a0f9,goethite,0,3,3,0.0,0.014423682354390621,0.03215642645955086,0.0736667737364769,0.8797531127929688
VTM-004453,DG-ac0814e1d2ce,goethite,0,3,3,0.0,0.008556243032217026,0.07580317556858063,0.04672562703490257,0.8689149618148804
VTM-004462,DG-bd1a42e1d4c1,goethite,0,3,2,0.5388785600662231,0.017508700489997864,0.04158036410808563,0.7703001499176025,0.17061084508895874
VTM-004472,DG-baeb947c7617,goethite,0,3,3,0.0,0.026807690039277077,0.005509943701326847,0.029476530849933624,0.9382058382034302
VTM-004473,DG-f6eacbcdec2a,goethite,0,3,3,0.0,0.009118905290961266,0.003358820453286171,0.0299165528267622,0.9576057195663452
VTM-004474,DG-04127e857354,goethite,0,3,3,0.0,0.03064153902232647,0.0157619658857584,0.36726105213165283,0.5863354206085205
VTM-004475,DG-704bffc2fc01,goethite,0,3,3,0.0,0.029664594680070877,0.009584758430719376,0.08202961087226868,0.8787210583686829
VTM-004480,DG-d999cbdf9b4b,goethite,0,3,1,0.7390924692153931,0.006826255936175585,0.928369402885437,0.006055191159248352,0.058749228715896606
VTM-004482,DG-162780054af3,goethite,0,3,3,0.0,0.007943167351186275,0.02068428136408329,0.08538626879453659,0.885986328125
VTM-004485,DG-33a4a9142c46,goethite,0,3,0,0.0,0.5230878591537476,0.01585433818399906,0.0324321985244751,0.4286256432533264
VTM-004487,DG-9fff6f03fdf4,goethite,0,3,1,0.0,0.054047226905822754,0.42305487394332886,0.25473594665527344,0.2681620121002197
VTM-004488,DG-2decccec0010,goethite,0,3,3,0.0,0.033246781677007675,0.24992088973522186,0.17054031789302826,0.5462920069694519
VTM-004498,DG-bf44617a6ab2,goethite,0,3,3,0.535766065120697,0.024674132466316223,0.026938263326883316,0.16679242253303528,0.7815952301025391
VTM-004504,DG-c1aa704d2a6e,goethite,0,3,3,0.0,0.4113811254501343,0.0852700024843216,0.06673786044120789,0.43661099672317505
VTM-004515,DG-1c6542948e6f,goethite,0,3,3,0.5255419611930847,0.2144644558429718,0.04363787919282913,0.030053704977035522,0.7118439674377441
VTM-004518,DG-f9fe66c5becf,goethite,0,3,3,0.5632286667823792,0.1537160575389862,0.2663577198982239,0.015720173716545105,0.564206063747406
VTM-004525,DG-bbaadd195115,goethite,0,3,1,0.0,0.020923679694533348,0.5396488904953003,0.402569442987442,0.0368579737842083
VTM-004532,DG-1958ad54fa3a,goethite,0,3,1,0.0,0.009687623009085655,0.5546870827674866,0.04568088427186012,0.3899444341659546
VTM-004541,DG-5544322fe5dc,goethite,0,3,3,0.0,0.2645956575870514,0.31795328855514526,0.03705986961722374,0.3803911507129669
VTM-004542,DG-566bb1ba97ab,goethite,0,3,0,0.0,0.9467708468437195,0.027608191594481468,0.007369554601609707,0.018251337110996246
VTM-004544,DG-5dee52144675,goethite,0,3,3,0.0,0.16509558260440826,0.18638992309570312,0.012537273578345776,0.6359772086143494
VTM-004549,DG-a434ef073065,goethite,0,3,3,0.0,0.040386591106653214,0.035756614059209824,0.31311264634132385,0.6107441782951355
VTM-004554,DG-d8c270e4d550,goethite,0,3,1,0.0,0.19919182360172272,0.4688730835914612,0.03480576351284981,0.297129362821579
VTM-004555,DG-6b39bbdc8ae5,goethite,0,3,1,0.0,0.05550479516386986,0.7270475029945374,0.151231586933136,0.06621608138084412
VTM-004557,DG-cc9475356267,goethite,0,3,3,0.0,0.0012314001796767116,0.0005545287858694792,0.00039346105768345296,0.9978206157684326
VTM-004565,DG-0b9ec2c49631,goethite,0,3,1,0.0,0.19345387816429138,0.5052781105041504,0.07785411179065704,0.22341392934322357
VTM-004566,DG-a96f9eb81289,goethite,0,3,1,0.7015163898468018,0.012775278650224209,0.8369919061660767,0.11574655771255493,0.03448626771569252
VTM-004568,DG-ea98ad0adeb4,goethite,0,3,3,0.0,0.03169374167919159,0.1870552897453308,0.05253177881240845,0.728719174861908
VTM-004569,DG-6f14e9b225e4,goethite,0,3,3,0.0,0.06600845605134964,0.02393650822341442,0.00848934892565012,0.901565670967102
VTM-004572,DG-7a5dd27a3db7,goethite,0,3,3,0.542453408241272,0.0012589620891958475,0.0020496684592217207,0.008516291156411171,0.988175094127655
VTM-004578,DG-53312f8ab848,goethite,0,3,3,0.0,0.39270931482315063,0.04258059710264206,0.018315177410840988,0.5463948845863342
VTM-004591,DG-9b5d4c76e13f,goethite,0,3,1,0.0,0.010201646946370602,0.7210361361503601,0.053747568279504776,0.2150147259235382
VTM-004594,DG-5e455ae2a2e5,goethite,0,3,3,0.0,0.032725490629673004,0.060171015560626984,0.27619919180870056,0.6309043169021606
VTM-004611,DG-a1546a58cd91,goethite,0,3,1,0.5866783857345581,0.036782607436180115,0.42213302850723267,0.4218066930770874,0.11927763372659683
VTM-004613,DG-89979111c25d,goethite,0,3,0,0.0,0.4310777187347412,0.20257508754730225,0.022180069237947464,0.3441670835018158
VTM-004615,DG-d29cacb74737,goethite,0,3,0,0.0,0.8737215399742126,0.021759923547506332,0.004679088480770588,0.09983944892883301
VTM-004623,DG-ca33ccf007de,goethite,0,3,2,0.0,0.01635616645216942,0.07123424112796783,0.7302658557891846,0.18214377760887146
VTM-004630,DG-210b75b316b3,goethite,0,3,3,0.0,0.04881172627210617,0.18229034543037415,0.07672622799873352,0.6921716928482056
VTM-004650,DG-9815786e0c94,goethite,0,3,3,0.5340408086776733,0.06893856823444366,0.07846740633249283,0.03114601969718933,0.8214479684829712
VTM-004656,DG-5d17ac15c3f5,goethite,0,3,2,0.5817777514457703,0.011449589394032955,0.31423842906951904,0.6080639362335205,0.06624799221754074
VTM-004659,DG-ec2dd91f462f,goethite,0,3,1,0.5992876291275024,0.006594422738999128,0.5200901031494141,0.38845473527908325,0.08486075699329376
VTM-004663,DG-a56f94524b55,goethite,0,3,0,0.0,0.6774767637252808,0.22141867876052856,0.018527917563915253,0.08257666230201721
VTM-004664,DG-b823dff07c3d,goethite,0,3,2,0.5494714379310608,0.0009553323034197092,0.0887465626001358,0.6780325174331665,0.2322656214237213
VTM-004665,DG-d672f6ddcf24,goethite,0,3,1,0.0,0.08640628308057785,0.635834813117981,0.04792972281575203,0.22982916235923767
VTM-004670,DG-ee8061b12d62,goethite,0,3,3,0.0,0.27570515871047974,0.24914544820785522,0.15608128905296326,0.31906813383102417
VTM-004677,DG-7b1cc3374528,goethite,0,3,1,0.0,0.02550959773361683,0.6262930035591125,0.0686047151684761,0.27959272265434265
VTM-004683,DG-62ffe2cbfb7e,goethite,0,3,3,0.0,0.0003474476689007133,0.0006875813705846667,0.0003664964169729501,0.9985984563827515
VTM-004686,DG-498985017e3d,goethite,0,3,3,0.5489283204078674,0.03955592215061188,0.15793377161026,0.04992721602320671,0.7525830268859863
VTM-004695,DG-064bd74f8d66,goethite,0,3,3,0.0,0.14909672737121582,0.08562912046909332,0.23060163855552673,0.5346725583076477
VTM-004699,DG-4983712b4f53,goethite,0,3,1,0.0,0.2817021608352661,0.38179898262023926,0.09750572592020035,0.23899315297603607
VTM-004701,DG-3634551650f6,goethite,0,3,3,0.5393465757369995,0.04751233011484146,0.03565080463886261,0.028289243578910828,0.8885476589202881
VTM-004713,DG-76a5d9ba4878,goethite,0,3,1,0.7552825808525085,0.030160512775182724,0.937946081161499,0.006851452402770519,0.0250419769436121
VTM-004717,DG-bac81edd48be,goethite,0,3,1,0.0,0.10118549317121506,0.6914538145065308,0.10574305057525635,0.10161767899990082
VTM-004722,DG-420c337bacad,hematite,0,3,3,0.5294666290283203,0.01636129803955555,0.008462543599307537,0.0525982603430748,0.9225779175758362
VTM-004735,DG-f51b38ebd2ce,hematite,0,3,1,0.7434394359588623,0.041810326278209686,0.9136033058166504,0.01520015299320221,0.029386179521679878
VTM-004739,DG-6d00a5116720,hematite,0,3,0,0.0,0.48745203018188477,0.27617791295051575,0.048845771700143814,0.18752425909042358
VTM-004742,DG-56afffc2c4f3,hematite,0,3,1,0.7805277705192566,0.0005088613834232092,0.9949551820755005,0.001283707795664668,0.003252187976613641
VTM-004751,DG-3f9343259002,hematite,0,3,0,0.0,0.5063666701316833,0.08238538354635239,0.3103815019130707,0.10086650401353836
VTM-004757,DG-94f14ee45fd9,hematite,0,3,3,0.0,0.27357444167137146,0.2114495486021042,0.03558088466525078,0.47939518094062805
VTM-004768,DG-ef8c2ff8e925,hematite,0,3,3,0.5416414141654968,0.028786951676011086,0.01731961965560913,0.039654698222875595,0.9142387509346008
VTM-004776,DG-e649d7ebea33,hematite,0,3,3,0.0,0.17786642909049988,0.04446673020720482,0.08806740492582321,0.6895994544029236
VTM-004783,DG-253d2482c921,hematite,0,3,1,0.7631144523620605,0.020182736217975616,0.9433345198631287,0.02783617004752159,0.008646639995276928
VTM-004785,DG-f0a32bf60919,hematite,0,3,1,0.0,0.12840290367603302,0.7450496554374695,0.023093359544873238,0.10345412790775299
VTM-004786,DG-f3a4e0b6555c,hematite,0,3,0,0.0,0.4467313289642334,0.137370303273201,0.025851529091596603,0.3900468349456787
VTM-004788,DG-965b2bf1d78a,hematite,0,3,2,0.0,0.19654057919979095,0.24836978316307068,0.32354938983917236,0.2315402776002884
VTM-004792,DG-f77fc972ec8c,hematite,0,3,0,0.0,0.8247435092926025,0.09214727580547333,0.012347265146672726,0.07076197117567062
VTM-004801,DG-aebe66ef7240,hematite,0,3,1,0.7623187899589539,0.019225148484110832,0.9366552233695984,0.03626912459731102,0.007850484922528267
VTM-004814,DG-9055b7cc284e,hematite,0,3,0,0.0,0.8093814253807068,0.10247877240180969,0.01539440918713808,0.07274538278579712
VTM-004823,DG-8f3494190209,hematite,0,3,0,0.0,0.5783953666687012,0.1313888430595398,0.06901145726442337,0.22120434045791626
VTM-004825,DG-80158b250c83,hematite,0,3,0,0.5415688157081604,0.37818560004234314,0.21799662709236145,0.05889824405312538,0.3449195325374603
VTM-004826,DG-b7a0b5815b3e,hematite,0,3,3,0.0,0.005286832340061665,0.025403466075658798,0.007829911075532436,0.9614798426628113
VTM-004839,DG-bcfdba1c3c5c,hematite,0,3,3,0.0,0.300285279750824,0.3197944760322571,0.023701263591647148,0.35621899366378784
VTM-004842,DG-150e4f6aae2e,hematite,0,3,2,0.527978241443634,0.019359860569238663,0.02283633127808571,0.6701337099075317,0.2876700758934021
VTM-004845,DG-3a7a27b4f2ac,hematite,0,3,1,0.0,0.31947386264801025,0.34163692593574524,0.20456135272979736,0.13432782888412476
VTM-004854,DG-69246049f0d8,hematite,0,3,3,0.556882381439209,0.012364029884338379,0.04048757255077362,0.027655232697725296,0.9194931983947754
VTM-004855,DG-18aac18a56ef,hematite,0,3,3,0.0,0.1609504669904709,0.09183162450790405,0.10125067830085754,0.6459672451019287
VTM-004858,DG-ceaef9a35d40,hematite,0,3,3,0.0,0.020704148337244987,0.10381794720888138,0.21497847139835358,0.6604994535446167
VTM-004860,DG-2778a0b9723d,hematite,0,3,3,0.0,0.07585030049085617,0.12087953835725784,0.13836561143398285,0.6649045944213867
VTM-004864,DG-00dd679f3312,hematite,0,3,0,0.0,0.4088936746120453,0.2846863567829132,0.21295715868473053,0.09346283972263336
VTM-004875,DG-1d354621213a,hematite,0,3,1,0.0,0.3374749422073364,0.43900731205940247,0.19145190715789795,0.03206581622362137
VTM-004878,DG-faf2e184df1b,hematite,0,3,3,0.0,0.30046346783638,0.051587894558906555,0.008015274070203304,0.6399332880973816
VTM-004882,DG-769f57cd2cf8,hematite,0,3,0,0.0,0.47334831953048706,0.2551898658275604,0.03853974863886833,0.23292206227779388
VTM-004888,DG-ad99a0f5aff2,hematite,0,3,3,0.0,0.3292156457901001,0.02947450801730156,0.25674521923065186,0.3845646381378174
VTM-004890,DG-65936d1143ea,hematite,0,3,0,0.0,0.41440820693969727,0.15803317725658417,0.2538081109523773,0.17375051975250244
VTM-004893,DG-0dd74fec7b9f,hematite,0,3,0,0.0,0.36116793751716614,0.2569723427295685,0.04831168055534363,0.33354803919792175
VTM-004894,DG-f62eaf3c0647,hematite,0,3,2,0.0,0.1316145807504654,0.031005583703517914,0.52388596534729,0.31349384784698486
VTM-004902,DG-604f861a8a8c,hematite,0,3,0,0.5486854314804077,0.42040741443634033,0.23598161339759827,0.10648144781589508,0.2371295690536499
VTM-004910,DG-46b91cfaab7c,hematite,0,3,3,0.5340965390205383,0.07708989828824997,0.04622727632522583,0.07205402851104736,0.804628849029541
VTM-004917,DG-25d0a83898c6,hematite,0,3,1,0.7589194178581238,0.0023406194522976875,0.9675933122634888,0.019402941688895226,0.010663125663995743
VTM-004930,DG-23e5de56e4c0,hematite,0,3,2,0.5853147506713867,0.07258717715740204,0.3579917550086975,0.4857601523399353,0.08366093039512634
VTM-004937,DG-ab5809dd5da8,hematite,0,3,3,0.0,0.2707972228527069,0.3202534317970276,0.05310872569680214,0.35584062337875366
VTM-004939,DG-c8e4fa42bc5c,hematite,0,3,0,0.0,0.5708135366439819,0.10654360055923462,0.007584006525576115,0.3150588274002075
VTM-004941,DG-821d8a7f1feb,hematite,0,3,0,0.0,0.3467884957790375,0.33650997281074524,0.05391709879040718,0.262784481048584
VTM-004953,DG-974ef309f918,hematite,0,3,1,0.6242130994796753,0.040025919675827026,0.6465417146682739,0.09471733123064041,0.21871501207351685
VTM-004959,DG-d491c306fa10,hematite,0,3,0,0.0,0.792796790599823,0.18376487493515015,0.01349208690226078,0.009946232661604881
VTM-004965,DG-ec5605c40be2,hematite,0,3,0,0.0,0.33536648750305176,0.12335692346096039,0.22302693128585815,0.3182496726512909
VTM-004966,DG-67f97c86afca,hematite,0,3,3,0.5425757765769958,0.04782199114561081,0.056573279201984406,0.010214237496256828,0.8853905200958252
VTM-004970,DG-5d84fd7431ec,hematite,0,3,1,0.6304168105125427,0.031142868101596832,0.6899087429046631,0.14214113354682922,0.13680718839168549
VTM-004978,DG-c1d8c5df3846,hematite,0,3,3,0.5261328816413879,0.10668240487575531,0.03978181630373001,0.24971681833267212,0.6038190126419067
VTM-004980,DG-7d3162471b4a,hematite,0,3,2,0.0,0.262925386428833,0.28988367319107056,0.3604443073272705,0.08674667030572891
VTM-004983,DG-ad7d28354932,hematite,0,3,0,0.0,0.5152326822280884,0.2612376809120178,0.020309511572122574,0.2032201588153839
VTM-004987,DG-f49f996beda9,hematite,0,3,3,0.5279451608657837,0.03607475757598877,0.02732943929731846,0.01589750126004219,0.920698344707489
VTM-004998,DG-a2b8bf8028b9,hematite,0,3,1,0.0,0.13116450607776642,0.5861666798591614,0.02192579209804535,0.26074299216270447
VTM-005005,DG-6e60bb077167,hematite,0,3,3,0.0,0.08096696436405182,0.008219880051910877,0.029476163908839226,0.8813369870185852
VTM-005007,DG-c33ec218e14c,hematite,0,3,1,0.0,0.055319204926490784,0.6273610591888428,0.20748360455036163,0.10983613133430481
VTM-005009,DG-80d9a06a5bdb,hematite,0,3,1,0.0,0.11198817193508148,0.3692198395729065,0.18763940036296844,0.3311525881290436
VTM-005011,DG-9f846ac38613,hematite,0,3,2,0.0,0.009719673544168472,0.0730246752500534,0.8892357349395752,0.02801995910704136
VTM-005013,DG-004213fd6a05,hematite,0,3,0,0.0,0.609098494052887,0.10242458432912827,0.13072419166564941,0.15775273740291595
VTM-005014,DG-02f65976cc5c,hematite,0,3,1,0.6853651404380798,0.013329088687896729,0.8378015160560608,0.07583720982074738,0.07303223013877869
VTM-005015,DG-b8ee37c13b84,hematite,0,3,0,0.0,0.690635085105896,0.14085906744003296,0.04009675234556198,0.12840911746025085
VTM-005017,DG-08624827eeb4,hematite,0,3,3,0.0,0.069390669465065,0.03261008858680725,0.295198917388916,0.6028003692626953
VTM-005018,DG-3cc40d8eeec3,hematite,0,3,0,0.0,0.3973323702812195,0.11444127559661865,0.39464300870895386,0.09358339011669159
VTM-005021,DG-5a0d013f29bc,hematite,0,3,2,0.0,0.018327677622437477,0.08381866663694382,0.8664311170578003,0.03142252936959267
VTM-005027,DG-a471068e7ddf,pyrite,0,3,2,0.0,0.011216921731829643,0.2455461621284485,0.3915461301803589,0.3516908586025238
VTM-005033,DG-48018e5e27ec,pyrite,0,3,3,0.0,0.0710437074303627,0.15030346810817719,0.010185078717768192,0.7684677243232727
VTM-005039,DG-1d2c37317895,pyrite,0,3,0,0.0,0.4829258322715759,0.1010952964425087,0.00993063673377037,0.4060482680797577
VTM-005043,DG-1ae77cd6446f,pyrite,0,3,1,0.658427357673645,0.006903545930981636,0.7851284146308899,0.06702423095703125,0.14094384014606476
VTM-005044,DG-885f1327cdad,pyrite,0,3,1,0.0,0.025330835953354836,0.464089959859848,0.21123693883419037,0.2993423044681549
VTM-005053,DG-afdd2cebd5ad,pyrite,0,3,0,0.0,0.5114184617996216,0.10295861959457397,0.14003530144691467,0.24558761715888977
VTM-005054,DG-bebe81210f06,pyrite,0,3,0,0.0,0.5195228457450867,0.14900901913642883,0.11316622793674469,0.218301922082901
VTM-005056,DG-93096a3f948d,pyrite,0,3,3,0.0,0.21205562353134155,0.04227450117468834,0.07885520160198212,0.6668146848678589
VTM-005057,DG-99844870524b,pyrite,0,3,2,0.0,0.09630074352025986,0.08127433061599731,0.6338739395141602,0.1885509192943573
VTM-005059,DG-58e451eb94e6,pyrite,0,3,1,0.7625391483306885,0.022739209234714508,0.9368767142295837,0.03459964320063591,0.005784444976598024
VTM-005062,DG-3c5a676ef940,pyrite,0,3,1,0.7804571390151978,0.004938486963510513,0.9818916320800781,0.006621900014579296,0.006547985132783651
VTM-005068,DG-bc5b1867624d,pyrite,0,3,1,0.7698449492454529,0.00033094955142587423,0.9953011274337769,0.0008051714394241571,0.0035627223551273346
VTM-005075,DG-81dcb9b47254,pyrite,0,3,3,0.0,0.26086923480033875,0.11724288761615753,0.14615696668624878,0.47573089599609375
VTM-005084,DG-6c407e904c0f,pyrite,0,3,1,0.0,0.1835157424211502,0.4664713740348816,0.17407263815402985,0.17594020068645477
VTM-005085,DG-12fcd338d127,pyrite,0,3,1,0.0,0.08797025680541992,0.885677695274353,0.021719153970479965,0.004632907919585705
VTM-005087,DG-40b31d56e866,pyrite,0,3,1,0.0,0.20861101150512695,0.7399081587791443,0.007421766873449087,0.04405905678868294
VTM-005089,DG-d8242605da4b,pyrite,0,3,3,0.5470644235610962,0.00526626780629158,0.010931015014648438,0.0023678247816860676,0.9814349412918091
VTM-005097,DG-1d67319747fd,pyrite,0,3,0,0.0,0.9316285252571106,0.0389503613114357,0.0121305538341403,0.017290545627474785
VTM-005108,DG-60845d11361a,pyrite,0,3,3,0.0,0.010974342934787273,0.06883101910352707,0.02939807064831257,0.8907965421676636
VTM-005109,DG-a9fa486f4e05,pyrite,0,3,3,0.0,0.08367566764354706,0.015071392990648746,0.01918029971420765,0.8820726275444031
VTM-005111,DG-c9c7f1af00da,pyrite,0,3,3,0.0,0.002305169589817524,0.0013111934531480074,0.003174216952174902,0.9932094216346741
VTM-005116,DG-bf8e5fdfdbbd,pyrite,0,3,3,0.0,0.001642060000449419,0.03224993124604225,0.01658610627055168,0.9495218992233276
VTM-005123,DG-4b94ec7288ff,pyrite,0,3,0,0.0,0.7308362722396851,0.07340610772371292,0.005780426319688559,0.18997722864151
VTM-005126,DG-35c61aeaf99c,pyrite,0,3,0,0.0,0.502643346786499,0.20484863221645355,0.01068536564707756,0.28182268142700195
VTM-005128,DG-4aa68311e4f9,pyrite,0,3,3,0.0,0.003174065612256527,0.012721631675958633,0.0004703749727923423,0.9836338758468628
VTM-005130,DG-834f56988167,pyrite,0,3,3,0.5715892314910889,0.0007343287579715252,0.0178237222135067,0.015208246186375618,0.9662337303161621
VTM-005132,DG-db5c3921883f,pyrite,0,3,2,0.0,0.2218446433544159,0.13852432370185852,0.43562841415405273,0.20400260388851166
VTM-005141,DG-8c934d87db0a,pyrite,0,3,1,0.0,0.10457465797662735,0.3600611388683319,0.19274939596652985,0.3426147997379303
VTM-005154,DG-7e60ce337608,pyrite,0,3,3,0.5792604088783264,0.0006522180046886206,0.15649598836898804,0.024566031992435455,0.8182857036590576
VTM-005158,DG-57a469d30a7f,pyrite,0,3,3,0.549822211265564,0.005519078578799963,0.015079258941113949,0.004042797721922398,0.9753588438034058
VTM-005174,DG-a499df07f08c,pyrite,0,3,0,0.0,0.5265349745750427,0.060749392956495285,0.10173466056585312,0.31098103523254395
VTM-005184,DG-20dc4e724938,pyrite,0,3,3,0.0,0.14659483730793,0.06854355335235596,0.014359782449901104,0.7705018520355225
VTM-005185,DG-b02bcb8f8157,pyrite,0,3,3,0.530700147151947,0.017284506931900978,0.003637431189417839,0.021370043978095055,0.9577080011367798
VTM-005190,DG-002d42194900,pyrite,0,3,3,0.0,0.2682710886001587,0.1913948953151703,0.06638897955417633,0.4739450216293335
VTM-005194,DG-fd4dfd469cf8,pyrite,0,3,1,0.0,0.014610878191888332,0.8066002130508423,0.026242978870868683,0.15254592895507812
VTM-005199,DG-7e48265bce06,pyrite,0,3,2,0.0,0.013446038588881493,0.05165879800915718,0.5268259048461914,0.4080692231655121
VTM-005210,DG-6042ca49a613,pyrite,0,3,3,0.0,0.0037880674935877323,0.0008597428095526993,0.0007995986961759627,0.9945526123046875
VTM-005214,DG-dadf133cc975,pyrite,0,3,3,0.5275151133537292,0.17812983691692352,0.042758241295814514,0.021278243511915207,0.75783371925354
VTM-005218,DG-0e7b04e1f7bd,pyrite,0,3,3,0.561298131942749,0.004917494021356106,0.1330285668373108,0.043519869446754456,0.8185340762138367
VTM-005227,DG-8998dcab4285,pyrite,0,3,1,0.0,0.24578243494033813,0.5233149528503418,0.06557765603065491,0.16532494127750397
VTM-005232,DG-dca0bf0df100,pyrite,0,3,1,0.0,0.010469276458024979,0.6534016132354736,0.09967213869094849,0.2364569753408432
VTM-005237,DG-1ca72868977d,pyrite,0,3,2,0.5567178726196289,0.0038514251355081797,0.21044763922691345,0.6083384156227112,0.17736247181892395
VTM-005243,DG-43b4714f32a0,pyrite,0,3,3,0.0,0.0370677225291729,0.22288216650485992,0.18415910005569458,0.5558910369873047
VTM-005245,DG-dcb832ddbd03,pyrite,0,3,1,0.0,0.014872943051159382,0.529375433921814,0.3156659007072449,0.14008575677871704
VTM-005249,DG-58bedd854c09,pyrite,0,3,3,0.0,0.014051266014575958,0.07772237062454224,0.018719904124736786,0.889506459236145
VTM-005255,DG-58f9aca080f1,pyrite,0,3,3,0.0,0.01095185149461031,0.015126131474971771,0.036362793296575546,0.9375592470169067
VTM-005257,DG-94f7f62e4a46,pyrite,0,3,0,0.0,0.45159921050071716,0.20712801814079285,0.07247614860534668,0.2687966525554657
VTM-005275,DG-3a4e65c23c9a,pyrite,0,3,3,0.0,0.005901473108679056,0.17166480422019958,0.04995943233370781,0.7724742889404297
VTM-005282,DG-2dd8ac8470e7,pyrite,0,3,3,0.0,0.0024550557136535645,0.13923190534114838,0.12025377154350281,0.7380592226982117
VTM-005283,DG-a457079ebc89,pyrite,0,3,2,0.0,0.1935155689716339,0.15369053184986115,0.3605160713195801,0.29227784276008606
VTM-005285,DG-e75834ebe6df,pyrite,0,3,3,0.0,0.09585263580083847,0.0938667505979538,0.006194273941218853,0.8040863275527954
VTM-005289,DG-2f8b0ab0f8ac,pyrite,0,3,0,0.0,0.6468945145606995,0.14183151721954346,0.005262281280010939,0.20601172745227814
VTM-005293,DG-cee97aa553ab,pyrite,0,3,2,0.5493631362915039,0.02572581171989441,0.1780567318201065,0.4693516492843628,0.3268658220767975
VTM-005294,DG-8bc14bccae55,pyrite,0,3,2,0.0,0.07583694159984589,0.17586949467658997,0.5638492703437805,0.18444427847862244
VTM-005314,DG-0d47cae31fd5,pyrite,0,3,3,0.0,0.017013361677527428,0.0796843022108078,0.2411990910768509,0.6621031761169434
VTM-005318,DG-5acaffb8ad39,pyrite,0,3,3,0.0,0.2951698899269104,0.08062148094177246,0.049135539680719376,0.5750731229782104
VTM-005319,DG-5e7536848ebf,pyrite,0,3,2,0.5388423204421997,0.0032141581177711487,0.04012857377529144,0.5807491540908813,0.37590810656547546
VTM-005321,DG-90fc1041b1a1,pyrite,0,3,0,0.0,0.4210207462310791,0.10392315685749054,0.11701123416423798,0.3580448627471924
VTM-005323,DG-624ea6fd1a89,pyrite,0,3,2,0.5235286355018616,0.04776465520262718,0.034544557332992554,0.5100921392440796,0.4075986444950104
VTM-005325,DG-12007c5eab6a,pyrite,0,3,3,0.0,0.16225194931030273,0.2899055778980255,0.1299445629119873,0.41789793968200684
VTM-005328,DG-5fad50ff3fdf,anatase,0,1,1,0.7750992178916931,0.006272404454648495,0.9668642282485962,0.018385468050837517,0.008477957919239998
VTM-005332,DG-09cce3d50332,anatase,0,1,1,0.0,0.09966852515935898,0.59281986951828,0.08568841218948364,0.2218232899904251
VTM-005333,DG-0074b2b9fa22,anatase,0,1,1,0.6956140995025635,0.15429456532001495,0.7996155023574829,0.015452651306986809,0.030637282878160477
VTM-005342,DG-b119c3a95897,anatase,0,1,0,0.0,0.45564061403274536,0.1029711365699768,0.05112038180232048,0.39026784896850586
VTM-005346,DG-a212476f0e24,anatase,0,1,1,0.0,0.13210254907608032,0.6206822395324707,0.1514958292245865,0.09571929275989532
VTM-005357,DG-083df4bcf1b6,anatase,0,1,1,0.0,0.0019710662309080362,0.9946757555007935,0.0011783658992499113,0.002174816094338894
VTM-005359,DG-e61d0c41d97f,anatase,0,1,1,0.0,0.018986256793141365,0.7365450263023376,0.220841184258461,0.023627566173672676
VTM-005376,DG-30625b154404,anatase,0,1,1,0.7632062435150146,0.017239926382899284,0.9486390948295593,0.018419606611132622,0.015701403841376305
VTM-005378,DG-5b021d05121c,anatase,0,1,3,0.5693045258522034,0.0051892707124352455,0.23822084069252014,0.10203532874584198,0.6545546054840088
VTM-005387,DG-80f391e1da4e,anatase,0,1,1,0.0,0.028076399117708206,0.8353316187858582,0.09090353548526764,0.04568840190768242
VTM-005397,DG-d433d69a75eb,anatase,0,1,1,0.0,0.16134972870349884,0.6099627017974854,0.15872135758399963,0.06996621936559677
VTM-005399,DG-bc2a2ec78e86,anatase,0,1,1,0.0,0.09893323481082916,0.8921115398406982,0.0016279793344438076,0.007327250204980373
VTM-005401,DG-a38782d1a9f8,anatase,0,1,2,0.6103614568710327,0.009757599793374538,0.2571834921836853,0.7151485681533813,0.017910318449139595
VTM-005403,DG-ae68f6ca0273,anatase,0,1,3,0.5395137071609497,0.3332916796207428,0.1530308574438095,0.11404398083686829,0.3996334969997406
VTM-005404,DG-b9c06f4c6d67,anatase,0,1,1,0.0,0.19362454116344452,0.7468120455741882,0.045600149780511856,0.01396321039646864
VTM-005405,DG-ea66f8d9f640,anatase,0,1,0,0.0,0.7139724493026733,0.11948622018098831,0.006220482289791107,0.16032090783119202
VTM-005408,DG-cb08d8ff5d8d,anatase,0,1,1,0.7638348340988159,0.024342555552721024,0.9473096132278442,0.0038939123041927814,0.024453895166516304
VTM-005409,DG-8bad2ba4fe15,anatase,0,1,1,0.7745491862297058,0.014159600250422955,0.9691463708877563,0.0015939772129058838,0.015100078657269478
VTM-005413,DG-b7ba5434e7cc,anatase,0,1,1,0.0,0.017632242292165756,0.7154375910758972,0.2313230335712433,0.035607125610113144
VTM-005423,DG-4c7d5ac23365,anatase,0,1,1,0.0,0.06152283027768135,0.8049185872077942,0.04687861353158951,0.08668003231287003
VTM-005426,DG-ee8f9ef44b62,anatase,0,1,1,0.0,0.047088898718357086,0.9186056852340698,0.010965821333229542,0.023339595645666122
VTM-005442,DG-f69862dc0fd6,anatase,0,1,0,0.0,0.42235562205314636,0.37650948762893677,0.004513091407716274,0.1966218650341034
VTM-005445,DG-b43ea7f3a313,anatase,0,1,0,0.0,0.4081288278102875,0.12977495789527893,0.1603645384311676,0.3017316460609436
VTM-005448,DG-d41fda0ff8c6,anatase,0,1,1,0.0,0.23180541396141052,0.6173065304756165,0.023843595758080482,0.12704449892044067
VTM-005451,DG-491d3a625821,anatase,0,1,1,0.0,0.051762886345386505,0.9199975728988647,0.008458088152110577,0.019781429320573807
VTM-005455,DG-5bb759787924,anatase,0,1,1,0.0,0.014709080569446087,0.9320017695426941,0.005961824674159288,0.04732736945152283
VTM-005458,DG-50f1e9505f76,anatase,0,1,1,0.0,0.02346205525100231,0.4956117570400238,0.43323132395744324,0.047694895416498184
VTM-005460,DG-53183cc0ba4f,anatase,0,1,1,0.0,0.014307020232081413,0.7013290524482727,0.16070415079593658,0.12365970015525818
VTM-005465,DG-28a3b618a89f,anatase,0,1,1,0.6778331995010376,0.01893528923392296,0.772283673286438,0.013782911002635956,0.1949981153011322
VTM-005469,DG-3398e7cd0924,anatase,0,1,1,0.7107918858528137,0.004461752716451883,0.8428989052772522,0.1413433998823166,0.011295998468995094
VTM-005478,DG-dd5681c77e0c,anatase,0,1,1,0.702300488948822,0.0035734206903725863,0.8187366724014282,0.16369061172008514,0.013999303802847862
VTM-005484,DG-637e2ff90c73,anatase,0,1,1,0.0,0.09978503733873367,0.6207755208015442,0.10520216822624207,0.17423731088638306
VTM-005487,DG-917cd118cbf7,anatase,0,1,0,0.0,0.61600261926651,0.34108877182006836,0.008043724112212658,0.0348648801445961
VTM-005498,DG-b603483eda18,anatase,0,1,2,0.0,0.01100428681820631,0.08159924298524857,0.8577996492385864,0.049596838653087616
VTM-005505,DG-146e87255e33,anatase,0,1,1,0.0,0.03808959946036339,0.5471808910369873,0.35402873158454895,0.06070081889629364
VTM-005512,DG-556cc408206b,anatase,0,1,1,0.7632527351379395,0.012350582517683506,0.9454331398010254,0.023775557056069374,0.018440697342157364
VTM-005513,DG-0b7196629afe,anatase,0,1,1,0.6471781730651855,0.017210030928254128,0.7338916063308716,0.07265568524599075,0.1762426346540451
VTM-005521,DG-2737c9d421da,anatase,0,1,1,0.7249796986579895,0.003742610104382038,0.8484333157539368,0.13994811475276947,0.007875937968492508
VTM-005522,DG-d716ebd0e882,anatase,0,1,1,0.0,0.08517403900623322,0.7584229111671448,0.07133589684963226,0.08506713062524796
VTM-005530,DG-c0386a4a37a3,anatase,0,1,1,0.7731469869613647,0.019492056220769882,0.9599668979644775,0.013237661682069302,0.007303404156118631
VTM-005547,DG-7ec473183a7f,anatase,0,1,1,0.0,0.07201164960861206,0.9054630994796753,0.009656352922320366,0.012868878431618214
VTM-005552,DG-4e499ebb87a9,anatase,0,1,1,0.0,0.16649717092514038,0.6375893950462341,0.11023014783859253,0.08568330109119415
VTM-005555,DG-2431c71db8f9,anatase,0,1,1,0.7809785008430481,0.0030081872828304768,0.9766584038734436,0.017500614747405052,0.0028327910695225
VTM-005558,DG-1e86056ba2d6,anatase,0,1,1,0.695448100566864,0.003287279512733221,0.698091983795166,0.2959012985229492,0.002719446085393429
VTM-005561,DG-a8b28d967905,anatase,0,1,1,0.0,0.0927477478981018,0.9011015295982361,0.003059021895751357,0.0030916871037334204
VTM-005563,DG-72b70ff285e9,anatase,0,1,1,0.0,0.02156268246471882,0.845203697681427,0.10644984245300293,0.026783807203173637
VTM-005568,DG-a2ffe036094e,anatase,0,1,1,0.6874839663505554,0.14484885334968567,0.7940101623535156,0.03696712851524353,0.024173885583877563
VTM-005570,DG-99d53ddabd05,anatase,0,1,1,0.7874048352241516,0.002911368850618601,0.9923404455184937,0.0033811747562140226,0.0013670227490365505
VTM-005571,DG-b5e491db2458,anatase,0,1,1,0.0,0.024941634386777878,0.895871639251709,0.015431676059961319,0.06375503540039062
VTM-005572,DG-b1ac96405b6f,anatase,0,1,1,0.0,0.2366085946559906,0.34594738483428955,0.24011670053005219,0.17732733488082886
VTM-005586,DG-4b15eba1dfab,anatase,0,1,3,0.0,0.014879235066473484,0.37500086426734924,0.10134042799472809,0.5087794065475464
VTM-005594,DG-ad65af40f967,anatase,0,1,1,0.7496657371520996,0.01690182462334633,0.9181227684020996,0.043902963399887085,0.02107248455286026
VTM-005617,DG-516e624d4b18,anatase,0,1,1,0.7032976150512695,0.00990193709731102,0.8649811148643494,0.030163144692778587,0.09495379775762558
VTM-005621,DG-b799dbed84bb,anatase,0,1,1,0.783187985420227,0.0026144911535084248,0.9858372211456299,0.006003798916935921,0.0055444142781198025
VTM-005623,DG-3ce35705ae4e,anatase,0,1,0,0.0,0.8022134900093079,0.14078177511692047,0.009860723279416561,0.04714404046535492
VTM-005626,DG-ced3f034947d,anatase,0,1,1,0.7674061059951782,0.0002349482529098168,0.9939327239990234,0.0016189389862120152,0.004213312175124884
VTM-005638,DG-59e46a2127a9,anatase,0,1,1,0.6825445890426636,0.005794559605419636,0.8412103652954102,0.019076120108366013,0.1339189112186432
VTM-005642,DG-9c94a31bbfea,anatase,0,1,2,0.0,0.0032056693453341722,0.32029932737350464,0.6719048619270325,0.0045901108533144
VTM-005643,DG-5846ebd32a5e,anatase,0,1,1,0.0,0.1386280208826065,0.5937487483024597,0.19238099455833435,0.07524225115776062
VTM-005647,DG-345bb3f8cf03,anatase,0,1,1,0.7894680500030518,0.001136933220550418,0.995970606803894,0.001353986095637083,0.0015384632861241698
VTM-005657,DG-8e491c68e772,anatase,0,1,1,0.0,0.06345997005701065,0.894993245601654,0.021083669736981392,0.0204631295055151
VTM-005659,DG-ac7e3430ef79,anatase,0,1,1,0.556345522403717,0.21278202533721924,0.31769752502441406,0.21822363138198853,0.2512968182563782
VTM-005661,DG-bd822846b5d3,anatase,0,1,1,0.6983474493026733,0.007675387430936098,0.782365620136261,0.19125531613826752,0.018703695386648178
VTM-005669,DG-d020b472f9b0,anatase,0,1,1,0.75400710105896,0.032258957624435425,0.9252941608428955,0.028140529990196228,0.014306418597698212
VTM-005671,DG-d3a234a42d04,anatase,0,1,1,0.7724760174751282,0.025444969534873962,0.9629741907119751,0.002181798219680786,0.009399037808179855
VTM-005672,DG-a3ba3e32e3a4,anatase,0,1,3,0.0,0.007601144723594189,0.050557591021060944,0.04202345758676529,0.8998178243637085
VTM-005677,DG-1756b320f36b,anatase,0,1,2,0.0,0.03251319006085396,0.061367813497781754,0.5722261071205139,0.3338928818702698
VTM-005678,DG-8b59a7f34894,anatase,0,1,1,0.7700864672660828,0.01565522514283657,0.9579166769981384,0.0057808104902505875,0.020647291094064713
VTM-005682,DG-713619ec862e,anatase,0,1,1,0.7129841446876526,0.0586988739669323,0.8519769906997681,0.06120941787958145,0.028114760294556618
VTM-005686,DG-78aa342bd9f6,anatase,0,1,1,0.0,0.015487936325371265,0.9338615536689758,0.041562240570783615,0.009088298305869102
VTM-005690,DG-04c6ad3632fd,anatase,0,1,1,0.0,0.1351790428161621,0.6577062606811523,0.10406382381916046,0.10305097699165344
VTM-005691,DG-65a260104a5a,anatase,0,1,1,0.0,0.045725151896476746,0.6739329099655151,0.19074848294258118,0.08959344774484634
VTM-005692,DG-fbbe7f9885cd,anatase,0,1,2,0.5815795660018921,0.0017183644231408834,0.4081255793571472,0.5041592121124268,0.08599688112735748
VTM-005695,DG-86129bb026ef,anatase,0,1,1,0.0,0.0057931640185415745,0.9878064393997192,0.0015770808095112443,0.0048232777044177055
VTM-005699,DG-20f6cb27f286,anatase,0,1,1,0.0,0.013635223731398582,0.8664418458938599,0.0871368944644928,0.03278602659702301
VTM-005707,DG-eec2c1800964,anatase,0,1,1,0.0,0.0023517317604273558,0.9821341037750244,0.0012961559696123004,0.01421806775033474
VTM-005710,DG-7806d4995e56,anatase,0,1,2,0.0,0.013388319872319698,0.18389716744422913,0.7607024908065796,0.042011991143226624
VTM-005715,DG-acfc7cc85cb1,anatase,0,1,0,0.0,0.4020843803882599,0.19648948311805725,0.06158439815044403,0.3398417532444
VTM-005717,DG-d58ec01453f4,anatase,0,1,1,0.0,0.006878537125885487,0.9707736372947693,0.016355810686945915,0.005991995334625244
VTM-005720,DG-acfc7cc85cb1,anatase,0,1,1,0.0,0.09831079095602036,0.4022631049156189,0.2828221321105957,0.21660391986370087
VTM-005721,DG-5819d089c4c6,anatase,0,1,1,0.0,0.06441598385572433,0.686493992805481,0.006375322584062815,0.24271468818187714
VTM-005726,DG-38a805efc962,anatase,0,1,1,0.6765857934951782,0.0010196877410635352,0.8321064710617065,0.13879312574863434,0.028080765157938004
VTM-005727,DG-5f53bc236448,anatase,0,1,1,0.7616844773292542,0.0013848915696144104,0.9428173303604126,0.051955267786979675,0.003842422738671303
VTM-005732,DG-0e1fad042bd7,anatase,0,1,1,0.0,0.03431909531354904,0.951160728931427,0.005011864937841892,0.009508336894214153
VTM-005744,DG-ca38cda4fae2,anatase,0,1,1,0.0,0.10238561779260635,0.6406487226486206,0.04815959557890892,0.2088060826063156
VTM-005745,DG-5c1a21b638ff,anatase,0,1,1,0.6678629517555237,0.037881962954998016,0.6789291501045227,0.26725637912750244,0.015932543203234673
VTM-005746,DG-9e0f8778a6f7,anatase,0,1,0,0.0,0.5245394706726074,0.19831910729408264,0.0939883142709732,0.18315312266349792
VTM-005751,DG-5d0f36bd5908,anatase,0,1,1,0.0,0.017131542786955833,0.8639143705368042,0.0808204934000969,0.03813357651233673
VTM-005756,DG-3b51db28f48d,anatase,0,1,1,0.0,0.13543814420700073,0.7840026617050171,0.00644890870898962,0.07411028444766998
VTM-005760,DG-2941b8f27636,anatase,0,1,1,0.0,0.0008657936123199761,0.9908180832862854,0.006703360937535763,0.001612758613191545
VTM-005770,DG-2d5c07465c62,anatase,0,1,1,0.7751968502998352,0.01574897952377796,0.963943600654602,0.012854984030127525,0.007452366873621941
VTM-005774,DG-9ec4ec40c567,anatase,0,1,1,0.0,0.09867161512374878,0.778130829334259,0.0660487711429596,0.057148758322000504
VTM-005777,DG-174aa415d2ec,anatase,0,1,0,0.0,0.538290798664093,0.4265769124031067,0.03063935600221157,0.004492882639169693
VTM-005781,DG-9e81a009454c,anatase,0,1,1,0.7278283834457397,0.10052573680877686,0.8700900077819824,0.01901930198073387,0.010364911518990993
VTM-005789,DG-4f68a56f3e10,anatase,0,1,1,0.0,0.01464496273547411,0.9472166299819946,0.017198732122778893,0.020939618349075317
VTM-005805,DG-eae3ed981d24,anatase,0,1,2,0.0,0.0006969261448830366,0.31407883763313293,0.6826188564300537,0.00260537164285779
VTM-005807,DG-e9df3f657a1d,anatase,0,1,1,0.0,0.04188985005021095,0.930586576461792,0.006341444794088602,0.021182099357247353
VTM-005814,DG-1be091ba6cbe,anatase,0,1,1,0.6994514465332031,0.0009275161428377032,0.8413535356521606,0.1483488231897354,0.009370117448270321
VTM-005815,DG-04f09cb80678,anatase,0,1,1,0.0,0.017139896750450134,0.9636799097061157,0.008980169892311096,0.010199982672929764
VTM-005817,DG-ec25e7241278,anatase,0,1,1,0.7777160406112671,0.0031953698489814997,0.979636549949646,0.008831575512886047,0.008336450904607773
VTM-005824,DG-87b848eb7c59,anatase,0,1,1,0.0,0.040216635912656784,0.8930454254150391,0.047007329761981964,0.019730623811483383
VTM-005825,DG-0a9f98d1512d,anatase,0,1,1,0.6630306243896484,0.0007494890596717596,0.806388258934021,0.15713217854499817,0.03573012724518776
VTM-005829,DG-72f049b6a70a,anatase,0,1,1,0.772626519203186,0.001089898287318647,0.9884596467018127,0.0008809832506813109,0.009569528512656689
VTM-005833,DG-53471fdc456b,anatase,0,1,1,0.0,0.2610528767108917,0.648465096950531,0.0314885638654232,0.058993514627218246
VTM-005836,DG-e59f9c2f82d9,anatase,0,1,0,0.0,0.5678072571754456,0.07163465023040771,0.1243368536233902,0.23622126877307892
VTM-005843,DG-9971cc2be60b,anatase,0,1,1,0.7544658184051514,0.005244427360594273,0.9005382657051086,0.09152905642986298,0.0026883110404014587
VTM-005846,DG-af6dba2d4d01,anatase,0,1,1,0.7458233833312988,0.009754268452525139,0.8912099003791809,0.09207678586244583,0.006959046237170696
VTM-005847,DG-0cf1f3555416,anatase,0,1,1,0.0,0.08688719570636749,0.7732214331626892,0.07252327352762222,0.06736808270215988
VTM-005854,DG-b3cd54094dcf,anatase,0,1,2,0.6316457390785217,0.001605282537639141,0.4816678762435913,0.510497510433197,0.006229366175830364
VTM-005866,DG-c7c48942d6ce,anatase,0,1,3,0.0,0.1409246176481247,0.061631787568330765,0.008936861529946327,0.7885067462921143
VTM-005869,DG-e9bb136a9cf8,anatase,0,1,1,0.7758739590644836,0.012139146216213703,0.9675459861755371,0.015117643401026726,0.005197184160351753
VTM-005871,DG-eab2b3fac603,anatase,0,1,1,0.0,0.015966933220624924,0.9631991386413574,0.004837530665099621,0.01599641889333725
VTM-005872,DG-a5baa7a4bc65,anatase,0,1,3,0.0,0.2313527762889862,0.2890494167804718,0.03209153935313225,0.44750624895095825
VTM-005876,DG-088726c25bc1,anatase,0,1,1,0.0,0.19808147847652435,0.541221022605896,0.10364073514938354,0.1570567786693573
VTM-005878,DG-579eca9cb2d6,anatase,0,1,1,0.6787428855895996,0.03563863784074783,0.809962272644043,0.06034615635871887,0.09405289590358734
VTM-005883,DG-13a3caa49a59,anatase,0,1,1,0.0,0.11205335706472397,0.7285832166671753,0.07159609347581863,0.08776736259460449
VTM-005884,DG-53eee68da881,anatase,0,1,2,0.581813395023346,0.001161260879598558,0.2127917855978012,0.769354522228241,0.016692401841282845
VTM-005885,DG-2ae7725e28bb,anatase,0,1,1,0.0,0.009786310605704784,0.5740978717803955,0.16031233966350555,0.2558034658432007
VTM-005896,DG-0f51f978cb94,anatase,0,1,1,0.7135925889015198,0.00022073599393479526,0.8685386776924133,0.12926743924617767,0.0019731696229428053
VTM-005897,DG-71ec88dd661b,anatase,0,1,1,0.0,0.38403505086898804,0.5334897637367249,0.03032781556248665,0.05214743688702583
VTM-005898,DG-deb6b29342cc,anatase,0,1,0,0.0,0.6280538439750671,0.3459269106388092,0.01455734297633171,0.011461878195405006
VTM-005903,DG-ae7c76abd0e7,anatase,0,1,1,0.7339622974395752,0.005347421392798424,0.8608936667442322,0.12704049050807953,0.006718464195728302
VTM-005908,DG-50f1936ab775,anatase,0,1,1,0.7721819877624512,0.01571301370859146,0.9615773558616638,0.015240774489939213,0.007468830794095993
VTM-005935,DG-f8fc1824da1b,anatase,0,1,2,0.0,0.05050956830382347,0.385511189699173,0.5384195446968079,0.02555965818464756
VTM-005946,DG-043ac1fee3d4,anatase,0,1,3,0.0,0.08852215856313705,0.3876783549785614,0.02597219869494438,0.49782735109329224
VTM-005948,DG-265bfdb66536,anatase,0,1,1,0.7800120711326599,0.011795055121183395,0.9749605059623718,0.007511386647820473,0.005733062047511339
VTM-005949,DG-a36fc7e75bdd,anatase,0,1,1,0.0,0.0027982955798506737,0.9205315709114075,0.06668709963560104,0.009983058087527752
VTM-005961,DG-1aced9ca1e30,anatase,0,1,1,0.764793872833252,0.008927577175199986,0.9501470327377319,0.0021398088429123163,0.038785628974437714
VTM-005962,DG-9344984427c6,anatase,0,1,1,0.6815687417984009,0.004026095848530531,0.696826696395874,0.2889077365398407,0.010239409282803535
VTM-005967,DG-ff30bb1dfca2,anatase,0,1,1,0.6688387393951416,0.0075356136076152325,0.7366216778755188,0.22522631287574768,0.0306163989007473
VTM-005972,DG-aca2dfc4a505,anatase,0,1,1,0.0,0.002165958285331726,0.9744068384170532,0.022196324542164803,0.001230914145708084
VTM-005978,DG-819ba6162e93,anatase,0,1,1,0.0,0.02338205836713314,0.8838009238243103,0.006716320291161537,0.08610070496797562
VTM-005982,DG-63644a7ed37c,anatase,0,1,1,0.6756383776664734,0.0009696209453977644,0.6427594423294067,0.3551845848560333,0.0010863820789381862
VTM-005987,DG-cc731ff0d7d1,anatase,0,1,0,0.5808099508285522,0.5981165766716003,0.32815316319465637,0.021927043795585632,0.05180327594280243
VTM-005990,DG-418900fddbbd,anatase,0,1,2,0.0,0.006297294516116381,0.48550474643707275,0.5015647411346436,0.006633230485022068
VTM-005991,DG-37ce58f9a71b,anatase,0,1,1,0.6824445724487305,0.03846330940723419,0.8034265041351318,0.08752018213272095,0.07058999687433243
VTM-005994,DG-33fccd751217,anatase,0,1,0,0.0,0.47066164016723633,0.11281199753284454,0.07294712215662003,0.3435792624950409
VTM-005996,DG-187debedc378,anatase,0,1,1,0.7667491436004639,0.0038790039252489805,0.9541057348251343,0.03108629584312439,0.010928964242339134
VTM-005997,DG-b691f6a4cccd,anatase,0,1,3,0.0,0.008881190791726112,0.17498232424259186,0.39626243710517883,0.41987404227256775
VTM-006001,DG-95c5497ecb62,anatase,0,1,1,0.0,0.05359214171767235,0.6469001770019531,0.1485297977924347,0.15097780525684357
VTM-006003,DG-9e1dce4c666e,anatase,0,1,1,0.7557319402694702,0.004617232829332352,0.9606533050537109,0.011733395978808403,0.02299605868756771
VTM-006007,DG-104b2c508b47,anatase,0,1,1,0.7610676884651184,0.014672493562102318,0.9393273591995239,0.030081385746598244,0.01591874286532402
VTM-006008,DG-0ae4fd881765,anatase,0,1,1,0.6447668075561523,0.13608680665493011,0.7089444398880005,0.016286395490169525,0.13868233561515808
VTM-006011,DG-139cd479b6fc,anatase,0,1,1,0.6492933630943298,0.0024621542543172836,0.6260915398597717,0.35995912551879883,0.011487237177789211
VTM-006017,DG-bd75fac5c82b,anatase,0,1,2,0.0,0.0003045558405574411,0.0767921432852745,0.9222875833511353,0.000615664292126894
VTM-006018,DG-c860d0248218,anatase,0,1,1,0.0,0.012279756367206573,0.6185154914855957,0.3274436891078949,0.041760992258787155
VTM-006021,DG-ca17d7e11fdd,anatase,0,1,1,0.0,0.009260921739041805,0.7755675911903381,0.2006763070821762,0.014495198614895344
VTM-006033,DG-f364e0776340,anatase,0,1,1,0.7325021028518677,0.013822007924318314,0.8641073703765869,0.10846897959709167,0.013601628132164478
VTM-006038,DG-70b20ffae56f,anatase,0,1,1,0.0,0.032002270221710205,0.41278693079948425,0.17814354598522186,0.3770672678947449
VTM-006043,DG-5f48237b5d82,anatase,0,1,1,0.0,0.053485844284296036,0.7976341247558594,0.10012199729681015,0.04875804856419563
VTM-006045,DG-95821c552aeb,anatase,0,1,3,0.0,0.06080620735883713,0.31352707743644714,0.14151689410209656,0.4841497838497162
VTM-006049,DG-1f15edf7d003,anatase,0,1,1,0.0,0.027342021465301514,0.5057089924812317,0.33659663796424866,0.13035234808921814
VTM-006064,DG-325792353b9c,anatase,0,1,1,0.6987106800079346,0.011972874402999878,0.7538623809814453,0.22281858325004578,0.01134615670889616
VTM-006067,DG-2cdc6824216d,anatase,0,1,1,0.0,0.0008484891150146723,0.9885356426239014,0.006484056357294321,0.004131806083023548
VTM-006074,DG-9e8e45acb3bc,anatase,0,1,1,0.77996826171875,0.003836407558992505,0.9760255813598633,0.017307130619883537,0.0028308958280831575
VTM-006075,DG-482f84d024e3,anatase,0,1,1,0.0,0.06088270619511604,0.4812088906764984,0.14042454957962036,0.31748390197753906
VTM-006079,DG-c4af61589769,anatase,0,1,2,0.6265901923179626,0.0011579040437936783,0.4836423993110657,0.5097296237945557,0.005470037925988436
VTM-006096,DG-b807419f51c0,anatase,0,1,1,0.0,0.05592937394976616,0.5875840187072754,0.2526794672012329,0.10380712896585464
VTM-006101,DG-34f9aa3cc4c2,anatase,0,1,1,0.7783611416816711,0.006753571797162294,0.9682705402374268,0.022362595424056053,0.0026132925413548946
VTM-006106,DG-bcde780e96a5,anatase,0,1,1,0.6600737571716309,0.018041469156742096,0.6914901733398438,0.24076390266418457,0.04970446228981018
VTM-006114,DG-7a98ed5a2f37,anatase,0,1,2,0.5624257922172546,0.007115399930626154,0.04794124513864517,0.9071903228759766,0.03775300830602646
VTM-006115,DG-96d5b67ed849,anatase,0,1,1,0.7414973974227905,0.015647640451788902,0.9217061400413513,0.02752981148660183,0.035116471350193024
VTM-006119,DG-a519b39a64a9,anatase,0,1,1,0.6047590374946594,0.030121121555566788,0.5920975804328918,0.11764135956764221,0.26013991236686707
VTM-006123,DG-473628e6ebc0,anatase,0,1,1,0.0,0.008751572109758854,0.9594870209693909,0.015560046769678593,0.01620139554142952
VTM-006125,DG-4a806d32fad4,anatase,0,1,1,0.0,0.004972124006599188,0.8973928093910217,0.062088560312986374,0.03554651886224747
VTM-006134,DG-268e20a41bdb,anatase,0,1,1,0.769865095615387,0.0046128397807478905,0.9493809938430786,0.0405004657804966,0.0055056409910321236
VTM-006145,DG-8edd14eb12e9,anatase,0,1,1,0.6475051641464233,0.006250117905437946,0.6362354755401611,0.32816505432128906,0.02934933826327324
VTM-006156,DG-949d12188648,anatase,0,1,0,0.0,0.6323280334472656,0.25951653718948364,0.015058624558150768,0.09309683740139008
VTM-006161,DG-929f3459e00c,anatase,0,1,1,0.0,0.013999979011714458,0.9348771572113037,0.04482855275273323,0.0062942481599748135
VTM-006163,DG-25ee34f11a10,anatase,0,1,1,0.0,0.02375131845474243,0.7287889122962952,0.21540844440460205,0.03205129876732826
VTM-006170,DG-8ec3c654c37f,anatase,0,1,1,0.7856146097183228,0.0012530757812783122,0.9910778403282166,0.003657435765489936,0.004011700861155987
VTM-006187,DG-3002da884dc4,anatase,0,1,1,0.5842987895011902,0.0430242083966732,0.4513682425022125,0.2745473384857178,0.2310602068901062
VTM-006195,DG-9bdef8ad78aa,anatase,0,1,2,0.6122499704360962,0.004555721767246723,0.37164247035980225,0.6079559922218323,0.01584576815366745
VTM-006197,DG-a8e2877674ec,anatase,0,1,1,0.0,0.08508247882127762,0.6136699318885803,0.18101850152015686,0.12022905051708221
VTM-006201,DG-488fcfc9941e,anatase,0,1,2,0.5936124920845032,0.0010596051579341292,0.35762619972229004,0.6250860691070557,0.016228098422288895
VTM-006215,DG-e3659b7f2ffc,anatase,0,1,1,0.6573280692100525,0.024080747738480568,0.6948217153549194,0.22854343056678772,0.052554063498973846
VTM-006216,DG-c67ecbfe12d4,anatase,0,1,2,0.0,0.011422858573496342,0.17446330189704895,0.7805772423744202,0.03353654965758324
VTM-006227,DG-e0afa4491647,anatase,0,1,2,0.5412095785140991,0.05549632012844086,0.12873777747154236,0.6750518083572388,0.1407141238451004
VTM-006229,DG-ef62715a621d,anatase,0,1,1,0.0,0.05897945538163185,0.5595754981040955,0.20805592834949493,0.17338918149471283
VTM-006232,DG-c2e1b49c4eab,anatase,0,1,1,0.0,0.00751090794801712,0.9216134548187256,0.0595896877348423,0.011285991407930851
VTM-006234,DG-d245a7bc4478,anatase,0,1,1,0.7750725150108337,0.005844844039529562,0.9620063304901123,0.026425588876008987,0.005723236128687859
VTM-006241,DG-5674bd5ac0ec,anatase,0,1,1,0.7111496925354004,0.01709088496863842,0.8530394434928894,0.050873931497335434,0.0789957195520401
VTM-006242,DG-e69012fa6495,anatase,0,1,1,0.0,0.001230588648468256,0.870922327041626,0.12474256753921509,0.0031045337673276663
VTM-006246,DG-bf1e600c7bed,anatase,0,1,1,0.0,0.09502933919429779,0.8778860569000244,0.013016439974308014,0.01406822819262743
VTM-006253,DG-b070be6e4bc0,anatase,0,1,1,0.7257831692695618,0.043685369193553925,0.8775203824043274,0.023002509027719498,0.055791765451431274
VTM-006266,DG-f8bf9864798b,anatase,0,1,1,0.6340081691741943,0.046596258878707886,0.614274263381958,0.2816151976585388,0.0575142428278923
VTM-006274,DG-796ab43f6114,anatase,0,1,1,0.0,0.09190778434276581,0.7550750374794006,0.11365840584039688,0.039358749985694885
VTM-006276,DG-eb341a6de4eb,anatase,0,1,1,0.7730599045753479,0.00036742366501130164,0.9931332468986511,0.0031865634955465794,0.003312772838398814
VTM-006278,DG-16f936dd9298,anatase,0,1,1,0.0,0.07904002815485,0.6402530670166016,0.23991918563842773,0.04078773781657219
VTM-006282,DG-6918d9390f09,anatase,0,1,1,0.0,0.443776398897171,0.5281945466995239,0.0019370501395314932,0.026092050597071648
VTM-006287,DG-3a3501476b61,anatase,0,1,1,0.0,0.049222975969314575,0.9293797016143799,0.015132567845284939,0.006264771334826946
VTM-006296,DG-112d6e934f1b,anatase,0,1,1,0.7862545251846313,0.004274565726518631,0.9899842739105225,0.001105965580791235,0.004635218530893326
VTM-006300,DG-979e6edfce44,anatase,0,1,1,0.0,0.06088768318295479,0.5989560484886169,0.2379290610551834,0.10222716629505157
VTM-006311,DG-aa46f4ad87d0,anatase,0,1,1,0.7752550840377808,0.0011748448014259338,0.9878352880477905,0.003891461994498968,0.007098390255123377
VTM-006324,DG-1dc6871862db,anatase,0,1,1,0.0,0.010111563839018345,0.9822850823402405,0.002332287607714534,0.005271045956760645
VTM-006330,DG-fc214509b3bb,anatase,0,1,3,0.0,0.0415213368833065,0.2363147884607315,0.17307144403457642,0.5490924715995789
VTM-006345,DG-9e5474b4ad58,anatase,0,1,1,0.0,0.0656331330537796,0.4972954988479614,0.07577259838581085,0.3612987697124481
VTM-006349,DG-49efe37631ec,anatase,0,1,1,0.0,0.11179464310407639,0.7128169536590576,0.06220267713069916,0.11318565905094147
VTM-006356,DG-bf63801c3476,anatase,0,1,1,0.7058642506599426,0.003402512054890394,0.7835959196090698,0.20840305089950562,0.004598506726324558
VTM-006363,DG-a6108475bdeb,anatase,0,1,3,0.5369884967803955,0.02653590589761734,0.07179424166679382,0.28902268409729004,0.6126471757888794
VTM-006371,DG-2e92eedabd9c,anatase,0,1,1,0.7336956262588501,0.0030141049064695835,0.9409983158111572,0.02505691722035408,0.0309306550770998
VTM-006373,DG-f1b1dceccc29,anatase,0,1,1,0.0,0.07707764208316803,0.49773454666137695,0.30170759558677673,0.12348021566867828
VTM-006377,DG-c7e8605056a3,anatase,0,1,1,0.0,0.01068344060331583,0.7343886494636536,0.21143287420272827,0.043495062738657
VTM-006379,DG-a1b2af69f0d4,anatase,0,1,2,0.0,0.000582201755605638,0.43220868706703186,0.5602312088012695,0.006977925077080727
VTM-006384,DG-da953788905a,anatase,0,1,1,0.0,0.3391340374946594,0.6125091910362244,0.03373923897743225,0.014617571607232094
VTM-006390,DG-01b24e441a7a,anatase,0,1,1,0.6824353933334351,0.02074170485138893,0.7536734342575073,0.1933055818080902,0.032279275357723236
VTM-006392,DG-71d2815d1bd5,anatase,0,1,3,0.0,0.005010043736547232,0.29490020871162415,0.14158500730991364,0.5585047006607056
VTM-006394,DG-d8d2ecff120b,anatase,0,1,1,0.7725945711135864,0.00021405158622656018,0.9939466118812561,0.003579869633540511,0.002259492874145508
VTM-006395,DG-4198c77573ae,anatase,0,1,2,0.5952553749084473,0.025128193199634552,0.23218169808387756,0.7133510708808899,0.029339011758565903
VTM-006397,DG-beb3d06894af,anatase,0,1,1,0.7740982174873352,0.009683219715952873,0.9672064185142517,0.010279596783220768,0.012830732390284538
VTM-006408,DG-2c1083b700a0,anatase,0,1,1,0.0,0.04713648185133934,0.8903399109840393,0.047106754034757614,0.015416823327541351
VTM-006409,DG-c37555994414,anatase,0,1,1,0.7813443541526794,0.0019941250793635845,0.9820213317871094,0.013295481912791729,0.002689107321202755
VTM-006415,DG-9e24ee739682,anatase,0,1,1,0.0,0.2281387597322464,0.5609719753265381,0.07811412960290909,0.13277508318424225
VTM-006418,DG-30e2ec80c738,anatase,0,1,1,0.0,0.003090202109888196,0.985065758228302,0.008224213495850563,0.0036198708694428205
VTM-006420,DG-9bda9a0160af,anatase,0,1,1,0.7865361571311951,0.002622420433908701,0.9894486665725708,0.005292443558573723,0.0026364095974713564
VTM-006432,DG-3a4fa0633cb1,anatase,0,1,1,0.0,0.14457641541957855,0.6949387788772583,0.040481116622686386,0.12000368535518646
VTM-006435,DG-f8d0a1c8c68d,anatase,0,1,1,0.7783083319664001,0.014136770740151405,0.9760363101959229,0.000737845606636256,0.009089060127735138
VTM-006437,DG-39b47311c139,anatase,0,1,1,0.7859408259391785,0.004939505830407143,0.988911509513855,0.0009568537934683263,0.005192146636545658
VTM-006442,DG-69f04811ed52,anatase,0,1,2,0.0,0.025280509144067764,0.3753843903541565,0.5766369104385376,0.0226981770247221
VTM-006445,DG-ce8b18e9b2a2,anatase,0,1,1,0.7608596086502075,0.0026564260479062796,0.9210970401763916,0.07324691116809845,0.002999706659466028
VTM-006449,DG-6445a784e0c6,anatase,0,1,1,0.0,0.07491151988506317,0.8160813450813293,0.07893676310777664,0.030070370063185692
VTM-006461,DG-ad0165fc6794,anatase,0,1,1,0.7180196642875671,0.01075087022036314,0.8653586506843567,0.09368693828582764,0.03020358830690384
VTM-006466,DG-265eef3b3006,anatase,0,1,1,0.7530951499938965,0.0005109992926008999,0.9797509908676147,0.008055439218878746,0.011682537384331226
VTM-006467,DG-fb2944857aa6,anatase,0,1,1,0.7768130302429199,0.009196758270263672,0.9730283617973328,0.0063069905154407024,0.01146787405014038
VTM-006471,DG-3e20b73fe28f,anatase,0,1,0,0.0,0.7808516025543213,0.1870642751455307,0.009170114994049072,0.022914022207260132
VTM-006476,DG-d9bc43ce4b7f,anatase,0,1,1,0.0,0.0679643377661705,0.7282407879829407,0.1776590794324875,0.02613581344485283
VTM-006478,DG-a4bdb7f9591b,anatase,0,1,1,0.0,0.07658521085977554,0.8884724378585815,0.026540860533714294,0.00840151496231556
VTM-006480,DG-b24501d7950f,anatase,0,1,3,0.0,0.017702583223581314,0.12799760699272156,0.04988144338130951,0.8044183850288391
VTM-006488,DG-d391398b2da7,anatase,0,1,0,0.0,0.8200064897537231,0.10739758610725403,0.031051917001605034,0.04154404252767563
VTM-006490,DG-a2f7e9929fc5,anatase,0,1,1,0.0,0.005639201030135155,0.9839231967926025,0.009281876496970654,0.001155689125880599
VTM-006500,DG-3e4e17e6ec8d,anatase,0,1,0,0.0,0.8780539035797119,0.06359157711267471,0.009245732799172401,0.04910877346992493
VTM-006503,DG-db7c8c165e43,anatase,0,1,1,0.0,0.3426100015640259,0.637913703918457,0.013191386125981808,0.006284935865551233
VTM-006504,DG-18b4c46bb671,anatase,0,1,1,0.0,0.023592613637447357,0.51461261510849,0.07095037400722504,0.3908444046974182
VTM-006510,DG-87b52cf4b977,anatase,0,1,1,0.7813297510147095,0.0053311423398554325,0.9816123843193054,0.010655075311660767,0.0024013305082917213
VTM-006511,DG-86b871038077,anatase,0,1,2,0.0,0.014122240245342255,0.38164022564888,0.5567076206207275,0.04752987623214722
VTM-006516,DG-23b4f9d15b43,anatase,0,1,1,0.0,0.3607671856880188,0.5978050231933594,0.023172596469521523,0.018255217000842094
VTM-006533,DG-1f903b18ddda,perovskite,0,1,1,0.0,0.032541923224925995,0.8717132806777954,0.06745874881744385,0.028286080807447433
VTM-006541,DG-835a801f23da,perovskite,0,1,1,0.6501539945602417,0.007333823945373297,0.5952054262161255,0.3850287199020386,0.012432020157575607
VTM-006562,DG-35d50aa085e6,perovskite,0,1,1,0.6971468329429626,0.006610289216041565,0.7756681442260742,0.2006174921989441,0.01710408180952072
VTM-006564,DG-644958babe8e,perovskite,0,1,1,0.6624335646629333,0.28765350580215454,0.6795459389686584,0.006442415062338114,0.02635812759399414
VTM-006566,DG-f6239c05b656,perovskite,0,1,2,0.0,0.002910517854616046,0.18540145456790924,0.6601493954658508,0.15153859555721283
VTM-006570,DG-ca69ccc90dac,perovskite,0,1,1,0.7840301990509033,0.001063613686710596,0.9955887794494629,0.001928908983245492,0.0014186347834765911
VTM-006575,DG-11ae31e5d33e,perovskite,0,1,0,0.0,0.7416296601295471,0.08130724728107452,0.023072248324751854,0.15399086475372314
VTM-006579,DG-03968fb48da1,perovskite,0,1,3,0.0,0.1745809018611908,0.20453642308712006,0.1042637750506401,0.5166188478469849
VTM-006580,DG-78c669fe7d06,perovskite,0,1,2,0.5940884351730347,0.014175664633512497,0.17645585536956787,0.7862539291381836,0.023114563897252083
VTM-006591,DG-1d2cf2cae958,perovskite,0,1,0,0.0,0.35728949308395386,0.20722846686840057,0.20040014386177063,0.23508191108703613
VTM-006592,DG-6a8bff671d50,perovskite,0,1,1,0.7865758538246155,0.00018837093375623226,0.9940544366836548,0.005512857344001532,0.00024426300660707057
VTM-006593,DG-6924e9fa7beb,perovskite,0,1,0,0.0,0.41832029819488525,0.15797197818756104,0.3284364342689514,0.0952712893486023
VTM-006595,DG-a10bfe44f494,perovskite,0,1,1,0.0,0.0026481463573873043,0.8933757543563843,0.04013052210211754,0.06384553760290146
VTM-006596,DG-e959e1343827,perovskite,0,1,1,0.7514084577560425,0.060353077948093414,0.9235455393791199,0.007500660605728626,0.008600687608122826
VTM-006618,DG-e058c49622bc,perovskite,0,1,1,0.6816803812980652,0.0012576914159581065,0.8082258701324463,0.1724814772605896,0.018034934997558594
VTM-006630,DG-4869d5ae8f80,perovskite,0,1,1,0.0,0.028032850474119186,0.789551317691803,0.022882524877786636,0.15953323245048523
VTM-006635,DG-23594ab189e8,perovskite,0,1,1,0.6757935881614685,0.006850887089967728,0.8086389303207397,0.0645580068230629,0.1199522465467453
VTM-006639,DG-93f5dc1c4df2,perovskite,0,1,0,0.0,0.8687238097190857,0.07779295742511749,0.0038446851540356874,0.04963857680559158
VTM-006644,DG-37761b327bb4,perovskite,0,1,1,0.7310791015625,0.006561126094311476,0.8654395341873169,0.11963953822851181,0.008359836414456367
VTM-006647,DG-8d8763f17b67,perovskite,0,1,0,0.0,0.8602088689804077,0.1327831745147705,0.0007464626687578857,0.006261507980525494
VTM-006648,DG-d680a4d6e142,perovskite,0,1,1,0.0,0.28863632678985596,0.3636397421360016,0.12649695575237274,0.22122693061828613
VTM-006653,DG-8acc97e99e5e,perovskite,0,1,2,0.0,0.06519671529531479,0.39172738790512085,0.4426410496234894,0.10043489187955856
VTM-006655,DG-39398201aeb2,perovskite,0,1,0,0.0,0.7176457047462463,0.21165211498737335,0.04808986559510231,0.022612348198890686
VTM-006657,DG-b8aafa85cd66,perovskite,0,1,0,0.0,0.48364531993865967,0.39180096983909607,0.05980992317199707,0.06474378705024719
VTM-006663,DG-7002e94c0f25,perovskite,0,1,0,0.0,0.5850396156311035,0.2950051426887512,0.10681955516338348,0.013135675340890884
VTM-006669,DG-ca7fc283c3e0,perovskite,0,1,1,0.0,0.003511254210025072,0.58416348695755,0.40593430399894714,0.00639097485691309
VTM-006671,DG-4c5394909071,perovskite,0,1,1,0.6961279511451721,0.003456234000623226,0.8561385869979858,0.10614770650863647,0.03425745293498039
VTM-006674,DG-29853a9c9e48,perovskite,0,1,0,0.0,0.6987529993057251,0.275138258934021,0.00950557366013527,0.016603168100118637
VTM-006702,DG-05ce0b58d145,perovskite,0,1,1,0.0,0.11189545691013336,0.6323700547218323,0.21800556778907776,0.037728939205408096
VTM-006704,DG-35a61c51bf04,perovskite,0,1,2,0.0,0.00022808574431110173,0.053741469979286194,0.9457928538322449,0.0002376289339736104
VTM-006712,DG-8f55863f8ea1,perovskite,0,1,1,0.7022824287414551,0.02692480757832527,0.8507684469223022,0.0491337887942791,0.07317300140857697
VTM-006718,DG-aa10f143e383,perovskite,0,1,1,0.7524716258049011,0.00043953885324299335,0.9817625880241394,0.0029667322523891926,0.014831122942268848
VTM-006719,DG-3afed5e49e28,perovskite,0,1,1,0.6389115452766418,0.004090978763997555,0.7517554759979248,0.05281586945056915,0.19133763015270233
VTM-006720,DG-b34cba61ef89,perovskite,0,1,2,0.0,0.2482462227344513,0.20346567034721375,0.4648677408695221,0.08342031389474869
VTM-006723,DG-260189d80767,perovskite,0,1,1,0.626524806022644,0.05125151947140694,0.5708752274513245,0.3177992105484009,0.060074083507061005
VTM-006729,DG-f3e55769ff61,perovskite,0,1,3,0.0,0.37702757120132446,0.21877670288085938,0.002430777531117201,0.4017649292945862
VTM-006738,DG-1c1a3c4ef6a5,perovskite,0,1,0,0.0,0.5447913408279419,0.4280593991279602,0.007461537141352892,0.019687732681632042
VTM-006745,DG-e46e9d5bd1b0,perovskite,0,1,3,0.0,0.00013140890223439783,0.044281259179115295,0.028158554807305336,0.9274287223815918
VTM-006746,DG-15742dc2018a,perovskite,0,1,0,0.0,0.6963491439819336,0.1765107810497284,0.014148524031043053,0.1129915863275528
VTM-006750,DG-a375d8956f65,perovskite,0,1,3,0.0,0.13645850121974945,0.05966535955667496,0.07922274619340897,0.7246533632278442
VTM-006752,DG-0b399df40ff6,perovskite,0,1,1,0.0,0.15773479640483856,0.775973379611969,0.042879171669483185,0.023412566632032394
VTM-006756,DG-7fe862f885ef,perovskite,0,1,1,0.0,0.22924214601516724,0.6474040150642395,0.023118244484066963,0.10023564845323563
VTM-006763,DG-5923ebe32d44,perovskite,0,1,1,0.605314314365387,0.2379073202610016,0.5450759530067444,0.09017288684844971,0.12684381008148193
VTM-006770,DG-8af983db7de9,perovskite,0,1,1,0.0,0.023409027606248856,0.7194715738296509,0.22039249539375305,0.036726851016283035
VTM-006773,DG-4e4e2c60036a,perovskite,0,1,0,0.0,0.570845365524292,0.4110541045665741,0.014308972284197807,0.003791497554630041
VTM-006774,DG-e6573e0b29ec,perovskite,0,1,1,0.0,0.15763217210769653,0.7230854034423828,0.10515301674604416,0.014129330404102802
VTM-006777,DG-af8325128ef5,perovskite,0,1,1,0.0,0.023535259068012238,0.5547853112220764,0.14400586485862732,0.27767351269721985
VTM-006783,DG-4ea38b753c1d,perovskite,0,1,0,0.0,0.537703275680542,0.2778039574623108,0.05161764472723007,0.13287514448165894
VTM-006789,DG-91a87bde4235,perovskite,0,1,0,0.0,0.5664668083190918,0.1654599905014038,0.11386509984731674,0.15420810878276825
VTM-006792,DG-35eb75caf639,perovskite,0,1,1,0.0,0.03784352168440819,0.5236419439315796,0.4270368218421936,0.011477665044367313
VTM-006795,DG-add3274436d0,perovskite,0,1,1,0.0,0.3041730523109436,0.5151495337486267,0.1554296314716339,0.025247817859053612
VTM-006797,DG-50aefe90f359,perovskite,0,1,2,0.0,0.0034519564360380173,0.09309983253479004,0.8484324812889099,0.05501566454768181
VTM-006801,DG-ea0f173988c7,perovskite,0,1,3,0.5517778396606445,0.0234784297645092,0.10154780745506287,0.055098533630371094,0.8198752403259277
VTM-006802,DG-f27d5e7ca7b3,perovskite,0,1,3,0.5478240847587585,0.27730345726013184,0.26744475960731506,0.026001110672950745,0.42925068736076355
VTM-006807,DG-3db1fe4ffc10,perovskite,0,1,1,0.6979315280914307,0.00799138005822897,0.7394415140151978,0.24601960182189941,0.006547477096319199
VTM-006809,DG-52eb4c4698ac,perovskite,0,1,0,0.0,0.7971601486206055,0.16065622866153717,0.009055962786078453,0.033127713948488235
VTM-006812,DG-d6fc273c2664,perovskite,0,1,1,0.7857385277748108,0.00044335590791888535,0.9951739311218262,0.0029532168991863728,0.0014294928405433893
VTM-006814,DG-0b751e4cb272,perovskite,0,1,2,0.0,0.006101652514189482,0.12861187756061554,0.8615607023239136,0.003725778078660369
VTM-006815,DG-417147546517,perovskite,0,1,1,0.7184125781059265,0.012211386114358902,0.8889933228492737,0.05954882502555847,0.03924645110964775
VTM-006818,DG-73cc4e599178,perovskite,0,1,1,0.0,0.44261378049850464,0.4889487624168396,0.006189840380102396,0.06224760785698891
VTM-006821,DG-1f359c0dcffa,perovskite,0,1,0,0.0,0.5128501653671265,0.09493720531463623,0.11791500449180603,0.2742976248264313
VTM-006827,DG-556a131aaeaf,perovskite,0,1,2,0.0,0.01384920347481966,0.0942467525601387,0.8565373420715332,0.035366736352443695
VTM-006831,DG-d68fb0c71597,perovskite,0,1,1,0.7483462691307068,0.0017482010880485177,0.8994669914245605,0.0957489088177681,0.0030359113588929176
VTM-006833,DG-94bc56856a4d,perovskite,0,1,1,0.0,0.012224430218338966,0.6421546339988708,0.31346186995506287,0.03215910121798515
VTM-006837,DG-343b09f74dde,perovskite,0,1,1,0.7839492559432983,0.009464230388402939,0.9857895374298096,0.0028724991716444492,0.001873708562925458
VTM-006844,DG-9bf13122376d,perovskite,0,1,3,0.0,0.291355699300766,0.18677666783332825,0.026983382180333138,0.4948842525482178
VTM-006845,DG-e8e1450adde3,perovskite,0,1,1,0.0,0.10553773492574692,0.6296627521514893,0.12611208856105804,0.13868741691112518
VTM-006849,DG-b1f251cf666f,perovskite,0,1,1,0.0,0.033562421798706055,0.43375077843666077,0.39914044737815857,0.13354630768299103
VTM-006853,DG-ab41a705c6a6,perovskite,0,1,3,0.5553350448608398,0.06556538492441177,0.09961876273155212,0.02328646555542946,0.8115293979644775
VTM-006855,DG-53a21c00e78d,perovskite,0,1,1,0.0,0.09149237722158432,0.6381145715713501,0.03278098255395889,0.2376120686531067
VTM-006865,DG-63548c1d61c2,perovskite,0,1,2,0.0,0.012553258799016476,0.3282453417778015,0.5454578399658203,0.11374352872371674
VTM-006875,DG-fb1970d2ff6f,perovskite,0,1,0,0.0,0.7240286469459534,0.1547168791294098,0.014240948483347893,0.10701356828212738
VTM-006887,DG-86578adce0e4,perovskite,0,1,1,0.7097363471984863,0.02044850029051304,0.78032386302948,0.19538642466068268,0.003841215278953314
VTM-006891,DG-8dfa5e733ae1,perovskite,0,1,0,0.0,0.6799203157424927,0.28823399543762207,0.005464472342282534,0.02638126350939274
VTM-006898,DG-6f4492e2f9e1,rutile,0,1,1,0.5953182578086853,0.004465772304683924,0.5198948383331299,0.3569226562976837,0.11871671676635742
VTM-006906,DG-7f087c3660f5,rutile,0,1,1,0.6689339280128479,0.0009016155963763595,0.8326252698898315,0.10232269763946533,0.06415043026208878
VTM-006908,DG-dc60ca226509,rutile,0,1,3,0.0,0.10077141970396042,0.12619322538375854,0.36639922857284546,0.406636118888855
VTM-006916,DG-4cb828c27c61,rutile,0,1,1,0.0,0.05722564458847046,0.6158522963523865,0.02883015386760235,0.298091858625412
VTM-006917,DG-6ee3ca1f3798,rutile,0,1,3,0.0,0.09735741466283798,0.32323095202445984,0.20921897888183594,0.37019264698028564
VTM-006933,DG-5ba0b26133f3,rutile,0,1,1,0.0,0.012945456430315971,0.7621919512748718,0.21756060421466827,0.0073020244017243385
VTM-006934,DG-30753fc2b957,rutile,0,1,2,0.0,0.0005846420535817742,0.06982699036598206,0.928452730178833,0.0011356024770066142
VTM-006935,DG-e1a68ff2aa8d,rutile,0,1,3,0.0,0.11316171288490295,0.168255016207695,0.1430070549249649,0.5755761861801147
VTM-006959,DG-8ba48f39262c,rutile,0,1,1,0.6425228714942932,0.00970483012497425,0.7238785028457642,0.15813785791397095,0.10827875882387161
VTM-006967,DG-fa4bff23af8b,rutile,0,1,2,0.0,0.032899029552936554,0.17152230441570282,0.554257869720459,0.24132080376148224
VTM-006971,DG-dca3cf74d23b,rutile,0,1,1,0.0,0.020267458632588387,0.8069568276405334,0.13273051381111145,0.040045205503702164
VTM-006976,DG-da93d215b880,rutile,0,1,1,0.7820122838020325,0.008622031658887863,0.9783313274383545,0.006216822192072868,0.006829758174717426
VTM-006978,DG-3b43749310e1,rutile,0,1,1,0.0,0.2039148509502411,0.3024545907974243,0.22580784559249878,0.2678227126598358
VTM-006983,DG-a7b59cae618b,rutile,0,1,1,0.0,0.009468627162277699,0.636629581451416,0.3358497619628906,0.018052076920866966
VTM-006984,DG-154c71809bbc,rutile,0,1,1,0.7682275176048279,0.0003714173217304051,0.9927395582199097,0.0023504109121859074,0.004538523964583874
VTM-006985,DG-0eee9f6bbcfc,rutile,0,1,1,0.0,0.00024685586686246097,0.8658901453018188,0.12370327115058899,0.010159699246287346
VTM-006994,DG-a7ce3a9925a2,rutile,0,1,1,0.0,0.013395684771239758,0.941299557685852,0.02073826640844345,0.024566475301980972
VTM-006995,DG-b0604379d089,rutile,0,1,1,0.0,0.11206411570310593,0.8741999864578247,0.004031382501125336,0.009704479947686195
VTM-006998,DG-acbe1e05c541,rutile,0,1,1,0.0,0.05655801296234131,0.6863113045692444,0.16431938111782074,0.09281127899885178
VTM-007002,DG-c6cad96fd5a7,rutile,0,1,1,0.7675550580024719,0.04692327231168747,0.9503836631774902,0.00045236063306219876,0.002240761648863554
VTM-007007,DG-493cac276dd5,rutile,0,1,2,0.5344033241271973,0.17672795057296753,0.208877295255661,0.3216792941093445,0.2927154302597046
VTM-007026,DG-e3dbfb5405a7,rutile,0,1,1,0.0,0.21212290227413177,0.3861601650714874,0.273074746131897,0.12864220142364502
VTM-007029,DG-0b8d368c44aa,rutile,0,1,1,0.772275447845459,0.017629824578762054,0.9618350863456726,0.005540499463677406,0.014994541183114052
VTM-007032,DG-0b8472e2b902,rutile,0,1,1,0.0,0.007315252907574177,0.9892894625663757,0.001930090133100748,0.0014652109239250422
VTM-007037,DG-22d358f0e974,rutile,0,1,1,0.7060120105743408,0.07536499202251434,0.835974931716919,0.03670145571231842,0.05195866525173187
VTM-007040,DG-b872fe4b369e,rutile,0,1,1,0.0,0.18097034096717834,0.445974200963974,0.27822640538215637,0.09482906013727188
VTM-007041,DG-fa8281c7c40c,rutile,0,1,1,0.0,0.023519465699791908,0.8604323267936707,0.06561003625392914,0.05043816193938255
VTM-007048,DG-f9986ce5a4bd,rutile,0,1,1,0.7868804931640625,0.0016585509292781353,0.9926573634147644,0.002817045897245407,0.002866986207664013
VTM-007049,DG-4715ac3ecf84,rutile,0,1,1,0.697277843952179,0.0062733846716582775,0.8181556463241577,0.15919706225395203,0.01637386530637741
VTM-007054,DG-6a7637f40650,rutile,0,1,1,0.6855912208557129,0.04701972007751465,0.7966609597206116,0.09403574466705322,0.06228357553482056
VTM-007065,DG-cadf3c36e12e,rutile,0,1,2,0.0,0.003082794137299061,0.4295240640640259,0.5602986812591553,0.007094476837664843
VTM-007070,DG-d34b22e095bf,rutile,0,1,1,0.7867327332496643,0.001973319100216031,0.9875664114952087,0.009923896752297878,0.000536386389285326
VTM-007081,DG-af5f4536f2b9,rutile,0,1,1,0.0,0.03351888433098793,0.8409633636474609,0.10977932810783386,0.015738440677523613
VTM-007082,DG-6f908de6422f,rutile,0,1,1,0.0,0.22239536046981812,0.5760506391525269,0.05110807716846466,0.15044593811035156
VTM-007088,DG-45d08d11eb84,rutile,0,1,3,0.0,0.20066435635089874,0.15349993109703064,0.08546814322471619,0.5603675246238708
VTM-007091,DG-f83f28631de7,rutile,0,1,1,0.0,0.014327818527817726,0.7380473613739014,0.23029209673404694,0.017332781106233597
VTM-007092,DG-f7a76505a9a5,rutile,0,1,1,0.7882530689239502,5.649910599458963e-05,0.9994304180145264,0.0004941789084114134,1.8941074813483283e-05
VTM-007093,DG-3ad8c3ee11d2,rutile,0,1,1,0.7821247577667236,0.002275780774652958,0.9895462989807129,0.0029159323312342167,0.0052619753405451775
VTM-007102,DG-e197bfeae2ac,rutile,0,1,0,0.0,0.8460544347763062,0.08470151573419571,0.010341388173401356,0.05890265479683876
VTM-007103,DG-9cbf002ecfe4,rutile,0,1,1,0.0,0.0026847021654248238,0.9820840358734131,0.014566904865205288,0.0006643786327913404
VTM-007104,DG-d9a87af4d5e2,rutile,0,1,1,0.0,0.06997381150722504,0.7096695899963379,0.15025396645069122,0.07010260969400406
VTM-007111,DG-ef1a791bd96c,rutile,0,1,1,0.0,0.0035161178093403578,0.5475888252258301,0.42007243633270264,0.02882264368236065
VTM-007125,DG-314f5c22ba5e,rutile,0,1,1,0.0,0.21341149508953094,0.6742092967033386,0.01065176259726286,0.10172741860151291
VTM-007127,DG-6e910964969a,rutile,0,1,3,0.0,0.00498220743611455,0.10559292882680893,0.007927621714770794,0.8814972639083862
VTM-007141,DG-05026c817e51,rutile,0,1,1,0.0,0.021091802045702934,0.8568567037582397,0.11276404559612274,0.009287473745644093
VTM-007144,DG-8f05a74e61f7,rutile,0,1,1,0.0,0.017525361850857735,0.9616391062736511,0.009114343672990799,0.011721216142177582
VTM-007151,DG-6ef8ee263e12,rutile,0,1,1,0.7034790515899658,0.04689088091254234,0.8355093002319336,0.04209082946181297,0.07550894469022751
VTM-007157,DG-52a07fdd8b0a,rutile,0,1,1,0.0,0.1617620587348938,0.7196782827377319,0.052994437515735626,0.06556517630815506
VTM-007168,DG-a6848732cd54,rutile,0,1,3,0.0,0.14046549797058105,0.2598121464252472,0.19745200872421265,0.4022703468799591
VTM-007170,DG-0350d83b9da1,rutile,0,1,1,0.6744620203971863,0.020463818684220314,0.697674036026001,0.26223132014274597,0.01963091269135475
VTM-007178,DG-8b5edeae79e0,rutile,0,1,1,0.0,0.006205551791936159,0.8538950681686401,0.1310267448425293,0.008872640319168568
VTM-007180,DG-722ac6aa9e5b,rutile,0,1,0,0.0,0.352741003036499,0.2683064937591553,0.3354227542877197,0.04352973401546478
VTM-007192,DG-d1ae79e833b4,rutile,0,1,2,0.0,0.1815231591463089,0.37612801790237427,0.3977671265602112,0.04458170011639595
VTM-007208,DG-c96a7d06773e,rutile,0,1,1,0.0,0.023989101871848106,0.9157794117927551,0.01427854411303997,0.04595300555229187
VTM-007209,DG-75227de7015a,rutile,0,1,1,0.7016099095344543,0.13421383500099182,0.8193329572677612,0.03232868015766144,0.01412446703761816
VTM-007210,DG-eb7443f02093,rutile,0,1,1,0.0,0.16042517125606537,0.6273865699768066,0.1739141047000885,0.0382741317152977
VTM-007215,DG-1a04dbe54b28,rutile,0,1,3,0.0,0.246979758143425,0.1411319226026535,0.03590778261423111,0.575980544090271
VTM-007216,DG-22e342ab37aa,rutile,0,1,1,0.7791959643363953,0.002536189276725054,0.9849115610122681,0.00046409486094489694,0.01208811067044735
VTM-007223,DG-342bb1eca302,rutile,0,1,0,0.0,0.9661768674850464,0.02120240032672882,0.002235905034467578,0.010384833440184593
VTM-007231,DG-036c5667b7e9,rutile,0,1,0,0.0,0.4466193914413452,0.12086230516433716,0.009147926233708858,0.423370361328125
VTM-007232,DG-2b9a3b169394,rutile,0,1,0,0.0,0.5880300998687744,0.34466618299484253,0.007162563037127256,0.06014114245772362
VTM-007233,DG-777d83515793,rutile,0,1,1,0.0,0.009136970154941082,0.9681774377822876,0.02085152454674244,0.001834040624089539
VTM-007235,DG-262ac6e6eda6,rutile,0,1,1,0.6579223871231079,0.0017687056679278612,0.7186220288276672,0.25932595133781433,0.020283304154872894
VTM-007248,DG-c274fac1f1b0,rutile,0,1,1,0.0,0.16116589307785034,0.8108153343200684,0.007152687292546034,0.020866066217422485
VTM-007260,DG-34ff53d91d21,rutile,0,1,1,0.6365389227867126,0.0035837048199027777,0.7153035402297974,0.20190292596817017,0.07920993119478226
VTM-007262,DG-d9346a5d5ba9,rutile,0,1,1,0.0,0.0011184571776539087,0.782649040222168,0.19728094339370728,0.018951546400785446
VTM-007264,DG-d73558b211eb,rutile,0,1,1,0.0,0.0019329164642840624,0.8745400309562683,0.12132488936185837,0.0022021278273314238
VTM-007268,DG-b8e680a00dc5,rutile,0,1,1,0.778690755367279,0.0025470852851867676,0.9756038784980774,0.0175136961042881,0.004335398320108652
VTM-007269,DG-9513b4eb8a6c,rutile,0,1,1,0.0,0.06975457817316055,0.8256511688232422,0.030330419540405273,0.0742638111114502
VTM-007271,DG-aa36737f32b4,rutile,0,1,1,0.770965576171875,0.02085418999195099,0.9641879796981812,0.006914472207427025,0.008043375797569752
VTM-007273,DG-9b15bae5be2b,rutile,0,1,1,0.0,0.00423915171995759,0.956512987613678,0.01729617826640606,0.021951615810394287
VTM-007277,DG-34e702311346,rutile,0,1,1,0.0,0.06448405981063843,0.7045808434486389,0.1887938380241394,0.04214126989245415
VTM-007284,DG-ddc98eca336f,rutile,0,1,0,0.5731832385063171,0.5296905636787415,0.3436039686203003,0.04505102336406708,0.081654392182827
VTM-007297,DG-11dd6589c9bb,rutile,0,1,0,0.0,0.6488150954246521,0.10582463443279266,0.004894960671663284,0.24046531319618225
VTM-007298,DG-eb93b6bf811d,rutile,0,1,0,0.0,0.564997136592865,0.2987458407878876,0.004920892883092165,0.13133615255355835
VTM-007299,DG-4348e5d59120,rutile,0,1,3,0.0,0.28656914830207825,0.1377153992652893,0.08327100425958633,0.4924444556236267
VTM-007310,DG-51c153e1350b,rutile,0,1,1,0.7645794153213501,0.013090922497212887,0.9426450133323669,0.037971384823322296,0.006292716600000858
VTM-007311,DG-1514d436b7a8,rutile,0,1,1,0.7447402477264404,0.005349195096641779,0.9238500595092773,0.05788217484951019,0.012918548658490181
VTM-007318,DG-71dafe8d9886,rutile,0,1,1,0.5995893478393555,0.06641290336847305,0.5277104377746582,0.2614285945892334,0.14444813132286072
VTM-007323,DG-3889b7880739,rutile,0,1,1,0.7715861797332764,0.0002570708456914872,0.990492582321167,0.006706025451421738,0.00254430016502738
VTM-007331,DG-8cc20c992753,rutile,0,1,1,0.7870564460754395,0.0009231885196641088,0.9975215792655945,0.00072724639903754,0.0008280084002763033
VTM-007335,DG-7c2d016f2e95,rutile,0,1,1,0.7708740234375,0.009718989953398705,0.966799259185791,0.011273864656686783,0.01220792904496193
VTM-007340,DG-c775bdf1d201,rutile,0,1,1,0.7386409640312195,0.03108413703739643,0.908230721950531,0.00938454084098339,0.051300618797540665
VTM-007347,DG-7c08f5eb76a2,rutile,0,1,3,0.0,0.0619051530957222,0.4005376696586609,0.07505974173545837,0.46249741315841675
VTM-007348,DG-39597209e51d,rutile,0,1,1,0.7169216275215149,0.011838802136480808,0.8671970367431641,0.09857843071222305,0.022385694086551666
VTM-007352,DG-b544af5fc942,rutile,0,1,1,0.0,0.004920984152704477,0.5911933779716492,0.3910839259624481,0.0128017021343112
VTM-007357,DG-5adbf853b6c3,rutile,0,1,0,0.0,0.6052974462509155,0.19052422046661377,0.07475912570953369,0.129419207572937
VTM-007359,DG-199c7997a512,rutile,0,1,1,0.0,0.12450136244297028,0.6287046074867249,0.12747822701931,0.11931581050157547
VTM-007364,DG-9ffa4b76f08e,rutile,0,1,1,0.0,0.06681227684020996,0.5613318085670471,0.33576539158821106,0.03609047457575798
VTM-007373,DG-4e935c97ba32,rutile,0,1,1,0.0,0.18947742879390717,0.7209324240684509,0.031803663820028305,0.057786423712968826
VTM-007377,DG-eb9bc8a2a73f,rutile,0,1,1,0.0,0.036872830241918564,0.8187230229377747,0.020229127258062363,0.12417499721050262
VTM-007380,DG-fdce72a1f494,rutile,0,1,1,0.6529805064201355,0.008955458179116249,0.6597833037376404,0.3034535348415375,0.02780771441757679
VTM-007381,DG-95ea1df312d6,rutile,0,1,1,0.0,0.01525748148560524,0.9539700746536255,0.0025500361807644367,0.028222424909472466
VTM-007382,DG-139b38e4d40e,rutile,0,1,2,0.0,0.0026024216786026955,0.2741655707359314,0.714239239692688,0.008992782793939114
VTM-007385,DG-4897059f854c,rutile,0,1,1,0.6975024342536926,0.19007325172424316,0.789941668510437,0.010865911841392517,0.009119129739701748
VTM-007386,DG-0a104ab8bdc8,rutile,0,1,2,0.6002290844917297,0.0032276755664497614,0.2632297873497009,0.7248446941375732,0.008697768673300743
VTM-007394,DG-2c7580fecab0,rutile,0,1,1,0.0,0.22919481992721558,0.6621293425559998,0.014763426966965199,0.09391242265701294
VTM-007395,DG-9a4fe90e7020,rutile,0,1,1,0.0,0.0021019827108830214,0.4067709445953369,0.26303359866142273,0.3280934691429138
VTM-007397,DG-8bcd5e9f4c16,rutile,0,1,1,0.0,0.026027176529169083,0.8197168707847595,0.11675842106342316,0.03749752789735794
VTM-007400,DG-45eba17851f1,rutile,0,1,2,0.0,0.023542853072285652,0.11704102158546448,0.8321475982666016,0.027268610894680023
VTM-007410,DG-82767d14f349,rutile,0,1,1,0.7194815278053284,0.005095922388136387,0.9102884531021118,0.022206362336874008,0.06240927800536156
VTM-007423,DG-c371acb7234e,rutile,0,1,1,0.0,0.005934527143836021,0.968727171421051,0.008941822685301304,0.016396503895521164
VTM-007428,DG-15d67b0d89e1,rutile,0,1,1,0.7670871615409851,0.000276643579127267,0.9793644547462463,0.017885534092783928,0.002473370870575309
VTM-007441,DG-c90b6affaa03,rutile,0,1,2,0.0,0.09873440861701965,0.26984599232673645,0.5874066352844238,0.04401298984885216
VTM-007453,DG-86b7bb730720,rutile,0,1,1,0.0,0.06144362688064575,0.4122879207134247,0.1487560272216797,0.3775124251842499
VTM-007454,DG-a98d740c3883,rutile,0,1,3,0.5273749828338623,0.014200971461832523,0.006410349626094103,0.0007066675461828709,0.9786820411682129
VTM-007461,DG-5b479771c1f3,rutile,0,1,3,0.0,0.052437376230955124,0.03296390548348427,0.43696165084838867,0.47763708233833313
VTM-007464,DG-3ed493b5d858,rutile,0,1,1,0.7221425771713257,0.03685571253299713,0.8829944133758545,0.021718433126807213,0.05843149870634079
VTM-007469,DG-352ed7bda653,rutile,0,1,1,0.6415178775787354,0.007678532041609287,0.5307006239891052,0.4482329487800598,0.013387925922870636
VTM-007471,DG-8abf3b75f366,rutile,0,1,1,0.0,0.005768483504652977,0.9613071084022522,0.020791932940483093,0.012132440693676472
VTM-007482,DG-6fb9437c2fb3,rutile,0,1,1,0.7884253263473511,0.001475698547437787,0.9955592155456543,0.001487047877162695,0.0014780120691284537
VTM-007483,DG-a4616a0dcab1,rutile,0,1,1,0.7560728192329407,0.0008027940057218075,0.9282042980194092,0.0692022517323494,0.001790654961951077
VTM-007486,DG-eff26cc1b3ea,rutile,0,1,1,0.7118946313858032,0.03065286949276924,0.8436753749847412,0.09077776968479156,0.03489401191473007
VTM-007497,DG-168f545ece85,rutile,0,1,2,0.5753020644187927,0.006944660563021898,0.13085754215717316,0.8191300630569458,0.04306776821613312
VTM-007501,DG-b2499e85570b,rutile,0,1,1,0.0,0.020219506695866585,0.5845798254013062,0.20977738499641418,0.18542331457138062
VTM-007505,DG-41372b09c0ad,rutile,0,1,1,0.7092472910881042,0.007595156319439411,0.8834181427955627,0.021355362609028816,0.08763132989406586
VTM-007509,DG-925dc8d0a56c,rutile,0,1,1,0.7659670114517212,0.010909557342529297,0.9529197216033936,0.005859415978193283,0.030311323702335358
VTM-007510,DG-b45f88fd00f9,rutile,0,1,1,0.7657139897346497,0.003129455726593733,0.9659537672996521,0.016883958131074905,0.014032832346856594
VTM-007523,DG-e337aefe7e7e,rutile,0,1,1,0.7521038055419922,0.0007289251079782844,0.9709476828575134,0.016758257523179054,0.011565127409994602
VTM-007526,DG-8dea373e596d,rutile,0,1,1,0.7838038802146912,0.0004011085839010775,0.984711766242981,0.014531574212014675,0.00035556350485421717
VTM-007527,DG-fa54bd5840ea,rutile,0,1,1,0.7587592005729675,0.00863528810441494,0.9361376166343689,0.039785947650671005,0.015441132709383965
VTM-007529,DG-d2a96e03beea,rutile,0,1,0,0.0,0.6555269956588745,0.030028780922293663,0.02895994670689106,0.285484254360199
VTM-007532,DG-34acfdfeae40,rutile,0,1,0,0.0,0.3867209553718567,0.1469910889863968,0.37377792596817017,0.09250999987125397
VTM-007533,DG-0b88f16d1d5c,rutile,0,1,1,0.0,0.28530430793762207,0.6074159741401672,0.07040030509233475,0.03687943518161774
VTM-007535,DG-db26d01eeb40,rutile,0,1,1,0.0,0.0326228030025959,0.8666484355926514,0.06760012358427048,0.033128637820482254
VTM-007539,DG-538d5d90083a,rutile,0,1,1,0.0,0.033775873482227325,0.9360749125480652,0.019928982481360435,0.010220188647508621
VTM-007542,DG-161b7757dac5,rutile,0,1,1,0.7190996408462524,0.08092699944972992,0.8604182600975037,0.01706816628575325,0.04158656671643257
VTM-007546,DG-2b98513691d0,rutile,0,1,1,0.76277095079422,0.0004196124500595033,0.9954303503036499,0.0015499717555940151,0.0026000547222793102
VTM-007553,DG-3165bab86739,rutile,0,1,1,0.0,0.0006121808546595275,0.9906964898109436,0.006723481696099043,0.0019679064862430096
VTM-007557,DG-f0f1acee2624,rutile,0,1,1,0.0,0.005867298226803541,0.9620012640953064,0.01998797617852688,0.012143461965024471
VTM-007564,DG-c77fe4795b4e,rutile,0,1,1,0.76180499792099,0.0008991533541120589,0.9792078137397766,0.013399605639278889,0.006493385415524244
VTM-007566,DG-0e21269d2000,rutile,0,1,1,0.0,0.022106371819972992,0.5574451088905334,0.09385648369789124,0.32659196853637695
VTM-007567,DG-d3c9e3267179,rutile,0,1,2,0.0,0.07485996186733246,0.24916309118270874,0.5728463530540466,0.10313057154417038
VTM-007570,DG-d9477c89108a,rutile,0,1,1,0.0,0.035654474049806595,0.7461121678352356,0.08335933089256287,0.13487406075000763
VTM-007580,DG-bc48501d8fce,rutile,0,1,0,0.0,0.4052028954029083,0.14738576114177704,0.13083328306674957,0.31657806038856506
VTM-007583,DG-b98be2ccb042,rutile,0,1,1,0.0,0.017187155783176422,0.92807936668396,0.0314408615231514,0.023292623460292816
VTM-007587,DG-a55b27abe7d0,rutile,0,1,1,0.7267971038818359,0.11726175248622894,0.8553921580314636,0.023571209982037544,0.003774846438318491
VTM-007591,DG-cd6dbe9adde8,rutile,0,1,1,0.0,0.17027907073497772,0.7604799270629883,0.03513389453291893,0.034107089042663574
VTM-007604,DG-950eb1c237d2,rutile,0,1,1,0.0,0.014328639023005962,0.5503108501434326,0.34416481852531433,0.0911957398056984
VTM-007615,DG-b13ab0e3785e,rutile,0,1,1,0.0,0.19839560985565186,0.6271206736564636,0.12512868642807007,0.04935498908162117
VTM-007616,DG-461954f116bf,rutile,0,1,1,0.0,0.17128071188926697,0.44578129053115845,0.01829133741557598,0.36464664340019226
VTM-007619,DG-1fd3852a6314,rutile,0,1,1,0.6480578184127808,0.0007284588646143675,0.7263637781143188,0.24209661781787872,0.030811164528131485
VTM-007620,DG-a8242b078ae2,rutile,0,1,1,0.0,0.0013247196329757571,0.951315701007843,0.04285254701972008,0.004507035482674837
VTM-007634,DG-5429475747c9,rutile,0,1,0,0.0,0.48444315791130066,0.316468209028244,0.003271332709118724,0.1958172619342804
VTM-007653,DG-3f598ecd89b5,rutile,0,1,1,0.0,0.13258619606494904,0.7438694834709167,0.034063201397657394,0.08948109298944473
VTM-007660,DG-79c33dbb6681,rutile,0,1,0,0.0,0.45284807682037354,0.3325710594654083,0.11440527439117432,0.10017558932304382
VTM-007663,DG-226fb7b8a8d2,rutile,0,1,1,0.6404148936271667,0.3053373694419861,0.6390893459320068,0.010785936377942562,0.04478739574551582
VTM-007667,DG-e16b556a112b,rutile,0,1,1,0.0,0.04169246926903725,0.6218119859695435,0.30868393182754517,0.027811631560325623
VTM-007670,DG-85d5798aadde,rutile,0,1,3,0.5482617616653442,0.04061104357242584,0.07767431437969208,0.02039385586977005,0.8613207936286926
VTM-007677,DG-54c3baf572f2,rutile,0,1,0,0.0,0.6304758787155151,0.35260698199272156,0.004679580684751272,0.012237586081027985
VTM-007681,DG-f75ab0ccf62c,rutile,0,1,3,0.0,0.24566425383090973,0.11657363921403885,0.039401642978191376,0.5983604788780212
VTM-007682,DG-941618bd8f31,rutile,0,1,1,0.7152743339538574,0.0031771338544785976,0.918226957321167,0.018880940973758698,0.05971495062112808
VTM-007687,DG-0c5f60c4a3b4,rutile,0,1,1,0.7710293531417847,0.014570105820894241,0.9557828307151794,0.02331509254872799,0.006331943906843662
VTM-007695,DG-ff4045c2a14f,rutile,0,1,2,0.6212852001190186,0.010865150950849056,0.31560540199279785,0.6623095870018005,0.011219760403037071
VTM-007697,DG-f5c6896e9b4b,rutile,0,1,1,0.7373440265655518,0.0039024450816214085,0.9210157990455627,0.05939330533146858,0.015688424929976463
VTM-007699,DG-849a873aa5a4,rutile,0,1,1,0.0,0.0059856511652469635,0.5901168584823608,0.33562105894088745,0.06827642023563385
VTM-007700,DG-b71b51b386fb,rutile,0,1,1,0.0,0.13331016898155212,0.8058933615684509,0.022794723510742188,0.038001738488674164
VTM-007701,DG-9b582849c3d7,rutile,0,1,1,0.0,0.22381891310214996,0.4611458480358124,0.16163986921310425,0.1533953845500946
VTM-007706,DG-fafc111bab75,rutile,0,1,0,0.0,0.4676267206668854,0.4014457166194916,0.03968008980154991,0.09124744683504105
VTM-007707,DG-f0ea92e86f33,rutile,0,1,1,0.7047417759895325,0.04359114170074463,0.7949456572532654,0.150702103972435,0.010761085897684097
VTM-007711,DG-0fe66615eaf1,rutile,0,1,1,0.675409734249115,0.01088721863925457,0.7554391026496887,0.20142146944999695,0.032252147793769836
VTM-007712,DG-b83e31818a0c,rutile,0,1,1,0.5979862809181213,0.09315165877342224,0.44991880655288696,0.41612181067466736,0.04080777242779732
VTM-007718,DG-e9f951f4bd3f,rutile,0,1,1,0.7067578434944153,0.09391085803508759,0.8363156318664551,0.019029533490538597,0.05074393004179001
VTM-007732,DG-f60703cce716,rutile,0,1,2,0.5950959324836731,0.009942902252078056,0.257943332195282,0.6996760368347168,0.032437749207019806
VTM-007735,DG-05fdd115fd69,rutile,0,1,0,0.0,0.3864624798297882,0.258287638425827,0.30492255091667175,0.050327371805906296
VTM-007746,DG-fff3aa7f9365,rutile,0,1,1,0.7877472043037415,0.00037198426434770226,0.9987262487411499,0.0006268287543207407,0.0002748866390902549
VTM-007749,DG-5303404c2e69,rutile,0,1,1,0.0,0.15755248069763184,0.4131323993206024,0.1275353878736496,0.30177968740463257
VTM-007750,DG-a81a25c409e8,rutile,0,1,2,0.0,0.04067939519882202,0.3323076665401459,0.3996634781360626,0.2273494154214859
VTM-007755,DG-944f33f66490,rutile,0,1,1,0.721093475818634,0.000960161502007395,0.9100379347801208,0.07376999408006668,0.015231901779770851
VTM-007757,DG-80ee3b1a6e0a,rutile,0,1,1,0.767890214920044,0.012680424377322197,0.9525909423828125,0.025733765214681625,0.008994868956506252
VTM-007765,DG-f4b7ef0ac743,rutile,0,1,1,0.0,0.012154222466051579,0.9129013419151306,0.005031234584748745,0.06991320848464966
VTM-007768,DG-28073c0797cd,rutile,0,1,1,0.6241962313652039,0.3569473624229431,0.5731573700904846,0.03457631915807724,0.03531893342733383
VTM-007771,DG-273720ecb0d3,rutile,0,1,1,0.0,0.0023770194966346025,0.8854527473449707,0.09435951709747314,0.017810722813010216
VTM-007784,DG-db2409770d58,rutile,0,1,1,0.7790027260780334,0.00191064877435565,0.9854012727737427,0.009852210059762001,0.002835887484252453
VTM-007786,DG-68853dc5763d,rutile,0,1,1,0.7153095006942749,0.007715513929724693,0.8834521770477295,0.0728655532002449,0.03596672788262367
VTM-007788,DG-555f81e77195,rutile,0,1,1,0.7449583411216736,0.025220105424523354,0.9144488573074341,0.03816960006952286,0.022161470726132393
VTM-007791,DG-11892ea0a290,rutile,0,1,1,0.0,0.10165297240018845,0.5272228717803955,0.27310213446617126,0.0980219915509224
VTM-007793,DG-d6d71d7543b1,rutile,0,1,1,0.6938391327857971,0.009397780522704124,0.859178364276886,0.05500698834657669,0.07641687244176865
VTM-007797,DG-be3486c6c842,rutile,0,1,1,0.7871589660644531,0.0008436295902356505,0.9930775165557861,0.005117130000144243,0.0009616905590519309
VTM-007801,DG-749462d8666f,rutile,0,1,1,0.7681821584701538,0.0013449041871353984,0.954120934009552,0.042539678514003754,0.0019944743253290653
VTM-007802,DG-c8a6002dd126,rutile,0,1,2,0.0,0.004817836917936802,0.4347163736820221,0.5531670451164246,0.007298758719116449
VTM-007803,DG-10235aa01f6d,rutile,0,1,1,0.7289456725120544,0.04231641814112663,0.8913901448249817,0.015948407351970673,0.0503450408577919
VTM-007815,DG-a59bc7fb7e2f,rutile,0,1,1,0.7414760589599609,0.0009814072400331497,0.934487521648407,0.055222902446985245,0.00930811744183302
VTM-007816,DG-5ae8168464e4,rutile,0,1,1,0.0,0.02171275019645691,0.8488369584083557,0.09998156130313873,0.029468754306435585
VTM-007827,DG-0a74a7cfe43e,rutile,0,1,1,0.0,0.06946928054094315,0.704965353012085,0.12064390629529953,0.10492143779993057
VTM-007838,DG-e1f9335465cb,rutile,0,1,2,0.0,0.33178049325942993,0.2379545271396637,0.35565152764320374,0.07461344450712204
VTM-007849,DG-3f90abd10786,rutile,0,1,1,0.710595965385437,0.007558735087513924,0.8882623910903931,0.012923568487167358,0.09125535190105438
VTM-007859,DG-6e70a4248338,rutile,0,1,3,0.0,0.1838841587305069,0.15973390638828278,0.25054606795310974,0.405835896730423
VTM-007881,DG-c1799ea6db6f,rutile,0,1,2,0.0,0.23725174367427826,0.0882573127746582,0.5630079507827759,0.11148303747177124
VTM-007888,DG-aacf04d2a8ae,rutile,0,1,1,0.0,0.1633356213569641,0.7289876937866211,0.0824250802397728,0.02525158040225506
VTM-007895,DG-bc791272671a,rutile,0,1,1,0.0,0.000315511308144778,0.9969674944877625,0.0018923671450465918,0.0008246380602940917
VTM-007899,DG-47cf619f5db1,rutile,0,1,1,0.7122657895088196,0.006600387394428253,0.7902455925941467,0.19650791585445404,0.0066460962407290936
VTM-007902,DG-f7d8a9a398f7,rutile,0,1,1,0.7819093465805054,0.0021183849312365055,0.9889296293258667,0.004420998506247997,0.0045309425331652164
VTM-007910,DG-a0fc78f41be9,rutile,0,1,1,0.734101414680481,0.017616625875234604,0.9026656150817871,0.025179415941238403,0.054538287222385406
VTM-007913,DG-1b4f069186b0,rutile,0,1,1,0.7752901911735535,0.009393924847245216,0.9673993587493896,0.015501031652092934,0.0077056181617081165
VTM-007915,DG-36d9615d8c61,rutile,0,1,0,0.0,0.7815718650817871,0.15290720760822296,0.04158136248588562,0.023939594626426697
VTM-007918,DG-ed8cf27a2e78,rutile,0,1,1,0.7727923393249512,0.011930061504244804,0.9650938510894775,0.010286392644047737,0.012689720839262009
VTM-007922,DG-0d7754f7d499,rutile,0,1,1,0.0,0.06011966988444328,0.5234949588775635,0.3910819888114929,0.025303374975919724
VTM-007933,DG-3eb8712d6994,rutile,0,1,0,0.0,0.5291202068328857,0.16606339812278748,0.10390026867389679,0.2009161114692688
VTM-007935,DG-cd1f1f7b383a,rutile,0,1,0,0.0,0.668960452079773,0.14848461747169495,0.01927502080798149,0.16327989101409912
VTM-007938,DG-248b24b44236,rutile,0,1,0,0.0,0.5550652742385864,0.16590994596481323,0.06386998295783997,0.21515484154224396
VTM-007942,DG-e0ffe42803fb,rutile,0,1,1,0.0,0.002455713227391243,0.9610081911087036,0.034844107925891876,0.0016919809859246016
VTM-007957,DG-7cad84161666,rutile,0,1,1,0.644554853439331,0.015621451660990715,0.6134793758392334,0.33848556876182556,0.03241359815001488
VTM-007967,DG-d475ed7901d8,rutile,0,1,1,0.5994983315467834,0.0017958080861717463,0.4879133999347687,0.4654775857925415,0.044813212007284164
VTM-007969,DG-ac59db3c0136,rutile,0,1,1,0.0,0.3961905539035797,0.4950273931026459,0.0851997435092926,0.023582294583320618
VTM-007970,DG-688c2e18cf43,rutile,0,1,1,0.0,0.25786828994750977,0.6673092246055603,0.025133337825536728,0.04968911409378052
VTM-007974,DG-75f7ce2166e8,rutile,0,1,1,0.0,0.06309068202972412,0.8766817450523376,0.04116218164563179,0.019065380096435547
VTM-007979,DG-765fe6920f91,rutile,0,1,1,0.6843805313110352,0.22346949577331543,0.7526943683624268,0.0084517952054739,0.015384335070848465
VTM-007982,DG-4b7aa1790ccb,rutile,0,1,0,0.0,0.6335408091545105,0.16148188710212708,0.07756916433572769,0.1274082213640213
VTM-007986,DG-98060dcaab6c,rutile,0,1,3,0.0,0.03904733806848526,0.2288295328617096,0.1700071096420288,0.5621160268783569
VTM-007988,DG-5bd3ed32afcb,rutile,0,1,2,0.5693063139915466,0.0032118798699229956,0.06086243316531181,0.9155181646347046,0.020407509058713913
VTM-007997,DG-bc1130a58a7d,rutile,0,1,1,0.0,0.311774343252182,0.34640076756477356,0.02538536861538887,0.31643959879875183
VTM-007998,DG-2a947cf08731,rutile,0,1,1,0.0,0.010808202438056469,0.911598265171051,0.053095411509275436,0.024498099461197853
VTM-008012,DG-58aed1ffc140,rutile,0,1,3,0.5744656920433044,0.015137909911572933,0.15621407330036163,0.01054542325437069,0.8181025981903076
VTM-008018,DG-2e6dca4e47d4,rutile,0,1,1,0.6986421942710876,0.008794207125902176,0.8793258666992188,0.005070514511317015,0.10680936276912689
VTM-008024,DG-6523804f739b,rutile,0,1,1,0.7598931789398193,0.0004106214619241655,0.9715947508811951,0.0248813945800066,0.0031132777221500874
VTM-008032,DG-b94efdc6f66c,rutile,0,1,1,0.0,0.05310002341866493,0.9168159365653992,0.0157014150172472,0.014382596127688885
VTM-008035,DG-a2848b06c1c6,rutile,0,1,1,0.7023245692253113,0.01867973431944847,0.7811305522918701,0.18666669726371765,0.013523031026124954
VTM-008036,DG-49324173995c,rutile,0,1,1,0.7208095788955688,0.048471566289663315,0.8743823170661926,0.028597932308912277,0.0485481433570385
VTM-008037,DG-868be94e2e92,rutile,0,1,2,0.6272597312927246,0.0012516346760094166,0.38214853405952454,0.6140639781951904,0.00253589847125113
VTM-008038,DG-07cbd71a0865,rutile,0,1,1,0.0,0.16630162298679352,0.5560623407363892,0.21594557166099548,0.061690397560596466
VTM-008047,DG-fac5c63cc8c1,rutile,0,1,1,0.686715304851532,0.027494776993989944,0.7311642169952393,0.22719690203666687,0.01414412073791027
VTM-008058,DG-30855bec2c45,rutile,0,1,1,0.6362744569778442,0.007060202769935131,0.5896152257919312,0.36554598808288574,0.0377785824239254
VTM-008059,DG-a7bac81cf861,rutile,0,1,2,0.0,0.049003057181835175,0.4083144962787628,0.45504921674728394,0.08763322979211807
VTM-008066,DG-692713a94210,rutile,0,1,0,0.0,0.7111258506774902,0.1658155769109726,0.10125397890806198,0.021804602816700935
VTM-008069,DG-592a914da8e0,rutile,0,1,1,0.7690162062644958,0.01001370046287775,0.9505734443664551,0.035432592034339905,0.003980246838182211
VTM-008073,DG-1b817da01ddf,rutile,0,1,1,0.6147992610931396,0.23921483755111694,0.5837956666946411,0.08490333706140518,0.09208615869283676
VTM-008076,DG-44eef5fae25f,rutile,0,1,1,0.7405272722244263,0.05539320781826973,0.8991246223449707,0.03515534847974777,0.010326780378818512
VTM-008086,DG-487fbeec00c4,rutile,0,1,1,0.0,0.021515341475605965,0.968390166759491,0.006085289642214775,0.0040091658011078835
VTM-008087,DG-c775a3ec9c79,rutile,0,1,3,0.0,0.00650775758549571,0.15983258187770844,0.03430730849504471,0.7993524074554443
VTM-008098,DG-770d313b2929,rutile,0,1,1,0.0,0.10886199027299881,0.5579347610473633,0.1276272088289261,0.20557601749897003
VTM-008100,DG-8e1cc3ce55a3,rutile,0,1,1,0.7335096001625061,0.0006190232234075665,0.887507438659668,0.10966090112924576,0.002212654333561659
VTM-008103,DG-178878878760,rutile,0,1,1,0.7590270638465881,0.030623294413089752,0.9355387687683105,0.02278224378824234,0.011055651120841503
VTM-008104,DG-db1dbca8dc46,rutile,0,1,1,0.7388753294944763,0.05330273136496544,0.8947086930274963,0.04291526600718498,0.009073322638869286
VTM-008106,DG-4019b69d29d3,rutile,0,1,1,0.5871577858924866,0.07725267857313156,0.5018566846847534,0.19863645732402802,0.22225415706634521
VTM-008107,DG-ea3d5480ac2e,rutile,0,1,1,0.0,0.001028922968544066,0.967404842376709,0.029507461935281754,0.002058757934719324
VTM-008109,DG-db6038ce6a44,rutile,0,1,0,0.0,0.4662395715713501,0.17091885209083557,0.10590682923793793,0.2569347620010376
VTM-008114,DG-aaacda3cb80f,rutile,0,1,1,0.0,0.17221032083034515,0.7062990665435791,0.0664730817079544,0.05501750856637955
VTM-008115,DG-ee9a87b0ab1e,rutile,0,1,1,0.0,0.0007755370461381972,0.9980961680412292,0.0009859900455921888,0.00014237045252230018
VTM-008118,DG-179cc83abdd9,rutile,0,1,1,0.7558613419532776,0.0028014429844915867,0.9592047929763794,0.02327771484851837,0.014716072008013725
VTM-008119,DG-7b2fbfb3b470,rutile,0,1,2,0.5635939240455627,0.05984790623188019,0.2804670035839081,0.5167202353477478,0.1429649144411087
VTM-008121,DG-9b82089c0d36,rutile,0,1,1,0.0,0.08218119293451309,0.7436662912368774,0.13262806832790375,0.04152444005012512
VTM-008123,DG-3a2b2e7f3eae,rutile,0,1,1,0.591477632522583,0.008982492610812187,0.5267075300216675,0.06691495329141617,0.3973950147628784
VTM-008128,DG-878648e84483,rutile,0,1,2,0.0,0.000732703076209873,0.08713957667350769,0.9075028896331787,0.004624815657734871
VTM-008134,DG-6b1d76f3953b,rutile,0,1,0,0.0,0.7564948201179504,0.20246043801307678,0.004758945666253567,0.036285825073719025
VTM-008137,DG-6e939fb9860c,rutile,0,1,1,0.773277997970581,0.0022422887850552797,0.96662437915802,0.02234266698360443,0.008790664374828339
VTM-008138,DG-93b3faa3f600,rutile,0,1,1,0.7893068790435791,0.001610066625289619,0.991142213344574,0.006583279464393854,0.0006644154782406986
VTM-008139,DG-5577989ff75e,rutile,0,1,0,0.0,0.882051408290863,0.11456319689750671,0.0013148237485438585,0.002070569433271885
VTM-008172,DG-24c14f1dbe67,rutile,0,1,1,0.7118894457817078,0.0009978641755878925,0.9249979257583618,0.00615602545440197,0.06784822046756744
VTM-008182,DG-88386d3ede84,rutile,0,1,1,0.7805458307266235,0.003564929822459817,0.9861083030700684,0.003569570370018482,0.006757181137800217
VTM-008193,DG-f84f338db424,rutile,0,1,1,0.7598564028739929,0.0020700914319604635,0.9545842409133911,0.0377480573952198,0.005597566720098257
VTM-008199,DG-39ee22dc019b,rutile,0,1,1,0.631645679473877,0.07218009233474731,0.6828093528747559,0.11446256935596466,0.13054804503917694
VTM-008203,DG-7b9753be8bc3,rutile,0,1,0,0.0,0.30480673909187317,0.29746267199516296,0.21889948844909668,0.1788310706615448
VTM-008208,DG-81d901fe141d,rutile,0,1,1,0.7840815186500549,0.004237918648868799,0.9880285859107971,0.007284136489033699,0.0004493622400332242
VTM-008212,DG-c85dbe094e7c,rutile,0,1,3,0.0,0.14983904361724854,0.27156344056129456,0.07165501266717911,0.5069425702095032
VTM-008214,DG-a867623d7bf3,rutile,0,1,1,0.0,0.002633277792483568,0.9797219634056091,0.015541900880634785,0.0021028826013207436
VTM-008215,DG-0102d7fcf1be,rutile,0,1,0,0.0,0.36601153016090393,0.2857441008090973,0.2303290069103241,0.1179153323173523
VTM-008217,DG-19c51a694216,rutile,0,1,3,0.0,0.30577123165130615,0.06927821785211563,0.09992410242557526,0.5250264406204224
VTM-008218,DG-96f1a0505965,rutile,0,1,1,0.7514888644218445,0.03729386627674103,0.9287320375442505,0.007143652066588402,0.026830414310097694
VTM-008220,DG-9b32640533f0,rutile,0,1,1,0.0,0.0593356154859066,0.7679216861724854,0.019093258306384087,0.15364938974380493
VTM-008222,DG-27ba75fc6243,rutile,0,1,1,0.0,0.0006867042393423617,0.8814114928245544,0.11748497933149338,0.00041684965253807604
VTM-008228,DG-b432c40d4a17,rutile,0,1,0,0.0,0.34884482622146606,0.31290140748023987,0.08485978841781616,0.2533939778804779
VTM-008230,DG-0ca73b4e55e0,rutile,0,1,2,0.0,0.015129763633012772,0.05337696895003319,0.799217700958252,0.1322755366563797
VTM-008231,DG-27ca6a127bd0,rutile,0,1,1,0.0,0.033842720091342926,0.5599127411842346,0.3845888078212738,0.02165573462843895
VTM-008233,DG-b998280bb8d6,rutile,0,1,1,0.0,0.000632527400739491,0.9427589178085327,0.05574079602956772,0.0008677440346218646
VTM-008239,DG-74658fb0af09,rutile,0,1,1,0.0,0.12566961348056793,0.4143073260784149,0.07692831754684448,0.38309475779533386
VTM-008241,DG-31d6b2c3f3c2,rutile,0,1,1,0.0,0.00024318827490787953,0.9932577013969421,0.0049822391010820866,0.001516891410574317
VTM-008247,DG-67d6603c8b74,rutile,0,1,3,0.0,0.15731923282146454,0.2255953848361969,0.19716711342334747,0.4199182689189911
VTM-008255,DG-71c0effa4eb1,rutile,0,1,2,0.5917035937309265,0.009663506411015987,0.31816691160202026,0.6329842805862427,0.0391852892935276
VTM-008257,DG-4f4222ac7c39,rutile,0,1,2,0.5941315293312073,0.040461402386426926,0.22510117292404175,0.6989773511886597,0.03546007722616196
VTM-008259,DG-0000aadff800,titanite,0,1,1,0.5748856067657471,0.011125950142741203,0.4310941696166992,0.17224490642547607,0.38553494215011597
VTM-008265,DG-80346a21b719,titanite,0,1,1,0.0,0.019063757732510567,0.48360103368759155,0.4030788838863373,0.09425635635852814
VTM-008267,DG-97148a3a1138,titanite,0,1,2,0.0,0.00856867991387844,0.3910660445690155,0.5671088099479675,0.03325650840997696
VTM-008268,DG-1f1b51b2208d,titanite,0,1,2,0.0,0.0002655021380633116,0.06595075130462646,0.9328770637512207,0.000906759116332978
VTM-008269,DG-222ef9355d7e,titanite,0,1,3,0.5658231377601624,0.11205551028251648,0.34940096735954285,0.17704541981220245,0.361498087644577
VTM-008271,DG-cd419831ebe5,titanite,0,1,2,0.5432745814323425,0.0018585771322250366,0.06086704879999161,0.5693998336791992,0.3678744435310364
VTM-008274,DG-81b6a2c402c7,titanite,0,1,2,0.0,0.0009584917570464313,0.24827173352241516,0.7013455033302307,0.049424249678850174
VTM-008284,DG-ecb398c84372,titanite,0,1,1,0.0,0.00011728819663403556,0.932695209980011,0.04571903869509697,0.021468427032232285
VTM-008291,DG-3c147c6380ca,titanite,0,1,1,0.6310024261474609,0.0012728534638881683,0.6721856594085693,0.2944266200065613,0.0321149006485939
VTM-008304,DG-7b2505b11a8c,titanite,0,1,2,0.0,0.006650855764746666,0.21130618453025818,0.7670981287956238,0.014944816008210182
VTM-008313,DG-835b15737272,titanite,0,1,1,0.7803446054458618,0.002355662640184164,0.9740813970565796,0.0215902142226696,0.001972741913050413
VTM-008321,DG-ce970c6214f6,titanite,0,1,1,0.605769157409668,0.11168089509010315,0.47504737973213196,0.3680136203765869,0.045258086174726486
VTM-008327,DG-8209f3f06fa1,titanite,0,1,1,0.0,0.1368870586156845,0.557548999786377,0.04345063120126724,0.2621133327484131
VTM-008336,DG-5a101a1a85a7,titanite,0,1,1,0.7483122944831848,0.00047384179197251797,0.9060814380645752,0.09240411221981049,0.0010405766079202294
VTM-008343,DG-41bf76dfa70c,titanite,0,1,1,0.0,0.0003034881374333054,0.827538013458252,0.1713428795337677,0.000815616047475487
VTM-008350,DG-5392acb588dd,titanite,0,1,2,0.5866973996162415,0.0148614551872015,0.07694968581199646,0.8858149647712708,0.022373901680111885
VTM-008353,DG-6292443cc0cd,titanite,0,1,2,0.5755937099456787,0.006447327323257923,0.07355879992246628,0.8949187994003296,0.025075016543269157
VTM-008356,DG-0e327c6c2379,titanite,0,1,2,0.6079757809638977,0.006150754168629646,0.13577762246131897,0.84958416223526,0.008487431332468987
VTM-008366,DG-2ac6d1506418,titanite,0,1,2,0.0,0.004057927522808313,0.2950459122657776,0.6904464364051819,0.010449724271893501
VTM-008371,DG-5130f7916a46,titanite,0,1,2,0.0,0.0018519805744290352,0.10404108464717865,0.8877591490745544,0.006347838789224625
VTM-008375,DG-1a27ab935ebf,titanite,0,1,1,0.0,0.01514379307627678,0.9150251150131226,0.04381556063890457,0.02601553499698639
VTM-008376,DG-b454db917c27,titanite,0,1,3,0.5652413368225098,0.07202501595020294,0.3452109098434448,0.09043365716934204,0.4923304319381714
VTM-008378,DG-eb99523592f7,titanite,0,1,1,0.7177330255508423,0.012274487875401974,0.8060608506202698,0.17518047988414764,0.006484183482825756
VTM-008381,DG-885e1f8a031a,titanite,0,1,2,0.0,0.0007994876359589398,0.28283488750457764,0.7150691151618958,0.0012964571360498667
VTM-008382,DG-a6b2518b55f4,titanite,0,1,1,0.6768646240234375,0.0031250054016709328,0.689444363117218,0.30149781703948975,0.0059328279457986355
VTM-008387,DG-0567564d711c,titanite,0,1,1,0.0,0.005695412866771221,0.8686297535896301,0.11686025559902191,0.008814571425318718
VTM-008389,DG-907c0a2749ab,titanite,0,1,1,0.7828195095062256,0.0011630672961473465,0.976404070854187,0.02169378101825714,0.000739102775696665
VTM-008398,DG-903f66f4e2a6,titanite,0,1,0,0.0,0.5539980530738831,0.3730483949184418,0.058592766523361206,0.014360769651830196
VTM-008399,DG-897b6c22dfc6,titanite,0,1,2,0.0,0.001524134655483067,0.13487942516803741,0.8540539741516113,0.009542446583509445
VTM-008406,DG-242084ca5cce,titanite,0,1,1,0.7424958944320679,0.02783070132136345,0.9096554517745972,0.02631267160177231,0.03620118647813797
VTM-008408,DG-4266166d57b4,titanite,0,1,1,0.0,0.12306032329797745,0.7572663426399231,0.09220491349697113,0.027468416839838028
VTM-008410,DG-7d2c9546bf46,titanite,0,1,1,0.7563072443008423,0.006990357302129269,0.943465530872345,0.03248799964785576,0.01705608144402504
VTM-008411,DG-186f644e3b43,titanite,0,1,2,0.6274663805961609,0.0034309057518839836,0.3062025308609009,0.6866873502731323,0.0036792096216231585
VTM-008413,DG-71d92d6bdb11,titanite,0,1,0,0.0,0.6587519645690918,0.2884805202484131,0.023370150476694107,0.02939734421670437
VTM-008424,DG-5d47435f700f,titanite,0,1,2,0.0,0.20465721189975739,0.27081039547920227,0.4331311881542206,0.09140117466449738
VTM-008437,DG-d5e78fe5540b,titanite,0,1,2,0.0,0.0010014250874519348,0.20730134844779968,0.7904801964759827,0.0012170340633019805
VTM-008444,DG-4280a4272197,titanite,0,1,0,0.0,0.5980221033096313,0.17639115452766418,0.11136044561862946,0.11422635614871979
VTM-008447,DG-66e696aa2d94,titanite,0,1,1,0.0,0.0005657861474901438,0.7986938953399658,0.19463053345680237,0.006109765265136957
VTM-008453,DG-21eaeb565517,titanite,0,1,2,0.0,0.0023839836940169334,0.2860203683376312,0.7070239186286926,0.004571756348013878
VTM-008459,DG-a4f09cf94b67,titanite,0,1,1,0.7773600816726685,0.0014789279084652662,0.966492235660553,0.02885747328400612,0.003171321004629135
VTM-008461,DG-54f50b42c07a,titanite,0,1,1,0.6863317489624023,0.0022264341823756695,0.7995150685310364,0.18489035964012146,0.013368104584515095
VTM-008463,DG-eb676519a058,titanite,0,1,2,0.0,0.001126300310716033,0.3418845236301422,0.6365463733673096,0.0204427819699049
VTM-008465,DG-a7521885b971,titanite,0,1,2,0.0,0.000963977596256882,0.4010205566883087,0.5965700149536133,0.0014454727061092854
VTM-008475,DG-0f4b629d9390,titanite,0,1,1,0.0,0.2851000726222992,0.3419117331504822,0.3240469694137573,0.04894128069281578
VTM-008476,DG-27b83318b9c2,titanite,0,1,0,0.0,0.8049821853637695,0.1260872483253479,0.01959039270877838,0.04934016242623329
VTM-008478,DG-886009190a8e,titanite,0,1,1,0.0,0.007294374983757734,0.36111560463905334,0.3009287416934967,0.33066126704216003
VTM-008479,DG-9ccfb599fd77,titanite,0,1,1,0.0,0.015249266289174557,0.49782729148864746,0.4600197374820709,0.02690373733639717
VTM-008481,DG-4a007058bcf9,titanite,0,1,1,0.0,0.008525943383574486,0.46005532145500183,0.2517582178115845,0.27966055274009705
VTM-008482,DG-1fffaf6ae75b,titanite,0,1,1,0.6834482550621033,0.023756206035614014,0.8042104244232178,0.11523005366325378,0.056803300976753235
VTM-008488,DG-cf61cbc56945,titanite,0,1,1,0.787002682685852,0.002807686571031809,0.9913672804832458,0.005127068608999252,0.0006980220205150545
VTM-008490,DG-13f68d44547b,titanite,0,1,1,0.0,0.0007099512149579823,0.8057699203491211,0.19186584651470184,0.0016543304082006216
VTM-008494,DG-b08fee62c352,titanite,0,1,1,0.5889462232589722,0.0004293726815376431,0.48860108852386475,0.43039458990097046,0.08057497441768646
VTM-008508,DG-2a1f698be405,titanite,0,1,1,0.6567310690879822,0.006116085685789585,0.7892122268676758,0.03799762949347496,0.16667406260967255
VTM-008511,DG-38b189947097,titanite,0,1,0,0.0,0.6737022399902344,0.1310129165649414,0.09601650387048721,0.09926832467317581
VTM-008536,DG-530487ff77dd,titanite,0,1,1,0.7204436659812927,0.005526433233171701,0.8937757015228271,0.07262672483921051,0.02807106077671051
VTM-008544,DG-91878df83d40,titanite,0,1,1,0.7165993452072144,0.002763627329841256,0.8667848706245422,0.11928156018257141,0.011169906705617905
VTM-008553,DG-bb4ab0ab5d05,titanite,0,1,1,0.0,0.013178621418774128,0.649829089641571,0.32984814047813416,0.007144124247133732
VTM-008554,DG-07584d91647f,titanite,0,1,1,0.0,0.08274497091770172,0.8062898516654968,0.10229751467704773,0.00866770651191473
VTM-008562,DG-37eb764293e0,titanite,0,1,1,0.7784526348114014,0.0023799999617040157,0.9822852611541748,0.0073937708511948586,0.007940996438264847
VTM-008565,DG-cdf94a34139b,titanite,0,1,1,0.0,0.0623706616461277,0.8814662098884583,0.017094260081648827,0.03906886652112007
VTM-008572,DG-fd68011a9df0,titanite,0,1,1,0.0,0.0017263987101614475,0.8232685327529907,0.1610812097787857,0.01392391324043274
VTM-008573,DG-14c183516716,titanite,0,1,1,0.683853030204773,0.0010490042623132467,0.7723871469497681,0.21982985734939575,0.00673399493098259
VTM-008574,DG-21d29ffc6ed9,titanite,0,1,1,0.0,0.0004920573555864394,0.9693307280540466,0.0255621038377285,0.004615089390426874
VTM-008578,DG-2c85111e7b4d,titanite,0,1,1,0.7450472116470337,0.00254443590529263,0.9361642003059387,0.05074940621852875,0.010541951283812523
VTM-008581,DG-defdf5c0157f,titanite,0,1,1,0.7330541014671326,0.024107608944177628,0.874342679977417,0.08736372739076614,0.014185966923832893
VTM-008593,DG-d70851100832,titanite,0,1,1,0.7220595479011536,0.014344517141580582,0.8160606026649475,0.16434800624847412,0.005246870685368776
VTM-008598,DG-1b50211ce2f4,titanite,0,1,1,0.0,0.007975141517817974,0.5616522431373596,0.41649097204208374,0.013881612569093704
VTM-008600,DG-98559e2cad9f,titanite,0,1,1,0.0,0.0020929344464093447,0.6865326762199402,0.2872077226638794,0.024166688323020935
