image_id,split_group_id,mineral_label,outer_fold,true_class_id,predicted_class_id,route,prob_0,prob_1,prob_2,prob_3
VTM-000004,DG-93711816d7a2,ilmenite,0,0,3,0.6742401719093323,0.1664290726184845,0.0708112120628357,0.0459730289876461,0.7167866230010986
VTM-000019,DG-1f6c9a170d0a,ilmenite,0,0,1,0.730002760887146,0.14410851895809174,0.8131980299949646,0.007835490629076958,0.034857943654060364
VTM-000022,DG-f06e5066d583,ilmenite,0,0,0,0.8544760942459106,0.7433925867080688,0.2405431866645813,0.0030388012528419495,0.013025433756411076
VTM-000023,DG-57c8be1f1a44,ilmenite,0,0,3,0.6082314848899841,0.0753072053194046,0.060894764959812164,0.07178502529859543,0.7920130491256714
VTM-000026,DG-0cb281befc77,ilmenite,0,0,1,0.8098297119140625,0.47333478927612305,0.47891154885292053,0.023022592067718506,0.024731092154979706
VTM-000029,DG-9f879b68f7a9,ilmenite,0,0,2,0.7344284653663635,0.3382936716079712,0.2064274251461029,0.3386499583721161,0.11662892997264862
VTM-000031,DG-d7115b5d6740,ilmenite,0,0,0,0.8590425252914429,0.9051685929298401,0.06168225407600403,0.004171794280409813,0.02897738292813301
VTM-000032,DG-a4d032ac7c43,ilmenite,0,0,3,0.7417442798614502,0.3483664095401764,0.1932397037744522,0.046147994697093964,0.41224586963653564
VTM-000033,DG-835a9a31582b,ilmenite,0,0,3,0.7002701759338379,0.2546849548816681,0.21611392498016357,0.116712287068367,0.41248881816864014
VTM-000042,DG-dd60957cc98f,ilmenite,0,0,3,0.623937726020813,0.07911841571331024,0.1939229816198349,0.21884487569332123,0.50811368227005
VTM-000053,DG-0c19a5da525e,ilmenite,0,0,1,0.6665530800819397,0.04671031981706619,0.8038105964660645,0.03435714915394783,0.11512196063995361
VTM-000054,DG-4dc01708b6c1,ilmenite,0,0,3,0.6326066255569458,0.09461526572704315,0.1971856951713562,0.03621954843401909,0.6719794869422913
VTM-000055,DG-3cad097ede55,ilmenite,0,0,1,0.7123793959617615,0.22101858258247375,0.49458712339401245,0.19222956895828247,0.09216472506523132
VTM-000059,DG-104f7493d31e,ilmenite,0,0,0,0.8564482927322388,0.952294111251831,0.014765430241823196,0.00016091426368802786,0.032779548317193985
VTM-000063,DG-a13316fbba17,ilmenite,0,0,0,0.8501326441764832,0.7404457330703735,0.23676219582557678,0.00890428014099598,0.013887771405279636
VTM-000067,DG-5e3c1a734ecf,ilmenite,0,0,1,0.7730547189712524,0.3234933614730835,0.6106233596801758,0.024490416049957275,0.04139292612671852
VTM-000071,DG-43ff4b7e71d7,ilmenite,0,0,0,0.8470187187194824,0.7557557821273804,0.04987085610628128,0.01060798205435276,0.18376536667346954
VTM-000072,DG-f00d4292aa19,ilmenite,0,0,2,0.6259584426879883,0.08903917670249939,0.22769835591316223,0.6012144684791565,0.08204799890518188
VTM-000078,DG-6cfccac709da,ilmenite,0,0,0,0.8587428331375122,0.9194464683532715,0.04838763549923897,0.008532846346497536,0.02363305538892746
VTM-000079,DG-865801959617,ilmenite,0,0,0,0.856217622756958,0.9623181819915771,0.02151041477918625,0.005108705256134272,0.011062673293054104
VTM-000081,DG-a37ea3e212b7,ilmenite,0,0,0,0.8584843873977661,0.9203253984451294,0.028013145551085472,0.003303348086774349,0.048358090221881866
VTM-000097,DG-52dbc2d87ae6,ilmenite,0,0,1,0.6591885089874268,0.025334931910037994,0.8284093141555786,0.08186230063438416,0.06439346075057983
VTM-000102,DG-8f39b68c7460,ilmenite,0,0,0,0.8403295874595642,0.7053108215332031,0.16455690562725067,0.014774221926927567,0.11535808444023132
VTM-000103,DG-edd7bbc96d6a,ilmenite,0,0,0,0.8557976484298706,0.9652793407440186,0.02245231159031391,0.0025843384210020304,0.009684012271463871
VTM-000107,DG-2643e93c71a5,ilmenite,0,0,1,0.6815467476844788,0.004647586494684219,0.9850121736526489,0.007115808315575123,0.003224434331059456
VTM-000109,DG-45cfbbb23bdc,ilmenite,0,0,0,0.8439528942108154,0.7220276594161987,0.17801564931869507,0.07640127837657928,0.023555442690849304
VTM-000114,DG-fc3a66d13a58,ilmenite,0,0,0,0.8554216623306274,0.9676070213317871,0.014615733176469803,0.0017202538438141346,0.016056980937719345
VTM-000119,DG-fb23410b9ff9,ilmenite,0,0,0,0.759774386882782,0.44521787762641907,0.11544235795736313,0.07779933512210846,0.36154046654701233
VTM-000120,DG-3e885422ff43,ilmenite,0,0,3,0.7227400541305542,0.3024795353412628,0.16231843829154968,0.12803851068019867,0.40716350078582764
VTM-000123,DG-f7048b8cdbe5,ilmenite,0,0,2,0.5946176648139954,0.017570147290825844,0.4671012759208679,0.4977732300758362,0.01755533553659916
VTM-000126,DG-c9aba633a410,ilmenite,0,0,0,0.8577343821525574,0.8591275215148926,0.06095554307103157,0.012259517796337605,0.06765740364789963
VTM-000129,DG-70edfcef8486,ilmenite,0,0,0,0.7819762229919434,0.44796574115753174,0.21185949444770813,0.2254435122013092,0.11473125219345093
VTM-000130,DG-c93fa69bd002,ilmenite,0,0,0,0.8531701564788818,0.8121119737625122,0.07546637952327728,0.011549956165254116,0.10087178647518158
VTM-000136,DG-7d68bf215ad3,ilmenite,0,0,1,0.7563616633415222,0.3260813057422638,0.396823525428772,0.0013984517427161336,0.275696724653244
VTM-000137,DG-c1aed5f668d2,ilmenite,0,0,1,0.7007297277450562,0.146597757935524,0.5758770704269409,0.011242524720728397,0.2662826180458069
VTM-000138,DG-6cfde0785f0c,ilmenite,0,0,1,0.6753805875778198,0.008360335603356361,0.9526779055595398,0.022836454212665558,0.016125349327921867
VTM-000143,DG-9af7bd61913c,ilmenite,0,0,3,0.6052308678627014,0.07074059545993805,0.1285795420408249,0.3080100417137146,0.49266982078552246
VTM-000156,DG-b07c5902c813,ilmenite,0,0,0,0.7667733430862427,0.41859501600265503,0.3280673027038574,0.17731057107448578,0.076027050614357
VTM-000164,DG-188a4021410f,ilmenite,0,0,0,0.837680995464325,0.7189764976501465,0.1979292333126068,0.06570615619421005,0.017388101667165756
VTM-000193,DG-52c3a93b717f,ilmenite,0,0,3,0.6138770580291748,0.05879891663789749,0.2992054522037506,0.2096950113773346,0.4323005974292755
VTM-000196,DG-7327ff5c7b8d,ilmenite,0,0,3,0.662108838558197,0.14798712730407715,0.06917500495910645,0.016647357493638992,0.7661905288696289
VTM-000199,DG-c725c58e3f4e,ilmenite,0,0,0,0.8429358005523682,0.7370558977127075,0.07309643924236298,0.11181838810443878,0.07802930474281311
VTM-000203,DG-c9a72486b1ef,ilmenite,0,0,0,0.8031480312347412,0.5635956525802612,0.15493431687355042,0.03447342291474342,0.24699661135673523
VTM-000212,DG-a9d34317443f,ilmenite,0,0,1,0.7550210952758789,0.2632461488246918,0.7292479872703552,0.0043635256588459015,0.0031423778273165226
VTM-000214,DG-e243cfd0a50c,ilmenite,0,0,1,0.6731011867523193,0.004125611390918493,0.8826476335525513,0.11096148937940598,0.002265246119350195
VTM-000216,DG-89f8774a7c9a,ilmenite,0,0,1,0.6774495244026184,0.06313896179199219,0.7459803819656372,0.11508616805076599,0.07579438388347626
VTM-000217,DG-aaf59fa905f6,ilmenite,0,0,2,0.5792713165283203,0.04463845491409302,0.13552437722682953,0.5865273475646973,0.233309805393219
VTM-000219,DG-90f99d0b37a9,ilmenite,0,0,1,0.6963515877723694,0.07285743951797485,0.8261059522628784,0.03553842008113861,0.06549815088510513
VTM-000226,DG-f38e353637cc,ilmenite,0,0,2,0.6574931740760803,0.1347113996744156,0.15678852796554565,0.6761358976364136,0.03236415982246399
VTM-000239,DG-eafba2c762ae,ilmenite,0,0,0,0.8499711751937866,0.7100102305412292,0.2628481388092041,0.017539041116833687,0.009602687321603298
VTM-000241,DG-0f6c6dd21429,ilmenite,0,0,1,0.8085946440696716,0.47764456272125244,0.48380571603775024,0.031233200803399086,0.007316513918340206
VTM-000247,DG-1d85bd9b85f1,ilmenite,0,0,0,0.8498767614364624,0.784270703792572,0.06304541230201721,0.08167596161365509,0.07100791484117508
VTM-000249,DG-b2860bfb1647,ilmenite,0,0,1,0.7026388645172119,0.1266598403453827,0.6974447965621948,0.02426498383283615,0.1516304314136505
VTM-000265,DG-d503d286be4e,ilmenite,0,0,0,0.8490040898323059,0.7902035713195801,0.18246306478977203,0.0011817110935226083,0.02615175023674965
VTM-000280,DG-d28666dbe553,ilmenite,0,0,0,0.8168969750404358,0.564908504486084,0.42378437519073486,0.0029998221434652805,0.008307283744215965
VTM-000282,DG-40aa4d6edc70,ilmenite,0,0,0,0.8388105630874634,0.7115299701690674,0.06333312392234802,0.014750088565051556,0.21038682758808136
VTM-000283,DG-0d5911cba632,ilmenite,0,0,0,0.8553764820098877,0.8546301126480103,0.07159856706857681,0.009958243928849697,0.06381312757730484
VTM-000285,DG-acd642196a86,ilmenite,0,0,0,0.8278618454933167,0.6578825116157532,0.18926358222961426,0.06966269761323929,0.08319117873907089
VTM-000288,DG-3587dab97d70,ilmenite,0,0,2,0.5800317525863647,0.03835195302963257,0.24248738586902618,0.6790398955345154,0.04012073948979378
VTM-000290,DG-51aa7aceda75,ilmenite,0,0,3,0.688857913017273,0.21038900315761566,0.055236831307411194,0.022440128028392792,0.7119340300559998
VTM-000294,DG-964e0d7fd6bb,ilmenite,0,0,0,0.7854807376861572,0.48670339584350586,0.09348803013563156,0.19306661188602448,0.2267419546842575
VTM-000308,DG-653233a1d69c,ilmenite,0,0,2,0.5882259011268616,0.04125151410698891,0.3230835199356079,0.5900773406028748,0.04558766633272171
VTM-000322,DG-7bd6164a6379,ilmenite,0,0,0,0.4615477919578552,0.6551069021224976,0.0327657014131546,0.011787386611104012,0.30034002661705017
VTM-000323,DG-8b1bb30dd6dc,ilmenite,0,0,1,0.6975516676902771,0.21516241133213043,0.4309343099594116,0.17411603033542633,0.179787278175354
VTM-000328,DG-b92bf0a3d3da,ilmenite,0,0,3,0.6285350918769836,0.09376339614391327,0.0507693737745285,0.1223188191652298,0.733148455619812
VTM-000340,DG-d5390af5bbbe,magnetite,0,0,0,0.8536644577980042,0.8108713030815125,0.10643602907657623,0.06321606785058975,0.019476652145385742
VTM-000342,DG-3d91fefd53d4,magnetite,0,0,0,0.679225742816925,0.7662975788116455,0.08110428601503372,0.07262364029884338,0.07997447997331619
VTM-000349,DG-7481d8c0d8a5,magnetite,0,0,0,0.8287385702133179,0.6519107818603516,0.1744052767753601,0.0669085681438446,0.10677541792392731
VTM-000362,DG-a03abcd13fa1,magnetite,0,0,0,0.8051794767379761,0.4840700030326843,0.45874303579330444,0.0160155538469553,0.04117137938737869
VTM-000365,DG-403301c9b56e,magnetite,0,0,0,0.8340830206871033,0.6788005828857422,0.06253480911254883,0.018429700285196304,0.24023495614528656
VTM-000368,DG-5ec9d3b3f9d9,magnetite,0,0,3,0.5617191791534424,0.013056915253400803,0.24663046002388,0.3146313428878784,0.42568129301071167
VTM-000403,DG-6365ef6796fd,magnetite,0,0,0,0.8602862358093262,0.8750705718994141,0.1085064485669136,0.0029988533351570368,0.013424147851765156
VTM-000407,DG-b34933b09131,magnetite,0,0,0,0.8605343103408813,0.8778047561645508,0.11180473864078522,0.002907652873545885,0.007482914254069328
VTM-000408,DG-33df6424b3d6,magnetite,0,0,0,0.8590579628944397,0.9354345202445984,0.04560330882668495,0.0012822357239201665,0.017679940909147263
VTM-000419,DG-d335465b98d0,magnetite,0,0,1,0.7672497630119324,0.37651780247688293,0.49980244040489197,0.0651506781578064,0.05852906405925751
VTM-000420,DG-bea3245792a5,magnetite,0,0,0,0.849070131778717,0.7664404511451721,0.21083909273147583,0.004839231260120869,0.017881203442811966
VTM-000421,DG-74bfd6871e69,magnetite,0,0,0,0.8277038335800171,0.6639041900634766,0.16975808143615723,0.06669193506240845,0.09964588284492493
VTM-000424,DG-bf000ef4445e,magnetite,0,0,0,0.8556934595108032,0.9743096828460693,0.012351463548839092,0.0006747317383997142,0.012664150446653366
VTM-000425,DG-255b8042624f,magnetite,0,0,0,0.8054908514022827,0.5693369507789612,0.09451980888843536,0.13478372991085052,0.20135949552059174
VTM-000433,DG-c8fe44598de6,magnetite,0,0,1,0.6842586398124695,0.00323875667527318,0.9870428442955017,0.008173039183020592,0.0015453915111720562
VTM-000449,DG-f157fe6a84d8,magnetite,0,0,1,0.665539026260376,0.004128796048462391,0.9664978981018066,0.01457749679684639,0.014795800670981407
VTM-000453,DG-151237aade76,magnetite,0,0,1,0.7736057043075562,0.30449146032333374,0.5938175916671753,0.05786510184407234,0.04382580518722534
VTM-000457,DG-da2371bedc70,magnetite,0,0,0,0.8542018532752991,0.8205117583274841,0.06397075206041336,0.0017273012781515718,0.11379016190767288
VTM-000459,DG-8f86ca807d93,magnetite,0,0,0,0.8589914441108704,0.8299763798713684,0.15777838230133057,0.004526127129793167,0.007719102781265974
VTM-000461,DG-bd4555044da8,magnetite,0,0,0,0.7879699468612671,0.47315365076065063,0.3079068064689636,0.12869174778461456,0.09024782478809357
VTM-000464,DG-2d7adf4c3825,magnetite,0,0,1,0.6217379570007324,0.007795930840075016,0.8056548833847046,0.05853761360049248,0.1280115395784378
VTM-000465,DG-5d8be5aba542,magnetite,0,0,0,0.7388744354248047,0.6430328488349915,0.17817556858062744,0.006264398340135813,0.1725272387266159
VTM-000469,DG-55628b24d169,magnetite,0,0,0,0.8159130215644836,0.6169933080673218,0.17269045114517212,0.016577737405896187,0.1937384456396103
VTM-000475,DG-8ccebb8113c3,magnetite,0,0,0,0.8228889107704163,0.5706661939620972,0.3611372709274292,0.013014854863286018,0.05518171191215515
VTM-000482,DG-252e52464d94,magnetite,0,0,1,0.768998920917511,0.32138946652412415,0.5543911457061768,0.01572120562195778,0.10849820077419281
VTM-000484,DG-f6cdfd76d655,magnetite,0,0,0,0.856229305267334,0.822333812713623,0.09418985247612,0.048746801912784576,0.03472958877682686
VTM-000485,DG-139309e9779f,magnetite,0,0,1,0.7164519429206848,0.14944177865982056,0.7366264462471008,0.06066921353340149,0.05326255410909653
VTM-000487,DG-fa21589d0eae,magnetite,0,0,2,0.6608445048332214,0.17986977100372314,0.22956115007400513,0.35991859436035156,0.23065045475959778
VTM-000488,DG-4c58be6039ce,magnetite,0,0,3,0.7358993291854858,0.3330078721046448,0.15708155930042267,0.03557157516479492,0.47433900833129883
VTM-000494,DG-2a5290c5d7d8,magnetite,0,0,0,0.8592279553413391,0.9194557666778564,0.0515737421810627,0.003023043740540743,0.025947414338588715
VTM-000498,DG-d0d8d1193f14,magnetite,0,0,0,0.8595932722091675,0.8908545970916748,0.0644024908542633,0.03521670773625374,0.009526214562356472
VTM-000503,DG-572766d5cc60,magnetite,0,0,3,0.654556930065155,0.13161563873291016,0.17309892177581787,0.08853098750114441,0.6067544221878052
VTM-000508,DG-2db55b805efd,magnetite,0,0,1,0.7880327105522156,0.41969525814056396,0.4967365860939026,0.014653477817773819,0.06891470402479172
VTM-000509,DG-c4c2974889e2,magnetite,0,0,0,0.8563150763511658,0.9696497321128845,0.013231538236141205,0.0011897762306034565,0.0159289613366127
VTM-000518,DG-85333005c1cb,magnetite,0,0,0,0.7332504391670227,0.3616078197956085,0.15706254541873932,0.3330143690109253,0.1483152210712433
VTM-000521,DG-a364591e5a94,magnetite,0,0,0,0.8587620854377747,0.9352321028709412,0.05425674468278885,0.0005595381371676922,0.009951592423021793
VTM-000528,DG-5c4892601427,magnetite,0,0,1,0.7026188373565674,0.23617646098136902,0.41476956009864807,0.08582986146211624,0.2632240653038025
VTM-000531,DG-f79e95555def,magnetite,0,0,0,0.7928146719932556,0.5099101066589355,0.31322070956230164,0.03621727228164673,0.1406518667936325
VTM-000533,DG-13e216bf967a,magnetite,0,0,0,0.8605324625968933,0.8905851244926453,0.0949152261018753,0.007785427384078503,0.006714227609336376
VTM-000541,DG-ac65b778544d,magnetite,0,0,1,0.7005318999290466,0.04495597630739212,0.9197221994400024,0.026051299646496773,0.009270548820495605
VTM-000542,DG-abef6c79e38a,magnetite,0,0,3,0.6476834416389465,0.13095510005950928,0.3094334006309509,0.0662773847579956,0.4933341443538666
VTM-000543,DG-8637f69df099,magnetite,0,0,0,0.8234670162200928,0.5543497204780579,0.4276033043861389,0.012466587126255035,0.005580367520451546
VTM-000550,DG-d6c4964bebe0,magnetite,0,0,3,0.7389204502105713,0.32135236263275146,0.06101721525192261,0.05482853204011917,0.5628018379211426
VTM-000554,DG-d69aeb666d37,magnetite,0,0,0,0.8061566352844238,0.5568393468856812,0.16828955709934235,0.04852864518761635,0.22634246945381165
VTM-000560,DG-f8b487ada0f0,magnetite,0,0,3,0.681261420249939,0.19178982079029083,0.18928031623363495,0.0881742388010025,0.5307556390762329
VTM-000561,DG-90ed9625cbcc,magnetite,0,0,1,0.6658225655555725,0.14669519662857056,0.3545394837856293,0.2047557234764099,0.29400962591171265
VTM-000566,DG-88a8c17089a3,magnetite,0,0,0,0.8297008872032166,0.658256471157074,0.12064853310585022,0.020372016355395317,0.2007230520248413
VTM-000571,DG-badeafbc76d2,magnetite,0,0,0,0.8084754347801208,0.5452382564544678,0.28604358434677124,0.052985433489084244,0.11573273688554764
VTM-000582,DG-0ee8078237dd,magnetite,0,0,1,0.7570323944091797,0.24650728702545166,0.7219060063362122,0.008177336305379868,0.023409400135278702
VTM-000584,DG-f734cca44fe3,magnetite,0,0,0,0.8532835245132446,0.7892379760742188,0.16270411014556885,0.015552720054984093,0.03250517323613167
VTM-000590,DG-c990436be263,magnetite,0,0,0,0.8583900332450867,0.8639057278633118,0.06262877583503723,0.0045463466085493565,0.06891917437314987
VTM-000601,DG-939340a3be9e,magnetite,0,0,0,0.8564012050628662,0.8373916745185852,0.07529264688491821,0.04935849457979202,0.037957172840833664
VTM-000607,DG-99ee770e1ec4,magnetite,0,0,0,0.8241344094276428,0.5923837423324585,0.3253757357597351,0.00764841353520751,0.07459209859371185
VTM-000616,DG-8627d5243277,magnetite,0,0,0,0.85553377866745,0.822021484375,0.1288827359676361,0.02834051474928856,0.020755330100655556
VTM-000632,DG-106e1814764b,magnetite,0,0,0,0.8519505262374878,0.7961496114730835,0.06637945771217346,0.01973584294319153,0.11773510277271271
VTM-000635,DG-0a7197b1c473,magnetite,0,0,2,0.5578745603561401,0.023241665214300156,0.13424217700958252,0.8071652054786682,0.035350970923900604
VTM-000644,DG-5f2a9cfc90f1,magnetite,0,0,0,0.6728238463401794,0.4174049198627472,0.3630766272544861,0.1231040358543396,0.09641443938016891
VTM-000645,DG-1e092660f768,magnetite,0,0,0,0.7552788257598877,0.44918593764305115,0.222069650888443,0.23174534738063812,0.09699907153844833
VTM-000651,DG-9619aff54888,magnetite,0,0,0,0.8342508673667908,0.6829010844230652,0.10283315181732178,0.026790959760546684,0.1874748170375824
VTM-000654,DG-870455a260e3,magnetite,0,0,3,0.7304561138153076,0.2561340630054474,0.22676098346710205,0.037812914699316025,0.4792920649051666
VTM-000660,DG-ad58ef2bbda3,magnetite,0,0,1,0.7717007398605347,0.385367214679718,0.4678901433944702,0.09369859099388123,0.053043998777866364
VTM-000666,DG-42d073c596a6,magnetite,0,0,1,0.6701762080192566,0.05311606079339981,0.7496373057365417,0.15399563312530518,0.043250955641269684
VTM-000675,DG-a74f36131fe6,magnetite,0,0,3,0.5915820002555847,0.026017392054200172,0.051038749516010284,0.1991812288761139,0.7237626910209656
VTM-000681,DG-35c7c8b5abb3,magnetite,0,0,0,0.8579263091087341,0.9515969157218933,0.043198246508836746,0.0020968883763998747,0.003107980126515031
VTM-000695,DG-23db2eab5a9a,magnetite,0,0,0,0.8227291107177734,0.613857626914978,0.28052231669425964,0.07288533449172974,0.032734718173742294
VTM-000710,DG-73f5251f3a0d,magnetite,0,0,0,0.8544887900352478,0.770613968372345,0.19882266223430634,0.01237253937870264,0.018190845847129822
VTM-000711,DG-94a4562acff5,magnetite,0,0,0,0.8588919639587402,0.9269697070121765,0.06418740749359131,0.0005117185646668077,0.008331208489835262
VTM-000713,DG-e7526efc7838,magnetite,0,0,0,0.8347238302230835,0.6459055542945862,0.2632952630519867,0.035873185843229294,0.0549260713160038
VTM-000719,DG-4b0e141be02b,magnetite,0,0,1,0.7036005854606628,0.08247176557779312,0.8642011880874634,0.015247819945216179,0.03807920217514038
VTM-000723,DG-511bc90a21cd,magnetite,0,0,0,0.8474923968315125,0.7584936022758484,0.09473340213298798,0.0077420552261173725,0.13903094828128815
VTM-000734,DG-7943e07eda8b,magnetite,0,0,3,0.5947669744491577,0.012388881295919418,0.00197043945081532,0.02059892937541008,0.9650417566299438
VTM-000738,DG-acfec52406c0,magnetite,0,0,1,0.7607825994491577,0.21542805433273315,0.7740722894668579,0.008284631185233593,0.0022150613367557526
VTM-000744,DG-51c20dbdad13,magnetite,0,0,0,0.8324286341667175,0.6758868098258972,0.2646961212158203,0.005982750561088324,0.053434330970048904
VTM-000749,DG-9d6f8b7cd056,magnetite,0,0,0,0.8515227437019348,0.7820174694061279,0.1188371554017067,0.031200814992189407,0.06794457137584686
VTM-000751,DG-3d9dc0979618,magnetite,0,0,1,0.756259560585022,0.3530900478363037,0.4979696273803711,0.07344602048397064,0.07549430429935455
VTM-000753,DG-7598f8d56a09,magnetite,0,0,0,0.8435013890266418,0.6694718599319458,0.26629769802093506,0.004069002345204353,0.060161489993333817
VTM-000754,DG-a5308d80eb1e,magnetite,0,0,2,0.5201778411865234,0.0006336510414257646,0.03734826296567917,0.9595816731452942,0.002436438575387001
VTM-000764,DG-f1908d5df853,magnetite,0,0,0,0.849496066570282,0.7739046812057495,0.12264618277549744,0.05602695047855377,0.04742223769426346
VTM-000765,DG-3ce0b36731d7,magnetite,0,0,0,0.8603746294975281,0.8905982971191406,0.08627571910619736,0.011065483093261719,0.012060466222465038
VTM-000767,DG-b58c9f9e67a7,magnetite,0,0,0,0.5978848338127136,0.7203754186630249,0.265672504901886,0.0033264178782701492,0.01062563993036747
VTM-000770,DG-ddef072441c7,magnetite,0,0,1,0.6633668541908264,0.025334155187010765,0.853097677230835,0.011371063068509102,0.11019708216190338
VTM-000774,DG-4344ec37eaf0,magnetite,0,0,0,0.8111968636512756,0.5581021308898926,0.31136462092399597,0.060439299792051315,0.07009398937225342
VTM-000782,DG-c2d5781a014e,magnetite,0,0,1,0.6819289922714233,0.008103834465146065,0.9704355001449585,0.015750326216220856,0.00571031030267477
VTM-000785,DG-63c201539c7b,magnetite,0,0,3,0.5818189382553101,0.02189643308520317,0.23698359727859497,0.2104686200618744,0.530651330947876
VTM-000801,DG-e9839908fe36,magnetite,0,0,1,0.7048551440238953,0.19462260603904724,0.48531803488731384,0.10516230762004852,0.2148970514535904
VTM-000803,DG-9a9234085770,magnetite,0,0,0,0.7724650502204895,0.4493037462234497,0.3104885220527649,0.14238068461418152,0.09782704710960388
VTM-000804,DG-36f41fac9a42,magnetite,0,0,0,0.8197643756866455,0.7980771064758301,0.1229538768529892,0.026173412799835205,0.052795663475990295
VTM-000811,DG-1220f8569f0c,magnetite,0,0,0,0.793308675289154,0.5293926000595093,0.2078547477722168,0.0639069452881813,0.19884565472602844
VTM-000821,DG-1057be1a7c8a,magnetite,0,0,0,0.8501232266426086,0.9954537749290466,0.0019548453856259584,7.065547106321901e-05,0.00252067600376904
VTM-000828,DG-7c561f5d11ca,magnetite,0,0,1,0.6763651967048645,0.020505746826529503,0.9089899063110352,0.027205783873796463,0.04329860955476761
VTM-000843,DG-6efd90c3e13c,magnetite,0,0,0,0.838833212852478,0.669033408164978,0.2649816572666168,0.03265697881579399,0.03332803025841713
VTM-000846,DG-df1c722de400,magnetite,0,0,0,0.8171677589416504,0.5656949281692505,0.24766793847084045,0.1067517101764679,0.07988543808460236
VTM-000855,DG-bd37ade00a53,magnetite,0,0,3,0.6859034895896912,0.1711241453886032,0.018321562558412552,0.005390109959989786,0.805164098739624
VTM-000874,DG-a7d122d49764,magnetite,0,0,0,0.8550231456756592,0.9681088328361511,0.028451766818761826,0.0006891529774293303,0.002750299870967865
VTM-000876,DG-1f9b1f9113dd,magnetite,0,0,0,0.8577490448951721,0.941109836101532,0.030790146440267563,0.00597746716812253,0.022122539579868317
VTM-000879,DG-3d7eadac6d8d,magnetite,0,0,0,0.8470076322555542,0.7469117045402527,0.19987288117408752,0.020915409550070763,0.032300032675266266
VTM-000893,DG-dfe6d03394c5,magnetite,0,0,3,0.7267385721206665,0.30472591519355774,0.134169340133667,0.02158140204846859,0.5395233631134033
VTM-000896,DG-031f3b0c48c1,magnetite,0,0,3,0.6199110746383667,0.07070779800415039,0.08443436771631241,0.2265183925628662,0.618339478969574
VTM-000904,DG-07ad539d2e2a,magnetite,0,0,0,0.8450465202331543,0.7343927025794983,0.165612131357193,0.04449599236249924,0.05549916997551918
VTM-000906,DG-fe30e68f161c,magnetite,0,0,1,0.6661349534988403,0.05541204288601875,0.7185268402099609,0.17277923226356506,0.05328191816806793
VTM-000911,DG-fcd10f6fe6ef,magnetite,0,0,2,0.6323574185371399,0.09441277384757996,0.3764464855194092,0.460286408662796,0.06885436177253723
VTM-000912,DG-06fccb2adcda,magnetite,0,0,1,0.67388916015625,0.17400847375392914,0.4133923053741455,0.18572330474853516,0.22687596082687378
VTM-000915,DG-2e391d98d6b0,magnetite,0,0,0,0.8390821218490601,0.7231851816177368,0.16459119319915771,0.03091508522629738,0.08130861818790436
VTM-000916,DG-c36987988ec5,magnetite,0,0,0,0.8466896414756775,0.7582436800003052,0.1477227509021759,0.0164402574300766,0.07759333401918411
VTM-000917,DG-7e4620e7d677,magnetite,0,0,2,0.6269716024398804,0.09417785704135895,0.29247865080833435,0.5111485123634338,0.10219492018222809
VTM-000919,DG-e093a55c5608,magnetite,0,0,3,0.7670341730117798,0.3952804207801819,0.17517299950122833,0.006797952577471733,0.4227486550807953
VTM-000925,DG-7bde1cba2701,magnetite,0,0,0,0.8203561902046204,0.6164095401763916,0.18649256229400635,0.12639568746089935,0.07070225477218628
VTM-000926,DG-42e9164b4f2a,magnetite,0,0,0,0.8573037385940552,0.8442562222480774,0.10623007267713547,0.0032116069924086332,0.046302106231451035
VTM-000927,DG-2d91e78bf98a,magnetite,0,0,1,0.7749577760696411,0.36204028129577637,0.5594290494918823,0.010056870989501476,0.06847379356622696
VTM-000930,DG-a39cd1739153,magnetite,0,0,0,0.8492113947868347,0.7721145749092102,0.07848627865314484,0.010676104575395584,0.13872303068637848
VTM-000931,DG-b8e13ca0cc72,magnetite,0,0,0,0.8600174188613892,0.87880539894104,0.08214376866817474,0.007723646238446236,0.031327199190855026
VTM-000937,DG-0f89ce89ad6d,magnetite,0,0,1,0.717585027217865,0.26624077558517456,0.42091071605682373,0.08544588088989258,0.22740265727043152
VTM-000940,DG-dcc3ee1f5386,magnetite,0,0,0,0.7819950580596924,0.48525968194007874,0.13332335650920868,0.08575433492660522,0.29566264152526855
VTM-000942,DG-ce8e860c69dd,magnetite,0,0,0,0.8276498913764954,0.6053202152252197,0.27220362424850464,0.02124798484146595,0.10122820734977722
VTM-000961,DG-e0491f2bf943,magnetite,0,0,1,0.5924152731895447,0.4607468247413635,0.4899516701698303,0.011962922289967537,0.03733854740858078
VTM-000964,DG-bf33035fb162,magnetite,0,0,0,0.8579710125923157,0.8423056602478027,0.10736590623855591,0.010524761863052845,0.03980359435081482
VTM-000966,DG-3901d27052ca,magnetite,0,0,0,0.8595871925354004,0.9022419452667236,0.05194765329360962,0.00526427710428834,0.04054611921310425
VTM-000969,DG-ce6c2900638e,magnetite,0,0,0,0.8347875475883484,0.6433272957801819,0.3043726980686188,0.00900005828589201,0.04329999163746834
VTM-000970,DG-444b324739f5,magnetite,0,0,0,0.7745290398597717,0.44359880685806274,0.1340334266424179,0.07203497737646103,0.3503328561782837
VTM-000973,DG-0b135def70f5,magnetite,0,0,0,0.8425794243812561,0.7307117581367493,0.05307870730757713,0.011565329506993294,0.20464417338371277
VTM-000975,DG-322e5cd29fe8,magnetite,0,0,0,0.8169718980789185,0.60875403881073,0.06975273787975311,0.12517049908638,0.1963227391242981
VTM-000981,DG-7618d529f7f5,magnetite,0,0,1,0.6502532958984375,0.07117869704961777,0.5281708836555481,0.3892167806625366,0.011433668434619904
VTM-000987,DG-903f97fc0367,magnetite,0,0,1,0.807569682598114,0.46124517917633057,0.5109941363334656,0.011530389077961445,0.016230300068855286
VTM-000993,DG-fdfa7c7266b9,magnetite,0,0,1,0.7151308655738831,0.23741871118545532,0.5006218552589417,0.1132926344871521,0.1486668437719345
VTM-000999,DG-d9cb3882af34,magnetite,0,0,0,0.8583303093910217,0.8830640316009521,0.06616340577602386,0.002344875829294324,0.048427678644657135
VTM-001012,DG-2c6dec8ca7f9,magnetite,0,0,1,0.6219289898872375,0.06737715005874634,0.35484880208969116,0.27636730670928955,0.30140674114227295
VTM-001019,DG-7bd1b6bc7ec6,magnetite,0,0,0,0.8315040469169617,0.7261349558830261,0.1346064656972885,0.01396344043314457,0.12529516220092773
VTM-001021,DG-5aa237ea1fa2,magnetite,0,0,2,0.6930847764015198,0.2147437334060669,0.04850450158119202,0.5166887044906616,0.22006312012672424
VTM-001029,DG-9033b8dfa588,magnetite,0,0,0,0.8521755933761597,0.8018087148666382,0.08352292329072952,0.032346487045288086,0.08232192695140839
VTM-001040,DG-c6c321e98c34,magnetite,0,0,0,0.7336381673812866,0.3473116159439087,0.2743474543094635,0.18381519615650177,0.19452571868896484
VTM-001041,DG-e50d9188d429,magnetite,0,0,1,0.674812912940979,0.47367000579833984,0.48337307572364807,0.010334589518606663,0.03262234479188919
VTM-001042,DG-c37b534b6448,magnetite,0,0,1,0.7031589150428772,0.04204409942030907,0.9508320093154907,0.004211653023958206,0.0029122596606612206
VTM-001048,DG-294a75101264,magnetite,0,0,1,0.7695781588554382,0.40944331884384155,0.41584327816963196,0.15698659420013428,0.017726799473166466
VTM-001049,DG-fd9699cff34d,magnetite,0,0,1,0.7050135731697083,0.27534037828445435,0.36948198080062866,0.22638145089149475,0.12879620492458344
VTM-001056,DG-ba5ec5b88c08,magnetite,0,0,1,0.7078240513801575,0.11000806093215942,0.7874885201454163,0.017908357083797455,0.08459502458572388
VTM-001057,DG-21ea50fc5028,magnetite,0,0,0,0.8358992338180542,0.668102502822876,0.26071369647979736,0.04121534526348114,0.029968449845910072
VTM-001067,DG-f54efc24a0ef,magnetite,0,0,0,0.8320951461791992,0.6656610369682312,0.09887958317995071,0.03913325443863869,0.1963261365890503
VTM-001069,DG-062abef62047,magnetite,0,0,1,0.7592138648033142,0.257049560546875,0.7162671685218811,0.008624011650681496,0.018059246242046356
VTM-001070,DG-02185085c8ae,magnetite,0,0,1,0.736545741558075,0.21729305386543274,0.6325194835662842,0.02078971639275551,0.12939776480197906
VTM-001071,DG-87a01d60685b,magnetite,0,0,0,0.8053827881813049,0.5509729981422424,0.14755162596702576,0.048169251531362534,0.253306120634079
VTM-001080,DG-2ced1c21c3c2,magnetite,0,0,0,0.830808162689209,0.8446207046508789,0.04655766859650612,0.0008364369859918952,0.10798515379428864
VTM-001084,DG-0e9d9a99571e,magnetite,0,0,0,0.8584426641464233,0.8306354284286499,0.14511241018772125,0.004262874834239483,0.019989317283034325
VTM-001090,DG-42ea8e76a008,magnetite,0,0,0,0.7439988851547241,0.40510091185569763,0.1163753941655159,0.1329122930765152,0.34561142325401306
VTM-001095,DG-caaccc43116b,magnetite,0,0,0,0.8582471609115601,0.8678627014160156,0.05723010376095772,0.027336277067661285,0.0475708544254303
VTM-001101,DG-308848cdb01d,magnetite,0,0,1,0.7724601030349731,0.3727653920650482,0.42727336287498474,0.04723094776272774,0.1527303010225296
VTM-001103,DG-48b1b8c499c8,magnetite,0,0,1,0.7528774738311768,0.3156886696815491,0.4858609735965729,0.07978852093219757,0.11866184324026108
VTM-001105,DG-a4f589be876a,magnetite,0,0,0,0.8382685780525208,0.7009454965591431,0.17478327453136444,0.003252216847613454,0.12101902067661285
VTM-001106,DG-875f97ea9cfa,magnetite,0,0,1,0.7976610660552979,0.45213282108306885,0.4914327561855316,0.008760230615735054,0.047674182802438736
VTM-001107,DG-ceb789ebbe88,magnetite,0,0,0,0.7524561285972595,0.39820095896720886,0.17056089639663696,0.25354430079460144,0.17769384384155273
VTM-001111,DG-25ca3871af31,magnetite,0,0,1,0.7443897724151611,0.24884271621704102,0.6360528469085693,0.024237334728240967,0.09086712449789047
VTM-001113,DG-301aafd99b38,magnetite,0,0,0,0.7708710432052612,0.42804449796676636,0.3291158676147461,0.13671766221523285,0.1061219573020935
VTM-001120,DG-0dacad7f7ee9,magnetite,0,0,2,0.5762286186218262,0.013030899688601494,0.2556241452693939,0.7263364195823669,0.0050084819085896015
VTM-001130,DG-c5a6af6065c0,magnetite,0,0,1,0.6325197219848633,0.051936596632003784,0.5939254760742188,0.18794825673103333,0.16618968546390533
VTM-001143,DG-32261429f75b,magnetite,0,0,0,0.8079147338867188,0.5646563768386841,0.08960927277803421,0.10521044582128525,0.24052393436431885
VTM-001152,DG-b4000b2fa9fc,magnetite,0,0,0,0.8111503720283508,0.5331428647041321,0.37044090032577515,0.032589200884103775,0.06382708996534348
VTM-001156,DG-634890ede108,magnetite,0,0,0,0.8432444334030151,0.7303667068481445,0.16978509724140167,0.03272567316889763,0.06712252646684647
VTM-001158,DG-1de4dc8fec97,magnetite,0,0,1,0.8000637292861938,0.4239678382873535,0.5520010590553284,0.015328200533986092,0.008702908642590046
VTM-001161,DG-c57e59035121,magnetite,0,0,0,0.8199309706687927,0.5882378816604614,0.34519124031066895,0.04216938838362694,0.024401547387242317
VTM-001165,DG-2f609435c786,magnetite,0,0,1,0.7095719575881958,0.18211041390895844,0.5786701440811157,0.028605546802282333,0.2106139063835144
VTM-001166,DG-ff39aa7ef84a,magnetite,0,0,0,0.8585621118545532,0.9420558214187622,0.03620033711194992,0.008171304129064083,0.013572534546256065
VTM-001175,DG-fdd72133346b,magnetite,0,0,3,0.5729951858520508,0.01860084757208824,0.028290411457419395,0.026168979704380035,0.926939845085144
VTM-001181,DG-cd17d016b4ae,magnetite,0,0,3,0.6652258634567261,0.13588759303092957,0.058700546622276306,0.11175834387540817,0.6936534643173218
VTM-001188,DG-f6f8d37839ed,magnetite,0,0,3,0.685576319694519,0.2208947241306305,0.17802900075912476,0.24319550395011902,0.3578808307647705
VTM-001193,DG-be73f8e30ba1,magnetite,0,0,0,0.856045663356781,0.9712397456169128,0.009590791538357735,0.00243959273211658,0.016729848459362984
VTM-001194,DG-d745a36f7dc6,magnetite,0,0,1,0.6216674447059631,0.001097857253625989,0.9441285133361816,0.013504788279533386,0.04126885533332825
VTM-001200,DG-99702ce55314,magnetite,0,0,0,0.8578281402587891,0.8523356914520264,0.06757637858390808,0.024537278339266777,0.055550672113895416
VTM-001202,DG-adfa41dcb198,magnetite,0,0,0,0.8595300912857056,0.8780795931816101,0.07455097138881683,0.004215146880596876,0.04315432906150818
VTM-001203,DG-7c411471435c,magnetite,0,0,0,0.8596469163894653,0.9255192875862122,0.06558692455291748,0.003744417568668723,0.005149258300662041
VTM-001205,DG-6c53e1e8d2d1,magnetite,0,0,0,0.8575204610824585,0.8540273308753967,0.058319684118032455,0.03361048176884651,0.05404253304004669
VTM-001206,DG-1b0ed4f60c4e,magnetite,0,0,1,0.7172578573226929,0.1977880895137787,0.5740525126457214,0.15591034293174744,0.07224907726049423
VTM-001208,DG-85edd83dff71,magnetite,0,0,0,0.8553220629692078,0.7999582290649414,0.15208783745765686,0.02082636021077633,0.02712760679423809
VTM-001211,DG-d3bcaed802ae,magnetite,0,0,0,0.8484850525856018,0.7739948630332947,0.038832101970911026,0.008920428343117237,0.1782526671886444
VTM-001212,DG-993fdf7feb7f,magnetite,0,0,0,0.8563559651374817,0.9428422451019287,0.009323928505182266,0.0010627610608935356,0.0467710867524147
VTM-001213,DG-c08d45836fcd,magnetite,0,0,1,0.6942122578620911,0.07529212534427643,0.814623236656189,0.07333886623382568,0.03674580529332161
VTM-001220,DG-b6e02e6a5f5e,magnetite,0,0,3,0.6015067100524902,0.04563193768262863,0.0171548742800951,0.0287042073905468,0.9085090160369873
VTM-001233,DG-6c42bba1681b,magnetite,0,0,2,0.653918981552124,0.1530964970588684,0.17183329164981842,0.5354170799255371,0.13965313136577606
VTM-001238,DG-cc1498d4b189,magnetite,0,0,0,0.8372114896774292,0.7026868462562561,0.1343679130077362,0.1313973069190979,0.03154795616865158
VTM-001242,DG-40ce2a937e56,magnetite,0,0,0,0.7489818930625916,0.36639511585235596,0.20731033384799957,0.12271678447723389,0.30357784032821655
VTM-001252,DG-77a24993f0c3,magnetite,0,0,0,0.8567695021629333,0.8046198487281799,0.16600576043128967,0.015171929262578487,0.014202414080500603
VTM-001253,DG-06bfd56e789a,magnetite,0,0,1,0.6989730596542358,0.11038869619369507,0.6890383362770081,0.026424314826726913,0.17414861917495728
VTM-001259,DG-0cea73103dae,magnetite,0,0,0,0.7349740266799927,0.5547358393669128,0.4173619747161865,0.0027345737908035517,0.02516765147447586
VTM-001278,DG-83b2d732c7e4,magnetite,0,0,1,0.7882549166679382,0.4123912751674652,0.4777555465698242,0.018998196348547935,0.09085502475500107
VTM-001279,DG-1b3bc4362fe0,magnetite,0,0,1,0.758968710899353,0.2343473732471466,0.7461844086647034,0.0033976580016314983,0.016070570796728134
VTM-001297,DG-8c0c76db7f0b,magnetite,0,0,0,0.5583118796348572,0.7749682664871216,0.12169677019119263,0.0033550679218024015,0.0999799370765686
VTM-001305,DG-ad49a9cbae05,magnetite,0,0,0,0.7711110711097717,0.42688512802124023,0.22620025277137756,0.10423015803098679,0.2426845133304596
VTM-001311,DG-1936b5493f0b,magnetite,0,0,1,0.7264265418052673,0.16781391203403473,0.6695817708969116,0.1289711594581604,0.03363317996263504
VTM-001314,DG-b7f859fcb495,magnetite,0,0,2,0.717735230922699,0.23685424029827118,0.02134629338979721,0.4500165581703186,0.2917829155921936
VTM-001316,DG-b041bd5a4223,magnetite,0,0,0,0.8564609885215759,0.9690045714378357,0.017473546788096428,0.004490085877478123,0.009031765162944794
VTM-001320,DG-ca6a621c508b,magnetite,0,0,0,0.7934839129447937,0.5001407265663147,0.1841367930173874,0.04476003348827362,0.2709624469280243
VTM-001321,DG-e7411971efd2,magnetite,0,0,1,0.7912096977233887,0.39933037757873535,0.5322785973548889,0.02569318190217018,0.04269788786768913
VTM-001327,DG-642c9a4e12c8,magnetite,0,0,0,0.7825100421905518,0.46399182081222534,0.1359703540802002,0.04007257521152496,0.3599652945995331
VTM-001328,DG-a9437641f549,magnetite,0,0,1,0.6328588128089905,0.006668464746326208,0.8588455319404602,0.10299742966890335,0.0314885750412941
VTM-001330,DG-cb2866ff68c8,magnetite,0,0,1,0.6614183783531189,0.030304905027151108,0.8045759201049805,0.09569056332111359,0.06942860782146454
VTM-001334,DG-a4546bbfbf01,magnetite,0,0,1,0.7463427186012268,0.24963295459747314,0.7158434987068176,0.0162995345890522,0.018224000930786133
VTM-001335,DG-72c75b0d27f5,magnetite,0,0,0,0.8025836944580078,0.5050144195556641,0.35726413130760193,0.06925222277641296,0.06846927851438522
VTM-001338,DG-05fbe6d202fc,magnetite,0,0,0,0.8380968570709229,0.7100924849510193,0.2171012908220291,0.039068080484867096,0.03373817726969719
VTM-001339,DG-ed71d5eca4be,magnetite,0,0,0,0.8593824505805969,0.9328245520591736,0.05378229543566704,0.006796215660870075,0.006596922874450684
VTM-001344,DG-81a4fee94b84,magnetite,0,0,0,0.8477861285209656,0.7096691131591797,0.25344109535217285,0.0011258538579568267,0.035763949155807495
VTM-001345,DG-dc02ff5add68,magnetite,0,0,0,0.7294658422470093,0.33289051055908203,0.25982484221458435,0.19490309059619904,0.2123815417289734
VTM-001349,DG-3419ff8591dc,magnetite,0,0,3,0.664079487323761,0.13827410340309143,0.035418637096881866,0.1549629271030426,0.6713443398475647
VTM-001358,DG-dc86d652d8d5,magnetite,0,0,1,0.7017231583595276,0.21386931836605072,0.39608994126319885,0.12446726858615875,0.2655734717845917
VTM-001360,DG-06e482e4a9b5,magnetite,0,0,2,0.5357510447502136,0.011439313180744648,0.2097078561782837,0.630687952041626,0.14816486835479736
VTM-001366,DG-0df11cb7037f,magnetite,0,0,0,0.8550333380699158,0.8365100622177124,0.0374310202896595,0.020378418266773224,0.10568054020404816
VTM-001373,DG-1e43abaf49da,magnetite,0,0,1,0.6887109875679016,0.1469523012638092,0.6227021217346191,0.10683508217334747,0.12351050972938538
VTM-001378,DG-28273d8c2e74,magnetite,0,0,0,0.8228554129600525,0.6464441418647766,0.1735025942325592,0.026213305070996284,0.15383994579315186
VTM-001379,DG-09f401514ecd,magnetite,0,0,2,0.7005133032798767,0.24387723207473755,0.2727123498916626,0.3586609959602356,0.12474945187568665
VTM-001401,DG-153fe14c9b29,magnetite,0,0,1,0.7440120577812195,0.27663934230804443,0.5642335414886475,0.12765105068683624,0.03147605061531067
VTM-001407,DG-4fa6df91d021,magnetite,0,0,0,0.8537956476211548,0.7956603765487671,0.14816445112228394,0.03300138935446739,0.023173842579126358
VTM-001411,DG-691f76272560,magnetite,0,0,1,0.7380208969116211,0.2537108361721039,0.6239572763442993,0.05228360742330551,0.07004829496145248
VTM-001412,DG-9300491d708f,magnetite,0,0,0,0.8593103885650635,0.9333806037902832,0.052369847893714905,0.0056136553175747395,0.008635935373604298
VTM-001422,DG-4951c0589100,magnetite,0,0,1,0.7197501063346863,0.19494980573654175,0.635228157043457,0.10419745743274689,0.06562457978725433
VTM-001427,DG-8e08059bd85d,magnetite,0,0,1,0.765489935874939,0.2793485224246979,0.6989278197288513,0.006285334937274456,0.015438374131917953
VTM-001435,DG-ead9dd3dd581,magnetite,0,0,2,0.6618251800537109,0.1734660565853119,0.19452057778835297,0.45583754777908325,0.1761757731437683
VTM-001436,DG-7b12906d788f,magnetite,0,0,0,0.7295948266983032,0.7442090511322021,0.10476980358362198,0.052199337631464005,0.09882180392742157
VTM-001438,DG-7255a46e94a7,magnetite,0,0,0,0.8595003485679626,0.9062221646308899,0.05270274356007576,0.003494927892461419,0.03758009523153305
VTM-001441,DG-b8b2c4f178aa,magnetite,0,0,1,0.7055322527885437,0.08400975912809372,0.8255236148834229,0.04266377538442612,0.04780286177992821
VTM-001450,DG-0e4c4508a46c,magnetite,0,0,1,0.7299614548683167,0.1708861142396927,0.6961265206336975,0.0014743731589987874,0.13151299953460693
VTM-001457,DG-42ecb1464c64,magnetite,0,0,0,0.44702646136283875,0.4556730389595032,0.3783165514469147,0.12250487506389618,0.04350551217794418
VTM-001462,DG-808d97578000,magnetite,0,0,1,0.752353310585022,0.32492220401763916,0.5492960214614868,0.07516632974147797,0.050615377724170685
VTM-001466,DG-43f42fac07e9,magnetite,0,0,0,0.698676586151123,0.5092567205429077,0.23566123843193054,0.012854217551648617,0.24222788214683533
VTM-001467,DG-6ca2ae245829,magnetite,0,0,1,0.7169044017791748,0.1235918402671814,0.7848625183105469,0.011274161748588085,0.08027150481939316
VTM-001480,DG-79909d5f8fc7,magnetite,0,0,0,0.7878298163414001,0.49267181754112244,0.0775907039642334,0.13653461635112762,0.29320287704467773
VTM-001488,DG-4bb523166eaa,magnetite,0,0,0,0.8015086054801941,0.5267045497894287,0.2229665219783783,0.04837184399366379,0.20195704698562622
VTM-001492,DG-1dca19335664,magnetite,0,0,0,0.8412882685661316,0.719519853591919,0.13192209601402283,0.010706080123782158,0.13785193860530853
VTM-001495,DG-18d9d165cd74,magnetite,0,0,1,0.6267384886741638,0.043790753930807114,0.6294111609458923,0.17523041367530823,0.15156768262386322
VTM-001497,DG-58104a6ef56a,magnetite,0,0,2,0.6022575497627258,0.07362949848175049,0.0729694664478302,0.5626568794250488,0.2907440960407257
VTM-001498,DG-7843e4ee19c4,magnetite,0,0,1,0.7051184177398682,0.06263414025306702,0.9210179448127747,0.012009711936116219,0.004338204860687256
VTM-001501,DG-c0b8914f591f,magnetite,0,0,0,0.8005816340446472,0.5555464029312134,0.2815522849559784,0.11218442022800446,0.05071694403886795
VTM-001502,DG-4731480706ec,magnetite,0,0,1,0.772357702255249,0.345589816570282,0.5855432748794556,0.04201168566942215,0.02685530111193657
VTM-001505,DG-0734caba8ba3,magnetite,0,0,0,0.8216854333877563,0.5591763257980347,0.3682711720466614,0.013012075796723366,0.05954036861658096
VTM-001522,DG-0d493dc0202b,magnetite,0,0,0,0.8588849902153015,0.8550217747688293,0.13451337814331055,0.008965848945081234,0.0014989745104685426
VTM-001527,DG-6d1b32b7d8e6,magnetite,0,0,3,0.6648510694503784,0.12432301789522171,0.10016532242298126,0.10116754472255707,0.6743441224098206
VTM-001529,DG-c875743d382f,magnetite,0,0,1,0.6909639835357666,0.025245148688554764,0.9462462663650513,0.01747835800051689,0.011030205525457859
VTM-001539,DG-9043a7af155d,magnetite,0,0,0,0.8005329370498657,0.5134300589561462,0.03176045045256615,0.014338390901684761,0.44047117233276367
VTM-001540,DG-8e35d0435c17,magnetite,0,0,1,0.7850536704063416,0.40027493238449097,0.45591869950294495,0.022314615547657013,0.12149177491664886
VTM-001541,DG-42d7049a2254,magnetite,0,0,0,0.5840784311294556,0.7220797538757324,0.04590000957250595,0.012569066137075424,0.2194512039422989
VTM-001542,DG-5d9bb0931076,magnetite,0,0,2,0.6943556070327759,0.2237352728843689,0.1218758374452591,0.4114290177822113,0.2429598867893219
VTM-001546,DG-2f854626f3fb,magnetite,0,0,1,0.6463447213172913,0.01984741911292076,0.8262836933135986,0.04879075661301613,0.1050780862569809
VTM-001550,DG-895bc6badd0a,magnetite,0,0,0,0.8595746755599976,0.9219181537628174,0.07198262959718704,0.001198423677124083,0.00490079540759325
VTM-001551,DG-05595eff1ad3,magnetite,0,0,0,0.8341949582099915,0.637660801410675,0.3149941563606262,0.008005540817975998,0.039339445531368256
VTM-001557,DG-e2a79cf12a7b,magnetite,0,0,0,0.8478079438209534,0.734586238861084,0.20296955108642578,0.025594808161258698,0.03684936463832855
VTM-001566,DG-f945f9ea2c9d,magnetite,0,0,0,0.7216767072677612,0.7113246321678162,0.02918371558189392,0.013248487375676632,0.24624314904212952
VTM-001571,DG-eee01346f14d,magnetite,0,0,3,0.5853753685951233,0.031671226024627686,0.14824289083480835,0.04183638468384743,0.7782495021820068
VTM-001572,DG-37e9c947ddda,magnetite,0,0,3,0.5846009254455566,0.025477007031440735,0.06447073817253113,0.04258496314287186,0.8674672842025757
VTM-001573,DG-870586b0725b,magnetite,0,0,0,0.8458735942840576,0.6895763278007507,0.29613468050956726,0.008605554699897766,0.005683484487235546
VTM-001577,DG-d7517209d587,magnetite,0,0,1,0.7030096650123596,0.17134645581245422,0.5682324767112732,0.12922976911067963,0.13119128346443176
VTM-001590,DG-53944a1a1fc4,magnetite,0,0,0,0.8145363926887512,0.5700981616973877,0.3130049705505371,0.03842195123434067,0.07847496122121811
VTM-001594,DG-a4c62bed652d,magnetite,0,0,0,0.8423924446105957,0.7231135368347168,0.17572905123233795,0.033114586025476456,0.06804279237985611
VTM-001606,DG-f2b0d8788c86,magnetite,0,0,0,0.8335643410682678,0.6128649115562439,0.3615546226501465,0.020900651812553406,0.004679825622588396
VTM-001608,DG-c12cc4bec9e4,magnetite,0,0,0,0.8595662117004395,0.9108667373657227,0.06289259344339371,0.006727926433086395,0.01951274648308754
VTM-001610,DG-d76cae0825a8,magnetite,0,0,0,0.8580455780029297,0.8558960556983948,0.1386021226644516,0.0010996945202350616,0.004402122925966978
VTM-001613,DG-9ea805a5c9d8,magnetite,0,0,0,0.8521909117698669,0.7830838561058044,0.20140820741653442,0.0037112541031092405,0.01179671660065651
VTM-001619,DG-8a235f0d54a4,magnetite,0,0,1,0.7326001524925232,0.17496955394744873,0.739324688911438,0.0403064601123333,0.04539933428168297
VTM-001624,DG-82e1ce080808,magnetite,0,0,0,0.7567006349563599,0.414360910654068,0.12096717953681946,0.2612753212451935,0.2033965289592743
VTM-001629,DG-b771911d1db9,magnetite,0,0,3,0.6009457111358643,0.023174572736024857,0.019572490826249123,0.1664000153541565,0.7908529043197632
VTM-001631,DG-42529c9edd64,magnetite,0,0,1,0.7083909511566162,0.18859893083572388,0.5758788585662842,0.07888428121805191,0.15663796663284302
VTM-001640,DG-4a796e8d031b,magnetite,0,0,1,0.809689462184906,0.44889798760414124,0.5464776158332825,0.0022395241539925337,0.002384864492341876
VTM-001642,DG-0cd61033186c,magnetite,0,0,1,0.7319097518920898,0.18910926580429077,0.7193425893783569,0.07623262703418732,0.015315510332584381
VTM-001652,DG-0ded931af025,magnetite,0,0,1,0.7515385746955872,0.3504999876022339,0.4251369833946228,0.18479542434215546,0.03956761956214905
VTM-001656,DG-cae810603d55,magnetite,0,0,0,0.827570915222168,0.6493359804153442,0.09216409176588058,0.15900737047195435,0.09949254989624023
VTM-001660,DG-d3caffd4d715,magnetite,0,0,0,0.8570384979248047,0.8380102515220642,0.10365548729896545,0.009247617796063423,0.049086593091487885
VTM-001663,DG-9659592b06c2,magnetite,0,0,0,0.8053267598152161,0.5415490865707397,0.12884639203548431,0.015690216794610023,0.3139142692089081
VTM-001690,DG-b0fe7cb99124,titanomagnetite,0,0,0,0.8597991466522217,0.881773829460144,0.08179944008588791,0.016825761646032333,0.019600890576839447
VTM-001694,DG-97f74c72b5b7,titanomagnetite,0,0,0,0.8348382711410522,0.6543599963188171,0.2631496787071228,0.039200663566589355,0.0432896688580513
VTM-001696,DG-cd596e924528,titanomagnetite,0,0,0,0.8562632203102112,0.9639307856559753,0.009895849041640759,0.00217805546708405,0.023995287716388702
VTM-001697,DG-a84937488bab,titanomagnetite,0,0,0,0.8489406704902649,0.7329517006874084,0.19747085869312286,0.0077367061749100685,0.061840690672397614
VTM-001698,DG-181b7f3e8822,titanomagnetite,0,0,0,0.7786116600036621,0.46204477548599243,0.06283637881278992,0.03869403898715973,0.4364248514175415
VTM-001709,DG-5667dcfe048e,calcite,0,2,2,0.5368460416793823,0.0007965537952259183,0.040853820741176605,0.9555670022964478,0.0027826062869280577
VTM-001726,DG-5043e5f0b3db,calcite,0,2,2,0.532869279384613,0.0023340554907917976,0.08699694275856018,0.9032337069511414,0.007435334846377373
VTM-001729,DG-5635cbf5730b,calcite,0,2,2,0.4956966042518616,0.001978908432647586,0.04835067689418793,0.915895402431488,0.03377501666545868
VTM-001731,DG-d2725a33a5d1,calcite,0,2,2,0.591505765914917,0.03177919238805771,0.006170840002596378,0.7907298803329468,0.1713201403617859
VTM-001732,DG-591b08c9e873,calcite,0,2,2,0.6131713390350342,0.0564977303147316,0.06978083401918411,0.505734384059906,0.3679870367050171
VTM-001741,DG-2884eda5c063,calcite,0,2,2,0.5253629088401794,0.001739495201036334,0.022808630019426346,0.96608567237854,0.009366204962134361
VTM-001744,DG-a3efb5ca3ae0,calcite,0,2,2,0.5322582721710205,0.0027921940200030804,0.10165120661258698,0.8876693248748779,0.007887257263064384
VTM-001747,DG-58a2a7202e9b,calcite,0,2,2,0.5006027817726135,0.004016298335045576,0.05409642308950424,0.8855646848678589,0.05632253736257553
VTM-001748,DG-bc566074a60f,calcite,0,2,2,0.5873024463653564,0.04502227157354355,0.11205048859119415,0.7977598309516907,0.0451674684882164
VTM-001758,DG-8cb62c9ac09f,calcite,0,2,2,0.5610322952270508,0.008583102375268936,0.038869693875312805,0.945656418800354,0.006890735123306513
VTM-001765,DG-d9f0353a1d8a,calcite,0,2,2,0.5540660619735718,0.0007897646864876151,0.01433592475950718,0.9837334752082825,0.0011408671271055937
VTM-001770,DG-6c0ebc885248,calcite,0,2,2,0.566653847694397,0.03173818439245224,0.04955076798796654,0.8627657890319824,0.05594529211521149
VTM-001773,DG-8d30df6419c9,calcite,0,2,2,0.5148060321807861,0.0013901693746447563,0.0077073825523257256,0.9816559553146362,0.009246524423360825
VTM-001777,DG-ac56c77a4896,calcite,0,2,2,0.5312861204147339,0.006505349650979042,0.22123387455940247,0.757070779800415,0.01518997922539711
VTM-001778,DG-08bb995679af,calcite,0,2,2,0.5130707621574402,0.0006547125522047281,0.051743246614933014,0.9427075982093811,0.0048944586887955666
VTM-001784,DG-afafc051d015,calcite,0,2,2,0.5157479047775269,0.00018828609609045088,0.00344045739620924,0.9933005571365356,0.0030706506222486496
VTM-001793,DG-e71672adb788,calcite,0,2,2,0.5205920338630676,0.0008777845650911331,0.07842765003442764,0.9172331094741821,0.003461443353444338
VTM-001795,DG-bd288e4af5ab,calcite,0,2,2,0.5251935124397278,0.004860172979533672,0.288629412651062,0.6297539472579956,0.07675641030073166
VTM-001800,DG-887b6e4bf087,calcite,0,2,2,0.5157449245452881,0.0002922273997683078,0.005022804252803326,0.9926620125770569,0.002022939268499613
VTM-001801,DG-5ed230bcaeae,calcite,0,2,2,0.52604740858078,0.008457275107502937,0.11616143584251404,0.8379685878753662,0.03741264343261719
VTM-001803,DG-287c6c8b574c,calcite,0,2,2,0.541304349899292,0.001858339412137866,0.010409928858280182,0.9840244054794312,0.003707319498062134
VTM-001810,DG-61f5809a780d,calcite,0,2,3,0.6242468357086182,0.08066786080598831,0.2803783714771271,0.270041286945343,0.3689125180244446
VTM-001815,DG-fab154955a5a,calcite,0,2,2,0.5188841223716736,0.0029866984114050865,0.029997793957591057,0.9532521963119507,0.013763328082859516
VTM-001830,DG-0ab0b9aba8e3,calcite,0,2,2,0.5296802520751953,0.002158566378057003,0.031460393220186234,0.9587892293930054,0.0075918943621218204
VTM-001831,DG-31912d161108,calcite,0,2,2,0.5124400854110718,0.00051514757797122,0.38288408517837524,0.5725587010383606,0.04404205083847046
VTM-001832,DG-fa7c30f8c349,calcite,0,2,2,0.6365448236465454,0.11133477091789246,0.08521000295877457,0.559447169303894,0.24400804936885834
VTM-001835,DG-4b4f4e467f8a,calcite,0,2,2,0.5795751810073853,0.0317734070122242,0.03591714799404144,0.7969341278076172,0.1353752762079239
VTM-001839,DG-9a5c0c5a1717,calcite,0,2,2,0.5555011630058289,0.0014209479559212923,0.1589077264070511,0.8378685712814331,0.0018027659971266985
VTM-001842,DG-c62fba3016f2,calcite,0,2,2,0.6354431509971619,0.12445005774497986,0.2419697642326355,0.5272239446640015,0.10635622590780258
VTM-001843,DG-f77f26be144c,calcite,0,2,2,0.5742085576057434,0.017830874770879745,0.09258593618869781,0.8775314092636108,0.012051787227392197
VTM-001844,DG-4f32288eacd1,calcite,0,2,1,0.6175190210342407,0.012000871822237968,0.5930956602096558,0.3767392039299011,0.01816432923078537
VTM-001849,DG-55f6c7371d43,calcite,0,2,2,0.6010560393333435,0.06459419429302216,0.04390012472867966,0.5910779237747192,0.30042776465415955
VTM-001852,DG-54e91aeb86ea,calcite,0,2,2,0.486646831035614,0.001394891645759344,0.02423737943172455,0.9264492988586426,0.04791844263672829
VTM-001856,DG-d0ae9de522c3,calcite,0,2,2,0.5391172766685486,0.004888463765382767,0.03037947043776512,0.9572639465332031,0.007468113675713539
VTM-001861,DG-36af760283be,calcite,0,2,2,0.5022174715995789,0.00023708195658400655,0.0011622547172009945,0.994120180606842,0.004480459727346897
VTM-001865,DG-a1eae64f6041,calcite,0,2,2,0.49127817153930664,5.203487671678886e-05,0.0062339650467038155,0.9927980899810791,0.0009159685578197241
VTM-001867,DG-bb0c6c9154c2,calcite,0,2,2,0.5278500914573669,0.004483150318264961,0.0394715741276741,0.9401600360870361,0.01588529534637928
VTM-001868,DG-1a20fac9e758,calcite,0,2,2,0.555844783782959,0.002494347980245948,0.2825217843055725,0.7115469574928284,0.0034368953201919794
VTM-001871,DG-2afc41e00fc4,calcite,0,2,2,0.5806546211242676,0.027257738634943962,0.08658193051815033,0.8650670051574707,0.021093269810080528
VTM-001875,DG-082d60591008,calcite,0,2,1,0.5727077126502991,0.0071360100992023945,0.527021050453186,0.43949195742607117,0.026350991800427437
VTM-001889,DG-3e55fcbac659,calcite,0,2,3,0.6530776619911194,0.1297333687543869,0.054226770997047424,0.30474233627319336,0.5112974643707275
VTM-001895,DG-9858479a52dd,calcite,0,2,1,0.709262490272522,0.24484893679618835,0.419188916683197,0.055780079215765,0.2801820635795593
VTM-001904,DG-79624400fc84,calcite,0,2,2,0.5606982111930847,0.0033694799058139324,0.07621115446090698,0.9177887439727783,0.0026305727660655975
VTM-001905,DG-3f2eab309b73,calcite,0,2,2,0.5021926164627075,0.0012540770694613457,0.012880651280283928,0.9357803463935852,0.050084881484508514
VTM-001908,DG-c402f65cd9d2,calcite,0,2,3,0.6155506372451782,0.04582745581865311,0.04300810769200325,0.0803162008523941,0.8308482766151428
VTM-001942,DG-5c736945e099,calcite,0,2,2,0.5247703194618225,0.0014025461860001087,0.017932932823896408,0.9741805791854858,0.006483951583504677
VTM-001951,DG-51ad9099a53f,calcite,0,2,2,0.49546459317207336,0.0001175231154775247,0.020139921456575394,0.9778195023536682,0.001923072850331664
VTM-001954,DG-30341d03a931,calcite,0,2,2,0.5695719718933105,0.00575872790068388,0.2876574397087097,0.6967670917510986,0.009816712699830532
VTM-001955,DG-3376dde08b37,calcite,0,2,1,0.6120055913925171,0.05576810985803604,0.42820438742637634,0.40404558181762695,0.11198192089796066
VTM-001956,DG-cac2e6eb0f46,calcite,0,2,2,0.5176403522491455,0.0003695840132422745,0.00585354957729578,0.9921798706054688,0.0015970078529790044
VTM-001958,DG-38c7067d021b,calcite,0,2,2,0.5142490267753601,0.008373700082302094,0.09140732884407043,0.8084590435028076,0.09175996482372284
VTM-001959,DG-7b3cde349dd2,calcite,0,2,2,0.5552734136581421,0.0009966250509023666,0.04977193474769592,0.9478340148925781,0.001397416926920414
VTM-001962,DG-cae5140d5d04,calcite,0,2,2,0.5381946563720703,0.002517444547265768,0.06043287366628647,0.9295938611030579,0.007455829530954361
VTM-001967,DG-91b97aea3daf,calcite,0,2,3,0.5728811025619507,0.026551909744739532,0.028182417154312134,0.05586005374789238,0.8894056677818298
VTM-001972,DG-87f47806a6ee,calcite,0,2,2,0.502799928188324,0.00022478765458799899,0.004954789765179157,0.992512583732605,0.0023078424856066704
VTM-001984,DG-89652f612d09,calcite,0,2,2,0.5302957892417908,0.009097893722355366,0.2651260793209076,0.6123380661010742,0.11343798786401749
VTM-001987,DG-2bd03ef1f80d,calcite,0,2,3,0.6744275689125061,0.17691946029663086,0.08165483176708221,0.2424158751964569,0.4990098178386688
VTM-001991,DG-898fe2810e90,calcite,0,2,2,0.6165252923965454,0.0494697242975235,0.06305953860282898,0.4547605514526367,0.4327101707458496
VTM-001995,DG-a819eca5f78b,calcite,0,2,2,0.5550858974456787,0.012401263229548931,0.012698177248239517,0.880895733833313,0.09400485455989838
VTM-002001,DG-87e6b895d9f2,calcite,0,2,2,0.5933914184570312,0.026904139667749405,0.45472633838653564,0.4586947560310364,0.059674762189388275
VTM-002008,DG-d4a1091cab58,calcite,0,2,2,0.5422444939613342,0.011026693508028984,0.01577947847545147,0.877448558807373,0.09574520587921143
VTM-002012,DG-74b63d2735cc,calcite,0,2,2,0.5009702444076538,0.0026533114723861217,0.026515090838074684,0.9216935634613037,0.049138035625219345
VTM-002013,DG-e759b87cec15,calcite,0,2,2,0.5160314440727234,0.0010635093785822392,0.0866776704788208,0.9089657068252563,0.0032931012101471424
VTM-002019,DG-3271d47128c6,calcite,0,2,2,0.5843512415885925,0.04601076617836952,0.1964951753616333,0.5335037708282471,0.2239902913570404
VTM-002025,DG-bf2ebb1198da,calcite,0,2,0,0.7266086339950562,0.31531548500061035,0.1794397383928299,0.2251138836145401,0.28013092279434204
VTM-002032,DG-fbd9427b3bd6,calcite,0,2,2,0.5861877202987671,0.028053760528564453,0.03575687110424042,0.6466429233551025,0.2895464599132538
VTM-002033,DG-fb8b73e9eed1,calcite,0,2,2,0.5727629065513611,0.004236143082380295,0.011993078514933586,0.9794189929962158,0.004351808689534664
VTM-002046,DG-168ff7c2fa35,feldspar,0,2,2,0.5546110272407532,0.009234686382114887,0.014872408472001553,0.9558293223381042,0.020063597708940506
VTM-002052,DG-8c6229423a18,feldspar,0,2,0,0.7674723863601685,0.5272344350814819,0.025141645222902298,0.22549037635326385,0.22213350236415863
VTM-002053,DG-fd56db2790f4,feldspar,0,2,2,0.5724354982376099,0.03123234212398529,0.12751656770706177,0.804011344909668,0.037239737808704376
VTM-002057,DG-69efed462ca5,feldspar,0,2,2,0.6613820195198059,0.15608496963977814,0.05849124491214752,0.6056540608406067,0.17976972460746765
VTM-002058,DG-92f5f13947b3,feldspar,0,2,1,0.6427906155586243,0.013101947493851185,0.8081097602844238,0.13001850247383118,0.048769816756248474
VTM-002061,DG-d8d5a8e4adc9,feldspar,0,2,2,0.5337525606155396,0.0018975376151502132,0.01956721395254135,0.9737526774406433,0.004782579839229584
VTM-002068,DG-a935bf04c969,feldspar,0,2,2,0.558914303779602,0.0026714641135185957,0.07963534444570541,0.9143977165222168,0.003295381087809801
VTM-002073,DG-299d45bb53e3,feldspar,0,2,1,0.628059983253479,0.046656616032123566,0.5181212425231934,0.4021207094192505,0.03310145437717438
VTM-002077,DG-7b65be4b9679,feldspar,0,2,3,0.6598629355430603,0.13633334636688232,0.051405880600214005,0.162608802318573,0.6496520042419434
VTM-002079,DG-2c4553d781e1,feldspar,0,2,0,0.8344022631645203,0.6930468082427979,0.07541804015636444,0.03799627721309662,0.19353893399238586
VTM-002085,DG-93dd367747d7,feldspar,0,2,1,0.6330512762069702,0.038290880620479584,0.5759290456771851,0.33952596783638,0.046254079788923264
VTM-002086,DG-a8a66cab92d9,feldspar,0,2,2,0.4878745675086975,0.0008127985056489706,0.006813403218984604,0.9189562797546387,0.073417529463768
VTM-002091,DG-cfb5f2037272,feldspar,0,2,2,0.6057898998260498,0.04020029306411743,0.027804197743535042,0.5270715951919556,0.4049239158630371
VTM-002093,DG-41defb57d166,feldspar,0,2,2,0.5775793790817261,0.03180176019668579,0.04168115556240082,0.8860729336738586,0.040444135665893555
VTM-002096,DG-47a3decdba46,feldspar,0,2,0,0.755056619644165,0.3860975205898285,0.18289577960968018,0.2848678529262543,0.14613890647888184
VTM-002105,DG-51d39850f9eb,feldspar,0,2,2,0.49876803159713745,0.0009634396992623806,0.015322551131248474,0.9599417448043823,0.023772235959768295
VTM-002106,DG-77e04d086838,feldspar,0,2,2,0.5203302502632141,0.003810291178524494,0.031105980277061462,0.9177384376525879,0.047345295548439026
VTM-002107,DG-ac7a6b0963f8,feldspar,0,2,2,0.5394929051399231,0.009637637063860893,0.026933716610074043,0.946135401725769,0.017293250188231468
VTM-002113,DG-065892749628,feldspar,0,2,2,0.5250491499900818,0.0002027682203333825,0.004784576129168272,0.9938898086547852,0.0011228845687583089
VTM-002117,DG-20e63845d1c5,feldspar,0,2,2,0.5459209084510803,0.0015898860292509198,0.01808062754571438,0.9773274660110474,0.0030020345002412796
VTM-002119,DG-f6cfc775e0f7,feldspar,0,2,2,0.5599313378334045,0.021399565041065216,0.03552429378032684,0.8606493473052979,0.08242680877447128
VTM-002122,DG-e3fd0082ebbc,feldspar,0,2,2,0.5358267426490784,0.011799311265349388,0.10663391649723053,0.8675348162651062,0.014031991362571716
VTM-002125,DG-38ecb3b17658,feldspar,0,2,0,0.7440208792686462,0.37377727031707764,0.2643466591835022,0.2261708378791809,0.13570521771907806
VTM-002144,DG-d6dd4352276f,feldspar,0,2,2,0.5203216671943665,0.001852261833846569,0.015542945824563503,0.9665268063545227,0.01607801951467991
VTM-002146,DG-b61f7916473e,feldspar,0,2,2,0.509238064289093,0.0028168736025691032,0.11454661190509796,0.8605927228927612,0.022043798118829727
VTM-002160,DG-c721d9903034,feldspar,0,2,2,0.522898256778717,0.010440854355692863,0.11569373309612274,0.8174781799316406,0.05638731271028519
VTM-002164,DG-ad735c7f337e,feldspar,0,2,2,0.5259794592857361,0.0046675847843289375,0.044127631932497025,0.9362526535987854,0.014952107332646847
VTM-002168,DG-2e5c91a57bab,feldspar,0,2,0,0.6831128001213074,0.4636547863483429,0.19301050901412964,0.21457608044147491,0.12875857949256897
VTM-002181,DG-d7019067d0cc,feldspar,0,2,1,0.6726621389389038,0.001810413203202188,0.9440847635269165,0.050535090267658234,0.0035697820130735636
VTM-002183,DG-2c21f60b687f,feldspar,0,2,2,0.5656443238258362,0.02046974003314972,0.03818955644965172,0.8357301950454712,0.10561056435108185
VTM-002187,DG-d31fa807352a,feldspar,0,2,2,0.5333197712898254,0.008932996541261673,0.31138819456100464,0.6145866513252258,0.06509216129779816
VTM-002196,DG-d9f272320af0,feldspar,0,2,2,0.6014549732208252,0.06311562657356262,0.04673628509044647,0.7886441349983215,0.10150395333766937
VTM-002202,DG-c04e2225b9a5,feldspar,0,2,2,0.5530567765235901,0.0020007528364658356,0.012972770258784294,0.9836039543151855,0.001422489294782281
VTM-002203,DG-8a634a985fbb,feldspar,0,2,2,0.5019696950912476,0.0007676661480218172,0.030296366661787033,0.9610370397567749,0.007898938842117786
VTM-002211,DG-59bf77a1bee2,feldspar,0,2,2,0.5125762224197388,0.005438201129436493,0.09047520160675049,0.8651838898658752,0.03890269249677658
VTM-002235,DG-f481aeeafce1,feldspar,0,2,2,0.5889045596122742,0.03517039865255356,0.04481055215001106,0.8654036521911621,0.054615385830402374
VTM-002241,DG-bc19e24ff0e7,feldspar,0,2,2,0.6733264923095703,0.1699376106262207,0.2947010099887848,0.47423452138900757,0.06112685054540634
VTM-002246,DG-1323ace755bf,feldspar,0,2,2,0.5069909691810608,0.0017097177915275097,0.007614067755639553,0.9776062369346619,0.013070009648799896
VTM-002254,DG-51ad4def987b,feldspar,0,2,2,0.49977681040763855,0.00014451926108449697,0.006095863878726959,0.9925788044929504,0.0011807733681052923
VTM-002257,DG-f048671a52b3,feldspar,0,2,2,0.5218050479888916,0.008800985291600227,0.05467645823955536,0.8913352489471436,0.04518727958202362
VTM-002267,DG-b6b3dc6cb54a,feldspar,0,2,2,0.5655801296234131,0.02643989399075508,0.3062167763710022,0.632977306842804,0.03436605632305145
VTM-002269,DG-1c17ceac47ca,feldspar,0,2,2,0.5480412244796753,0.0013908594846725464,0.15895375609397888,0.8374944925308228,0.0021608518436551094
VTM-002270,DG-20fd5166bb61,feldspar,0,2,2,0.5829889178276062,0.058077745139598846,0.1944178193807602,0.7147624492645264,0.03274198994040489
VTM-002271,DG-ffa5569ffcfd,feldspar,0,2,2,0.5285338163375854,0.008476804941892624,0.04511316120624542,0.9225674867630005,0.023842569440603256
VTM-002272,DG-8ee7a09610fa,feldspar,0,2,3,0.5554180145263672,0.008903710171580315,0.1503143608570099,0.2410319447517395,0.5997500419616699
VTM-002275,DG-9db1cdeffbcd,feldspar,0,2,2,0.5198913812637329,0.0009710105950944126,0.026914941146969795,0.968110203742981,0.00400387542322278
VTM-002277,DG-35824c2ee6e2,feldspar,0,2,2,0.5538101196289062,0.00822580885142088,0.100714311003685,0.8838834166526794,0.007176458835601807
VTM-002290,DG-3961b2f3475e,feldspar,0,2,1,0.6160852909088135,0.04781314730644226,0.5240665078163147,0.3521477282047272,0.07597265392541885
VTM-002293,DG-100441ccbb89,feldspar,0,2,2,0.5182548761367798,0.0010395838180556893,0.011440765112638474,0.9826676845550537,0.004852022975683212
VTM-002304,DG-d300e922c382,feldspar,0,2,2,0.5290567278862,0.004868227057158947,0.026266522705554962,0.937400221824646,0.031465090811252594
VTM-002305,DG-389c57060916,feldspar,0,2,2,0.521989107131958,0.007668549194931984,0.07631876319646835,0.5952669382095337,0.32074570655822754
VTM-002307,DG-dd9a8c5d9f57,feldspar,0,2,2,0.5127792358398438,0.00343296374194324,0.03102790005505085,0.93809974193573,0.027439337223768234
VTM-002317,DG-c4186ede5ac8,feldspar,0,2,2,0.5265238881111145,0.0057210130617022514,0.23783022165298462,0.55096435546875,0.20548437535762787
VTM-002319,DG-096e6302dea3,feldspar,0,2,2,0.5076963305473328,0.000249724427703768,0.0016938147600740194,0.9942857027053833,0.0037707583978772163
VTM-002320,DG-cca48b4243d0,feldspar,0,2,2,0.5015714168548584,0.0005246392684057355,0.04508280009031296,0.949737548828125,0.0046550496481359005
VTM-002324,DG-e24f2813b7f9,feldspar,0,2,2,0.5293728709220886,0.001784879365004599,0.006459409836679697,0.9863108396530151,0.005444842390716076
VTM-002327,DG-aa1a9a0b233e,feldspar,0,2,2,0.6088283658027649,0.06063950061798096,0.035184867680072784,0.8397559523582458,0.06441967934370041
VTM-002334,DG-856685443b2c,feldspar,0,2,2,0.4919362962245941,0.0009067959617823362,0.007670887745916843,0.9724841713905334,0.018938107416033745
VTM-002339,DG-1a583f6c95e0,feldspar,0,2,2,0.5250042080879211,0.0009893737733364105,0.00503190141171217,0.9904380440711975,0.0035406085662543774
VTM-002345,DG-b851572a511e,feldspar,0,2,2,0.5049508810043335,0.0005346402758732438,0.011443808674812317,0.981476902961731,0.006544589530676603
VTM-002350,DG-44cb49f4c0db,fluorapatite,0,2,2,0.5150106549263,0.003414104226976633,0.07822555303573608,0.891665518283844,0.02669484168291092
VTM-002356,DG-f28cda30033c,fluorapatite,0,2,2,0.5323577523231506,0.014860134571790695,0.11691990494728088,0.8252594470977783,0.042960576713085175
VTM-002360,DG-632a18d12072,fluorapatite,0,2,1,0.6146434545516968,0.011302188038825989,0.6706162095069885,0.27697277069091797,0.04110884293913841
VTM-002363,DG-4d61e2e8c9ea,fluorapatite,0,2,2,0.5107515454292297,0.0018847999162971973,0.19592824578285217,0.7932181358337402,0.008968811482191086
VTM-002376,DG-6990fca3f9fd,fluorapatite,0,2,2,0.5080400705337524,0.005541139282286167,0.1304933726787567,0.7691078782081604,0.09485761821269989
VTM-002377,DG-4949a603ee5a,fluorapatite,0,2,2,0.5447131991386414,0.0006920169689692557,0.0753987580537796,0.9220817685127258,0.0018275112379342318
VTM-002378,DG-cbe3f5d12560,fluorapatite,0,2,2,0.5536679625511169,0.028223110362887383,0.1518079936504364,0.6405664086341858,0.17940250039100647
VTM-002379,DG-7f8c0c5a6496,fluorapatite,0,2,2,0.5149717926979065,0.0004818332672584802,0.048952337354421616,0.9486075639724731,0.0019582556560635567
VTM-002381,DG-43040ae5be38,fluorapatite,0,2,2,0.6342432498931885,0.11819897592067719,0.2386687994003296,0.5174718499183655,0.12566043436527252
VTM-002384,DG-0980dea5bbcb,fluorapatite,0,2,2,0.5836893916130066,0.060039788484573364,0.11379736661911011,0.5760595798492432,0.2501032054424286
VTM-002399,DG-c45b552351d5,fluorapatite,0,2,2,0.5319676995277405,0.01311928778886795,0.19137483835220337,0.747402548789978,0.04810330271720886
VTM-002402,DG-d0393f4f6983,fluorapatite,0,2,3,0.6813369989395142,0.20367124676704407,0.23925957083702087,0.141615629196167,0.41545355319976807
VTM-002406,DG-a52784f671eb,fluorapatite,0,2,1,0.6004976034164429,0.019065765663981438,0.5586118698120117,0.3664373457431793,0.05588499456644058
VTM-002409,DG-0fd392a51bf0,fluorapatite,0,2,2,0.5509198307991028,0.022186703979969025,0.09780819714069366,0.8082244396209717,0.07178068161010742
VTM-002411,DG-aa3adabce6ec,fluorapatite,0,2,2,0.6187995076179504,0.07284470647573471,0.06433145701885223,0.4465484619140625,0.4162753224372864
VTM-002419,DG-2e0b86d9ee85,fluorapatite,0,2,2,0.517687976360321,0.0015698650386184454,0.19580966234207153,0.7955503463745117,0.007070130668580532
VTM-002426,DG-70ae871f721c,fluorapatite,0,2,2,0.610640287399292,0.054793715476989746,0.33875590562820435,0.554870069026947,0.05158034712076187
VTM-002429,DG-8205ac659861,fluorapatite,0,2,2,0.5457168221473694,0.003217464778572321,0.020141394808888435,0.9684025049209595,0.008238646201789379
VTM-002433,DG-fbaa772afdb1,fluorapatite,0,2,2,0.5096238851547241,0.00014697801088914275,0.0033746229019016027,0.9948927164077759,0.001585689140483737
VTM-002435,DG-e579e6d2957d,fluorapatite,0,2,2,0.4991222620010376,0.0006561101181432605,0.011891692876815796,0.9772031307220459,0.010249121114611626
VTM-002438,DG-86d5432fe9c6,fluorapatite,0,2,2,0.5436568856239319,0.0010581978131085634,0.05694727972149849,0.9385390281677246,0.003455467289313674
VTM-002443,DG-94c04c108a15,fluorapatite,0,2,2,0.5514007806777954,0.0006773070199415088,0.06043585389852524,0.9381108283996582,0.0007759300642646849
VTM-002444,DG-e64228a627d7,fluorapatite,0,2,2,0.5509297847747803,0.01370378490537405,0.33306053280830383,0.537941038608551,0.11529460549354553
VTM-002446,DG-b686b2ab094b,fluorapatite,0,2,2,0.506053626537323,0.0011181205045431852,0.027944957837462425,0.9644020199775696,0.006534893065690994
VTM-002449,DG-89eb6a8ca65b,fluorapatite,0,2,1,0.5701108574867249,0.014326018281280994,0.42368370294570923,0.4104180932044983,0.15157213807106018
VTM-002451,DG-c9f661bdfc44,fluorapatite,0,2,2,0.504474401473999,0.0010601901449263096,0.2609843611717224,0.7217984199523926,0.016157012432813644
VTM-002465,DG-c6e686d5bace,fluorapatite,0,2,2,0.512747585773468,0.0001391012774547562,0.0059386976063251495,0.9922099709510803,0.0017121899873018265
VTM-002467,DG-df56414c7ac1,fluorapatite,0,2,2,0.5351734161376953,0.004291031509637833,0.1253974884748459,0.8573625087738037,0.012948967516422272
VTM-002475,DG-9091fc6cb922,fluorapatite,0,2,2,0.5718638300895691,0.0029240758158266544,0.3915785551071167,0.5997360944747925,0.005761309526860714
VTM-002477,DG-3cb38ff90f45,fluorapatite,0,2,2,0.5153682231903076,0.000330691400449723,0.08587469160556793,0.9114866256713867,0.0023080261889845133
VTM-002482,DG-022e0ba12b56,fluorapatite,0,2,1,0.5876197218894958,0.013963710516691208,0.4948861002922058,0.21082814037799835,0.2803220748901367
VTM-002484,DG-b689aa9a20d4,fluorapatite,0,2,2,0.485012412071228,0.0006459399010054767,0.20157811045646667,0.7223644852638245,0.07541149854660034
VTM-002488,DG-1fbba0246cb5,fluorapatite,0,2,2,0.5979424715042114,0.039246026426553726,0.012535998597741127,0.9293304681777954,0.018887529149651527
VTM-002501,DG-d2f3fad193f6,fluorapatite,0,2,2,0.49074244499206543,0.0007705277530476451,0.01227776613086462,0.9639641046524048,0.022987589240074158
VTM-002502,DG-691af9ea3c83,fluorapatite,0,2,2,0.5498080849647522,0.0018395093502476811,0.026247648522257805,0.9693164229393005,0.0025964004453271627
VTM-002506,DG-df09e3ebcb22,fluorapatite,0,2,0,0.7992004752159119,0.7290821075439453,0.09770403057336807,0.015751933678984642,0.1574619710445404
VTM-002511,DG-acfa5bbc9fc2,fluorapatite,0,2,2,0.5569038987159729,0.0007097044726833701,0.017092781141400337,0.9805909395217896,0.0016066236421465874
VTM-002514,DG-6b354123b89f,fluorapatite,0,2,2,0.5045078992843628,0.0004094631294719875,0.13267454504966736,0.8621512651443481,0.0047646863386034966
VTM-002518,DG-f17c54399b5a,fluorapatite,0,2,2,0.5265068411827087,0.0005444897687993944,0.012653175741434097,0.9832548499107361,0.0035474763717502356
VTM-002519,DG-429781daa88f,fluorapatite,0,2,2,0.5660465955734253,0.012961860746145248,0.014505283907055855,0.9521496891975403,0.02038312330842018
VTM-002525,DG-dabc93460fe3,fluorapatite,0,2,1,0.6259986758232117,0.027721378952264786,0.6768671274185181,0.1320795714855194,0.16333195567131042
VTM-002529,DG-aed4677afb88,fluorapatite,0,2,2,0.511588990688324,0.0042842417024075985,0.10313829779624939,0.7485947608947754,0.14398270845413208
VTM-002535,DG-4a0123fe1eb9,fluorapatite,0,2,2,0.5507519841194153,0.020248521119356155,0.2519208788871765,0.6242387294769287,0.10359179973602295
VTM-002540,DG-0918bf701a82,fluorapatite,0,2,2,0.5648525357246399,0.000347968190908432,0.009322268888354301,0.9898107051849365,0.0005190352676436305
VTM-002551,DG-b4df31af3ff3,fluorapatite,0,2,0,0.8602981567382812,0.9103578925132751,0.07380343228578568,0.008217930793762207,0.007620787248015404
VTM-002556,DG-8038caa5c793,fluorapatite,0,2,2,0.5621529221534729,0.00727080088108778,0.4266379773616791,0.5361263751983643,0.02996482513844967
VTM-002559,DG-b40096cb2674,fluorapatite,0,2,2,0.5283023118972778,8.325678936671466e-05,0.022585470229387283,0.9769366979598999,0.0003946204378735274
VTM-002566,DG-da683ce1a5e0,fluorapatite,0,2,2,0.575918972492218,0.01107608713209629,0.3531044125556946,0.6223129034042358,0.013506660237908363
VTM-002570,DG-06b7293c4bf4,fluorapatite,0,2,1,0.5546274185180664,0.002971520647406578,0.5157725214958191,0.39744052290916443,0.08381543308496475
VTM-002577,DG-a6dc8eb14bc3,fluorapatite,0,2,3,0.6510164141654968,0.12224102020263672,0.1423032432794571,0.109665647149086,0.6257900595664978
VTM-002580,DG-e3d751c5769d,fluorapatite,0,2,2,0.5548996925354004,0.00875772163271904,0.016917750239372253,0.9566665887832642,0.017657939344644547
VTM-002594,DG-173a6b0ad21a,fluorapatite,0,2,2,0.5122675895690918,0.0010363468900322914,0.06962120532989502,0.9219518899917603,0.007390613202005625
VTM-002595,DG-3bbe07533535,fluorapatite,0,2,2,0.5545792579650879,0.0055575380101799965,0.3654406666755676,0.6176671981811523,0.011334586888551712
VTM-002601,DG-bce24eb203c7,fluorapatite,0,2,2,0.5470537543296814,0.007878466509282589,0.1148216724395752,0.8583604693412781,0.018939413130283356
VTM-002615,DG-937456083f0f,fluorapatite,0,2,2,0.5461671352386475,0.016531452536582947,0.2378825545310974,0.5801984071731567,0.16538763046264648
VTM-002624,DG-ebe5477d9d4e,fluorapatite,0,2,2,0.713578462600708,0.28559771180152893,0.19140785932540894,0.48017871379852295,0.042815737426280975
VTM-002629,DG-c049ed768645,fluorapatite,0,2,2,0.5596569180488586,0.00045128021156415343,0.0034242956899106503,0.9948925375938416,0.0012318668887019157
VTM-002633,DG-90bbebd261ac,fluorapatite,0,2,2,0.5145017504692078,0.000536399194970727,0.009764828719198704,0.9869951009750366,0.002703708130866289
VTM-002634,DG-c78196f43dde,fluorapatite,0,2,2,0.519985556602478,0.0055389562621712685,0.07532800734043121,0.8904756307601929,0.028657443821430206
VTM-002635,DG-08ba49dd32f8,fluorapatite,0,2,1,0.6123293042182922,0.00046081363689154387,0.9354429841041565,0.03599996492266655,0.028096232563257217
VTM-002637,DG-49f9ce893fdb,fluorapatite,0,2,2,0.7263060808181763,0.2816941738128662,0.08430235087871552,0.5043521523475647,0.12965136766433716
VTM-002639,DG-d59be955cb06,fluorapatite,0,2,2,0.569459080696106,0.003013040404766798,0.02926408126950264,0.9653836488723755,0.0023392140865325928
VTM-002641,DG-11fad6d5929c,fluorapatite,0,2,2,0.5323324799537659,0.007446943316608667,0.1362057626247406,0.8389418125152588,0.017405472695827484
VTM-002646,DG-f677d90ff131,fluorapatite,0,2,2,0.5571274757385254,0.0015084596816450357,0.02455984242260456,0.9708726406097412,0.0030590216629207134
VTM-002656,DG-4383e5fea250,fluorapatite,0,2,2,0.5180251002311707,0.009791446849703789,0.07705947756767273,0.8770301938056946,0.03611890971660614
VTM-002667,DG-f757c41d7081,fluorapatite,0,2,2,0.579905092716217,0.025690069422125816,0.06400501728057861,0.8797440528869629,0.030560903251171112
VTM-002669,DG-94d163b6955c,fluorapatite,0,2,0,0.7589555382728577,0.3974651098251343,0.18860052525997162,0.13391873240470886,0.28001564741134644
VTM-002672,DG-541249a33c15,fluorapatite,0,2,2,0.5197234749794006,0.006996572948992252,0.05485834181308746,0.8945374488830566,0.04360757768154144
VTM-002684,DG-d01a6509ec5e,fluorapatite,0,2,2,0.5414950847625732,0.0021622739732265472,0.008055346086621284,0.9842380285263062,0.005544423125684261
VTM-002685,DG-2371f5e69821,fluorapatite,0,2,2,0.5057316422462463,0.0009187042014673352,0.27771735191345215,0.7058607339859009,0.015503216534852982
VTM-002687,DG-283391bf5821,fluorapatite,0,2,2,0.48012062907218933,0.000537041574716568,0.01932520419359207,0.9411767721176147,0.03896091505885124
VTM-002691,DG-949d61a3561e,fluorapatite,0,2,1,0.5683391094207764,0.011245286092162132,0.45931971073150635,0.4247856140136719,0.1046493649482727
VTM-002692,DG-cdf7d6c07e83,fluorapatite,0,2,2,0.5111360549926758,0.0007601053221151233,0.013706643134355545,0.9717451333999634,0.013788087293505669
VTM-002697,DG-18f828d9814e,fluorapatite,0,2,2,0.48018184304237366,0.0002550293575040996,0.006520749069750309,0.975091814994812,0.018132399767637253
VTM-002702,DG-29f2ca53ef94,fluorapatite,0,2,2,0.5054195523262024,0.003239452838897705,0.06747248768806458,0.8969168663024902,0.032371148467063904
VTM-002705,DG-a45e2458cc11,fluorapatite,0,2,2,0.5116285085678101,0.0041956230998039246,0.022928208112716675,0.777485728263855,0.19539043307304382
VTM-002706,DG-0d92fb7cb95e,fluorapatite,0,2,3,0.6298145055770874,0.059212058782577515,0.024580158293247223,0.15915316343307495,0.7570546269416809
VTM-002708,DG-e6a42d9d99b7,fluorapatite,0,2,2,0.4816898703575134,0.0017259337473660707,0.0919603556394577,0.850932240486145,0.05538146197795868
VTM-002709,DG-f9d90ea3eb02,fluorapatite,0,2,2,0.5575475692749023,0.01661399006843567,0.3124561905860901,0.5421361923217773,0.1287936568260193
VTM-002726,DG-83cfe2ace11e,fluorapatite,0,2,2,0.6078698635101318,0.040344785898923874,0.3543959856033325,0.5901709198951721,0.015088281594216824
VTM-002727,DG-c3b7204f25c6,fluorapatite,0,2,2,0.5367613434791565,0.005914232227951288,0.27455568313598633,0.7043769359588623,0.015153136104345322
VTM-002731,DG-3edc0f696a60,fluorapatite,0,2,2,0.5569305419921875,0.0034963516518473625,0.004332778975367546,0.9815481901168823,0.010622607544064522
VTM-002732,DG-3fde00040150,fluorapatite,0,2,1,0.5983515977859497,0.024360928684473038,0.46529480814933777,0.45324987173080444,0.05709437280893326
VTM-002733,DG-da2ce27c52e8,fluorapatite,0,2,2,0.5665872097015381,0.0015561868203803897,0.32348233461380005,0.6734156608581543,0.0015457738190889359
VTM-002734,DG-d7b7ee90f035,fluorapatite,0,2,2,0.5572845935821533,0.0016011325642466545,0.33236607909202576,0.6618002653121948,0.004232483915984631
VTM-002743,DG-99025d3d8d5d,fluorapatite,0,2,2,0.5112655162811279,0.003764519700780511,0.18388581275939941,0.7693018913269043,0.043047744780778885
VTM-002745,DG-21cf25dd1974,fluorapatite,0,2,2,0.5467035174369812,0.006244391668587923,0.0964764952659607,0.885993242263794,0.011285924352705479
VTM-002752,DG-43133dfa71c9,fluorapatite,0,2,1,0.6422263979911804,0.028085123747587204,0.6192038059234619,0.3480812609195709,0.004629864823073149
VTM-002764,DG-776225aa1e4c,fluorapatite,0,2,2,0.5578930377960205,0.0009777802042663097,0.05033654719591141,0.9472411870956421,0.0014444580301642418
VTM-002766,DG-ff21086b640f,fluorapatite,0,2,2,0.5190836787223816,0.0005379522335715592,0.04061491787433624,0.9569435119628906,0.0019036219455301762
VTM-002767,DG-9d024c10251f,fluorapatite,0,2,2,0.5787703394889832,0.031243540346622467,0.18412184715270996,0.7657204866409302,0.01891406998038292
VTM-002771,DG-272c62f09ed9,fluorapatite,0,2,1,0.6411269903182983,0.06042252853512764,0.5193160176277161,0.37649762630462646,0.043763816356658936
VTM-002772,DG-be4ab2bcc955,fluorapatite,0,2,2,0.6481097340583801,0.13801218569278717,0.22931724786758423,0.40217775106430054,0.23049286007881165
VTM-002781,DG-46e771570fcc,fluorapatite,0,2,2,0.5301129221916199,0.011204232461750507,0.17918957769870758,0.6698112487792969,0.1397949755191803
VTM-002785,DG-4469f02a60a8,fluorapatite,0,2,2,0.5593079924583435,0.002670026384294033,0.03418649733066559,0.9582104682922363,0.004932993091642857
VTM-002790,DG-e68a1a5c5b3a,fluorapatite,0,2,2,0.5511782169342041,0.0009579436155036092,0.011290163733065128,0.985868513584137,0.0018833826761692762
VTM-002807,DG-69def72eb9e9,fluorapatite,0,2,2,0.7151528596878052,0.26728978753089905,0.06411796063184738,0.33627796173095703,0.33231431245803833
VTM-002823,DG-2736a493772c,fluorapatite,0,2,2,0.6602250337600708,0.1395784318447113,0.07727525383234024,0.7098022699356079,0.07334404438734055
VTM-002825,DG-72c1ed9d3742,fluorapatite,0,2,2,0.518295168876648,0.006186897866427898,0.035285964608192444,0.9100610017776489,0.04846613109111786
VTM-002836,DG-52b433221a61,fluorapatite,0,2,2,0.5279603600502014,0.008232119493186474,0.06285778433084488,0.8955142498016357,0.03339580446481705
VTM-002837,DG-80b30b3877a9,fluorapatite,0,2,2,0.5535444021224976,0.006448505446314812,0.06586222350597382,0.9117785692214966,0.015910625457763672
VTM-002843,DG-6cf9e43f18ec,fluorapatite,0,2,2,0.5544253587722778,0.00037113617872819304,0.027480974793434143,0.9713960289955139,0.0007518567144870758
VTM-002868,DG-36c6aeaf573b,fluorapatite,0,2,2,0.5587217807769775,0.0121693667024374,0.055693820118904114,0.9167238473892212,0.015412965789437294
VTM-002871,DG-df382346e67f,fluorapatite,0,2,2,0.5803870558738708,0.041298702359199524,0.16186955571174622,0.719423770904541,0.07740797847509384
VTM-002877,DG-8a907223c66e,fluorapatite,0,2,2,0.5279540419578552,0.0010013842256739736,0.02587132528424263,0.9705969095230103,0.0025303540751338005
VTM-002883,DG-36aae56870fe,pyroxene,0,2,2,0.5674789547920227,0.013012662529945374,0.018395278602838516,0.9434212446212769,0.025170795619487762
VTM-002889,DG-eab811b126b9,pyroxene,0,2,2,0.552914023399353,0.0022520311176776886,0.10577911138534546,0.889643132686615,0.0023257751017808914
VTM-002890,DG-11491d7706ee,pyroxene,0,2,2,0.5561416149139404,0.004399153403937817,0.3967762589454651,0.588779091835022,0.010045547038316727
VTM-002897,DG-2d0fc3c5c9d3,pyroxene,0,2,2,0.5332189202308655,0.007114221341907978,0.013696777634322643,0.9466442465782166,0.032544709742069244
VTM-002905,DG-e77a1968fdac,pyroxene,0,2,2,0.6320607662200928,0.10124370455741882,0.18378767371177673,0.6055339574813843,0.10943460464477539
VTM-002906,DG-b16fad4d3847,pyroxene,0,2,2,0.5653868913650513,0.011356175877153873,0.4329473078250885,0.5198246240615845,0.03587187081575394
VTM-002908,DG-4cb62f3b3d05,pyroxene,0,2,2,0.59238600730896,0.02349856123328209,0.31559857726097107,0.6530898809432983,0.007813050411641598
VTM-002916,DG-1c7371bdcb66,pyroxene,0,2,2,0.5072399377822876,0.0038280198350548744,0.11281773447990417,0.6871888637542725,0.19616539776325226
VTM-002925,DG-be861e30956d,pyroxene,0,2,2,0.5135841965675354,0.0021931263618171215,0.15846937894821167,0.832105278968811,0.007232175208628178
VTM-002932,DG-2c26f97e5fb9,pyroxene,0,2,2,0.5567201972007751,0.0008170533692464232,0.002018190920352936,0.995220422744751,0.0019443249329924583
VTM-002938,DG-bc185c527a55,pyroxene,0,2,2,0.5206816792488098,0.0019554668106138706,0.0961511880159378,0.8936719298362732,0.008221425116062164
VTM-002940,DG-549fc5a84cd4,pyroxene,0,2,1,0.5950774550437927,0.006886976771056652,0.6178369522094727,0.023036817088723183,0.3522392809391022
VTM-002943,DG-07330e94de70,pyroxene,0,2,1,0.6439968347549438,0.052681028842926025,0.62350994348526,0.22473280131816864,0.09907619655132294
VTM-002944,DG-b8a1ecd98f5a,pyroxene,0,2,0,0.8475332856178284,0.7682287096977234,0.07454956322908401,0.04535976052284241,0.11186195909976959
VTM-002945,DG-a3da53eac318,pyroxene,0,2,3,0.6378164887428284,0.11479923129081726,0.3013194501399994,0.24366454780101776,0.3402167558670044
VTM-002949,DG-ad541d9a5e1b,pyroxene,0,2,2,0.5557284951210022,0.008351373486220837,0.0133903156965971,0.9480475187301636,0.030210809782147408
VTM-002959,DG-3e022997c6a8,pyroxene,0,2,3,0.7430012822151184,0.3629922568798065,0.06190042197704315,0.026859775185585022,0.5482475757598877
VTM-002965,DG-39c6e752f427,pyroxene,0,2,2,0.5436660647392273,0.0017355164745822549,0.011804434470832348,0.981120765209198,0.005339262541383505
VTM-002967,DG-14999e51fe9c,pyroxene,0,2,1,0.5992167592048645,0.004956323653459549,0.6889615654945374,0.25880175828933716,0.04728037118911743
VTM-002970,DG-9017ab1d9737,pyroxene,0,2,1,0.5790265202522278,0.0010321506997570395,0.6192314624786377,0.3703656792640686,0.009370685555040836
VTM-002976,DG-cdaffff70d2b,pyroxene,0,2,1,0.6171059608459473,0.0066600702702999115,0.6180537343025208,0.3680346608161926,0.007251526229083538
VTM-002984,DG-12e46649f5c8,pyroxene,0,2,2,0.5290074944496155,0.000752848107367754,0.005301854573190212,0.9911089539527893,0.00283636013045907
VTM-002989,DG-4b523dce0848,pyroxene,0,2,3,0.6951360702514648,0.24248817563056946,0.1564943939447403,0.28083962202072144,0.3201778531074524
VTM-002990,DG-3b33867e6177,pyroxene,0,2,2,0.538769543170929,0.004727617837488651,0.019793914631009102,0.9578616619110107,0.017616817727684975
VTM-002994,DG-844c37912472,pyroxene,0,2,2,0.6171308755874634,0.08993487060070038,0.20284156501293182,0.6069982051849365,0.10022532194852829
VTM-002998,DG-02530580d7df,pyroxene,0,2,2,0.5475407838821411,0.0005686623044312,0.015031443908810616,0.983794093132019,0.0006058260914869606
VTM-003001,DG-83d2bf0fab9e,pyroxene,0,2,2,0.5168718099594116,0.002720833756029606,0.035602957010269165,0.9420648813247681,0.019611291587352753
VTM-003004,DG-06d08f9dea64,pyroxene,0,2,1,0.6318010091781616,0.08295563608407974,0.4609609842300415,0.24145381152629852,0.21462956070899963
VTM-003005,DG-6e6ba758e9a7,pyroxene,0,2,2,0.5659970045089722,0.008704690262675285,0.40118491649627686,0.5697249174118042,0.020385459065437317
VTM-003022,DG-36d27ee1f175,pyroxene,0,2,2,0.5451962351799011,0.004246507305651903,0.016780482605099678,0.9661738872528076,0.01279912143945694
VTM-003028,DG-4862682be165,pyroxene,0,2,1,0.6183765530586243,0.021604854613542557,0.5357015132904053,0.4262288212776184,0.01646476238965988
VTM-003031,DG-7d95cd5f2601,pyroxene,0,2,2,0.5490084290504456,0.011211605742573738,0.07254103571176529,0.8931568264961243,0.023090535774827003
VTM-003032,DG-9b6b7039f87d,pyroxene,0,2,2,0.599577784538269,0.07434548437595367,0.06637579947710037,0.6966085433959961,0.16267013549804688
VTM-003038,DG-cc2d318d7866,pyroxene,0,2,2,0.6721919178962708,0.17127634584903717,0.07004580646753311,0.5276603102684021,0.23101750016212463
VTM-003050,DG-a8ccd74c97e8,pyroxene,0,2,2,0.5504711866378784,0.0138623071834445,0.05624512583017349,0.5343762636184692,0.3955163359642029
VTM-003052,DG-85795c0d6b16,pyroxene,0,2,2,0.5671821236610413,0.023276664316654205,0.09447654336690903,0.850752592086792,0.03149418905377388
VTM-003061,DG-02721674da63,pyroxene,0,2,0,0.8334923386573792,0.6826471090316772,0.18638834357261658,0.09318463504314423,0.037779949605464935
VTM-003064,DG-b7f4a5c233c8,pyroxene,0,2,2,0.5906083583831787,0.04294082522392273,0.051288336515426636,0.839187741279602,0.0665830671787262
VTM-003065,DG-d07ead84c7a2,pyroxene,0,2,2,0.6261627078056335,0.09154734015464783,0.03273588418960571,0.6792188882827759,0.1964978277683258
VTM-003067,DG-2634c9e90787,pyroxene,0,2,2,0.5272948145866394,0.011360022239387035,0.05236230790615082,0.8174681663513184,0.11880947649478912
VTM-003070,DG-316331c5fc65,pyroxene,0,2,2,0.5631046891212463,0.024687279015779495,0.10236792266368866,0.8166767358779907,0.05626807361841202
VTM-003073,DG-53909db5f730,pyroxene,0,2,1,0.5610374808311462,0.00656769797205925,0.4688110947608948,0.40973925590515137,0.11488192528486252
VTM-003074,DG-1599a4790f64,pyroxene,0,2,2,0.5663241147994995,0.0082938801497221,0.011877594515681267,0.9511467814445496,0.028681758791208267
VTM-003075,DG-ba0752659635,pyroxene,0,2,2,0.5502224564552307,0.0016427747905254364,0.005109639372676611,0.989112138748169,0.0041354503482580185
VTM-003076,DG-27c27a638953,pyroxene,0,2,2,0.540224015712738,0.002448286861181259,0.02765958197414875,0.9626027345657349,0.007289399392902851
VTM-003077,DG-24c93776e634,pyroxene,0,2,2,0.5344890356063843,0.005705437622964382,0.028766905888915062,0.9432199001312256,0.02230777218937874
VTM-003079,DG-5e46fbd860b7,pyroxene,0,2,0,0.8201923370361328,0.6153208017349243,0.05266639590263367,0.06721192598342896,0.2648008465766907
VTM-003082,DG-c0e74af687b9,pyroxene,0,2,2,0.6051564812660217,0.041790254414081573,0.050211090594530106,0.7051612138748169,0.20283746719360352
VTM-003086,DG-7ca64cc7944a,pyroxene,0,2,2,0.5385212302207947,0.0013610864989459515,0.005424651317298412,0.9898709058761597,0.003343393327668309
VTM-003100,DG-efd3e7c09da1,pyroxene,0,2,2,0.5440678000450134,0.011518171988427639,0.03313692286610603,0.9000568389892578,0.055288076400756836
VTM-003121,DG-4a2a9de238bd,pyroxene,0,2,2,0.6154706478118896,0.0951395332813263,0.15748582780361176,0.6659402847290039,0.08143435418605804
VTM-003123,DG-4769b5641f77,pyroxene,0,2,1,0.5989121794700623,0.023744944483041763,0.4963030219078064,0.43802177906036377,0.04193023219704628
VTM-003131,DG-3879cfb76799,pyroxene,0,2,2,0.5122897028923035,0.0038362364284694195,0.19656920433044434,0.7766146659851074,0.022979915142059326
VTM-003138,DG-1c3426d57d0e,pyroxene,0,2,2,0.5137025117874146,0.0003865797771140933,0.03713484853506088,0.9603814482688904,0.0020971614867448807
VTM-003150,DG-a4568071fec7,pyroxene,0,2,3,0.6215864419937134,0.07896915078163147,0.2064429521560669,0.19708439707756042,0.5175034999847412
VTM-003153,DG-09bec96d834d,pyroxene,0,2,2,0.5440715551376343,7.283361628651619e-05,0.0013009606627747416,0.9983134269714355,0.0003128429234493524
VTM-003160,DG-42c5982d528d,pyroxene,0,2,1,0.684218168258667,0.10821020603179932,0.668663501739502,0.13638673722743988,0.08673960715532303
VTM-003166,DG-fefad8b6e176,pyroxene,0,2,2,0.5547761917114258,0.004832909442484379,0.018806254491209984,0.9659475088119507,0.01041332632303238
VTM-003167,DG-fde5f2d58bd6,pyroxene,0,2,2,0.6896703839302063,0.21907848119735718,0.21638931334018707,0.3696258068084717,0.19490638375282288
VTM-003171,DG-462d909e6446,pyroxene,0,2,1,0.6379819512367249,0.019177492707967758,0.6574121713638306,0.30626556277275085,0.017144758254289627
VTM-003194,DG-aa5a0a987491,pyroxene,0,2,2,0.5165075063705444,0.00034218153450638056,0.009786060079932213,0.9872830510139465,0.002588716335594654
VTM-003203,DG-8941dbf84126,pyroxene,0,2,2,0.5739443898200989,0.011947141960263252,0.0478515587747097,0.9265197515487671,0.013681579381227493
VTM-003206,DG-22c07204cbd1,pyroxene,0,2,1,0.7187919020652771,0.2522980570793152,0.45217251777648926,0.2473871409893036,0.04814232885837555
VTM-003207,DG-950feff8cd7c,pyroxene,0,2,3,0.6644952893257141,0.1465817093849182,0.16316020488739014,0.22943457961082458,0.46082350611686707
VTM-003212,DG-1f9988a126e0,pyroxene,0,2,2,0.5243808031082153,0.002889718394726515,0.029696717858314514,0.9529983997344971,0.014415168203413486
VTM-003213,DG-560d0dea0375,pyroxene,0,2,2,0.521743655204773,0.0005331416032277048,0.04968269541859627,0.9479354619979858,0.0018487107008695602
VTM-003214,DG-a100a5d98221,pyroxene,0,2,2,0.558798611164093,0.001243778970092535,0.26012468338012695,0.73703932762146,0.001592177082784474
VTM-003222,DG-8288d203dff6,pyroxene,0,2,2,0.5228147506713867,0.008119776844978333,0.2205466330051422,0.7068666219711304,0.06446696817874908
VTM-003223,DG-ab7eefd4077b,pyroxene,0,2,2,0.6429388523101807,0.11128940433263779,0.07554297149181366,0.6806955337524414,0.13247205317020416
VTM-003228,DG-f7485785bb60,pyroxene,0,2,2,0.6364060640335083,0.12961626052856445,0.14490225911140442,0.5897394418716431,0.13574200868606567
VTM-003234,DG-3d3392c2e5f0,pyroxene,0,2,0,0.7740291357040405,0.49163177609443665,0.16544054448604584,0.18292756378650665,0.16000011563301086
VTM-003237,DG-14ea4ea1ba5a,pyroxene,0,2,2,0.5447514653205872,0.0060921935364604,0.024193668738007545,0.9468092918395996,0.022904837504029274
VTM-003241,DG-95614b45fff9,pyroxene,0,2,2,0.5977959036827087,0.05484648048877716,0.24318818747997284,0.6272141337394714,0.07475116848945618
VTM-003247,DG-338ead0166e2,pyroxene,0,2,2,0.6124610900878906,0.054250575602054596,0.379396915435791,0.5080831050872803,0.058269400149583817
VTM-003250,DG-18740d3fe08a,pyroxene,0,2,1,0.6536133289337158,0.0019947791006416082,0.9544740915298462,0.031902071088552475,0.011629070155322552
VTM-003263,DG-6965691b2848,pyroxene,0,2,3,0.5529170036315918,0.0068489499390125275,0.07064329087734222,0.2826828360557556,0.6398249864578247
VTM-003267,DG-02b2d54663c6,pyroxene,0,2,2,0.5520803332328796,0.0004698631528299302,0.004548325669020414,0.99357670545578,0.001405106158927083
VTM-003270,DG-1f5a0b16a3ed,pyroxene,0,2,2,0.5558774471282959,0.0015526548959314823,0.005018939264118671,0.9880307912826538,0.00539766438305378
VTM-003271,DG-8ebff64cb761,pyroxene,0,2,0,0.7650405168533325,0.4061658978462219,0.1635144054889679,0.13686950504779816,0.29345017671585083
VTM-003278,DG-3c6a6909d89a,pyroxene,0,2,2,0.5608035326004028,0.010165153071284294,0.3383510708808899,0.44718027114868164,0.2043035328388214
VTM-003285,DG-1ff1ce12d66b,pyroxene,0,2,2,0.5279164910316467,0.01105218194425106,0.09471188485622406,0.8149226307868958,0.07931333035230637
VTM-003292,DG-eddf3fe91859,pyroxene,0,2,0,0.8213773965835571,0.6310417056083679,0.13367103040218353,0.09183289110660553,0.1434544324874878
VTM-003295,DG-d59fd9a05c51,pyroxene,0,2,2,0.5305410623550415,0.0022557140327990055,0.03584843873977661,0.9562737941741943,0.005622086580842733
VTM-003310,DG-1b4c1aa9a9fe,pyroxene,0,2,2,0.6670839190483093,0.1507783979177475,0.07655917853116989,0.5469765663146973,0.2256859540939331
VTM-003312,DG-fbffbc92ac4c,pyroxene,0,2,0,0.8307514190673828,0.6709540486335754,0.04785893112421036,0.10557115077972412,0.17561586201190948
VTM-003317,DG-0d894807161b,pyroxene,0,2,3,0.654904842376709,0.11450058221817017,0.03547639772295952,0.06736035645008087,0.7826626300811768
VTM-003320,DG-22b3614d5d80,pyroxene,0,2,2,0.5595807433128357,0.029351454228162766,0.1355229914188385,0.7738924026489258,0.061233118176460266
VTM-003333,DG-661055fb0015,pyroxene,0,2,2,0.5407445430755615,0.017986895516514778,0.09023375809192657,0.8216714859008789,0.0701078325510025
VTM-003336,DG-3dba07bb68d0,pyroxene,0,2,1,0.5420249700546265,0.00019837054423987865,0.5474056005477905,0.43796807527542114,0.014427945017814636
VTM-003339,DG-4035b23cd25e,pyroxene,0,2,2,0.5306769609451294,0.0013673068024218082,0.2187194526195526,0.7773996591567993,0.002513590268790722
VTM-003346,DG-ee78988ee792,pyroxene,0,2,2,0.5541883111000061,0.01981337182223797,0.2580186724662781,0.7022594213485718,0.019908571615815163
VTM-003349,DG-a0069817896e,pyroxene,0,2,1,0.6907522678375244,0.12424953281879425,0.6338649392127991,0.1500917375087738,0.09179379045963287
VTM-003350,DG-0690521d9dd1,pyroxene,0,2,1,0.6354255080223083,0.009670856408774853,0.7482675313949585,0.23225316405296326,0.009808414615690708
VTM-003360,DG-8944adb9e4d0,pyroxene,0,2,2,0.4895055592060089,0.0013655729126185179,0.02445508912205696,0.8990122079849243,0.07516714930534363
VTM-003365,DG-9024f403e746,pyroxene,0,2,2,0.6599283814430237,0.16998191177845,0.1704990565776825,0.46875685453414917,0.19076219201087952
VTM-003368,DG-5c008822d96c,pyroxene,0,2,2,0.5306699872016907,0.007128531113266945,0.19735780358314514,0.5164269804954529,0.2790866792201996
VTM-003372,DG-9a2260bd7fa8,pyroxene,0,2,3,0.7148069143295288,0.2679091691970825,0.17005367577075958,0.08585609495639801,0.4761810302734375
VTM-003376,DG-377a00333bb0,quartz,0,2,2,0.6761154532432556,0.21793334186077118,0.18956300616264343,0.4640197157859802,0.12848396599292755
VTM-003377,DG-097f1d18428b,quartz,0,2,2,0.5399113893508911,0.002811139216646552,0.041988641023635864,0.9471951723098755,0.00800496805459261
VTM-003382,DG-158ff5dc1237,quartz,0,2,2,0.4920913279056549,0.0003235560725443065,0.06483365595340729,0.9273144006729126,0.007528448477387428
VTM-003385,DG-ea65739cc711,quartz,0,2,2,0.5363340377807617,0.007759910076856613,0.02773873135447502,0.9167711734771729,0.04773019999265671
VTM-003389,DG-b1744c7cf0c2,quartz,0,2,2,0.5389493107795715,0.0006051374366506934,0.010489747859537601,0.9870833158493042,0.0018218563636764884
VTM-003403,DG-63aee8bc16a5,quartz,0,2,2,0.5555923581123352,0.015585023909807205,0.21491049230098724,0.509374737739563,0.26012974977493286
VTM-003410,DG-7c7d670e261b,quartz,0,2,2,0.5961252450942993,0.054127804934978485,0.04756913334131241,0.6841715574264526,0.21413153409957886
VTM-003411,DG-07115f81dfcd,quartz,0,2,2,0.5375310778617859,0.0008276795851998031,0.032360613346099854,0.9641785621643066,0.002633156720548868
VTM-003413,DG-824db2e21f39,quartz,0,2,2,0.5718311667442322,0.025860873982310295,0.03522900491952896,0.8534592390060425,0.08545087277889252
VTM-003421,DG-4abd43475340,quartz,0,2,3,0.5690051317214966,0.029214046895503998,0.0422743521630764,0.42375174164772034,0.5047598481178284
VTM-003435,DG-96d7f42c0adb,quartz,0,2,2,0.5321033000946045,0.0060379039496183395,0.020842181518673897,0.9244370460510254,0.04868294298648834
VTM-003440,DG-261ea5b34997,quartz,0,2,1,0.6601088643074036,0.027149874716997147,0.8076746463775635,0.11008673906326294,0.055088743567466736
VTM-003449,DG-16b8d9127ed1,quartz,0,2,2,0.620281994342804,0.09894371777772903,0.09161889553070068,0.7321958541870117,0.07724162936210632
VTM-003454,DG-6bd160447dec,quartz,0,2,2,0.5266892313957214,0.0006077631842344999,0.018472932279109955,0.9786216020584106,0.0022977162152528763
VTM-003460,DG-e96452f60267,quartz,0,2,3,0.6463555693626404,0.1073114275932312,0.04042472317814827,0.21103157103061676,0.6412322521209717
VTM-003461,DG-d3a537a397ff,quartz,0,2,2,0.5598034858703613,0.0005306878010742366,0.005132850259542465,0.9936908483505249,0.000645575812086463
VTM-003465,DG-c7491a8989bf,quartz,0,2,2,0.5481156706809998,0.003967408090829849,0.05492154508829117,0.9346195459365845,0.006491461768746376
VTM-003466,DG-aa46a7de04fc,quartz,0,2,1,0.6407632231712341,0.010874738916754723,0.8254851698875427,0.1150943785905838,0.04854568466544151
VTM-003467,DG-429d37c43d66,quartz,0,2,2,0.5163086652755737,0.0024993314873427153,0.04698937013745308,0.934697151184082,0.015814177691936493
VTM-003480,DG-3d3d9d2099e2,quartz,0,2,2,0.5480815768241882,0.01009863056242466,0.11746328324079514,0.8581089973449707,0.01432905811816454
VTM-003482,DG-bfed05c4de06,quartz,0,2,2,0.5563458800315857,0.006821927148848772,0.17466112971305847,0.8074214458465576,0.011095523834228516
VTM-003488,DG-920d18c7cd9b,quartz,0,2,2,0.5471592545509338,0.00010463391663506627,0.0038412734866142273,0.9957844018936157,0.0002696569717954844
VTM-003491,DG-d3548175b837,quartz,0,2,3,0.5897655487060547,0.03773730248212814,0.029445281252264977,0.026218507438898087,0.9065989255905151
VTM-003493,DG-52defffa941a,quartz,0,2,2,0.5598654747009277,0.0008036779472604394,0.005939651280641556,0.9917100667953491,0.001546627376228571
VTM-003496,DG-7f1d4e8c35e6,quartz,0,2,2,0.6312438249588013,0.11562398076057434,0.14539708197116852,0.6522502303123474,0.08672870695590973
VTM-003506,DG-e33088583ef2,quartz,0,2,2,0.5864050984382629,0.01924709975719452,0.0528901070356369,0.9164332747459412,0.011429516598582268
VTM-003508,DG-a38b0a9744eb,quartz,0,2,2,0.5205240249633789,0.001217113109305501,0.06285038590431213,0.9314451217651367,0.004487373400479555
VTM-003511,DG-f72b8cc0acd6,quartz,0,2,2,0.5571920871734619,0.00032023119274526834,0.01630021259188652,0.9823193550109863,0.001060277922078967
VTM-003522,DG-910752bb3793,quartz,0,2,2,0.5500360727310181,0.0016801509773358703,0.018847983330488205,0.9752777814865112,0.004194181878119707
VTM-003524,DG-be614c901c26,quartz,0,2,2,0.5427603721618652,0.010852005332708359,0.04910951107740402,0.9212926626205444,0.018745847046375275
VTM-003525,DG-ac33ddbd658c,quartz,0,2,2,0.6720947027206421,0.1961534321308136,0.29760757088661194,0.32463425397872925,0.18160472810268402
VTM-003529,DG-e5a471320004,quartz,0,2,2,0.5158786177635193,0.0052340468391776085,0.0535646490752697,0.8900561332702637,0.05114522948861122
VTM-003533,DG-fe261ae27bba,quartz,0,2,2,0.506064236164093,0.0028707580640912056,0.09559538960456848,0.8701646327972412,0.03136923164129257
VTM-003543,DG-3398d3725b33,quartz,0,2,2,0.517003059387207,0.0005413313047029078,0.004637902602553368,0.9918869733810425,0.002933790907263756
VTM-003545,DG-09051d5fe4a8,quartz,0,2,2,0.5174597501754761,9.919895092025399e-05,0.001961304573342204,0.9971835017204285,0.000755979388486594
VTM-003549,DG-25715dcbbdb0,quartz,0,2,2,0.5123056769371033,0.00020731640688609332,0.003593642730265856,0.9926815629005432,0.0035175078082829714
VTM-003554,DG-f0ce4e81bd3e,quartz,0,2,2,0.5483910441398621,0.006770426407456398,0.016856646165251732,0.6809029579162598,0.29547005891799927
VTM-003555,DG-8e8e41ab8e34,quartz,0,2,2,0.5418183207511902,0.0008305123774334788,0.006516812369227409,0.9898024797439575,0.0028502270579338074
VTM-003562,DG-537b7d49f26f,quartz,0,2,2,0.5502697229385376,0.005394060164690018,0.2799161374568939,0.7050609588623047,0.00962887704372406
VTM-003566,DG-4defa7fa3a5e,quartz,0,2,2,0.5358858704566956,0.0030764336697757244,0.038950301706790924,0.9509804248809814,0.006992854177951813
VTM-003567,DG-7e9e27e48328,quartz,0,2,2,0.583721399307251,0.047487661242485046,0.067726269364357,0.6530202627182007,0.23176583647727966
VTM-003568,DG-e3ccf6d9ccfd,quartz,0,2,2,0.5446078777313232,0.0022670961916446686,0.05544227361679077,0.9397125244140625,0.0025781062431633472
VTM-003575,DG-8e1404ad1726,quartz,0,2,3,0.6262103915214539,0.07432585954666138,0.2247060239315033,0.1868668645620346,0.5141012668609619
VTM-003591,DG-ddbf75ddcd6e,quartz,0,2,2,0.5980542302131653,0.053646788001060486,0.31125420331954956,0.4740530252456665,0.16104599833488464
VTM-003594,DG-5e8919787bf8,quartz,0,2,2,0.5322350263595581,0.0026701060123741627,0.04787491261959076,0.9412702322006226,0.008184729143977165
VTM-003598,DG-9bcead480c48,quartz,0,2,2,0.5438705086708069,0.001161365769803524,0.009067889302968979,0.9865932464599609,0.003177456557750702
VTM-003602,DG-0c8e223a4767,quartz,0,2,2,0.5166488885879517,0.0007360721938312054,0.012678701430559158,0.9793684482574463,0.0072167920880019665
VTM-003616,DG-abad6d7d8080,quartz,0,2,3,0.5414447784423828,0.006558601278811693,0.00971408560872078,0.03297702968120575,0.9507502317428589
VTM-003617,DG-fafc140d3a11,quartz,0,2,2,0.5614357590675354,0.004119733348488808,0.011209729127585888,0.9766070246696472,0.008063523098826408
VTM-003627,DG-250b978331a9,quartz,0,2,1,0.6465057730674744,0.07203137874603271,0.5748064517974854,0.2045917510986328,0.14857041835784912
VTM-003629,DG-a95fa2858248,quartz,0,2,2,0.5392751097679138,0.0005562131991609931,0.007414999417960644,0.9905136823654175,0.0015150352846831083
VTM-003634,DG-198ae0a6221b,quartz,0,2,2,0.5535765886306763,0.0003853212692774832,0.005103754810988903,0.9936255216598511,0.0008854373591020703
VTM-003635,DG-9b1ae3e424e1,vesuvianite,0,2,2,0.5367922186851501,0.00453192088752985,0.0729190856218338,0.9126626253128052,0.009886318817734718
VTM-003638,DG-3f6e67869303,vesuvianite,0,2,2,0.5084174871444702,0.00022341801377478987,0.007483894005417824,0.9906409978866577,0.0016517373733222485
VTM-003640,DG-92b9ab8ad16a,vesuvianite,0,2,2,0.5158174633979797,0.0004966144333593547,0.09551680833101273,0.902596116065979,0.0013904670486226678
VTM-003649,DG-2e6c89c5b3ae,vesuvianite,0,2,2,0.5340661406517029,0.0006300743552856147,0.02450980804860592,0.9729654788970947,0.0018946384079754353
VTM-003653,DG-3ab34db7bfd1,vesuvianite,0,2,1,0.6243392825126648,0.02616001106798649,0.5813192129135132,0.19113951921463013,0.20138123631477356
VTM-003656,DG-190999b9116a,vesuvianite,0,2,1,0.5893385410308838,0.00502619706094265,0.6479493975639343,0.30752795934677124,0.039496418088674545
VTM-003662,DG-bb227bfb3420,vesuvianite,0,2,2,0.6139042973518372,0.08490777760744095,0.08762472867965698,0.7637431025505066,0.06372439861297607
VTM-003671,DG-3e00c1c23538,vesuvianite,0,2,2,0.5038877725601196,2.366472836001776e-05,0.013131581246852875,0.9867126941680908,0.00013202650006860495
VTM-003672,DG-822cf8738f5d,vesuvianite,0,2,2,0.5170908570289612,0.002499932423233986,0.009749334305524826,0.9452415108680725,0.04250924289226532
VTM-003677,DG-1c277c481e71,vesuvianite,0,2,2,0.5412456393241882,0.0004369328962638974,0.003631092607975006,0.9949356317520142,0.000996359158307314
VTM-003684,DG-9143c728f2e4,vesuvianite,0,2,2,0.5353024005889893,0.0018319431692361832,0.07073375582695007,0.9223880171775818,0.0050462293438613415
VTM-003689,DG-c3f58842267c,vesuvianite,0,2,1,0.6118152737617493,0.004405420273542404,0.652288556098938,0.33829551935195923,0.0050104642286896706
VTM-003699,DG-6fc8c9dd46c2,vesuvianite,0,2,2,0.5630477666854858,0.011921997182071209,0.14308768510818481,0.8336704969406128,0.01131979189813137
VTM-003703,DG-4b6f3648f005,vesuvianite,0,2,2,0.5502519011497498,0.0030315150506794453,0.08765046298503876,0.9075115919113159,0.0018064674222841859
VTM-003709,DG-7ab9f8718c59,vesuvianite,0,2,2,0.5537202954292297,0.0005424123955890536,0.24792546033859253,0.7510257959365845,0.0005063157877884805
VTM-003710,DG-2dd24a7e74de,vesuvianite,0,2,2,0.5339017510414124,0.00030313164461404085,0.04469501972198486,0.9535706043243408,0.0014311872655525804
VTM-003716,DG-fec0e3ebe36c,vesuvianite,0,2,2,0.5294785499572754,0.0003557713353075087,0.00347724836319685,0.9945331811904907,0.0016338371206074953
VTM-003720,DG-f29984ccdfbc,vesuvianite,0,2,2,0.5203633308410645,0.005475475452840328,0.25927889347076416,0.6866331100463867,0.048612549901008606
VTM-003721,DG-450b654cca09,vesuvianite,0,2,1,0.6277700662612915,0.02148362621665001,0.6591516137123108,0.13937495648860931,0.1799897998571396
VTM-003722,DG-36c1b91e92c4,vesuvianite,0,2,2,0.542091429233551,0.018662068992853165,0.08684040606021881,0.7915753126144409,0.10292220115661621
VTM-003723,DG-9ac1992626f5,vesuvianite,0,2,2,0.5277166366577148,0.0008615170372650027,0.017316386103630066,0.9801979064941406,0.0016241965349763632
VTM-003725,DG-3c0710e2cf7a,vesuvianite,0,2,1,0.630937397480011,0.006128400564193726,0.7056782245635986,0.2739778757095337,0.014215447008609772
VTM-003730,DG-2a71e1dd984b,vesuvianite,0,2,2,0.5110909342765808,0.00037922229967080057,0.03314531594514847,0.9649381637573242,0.0015372270718216896
VTM-003731,DG-203527ab6025,vesuvianite,0,2,2,0.534396767616272,0.006308814976364374,0.22561544179916382,0.5127853155136108,0.2552904188632965
VTM-003732,DG-4da9660a3e4a,vesuvianite,0,2,2,0.5446585416793823,0.024021057412028313,0.18656370043754578,0.7154874801635742,0.07392768561840057
VTM-003733,DG-01bda451d9d8,vesuvianite,0,2,2,0.5287748575210571,0.00218767486512661,0.25289878249168396,0.7379188537597656,0.006994705647230148
VTM-003734,DG-f4757a09ca77,vesuvianite,0,2,2,0.5391268730163574,0.00035248856875114143,0.09161698818206787,0.9073798656463623,0.0006505940109491348
VTM-003736,DG-098cd3520726,vesuvianite,0,2,1,0.6625376343727112,0.062079619616270065,0.6852262020111084,0.0950043573975563,0.15768983960151672
VTM-003738,DG-3fcc6443e50b,vesuvianite,0,2,2,0.5126431584358215,0.0032123741693794727,0.10040460526943207,0.883479654788971,0.01290334202349186
VTM-003740,DG-27aea3fc2159,vesuvianite,0,2,1,0.6521981358528137,0.002192906802520156,0.9104474782943726,0.07542401552200317,0.011935591697692871
VTM-003744,DG-4cc593148c28,vesuvianite,0,2,2,0.5346053242683411,0.01594267413020134,0.1781075894832611,0.650373101234436,0.1555766463279724
VTM-003750,DG-515956afdf20,vesuvianite,0,2,2,0.5403686761856079,0.0008851018501445651,0.08442878723144531,0.9133350849151611,0.001350986072793603
VTM-003782,DG-fd86295b3985,vesuvianite,0,2,2,0.52827388048172,0.0015166006051003933,0.15191757678985596,0.8439455628395081,0.0026202979497611523
VTM-003791,DG-9dff8031a414,vesuvianite,0,2,2,0.5397788286209106,0.00664218794554472,0.12385565042495728,0.85951167345047,0.009990476071834564
VTM-003793,DG-4323ca94ec6c,vesuvianite,0,2,2,0.5328014492988586,0.006399322301149368,0.2542364299297333,0.7270103693008423,0.012353900820016861
VTM-003796,DG-4ec837d93f83,vesuvianite,0,2,2,0.5148137211799622,0.006497509311884642,0.059058696031570435,0.6935011148452759,0.24094271659851074
VTM-003805,DG-78baa91d3b62,vesuvianite,0,2,2,0.6032271981239319,0.07507775723934174,0.22508156299591064,0.6120432019233704,0.08779746294021606
VTM-003807,DG-ffb1301309a4,vesuvianite,0,2,2,0.555695116519928,0.01442923117429018,0.2882472276687622,0.46284860372543335,0.23447498679161072
VTM-003810,DG-b4aae2ea6684,vesuvianite,0,2,2,0.5785302519798279,0.004090907983481884,0.4850068986415863,0.5030069351196289,0.007895277813076973
VTM-003813,DG-49391b2e04a9,vesuvianite,0,2,2,0.5104480385780334,0.006489871069788933,0.14446738362312317,0.7817105650901794,0.0673321858048439
VTM-003816,DG-7ed07056e72b,vesuvianite,0,2,2,0.553612232208252,0.004394413437694311,0.14528301358222961,0.8457919359207153,0.004530667327344418
VTM-003823,DG-761d07d6b728,vesuvianite,0,2,1,0.7138247489929199,0.13382190465927124,0.7588131427764893,0.07511814683675766,0.032246775925159454
VTM-003826,DG-aa64a9902042,vesuvianite,0,2,2,0.5318853259086609,0.009511088952422142,0.05042906850576401,0.8773031234741211,0.0627567321062088
VTM-003827,DG-285a110f7562,vesuvianite,0,2,2,0.524449348449707,0.0014812559820711613,0.06691606342792511,0.9277066588401794,0.0038959989324212074
VTM-003831,DG-4be4d721e464,vesuvianite,0,2,2,0.5359576940536499,0.0011047526495531201,0.03772446885704994,0.9594175219535828,0.0017532415222376585
VTM-003832,DG-aedfdef6c9dd,vesuvianite,0,2,1,0.6308650374412537,0.04114851355552673,0.6283754706382751,0.2484898865222931,0.08198605477809906
VTM-003840,DG-3cf31fae6d23,vesuvianite,0,2,2,0.5204168558120728,0.0026625720784068108,0.14379209280014038,0.8409781455993652,0.01256714016199112
VTM-003843,DG-e2df066724b5,vesuvianite,0,2,1,0.6183626055717468,0.0013851176481693983,0.8021469116210938,0.18919843435287476,0.007269458379596472
VTM-003850,DG-e94d11f17d33,vesuvianite,0,2,2,0.5601430535316467,0.022463031113147736,0.11084803193807602,0.830979585647583,0.03570936992764473
VTM-003855,DG-bba20012f7ff,vesuvianite,0,2,2,0.5828978419303894,0.023784495890140533,0.06157659366726875,0.896200954914093,0.018437953665852547
VTM-003856,DG-d3e07d74dc04,vesuvianite,0,2,2,0.5806693434715271,0.0384884737432003,0.12130674719810486,0.7984868288040161,0.04171792417764664
VTM-003862,DG-33077a1095e1,vesuvianite,0,2,1,0.650568962097168,0.0020520235411822796,0.855495035648346,0.13711358606815338,0.005339313764125109
VTM-003868,DG-988342957832,vesuvianite,0,2,2,0.5628905892372131,0.012799990363419056,0.3743576407432556,0.6013855934143066,0.011456795036792755
VTM-003871,DG-1f03c396a434,vesuvianite,0,2,2,0.5064984560012817,0.0031038550660014153,0.1242411881685257,0.8460015058517456,0.026653509587049484
VTM-003876,DG-f14959620d42,vesuvianite,0,2,2,0.5246483683586121,0.0006688758730888367,0.012240112759172916,0.9850139617919922,0.002077088225632906
VTM-003877,DG-591abe10bfe5,vesuvianite,0,2,1,0.6127974987030029,0.0010288949124515057,0.7370642423629761,0.25873634219169617,0.0031705424189567566
VTM-003878,DG-811759214977,vesuvianite,0,2,3,0.69175785779953,0.23131956160068512,0.1365181803703308,0.25686168670654297,0.37530049681663513
VTM-003887,DG-64d015783567,vesuvianite,0,2,2,0.5171265602111816,0.00011773453297792003,0.07871543616056442,0.9209070205688477,0.0002598500868771225
VTM-003889,DG-e2f7b314b961,vesuvianite,0,2,2,0.49549174308776855,0.0009824660373851657,0.24204140901565552,0.7039380669593811,0.05303805321455002
VTM-003891,DG-382fc9f12b38,vesuvianite,0,2,2,0.5889362692832947,0.050891198217868805,0.32752975821495056,0.5443068146705627,0.07727227360010147
VTM-003897,DG-3d1dcb27dad7,vesuvianite,0,2,2,0.5289360880851746,0.007431169040501118,0.19876983761787415,0.7663412094116211,0.027457796037197113
VTM-003903,DG-737047940f15,vesuvianite,0,2,2,0.47489652037620544,0.000501531467307359,0.09013369679450989,0.8794010877609253,0.029963720589876175
VTM-003916,DG-62ff9ecdf8f9,vesuvianite,0,2,2,0.4911406636238098,0.00024296232732012868,0.06160108745098114,0.9351086616516113,0.0030472995713353157
VTM-003921,DG-d6f3bfcc82a3,vesuvianite,0,2,1,0.6309288740158081,0.0036606742069125175,0.8423625230789185,0.1425928771495819,0.011383892968297005
VTM-003925,DG-403408a696da,vesuvianite,0,2,0,0.7512224912643433,0.40654176473617554,0.2339191734790802,0.19890767335891724,0.16063141822814941
VTM-003927,DG-30aa90b1e374,vesuvianite,0,2,2,0.5203568339347839,0.001982126384973526,0.051456086337566376,0.9404077529907227,0.006154035683721304
VTM-003933,DG-292e31308efb,vesuvianite,0,2,2,0.5045335292816162,3.441509761614725e-05,0.002202190924435854,0.9973795413970947,0.00038384401705116034
VTM-003934,DG-cde12f5c8a99,vesuvianite,0,2,2,0.5420146584510803,0.007856910116970539,0.12428855150938034,0.8490797281265259,0.0187748484313488
VTM-003935,DG-d80e49ba3f14,vesuvianite,0,2,2,0.515640914440155,0.0005009064916521311,0.037080518901348114,0.9594973921775818,0.0029212122317403555
VTM-003936,DG-a5da20726561,vesuvianite,0,2,2,0.4857933819293976,0.00016726319154258817,0.2518571615219116,0.7417788505554199,0.00619678758084774
VTM-003944,DG-b8bbdd672761,vesuvianite,0,2,2,0.4915280342102051,0.00021226669196039438,0.060513824224472046,0.9355475902557373,0.003726290538907051
VTM-003956,DG-e7ddac66b305,vesuvianite,0,2,1,0.6319364905357361,0.0031809478532522917,0.896141767501831,0.08430469036102295,0.01637263409793377
VTM-003960,DG-d828cab7f924,vesuvianite,0,2,2,0.5068119764328003,0.0008635001140646636,0.13636121153831482,0.8572597503662109,0.005515568424016237
VTM-003964,DG-22543172b0c1,vesuvianite,0,2,2,0.5261220932006836,0.0020076758228242397,0.15577620267868042,0.837937593460083,0.004278519190847874
VTM-003972,DG-7df29f37c067,vesuvianite,0,2,2,0.5520508885383606,9.040497388923541e-05,0.012810285203158855,0.9869253635406494,0.00017396874318365008
VTM-003996,DG-3669ab7c0ab5,vesuvianite,0,2,2,0.5379477143287659,0.007359549403190613,0.06338535994291306,0.9018484354019165,0.02740667015314102
VTM-004003,DG-1ba10078971d,vesuvianite,0,2,2,0.5554917454719543,0.025287460535764694,0.16762565076351166,0.5338839888572693,0.27320289611816406
VTM-004005,DG-6fc92603d80b,vesuvianite,0,2,2,0.5055832862854004,0.00024976959684863687,0.017087865620851517,0.981095552444458,0.0015667929546907544
VTM-004007,DG-662b18f75ed5,vesuvianite,0,2,2,0.5308137536048889,0.013296522200107574,0.16674503684043884,0.7324929237365723,0.0874655544757843
VTM-004012,DG-b6258a6f84ef,vesuvianite,0,2,2,0.5040816068649292,0.001096909400075674,0.06130947172641754,0.9287309646606445,0.008862623944878578
VTM-004025,DG-a3276c20df4d,vesuvianite,0,2,2,0.536020815372467,0.00012930261436849833,0.0025064179208129644,0.9969175457954407,0.00044670066563412547
VTM-004027,DG-6b9df49cf5ae,vesuvianite,0,2,2,0.5338378548622131,0.007658998481929302,0.18460270762443542,0.780967116355896,0.02677111327648163
VTM-004040,DG-195887bfa623,vesuvianite,0,2,2,0.5462712049484253,0.012907778844237328,0.03371666371822357,0.8256422281265259,0.12773334980010986
VTM-004042,DG-2d1974985d68,vesuvianite,0,2,1,0.627596914768219,0.003257353790104389,0.7527475357055664,0.2388339340686798,0.005161180626600981
VTM-004044,DG-f9d12b79e75f,vesuvianite,0,2,1,0.618139386177063,0.009658928960561752,0.5675487518310547,0.416589617729187,0.006202714517712593
VTM-004063,DG-94bb3086cbb8,vesuvianite,0,2,2,0.5343109965324402,0.008346584625542164,0.23170322179794312,0.5883285999298096,0.17162162065505981
VTM-004064,DG-24d450703173,vesuvianite,0,2,2,0.6064925193786621,0.036594778299331665,0.4499966502189636,0.4671725630760193,0.04623600095510483
VTM-004075,DG-4ad0528d18ac,vesuvianite,0,2,2,0.5055434107780457,4.483670636545867e-05,0.014753656461834908,0.9846471548080444,0.0005543825682252645
VTM-004083,DG-778c8a290902,vesuvianite,0,2,2,0.5852934122085571,0.01529553160071373,0.31593984365463257,0.660240650177002,0.00852399505674839
VTM-004084,DG-96c776d4eabe,vesuvianite,0,2,2,0.5106468200683594,0.0016975747421383858,0.03085070475935936,0.9536197781562805,0.013831946067512035
VTM-004088,DG-fb4578ab7c80,vesuvianite,0,2,2,0.5142842531204224,0.0014204373583197594,0.03733193129301071,0.9568758606910706,0.004371762275695801
VTM-004093,DG-c8a5825e6950,vesuvianite,0,2,2,0.5024082660675049,0.0003967192897107452,0.11972697079181671,0.8752411603927612,0.004635177552700043
VTM-004096,DG-fbf28e0ec8a5,vesuvianite,0,2,2,0.5367271900177002,0.0012542239855974913,0.1026645302772522,0.8928037881851196,0.0032774177379906178
VTM-004102,DG-d229bb5b117b,vesuvianite,0,2,2,0.6533775329589844,0.12800927460193634,0.30192333459854126,0.4934929609298706,0.07657445222139359
VTM-004104,DG-f9940d52117c,vesuvianite,0,2,2,0.5605311989784241,0.0012131448602303863,0.40935200452804565,0.586419939994812,0.0030149701051414013
VTM-004109,DG-8e51afeeacec,vesuvianite,0,2,2,0.5105539560317993,0.0003233067400287837,0.08196043968200684,0.9165858030319214,0.0011304038343951106
VTM-004110,DG-de4a1c71f1f3,vesuvianite,0,2,2,0.5686537623405457,0.009075015783309937,0.2548907995223999,0.7278283834457397,0.00820573978126049
VTM-004111,DG-1704c11ac22f,vesuvianite,0,2,1,0.6351245641708374,0.05066971853375435,0.5213626027107239,0.40228062868118286,0.025687068700790405
VTM-004116,DG-62c3dea7d681,vesuvianite,0,2,1,0.7144917249679565,0.1996668577194214,0.567491352558136,0.1267087608575821,0.10613302886486053
VTM-004137,DG-03cb4d8280c5,chalcopyrite,0,3,3,0.5257954001426697,0.0013950332067906857,0.061929915100336075,0.012178300879895687,0.9244967699050903
VTM-004140,DG-36252213f314,chalcopyrite,0,3,3,0.5546368360519409,0.009481439366936684,0.10041874647140503,0.05334014445543289,0.8367596864700317
VTM-004154,DG-abc4ece41987,chalcopyrite,0,3,3,0.6108444333076477,0.05518756061792374,0.1774330735206604,0.22303026914596558,0.5443490743637085
VTM-004155,DG-a636b5037976,chalcopyrite,0,3,3,0.5465977191925049,0.002774225315079093,0.23258692026138306,0.019827894866466522,0.744810938835144
VTM-004158,DG-93521f3682a4,chalcopyrite,0,3,2,0.5098450779914856,0.0016966948751360178,0.018287349492311478,0.9339023232460022,0.04611361026763916
VTM-004159,DG-32645abe6c40,chalcopyrite,0,3,3,0.5701792240142822,0.009017262607812881,0.15434899926185608,0.13760115206241608,0.6990325450897217
VTM-004162,DG-e88b5f73d62e,chalcopyrite,0,3,2,0.5427551865577698,0.0120808444917202,0.07135134935379028,0.6872186064720154,0.22934916615486145
VTM-004178,DG-b6746205a70e,chalcopyrite,0,3,0,0.8114768862724304,0.6204431653022766,0.19398389756679535,0.05256536975502968,0.13300758600234985
VTM-004183,DG-4ad5a7e7e695,chalcopyrite,0,3,3,0.5452989339828491,0.0009052392560988665,0.0068818554282188416,0.01423061452805996,0.9779822826385498
VTM-004190,DG-dcee6fb17ddd,chalcopyrite,0,3,0,0.7753113508224487,0.4553029239177704,0.1800955832004547,0.142746239900589,0.2218552678823471
VTM-004201,DG-0f59261d4d4f,chalcopyrite,0,3,3,0.5237727761268616,0.001803962280973792,0.0345933698117733,0.00051831518067047,0.96308434009552
VTM-004203,DG-b8fbe6502090,chalcopyrite,0,3,3,0.6872833967208862,0.21471506357192993,0.15855014324188232,0.15558549761772156,0.4711492657661438
VTM-004204,DG-b19f1dc1d9f6,chalcopyrite,0,3,3,0.5853546261787415,0.028362464159727097,0.047647297382354736,0.07774946838617325,0.846240758895874
VTM-004209,DG-17021d22a929,chalcopyrite,0,3,0,0.6447035074234009,0.5939903259277344,0.047559142112731934,0.018683824688196182,0.3397667109966278
VTM-004211,DG-1d36ceddf19c,chalcopyrite,0,3,0,0.8589106798171997,0.8964855670928955,0.07187387347221375,0.003772220341488719,0.027868416160345078
VTM-004212,DG-94683f2f8a87,chalcopyrite,0,3,0,0.4444754719734192,0.6455789804458618,0.048756375908851624,0.00369483744725585,0.30196982622146606
VTM-004220,DG-89cdb51c4697,chalcopyrite,0,3,0,0.7647541761398315,0.7729291915893555,0.05226675793528557,0.031153574585914612,0.14365044236183167
VTM-004221,DG-22ef1eebfb8d,chalcopyrite,0,3,0,0.6491901278495789,0.8215069770812988,0.02748795971274376,0.023409631103277206,0.1275954395532608
VTM-004222,DG-1e0695c4192d,chalcopyrite,0,3,0,0.29778674244880676,0.48643702268600464,0.02679174393415451,0.002159297466278076,0.48461198806762695
VTM-004224,DG-e130c8625a9a,chalcopyrite,0,3,0,0.25858980417251587,0.732661247253418,0.004653892945498228,0.011233684606850147,0.25145119428634644
VTM-004226,DG-5cfec6919979,chalcopyrite,0,3,3,0.5895897746086121,0.032199934124946594,0.146548330783844,0.0359983891248703,0.7852533459663391
VTM-004227,DG-4ebe6c44e12a,chalcopyrite,0,3,0,0.5841506719589233,0.6568065881729126,0.08408156037330627,0.09492568671703339,0.16418614983558655
VTM-004228,DG-4db88c299408,chalcopyrite,0,3,0,0.37774696946144104,0.7096027135848999,0.029057838022708893,0.04029809311032295,0.22104139626026154
VTM-004229,DG-b2f380bd5029,chalcopyrite,0,3,0,0.8495808243751526,0.7819704413414001,0.08448503166437149,0.05279998853802681,0.08074460923671722
VTM-004231,DG-1abc445edc31,chalcopyrite,0,3,0,0.8530308604240417,0.9809732437133789,0.007581422571092844,0.0007977650966495275,0.010647660121321678
VTM-004245,DG-2060f9e29a23,chalcopyrite,0,3,0,0.31798186898231506,0.770473837852478,0.07170950621366501,0.01722053438425064,0.14059613645076752
VTM-004247,DG-8adbbccdd724,chalcopyrite,0,3,0,0.858636736869812,0.9009144306182861,0.08822891861200333,0.00258073303848505,0.008275981061160564
VTM-004252,DG-09a432e2b831,chalcopyrite,0,3,0,0.35741984844207764,0.7075557708740234,0.07434457540512085,0.015113634057343006,0.20298609137535095
VTM-004254,DG-791f22659a0e,chalcopyrite,0,3,3,0.5234861373901367,0.0009685401455499232,0.017901837825775146,0.04958117753267288,0.9315484762191772
VTM-004262,DG-66a5461be3ce,chalcopyrite,0,3,3,0.6392355561256409,0.11642096936702728,0.05294724553823471,0.008200207725167274,0.8224315643310547
VTM-004266,DG-b39923e015fb,chalcopyrite,0,3,3,0.6792011260986328,0.19750657677650452,0.1112222671508789,0.03386878967285156,0.6574023962020874
VTM-004267,DG-d925da51e984,chalcopyrite,0,3,3,0.5492422580718994,0.0009210085263475776,0.35655951499938965,0.0007861788617447019,0.6417332887649536
VTM-004278,DG-6d3ffb9c1414,chalcopyrite,0,3,3,0.5115352869033813,0.0002692444249987602,0.027597680687904358,0.003494590986520052,0.96863853931427
VTM-004279,DG-13dbc7077595,chalcopyrite,0,3,3,0.5480614900588989,0.006425386294722557,0.030017580837011337,0.0035165653098374605,0.9600404500961304
VTM-004289,DG-1a0ff4cf7ad0,chalcopyrite,0,3,3,0.5481317043304443,0.0007228106842376292,0.0012525029014796019,0.008268271572887897,0.9897563457489014
VTM-004298,DG-def14538a6dc,chalcopyrite,0,3,1,0.6875959038734436,0.08535118401050568,0.7826191186904907,0.004353503230959177,0.12767615914344788
VTM-004301,DG-bb8d092cc2a9,chalcopyrite,0,3,3,0.564106822013855,0.002953572431579232,0.004682936239987612,0.02277517318725586,0.9695882797241211
VTM-004306,DG-e140b99834b5,chalcopyrite,0,3,1,0.7015098333358765,0.22135883569717407,0.4241737127304077,0.16888180375099182,0.18558569252490997
VTM-004307,DG-115678ab2998,chalcopyrite,0,3,3,0.5087971687316895,2.796926855808124e-05,0.0025877729058265686,0.0003238036297261715,0.9970605373382568
VTM-004320,DG-b7bf2f2e5a61,chalcopyrite,0,3,3,0.5788161158561707,0.02398109994828701,0.06292007863521576,0.10164280235767365,0.8114559650421143
VTM-004330,DG-0e3eb81d53c1,chalcopyrite,0,3,3,0.5957241654396057,0.026937369257211685,0.029109399765729904,0.19193135201931,0.752021849155426
VTM-004333,DG-44d15721c9e7,chalcopyrite,0,3,3,0.6118631362915039,0.05015941709280014,0.13627831637859344,0.10576430708169937,0.7077980041503906
VTM-004339,DG-df0e950690cd,chalcopyrite,0,3,3,0.5452083945274353,0.0033448373433202505,0.2019917368888855,0.13673089444637299,0.6579325199127197
VTM-004343,DG-f8502eda04e2,chalcopyrite,0,3,0,0.7173735499382019,0.5651023387908936,0.1812640130519867,0.06725776195526123,0.1863759607076645
VTM-004356,DG-52391854c813,chalcopyrite,0,3,3,0.5359815955162048,0.0011570531642064452,0.014885583892464638,0.03598678484559059,0.9479705691337585
VTM-004368,DG-190a29f63412,chalcopyrite,0,3,3,0.5705349445343018,0.007930958643555641,0.009460484609007835,0.01891949772834778,0.9636890888214111
VTM-004369,DG-d1667de89144,chalcopyrite,0,3,3,0.5281413793563843,0.0019091160502284765,0.06892020255327225,0.04163043946027756,0.8875402212142944
VTM-004392,DG-cd28b914392d,chalcopyrite,0,3,3,0.7365970015525818,0.36239567399024963,0.19441965222358704,0.05374349653720856,0.3894411623477936
VTM-004395,DG-b3495bc08c3b,chalcopyrite,0,3,0,0.7762877345085144,0.47444775700569153,0.24932748079299927,0.06398092210292816,0.21224388480186462
VTM-004397,DG-61d7630e52cd,chalcopyrite,0,3,3,0.6478933095932007,0.10215197503566742,0.06167856976389885,0.07878763228654861,0.7573818564414978
VTM-004403,DG-94ab2759d137,chalcopyrite,0,3,3,0.578528106212616,0.00997037161141634,0.00667559914290905,0.005706136580556631,0.9776479005813599
VTM-004404,DG-47d8fd9dfca6,chalcopyrite,0,3,3,0.5864700078964233,0.021245356649160385,0.11857149749994278,0.19760815799236298,0.6625750064849854
VTM-004405,DG-95f1e7570074,chalcopyrite,0,3,0,0.8208550810813904,0.6060733199119568,0.04318566620349884,0.02005508914589882,0.3306858539581299
VTM-004407,DG-1bf3d3b7ae53,chalcopyrite,0,3,3,0.6747773289680481,0.1648174524307251,0.12488049268722534,0.16613420844078064,0.5441678762435913
VTM-004416,DG-f4b897cc3bc8,chalcopyrite,0,3,2,0.562208890914917,0.0013814650010317564,0.010607381351292133,0.9853943586349487,0.0026167547330260277
VTM-004417,DG-719d4b31ae6c,chalcopyrite,0,3,3,0.5689176917076111,0.00897585041821003,0.013073418289422989,0.014426853507757187,0.9635238647460938
VTM-004418,DG-9aae3020dd0b,chalcopyrite,0,3,2,0.6638039350509644,0.17411094903945923,0.10284334421157837,0.4966149628162384,0.2264307290315628
VTM-004422,DG-379750c68c74,chalcopyrite,0,3,0,0.7852447032928467,0.4235576093196869,0.36643266677856445,0.04117968678474426,0.16883008182048798
VTM-004423,DG-9f1af7b13d2f,chalcopyrite,0,3,1,0.7832106947898865,0.4293226897716522,0.4323553442955017,0.024060022085905075,0.1142619177699089
VTM-004431,DG-268c07fc4456,chalcopyrite,0,3,2,0.5432707667350769,0.014053253456950188,0.18467020988464355,0.562845766544342,0.23843082785606384
VTM-004432,DG-08799787483b,chalcopyrite,0,3,3,0.5321863889694214,0.0013156377244740725,0.007501755375415087,0.016258317977190018,0.9749243259429932
VTM-004434,DG-c77be5eff59a,chalcopyrite,0,3,2,0.6885654330253601,0.22158962488174438,0.2598298192024231,0.3457493782043457,0.17283116281032562
VTM-004449,DG-5889b81635cb,goethite,0,3,3,0.5760983824729919,0.01824398897588253,0.09505827724933624,0.1245877742767334,0.7621099948883057
VTM-004450,DG-abcb9813a0f9,goethite,0,3,3,0.5628771185874939,0.013822691515088081,0.031662508845329285,0.07424785196781158,0.8802669048309326
VTM-004453,DG-ac0814e1d2ce,goethite,0,3,3,0.5502926707267761,0.008515387773513794,0.07952176034450531,0.049542784690856934,0.8624200820922852
VTM-004462,DG-bd1a42e1d4c1,goethite,0,3,2,0.5482269525527954,0.017509248107671738,0.04158593341708183,0.7702624797821045,0.17064237594604492
VTM-004472,DG-baeb947c7617,goethite,0,3,3,0.5973931550979614,0.0227923896163702,0.00535838957875967,0.028069540858268738,0.943779706954956
VTM-004473,DG-f6eacbcdec2a,goethite,0,3,3,0.5904474854469299,0.008675627410411835,0.003381041344255209,0.03053237311542034,0.9574109315872192
VTM-004474,DG-04127e857354,goethite,0,3,3,0.6053087115287781,0.030418479815125465,0.015819557011127472,0.3659597635269165,0.5878022313117981
VTM-004475,DG-704bffc2fc01,goethite,0,3,3,0.611311674118042,0.029243197292089462,0.009758234955370426,0.08273056894540787,0.8782680034637451
VTM-004480,DG-d999cbdf9b4b,goethite,0,3,1,0.6541386246681213,0.006817883346229792,0.9288565516471863,0.005969461984932423,0.05835613235831261
VTM-004482,DG-162780054af3,goethite,0,3,3,0.5838125944137573,0.007609080523252487,0.019561199471354485,0.08467069268226624,0.8881590366363525
VTM-004485,DG-33a4a9142c46,goethite,0,3,0,0.39463335275650024,0.5030878782272339,0.01704150065779686,0.0334000363945961,0.4464706480503082
VTM-004487,DG-9fff6f03fdf4,goethite,0,3,1,0.6105674505233765,0.05378956347703934,0.4227556586265564,0.25622087717056274,0.2672339975833893
VTM-004488,DG-2decccec0010,goethite,0,3,3,0.5943120121955872,0.033243075013160706,0.25084322690963745,0.1731044352054596,0.542809247970581
VTM-004498,DG-bf44617a6ab2,goethite,0,3,3,0.5811408758163452,0.024810435250401497,0.02704864926636219,0.16774815320968628,0.7803927659988403
VTM-004504,DG-c1aa704d2a6e,goethite,0,3,3,0.7665616273880005,0.41059309244155884,0.08540194481611252,0.06709858775138855,0.4369063675403595
VTM-004515,DG-1c6542948e6f,goethite,0,3,3,0.7000905871391296,0.21514751017093658,0.04357387498021126,0.030471203848719597,0.7108074426651001
VTM-004518,DG-f9fe66c5becf,goethite,0,3,3,0.6679617166519165,0.15379799902439117,0.2652052044868469,0.01601363718509674,0.5649831891059875
VTM-004525,DG-bbaadd195115,goethite,0,3,1,0.6031200289726257,0.02086571976542473,0.5393366813659668,0.4025201201438904,0.03727744519710541
VTM-004532,DG-1958ad54fa3a,goethite,0,3,1,0.600374698638916,0.009666149504482746,0.5556302666664124,0.04961513727903366,0.3850884437561035
VTM-004541,DG-5544322fe5dc,goethite,0,3,3,0.7069929242134094,0.24514873325824738,0.32682591676712036,0.040610745549201965,0.3874146044254303
VTM-004542,DG-566bb1ba97ab,goethite,0,3,0,0.8583942651748657,0.9365969300270081,0.03204004466533661,0.00867410097271204,0.022688860073685646
VTM-004544,DG-5dee52144675,goethite,0,3,3,0.649002730846405,0.1513041853904724,0.1779685616493225,0.013926530256867409,0.6568006873130798
VTM-004549,DG-a434ef073065,goethite,0,3,3,0.6056609749794006,0.039484426379203796,0.03635343536734581,0.3134009540081024,0.6107612252235413
VTM-004554,DG-d8c270e4d550,goethite,0,3,1,0.698633074760437,0.19528639316558838,0.4646793007850647,0.03711336478590965,0.302920937538147
VTM-004555,DG-6b39bbdc8ae5,goethite,0,3,1,0.6642100811004639,0.05477020889520645,0.7159719467163086,0.15759022533893585,0.07166764885187149
VTM-004557,DG-cc9475356267,goethite,0,3,3,0.5653669834136963,0.0010393843986093998,0.000485353113617748,0.00039343570824712515,0.9980818033218384
VTM-004565,DG-0b9ec2c49631,goethite,0,3,1,0.6988840103149414,0.19156144559383392,0.49581289291381836,0.08428303152322769,0.22834262251853943
VTM-004566,DG-a96f9eb81289,goethite,0,3,1,0.6526041030883789,0.012729573994874954,0.8377785682678223,0.11519625782966614,0.03429558128118515
VTM-004568,DG-ea98ad0adeb4,goethite,0,3,3,0.5848791599273682,0.030246233567595482,0.1860674023628235,0.056172288954257965,0.7275140285491943
VTM-004569,DG-6f14e9b225e4,goethite,0,3,3,0.6130320429801941,0.061423949897289276,0.024928472936153412,0.009375757537782192,0.9042718410491943
VTM-004572,DG-7a5dd27a3db7,goethite,0,3,3,0.5530866980552673,0.0012611040147021413,0.0020547597669065,0.008537606336176395,0.9881465435028076
VTM-004578,DG-53312f8ab848,goethite,0,3,3,0.7653398513793945,0.38313186168670654,0.043011248111724854,0.01994280517101288,0.5539140701293945
VTM-004591,DG-9b5d4c76e13f,goethite,0,3,1,0.6118976473808289,0.010118735954165459,0.7133591175079346,0.05634784325957298,0.22017432749271393
VTM-004594,DG-5e455ae2a2e5,goethite,0,3,3,0.5872492790222168,0.03247404843568802,0.060555003583431244,0.2756817936897278,0.6312891244888306
VTM-004611,DG-a1546a58cd91,goethite,0,3,1,0.591856837272644,0.03678277134895325,0.42211660742759705,0.421817809343338,0.1192827969789505
VTM-004613,DG-89979111c25d,goethite,0,3,0,0.75482577085495,0.41624048352241516,0.19786104559898376,0.024954183027148247,0.3609442412853241
VTM-004615,DG-d29cacb74737,goethite,0,3,0,0.8199747204780579,0.8537214994430542,0.024536965414881706,0.005639450158923864,0.11610206216573715
VTM-004623,DG-ca33ccf007de,goethite,0,3,2,0.5417773127555847,0.016328608617186546,0.07123370468616486,0.7308081984519958,0.1816295087337494
VTM-004630,DG-210b75b316b3,goethite,0,3,3,0.6005475521087646,0.04730888828635216,0.17909914255142212,0.07987479120492935,0.6937171816825867
VTM-004650,DG-9815786e0c94,goethite,0,3,3,0.6224039793014526,0.0691985934972763,0.07933400571346283,0.03174067288637161,0.8197267055511475
VTM-004656,DG-5d17ac15c3f5,goethite,0,3,2,0.5368393659591675,0.011439318768680096,0.314727783203125,0.6078648567199707,0.0659680962562561
VTM-004659,DG-ec2dd91f462f,goethite,0,3,1,0.5641236901283264,0.006591533310711384,0.5206684470176697,0.3879873752593994,0.0847526490688324
VTM-004663,DG-a56f94524b55,goethite,0,3,0,0.8343291282653809,0.668225884437561,0.21612249314785004,0.021013274788856506,0.09463834017515182
VTM-004664,DG-b823dff07c3d,goethite,0,3,2,0.4936554431915283,0.0009553207783028483,0.08869309723377228,0.6780802607536316,0.23227134346961975
VTM-004665,DG-d672f6ddcf24,goethite,0,3,1,0.6681280136108398,0.08479227870702744,0.6327211856842041,0.050116971135139465,0.2323695421218872
VTM-004670,DG-ee8061b12d62,goethite,0,3,3,0.7057324051856995,0.2698524594306946,0.24553260207176208,0.15722103416919708,0.32739394903182983
VTM-004677,DG-7b1cc3374528,goethite,0,3,1,0.623259961605072,0.02528756484389305,0.624189019203186,0.07084926962852478,0.2796741724014282
VTM-004683,DG-62ffe2cbfb7e,goethite,0,3,3,0.5519839525222778,0.0003447325434535742,0.0006770950276404619,0.0004204416472930461,0.9985578060150146
VTM-004686,DG-498985017e3d,goethite,0,3,3,0.5950551629066467,0.039559297263622284,0.15844286978244781,0.050341084599494934,0.7516567707061768
VTM-004695,DG-064bd74f8d66,goethite,0,3,3,0.6649231314659119,0.14754509925842285,0.08630158752202988,0.23298534750938416,0.5331680178642273
VTM-004699,DG-4983712b4f53,goethite,0,3,1,0.727094829082489,0.28145450353622437,0.382192999124527,0.09892339259386063,0.23742908239364624
VTM-004701,DG-3634551650f6,goethite,0,3,3,0.5899356603622437,0.047662705183029175,0.035690806806087494,0.02828102931380272,0.8883654475212097
VTM-004713,DG-76a5d9ba4878,goethite,0,3,1,0.6878998279571533,0.030139798298478127,0.9383363723754883,0.006751319859176874,0.02477255091071129
VTM-004717,DG-bac81edd48be,goethite,0,3,1,0.686004638671875,0.09794992208480835,0.6802626848220825,0.11186570674180984,0.1099216490983963
VTM-004722,DG-420c337bacad,hematite,0,3,3,0.5874313712120056,0.016369353979825974,0.008502213284373283,0.05280320718884468,0.9223252534866333
VTM-004735,DG-f51b38ebd2ce,hematite,0,3,1,0.6961356997489929,0.04177121818065643,0.9137889742851257,0.015096001327037811,0.02934376336634159
VTM-004739,DG-6d00a5116720,hematite,0,3,0,0.7806096076965332,0.4802888333797455,0.28337180614471436,0.05053315311670303,0.18580622971057892
VTM-004742,DG-56afffc2c4f3,hematite,0,3,1,0.6623549461364746,0.0005022111581638455,0.9950717687606812,0.0012448988854885101,0.003181129228323698
VTM-004751,DG-3f9343259002,hematite,0,3,0,0.7935035228729248,0.5045017004013062,0.08359331637620926,0.309751033782959,0.10215391218662262
VTM-004757,DG-94f14ee45fd9,hematite,0,3,3,0.7200138568878174,0.26465868949890137,0.21996118128299713,0.037782393395900726,0.47759783267974854
VTM-004768,DG-ef8c2ff8e925,hematite,0,3,3,0.5766159892082214,0.028873246163129807,0.017350532114505768,0.03969332203269005,0.9140828847885132
VTM-004776,DG-e649d7ebea33,hematite,0,3,3,0.6786664128303528,0.17441865801811218,0.04704788699746132,0.09065340459346771,0.6878800392150879
VTM-004783,DG-253d2482c921,hematite,0,3,1,0.6871129870414734,0.020084593445062637,0.9437049627304077,0.02762507274746895,0.00858541764318943
VTM-004785,DG-f0a32bf60919,hematite,0,3,1,0.7191243171691895,0.1255871057510376,0.7462853193283081,0.024220837280154228,0.10390670597553253
VTM-004786,DG-f3a4e0b6555c,hematite,0,3,0,0.7728280425071716,0.42681047320365906,0.13652607798576355,0.026867982000112534,0.40979549288749695
VTM-004788,DG-965b2bf1d78a,hematite,0,3,2,0.6736047267913818,0.19515393674373627,0.24837496876716614,0.32391005754470825,0.23256103694438934
VTM-004792,DG-f77fc972ec8c,hematite,0,3,0,0.8549048900604248,0.8066848516464233,0.10143613070249557,0.013737731613218784,0.07814131677150726
VTM-004801,DG-aebe66ef7240,hematite,0,3,1,0.6858394742012024,0.019207149744033813,0.936883807182312,0.03612123429775238,0.00778784416615963
VTM-004814,DG-9055b7cc284e,hematite,0,3,0,0.6319208741188049,0.7893814444541931,0.1099252849817276,0.017502766102552414,0.08319054543972015
VTM-004823,DG-8f3494190209,hematite,0,3,0,0.8124949336051941,0.5745024681091309,0.13185569643974304,0.07025115936994553,0.22339072823524475
VTM-004825,DG-80158b250c83,hematite,0,3,0,0.7520883083343506,0.3805452585220337,0.2173139601945877,0.058634717017412186,0.3435060977935791
VTM-004826,DG-b7a0b5815b3e,hematite,0,3,3,0.5549213290214539,0.004983847960829735,0.02371527999639511,0.008365193381905556,0.9629356861114502
VTM-004839,DG-bcfdba1c3c5c,hematite,0,3,3,0.7269510626792908,0.2949215769767761,0.31990915536880493,0.02602238580584526,0.35914692282676697
VTM-004842,DG-150e4f6aae2e,hematite,0,3,2,0.5649452209472656,0.01941961981356144,0.022927025333046913,0.6695964336395264,0.2880569398403168
VTM-004845,DG-3a7a27b4f2ac,hematite,0,3,1,0.7277786135673523,0.3174138069152832,0.34192803502082825,0.2060682773590088,0.13458982110023499
VTM-004854,DG-69246049f0d8,hematite,0,3,3,0.5569592118263245,0.012364128604531288,0.04048784077167511,0.02765551581978798,0.9194924831390381
VTM-004855,DG-18aac18a56ef,hematite,0,3,3,0.672520101070404,0.15974704921245575,0.09237581491470337,0.10208317637443542,0.6457939743995667
VTM-004858,DG-ceaef9a35d40,hematite,0,3,3,0.5774654150009155,0.02066553384065628,0.10438752919435501,0.21863996982574463,0.6563069224357605
VTM-004860,DG-2778a0b9723d,hematite,0,3,3,0.6300305128097534,0.0756080225110054,0.12138228118419647,0.13961836695671082,0.6633913516998291
VTM-004864,DG-00dd679f3312,hematite,0,3,0,0.7613731622695923,0.402567595243454,0.2875570058822632,0.21315519511699677,0.09672021865844727
VTM-004875,DG-1d354621213a,hematite,0,3,1,0.7521739602088928,0.33352187275886536,0.43548423051834106,0.1969926357269287,0.03400128707289696
VTM-004878,DG-faf2e184df1b,hematite,0,3,3,0.7312959432601929,0.29564744234085083,0.056775953620672226,0.008607195690274239,0.6389694213867188
VTM-004882,DG-769f57cd2cf8,hematite,0,3,0,0.7812415957450867,0.46171289682388306,0.2566835880279541,0.04194749891757965,0.239656001329422
VTM-004888,DG-ad99a0f5aff2,hematite,0,3,3,0.7406758069992065,0.31959450244903564,0.031501758843660355,0.2588844299316406,0.3900192975997925
VTM-004890,DG-65936d1143ea,hematite,0,3,0,0.7456812262535095,0.40800148248672485,0.15855273604393005,0.2574336528778076,0.1760120838880539
VTM-004893,DG-0dd74fec7b9f,hematite,0,3,0,0.7404115200042725,0.35369232296943665,0.25852876901626587,0.049979280680418015,0.337799608707428
VTM-004894,DG-f62eaf3c0647,hematite,0,3,2,0.6600956916809082,0.12739470601081848,0.03179190680384636,0.5293135046958923,0.31149986386299133
VTM-004902,DG-604f861a8a8c,hematite,0,3,0,0.7607256174087524,0.42075875401496887,0.23504161834716797,0.10656876862049103,0.23763088881969452
VTM-004910,DG-46b91cfaab7c,hematite,0,3,3,0.6243844032287598,0.0775279775261879,0.04708653315901756,0.07199878990650177,0.8033866882324219
VTM-004917,DG-25d0a83898c6,hematite,0,3,1,0.6553806662559509,0.0023285970091819763,0.9681111574172974,0.019017236307263374,0.010543045587837696
VTM-004930,DG-23e5de56e4c0,hematite,0,3,2,0.6239615082740784,0.07260258495807648,0.358132541179657,0.4855421781539917,0.08372266590595245
VTM-004937,DG-ab5809dd5da8,hematite,0,3,3,0.5920264720916748,0.25079721212387085,0.32245180010795593,0.05719856917858124,0.3695524036884308
VTM-004939,DG-c8e4fa42bc5c,hematite,0,3,0,0.8113772869110107,0.5695739984512329,0.11050379276275635,0.008451098576188087,0.3114710748195648
VTM-004941,DG-821d8a7f1feb,hematite,0,3,0,0.7378395795822144,0.33985885977745056,0.3323071599006653,0.05622738227248192,0.2716066241264343
VTM-004953,DG-974ef309f918,hematite,0,3,1,0.6347272992134094,0.0400473028421402,0.6464563608169556,0.0946878045797348,0.21880853176116943
VTM-004959,DG-d491c306fa10,hematite,0,3,0,0.8537984490394592,0.7850673794746399,0.18902689218521118,0.014852866530418396,0.011052845045924187
VTM-004965,DG-ec5605c40be2,hematite,0,3,3,0.7321743965148926,0.32289746403694153,0.12753139436244965,0.2247750163078308,0.3247961401939392
VTM-004966,DG-67f97c86afca,hematite,0,3,3,0.5930788516998291,0.048283472657203674,0.05684809014201164,0.01032422948628664,0.8845441937446594
VTM-004970,DG-5d84fd7431ec,hematite,0,3,1,0.6307512521743774,0.03114304319024086,0.6899056434631348,0.14214274287223816,0.13680851459503174
VTM-004978,DG-c1d8c5df3846,hematite,0,3,3,0.6459388732910156,0.10761936008930206,0.040274009108543396,0.2498008906841278,0.6023057699203491
VTM-004980,DG-7d3162471b4a,hematite,0,3,2,0.7091698050498962,0.26149407029151917,0.29217779636383057,0.35908761620521545,0.08724056929349899
VTM-004983,DG-ad7d28354932,hematite,0,3,0,0.6694725155830383,0.4952327013015747,0.2758231461048126,0.02156374417245388,0.20738042891025543
VTM-004987,DG-f49f996beda9,hematite,0,3,3,0.6019960045814514,0.0361650213599205,0.027588842436671257,0.016027530655264854,0.9202186465263367
VTM-004998,DG-a2b8bf8028b9,hematite,0,3,1,0.6748098134994507,0.11917848885059357,0.586649477481842,0.02378634177148342,0.2703857123851776
VTM-005005,DG-6e60bb077167,hematite,0,3,3,0.6396204829216003,0.07847768068313599,0.008820582181215286,0.030518492683768272,0.8821832537651062
VTM-005007,DG-c33ec218e14c,hematite,0,3,1,0.638636589050293,0.05290330573916435,0.6196854114532471,0.21392223238945007,0.1134890764951706
VTM-005009,DG-80d9a06a5bdb,hematite,0,3,1,0.6509645581245422,0.11161748319864273,0.3612276613712311,0.19403579831123352,0.3331190347671509
VTM-005011,DG-9f846ac38613,hematite,0,3,2,0.5413730144500732,0.009715808555483818,0.07297214865684509,0.8892796039581299,0.028032410889863968
VTM-005013,DG-004213fd6a05,hematite,0,3,0,0.6233928203582764,0.5890984535217285,0.10655216872692108,0.13693585991859436,0.16741348803043365
VTM-005014,DG-02f65976cc5c,hematite,0,3,1,0.6418015956878662,0.013292578980326653,0.8386294841766357,0.0753568708896637,0.07272110134363174
VTM-005015,DG-b8ee37c13b84,hematite,0,3,0,0.8311599493026733,0.6856797933578491,0.13884605467319489,0.042120590806007385,0.13335348665714264
VTM-005017,DG-08624827eeb4,hematite,0,3,3,0.6293800473213196,0.06331966072320938,0.03211771324276924,0.28894561529159546,0.6156169772148132
VTM-005018,DG-3cc40d8eeec3,hematite,0,3,2,0.7450659871101379,0.383055180311203,0.11615311354398727,0.40382933616638184,0.09696242213249207
VTM-005021,DG-5a0d013f29bc,hematite,0,3,2,0.5436156988143921,0.018148940056562424,0.08165954053401947,0.8684490919113159,0.03174246847629547
VTM-005027,DG-a471068e7ddf,pyrite,0,3,2,0.5557519197463989,0.010907383635640144,0.2392788827419281,0.3985752463340759,0.35123854875564575
VTM-005033,DG-48018e5e27ec,pyrite,0,3,3,0.6220061182975769,0.06884197890758514,0.15331247448921204,0.011333153583109379,0.766512393951416
VTM-005039,DG-1d2c37317895,pyrite,0,3,0,0.7063830494880676,0.46292585134506226,0.09994985163211823,0.011771349236369133,0.4253529906272888
VTM-005043,DG-1ae77cd6446f,pyrite,0,3,1,0.6179620027542114,0.0069001358933746815,0.7852494716644287,0.06693805754184723,0.14091235399246216
VTM-005044,DG-885f1327cdad,pyrite,0,3,1,0.5959060788154602,0.025149919092655182,0.464389443397522,0.21250823140144348,0.29795244336128235
VTM-005053,DG-afdd2cebd5ad,pyrite,0,3,0,0.7863518595695496,0.5088720321655273,0.10331561416387558,0.14024440944194794,0.24756798148155212
VTM-005054,DG-bebe81210f06,pyrite,0,3,0,0.7910000681877136,0.5126993060112,0.14898979663848877,0.11461997777223587,0.2236909121274948
VTM-005056,DG-93096a3f948d,pyrite,0,3,3,0.6891112327575684,0.2039819061756134,0.04292720556259155,0.08349808305501938,0.6695927381515503
VTM-005057,DG-99844870524b,pyrite,0,3,2,0.6210231184959412,0.0959818959236145,0.08150497823953629,0.6335355639457703,0.18897758424282074
VTM-005059,DG-58e451eb94e6,pyrite,0,3,1,0.6875853538513184,0.022731391713023186,0.9368799924850464,0.03460345417261124,0.005785140208899975
VTM-005062,DG-3c5a676ef940,pyrite,0,3,1,0.6806593537330627,0.004900461528450251,0.9821109771728516,0.006491947919130325,0.0064966026693582535
VTM-005068,DG-bc5b1867624d,pyrite,0,3,1,0.6412894129753113,0.0003277223731856793,0.9953721761703491,0.0007891353452578187,0.0035109054297208786
VTM-005075,DG-81dcb9b47254,pyrite,0,3,3,0.708537757396698,0.2569838762283325,0.11669450998306274,0.14960235357284546,0.4767192602157593
VTM-005084,DG-6c407e904c0f,pyrite,0,3,1,0.6899870038032532,0.17440885305404663,0.46625131368637085,0.1820896714925766,0.17725013196468353
VTM-005085,DG-12fcd338d127,pyrite,0,3,1,0.7123758792877197,0.08679383993148804,0.8840879797935486,0.023809829726815224,0.005308382213115692
VTM-005087,DG-40b31d56e866,pyrite,0,3,1,0.7374346256256104,0.20760267972946167,0.7352482080459595,0.00856879260390997,0.04858028143644333
VTM-005089,DG-d8242605da4b,pyrite,0,3,3,0.5509030818939209,0.005267697386443615,0.01093502901494503,0.0023706331849098206,0.9814267158508301
VTM-005097,DG-1d67319747fd,pyrite,0,3,0,0.8580474257469177,0.9161856174468994,0.043884556740522385,0.015873655676841736,0.02405613660812378
VTM-005108,DG-60845d11361a,pyrite,0,3,3,0.5514959692955017,0.010535981506109238,0.06751260161399841,0.029666896909475327,0.8922845125198364
VTM-005109,DG-a9fa486f4e05,pyrite,0,3,3,0.6294381618499756,0.08337083458900452,0.01562962308526039,0.020823754370212555,0.8801758289337158
VTM-005111,DG-c9c7f1af00da,pyrite,0,3,3,0.575660228729248,0.0022761872969567776,0.001423974521458149,0.0034050210379064083,0.9928948283195496
VTM-005116,DG-bf8e5fdfdbbd,pyrite,0,3,3,0.5234786868095398,0.001628179452382028,0.03261405974626541,0.01706215925514698,0.9486956000328064
VTM-005123,DG-4b94ec7288ff,pyrite,0,3,0,0.8394688963890076,0.7138739228248596,0.07399618625640869,0.006454583257436752,0.20567533373832703
VTM-005126,DG-35c61aeaf99c,pyrite,0,3,0,0.7931663990020752,0.4968389868736267,0.207681804895401,0.011938606388866901,0.28354060649871826
VTM-005128,DG-4aa68311e4f9,pyrite,0,3,3,0.5393309593200684,0.003064593533053994,0.01258597057312727,0.0005037946975789964,0.983845591545105
VTM-005130,DG-834f56988167,pyrite,0,3,3,0.5218732953071594,0.00072856480255723,0.01775588095188141,0.01504524052143097,0.9664703011512756
VTM-005132,DG-db5c3921883f,pyrite,0,3,2,0.6917755007743835,0.21982944011688232,0.13872215151786804,0.43762117624282837,0.20382726192474365
VTM-005141,DG-8c934d87db0a,pyrite,0,3,1,0.6418606638908386,0.10213342308998108,0.3551713824272156,0.19982236623764038,0.34287285804748535
VTM-005154,DG-7e60ce337608,pyrite,0,3,3,0.529201865196228,0.0006506742211058736,0.15660163760185242,0.024394607171416283,0.8183530569076538
VTM-005158,DG-57a469d30a7f,pyrite,0,3,3,0.5495969653129578,0.005519037134945393,0.015078895725309849,0.004042544402182102,0.9753595590591431
VTM-005174,DG-a499df07f08c,pyrite,0,3,0,0.7947949171066284,0.5172776579856873,0.06283983588218689,0.10429718345403671,0.31558534502983093
VTM-005184,DG-20dc4e724938,pyrite,0,3,3,0.6469903588294983,0.14296701550483704,0.06909843534231186,0.015362817794084549,0.7725717425346375
VTM-005185,DG-b02bcb8f8157,pyrite,0,3,3,0.5808343291282654,0.017316078767180443,0.0036676928866654634,0.02158479392528534,0.957431435585022
VTM-005190,DG-002d42194900,pyrite,0,3,3,0.7058359980583191,0.2607858180999756,0.19095046818256378,0.06796766072511673,0.4802960753440857
VTM-005194,DG-fd4dfd469cf8,pyrite,0,3,1,0.6372369527816772,0.01436658762395382,0.7964722514152527,0.029801277443766594,0.159359872341156
VTM-005199,DG-7e48265bce06,pyrite,0,3,2,0.5472252368927002,0.013334045186638832,0.0518498569726944,0.529899537563324,0.40491652488708496
VTM-005210,DG-6042ca49a613,pyrite,0,3,3,0.5782560706138611,0.0036198715679347515,0.0008550629718229175,0.0008324363734573126,0.9946926236152649
VTM-005214,DG-dadf133cc975,pyrite,0,3,3,0.6833578944206238,0.17866629362106323,0.04350291192531586,0.02159971557557583,0.7562310695648193
VTM-005218,DG-0e7b04e1f7bd,pyrite,0,3,3,0.5526686906814575,0.00491548515856266,0.1329497992992401,0.0434749573469162,0.818659782409668
VTM-005227,DG-8998dcab4285,pyrite,0,3,1,0.7261527180671692,0.2440776526927948,0.5206660032272339,0.06758332997560501,0.1676729917526245
VTM-005232,DG-dca0bf0df100,pyrite,0,3,1,0.6056405901908875,0.010440145619213581,0.6527162790298462,0.10472199320793152,0.2321215569972992
VTM-005237,DG-1ca72868977d,pyrite,0,3,2,0.512582540512085,0.0038458202034235,0.21034570038318634,0.6089427471160889,0.17686569690704346
VTM-005243,DG-43b4714f32a0,pyrite,0,3,3,0.5963914394378662,0.0370616614818573,0.22161124646663666,0.1852969527244568,0.5560301542282104
VTM-005245,DG-dcb832ddbd03,pyrite,0,3,1,0.5827521085739136,0.014818279072642326,0.5238715410232544,0.32061636447906494,0.1406938135623932
VTM-005249,DG-58bedd854c09,pyrite,0,3,3,0.563942015171051,0.01369317527860403,0.07938683032989502,0.019521966576576233,0.8873980045318604
VTM-005255,DG-58f9aca080f1,pyrite,0,3,3,0.5806821584701538,0.010703783482313156,0.015098038129508495,0.03644201532006264,0.9377561211585999
VTM-005257,DG-94f7f62e4a46,pyrite,0,3,0,0.7573917508125305,0.4329832196235657,0.20315994322299957,0.07854986190795898,0.28530701994895935
VTM-005275,DG-3a4e65c23c9a,pyrite,0,3,3,0.556886613368988,0.005762849934399128,0.17670607566833496,0.0512462854385376,0.7662848234176636
VTM-005282,DG-2dd8ac8470e7,pyrite,0,3,3,0.5379725694656372,0.0024177017621695995,0.13970035314559937,0.120266854763031,0.7376151084899902
VTM-005283,DG-a457079ebc89,pyrite,0,3,2,0.6864563822746277,0.19335754215717316,0.15371738374233246,0.3607330620288849,0.2921920120716095
VTM-005285,DG-e75834ebe6df,pyrite,0,3,3,0.6222835779190063,0.0946325957775116,0.10374012589454651,0.007218373939394951,0.7944087982177734
VTM-005289,DG-2f8b0ab0f8ac,pyrite,0,3,0,0.36407583951950073,0.6268945336341858,0.14888304471969604,0.005848458036780357,0.21837404370307922
VTM-005293,DG-cee97aa553ab,pyrite,0,3,2,0.5660367012023926,0.025726739317178726,0.1780610978603363,0.4693833589553833,0.32682883739471436
VTM-005294,DG-8bc14bccae55,pyrite,0,3,2,0.6094444394111633,0.07566018402576447,0.17578503489494324,0.5647065043449402,0.18384826183319092
VTM-005314,DG-0d47cae31fd5,pyrite,0,3,3,0.5725536942481995,0.016945283859968185,0.07992270588874817,0.2411046177148819,0.6620273590087891
VTM-005318,DG-5acaffb8ad39,pyrite,0,3,3,0.7202945351600647,0.28899085521698,0.08087072521448135,0.049796052277088165,0.5803423523902893
VTM-005319,DG-5e7536848ebf,pyrite,0,3,2,0.5277609825134277,0.0032141520641744137,0.04012907296419144,0.580747663974762,0.37590911984443665
VTM-005321,DG-90fc1041b1a1,pyrite,0,3,0,0.7608653903007507,0.4111340641975403,0.1034126877784729,0.12213306874036789,0.36332017183303833
VTM-005323,DG-624ea6fd1a89,pyrite,0,3,2,0.6000961065292358,0.04779209941625595,0.03466297313570976,0.5098425149917603,0.40770238637924194
VTM-005325,DG-12007c5eab6a,pyrite,0,3,3,0.6699705123901367,0.15919172763824463,0.29200899600982666,0.1335064172744751,0.4152928590774536
VTM-005328,DG-5fad50ff3fdf,anatase,0,1,1,0.6777868270874023,0.0062663741409778595,0.966974139213562,0.01831386238336563,0.008445669896900654
VTM-005332,DG-09cce3d50332,anatase,0,1,1,0.6611247062683105,0.0988374650478363,0.5877681970596313,0.09021171927452087,0.22318273782730103
VTM-005333,DG-0074b2b9fa22,anatase,0,1,1,0.7312964797019958,0.15432438254356384,0.7994458675384521,0.015517016872763634,0.030712667852640152
VTM-005342,DG-b119c3a95897,anatase,0,1,0,0.7756508588790894,0.4417645335197449,0.10569760203361511,0.05260828509926796,0.39992958307266235
VTM-005346,DG-a212476f0e24,anatase,0,1,1,0.6890915632247925,0.1266932636499405,0.6170392036437988,0.15699011087417603,0.09927737712860107
VTM-005357,DG-083df4bcf1b6,anatase,0,1,1,0.6773971915245056,0.0019167382270097733,0.994616687297821,0.0012431718641892076,0.002223348943516612
VTM-005359,DG-e61d0c41d97f,anatase,0,1,1,0.6471316814422607,0.01884147897362709,0.7347545027732849,0.2223511040210724,0.02405291423201561
VTM-005376,DG-30625b154404,anatase,0,1,1,0.6846944689750671,0.01719501242041588,0.9488797187805176,0.018279261887073517,0.01564604416489601
VTM-005378,DG-5b021d05121c,anatase,0,1,3,0.5556082129478455,0.005184958688914776,0.23808695375919342,0.10199373960494995,0.6547343730926514
VTM-005387,DG-80f391e1da4e,anatase,0,1,1,0.6688821911811829,0.028075583279132843,0.833785891532898,0.0920674204826355,0.04607114940881729
VTM-005397,DG-d433d69a75eb,anatase,0,1,1,0.7021265029907227,0.1586655229330063,0.6120424866676331,0.158616840839386,0.07067513465881348
VTM-005399,DG-bc2a2ec78e86,anatase,0,1,1,0.7145553827285767,0.09684035927057266,0.8929358720779419,0.0018734821351245046,0.008350269868969917
VTM-005401,DG-a38782d1a9f8,anatase,0,1,2,0.5637636184692383,0.009756523184478283,0.25718456506729126,0.7151526212692261,0.017906300723552704
VTM-005403,DG-ae68f6ca0273,anatase,0,1,3,0.7225887775421143,0.3341014087200165,0.15373599529266357,0.11526975780725479,0.39689284563064575
VTM-005404,DG-b9c06f4c6d67,anatase,0,1,1,0.7466892600059509,0.19162258505821228,0.7468056678771973,0.04701024293899536,0.014561560936272144
VTM-005405,DG-ea66f8d9f640,anatase,0,1,0,0.6282401084899902,0.6939724683761597,0.12727311253547668,0.006913952529430389,0.17184050381183624
VTM-005408,DG-cb08d8ff5d8d,anatase,0,1,1,0.6917599439620972,0.02428561821579933,0.9475544095039368,0.0038498621433973312,0.024310117587447166
VTM-005409,DG-8bad2ba4fe15,anatase,0,1,1,0.6848549246788025,0.014101474545896053,0.969394326210022,0.0015630304114893079,0.014941132627427578
VTM-005413,DG-b7ba5434e7cc,anatase,0,1,1,0.6404176354408264,0.017524901777505875,0.7115220427513123,0.2344609647989273,0.036492086946964264
VTM-005423,DG-4c7d5ac23365,anatase,0,1,1,0.6802808046340942,0.059629879891872406,0.8042137622833252,0.04764395207166672,0.08851241320371628
VTM-005426,DG-ee8f9ef44b62,anatase,0,1,1,0.7021656036376953,0.04636448249220848,0.9157688617706299,0.012030083686113358,0.02583649754524231
VTM-005442,DG-f69862dc0fd6,anatase,0,1,0,0.508590042591095,0.4023556113243103,0.3896903097629547,0.005051297135651112,0.20290279388427734
VTM-005445,DG-b43ea7f3a313,anatase,0,1,0,0.7514092326164246,0.402223140001297,0.13219377398490906,0.16198863089084625,0.3035944104194641
VTM-005448,DG-d41fda0ff8c6,anatase,0,1,1,0.7443357706069946,0.22902411222457886,0.6166931390762329,0.026087187230587006,0.12819555401802063
VTM-005451,DG-491d3a625821,anatase,0,1,1,0.6992852687835693,0.051296576857566833,0.9185819625854492,0.009253649041056633,0.020867817103862762
VTM-005455,DG-5bb759787924,anatase,0,1,1,0.6746845841407776,0.014316242188215256,0.9321115016937256,0.006076294928789139,0.0474960096180439
VTM-005458,DG-50f1e9505f76,anatase,0,1,1,0.5966340899467468,0.023431027308106422,0.49571359157562256,0.4329918622970581,0.04786354675889015
VTM-005460,DG-53183cc0ba4f,anatase,0,1,1,0.6103516817092896,0.014298181980848312,0.694092333316803,0.16646552085876465,0.12514394521713257
VTM-005465,DG-28a3b618a89f,anatase,0,1,1,0.6519565582275391,0.018922435119748116,0.7726503610610962,0.013748088851571083,0.19467906653881073
VTM-005469,DG-3398e7cd0924,anatase,0,1,1,0.6363329291343689,0.004450259264558554,0.8432549238204956,0.1410319209098816,0.011262865737080574
VTM-005478,DG-dd5681c77e0c,anatase,0,1,1,0.6322361826896667,0.0035713647957891226,0.8190059065818787,0.16346776485443115,0.013954953290522099
VTM-005484,DG-637e2ff90c73,anatase,0,1,1,0.6719839572906494,0.09794566035270691,0.6190808415412903,0.10757549107074738,0.17539800703525543
VTM-005487,DG-917cd118cbf7,anatase,0,1,0,0.8311149477958679,0.5992706418037415,0.3540653884410858,0.008774545043706894,0.03788943588733673
VTM-005498,DG-b603483eda18,anatase,0,1,2,0.52813720703125,0.01099662110209465,0.08194492757320404,0.8569214940071106,0.05013696104288101
VTM-005505,DG-146e87255e33,anatase,0,1,1,0.6245346069335938,0.037675630301237106,0.5456434488296509,0.35471388697624207,0.06196707487106323
VTM-005512,DG-556cc408206b,anatase,0,1,1,0.6796886324882507,0.01234486885368824,0.9455610513687134,0.02369716390967369,0.018396835774183273
VTM-005513,DG-0b7196629afe,anatase,0,1,1,0.6285014748573303,0.017203673720359802,0.734161376953125,0.07255434989929199,0.1760806143283844
VTM-005521,DG-2737c9d421da,anatase,0,1,1,0.6506659388542175,0.0037360943388193846,0.8486392498016357,0.13978035748004913,0.007844250649213791
VTM-005522,DG-d716ebd0e882,anatase,0,1,1,0.6939073204994202,0.08246071636676788,0.7537950277328491,0.07432083785533905,0.08942338079214096
VTM-005530,DG-c0386a4a37a3,anatase,0,1,1,0.6911720037460327,0.019477013498544693,0.9600902795791626,0.013172104023396969,0.007260571233928204
VTM-005547,DG-7ec473183a7f,anatase,0,1,1,0.7094789147377014,0.07061748951673508,0.9048902988433838,0.010474331676959991,0.014017859473824501
VTM-005552,DG-4e499ebb87a9,anatase,0,1,1,0.6974464654922485,0.16492997109889984,0.6291390061378479,0.11820488423109055,0.08772613853216171
VTM-005555,DG-2431c71db8f9,anatase,0,1,1,0.6824509501457214,0.0029860876966267824,0.9768782258033752,0.017343098297715187,0.002792567480355501
VTM-005558,DG-1e86056ba2d6,anatase,0,1,1,0.639323890209198,0.0032863044179975986,0.6981387138366699,0.2958582639694214,0.0027167010121047497
VTM-005561,DG-a8b28d967905,anatase,0,1,1,0.7218043804168701,0.08751077204942703,0.9058524370193481,0.003306574886664748,0.0033302023075520992
VTM-005563,DG-72b70ff285e9,anatase,0,1,1,0.6692913174629211,0.02149614691734314,0.8444308042526245,0.10696830600500107,0.02710477076470852
VTM-005568,DG-a2ffe036094e,anatase,0,1,1,0.7335577011108398,0.14488929510116577,0.7938230037689209,0.037044551223516464,0.024243149906396866
VTM-005570,DG-99d53ddabd05,anatase,0,1,1,0.6845849752426147,0.002880940679460764,0.9924452304840088,0.003326977137476206,0.0013468950055539608
VTM-005571,DG-b5e491db2458,anatase,0,1,1,0.6730054616928101,0.024874471127986908,0.8935970664024353,0.017067288979887962,0.06446121633052826
VTM-005572,DG-b1ac96405b6f,anatase,0,1,1,0.6915397047996521,0.23174744844436646,0.32951417565345764,0.2556728422641754,0.18306554853916168
VTM-005586,DG-4b15eba1dfab,anatase,0,1,3,0.5854020118713379,0.014765840955078602,0.37554696202278137,0.10255740582942963,0.5071297287940979
VTM-005594,DG-ad65af40f967,anatase,0,1,1,0.6793650388717651,0.016898224130272865,0.9182872772216797,0.04378018155694008,0.021034307777881622
VTM-005617,DG-516e624d4b18,anatase,0,1,1,0.6460736989974976,0.009896866977214813,0.8653764724731445,0.030006634071469307,0.09471999108791351
VTM-005621,DG-b799dbed84bb,anatase,0,1,1,0.67484050989151,0.002603274304419756,0.9859399795532227,0.005945299286395311,0.005511445924639702
VTM-005623,DG-3ce35705ae4e,anatase,0,1,0,0.8535743951797485,0.7936819791793823,0.14569906890392303,0.01055594626814127,0.05006302893161774
VTM-005626,DG-ced3f034947d,anatase,0,1,1,0.6411023736000061,0.00023041031090542674,0.9940614700317383,0.001578024821355939,0.004130062647163868
VTM-005638,DG-59e46a2127a9,anatase,0,1,1,0.6264549493789673,0.005788139998912811,0.8413052558898926,0.018916774541139603,0.13398981094360352
VTM-005642,DG-9c94a31bbfea,anatase,0,1,2,0.5691267848014832,0.003194627817720175,0.3204168677330017,0.6717742681503296,0.0046142032369971275
VTM-005643,DG-5846ebd32a5e,anatase,0,1,1,0.6901838183403015,0.13664104044437408,0.5885491967201233,0.1978277564048767,0.07698193192481995
VTM-005647,DG-345bb3f8cf03,anatase,0,1,1,0.6817624568939209,0.0011319394689053297,0.996019721031189,0.0013347252970561385,0.0015135955763980746
VTM-005657,DG-8e491c68e772,anatase,0,1,1,0.7030133008956909,0.06268968433141708,0.8934186697006226,0.022394325584173203,0.021497292444109917
VTM-005659,DG-ac7e3430ef79,anatase,0,1,1,0.6889615058898926,0.21300417184829712,0.31763190031051636,0.21807217597961426,0.25129175186157227
VTM-005661,DG-bd822846b5d3,anatase,0,1,1,0.645169734954834,0.007665085606276989,0.7829740047454834,0.19074174761772156,0.018619224429130554
VTM-005669,DG-d020b472f9b0,anatase,0,1,1,0.6942216157913208,0.0322042778134346,0.9255141615867615,0.02802809327840805,0.014253439381718636
VTM-005671,DG-d3a234a42d04,anatase,0,1,1,0.6934849619865417,0.025419507175683975,0.9631116986274719,0.0021517332643270493,0.00931706465780735
VTM-005672,DG-a3ba3e32e3a4,anatase,0,1,3,0.5445611476898193,0.007398020476102829,0.05055904760956764,0.0459231361746788,0.8961197733879089
VTM-005677,DG-1756b320f36b,anatase,0,1,2,0.5818058252334595,0.03212276101112366,0.06209465116262436,0.5724285840988159,0.3333539664745331
VTM-005678,DG-8b59a7f34894,anatase,0,1,1,0.6860800981521606,0.015577681362628937,0.9583059549331665,0.00570682343095541,0.02040950581431389
VTM-005682,DG-713619ec862e,anatase,0,1,1,0.6977578401565552,0.05869690328836441,0.8520187735557556,0.061180051416158676,0.02810434252023697
VTM-005686,DG-78aa342bd9f6,anatase,0,1,1,0.686560332775116,0.015420543029904366,0.9326925277709961,0.042471133172512054,0.009415878914296627
VTM-005690,DG-04c6ad3632fd,anatase,0,1,1,0.6991794109344482,0.13339661061763763,0.6569732427597046,0.10545855760574341,0.10417165607213974
VTM-005691,DG-65a260104a5a,anatase,0,1,1,0.6543062329292297,0.04571676254272461,0.6649502515792847,0.19519095122814178,0.09414204955101013
VTM-005692,DG-fbbe7f9885cd,anatase,0,1,2,0.5276477336883545,0.0017182654701173306,0.40827545523643494,0.5040394067764282,0.08596685528755188
VTM-005695,DG-86129bb026ef,anatase,0,1,1,0.6841414570808411,0.005672736559063196,0.9877796173095703,0.0016212696209549904,0.004926437046378851
VTM-005699,DG-20f6cb27f286,anatase,0,1,1,0.6517083644866943,0.013533404096961021,0.863453209400177,0.08962653577327728,0.03338681906461716
VTM-005707,DG-eec2c1800964,anatase,0,1,1,0.660876452922821,0.0022496466990560293,0.9818484783172607,0.0013590147718787193,0.014542912133038044
VTM-005710,DG-7806d4995e56,anatase,0,1,2,0.5342679023742676,0.013376305811107159,0.1837616264820099,0.7608379125595093,0.042024165391922
VTM-005715,DG-acfc7cc85cb1,anatase,0,1,0,0.5912972092628479,0.38208436965942383,0.20458824932575226,0.06391434371471405,0.3494130074977875
VTM-005717,DG-d58ec01453f4,anatase,0,1,1,0.6825078129768372,0.006842851638793945,0.9706978797912598,0.016430126503109932,0.006029176991432905
VTM-005720,DG-acfc7cc85cb1,anatase,0,1,1,0.6201236248016357,0.09429015964269638,0.4012911021709442,0.2848818898200989,0.21953681111335754
VTM-005721,DG-5819d089c4c6,anatase,0,1,1,0.6752548217773438,0.061807453632354736,0.6830015778541565,0.006593300495296717,0.2485976368188858
VTM-005726,DG-38a805efc962,anatase,0,1,1,0.609670102596283,0.0010166243882849813,0.8341214060783386,0.13701070845127106,0.027851279824972153
VTM-005727,DG-5f53bc236448,anatase,0,1,1,0.6633432507514954,0.0013771725352853537,0.9434796571731567,0.05134517699480057,0.003797962097451091
VTM-005732,DG-0e1fad042bd7,anatase,0,1,1,0.6995067000389099,0.03404457867145538,0.9502182006835938,0.005489043891429901,0.010248254984617233
VTM-005744,DG-ca38cda4fae2,anatase,0,1,1,0.6856726408004761,0.10105474293231964,0.639988899230957,0.04953569918870926,0.20942069590091705
VTM-005745,DG-5c1a21b638ff,anatase,0,1,1,0.661422848701477,0.037881460040807724,0.6789306402206421,0.2672586739063263,0.01592927612364292
VTM-005746,DG-9e0f8778a6f7,anatase,0,1,0,0.7881284952163696,0.5101167559623718,0.20342126488685608,0.0970037430524826,0.18945828080177307
VTM-005751,DG-5d0f36bd5908,anatase,0,1,1,0.6701181530952454,0.017081359401345253,0.8637012243270874,0.08094744384288788,0.03826996684074402
VTM-005756,DG-3b51db28f48d,anatase,0,1,1,0.7169347405433655,0.1271604299545288,0.7869096994400024,0.007325927726924419,0.07860393822193146
VTM-005760,DG-2941b8f27636,anatase,0,1,1,0.6781558394432068,0.0008626479539088905,0.9906983375549316,0.006785692181438208,0.0016533684683963656
VTM-005770,DG-2d5c07465c62,anatase,0,1,1,0.6894742250442505,0.015711598098278046,0.9640753269195557,0.012793035246431828,0.007420029491186142
VTM-005774,DG-9ec4ec40c567,anatase,0,1,1,0.6959685683250427,0.09754310548305511,0.7753256559371948,0.06858925521373749,0.05854197219014168
VTM-005777,DG-174aa415d2ec,anatase,0,1,0,0.8134579658508301,0.5356531143188477,0.4243518114089966,0.03471408039331436,0.00528088491410017
VTM-005781,DG-9e81a009454c,anatase,0,1,1,0.7218532562255859,0.10052260756492615,0.8701043128967285,0.01901116780936718,0.01036184560507536
VTM-005789,DG-4f68a56f3e10,anatase,0,1,1,0.6812453866004944,0.014522707089781761,0.9458941221237183,0.01820458471775055,0.02137855440378189
VTM-005805,DG-eae3ed981d24,anatase,0,1,2,0.5371658802032471,0.0006811594357714057,0.31324779987335205,0.6835880875587463,0.0024829350877553225
VTM-005807,DG-e9df3f657a1d,anatase,0,1,1,0.6969950199127197,0.04183260351419449,0.9288914203643799,0.007005344610661268,0.022270573303103447
VTM-005814,DG-1be091ba6cbe,anatase,0,1,1,0.6174984574317932,0.0009233895689249039,0.8418604135513306,0.1478888988494873,0.009327277541160583
VTM-005815,DG-04f09cb80678,anatase,0,1,1,0.6902170181274414,0.016649747267365456,0.9639929533004761,0.009076555259525776,0.010280712507665157
VTM-005817,DG-ec25e7241278,anatase,0,1,1,0.6710605621337891,0.003170971293002367,0.9798628091812134,0.008715007454156876,0.008251161314547062
VTM-005824,DG-87b848eb7c59,anatase,0,1,1,0.6929652094841003,0.04019463434815407,0.8930000066757202,0.04705888032913208,0.019746506586670876
VTM-005825,DG-0a9f98d1512d,anatase,0,1,1,0.5956798791885376,0.0007456078892573714,0.8069530725479126,0.15665291249752045,0.035648416727781296
VTM-005829,DG-72f049b6a70a,anatase,0,1,1,0.6522263288497925,0.0010888823308050632,0.9885163307189941,0.0008702556369826198,0.009524544700980186
VTM-005833,DG-53471fdc456b,anatase,0,1,1,0.7437216639518738,0.25108036398887634,0.6531513929367065,0.033305440098047256,0.06246277317404747
VTM-005836,DG-e59f9c2f82d9,anatase,0,1,0,0.7995079755783081,0.5506393313407898,0.07401101291179657,0.12887336313724518,0.24647636711597443
VTM-005843,DG-9971cc2be60b,anatase,0,1,1,0.6765425205230713,0.005240642931312323,0.9005524516105652,0.09153152257204056,0.002675394294783473
VTM-005846,DG-af6dba2d4d01,anatase,0,1,1,0.6765656471252441,0.009752031415700912,0.8914162516593933,0.09190291911363602,0.006928784307092428
VTM-005847,DG-0cf1f3555416,anatase,0,1,1,0.6951230764389038,0.08550671488046646,0.7706219553947449,0.07451210916042328,0.0693591982126236
VTM-005854,DG-b3cd54094dcf,anatase,0,1,2,0.5651394724845886,0.001601815689355135,0.4818350672721863,0.5103530883789062,0.006209992803633213
VTM-005866,DG-c7c48942d6ce,anatase,0,1,3,0.6590877175331116,0.1357365995645523,0.06562817096710205,0.009822698310017586,0.788812518119812
VTM-005869,DG-e9bb136a9cf8,anatase,0,1,1,0.6875343918800354,0.012116411700844765,0.9677456021308899,0.014986072666943073,0.0051518757827579975
VTM-005871,DG-eab2b3fac603,anatase,0,1,1,0.6866141557693481,0.01583065837621689,0.9619477987289429,0.005227039568126202,0.016994521021842957
VTM-005872,DG-a5baa7a4bc65,anatase,0,1,3,0.6962889432907104,0.22917291522026062,0.29322171211242676,0.03399395942687988,0.44361138343811035
VTM-005876,DG-088726c25bc1,anatase,0,1,1,0.7075477838516235,0.1976652443408966,0.5412294268608093,0.10384224355220795,0.15726299583911896
VTM-005878,DG-579eca9cb2d6,anatase,0,1,1,0.660263180732727,0.035628557205200195,0.8100800514221191,0.06026596575975418,0.09402543306350708
VTM-005883,DG-13a3caa49a59,anatase,0,1,1,0.6980715990066528,0.10722172260284424,0.728095531463623,0.073714479804039,0.09096834808588028
VTM-005884,DG-53eee68da881,anatase,0,1,2,0.4961003363132477,0.001160269952379167,0.21278119087219238,0.7694008946418762,0.016657691448926926
VTM-005885,DG-2ae7725e28bb,anatase,0,1,1,0.590842604637146,0.009678622707724571,0.5694162249565125,0.16468816995620728,0.25621694326400757
VTM-005896,DG-0f51f978cb94,anatase,0,1,1,0.6213156580924988,0.0002196656132582575,0.8690570592880249,0.12876248359680176,0.001960878260433674
VTM-005897,DG-71ec88dd661b,anatase,0,1,1,0.7817370295524597,0.38225695490837097,0.5340864658355713,0.030854912474751472,0.05280173197388649
VTM-005898,DG-deb6b29342cc,anatase,0,1,0,0.834902286529541,0.6230896711349487,0.34923553466796875,0.015581132844090462,0.012093636207282543
VTM-005903,DG-ae7c76abd0e7,anatase,0,1,1,0.6617210507392883,0.0053436048328876495,0.8611929416656494,0.12677301466464996,0.006690445356070995
VTM-005908,DG-50f1936ab775,anatase,0,1,1,0.688818097114563,0.015660803765058517,0.9618594646453857,0.015078303404152393,0.007401391863822937
VTM-005935,DG-f8fc1824da1b,anatase,0,1,2,0.608416736125946,0.04983443766832352,0.3853284418582916,0.538772463798523,0.02606460452079773
VTM-005946,DG-043ac1fee3d4,anatase,0,1,3,0.6506614685058594,0.08550393581390381,0.38728320598602295,0.028056815266609192,0.49915611743927
VTM-005948,DG-265bfdb66536,anatase,0,1,1,0.686931312084198,0.011766992509365082,0.975077748298645,0.007457206957042217,0.005698048509657383
VTM-005949,DG-a36fc7e75bdd,anatase,0,1,1,0.6571884751319885,0.00278650620020926,0.9194619655609131,0.06751319020986557,0.010238352231681347
VTM-005961,DG-1aced9ca1e30,anatase,0,1,1,0.676446795463562,0.008925773203372955,0.9505015015602112,0.0021114645060151815,0.03846127539873123
VTM-005962,DG-9344984427c6,anatase,0,1,1,0.6282761693000793,0.0040205675177276134,0.6971218585968018,0.28865134716033936,0.010206231847405434
VTM-005967,DG-ff30bb1dfca2,anatase,0,1,1,0.6216558814048767,0.007530855480581522,0.7369027137756348,0.2250017672777176,0.030564703047275543
VTM-005972,DG-aca2dfc4a505,anatase,0,1,1,0.6806416511535645,0.0021645736414939165,0.9744422435760498,0.022165585309267044,0.0012275894405320287
VTM-005978,DG-819ba6162e93,anatase,0,1,1,0.6712154746055603,0.02171647548675537,0.8832114934921265,0.007096526212990284,0.08797553181648254
VTM-005982,DG-63644a7ed37c,anatase,0,1,1,0.618717610836029,0.0009695419576019049,0.6446295976638794,0.35331934690475464,0.0010814644629135728
VTM-005987,DG-cc731ff0d7d1,anatase,0,1,0,0.8257603645324707,0.5991557836532593,0.32742100954055786,0.021814975887537003,0.05160830169916153
VTM-005990,DG-418900fddbbd,anatase,0,1,2,0.5996395349502563,0.006286930292844772,0.4862344264984131,0.5008834004402161,0.00659525953233242
VTM-005991,DG-37ce58f9a71b,anatase,0,1,1,0.6752744317054749,0.03846257925033569,0.8034865856170654,0.08748103678226471,0.07056970149278641
VTM-005994,DG-33fccd751217,anatase,0,1,0,0.7815336585044861,0.4593890309333801,0.11239393800497055,0.07547596842050552,0.3527411222457886
VTM-005996,DG-187debedc378,anatase,0,1,1,0.6694594621658325,0.0038695060648024082,0.9543088674545288,0.030940178781747818,0.010881476104259491
VTM-005997,DG-b691f6a4cccd,anatase,0,1,3,0.5479934215545654,0.008868947625160217,0.17493759095668793,0.39825543761253357,0.4179379940032959
VTM-006001,DG-95c5497ecb62,anatase,0,1,1,0.6462841629981995,0.05336299538612366,0.6450452208518982,0.15037065744400024,0.1512211114168167
VTM-006003,DG-9e1dce4c666e,anatase,0,1,1,0.6535875797271729,0.004613272845745087,0.960761308670044,0.011663777753710747,0.022961631417274475
VTM-006007,DG-104b2c508b47,anatase,0,1,1,0.6835989952087402,0.014669133350253105,0.9394332766532898,0.030011359602212906,0.01588619500398636
VTM-006008,DG-0ae4fd881765,anatase,0,1,1,0.702438235282898,0.1360929161310196,0.7084376215934753,0.0164007768034935,0.13906872272491455
VTM-006011,DG-139cd479b6fc,anatase,0,1,1,0.5883163213729858,0.002458070171996951,0.62664395570755,0.3594302535057068,0.011467788368463516
VTM-006017,DG-bd75fac5c82b,anatase,0,1,2,0.5286843180656433,0.0003043579636141658,0.07668037712574005,0.9223992824554443,0.0006159784970805049
VTM-006018,DG-c860d0248218,anatase,0,1,1,0.594857931137085,0.012047887779772282,0.6000932455062866,0.3453700542449951,0.04248875379562378
VTM-006021,DG-ca17d7e11fdd,anatase,0,1,1,0.6380787491798401,0.009210685268044472,0.7663400769233704,0.20929278433322906,0.015156444162130356
VTM-006033,DG-f364e0776340,anatase,0,1,1,0.6720126867294312,0.013821684755384922,0.8641030788421631,0.10847283899784088,0.013602400198578835
VTM-006038,DG-70b20ffae56f,anatase,0,1,1,0.6067208647727966,0.03176853805780411,0.4108451008796692,0.18109044432640076,0.37629592418670654
VTM-006043,DG-5f48237b5d82,anatase,0,1,1,0.6772699952125549,0.052436139434576035,0.7903687953948975,0.1052187904715538,0.05197634547948837
VTM-006045,DG-95821c552aeb,anatase,0,1,3,0.6222777366638184,0.05975206941366196,0.31286466121673584,0.14543554186820984,0.48194772005081177
VTM-006049,DG-1f15edf7d003,anatase,0,1,1,0.5949535965919495,0.027332952246069908,0.5039745569229126,0.33804863691329956,0.1306438446044922
VTM-006064,DG-325792353b9c,anatase,0,1,1,0.6518638730049133,0.011972207576036453,0.7539743185043335,0.2227206826210022,0.011332856491208076
VTM-006067,DG-2cdc6824216d,anatase,0,1,1,0.6637255549430847,0.0008312073769047856,0.9882213473320007,0.006658406928181648,0.004289025440812111
VTM-006074,DG-9e8e45acb3bc,anatase,0,1,1,0.6829948425292969,0.0037892204709351063,0.976349413394928,0.017076846212148666,0.002784495474770665
VTM-006075,DG-482f84d024e3,anatase,0,1,1,0.6272696852684021,0.05955246463418007,0.4796469211578369,0.14120624959468842,0.3195943236351013
VTM-006079,DG-c4af61589769,anatase,0,1,2,0.5581040978431702,0.0011557049583643675,0.48483720421791077,0.5085496306419373,0.005457446910440922
VTM-006096,DG-b807419f51c0,anatase,0,1,1,0.6399162411689758,0.05587390810251236,0.5839989185333252,0.2551271915435791,0.10499995946884155
VTM-006101,DG-34f9aa3cc4c2,anatase,0,1,1,0.6847648024559021,0.006741201505064964,0.9684646725654602,0.02220446616411209,0.0025896707084029913
VTM-006106,DG-bcde780e96a5,anatase,0,1,1,0.6329039931297302,0.018032031133770943,0.6917815208435059,0.2405213713645935,0.04966508597135544
VTM-006114,DG-7a98ed5a2f37,anatase,0,1,2,0.5163329839706421,0.007113267667591572,0.04793722927570343,0.907189130783081,0.037760376930236816
VTM-006115,DG-96d5b67ed849,anatase,0,1,1,0.669907808303833,0.015629809349775314,0.9222427606582642,0.027269883081316948,0.0348576121032238
VTM-006119,DG-a519b39a64a9,anatase,0,1,1,0.6164621710777283,0.030123088508844376,0.5919802784919739,0.1177198588848114,0.26017674803733826
VTM-006123,DG-473628e6ebc0,anatase,0,1,1,0.6774317026138306,0.008681387640535831,0.9594437479972839,0.015616497956216335,0.01625841297209263
VTM-006125,DG-4a806d32fad4,anatase,0,1,1,0.6338406205177307,0.004961727187037468,0.8972042202949524,0.062241725623607635,0.03559231758117676
VTM-006134,DG-268e20a41bdb,anatase,0,1,1,0.6768655776977539,0.004608470015227795,0.9494662284851074,0.04044083133339882,0.005484419874846935
VTM-006145,DG-8edd14eb12e9,anatase,0,1,1,0.6027486324310303,0.006246740929782391,0.6364850997924805,0.3279620110988617,0.02930614724755287
VTM-006156,DG-949d12188648,anatase,0,1,0,0.8219925165176392,0.6211032271385193,0.265607088804245,0.01586943492293358,0.09742021560668945
VTM-006161,DG-929f3459e00c,anatase,0,1,1,0.6831206679344177,0.013848977163434029,0.9329875707626343,0.04659789800643921,0.006565554533153772
VTM-006163,DG-25ee34f11a10,anatase,0,1,1,0.6474050879478455,0.023736752569675446,0.7259867191314697,0.2175491899251938,0.03272736445069313
VTM-006170,DG-8ec3c654c37f,anatase,0,1,1,0.6784329414367676,0.0012374267680570483,0.9912359118461609,0.0035868235863745213,0.003939846530556679
VTM-006187,DG-3002da884dc4,anatase,0,1,1,0.6149487495422363,0.043031398206949234,0.45139485597610474,0.27450406551361084,0.2310696244239807
VTM-006195,DG-9bdef8ad78aa,anatase,0,1,2,0.5494765043258667,0.00455065630376339,0.3715093433856964,0.608144998550415,0.015794968232512474
VTM-006197,DG-a8e2877674ec,anatase,0,1,1,0.6668776273727417,0.08505210280418396,0.6081076860427856,0.18538334965705872,0.12145687639713287
VTM-006201,DG-488fcfc9941e,anatase,0,1,2,0.513932466506958,0.0010579362278804183,0.35740870237350464,0.6253586411476135,0.0161746758967638
VTM-006215,DG-e3659b7f2ffc,anatase,0,1,1,0.6356534361839294,0.02407701686024666,0.6947863101959229,0.22857800126075745,0.05255863070487976
VTM-006216,DG-c67ecbfe12d4,anatase,0,1,2,0.5360646843910217,0.011356995441019535,0.17354586720466614,0.7816277742385864,0.03346937149763107
VTM-006227,DG-e0afa4491647,anatase,0,1,2,0.5900315046310425,0.05555836856365204,0.12874442338943481,0.6750670075416565,0.14063020050525665
VTM-006229,DG-ef62715a621d,anatase,0,1,1,0.6323049068450928,0.05863432586193085,0.5579690933227539,0.20977415144443512,0.17362241446971893
VTM-006232,DG-c2e1b49c4eab,anatase,0,1,1,0.6699888110160828,0.007504465989768505,0.9190922975540161,0.061662424355745316,0.011740822345018387
VTM-006234,DG-d245a7bc4478,anatase,0,1,1,0.6804547309875488,0.005841884762048721,0.9621297121047974,0.02632525935769081,0.005703088827431202
VTM-006241,DG-5674bd5ac0ec,anatase,0,1,1,0.6644961833953857,0.01706129126250744,0.8534766435623169,0.050694890320301056,0.07876714318990707
VTM-006242,DG-e69012fa6495,anatase,0,1,1,0.6439360976219177,0.0012177730677649379,0.8695324659347534,0.12605735659599304,0.0031924606300890446
VTM-006246,DG-bf1e600c7bed,anatase,0,1,1,0.7155826091766357,0.08952753990888596,0.8816795945167542,0.013687028549611568,0.015105835162103176
VTM-006253,DG-b070be6e4bc0,anatase,0,1,1,0.6926502585411072,0.04368394613265991,0.8775736093521118,0.022970817983150482,0.05577161908149719
VTM-006266,DG-f8bf9864798b,anatase,0,1,1,0.6495140194892883,0.04659627377986908,0.6142373085021973,0.28164535760879517,0.05752098560333252
VTM-006274,DG-796ab43f6114,anatase,0,1,1,0.6910467743873596,0.09172330796718597,0.754936158657074,0.11393789947032928,0.03940262645483017
VTM-006276,DG-eb341a6de4eb,anatase,0,1,1,0.6537637114524841,0.0003574520524125546,0.9933413863182068,0.0030857424717396498,0.0032154424116015434
VTM-006278,DG-16f936dd9298,anatase,0,1,1,0.6643470525741577,0.07828773558139801,0.6344894766807556,0.24479025602340698,0.042432546615600586
VTM-006282,DG-6918d9390f09,anatase,0,1,1,0.7502380013465881,0.42377638816833496,0.5448499917984009,0.0022697802633047104,0.02910386025905609
VTM-006287,DG-3a3501476b61,anatase,0,1,1,0.7036064863204956,0.048949286341667175,0.9290423393249512,0.015565961599349976,0.0064424253068864346
VTM-006296,DG-112d6e934f1b,anatase,0,1,1,0.6809601783752441,0.004250328987836838,0.9900827407836914,0.0010880581103265285,0.004578935913741589
VTM-006300,DG-979e6edfce44,anatase,0,1,1,0.6453730463981628,0.05970364809036255,0.5963882803916931,0.23985987901687622,0.10404814779758453
VTM-006311,DG-aa46f4ad87d0,anatase,0,1,1,0.6602354049682617,0.001149359392002225,0.9881187677383423,0.003788396716117859,0.006943494081497192
VTM-006324,DG-1dc6871862db,anatase,0,1,1,0.6879386305809021,0.010097690857946873,0.9820958375930786,0.0024368842132389545,0.0053695570677518845
VTM-006330,DG-fc214509b3bb,anatase,0,1,3,0.5907883048057556,0.03847219794988632,0.23485863208770752,0.18038874864578247,0.5462804436683655
VTM-006345,DG-9e5474b4ad58,anatase,0,1,1,0.6415059566497803,0.06438516080379486,0.496698260307312,0.07801707088947296,0.36089950799942017
VTM-006349,DG-49efe37631ec,anatase,0,1,1,0.6912360191345215,0.11012788861989975,0.70992112159729,0.06451140344142914,0.1154395192861557
VTM-006356,DG-bf63801c3476,anatase,0,1,1,0.6369866132736206,0.003399263136088848,0.7834755182266235,0.2085222601890564,0.004602973349392414
VTM-006363,DG-a6108475bdeb,anatase,0,1,3,0.5811610817909241,0.026548365131020546,0.07188192009925842,0.28932398557662964,0.6122457385063171
VTM-006371,DG-2e92eedabd9c,anatase,0,1,1,0.6331347227096558,0.0030067902989685535,0.9409860968589783,0.025082387030124664,0.030924703925848007
VTM-006373,DG-f1b1dceccc29,anatase,0,1,1,0.6357383131980896,0.07579946517944336,0.4910131096839905,0.308024525642395,0.1251629739999771
VTM-006377,DG-c7e8605056a3,anatase,0,1,1,0.6218351125717163,0.010633283294737339,0.7359449863433838,0.2102019339799881,0.04321981221437454
VTM-006379,DG-a1b2af69f0d4,anatase,0,1,2,0.5237299203872681,0.0005806188564747572,0.43277448415756226,0.559706449508667,0.006938430480659008
VTM-006384,DG-da953788905a,anatase,0,1,1,0.7715460062026978,0.3297387957572937,0.6190525889396667,0.03565840423107147,0.015550234355032444
VTM-006390,DG-01b24e441a7a,anatase,0,1,1,0.65235835313797,0.020725173875689507,0.7539173364639282,0.19312167167663574,0.03223580867052078
VTM-006392,DG-71d2815d1bd5,anatase,0,1,3,0.559308648109436,0.004841946065425873,0.2962322235107422,0.14899790287017822,0.5499278903007507
VTM-006394,DG-d8d2ecff120b,anatase,0,1,1,0.6446983218193054,0.00021309636940713972,0.9939916729927063,0.003549200715497136,0.0022460627369582653
VTM-006395,DG-4198c77573ae,anatase,0,1,2,0.5690938830375671,0.025127466768026352,0.23215830326080322,0.713396430015564,0.02931775525212288
VTM-006397,DG-beb3d06894af,anatase,0,1,1,0.6825962066650391,0.009675003588199615,0.9673981666564941,0.010191654786467552,0.012735209427773952
VTM-006408,DG-2c1083b700a0,anatase,0,1,1,0.6955136060714722,0.04610840231180191,0.888164758682251,0.049580685794353485,0.01614614576101303
VTM-006409,DG-c37555994414,anatase,0,1,1,0.6747488975524902,0.0019742967560887337,0.9822593927383423,0.013112337328493595,0.002654031850397587
VTM-006415,DG-9e24ee739682,anatase,0,1,1,0.7162467837333679,0.22366005182266235,0.5610888600349426,0.08045375347137451,0.13479727506637573
VTM-006418,DG-30e2ec80c738,anatase,0,1,1,0.6808823347091675,0.0030297967605292797,0.9846789836883545,0.008535671979188919,0.0037555545568466187
VTM-006420,DG-9bda9a0160af,anatase,0,1,1,0.6813300848007202,0.0026147719472646713,0.9895497560501099,0.0052312202751636505,0.002604211214929819
VTM-006432,DG-3a4fa0633cb1,anatase,0,1,1,0.7115556001663208,0.14216580986976624,0.6960131525993347,0.04150073975324631,0.12032028287649155
VTM-006435,DG-f8d0a1c8c68d,anatase,0,1,1,0.6858458518981934,0.01401589997112751,0.9762657284736633,0.0007253745570778847,0.008992994204163551
VTM-006437,DG-39b47311c139,anatase,0,1,1,0.684139609336853,0.004924155306071043,0.9889882802963257,0.0009420756250619888,0.005145530682057142
VTM-006442,DG-69f04811ed52,anatase,0,1,2,0.5880621671676636,0.025207702070474625,0.3725736737251282,0.5792900323867798,0.02292865701019764
VTM-006445,DG-ce8b18e9b2a2,anatase,0,1,1,0.6742962002754211,0.002653994830325246,0.9211994409561157,0.07316147536039352,0.002985086292028427
VTM-006449,DG-6445a784e0c6,anatase,0,1,1,0.6958738565444946,0.07312802970409393,0.8141497373580933,0.08169150352478027,0.031030725687742233
VTM-006461,DG-ad0165fc6794,anatase,0,1,1,0.6579349040985107,0.010750295594334602,0.865729570388794,0.09339641779661179,0.030123721808195114
VTM-006466,DG-265eef3b3006,anatase,0,1,1,0.6325494050979614,0.0005052409251220524,0.9800512790679932,0.007922852411866188,0.011520642787218094
VTM-006467,DG-fb2944857aa6,anatase,0,1,1,0.6803654432296753,0.00919429026544094,0.9731403589248657,0.006261026952415705,0.011404355987906456
VTM-006471,DG-3e20b73fe28f,anatase,0,1,0,0.850648045539856,0.7613988518714905,0.19873173534870148,0.011498110368847847,0.028371306136250496
VTM-006476,DG-d9bc43ce4b7f,anatase,0,1,1,0.6821151375770569,0.06793654710054398,0.7278436422348022,0.17800426483154297,0.026215488091111183
VTM-006478,DG-a4bdb7f9591b,anatase,0,1,1,0.7088708877563477,0.07620541006326675,0.8865928649902344,0.028193075209856033,0.009008665569126606
VTM-006480,DG-b24501d7950f,anatase,0,1,3,0.5764842629432678,0.017264079302549362,0.13147518038749695,0.057895295321941376,0.793365478515625
VTM-006488,DG-d391398b2da7,anatase,0,1,0,0.8550326228141785,0.8134505748748779,0.11039619147777557,0.03233463689684868,0.04381856322288513
VTM-006490,DG-a2f7e9929fc5,anatase,0,1,1,0.6852564215660095,0.005584002006798983,0.9836671352386475,0.009547843597829342,0.0012009940110147
VTM-006500,DG-3e4e17e6ec8d,anatase,0,1,0,0.8577266931533813,0.8603233098983765,0.07131327688694,0.011298900470137596,0.05706453695893288
VTM-006503,DG-db7c8c165e43,anatase,0,1,1,0.7818302512168884,0.34080252051353455,0.6378821730613708,0.014462072402238846,0.006853258237242699
VTM-006504,DG-18b4c46bb671,anatase,0,1,1,0.6151636838912964,0.02319657802581787,0.511255145072937,0.07508675754070282,0.3904615044593811
VTM-006510,DG-87b52cf4b977,anatase,0,1,1,0.6839160919189453,0.005263647995889187,0.9819023013114929,0.01047538686543703,0.0023586200550198555
VTM-006511,DG-86b871038077,anatase,0,1,2,0.5579606294631958,0.01401528436690569,0.3784712553024292,0.5596650838851929,0.047848403453826904
VTM-006516,DG-23b4f9d15b43,anatase,0,1,1,0.7780492305755615,0.3471268117427826,0.6080875396728516,0.02505689486861229,0.019728729501366615
VTM-006533,DG-1f903b18ddda,perovskite,0,1,1,0.676943302154541,0.03091587871313095,0.8697942495346069,0.07059676200151443,0.02869309112429619
VTM-006541,DG-835a801f23da,perovskite,0,1,1,0.6034091114997864,0.007327238097786903,0.596179723739624,0.3840866982936859,0.012406328693032265
VTM-006562,DG-35d50aa085e6,perovskite,0,1,1,0.6403054594993591,0.006605315953493118,0.7757437229156494,0.20057624578475952,0.017074696719646454
VTM-006564,DG-644958babe8e,perovskite,0,1,1,0.7568897604942322,0.2877342402935028,0.6789959669113159,0.006566265597939491,0.02670358493924141
VTM-006566,DG-f6239c05b656,perovskite,0,1,2,0.5051233768463135,0.0029082722030580044,0.1853359192609787,0.6600385904312134,0.15171723067760468
VTM-006570,DG-ca69ccc90dac,perovskite,0,1,1,0.673537015914917,0.001049053855240345,0.9956929683685303,0.0018704680260270834,0.0013874839060008526
VTM-006575,DG-11ae31e5d33e,perovskite,0,1,0,0.7948932647705078,0.7216296792030334,0.08450306951999664,0.026408901438117027,0.16745838522911072
VTM-006579,DG-03968fb48da1,perovskite,0,1,3,0.6673550009727478,0.1677171289920807,0.2037484347820282,0.10618508607149124,0.5223493576049805
VTM-006580,DG-78c669fe7d06,perovskite,0,1,2,0.5537185072898865,0.014171348884701729,0.17640486359596252,0.7863364219665527,0.023087404668331146
VTM-006591,DG-1d2cf2cae958,perovskite,0,1,0,0.7342339754104614,0.3509260416030884,0.20822222530841827,0.20312444865703583,0.2377273142337799
VTM-006592,DG-6a8bff671d50,perovskite,0,1,1,0.6781653165817261,0.00018394507060293108,0.9942234754562378,0.005354936234652996,0.00023758411407470703
VTM-006593,DG-6924e9fa7beb,perovskite,0,1,0,0.759896993637085,0.4122520387172699,0.15730810165405273,0.3338492810726166,0.09659059345722198
VTM-006595,DG-a10bfe44f494,perovskite,0,1,1,0.6245846748352051,0.0025016055442392826,0.8838399648666382,0.04602890461683273,0.06762958317995071
VTM-006596,DG-e959e1343827,perovskite,0,1,1,0.7134221792221069,0.06022321432828903,0.9237459897994995,0.007461676374077797,0.008569128811359406
VTM-006618,DG-e058c49622bc,perovskite,0,1,1,0.6104331016540527,0.0012515400303527713,0.8089812397956848,0.1718515157699585,0.017915669828653336
VTM-006630,DG-4869d5ae8f80,perovskite,0,1,1,0.6491377949714661,0.027551354840397835,0.7835146188735962,0.025142332538962364,0.16379162669181824
VTM-006635,DG-23594ab189e8,perovskite,0,1,1,0.6347153782844543,0.006831199862062931,0.8092882633209229,0.06444519013166428,0.11943534016609192
VTM-006639,DG-93f5dc1c4df2,perovskite,0,1,0,0.8579792976379395,0.8594443798065186,0.08148937672376633,0.004301226697862148,0.054765116423368454
VTM-006644,DG-37761b327bb4,perovskite,0,1,1,0.6646645069122314,0.006525389850139618,0.8664326667785645,0.11877508461475372,0.008266901597380638
VTM-006647,DG-8d8763f17b67,perovskite,0,1,0,0.8597254157066345,0.849218487739563,0.14249366521835327,0.0009072714601643384,0.007380545139312744
VTM-006648,DG-d680a4d6e142,perovskite,0,1,1,0.7289230823516846,0.282912015914917,0.36660292744636536,0.1282469779253006,0.22223809361457825
VTM-006653,DG-8acc97e99e5e,perovskite,0,1,2,0.6256932616233826,0.06483616679906845,0.3922693729400635,0.4420761466026306,0.10081836581230164
VTM-006655,DG-39398201aeb2,perovskite,0,1,0,0.8430202007293701,0.7087447643280029,0.21669642627239227,0.05069200322031975,0.023866817355155945
VTM-006657,DG-b8aafa85cd66,perovskite,0,1,0,0.7993998527526855,0.47837507724761963,0.39378640055656433,0.061823416501283646,0.0660151019692421
VTM-006663,DG-7002e94c0f25,perovskite,0,1,0,0.8112492561340332,0.5735844969749451,0.3006710410118103,0.11150941997766495,0.014235072769224644
VTM-006669,DG-ca7fc283c3e0,perovskite,0,1,1,0.6012148857116699,0.0034595411270856857,0.5858768224716187,0.4040737748146057,0.006589860655367374
VTM-006671,DG-4c5394909071,perovskite,0,1,1,0.6251596808433533,0.0034473349805921316,0.8566704988479614,0.10570518672466278,0.034177009016275406
VTM-006674,DG-29853a9c9e48,perovskite,0,1,0,0.7892523407936096,0.6787529587745667,0.2910468578338623,0.01096635963767767,0.019233815371990204
VTM-006702,DG-05ce0b58d145,perovskite,0,1,1,0.6842840313911438,0.11130566895008087,0.6304951906204224,0.21975703537464142,0.038442082703113556
VTM-006704,DG-35a61c51bf04,perovskite,0,1,2,0.5508831143379211,0.0002278687315993011,0.053703442215919495,0.9458306431770325,0.00023809100093785673
VTM-006712,DG-8f55863f8ea1,perovskite,0,1,1,0.6661256551742554,0.0269056037068367,0.8509999513626099,0.049009259790182114,0.07308515906333923
VTM-006718,DG-aa10f143e383,perovskite,0,1,1,0.6339011788368225,0.00043546094093471766,0.982129693031311,0.0028876513242721558,0.014547210186719894
VTM-006719,DG-3afed5e49e28,perovskite,0,1,1,0.6058543920516968,0.004081281833350658,0.7528334856033325,0.05249951779842377,0.1905856728553772
VTM-006720,DG-b34cba61ef89,perovskite,0,1,2,0.6971105933189392,0.2475985884666443,0.20353102684020996,0.465267539024353,0.08360287547111511
VTM-006723,DG-260189d80767,perovskite,0,1,1,0.6413003206253052,0.05125616490840912,0.5707774758338928,0.31787559390068054,0.060090746730566025
VTM-006729,DG-f3e55769ff61,perovskite,0,1,3,0.7611283659934998,0.367522656917572,0.22848393023014069,0.0028637403156608343,0.4011296331882477
VTM-006738,DG-1c1a3c4ef6a5,perovskite,0,1,0,0.8228787779808044,0.5310564637184143,0.4386153221130371,0.008371960371732712,0.021956272423267365
VTM-006745,DG-e46e9d5bd1b0,perovskite,0,1,3,0.5143923759460449,0.00013012772251386195,0.04548275098204613,0.026806827634572983,0.9275802373886108
VTM-006746,DG-15742dc2018a,perovskite,0,1,0,0.8364288210868835,0.6894471049308777,0.17957213521003723,0.014881688170135021,0.11609901487827301
VTM-006750,DG-a375d8956f65,perovskite,0,1,3,0.6556041836738586,0.13493478298187256,0.06318263709545135,0.08669644594192505,0.7151860594749451
VTM-006752,DG-0b399df40ff6,perovskite,0,1,1,0.733476996421814,0.15676003694534302,0.7749851942062378,0.04408188909292221,0.024172894656658173
VTM-006756,DG-7fe862f885ef,perovskite,0,1,1,0.7424913644790649,0.22801630198955536,0.6392269134521484,0.02518131211400032,0.10757551342248917
VTM-006763,DG-5923ebe32d44,perovskite,0,1,1,0.7200747728347778,0.23884359002113342,0.5432156324386597,0.09055899828672409,0.12738177180290222
VTM-006770,DG-8af983db7de9,perovskite,0,1,1,0.6513763070106506,0.023145463317632675,0.7235846519470215,0.21609115600585938,0.03717876598238945
VTM-006773,DG-4e4e2c60036a,perovskite,0,1,0,0.8299370408058167,0.5639199018478394,0.4172256290912628,0.01482909545302391,0.004025333561003208
VTM-006774,DG-e6573e0b29ec,perovskite,0,1,1,0.710209846496582,0.1556171029806137,0.7232698202133179,0.10636161267757416,0.014751451089978218
VTM-006777,DG-af8325128ef5,perovskite,0,1,1,0.6068822145462036,0.02295561507344246,0.5496928691864014,0.1457391232252121,0.2816123366355896
VTM-006783,DG-4ea38b753c1d,perovskite,0,1,0,0.8010172247886658,0.5318822264671326,0.2782944440841675,0.05336000770330429,0.13646331429481506
VTM-006789,DG-91a87bde4235,perovskite,0,1,0,0.8022629022598267,0.5641714930534363,0.1654396653175354,0.11467275023460388,0.15571610629558563
VTM-006792,DG-35eb75caf639,perovskite,0,1,1,0.6262975335121155,0.03767216205596924,0.5227680206298828,0.42783892154693604,0.011720940470695496
VTM-006795,DG-add3274436d0,perovskite,0,1,1,0.7463361620903015,0.29888349771499634,0.5177410840988159,0.15745919942855835,0.025916237384080887
VTM-006797,DG-50aefe90f359,perovskite,0,1,2,0.49995148181915283,0.003441543783992529,0.0927950069308281,0.8489257097244263,0.05483771115541458
VTM-006801,DG-ea0f173988c7,perovskite,0,1,3,0.5789921879768372,0.023517664521932602,0.10192925482988358,0.055366162210702896,0.8191869258880615
VTM-006802,DG-f27d5e7ca7b3,perovskite,0,1,3,0.7272553443908691,0.2776506543159485,0.26724860072135925,0.02664445899426937,0.4284563362598419
VTM-006807,DG-3db1fe4ffc10,perovskite,0,1,1,0.6479578018188477,0.007982032373547554,0.7400884628295898,0.24542304873466492,0.0065064141526818275
VTM-006809,DG-52eb4c4698ac,perovskite,0,1,0,0.797855019569397,0.7771601676940918,0.17574533820152283,0.01020529679954052,0.036889221519231796
VTM-006812,DG-d6fc273c2664,perovskite,0,1,1,0.6784703135490417,0.0004362176114227623,0.9953045845031738,0.0028680278919637203,0.0013912071008235216
VTM-006814,DG-0b751e4cb272,perovskite,0,1,2,0.5636399984359741,0.006037413142621517,0.12879814207553864,0.8614159822463989,0.0037485247012227774
VTM-006815,DG-417147546517,perovskite,0,1,1,0.6552018523216248,0.012181930243968964,0.8894917368888855,0.05916236713528633,0.03916391357779503
VTM-006818,DG-73cc4e599178,perovskite,0,1,1,0.791127622127533,0.4326075613498688,0.4924447238445282,0.006986801978200674,0.06796086579561234
VTM-006821,DG-1f359c0dcffa,perovskite,0,1,0,0.7913118004798889,0.5085248351097107,0.09694862365722656,0.12023912370204926,0.27428746223449707
VTM-006827,DG-556a131aaeaf,perovskite,0,1,2,0.5451337695121765,0.013770497404038906,0.09438201785087585,0.8563358783721924,0.03551162779331207
VTM-006831,DG-d68fb0c71597,perovskite,0,1,1,0.664100706577301,0.0017396747134625912,0.9002515077590942,0.09500734508037567,0.003001477802172303
VTM-006833,DG-94bc56856a4d,perovskite,0,1,1,0.6136418581008911,0.012163955718278885,0.6364800333976746,0.3184683918952942,0.032887622714042664
VTM-006837,DG-343b09f74dde,perovskite,0,1,1,0.688373863697052,0.009420977905392647,0.9859108924865723,0.0028202543035149574,0.0018478715792298317
VTM-006844,DG-9bf13122376d,perovskite,0,1,3,0.7103760242462158,0.2812941372394562,0.1832018792629242,0.029577728360891342,0.505926251411438
VTM-006845,DG-e8e1450adde3,perovskite,0,1,1,0.671960711479187,0.10387950390577316,0.6254807114601135,0.12899360060691833,0.14164617657661438
VTM-006849,DG-b1f251cf666f,perovskite,0,1,1,0.5882095694541931,0.033381205052137375,0.4361855983734131,0.39613574743270874,0.13429740071296692
VTM-006853,DG-ab41a705c6a6,perovskite,0,1,3,0.6075140833854675,0.0659618228673935,0.0999317467212677,0.023464327678084373,0.8106421232223511
VTM-006855,DG-53a21c00e78d,perovskite,0,1,1,0.6762731075286865,0.08906597644090652,0.6337603330612183,0.03511258214712143,0.2420610934495926
VTM-006865,DG-63548c1d61c2,perovskite,0,1,2,0.5472239851951599,0.01240525022149086,0.32240113615989685,0.5502005219459534,0.11499305069446564
VTM-006875,DG-fb1970d2ff6f,perovskite,0,1,0,0.841392457485199,0.7119760513305664,0.16025316715240479,0.015278864651918411,0.11249198764562607
VTM-006887,DG-86578adce0e4,perovskite,0,1,1,0.6656799912452698,0.020427599549293518,0.7807111144065857,0.1950342059135437,0.003827105974778533
VTM-006891,DG-8dfa5e733ae1,perovskite,0,1,0,0.8406887054443359,0.674413800239563,0.2894897162914276,0.006091040559113026,0.03000548481941223
VTM-006898,DG-6f4492e2f9e1,rutile,0,1,1,0.561360239982605,0.004465536214411259,0.5199389457702637,0.35689741373062134,0.11869807541370392
VTM-006906,DG-7f087c3660f5,rutile,0,1,1,0.602660596370697,0.0009001265279948711,0.8329556584358215,0.10211952030658722,0.0640246719121933
VTM-006908,DG-dc60ca226509,rutile,0,1,3,0.6339966058731079,0.09949037432670593,0.12601864337921143,0.3678886294364929,0.4066024124622345
VTM-006916,DG-4cb828c27c61,rutile,0,1,1,0.6429072022438049,0.05595408380031586,0.6195039749145508,0.030818622559309006,0.2937232553958893
VTM-006917,DG-6ee3ca1f3798,rutile,0,1,3,0.6355248689651489,0.09555761516094208,0.32000330090522766,0.21400542557239532,0.3704336881637573
VTM-006933,DG-5ba0b26133f3,rutile,0,1,1,0.6572310328483582,0.012714961543679237,0.764733612537384,0.21503624320030212,0.007515224628150463
VTM-006934,DG-30753fc2b957,rutile,0,1,2,0.5231414437294006,0.0005825451225973666,0.06962589174509048,0.9286625981330872,0.0011288999812677503
VTM-006935,DG-e1a68ff2aa8d,rutile,0,1,3,0.6470865607261658,0.1121765673160553,0.16861779987812042,0.14598682522773743,0.5732187628746033
VTM-006959,DG-8ba48f39262c,rutile,0,1,1,0.6140435338020325,0.009700851514935493,0.7242690324783325,0.15789657831192017,0.10813350975513458
VTM-006967,DG-fa4bff23af8b,rutile,0,1,2,0.5704182982444763,0.03273602947592735,0.17148807644844055,0.5546448230743408,0.24113109707832336
VTM-006971,DG-dca3cf74d23b,rutile,0,1,1,0.643831193447113,0.020182693377137184,0.8052014112472534,0.1339491456747055,0.04066673293709755
VTM-006976,DG-da93d215b880,rutile,0,1,1,0.6849411129951477,0.008612795732915401,0.9783858060836792,0.006191548891365528,0.0068098148331046104
VTM-006978,DG-3b43749310e1,rutile,0,1,1,0.6780393719673157,0.19968393445014954,0.30163922905921936,0.231789231300354,0.2668876051902771
VTM-006983,DG-a7b59cae618b,rutile,0,1,1,0.5993490815162659,0.009439305402338505,0.6336368322372437,0.33854976296424866,0.018374130129814148
VTM-006984,DG-154c71809bbc,rutile,0,1,1,0.6454306840896606,0.00036621111212298274,0.9929007887840271,0.002275010570883751,0.0044579338282346725
VTM-006985,DG-0eee9f6bbcfc,rutile,0,1,1,0.6077246069908142,0.0002453597553540021,0.8539789915084839,0.13581572473049164,0.009959944523870945
VTM-006994,DG-a7ce3a9925a2,rutile,0,1,1,0.6775846481323242,0.013171441853046417,0.9393190145492554,0.02191002666950226,0.025599569082260132
VTM-006995,DG-b0604379d089,rutile,0,1,1,0.7219043970108032,0.1112024188041687,0.8735438585281372,0.004532754421234131,0.01072095986455679
VTM-006998,DG-acbe1e05c541,rutile,0,1,1,0.6596856713294983,0.056373562663793564,0.6845545768737793,0.16553239524364471,0.09353946149349213
VTM-007002,DG-c6cad96fd5a7,rutile,0,1,1,0.7004303932189941,0.04666559025645256,0.950689435005188,0.00044330614036880434,0.002201694529503584
VTM-007007,DG-493cac276dd5,rutile,0,1,2,0.676783561706543,0.1767774075269699,0.20887917280197144,0.32154831290245056,0.2927950918674469
VTM-007026,DG-e3dbfb5405a7,rutile,0,1,1,0.6996128559112549,0.20629306137561798,0.3832053244113922,0.2813775837421417,0.1291240006685257
VTM-007029,DG-0b8d368c44aa,rutile,0,1,1,0.6898592710494995,0.017609940841794014,0.9620311260223389,0.005483337678015232,0.014875601045787334
VTM-007032,DG-0b8472e2b902,rutile,0,1,1,0.6870277523994446,0.007027208339422941,0.9891367554664612,0.0021902737207710743,0.0016457262681797147
VTM-007037,DG-22d358f0e974,rutile,0,1,1,0.7005519866943359,0.07536304742097855,0.8359982967376709,0.03668989986181259,0.05194874107837677
VTM-007040,DG-b872fe4b369e,rutile,0,1,1,0.6788346767425537,0.17975345253944397,0.4444811940193176,0.28083744645118713,0.09492788463830948
VTM-007041,DG-fa8281c7c40c,rutile,0,1,1,0.6664274334907532,0.023441020399332047,0.8529114127159119,0.07079948484897614,0.05284807085990906
VTM-007048,DG-f9986ce5a4bd,rutile,0,1,1,0.6787834763526917,0.0016432481352239847,0.9927859306335449,0.002761316252872348,0.00280942115932703
VTM-007049,DG-4715ac3ecf84,rutile,0,1,1,0.6304720044136047,0.006265308242291212,0.8184316754341125,0.15897609293460846,0.016326894983649254
VTM-007054,DG-6a7637f40650,rutile,0,1,1,0.6741015911102295,0.04701549559831619,0.7967349290847778,0.0939902514219284,0.06225929781794548
VTM-007065,DG-cadf3c36e12e,rutile,0,1,2,0.5674879550933838,0.0030646775849163532,0.4314330220222473,0.558239758014679,0.007262558210641146
VTM-007070,DG-d34b22e095bf,rutile,0,1,1,0.6827968955039978,0.0019728918559849262,0.9876290559768677,0.009867643937468529,0.0005303856451064348
VTM-007081,DG-af5f4536f2b9,rutile,0,1,1,0.6776200532913208,0.03307415172457695,0.8355445861816406,0.11469540745019913,0.01668587327003479
VTM-007082,DG-6f908de6422f,rutile,0,1,1,0.7213261723518372,0.218415766954422,0.5654665231704712,0.05485401302576065,0.16126365959644318
VTM-007088,DG-45d08d11eb84,rutile,0,1,3,0.6894198060035706,0.2003246247768402,0.15410521626472473,0.08841745555400848,0.5571526885032654
VTM-007091,DG-f83f28631de7,rutile,0,1,1,0.6431329846382141,0.01419979427009821,0.7315163016319275,0.23571723699569702,0.018566694110631943
VTM-007092,DG-f7a76505a9a5,rutile,0,1,1,0.6831473112106323,5.640825838781893e-05,0.9994425773620605,0.0004824782954528928,1.854316178651061e-05
VTM-007093,DG-3ad8c3ee11d2,rutile,0,1,1,0.6735694408416748,0.002251900965347886,0.9897347688674927,0.0028412900865077972,0.005172026809304953
VTM-007102,DG-e197bfeae2ac,rutile,0,1,0,0.8570362329483032,0.8449360728263855,0.08338411152362823,0.011132614687085152,0.06054712459445
VTM-007103,DG-9cbf002ecfe4,rutile,0,1,1,0.681549608707428,0.002399285789579153,0.9822914004325867,0.014644114300608635,0.0006651740986853838
VTM-007104,DG-d9a87af4d5e2,rutile,0,1,1,0.6826608180999756,0.065915547311306,0.7011920809745789,0.15710514783859253,0.07578723132610321
VTM-007111,DG-ef1a791bd96c,rutile,0,1,1,0.5609526634216309,0.0034409775398671627,0.548747181892395,0.4189472794532776,0.02886458858847618
VTM-007125,DG-314f5c22ba5e,rutile,0,1,1,0.7335376739501953,0.2087913453578949,0.6708975434303284,0.011690379120409489,0.10862072557210922
VTM-007127,DG-6e910964969a,rutile,0,1,3,0.5469540357589722,0.004716445691883564,0.10010753571987152,0.008650269359350204,0.8865257501602173
VTM-007141,DG-05026c817e51,rutile,0,1,1,0.6743578314781189,0.020894426852464676,0.8465806245803833,0.12238679826259613,0.010138179175555706
VTM-007144,DG-8f05a74e61f7,rutile,0,1,1,0.6845380663871765,0.01723332703113556,0.959955632686615,0.010152465663850307,0.012658597901463509
VTM-007151,DG-6ef8ee263e12,rutile,0,1,1,0.6836122870445251,0.04686887189745903,0.8357104063034058,0.04201582819223404,0.07540485262870789
VTM-007157,DG-52a07fdd8b0a,rutile,0,1,1,0.7236987352371216,0.16069087386131287,0.7182015180587769,0.05470637232065201,0.0664011687040329
VTM-007168,DG-a6848732cd54,rutile,0,1,3,0.6451878547668457,0.13734298944473267,0.2579200565814972,0.20285248756408691,0.40188443660736084
VTM-007170,DG-0350d83b9da1,rutile,0,1,1,0.644191324710846,0.02045755460858345,0.6977051496505737,0.2622641324996948,0.01957320049405098
VTM-007178,DG-8b5edeae79e0,rutile,0,1,1,0.6584078669548035,0.0061942460015416145,0.8499001264572144,0.13466833531856537,0.009237353689968586
VTM-007180,DG-722ac6aa9e5b,rutile,0,1,0,0.7456684112548828,0.3457174003124237,0.2718189060688019,0.3371155560016632,0.04534813389182091
VTM-007192,DG-d1ae79e833b4,rutile,0,1,2,0.6808870434761047,0.18120500445365906,0.3761644661426544,0.397788941860199,0.04484160616993904
VTM-007208,DG-c96a7d06773e,rutile,0,1,1,0.6750343441963196,0.02354607731103897,0.910756528377533,0.01606663316488266,0.04963083565235138
VTM-007209,DG-75227de7015a,rutile,0,1,1,0.7327904105186462,0.13426782190799713,0.8192036151885986,0.03237725421786308,0.014151236973702908
VTM-007210,DG-eb7443f02093,rutile,0,1,1,0.7050776481628418,0.15937605500221252,0.6259590983390808,0.1751497983932495,0.039515044540166855
VTM-007215,DG-1a04dbe54b28,rutile,0,1,3,0.7092742919921875,0.24352654814720154,0.13934379816055298,0.03773760795593262,0.5793920755386353
VTM-007216,DG-22e342ab37aa,rutile,0,1,1,0.6738848090171814,0.002526170341297984,0.985054075717926,0.0004519794601947069,0.011967775411903858
VTM-007223,DG-342bb1eca302,rutile,0,1,0,0.8564317226409912,0.9599577784538269,0.02312055043876171,0.002828826429322362,0.014092874713242054
VTM-007231,DG-036c5667b7e9,rutile,0,1,0,0.7714065313339233,0.4384489059448242,0.12209117412567139,0.010241583921015263,0.4292183220386505
VTM-007232,DG-2b9a3b169394,rutile,0,1,0,0.8208532333374023,0.5808103084564209,0.3434377610683441,0.008534908294677734,0.06721699982881546
VTM-007233,DG-777d83515793,rutile,0,1,1,0.6855899095535278,0.00815196055918932,0.9679824113845825,0.021925080567598343,0.001940535381436348
VTM-007235,DG-262ac6e6eda6,rutile,0,1,1,0.5982127785682678,0.001761122141033411,0.7196764945983887,0.25837111473083496,0.02019122987985611
VTM-007248,DG-c274fac1f1b0,rutile,0,1,1,0.7218334078788757,0.150276318192482,0.8171507120132446,0.008300106972455978,0.02427290752530098
VTM-007260,DG-34ff53d91d21,rutile,0,1,1,0.591430127620697,0.0035831667482852936,0.7153515219688416,0.20187202095985413,0.07919332385063171
VTM-007262,DG-d9346a5d5ba9,rutile,0,1,1,0.5998896956443787,0.0011165090836584568,0.7828887104988098,0.1970890760421753,0.01890568807721138
VTM-007264,DG-d73558b211eb,rutile,0,1,1,0.6621755361557007,0.0019101983634755015,0.8749512434005737,0.120811328291893,0.002327234949916601
VTM-007268,DG-b8e680a00dc5,rutile,0,1,1,0.6747763752937317,0.0025451388210058212,0.975753664970398,0.0173927154392004,0.004308492410928011
VTM-007269,DG-9513b4eb8a6c,rutile,0,1,1,0.69385826587677,0.06966890394687653,0.8233598470687866,0.031380098313093185,0.07559117674827576
VTM-007271,DG-aa36737f32b4,rutile,0,1,1,0.6943159699440002,0.0208507739007473,0.9644595384597778,0.006782188080251217,0.007907449267804623
VTM-007273,DG-9b15bae5be2b,rutile,0,1,1,0.6429101228713989,0.004077409394085407,0.9568208456039429,0.017601637169718742,0.02150009199976921
VTM-007277,DG-34e702311346,rutile,0,1,1,0.6818103194236755,0.05842640995979309,0.7056186199188232,0.19179102778434753,0.04416400194168091
VTM-007284,DG-ddc98eca336f,rutile,0,1,0,0.8110719323158264,0.5298908948898315,0.34352216124534607,0.0449870340526104,0.08159984648227692
VTM-007297,DG-11dd6589c9bb,rutile,0,1,0,0.34109702706336975,0.6288151144981384,0.10539677739143372,0.005337219685316086,0.26045089960098267
VTM-007298,DG-eb93b6bf811d,rutile,0,1,0,0.4158298373222351,0.5449970960617065,0.3100157380104065,0.005503060296177864,0.13948407769203186
VTM-007299,DG-4348e5d59120,rutile,0,1,3,0.7140615582466125,0.28060683608055115,0.1391076296567917,0.0863417237997055,0.4939437508583069
VTM-007310,DG-51c153e1350b,rutile,0,1,1,0.6843404769897461,0.013086004182696342,0.9428507089614868,0.037818197160959244,0.006245114840567112
VTM-007311,DG-1514d436b7a8,rutile,0,1,1,0.6586965322494507,0.0053052762523293495,0.9246750473976135,0.05719854682683945,0.012821127660572529
VTM-007318,DG-71dafe8d9886,rutile,0,1,1,0.6410606503486633,0.06642517447471619,0.5275108814239502,0.26157432794570923,0.14448964595794678
VTM-007323,DG-3889b7880739,rutile,0,1,1,0.6485870480537415,0.00025283079594373703,0.9906891584396362,0.006569462828338146,0.0024885390885174274
VTM-007331,DG-8cc20c992753,rutile,0,1,1,0.6797890067100525,0.0009228906128555536,0.9975477457046509,0.0007101333467289805,0.000819193315692246
VTM-007335,DG-7c2d016f2e95,rutile,0,1,1,0.6783720850944519,0.009669827297329903,0.9671337604522705,0.011097777634859085,0.012098676525056362
VTM-007340,DG-c775bdf1d201,rutile,0,1,1,0.6854143738746643,0.031033312901854515,0.9086450338363647,0.00930648110806942,0.05101517587900162
VTM-007347,DG-7c08f5eb76a2,rutile,0,1,3,0.6272268891334534,0.061588309705257416,0.3898134231567383,0.07759030908346176,0.4710080027580261
VTM-007348,DG-39597209e51d,rutile,0,1,1,0.6494235396385193,0.011838706210255623,0.8671928644180298,0.098581463098526,0.02238694578409195
VTM-007352,DG-b544af5fc942,rutile,0,1,1,0.5959320664405823,0.004911832511425018,0.5923181772232056,0.39013367891311646,0.012636281549930573
VTM-007357,DG-5adbf853b6c3,rutile,0,1,0,0.8112094402313232,0.591924786567688,0.1948317587375641,0.0772872120141983,0.13595625758171082
VTM-007359,DG-199c7997a512,rutile,0,1,1,0.6804612874984741,0.1241598129272461,0.6222735643386841,0.13202854990959167,0.12153811007738113
VTM-007364,DG-9ffa4b76f08e,rutile,0,1,1,0.6553865075111389,0.06661036610603333,0.5614404082298279,0.33557477593421936,0.03637443482875824
VTM-007373,DG-4e935c97ba32,rutile,0,1,1,0.7352251410484314,0.1888948231935501,0.7172399759292603,0.033727701753377914,0.06013745814561844
VTM-007377,DG-eb9bc8a2a73f,rutile,0,1,1,0.666800856590271,0.03452902287244797,0.8211161494255066,0.02098533697426319,0.12336952984333038
VTM-007380,DG-fdce72a1f494,rutile,0,1,1,0.6105760335922241,0.008954767137765884,0.6601309776306152,0.30316630005836487,0.02774798311293125
VTM-007381,DG-95ea1df312d6,rutile,0,1,1,0.6818379163742065,0.015021569095551968,0.949738085269928,0.0029698344878852367,0.03227054327726364
VTM-007382,DG-139b38e4d40e,rutile,0,1,2,0.533821702003479,0.0026010179426521063,0.2740797996520996,0.7143478989601135,0.008971300907433033
VTM-007385,DG-4897059f854c,rutile,0,1,1,0.7467949986457825,0.19015853106975555,0.7897249460220337,0.010941032320261002,0.00917554646730423
VTM-007386,DG-0a104ab8bdc8,rutile,0,1,2,0.52811199426651,0.0032275929115712643,0.2632569670677185,0.7248139381408691,0.008701436221599579
VTM-007394,DG-2c7580fecab0,rutile,0,1,1,0.7383661270141602,0.22315777838230133,0.657325029373169,0.01674478128552437,0.10277242958545685
VTM-007395,DG-9a4fe90e7020,rutile,0,1,1,0.5511954426765442,0.0020732220727950335,0.4071425497531891,0.26474273204803467,0.32604146003723145
VTM-007397,DG-8bcd5e9f4c16,rutile,0,1,1,0.6591295003890991,0.02601758763194084,0.8169032335281372,0.11890682578086853,0.038172341883182526
VTM-007400,DG-45eba17851f1,rutile,0,1,2,0.5609570741653442,0.023444145917892456,0.11585977673530579,0.8333008885383606,0.027395211160182953
VTM-007410,DG-82767d14f349,rutile,0,1,1,0.6388877034187317,0.005075983703136444,0.9106870889663696,0.022010793909430504,0.062226153910160065
VTM-007423,DG-c371acb7234e,rutile,0,1,1,0.6619240045547485,0.0057947468012571335,0.96788489818573,0.00918483454734087,0.017135538160800934
VTM-007428,DG-15d67b0d89e1,rutile,0,1,1,0.6519098877906799,0.000271653407253325,0.9798941612243652,0.01739492081105709,0.002439243020489812
VTM-007441,DG-c90b6affaa03,rutile,0,1,2,0.6403858065605164,0.0986272543668747,0.2699967920780182,0.5871891379356384,0.04418688267469406
VTM-007453,DG-86b7bb730720,rutile,0,1,1,0.6315726041793823,0.06103935465216637,0.4119945168495178,0.150864839553833,0.3761013150215149
VTM-007454,DG-a98d740c3883,rutile,0,1,3,0.5809682607650757,0.014223741367459297,0.006477963179349899,0.0007181598339229822,0.978580117225647
VTM-007461,DG-5b479771c1f3,rutile,0,1,3,0.6238491535186768,0.05227396637201309,0.033113595098257065,0.4372262954711914,0.47738611698150635
VTM-007464,DG-3ed493b5d858,rutile,0,1,1,0.6857736110687256,0.03683816269040108,0.8833773136138916,0.021579977124929428,0.05820456147193909
VTM-007469,DG-352ed7bda653,rutile,0,1,1,0.5950837731361389,0.0076773446053266525,0.531187891960144,0.44778430461883545,0.01335049606859684
VTM-007471,DG-8abf3b75f366,rutile,0,1,1,0.6560240387916565,0.005624753423035145,0.9590283036231995,0.022675340995192528,0.01267159916460514
VTM-007482,DG-6fb9437c2fb3,rutile,0,1,1,0.6812133193016052,0.0014557025860995054,0.9956361055374146,0.0014548982726410031,0.0014532870845869184
VTM-007483,DG-a4616a0dcab1,rutile,0,1,1,0.6628592014312744,0.0007940783398225904,0.9293185472488403,0.06812235713005066,0.0017650506924837828
VTM-007486,DG-eff26cc1b3ea,rutile,0,1,1,0.6772123575210571,0.030648287385702133,0.8440208435058594,0.09054455161094666,0.03478635102510452
VTM-007497,DG-168f545ece85,rutile,0,1,2,0.5225803256034851,0.006944024004042149,0.13083291053771973,0.8191659450531006,0.04305713251233101
VTM-007501,DG-b2499e85570b,rutile,0,1,1,0.6007949709892273,0.019801869988441467,0.5809555053710938,0.21041396260261536,0.1888287216424942
VTM-007505,DG-41372b09c0ad,rutile,0,1,1,0.6459779143333435,0.007563156075775623,0.884006142616272,0.02109980583190918,0.08733092248439789
VTM-007509,DG-925dc8d0a56c,rutile,0,1,1,0.67994624376297,0.01087204273790121,0.9531956911087036,0.005793800577521324,0.03013843484222889
VTM-007510,DG-b45f88fd00f9,rutile,0,1,1,0.6637619137763977,0.0031058653257787228,0.9663434624671936,0.016665007919073105,0.013885712251067162
VTM-007523,DG-e337aefe7e7e,rutile,0,1,1,0.6385381817817688,0.0007203766144812107,0.9714969396591187,0.016406631097197533,0.011376102454960346
VTM-007526,DG-8dea373e596d,rutile,0,1,1,0.6774390339851379,0.0004004308138974011,0.9849058389663696,0.014343982562422752,0.0003498090663924813
VTM-007527,DG-fa54bd5840ea,rutile,0,1,1,0.67644202709198,0.008583368733525276,0.9366251826286316,0.03948550298810005,0.015305960550904274
VTM-007529,DG-d2a96e03beea,rutile,0,1,0,0.5219392776489258,0.6355270147323608,0.0316380076110363,0.03105342574417591,0.3017815947532654
VTM-007532,DG-34acfdfeae40,rutile,0,1,0,0.7601340413093567,0.38605156540870667,0.14732977747917175,0.3738464415073395,0.0927722230553627
VTM-007533,DG-0b88f16d1d5c,rutile,0,1,1,0.753392219543457,0.2791639566421509,0.6063528060913086,0.07565192133188248,0.03883136436343193
VTM-007535,DG-db26d01eeb40,rutile,0,1,1,0.6745166182518005,0.0324215441942215,0.8663066625595093,0.06790390610694885,0.033367909491062164
VTM-007539,DG-538d5d90083a,rutile,0,1,1,0.6958848834037781,0.03163602203130722,0.9374963045120239,0.019991310313344002,0.010876290500164032
VTM-007542,DG-161b7757dac5,rutile,0,1,1,0.7116886377334595,0.08092274516820908,0.860466718673706,0.017053309828042984,0.041557252407073975
VTM-007546,DG-2b98513691d0,rutile,0,1,1,0.6388723850250244,0.00041188893374055624,0.9955178499221802,0.001494498341344297,0.0025757262483239174
VTM-007553,DG-3165bab86739,rutile,0,1,1,0.6543218493461609,0.0005718038883060217,0.9905439615249634,0.006930971518158913,0.0019533000886440277
VTM-007557,DG-f0f1acee2624,rutile,0,1,1,0.6670931577682495,0.005818117409944534,0.9606484174728394,0.021119067445397377,0.012414466589689255
VTM-007564,DG-c77fe4795b4e,rutile,0,1,1,0.6487744450569153,0.000891620060428977,0.9796667098999023,0.01307712122797966,0.006364526227116585
VTM-007566,DG-0e21269d2000,rutile,0,1,1,0.6067436337471008,0.021984832361340523,0.5471780300140381,0.09840112924575806,0.3324359357357025
VTM-007567,DG-d3c9e3267179,rutile,0,1,2,0.613527238368988,0.07450894266366959,0.24921895563602448,0.5726079940795898,0.1036641001701355
VTM-007570,DG-d9477c89108a,rutile,0,1,1,0.6416664719581604,0.034901246428489685,0.7403002977371216,0.08768507838249207,0.13711339235305786
VTM-007580,DG-bc48501d8fce,rutile,0,1,0,0.7394287586212158,0.39506345987319946,0.15221692621707916,0.13570228219032288,0.3170173466205597
VTM-007583,DG-b98be2ccb042,rutile,0,1,1,0.6802438497543335,0.01716354861855507,0.927844762802124,0.03158365190029144,0.023408085107803345
VTM-007587,DG-a55b27abe7d0,rutile,0,1,1,0.7152102589607239,0.11718416213989258,0.8555185794830322,0.0235302671790123,0.003766977461054921
VTM-007591,DG-cd6dbe9adde8,rutile,0,1,1,0.7305365204811096,0.1654934287071228,0.7607505321502686,0.03744843974709511,0.036307573318481445
VTM-007604,DG-950eb1c237d2,rutile,0,1,1,0.5894842743873596,0.014128640294075012,0.548590898513794,0.3461062014102936,0.09117430448532104
VTM-007615,DG-b13ab0e3785e,rutile,0,1,1,0.7253233194351196,0.1970176100730896,0.624783992767334,0.12789630889892578,0.05030214786529541
VTM-007616,DG-461954f116bf,rutile,0,1,1,0.6935509443283081,0.16187307238578796,0.4535214900970459,0.021548021584749222,0.363057404756546
VTM-007619,DG-1fd3852a6314,rutile,0,1,1,0.588259756565094,0.000723961740732193,0.726134181022644,0.2425355613231659,0.030606266111135483
VTM-007620,DG-a8242b078ae2,rutile,0,1,1,0.6455922722816467,0.0013111750595271587,0.9514479637145996,0.04268868640065193,0.004552207887172699
VTM-007634,DG-5429475747c9,rutile,0,1,0,0.7805122137069702,0.46474799513816833,0.3158186376094818,0.003930927719920874,0.21550238132476807
VTM-007653,DG-3f598ecd89b5,rutile,0,1,1,0.7069826722145081,0.13007935881614685,0.7387974262237549,0.03657089173793793,0.09455233067274094
VTM-007660,DG-79c33dbb6681,rutile,0,1,0,0.775351881980896,0.4433409571647644,0.33322077989578247,0.11897586286067963,0.10446245968341827
VTM-007663,DG-226fb7b8a8d2,rutile,0,1,1,0.7717027068138123,0.3053820729255676,0.6382827758789062,0.01097046211361885,0.04536467790603638
VTM-007667,DG-e16b556a112b,rutile,0,1,1,0.6418260931968689,0.041405413299798965,0.619692325592041,0.31058669090270996,0.028315622359514236
VTM-007670,DG-85d5798aadde,rutile,0,1,3,0.5898009538650513,0.04068189859390259,0.07787135243415833,0.02047477662563324,0.860971987247467
VTM-007677,DG-54c3baf572f2,rutile,0,1,0,0.8317930698394775,0.6170783638954163,0.3636314272880554,0.005328408908098936,0.013961846008896828
VTM-007681,DG-f75ab0ccf62c,rutile,0,1,3,0.7095348834991455,0.2453783005475998,0.11925873160362244,0.04245123639702797,0.5929117798805237
VTM-007682,DG-941618bd8f31,rutile,0,1,1,0.6301456093788147,0.003146899864077568,0.9187482595443726,0.01859787479043007,0.05950693413615227
VTM-007687,DG-0c5f60c4a3b4,rutile,0,1,1,0.6878358721733093,0.014491522684693336,0.9560922384262085,0.023134293034672737,0.006281966343522072
VTM-007695,DG-ff4045c2a14f,rutile,0,1,2,0.5785768628120422,0.010862594470381737,0.31581661105155945,0.662115216255188,0.01120554469525814
VTM-007697,DG-f5c6896e9b4b,rutile,0,1,1,0.6496828198432922,0.0038863932713866234,0.9219193458557129,0.05865876376628876,0.015535490587353706
VTM-007699,DG-849a873aa5a4,rutile,0,1,1,0.5816291570663452,0.005982226226478815,0.5818331241607666,0.34210461378097534,0.07008003443479538
VTM-007700,DG-b71b51b386fb,rutile,0,1,1,0.7297210097312927,0.12756015360355377,0.8070546388626099,0.02486790530383587,0.040517307817935944
VTM-007701,DG-9b582849c3d7,rutile,0,1,1,0.703797459602356,0.21775802969932556,0.45765313506126404,0.16845688223838806,0.15613196790218353
VTM-007706,DG-fafc111bab75,rutile,0,1,0,0.7873608469963074,0.4636496901512146,0.4018939137458801,0.04151681810617447,0.0929396003484726
VTM-007707,DG-f0ea92e86f33,rutile,0,1,1,0.6776793599128723,0.043586328625679016,0.7950405478477478,0.150624081492424,0.01074903178960085
VTM-007711,DG-0fe66615eaf1,rutile,0,1,1,0.6304253339767456,0.010874392464756966,0.7559540271759033,0.20100125670433044,0.03217029571533203
VTM-007712,DG-b83e31818a0c,rutile,0,1,1,0.6557992100715637,0.09320275485515594,0.4501083493232727,0.41591572761535645,0.040773242712020874
VTM-007718,DG-e9f951f4bd3f,rutile,0,1,1,0.7107304334640503,0.09393228590488434,0.836252748966217,0.019041722640395164,0.05077322572469711
VTM-007732,DG-f60703cce716,rutile,0,1,2,0.5514490008354187,0.009942899458110332,0.2579740285873413,0.6996500492095947,0.03243304044008255
VTM-007735,DG-05fdd115fd69,rutile,0,1,0,0.7530118227005005,0.38165828585624695,0.2570778727531433,0.30959028005599976,0.05167355760931969
VTM-007746,DG-fff3aa7f9365,rutile,0,1,1,0.6791867017745972,0.00036532236845232546,0.9987567067146301,0.0006094077252782881,0.0002685073995962739
VTM-007749,DG-5303404c2e69,rutile,0,1,1,0.6626521348953247,0.15356659889221191,0.4052921533584595,0.13122552633285522,0.3099157214164734
VTM-007750,DG-a81a25c409e8,rutile,0,1,2,0.5857678055763245,0.040603868663311005,0.33109790086746216,0.4013364613056183,0.22696179151535034
VTM-007755,DG-944f33f66490,rutile,0,1,1,0.627609133720398,0.0009581268532201648,0.9106864929199219,0.07324844598770142,0.015106918290257454
VTM-007757,DG-80ee3b1a6e0a,rutile,0,1,1,0.6838817000389099,0.01260409876704216,0.9529720544815063,0.025532791391015053,0.008891059085726738
VTM-007765,DG-f4b7ef0ac743,rutile,0,1,1,0.654755175113678,0.011837756261229515,0.9078953862190247,0.005619789008051157,0.07464703917503357
VTM-007768,DG-28073c0797cd,rutile,0,1,1,0.7753472924232483,0.35739168524742126,0.571929931640625,0.0350349098443985,0.03564340993762016
VTM-007771,DG-273720ecb0d3,rutile,0,1,1,0.6412208676338196,0.0023578291293233633,0.882745087146759,0.09742633998394012,0.01747080124914646
VTM-007784,DG-db2409770d58,rutile,0,1,1,0.671288251876831,0.001897931331768632,0.9856959581375122,0.009621147997677326,0.0027850009500980377
VTM-007786,DG-68853dc5763d,rutile,0,1,1,0.6444686651229858,0.00769938575103879,0.8839189410209656,0.07259054481983185,0.03579109162092209
VTM-007788,DG-555f81e77195,rutile,0,1,1,0.6816704869270325,0.02515324577689171,0.9148893356323242,0.037872739136219025,0.022084642201662064
VTM-007791,DG-11892ea0a290,rutile,0,1,1,0.649785578250885,0.09918050467967987,0.5206465721130371,0.2801453471183777,0.10002760589122772
VTM-007793,DG-d6d71d7543b1,rutile,0,1,1,0.6442203521728516,0.009373018518090248,0.8601107001304626,0.054517198354005814,0.07599908858537674
VTM-007797,DG-be3486c6c842,rutile,0,1,1,0.6789891123771667,0.0008335600141435862,0.9932016134262085,0.005021826364099979,0.0009429457131773233
VTM-007801,DG-749462d8666f,rutile,0,1,1,0.6686229705810547,0.0013352874666452408,0.9544163942337036,0.04228152334690094,0.001966833369806409
VTM-007802,DG-c8a6002dd126,rutile,0,1,2,0.5673118829727173,0.004800386726856232,0.4316839277744293,0.5560494661331177,0.007466215640306473
VTM-007803,DG-10235aa01f6d,rutile,0,1,1,0.691173791885376,0.042234648019075394,0.8915961980819702,0.015852317214012146,0.05031689256429672
VTM-007815,DG-a59bc7fb7e2f,rutile,0,1,1,0.6443251967430115,0.0009691072045825422,0.9351676106452942,0.05465702712535858,0.009206235408782959
VTM-007816,DG-5ae8168464e4,rutile,0,1,1,0.6670030355453491,0.021583613008260727,0.8454652428627014,0.10313571989536285,0.029815420508384705
VTM-007827,DG-0a74a7cfe43e,rutile,0,1,1,0.6677678823471069,0.06810012459754944,0.7026631832122803,0.12454617023468018,0.1046905592083931
VTM-007838,DG-e1f9335465cb,rutile,0,1,2,0.729296863079071,0.32339099049568176,0.23664113879203796,0.3639448881149292,0.07602299749851227
VTM-007849,DG-3f90abd10786,rutile,0,1,1,0.6457972526550293,0.007555483374744654,0.8884066343307495,0.0127788744866848,0.09125904738903046
VTM-007859,DG-6e70a4248338,rutile,0,1,3,0.6755043864250183,0.1838097870349884,0.15979892015457153,0.2507978677749634,0.4055934548377991
VTM-007881,DG-c1799ea6db6f,rutile,0,1,2,0.6962953209877014,0.23633447289466858,0.08898493647575378,0.5633957982063293,0.11128485202789307
VTM-007888,DG-aacf04d2a8ae,rutile,0,1,1,0.7250924706459045,0.16252169013023376,0.7274000644683838,0.08439849317073822,0.0256796944886446
VTM-007895,DG-bc791272671a,rutile,0,1,1,0.660172700881958,0.00030070694629102945,0.9967767000198364,0.002115382580086589,0.0008072087075561285
VTM-007899,DG-47cf619f5db1,rutile,0,1,1,0.6534153819084167,0.006594520062208176,0.7900975942611694,0.19668243825435638,0.006625433452427387
VTM-007902,DG-f7d8a9a398f7,rutile,0,1,1,0.6715270280838013,0.0021170172840356827,0.9890446662902832,0.004344467539340258,0.0044938260689377785
VTM-007910,DG-a0fc78f41be9,rutile,0,1,1,0.6735833287239075,0.01760920137166977,0.9028053879737854,0.02506975643336773,0.05451563745737076
VTM-007913,DG-1b4f069186b0,rutile,0,1,1,0.6835305690765381,0.009328356944024563,0.9676731824874878,0.015353865921497345,0.007644634693861008
VTM-007915,DG-36d9615d8c61,rutile,0,1,0,0.851807177066803,0.780561089515686,0.15253423154354095,0.04171385616064072,0.025190845131874084
VTM-007918,DG-ed8cf27a2e78,rutile,0,1,1,0.6858453750610352,0.011897905729711056,0.9653817415237427,0.010162066668272018,0.012558363378047943
VTM-007922,DG-0d7754f7d499,rutile,0,1,1,0.6371937990188599,0.06009948253631592,0.5160542726516724,0.3977019190788269,0.02614433318376541
VTM-007933,DG-3eb8712d6994,rutile,0,1,0,0.7978000044822693,0.5207798480987549,0.16720975935459137,0.10696766525506973,0.20504280924797058
VTM-007935,DG-cd1f1f7b383a,rutile,0,1,0,0.8306774497032166,0.6676331162452698,0.14849692583084106,0.018334869295358658,0.165535107254982
VTM-007938,DG-248b24b44236,rutile,0,1,0,0.8001939058303833,0.5395570397377014,0.16390074789524078,0.07131935656070709,0.22522293031215668
VTM-007942,DG-e0ffe42803fb,rutile,0,1,1,0.6783145666122437,0.0024512202944606543,0.9580970406532288,0.03752804920077324,0.0019236633088439703
VTM-007957,DG-7cad84161666,rutile,0,1,1,0.6156539916992188,0.01560585293918848,0.6135391592979431,0.3384978473186493,0.03235712647438049
VTM-007967,DG-d475ed7901d8,rutile,0,1,1,0.5403083562850952,0.0017954998183995485,0.48825204372406006,0.4651755690574646,0.04477689787745476
VTM-007969,DG-ac59db3c0136,rutile,0,1,1,0.777864396572113,0.3864296078681946,0.5004507303237915,0.0880456194281578,0.02507409267127514
VTM-007970,DG-688c2e18cf43,rutile,0,1,1,0.7550421953201294,0.2570708096027374,0.6634424328804016,0.027713913470506668,0.05177288502454758
VTM-007974,DG-75f7ce2166e8,rutile,0,1,1,0.6981508731842041,0.06196744740009308,0.874467134475708,0.043641142547130585,0.019924255087971687
VTM-007979,DG-765fe6920f91,rutile,0,1,1,0.7550526261329651,0.22350256145000458,0.7525123357772827,0.008503385819494724,0.015481729060411453
VTM-007982,DG-4b7aa1790ccb,rutile,0,1,0,0.8127188682556152,0.6240987181663513,0.15799400210380554,0.08366956561803818,0.13423778116703033
VTM-007986,DG-98060dcaab6c,rutile,0,1,3,0.590144693851471,0.03854863718152046,0.22897323966026306,0.17232352495193481,0.5601546168327332
VTM-007988,DG-5bd3ed32afcb,rutile,0,1,2,0.5068057775497437,0.003206460038200021,0.06070633977651596,0.9157259464263916,0.020361220464110374
VTM-007997,DG-bc1130a58a7d,rutile,0,1,1,0.7297373414039612,0.2965679466724396,0.35257381200790405,0.027414429932832718,0.32344383001327515
VTM-007998,DG-2a947cf08731,rutile,0,1,1,0.6534726619720459,0.010796863585710526,0.9081377983093262,0.05493760108947754,0.02612777054309845
VTM-008012,DG-58aed1ffc140,rutile,0,1,3,0.5558657050132751,0.01508432999253273,0.15585315227508545,0.01049374882131815,0.818568766117096
VTM-008018,DG-2e6dca4e47d4,rutile,0,1,1,0.6379408240318298,0.008789203129708767,0.8796960115432739,0.004996987991034985,0.10651777684688568
VTM-008024,DG-6523804f739b,rutile,0,1,1,0.6485826969146729,0.0004049603012390435,0.972299337387085,0.024240786209702492,0.0030549154616892338
VTM-008032,DG-b94efdc6f66c,rutile,0,1,1,0.7020682692527771,0.0520644336938858,0.9145141839981079,0.017626794055104256,0.015794608741998672
VTM-008035,DG-a2848b06c1c6,rutile,0,1,1,0.6600154042243958,0.018676554784178734,0.7814556360244751,0.18637865781784058,0.013489173725247383
VTM-008036,DG-49324173995c,rutile,0,1,1,0.69263756275177,0.048418156802654266,0.8746523857116699,0.028497129678726196,0.048432350158691406
VTM-008037,DG-868be94e2e92,rutile,0,1,2,0.5596649646759033,0.0012507494539022446,0.3821311295032501,0.6140918731689453,0.0025262616109102964
VTM-008038,DG-07cbd71a0865,rutile,0,1,1,0.6923719644546509,0.16613951325416565,0.5560863018035889,0.21606257557868958,0.061711572110652924
VTM-008047,DG-fac5c63cc8c1,rutile,0,1,1,0.6584152579307556,0.027478303760290146,0.731332004070282,0.22707387804985046,0.0141158327460289
VTM-008058,DG-30855bec2c45,rutile,0,1,1,0.5934962630271912,0.007050130981951952,0.5902088284492493,0.3650389313697815,0.037702035158872604
VTM-008059,DG-a7bac81cf861,rutile,0,1,2,0.6066190004348755,0.048522353172302246,0.40293237566947937,0.46141940355300903,0.08712587505578995
VTM-008066,DG-692713a94210,rutile,0,1,0,0.6834550499916077,0.6911258697509766,0.17545127868652344,0.10948758572340012,0.023935288190841675
VTM-008069,DG-592a914da8e0,rutile,0,1,1,0.6835179924964905,0.009949784725904465,0.9510359764099121,0.03507313132286072,0.0039410823956131935
VTM-008073,DG-1b817da01ddf,rutile,0,1,1,0.7248949408531189,0.240324467420578,0.5815010070800781,0.0855780765414238,0.09259642660617828
VTM-008076,DG-44eef5fae25f,rutile,0,1,1,0.7068438529968262,0.05536191165447235,0.8992277979850769,0.035098619759082794,0.010311669670045376
VTM-008086,DG-487fbeec00c4,rutile,0,1,1,0.6930171251296997,0.0215064138174057,0.9673749208450317,0.006875850260257721,0.004242759197950363
VTM-008087,DG-c775a3ec9c79,rutile,0,1,3,0.5549973845481873,0.006482494063675404,0.1588282585144043,0.036361634731292725,0.798327624797821
VTM-008098,DG-770d313b2929,rutile,0,1,1,0.6551386713981628,0.10719374567270279,0.550929605960846,0.13383658230304718,0.2080400288105011
VTM-008100,DG-8e1cc3ce55a3,rutile,0,1,1,0.6444904804229736,0.0006160609773360193,0.8881583213806152,0.10903657227754593,0.002189064398407936
VTM-008103,DG-178878878760,rutile,0,1,1,0.6947810649871826,0.030503693968057632,0.935922384262085,0.02259015664458275,0.010983798652887344
VTM-008104,DG-db1dbca8dc46,rutile,0,1,1,0.7020938396453857,0.05321983993053436,0.8949528932571411,0.042792800813913345,0.00903452467173338
VTM-008106,DG-4019b69d29d3,rutile,0,1,1,0.6393283009529114,0.07727017998695374,0.5014869570732117,0.19887441396713257,0.22236841917037964
VTM-008107,DG-ea3d5480ac2e,rutile,0,1,1,0.6662105917930603,0.0010099823120981455,0.9642913341522217,0.032522398978471756,0.002176297828555107
VTM-008109,DG-db6038ce6a44,rutile,0,1,0,0.775274932384491,0.44836488366127014,0.17169347405433655,0.10878220945596695,0.27115941047668457
VTM-008114,DG-aaacda3cb80f,rutile,0,1,1,0.7246642112731934,0.1717340648174286,0.7014632225036621,0.06953105330467224,0.05727163702249527
VTM-008115,DG-ee9a87b0ab1e,rutile,0,1,1,0.6838513016700745,0.0007308499189093709,0.9979857802391052,0.001121206791140139,0.00016222683188971132
VTM-008118,DG-179cc83abdd9,rutile,0,1,1,0.6521963477134705,0.0027932035736739635,0.9595072269439697,0.023068513721227646,0.014631031081080437
VTM-008119,DG-7b2fbfb3b470,rutile,0,1,2,0.6036540865898132,0.05985044687986374,0.2804645001888275,0.5167211890220642,0.14296388626098633
VTM-008121,DG-9b82089c0d36,rutile,0,1,1,0.6842256784439087,0.08020038157701492,0.7381404042243958,0.1383611410856247,0.043298088014125824
VTM-008123,DG-3a2b2e7f3eae,rutile,0,1,1,0.5928698778152466,0.00898315291851759,0.5267069339752197,0.06692448258399963,0.39738547801971436
VTM-008128,DG-878648e84483,rutile,0,1,2,0.5262774229049683,0.0007305899634957314,0.08755052089691162,0.9071366190910339,0.004582236520946026
VTM-008134,DG-6b1d76f3953b,rutile,0,1,0,0.847123384475708,0.7401630282402039,0.2133968621492386,0.005608175881206989,0.04083199426531792
VTM-008137,DG-6e939fb9860c,rutile,0,1,1,0.6714765429496765,0.0022216117940843105,0.967003583908081,0.022086607292294502,0.008688261732459068
VTM-008138,DG-93b3faa3f600,rutile,0,1,1,0.6841619610786438,0.001602525357156992,0.9911981821060181,0.006539405323565006,0.0006598035688512027
VTM-008139,DG-5577989ff75e,rutile,0,1,0,0.8600218892097473,0.8800498247146606,0.11618304997682571,0.0014660737942904234,0.0023010484874248505
VTM-008172,DG-24c14f1dbe67,rutile,0,1,1,0.6212956309318542,0.0009928008075803518,0.9250929355621338,0.006013913080096245,0.06790029257535934
VTM-008182,DG-88386d3ede84,rutile,0,1,1,0.6736369132995605,0.003528081811964512,0.9863141775131226,0.0034869348164647818,0.006670845206826925
VTM-008193,DG-f84f338db424,rutile,0,1,1,0.6586277484893799,0.0020566710736602545,0.9553139805793762,0.03707018122076988,0.005559172481298447
VTM-008199,DG-39ee22dc019b,rutile,0,1,1,0.6610108017921448,0.07222633063793182,0.6825799942016602,0.11456802487373352,0.13062569499015808
VTM-008203,DG-7b9753be8bc3,rutile,0,1,0,0.7159777879714966,0.3037349581718445,0.2976842522621155,0.21931645274162292,0.17926430702209473
VTM-008208,DG-81d901fe141d,rutile,0,1,1,0.6860368847846985,0.004160143435001373,0.988274872303009,0.0071255918592214584,0.00043939767056144774
VTM-008212,DG-c85dbe094e7c,rutile,0,1,3,0.6538244485855103,0.14177080988883972,0.2626953721046448,0.07520508766174316,0.5203287601470947
VTM-008214,DG-a867623d7bf3,rutile,0,1,1,0.6752681732177734,0.0024642508942633867,0.9799690246582031,0.015444813296198845,0.0021219542250037193
VTM-008215,DG-0102d7fcf1be,rutile,0,1,0,0.7329375743865967,0.3611721396446228,0.28452444076538086,0.2331586480140686,0.12114480137825012
VTM-008217,DG-19c51a694216,rutile,0,1,3,0.72514408826828,0.30551278591156006,0.06930920481681824,0.10223894566297531,0.522939145565033
VTM-008218,DG-96f1a0505965,rutile,0,1,1,0.700419008731842,0.03728768229484558,0.9289340376853943,0.007087634410709143,0.026690592989325523
VTM-008220,DG-9b32640533f0,rutile,0,1,1,0.6766930818557739,0.05797669291496277,0.7696055769920349,0.020151149481534958,0.15226654708385468
VTM-008222,DG-27ba75fc6243,rutile,0,1,1,0.6697600483894348,0.0006561550544574857,0.8857079744338989,0.11320102214813232,0.0004348935326561332
VTM-008228,DG-b432c40d4a17,rutile,0,1,0,0.7456309795379639,0.347607284784317,0.31019216775894165,0.087095245718956,0.2551053464412689
VTM-008230,DG-0ca73b4e55e0,rutile,0,1,2,0.5372933149337769,0.01512851845473051,0.05337857827544212,0.7991970181465149,0.1322958916425705
VTM-008231,DG-27ca6a127bd0,rutile,0,1,1,0.625270426273346,0.03359821438789368,0.554343581199646,0.389952152967453,0.022106066346168518
VTM-008233,DG-b998280bb8d6,rutile,0,1,1,0.6629989147186279,0.0006113021518103778,0.9410967826843262,0.05739445984363556,0.0008974695228971541
VTM-008239,DG-74658fb0af09,rutile,0,1,1,0.655488133430481,0.11452102661132812,0.4080456495285034,0.07905490696430206,0.39837849140167236
VTM-008241,DG-31d6b2c3f3c2,rutile,0,1,1,0.6534582376480103,0.0002336441248189658,0.9930089712142944,0.005153230391442776,0.0016041346825659275
VTM-008247,DG-67d6603c8b74,rutile,0,1,3,0.6601672768592834,0.15686753392219543,0.22483476996421814,0.19848671555519104,0.4198110103607178
VTM-008255,DG-71c0effa4eb1,rutile,0,1,2,0.5442458987236023,0.009652255102992058,0.3177829682826996,0.6334825754165649,0.03908219933509827
VTM-008257,DG-4f4222ac7c39,rutile,0,1,2,0.5892677903175354,0.04045787453651428,0.22507426142692566,0.6990189552307129,0.035448819398880005
VTM-008259,DG-0000aadff800,titanite,0,1,1,0.5811567902565002,0.011126123368740082,0.4310377240180969,0.17229977250099182,0.3855363726615906
VTM-008265,DG-80346a21b719,titanite,0,1,1,0.5767243504524231,0.01905721426010132,0.4835893511772156,0.40303003787994385,0.09432338178157806
VTM-008267,DG-97148a3a1138,titanite,0,1,2,0.5636177062988281,0.00852365605533123,0.3903293013572693,0.5671875476837158,0.03395949304103851
VTM-008268,DG-1f1b51b2208d,titanite,0,1,2,0.5287301540374756,0.0002594606194179505,0.06469620019197464,0.9341704845428467,0.0008738457108847797
VTM-008269,DG-222ef9355d7e,titanite,0,1,3,0.6504616737365723,0.11213627457618713,0.3492485284805298,0.17716732621192932,0.361447811126709
VTM-008271,DG-cd419831ebe5,titanite,0,1,2,0.5202963352203369,0.0018584767822176218,0.06085830181837082,0.569404125213623,0.3678790032863617
VTM-008274,DG-81b6a2c402c7,titanite,0,1,2,0.4944519102573395,0.000957886571995914,0.2465561032295227,0.7031157612800598,0.04937029629945755
VTM-008284,DG-ecb398c84372,titanite,0,1,1,0.602727472782135,0.00011668352090055123,0.9328435659408569,0.04560830071568489,0.02143145352602005
VTM-008291,DG-3c147c6380ca,titanite,0,1,1,0.5704864263534546,0.0012711036251857877,0.6723641157150269,0.2942419648170471,0.03212284296751022
VTM-008304,DG-7b2505b11a8c,titanite,0,1,2,0.5368489027023315,0.006650009658187628,0.21171115338802338,0.7668881416320801,0.014750715345144272
VTM-008313,DG-835b15737272,titanite,0,1,1,0.6811525821685791,0.0023374943993985653,0.9743847846984863,0.021336156874895096,0.0019415866117924452
VTM-008321,DG-ce970c6214f6,titanite,0,1,1,0.6550819873809814,0.11185400933027267,0.4748603403568268,0.36784130334854126,0.04544437304139137
VTM-008327,DG-8209f3f06fa1,titanite,0,1,1,0.6799958944320679,0.12927111983299255,0.5551658868789673,0.04554922133684158,0.2700137794017792
VTM-008336,DG-5a101a1a85a7,titanite,0,1,1,0.652817964553833,0.0004738367861136794,0.9061293005943298,0.09235909581184387,0.001037777285091579
VTM-008343,DG-41bf76dfa70c,titanite,0,1,1,0.649071455001831,0.0003029486979357898,0.8276394605636597,0.1712474375963211,0.0008101286366581917
VTM-008350,DG-5392acb588dd,titanite,0,1,2,0.5391745567321777,0.01484270952641964,0.07687953114509583,0.8859474658966064,0.022330310195684433
VTM-008353,DG-6292443cc0cd,titanite,0,1,2,0.5203197598457336,0.006447170861065388,0.07355835288763046,0.8949208855628967,0.02507353201508522
VTM-008356,DG-0e327c6c2379,titanite,0,1,2,0.559436559677124,0.006144987419247627,0.1357666552066803,0.8496131896972656,0.008475158363580704
VTM-008366,DG-2ac6d1506418,titanite,0,1,2,0.5445926189422607,0.004057029262185097,0.29523181915283203,0.6902540326118469,0.010457117110490799
VTM-008371,DG-5130f7916a46,titanite,0,1,2,0.5381618142127991,0.0018508274806663394,0.10387848317623138,0.8879427313804626,0.006327965762466192
VTM-008375,DG-1a27ab935ebf,titanite,0,1,1,0.6681081056594849,0.015139714814722538,0.9135056734085083,0.04477910324931145,0.026575535535812378
VTM-008376,DG-b454db917c27,titanite,0,1,3,0.6283252239227295,0.07202835381031036,0.3456780016422272,0.09087032824754715,0.4914233684539795
VTM-008378,DG-eb99523592f7,titanite,0,1,1,0.6618335843086243,0.012273160740733147,0.8061032295227051,0.1751561313867569,0.006467527709901333
VTM-008381,DG-885e1f8a031a,titanite,0,1,2,0.5555789470672607,0.0007953824242576957,0.2821604013442993,0.7157632112503052,0.0012809629552066326
VTM-008382,DG-a6b2518b55f4,titanite,0,1,1,0.615126371383667,0.0031237532384693623,0.6895009875297546,0.3014514744281769,0.005923816002905369
VTM-008387,DG-0567564d711c,titanite,0,1,1,0.6619707345962524,0.005616530776023865,0.867633581161499,0.11764761805534363,0.00910233799368143
VTM-008389,DG-907c0a2749ab,titanite,0,1,1,0.6813353300094604,0.0011547461617738008,0.9766743183135986,0.021441195160150528,0.0007297974079847336
VTM-008398,DG-903f66f4e2a6,titanite,0,1,0,0.810850977897644,0.5475515127182007,0.37438029050827026,0.06221998855471611,0.01584823802113533
VTM-008399,DG-897b6c22dfc6,titanite,0,1,2,0.4976924955844879,0.0015107621438801289,0.13359123468399048,0.8555765151977539,0.009321503341197968
VTM-008406,DG-242084ca5cce,titanite,0,1,1,0.6891990900039673,0.027771959081292152,0.9100033640861511,0.026159681379795074,0.03606502339243889
VTM-008408,DG-4266166d57b4,titanite,0,1,1,0.7107559442520142,0.1217406690120697,0.7555559873580933,0.09465532749891281,0.028048057109117508
VTM-008410,DG-7d2c9546bf46,titanite,0,1,1,0.6646504402160645,0.006977987475693226,0.9437398910522461,0.03231487795710564,0.016967248171567917
VTM-008411,DG-186f644e3b43,titanite,0,1,2,0.5713585019111633,0.00342760281637311,0.3062363266944885,0.6866666674613953,0.0036694032605737448
VTM-008413,DG-71d92d6bdb11,titanite,0,1,0,0.8383035659790039,0.6561163663864136,0.28764721751213074,0.02493932843208313,0.031297050416469574
VTM-008424,DG-5d47435f700f,titanite,0,1,2,0.6799747943878174,0.20399925112724304,0.2719901204109192,0.43202558159828186,0.09198501706123352
VTM-008437,DG-d5e78fe5540b,titanite,0,1,2,0.5541357398033142,0.0010011435952037573,0.20706290006637573,0.7907224893569946,0.001213478040881455
VTM-008444,DG-4280a4272197,titanite,0,1,0,0.8115110993385315,0.5857062935829163,0.17930877208709717,0.1165584847331047,0.11842647194862366
VTM-008447,DG-66e696aa2d94,titanite,0,1,1,0.6178144812583923,0.0005657811998389661,0.7987178564071655,0.1946110725402832,0.006105334963649511
VTM-008453,DG-21eaeb565517,titanite,0,1,2,0.5489386916160583,0.002378647681325674,0.2850393056869507,0.7080487012863159,0.004533333703875542
VTM-008459,DG-a4f09cf94b67,titanite,0,1,1,0.6760860681533813,0.0014693314442411065,0.966761589050293,0.028627121821045876,0.003141948487609625
VTM-008461,DG-54f50b42c07a,titanite,0,1,1,0.6137569546699524,0.0022250236943364143,0.7997841835021973,0.1846526861190796,0.013338111340999603
VTM-008463,DG-eb676519a058,titanite,0,1,2,0.5136932134628296,0.0011252050753682852,0.34238266944885254,0.6362650394439697,0.020227059721946716
VTM-008465,DG-a7521885b971,titanite,0,1,2,0.573793888092041,0.0009606936946511269,0.39938288927078247,0.598232626914978,0.0014238173607736826
VTM-008475,DG-0f4b629d9390,titanite,0,1,1,0.7030644416809082,0.27562835812568665,0.3457120954990387,0.3291986584663391,0.04946082830429077
VTM-008476,DG-27b83318b9c2,titanite,0,1,0,0.8522933125495911,0.7950477004051208,0.1302061527967453,0.01947338692843914,0.05527274310588837
VTM-008478,DG-886009190a8e,titanite,0,1,1,0.5621089935302734,0.007278212811797857,0.35994118452072144,0.30166465044021606,0.3311159610748291
VTM-008479,DG-9ccfb599fd77,titanite,0,1,1,0.5834278464317322,0.01518891379237175,0.49447065591812134,0.4632454514503479,0.027095003053545952
VTM-008481,DG-4a007058bcf9,titanite,0,1,1,0.5723546147346497,0.008484133519232273,0.4590616524219513,0.2518746554851532,0.2805795669555664
VTM-008482,DG-1fffaf6ae75b,titanite,0,1,1,0.6580324769020081,0.023753289133310318,0.804439902305603,0.11508762836456299,0.05671916529536247
VTM-008488,DG-cf61cbc56945,titanite,0,1,1,0.68565833568573,0.0027713277377188206,0.991512656211853,0.005031638778746128,0.0006843606824986637
VTM-008490,DG-13f68d44547b,titanite,0,1,1,0.6350096464157104,0.0007057220209389925,0.8043723702430725,0.1932488977909088,0.0016730232164263725
VTM-008494,DG-b08fee62c352,titanite,0,1,1,0.5358321070671082,0.0004291422665119171,0.4882175922393799,0.43086761236190796,0.08048563450574875
VTM-008508,DG-2a1f698be405,titanite,0,1,1,0.6159836053848267,0.006105716340243816,0.7898629903793335,0.037752680480480194,0.1662786304950714
VTM-008511,DG-38b189947097,titanite,0,1,0,0.8281131982803345,0.6596910357475281,0.1354866772890091,0.09964403510093689,0.10517821460962296
VTM-008536,DG-530487ff77dd,titanite,0,1,1,0.6436707973480225,0.0055200206115841866,0.8941222429275513,0.07239684462547302,0.027960918843746185
VTM-008544,DG-91878df83d40,titanite,0,1,1,0.6372189521789551,0.0027468677144497633,0.8677631616592407,0.11840912699699402,0.011080848053097725
VTM-008553,DG-bb4ab0ab5d05,titanite,0,1,1,0.6401243209838867,0.013168011792004108,0.6495718955993652,0.330008327960968,0.007251770701259375
VTM-008554,DG-07584d91647f,titanite,0,1,1,0.6997846364974976,0.08225978910923004,0.8061807155609131,0.10268977284431458,0.008869700133800507
VTM-008562,DG-37eb764293e0,titanite,0,1,1,0.6679775714874268,0.0023710799869149923,0.9824419617652893,0.00730865215882659,0.007878286764025688
VTM-008565,DG-cdf94a34139b,titanite,0,1,1,0.6964934468269348,0.05936608463525772,0.8801888227462769,0.018535679206252098,0.04190943390130997
VTM-008572,DG-fd68011a9df0,titanite,0,1,1,0.6182689070701599,0.001721748849377036,0.8232384920120239,0.16107863187789917,0.013961134478449821
VTM-008573,DG-14c183516716,titanite,0,1,1,0.6086388826370239,0.0010488933185115457,0.77253258228302,0.2196902632713318,0.0067282733507454395
VTM-008574,DG-21d29ffc6ed9,titanite,0,1,1,0.6316465735435486,0.0004920114297419786,0.969377875328064,0.025524787604808807,0.0046053617261350155
VTM-008578,DG-2c85111e7b4d,titanite,0,1,1,0.6443457007408142,0.0025366025511175394,0.9363990426063538,0.05056804046034813,0.010496290400624275
VTM-008581,DG-defdf5c0157f,titanite,0,1,1,0.6786589622497559,0.02405795268714428,0.8750191330909729,0.08681425452232361,0.014108700677752495
VTM-008593,DG-d70851100832,titanite,0,1,1,0.6675608158111572,0.014340350404381752,0.8161415457725525,0.16427461802959442,0.00524348858743906
VTM-008598,DG-1b50211ce2f4,titanite,0,1,1,0.6009597182273865,0.00796587485820055,0.5607710480690002,0.41713809967041016,0.01412496529519558
VTM-008600,DG-98559e2cad9f,titanite,0,1,1,0.5871939659118652,0.0020780570339411497,0.6844608783721924,0.28906774520874023,0.024393342435359955
