image_id,split_group_id,mineral_label,true_class_id,predicted_class_id,gate,prob_0,prob_1,prob_2,prob_3
VTM-000013,DG-6fe0031f6ce0,ilmenite,0,1,0.14860980212688446,0.06123574450612068,0.8533714413642883,0.0852346271276474,0.00015815341612324119
VTM-000018,DG-43315a4123ba,ilmenite,0,3,0.16856814920902252,0.3662753999233246,0.08353319764137268,0.15142883360385895,0.3987625241279602
VTM-000039,DG-3cf624d4ada7,ilmenite,0,0,0.2034488469362259,0.8902512192726135,0.03272005915641785,0.07511460781097412,0.0019141293596476316
VTM-000042,DG-dd60957cc98f,ilmenite,0,3,0.3152674734592438,0.004795091226696968,0.0013732027728110552,0.02487168274819851,0.9689600467681885
VTM-000048,DG-0f8409a21a22,ilmenite,0,1,0.16217322647571564,0.000745529483538121,0.9992198348045349,9.179853805107996e-06,2.5417637516511604e-05
VTM-000073,DG-84bf0036b89d,ilmenite,0,0,0.35041508078575134,0.8353118896484375,0.15568654239177704,0.002068932168185711,0.006932627409696579
VTM-000085,DG-7abf9c44f08e,ilmenite,0,0,0.4000401198863983,0.95862877368927,0.002766537945717573,0.036029376089572906,0.0025753360241651535
VTM-000095,DG-96eee34c08c3,ilmenite,0,0,0.4371092915534973,0.7706587910652161,0.1996842324733734,0.0006502035539597273,0.02900679036974907
VTM-000101,DG-3819820fd404,ilmenite,0,0,0.16551972925662994,0.999934196472168,1.5179773981799372e-05,2.41931024902442e-06,4.823403651244007e-05
VTM-000113,DG-e8234023ec6d,ilmenite,0,0,0.3663298785686493,0.9993986487388611,4.881178938376252e-06,3.0932517347537214e-07,0.0005961893475614488
VTM-000114,DG-fc3a66d13a58,ilmenite,0,0,0.3532096743583679,0.9997096657752991,3.871827630064217e-06,6.677345965044879e-08,0.00028639056836254895
VTM-000129,DG-70edfcef8486,ilmenite,0,3,0.35171452164649963,0.36322635412216187,0.0010575595078989863,0.04221402108669281,0.5935020446777344
VTM-000134,DG-93503f79d4d9,ilmenite,0,0,0.29367297887802124,0.9822719097137451,0.01651151105761528,0.00016620407404843718,0.001050418009981513
VTM-000138,DG-6cfde0785f0c,ilmenite,0,1,0.1532711684703827,0.3058469891548157,0.694087564945221,3.704993332576123e-06,6.176251918077469e-05
VTM-000142,DG-6f8fb1c77e4c,ilmenite,0,3,0.223037451505661,0.028768613934516907,0.0026164299342781305,0.23995769023895264,0.7286572456359863
VTM-000152,DG-03a3f84a104f,ilmenite,0,2,0.21981319785118103,0.09183602035045624,0.005768203642219305,0.883368730545044,0.01902705430984497
VTM-000169,DG-882efade704c,ilmenite,0,0,0.2279077023267746,0.9998561143875122,0.00012300738308113068,3.200362925781519e-06,1.7666337953414768e-05
VTM-000180,DG-697e51ad4956,ilmenite,0,1,0.2205945998430252,0.010942507535219193,0.595970869064331,0.37420764565467834,0.01887895166873932
VTM-000192,DG-367f67f123bc,ilmenite,0,3,0.27517402172088623,0.003420717315748334,0.231205552816391,0.035495880991220474,0.7298778891563416
VTM-000205,DG-f238da749e97,ilmenite,0,2,0.2621828317642212,0.0008934388752095401,0.002032520016655326,0.8076920509338379,0.18938197195529938
VTM-000216,DG-89f8774a7c9a,ilmenite,0,1,0.12726952135562897,0.05328162759542465,0.9448237419128418,0.0017692577093839645,0.00012532177788671106
VTM-000224,DG-c28cd4195bb9,ilmenite,0,3,0.20537547767162323,8.040593820624053e-05,0.0004133802140131593,0.0002567092014942318,0.9992495179176331
VTM-000233,DG-32c842af1cd2,ilmenite,0,0,0.2479490339756012,0.8306921720504761,0.16547641158103943,0.000749720202293247,0.0030816453509032726
VTM-000244,DG-ba95ac85aaaa,ilmenite,0,1,0.11330503225326538,0.018452448770403862,0.7171535491943359,0.2574405372142792,0.006953496485948563
VTM-000258,DG-795a8bc1fa12,ilmenite,0,3,0.3409823477268219,0.26454412937164307,0.005993570666760206,0.0001216382734128274,0.7293406128883362
VTM-000261,DG-e311be893061,ilmenite,0,0,0.31015729904174805,0.977942943572998,0.009221835993230343,0.003194183809682727,0.009640964679419994
VTM-000268,DG-ffc518265518,ilmenite,0,0,0.315239816904068,0.6243183612823486,0.35285887122154236,0.0003443834139034152,0.022478384897112846
VTM-000276,DG-a8354183856e,ilmenite,0,0,0.2107008546590805,0.9424768686294556,0.054107971489429474,6.971939910727087e-06,0.003408242017030716
VTM-000281,DG-84fcc1d3f52a,ilmenite,0,1,0.10956417769193649,0.010703708045184612,0.9888646602630615,0.00011312183050904423,0.00031849744846113026
VTM-000292,DG-345c8aeebf6a,ilmenite,0,1,0.21189779043197632,0.0015785653376951814,0.8213624954223633,0.003285043640062213,0.1737738847732544
VTM-000307,DG-a7eccdebae54,ilmenite,0,2,0.16442954540252686,0.07535718381404877,0.45349347591400146,0.46929651498794556,0.0018528371583670378
VTM-000309,DG-c0cdc88e13b5,ilmenite,0,0,0.3328627645969391,0.6600039005279541,0.20717427134513855,0.08355256915092468,0.04926929995417595
VTM-000328,DG-b92bf0a3d3da,ilmenite,0,0,0.3185026943683624,0.5302688479423523,0.0014396178303286433,0.0011933728819712996,0.4670981764793396
VTM-000340,DG-d5390af5bbbe,magnetite,0,0,0.21240481734275818,0.9923567175865173,0.0073681906796991825,0.00017650876543484628,9.862098522717133e-05
VTM-000343,DG-385678a99654,magnetite,0,2,0.23437349498271942,0.09061091393232346,0.09567513316869736,0.8107759952545166,0.0029379501938819885
VTM-000374,DG-f4e221fe8b8b,magnetite,0,0,0.125796839594841,0.9697285890579224,0.030133681371808052,8.087880587481777e-08,0.00013769548968411982
VTM-000379,DG-d5032af262ad,magnetite,0,0,0.3684496581554413,0.9917664527893066,0.0009656233014538884,0.0036727595143020153,0.003595100250095129
VTM-000398,DG-a438eff7787c,magnetite,0,1,0.2365712970495224,0.04522570222616196,0.9474323987960815,0.005671301390975714,0.0016705533489584923
VTM-000404,DG-3f327924f3a6,magnetite,0,0,0.25734230875968933,0.9986000657081604,0.0012714945478364825,7.965124950715108e-07,0.0001276910479646176
VTM-000417,DG-d1165a605e01,magnetite,0,2,0.15425191819667816,0.10898084193468094,0.000856614438816905,0.8898683786392212,0.0002941616403404623
VTM-000420,DG-bea3245792a5,magnetite,0,0,0.27857568860054016,0.9305126667022705,0.06642953306436539,0.0001404913782607764,0.00291736819781363
VTM-000435,DG-cdac5b53685c,magnetite,0,0,0.3660617768764496,0.9207120537757874,0.0008565019234083593,9.825504821492359e-05,0.07833324372768402
VTM-000444,DG-ce12d30fa21f,magnetite,0,0,0.3132847845554352,0.9282190203666687,0.0060582770965993404,0.004500123206526041,0.06122257933020592
VTM-000445,DG-135b572fdce3,magnetite,0,0,0.32502931356430054,0.9707730412483215,0.004264602903276682,0.0006160235498100519,0.024346347898244858
VTM-000455,DG-07eed7826155,magnetite,0,0,0.19691427052021027,0.9518814086914062,0.0479782372713089,1.619991252255204e-07,0.00014014702173881233
VTM-000464,DG-2d7adf4c3825,magnetite,0,1,0.24080027639865875,0.17186923325061798,0.8160097002983093,0.0008334312587976456,0.01128763984888792
VTM-000466,DG-cc133e156077,magnetite,0,0,0.13923998177051544,0.9964211583137512,0.003577375551685691,5.025497102906229e-07,1.0054905033030082e-06
VTM-000481,DG-bd2d632589ac,magnetite,0,0,0.335208535194397,0.9919252991676331,0.0033454042859375477,0.0003406553587410599,0.0043886443600058556
VTM-000490,DG-43477d7a0ba9,magnetite,0,0,0.3510225713253021,0.9233881235122681,0.006450187414884567,0.061877381056547165,0.0082843117415905
VTM-000503,DG-572766d5cc60,magnetite,0,3,0.17982976138591766,0.0009082287433557212,0.00745161809027195,0.036629416048526764,0.9550107717514038
VTM-000504,DG-bb27983bc666,magnetite,0,0,0.33531662821769714,0.8025001883506775,0.0002984227903652936,0.004019466694444418,0.19318199157714844
VTM-000507,DG-ab23a7ae7b4a,magnetite,0,1,0.06035924330353737,0.006920241750776768,0.9930614233016968,1.4240033124224283e-05,4.04447564505972e-06
VTM-000509,DG-c4c2974889e2,magnetite,0,0,0.35203874111175537,0.9516646265983582,0.0248287133872509,0.006796830799430609,0.01670980080962181
VTM-000511,DG-810c02dbca34,magnetite,0,0,0.40088000893592834,0.9992552399635315,0.00038572412449866533,1.6366182535421103e-05,0.00034266256261616945
VTM-000524,DG-c17be4bb822a,magnetite,0,0,0.29161185026168823,0.5199440121650696,0.02514631859958172,5.803013664262835e-06,0.45490390062332153
VTM-000525,DG-82fecec84b49,magnetite,0,0,0.42203572392463684,0.7116062641143799,0.014000987634062767,0.0028822559397667646,0.2715105414390564
VTM-000574,DG-d2a6f15126ec,magnetite,0,1,0.2641635537147522,0.006587958429008722,0.7420511245727539,0.10275991261005402,0.14860102534294128
VTM-000580,DG-6d19f0d06ebd,magnetite,0,0,0.2572135627269745,0.8127864003181458,0.15609310567378998,0.0026734049897640944,0.02844715490937233
VTM-000594,DG-652cb2e58470,magnetite,0,0,0.2656588554382324,0.9840072393417358,0.01472138799726963,1.5247009059748962e-06,0.0012698534410446882
VTM-000599,DG-1798cb9ea7ad,magnetite,0,0,0.18836921453475952,0.9264654517173767,0.07187711447477341,0.0012050005607306957,0.00045242466148920357
VTM-000606,DG-8453249814c4,magnetite,0,0,0.3585371673107147,0.7676163911819458,0.00047975857160054147,0.0005372709129005671,0.23136654496192932
VTM-000614,DG-a68783d9878c,magnetite,0,0,0.255642831325531,0.9912600517272949,0.002343172440305352,0.002128393156453967,0.004268317949026823
VTM-000620,DG-dc6502d23098,magnetite,0,0,0.31736400723457336,0.9998894333839417,6.282064714469016e-05,2.7339861844666302e-05,2.0382181901368313e-05
VTM-000630,DG-4d3c9beb5824,magnetite,0,3,0.20583084225654602,0.0006544659845530987,0.009083039127290249,6.306642171693966e-05,0.9901994466781616
VTM-000649,DG-4d4e149abdad,magnetite,0,0,0.37282609939575195,0.6761912107467651,0.0008141411235556006,0.11825194954872131,0.20474272966384888
VTM-000654,DG-870455a260e3,magnetite,0,0,0.4569147229194641,0.7383874654769897,0.08821296691894531,0.03678207844495773,0.1366174817085266
VTM-000657,DG-1beca935d1a2,magnetite,0,3,0.3367644250392914,0.3965331017971039,0.0031348830088973045,2.9475550036295317e-05,0.600302517414093
VTM-000694,DG-1bf50f8d6297,magnetite,0,0,0.25211820006370544,0.9999082684516907,7.999318768270314e-05,4.533071205514716e-06,7.236455985548673e-06
VTM-000714,DG-d5b2d2d0f47d,magnetite,0,0,0.29961326718330383,0.9151445627212524,0.08250079303979874,0.001087391166947782,0.0012672380544245243
VTM-000719,DG-4b0e141be02b,magnetite,0,0,0.22615313529968262,0.8887516260147095,0.01046918798238039,0.0010231222258880734,0.09975605458021164
VTM-000758,DG-9cdd8f83ad65,magnetite,0,0,0.4172215163707733,0.9786928296089172,1.7896249119075947e-05,1.1285519576631486e-06,0.021288136020302773
VTM-000766,DG-dbe67ebecc29,magnetite,0,0,0.1398240029811859,0.6477144360542297,0.35211217403411865,5.722658897866495e-07,0.00017283156921621412
VTM-000772,DG-c3c48efc1988,magnetite,0,0,0.16559508442878723,0.9842121601104736,0.012736921198666096,0.0029076188802719116,0.0001432387507520616
VTM-000776,DG-c51cf9d0838a,magnetite,0,0,0.2366599291563034,0.9872023463249207,0.009375082328915596,6.0697806475218385e-05,0.003361912677064538
VTM-000782,DG-c2d5781a014e,magnetite,0,0,0.22279533743858337,0.534164309501648,0.43556520342826843,0.010839815251529217,0.019430676475167274
VTM-000788,DG-95ce869eb316,magnetite,0,0,0.22263206541538239,0.9976234436035156,0.0020590736530721188,3.0448374673142098e-05,0.00028703390853479505
VTM-000789,DG-1c975bac96ef,magnetite,0,1,0.32170698046684265,0.16063667833805084,0.7617757320404053,0.0018468621419742703,0.07574071735143661
VTM-000797,DG-c7ce5a7b78aa,magnetite,0,0,0.30019649863243103,0.976434588432312,0.015339560806751251,1.0699041013140231e-05,0.008215174078941345
VTM-000811,DG-1220f8569f0c,magnetite,0,0,0.38189440965652466,0.5349864363670349,0.01633267104625702,0.0007172852638177574,0.4479636251926422
VTM-000826,DG-9c76f6c542bd,magnetite,0,0,0.23624956607818604,0.7916726469993591,0.20328263938426971,5.268984386930242e-05,0.004992034751921892
VTM-000834,DG-4fd36e28095f,magnetite,0,0,0.42183902859687805,0.7549042701721191,0.24031591415405273,0.0024675149470567703,0.002312267664819956
VTM-000846,DG-df1c722de400,magnetite,0,0,0.3614599406719208,0.9985655546188354,0.0008710898691788316,1.0517936971154995e-05,0.0005528482142835855
VTM-000847,DG-dd94c98fb4ba,magnetite,0,0,0.4255863428115845,0.8987218141555786,0.0023005749098956585,0.09247053414583206,0.006507044658064842
VTM-000852,DG-5d917c5ebd3b,magnetite,0,0,0.48843252658843994,0.9953081607818604,0.0006563357310369611,1.3778701031696983e-05,0.004021735396236181
VTM-000855,DG-bd37ade00a53,magnetite,0,0,0.39721447229385376,0.9710463285446167,0.00408929493278265,7.960527727846056e-05,0.02478475496172905
VTM-000858,DG-d5dbb212e8df,magnetite,0,3,0.48693349957466125,0.4318656921386719,0.01313655823469162,0.002349899848923087,0.5526478886604309
VTM-000870,DG-499f33781720,magnetite,0,0,0.2975963056087494,0.620871365070343,0.333102285861969,0.015399646013975143,0.03062671795487404
VTM-000883,DG-235488269109,magnetite,0,0,0.4220186471939087,0.760010838508606,0.001244335900992155,0.02066122367978096,0.21808356046676636
VTM-000892,DG-c3abb5c8c502,magnetite,0,0,0.1978660374879837,0.9998371005058289,0.0001597235386725515,2.1706589450332103e-06,1.0557021141721634e-06
VTM-000896,DG-031f3b0c48c1,magnetite,0,3,0.23130178451538086,9.010519761432079e-07,3.8106525607872754e-05,9.242141823051497e-05,0.9998685717582703
VTM-000917,DG-7e4620e7d677,magnetite,0,2,0.08800268173217773,0.023460708558559418,0.0007321254815906286,0.9751516580581665,0.0006555737927556038
VTM-000925,DG-7bde1cba2701,magnetite,0,0,0.3034552335739136,0.9705809354782104,0.02223426103591919,0.0015538630541414022,0.005630954634398222
VTM-000936,DG-ec4735c918e8,magnetite,0,0,0.1776324063539505,0.9963293075561523,0.003491354640573263,8.250865357695147e-05,9.686513658380136e-05
VTM-000941,DG-fd253a7c389e,magnetite,0,0,0.3024996817111969,0.804781436920166,0.0493847131729126,0.14442306756973267,0.001410754513926804
VTM-000960,DG-cf54d4446135,magnetite,0,2,0.22479642927646637,0.03449783846735954,0.4412493407726288,0.4488675594329834,0.07538531720638275
VTM-000964,DG-bf33035fb162,magnetite,0,0,0.31996193528175354,0.9961879253387451,0.003422068664804101,8.796024485491216e-05,0.00030207776580937207
VTM-000969,DG-ce6c2900638e,magnetite,0,0,0.317236989736557,0.9919987320899963,0.0006360490806400776,6.393184776243288e-06,0.007358871400356293
VTM-000982,DG-a6431bed4d70,magnetite,0,3,0.3095005452632904,0.21912440657615662,0.1902816742658615,0.004486291203647852,0.586107611656189
VTM-000984,DG-20a1ed1c7f25,magnetite,0,0,0.17348337173461914,0.8305292129516602,0.16701963543891907,4.749608251586324e-06,0.002446358557790518
VTM-001030,DG-f8f4554509c3,magnetite,0,0,0.5048741102218628,0.9537199139595032,0.002473540836945176,0.00028660555835813284,0.04351995140314102
VTM-001037,DG-78c7d8b1005e,magnetite,0,0,0.24375352263450623,0.9994110465049744,2.6304514904040843e-06,1.1748220458684955e-06,0.0005851275054737926
VTM-001048,DG-294a75101264,magnetite,0,0,0.3183280825614929,0.9911835193634033,0.004054039716720581,0.002650819718837738,0.0021116139832884073
VTM-001076,DG-5d50abc742d1,magnetite,0,0,0.3431711792945862,0.9948667287826538,0.004091878887265921,0.00011236067803110927,0.0009290635352954268
VTM-001094,DG-4c493c986ea7,magnetite,0,0,0.2290884554386139,0.9982075691223145,5.307660103426315e-05,4.100259320694022e-05,0.0016983401728793979
VTM-001111,DG-25ca3871af31,magnetite,0,0,0.1327880322933197,0.8325872421264648,0.08413556218147278,0.08204220980405807,0.0012349567841738462
VTM-001117,DG-9646bdd090a8,magnetite,0,0,0.13394476473331451,0.9333124756813049,0.06656335294246674,7.265000022016466e-06,0.00011692816042341292
VTM-001124,DG-bf40fd4a2b51,magnetite,0,1,0.158681258559227,0.004162303172051907,0.9944231510162354,0.0003123415226582438,0.001102195237763226
VTM-001127,DG-9ea5ea2040e1,magnetite,0,0,0.3395012617111206,0.8634862899780273,0.004387840162962675,0.062374938279390335,0.06975096464157104
VTM-001128,DG-0ad958cdf304,magnetite,0,3,0.4087771475315094,0.4228721857070923,0.00011275541328359395,1.5273677490768023e-05,0.576999843120575
VTM-001135,DG-929ae7d5a34a,magnetite,0,0,0.12423138320446014,0.7597000002861023,0.23845472931861877,0.0008960400009527802,0.0009491805685684085
VTM-001142,DG-8c52049fed71,magnetite,0,0,0.16968494653701782,0.7600705623626709,0.0032028602436184883,0.19892238080501556,0.03780420869588852
VTM-001143,DG-32261429f75b,magnetite,0,0,0.36527037620544434,0.9914451241493225,0.0007210467592813075,0.00027717111515812576,0.007556668948382139
VTM-001153,DG-65acd4222cf0,magnetite,0,2,0.19241848587989807,0.0019158218055963516,0.2105964571237564,0.6569312214851379,0.13055646419525146
VTM-001156,DG-634890ede108,magnetite,0,0,0.2025138884782791,0.9031654596328735,0.010925304144620895,0.06067614629864693,0.025233104825019836
VTM-001157,DG-2941afb34a16,magnetite,0,0,0.3472980558872223,0.7732759118080139,0.002883732784539461,0.008195707574486732,0.2156447023153305
VTM-001159,DG-5a4ebb61334d,magnetite,0,0,0.25443556904792786,0.9999475479125977,8.640026294415293e-07,2.345800203329418e-05,2.8132202714914456e-05
VTM-001166,DG-ff39aa7ef84a,magnetite,0,0,0.25858843326568604,0.9936679601669312,0.005198451690375805,0.0009577852906659245,0.00017584981105756015
VTM-001181,DG-cd17d016b4ae,magnetite,0,3,0.30815389752388,0.020122945308685303,0.00014906639989931136,0.0003762167470995337,0.9793517589569092
VTM-001208,DG-85edd83dff71,magnetite,0,0,0.1791737973690033,0.9384039640426636,0.05749714747071266,0.003954662941396236,0.00014420798106584698
VTM-001210,DG-3a89d85ccde3,magnetite,0,1,0.16271355748176575,0.021072961390018463,0.9618365168571472,0.014447427354753017,0.0026430650614202023
VTM-001213,DG-c08d45836fcd,magnetite,0,0,0.27941814064979553,0.9478427171707153,0.04867063835263252,0.0029752333648502827,0.0005114165251143277
VTM-001235,DG-9ef39c882f85,magnetite,0,0,0.3891398310661316,0.9804062247276306,0.016575563699007034,0.0006514310953207314,0.002366837579756975
VTM-001236,DG-2e49a2b873b5,magnetite,0,0,0.23451858758926392,0.7264637351036072,0.18507839739322662,0.006357184611260891,0.08210073411464691
VTM-001242,DG-40ce2a937e56,magnetite,0,3,0.19422675669193268,0.009139230474829674,0.009114071726799011,0.33519577980041504,0.6465509533882141
VTM-001246,DG-7fd1f47999b4,magnetite,0,0,0.22210238873958588,0.9998283982276917,0.00014315417502075434,3.2049506444309372e-06,2.5214823835995048e-05
VTM-001267,DG-acf7bc6d5b10,magnetite,0,0,0.31875887513160706,0.9941401481628418,0.0009468735661357641,0.00374354375526309,0.001169487601146102
VTM-001274,DG-79259dff6552,magnetite,0,0,0.3411063551902771,0.8424185514450073,0.016693156212568283,2.0724407931993483e-06,0.14088618755340576
VTM-001275,DG-dcfd4084a64d,magnetite,0,0,0.3312641978263855,0.7457643151283264,0.19915512204170227,8.653846452943981e-05,0.05499397963285446
VTM-001276,DG-ed5f37afc816,magnetite,0,1,0.23366481065750122,0.2302219271659851,0.6054819822311401,0.1628609001636505,0.001435216050595045
VTM-001278,DG-83b2d732c7e4,magnetite,0,0,0.31177863478660583,0.9423713684082031,0.03692435845732689,0.0048625110648572445,0.01584179885685444
VTM-001279,DG-1b3bc4362fe0,magnetite,0,1,0.14647513628005981,0.024854322895407677,0.97457355260849,0.00018070181249640882,0.00039139468572102487
VTM-001285,DG-be177d4296ea,magnetite,0,0,0.34549814462661743,0.9963725209236145,0.00013264492736198008,7.105254917405546e-05,0.0034237841609865427
VTM-001305,DG-ad49a9cbae05,magnetite,0,3,0.39737170934677124,0.027648035436868668,2.665387546585407e-05,0.00010639896208886057,0.972218930721283
VTM-001309,DG-79cbfb1a67f8,magnetite,0,0,0.48705554008483887,0.9354783296585083,0.008756504394114017,0.022833792492747307,0.03293143957853317
VTM-001321,DG-e7411971efd2,magnetite,0,0,0.35177505016326904,0.9370549321174622,0.00964529812335968,0.001475015189498663,0.05182475596666336
VTM-001334,DG-a4546bbfbf01,magnetite,0,0,0.21318300068378448,0.9924963116645813,0.006573879159986973,0.000857185514178127,7.268571789609268e-05
VTM-001342,DG-4329fd0fa254,magnetite,0,1,0.27337875962257385,0.3944467604160309,0.4392009377479553,0.12298573553562164,0.04336658492684364
VTM-001344,DG-81a4fee94b84,magnetite,0,0,0.36767101287841797,0.9832682609558105,0.006541416049003601,4.588529554894194e-05,0.010144464671611786
VTM-001352,DG-ec3babb402e9,magnetite,0,0,0.2286982536315918,0.7679881453514099,0.09304653853178024,0.0018826232990249991,0.13708272576332092
VTM-001375,DG-25c9d1334ba7,magnetite,0,0,0.2616046667098999,0.9319475293159485,0.06124741956591606,0.005653204396367073,0.0011518726823851466
VTM-001379,DG-09f401514ecd,magnetite,0,2,0.12676656246185303,0.007589918561279774,0.2695097327232361,0.7216461300849915,0.001254296163097024
VTM-001382,DG-1509292b6cc8,magnetite,0,1,0.19389373064041138,0.011623149737715721,0.9867682456970215,0.0009934550616890192,0.0006151316920295358
VTM-001389,DG-b72f30e8d6a7,magnetite,0,0,0.1528213918209076,0.5437214970588684,0.45514270663261414,0.0006277781212702394,0.0005080756382085383
VTM-001394,DG-4dacfe3a288c,magnetite,0,1,0.305620402097702,0.23660632967948914,0.6004553437232971,0.053979840129613876,0.10895850509405136
VTM-001396,DG-a150f7a82498,magnetite,0,3,0.3462381362915039,0.0755232572555542,0.0035626597236841917,0.005956463515758514,0.9149576425552368
VTM-001399,DG-41d0e5580b6a,magnetite,0,0,0.2201368361711502,0.9994682669639587,0.00030041069840081036,6.443879101425409e-07,0.0002307208051206544
VTM-001436,DG-7b12906d788f,magnetite,0,0,0.2384396493434906,0.9901468753814697,0.007320019416511059,0.002308173570781946,0.00022490568517241627
VTM-001438,DG-7255a46e94a7,magnetite,0,0,0.24722158908843994,0.9996131062507629,8.957306999946013e-05,2.5853509555417986e-07,0.00029709620866924524
VTM-001441,DG-b8b2c4f178aa,magnetite,0,3,0.287706196308136,0.0035021035000681877,0.32915201783180237,0.0003083669289480895,0.6670374870300293
VTM-001452,DG-bdcde94a85b5,magnetite,0,0,0.28460127115249634,0.9981740713119507,0.0012799527030438185,0.0003802657302003354,0.00016564085672143847
VTM-001466,DG-43f42fac07e9,magnetite,0,0,0.28880369663238525,0.5180405378341675,0.43997371196746826,0.0007453366997651756,0.04124046117067337
VTM-001478,DG-58262c85df83,magnetite,0,0,0.357810914516449,0.8640426993370056,0.046273909509181976,0.05680364370346069,0.0328797809779644
VTM-001484,DG-d59fcb9222f2,magnetite,0,0,0.34430578351020813,0.9995941519737244,0.00010918606130871922,0.00018550100503489375,0.00011115966481156647
VTM-001485,DG-a2b94815594a,magnetite,0,3,0.4604645073413849,0.4952121376991272,0.0009470878867432475,0.0014713836135342717,0.5023694038391113
VTM-001487,DG-9785201ed410,magnetite,0,0,0.39233705401420593,0.9999943971633911,1.0809935702127405e-07,2.043002780283132e-07,5.314071131579112e-06
VTM-001489,DG-23a7ab10b23b,magnetite,0,2,0.1715773344039917,0.03416084498167038,0.0004510082653723657,0.9633402824401855,0.0020479101222008467
VTM-001492,DG-1dca19335664,magnetite,0,0,0.3569709062576294,0.9431612491607666,0.05358998104929924,0.0004396973818074912,0.002809115219861269
VTM-001502,DG-4731480706ec,magnetite,0,0,0.24887114763259888,0.9889765977859497,0.010604874230921268,0.0003128803800791502,0.00010564948024693877
VTM-001542,DG-5d9bb0931076,magnetite,0,3,0.2663745582103729,0.2221505343914032,0.026896819472312927,0.031942255795001984,0.7190104126930237
VTM-001551,DG-05595eff1ad3,magnetite,0,1,0.13815845549106598,0.04966725409030914,0.9501028060913086,1.1044357052014675e-05,0.00021892311633564532
VTM-001556,DG-329943ef1dad,magnetite,0,3,0.19526715576648712,0.000224795046960935,0.06394299119710922,0.006475518923252821,0.9293566942214966
VTM-001571,DG-eee01346f14d,magnetite,0,3,0.33261117339134216,0.4399651885032654,0.034583110362291336,0.009652645327150822,0.5157991051673889
VTM-001585,DG-d29af017305e,magnetite,0,0,0.2655152380466461,0.8312073945999146,0.16472209990024567,0.002157521666958928,0.0019130496075376868
VTM-001602,DG-13f8a822dbfc,magnetite,0,0,0.5200695991516113,0.6652776002883911,0.0036665964871644974,0.0015077127609401941,0.32954806089401245
VTM-001613,DG-9ea805a5c9d8,magnetite,0,0,0.19658535718917847,0.9998499751091003,0.00011646610801108181,9.369167855766136e-06,2.417211544525344e-05
VTM-001614,DG-84504a7012b9,magnetite,0,0,0.2722420394420624,0.9436649680137634,0.0058183628134429455,0.0007578324293717742,0.04975884035229683
VTM-001617,DG-b1f18f1f37fb,magnetite,0,3,0.2792891561985016,0.004722420126199722,0.0006912219687364995,3.392608414287679e-05,0.9945524334907532
VTM-001635,DG-244307d1d268,magnetite,0,0,0.2754628658294678,0.9978015422821045,0.00037807176704518497,6.978874807828106e-06,0.0018134188139811158
VTM-001644,DG-85bdd9be320a,magnetite,0,0,0.3140202760696411,0.9967688322067261,0.0008209517109207809,2.460652103764005e-05,0.002385614439845085
VTM-001649,DG-89f24a8b6ab6,magnetite,0,0,0.18302857875823975,0.9692432880401611,0.030707648023962975,1.7967649910133332e-05,3.1145424145506695e-05
VTM-001661,DG-2e96be8541ff,magnetite,0,2,0.3177475035190582,0.007506150286644697,0.45076560974121094,0.4938545525074005,0.047873686999082565
VTM-001690,DG-b0fe7cb99124,titanomagnetite,0,1,0.2882600426673889,0.41153383255004883,0.5676891803741455,0.016502967104315758,0.004273987840861082
VTM-001694,DG-97f74c72b5b7,titanomagnetite,0,0,0.28436779975891113,0.8656238317489624,0.13186925649642944,8.856396016199142e-05,0.0024183758068829775
VTM-001709,DG-5667dcfe048e,calcite,2,2,0.0841384157538414,4.6761985572629783e-07,0.0008470722241327167,0.9991468191146851,5.622194294119254e-06
VTM-001713,DG-a31daab35958,calcite,2,2,0.18344250321388245,7.697066394030116e-06,0.0006421178695745766,0.990690290927887,0.008659900166094303
VTM-001718,DG-76d30c6c5612,calcite,2,2,0.33300310373306274,0.0005220556631684303,0.0008102550054900348,0.9915814399719238,0.007086258847266436
VTM-001719,DG-71efe00888af,calcite,2,2,0.13918106257915497,4.8431911636726e-07,2.039184073510114e-05,0.9997891187667847,0.00019000731117557734
VTM-001734,DG-a139c32410c3,calcite,2,2,0.06814617663621902,2.0719394200341412e-08,1.1306099167995853e-06,0.9999985098838806,3.553643637133064e-07
VTM-001736,DG-a69a03d4cc5e,calcite,2,2,0.1857381910085678,3.503842526697554e-05,0.01737946644425392,0.9822231531143188,0.0003623311931733042
VTM-001740,DG-4b56e6a07cac,calcite,2,2,0.12142564356327057,0.00016476408927701414,0.006446321494877338,0.9923133254051208,0.0010756223928183317
VTM-001775,DG-8e3da4981bde,calcite,2,1,0.15498901903629303,0.005731934681534767,0.8777685165405273,0.1102764904499054,0.006223028525710106
VTM-001801,DG-5ed230bcaeae,calcite,2,2,0.08007950335741043,0.00046484178164973855,0.03660374879837036,0.962886393070221,4.497614281717688e-05
VTM-001825,DG-0be1a7cb809b,calcite,2,2,0.04550385847687721,1.0218646906423601e-07,3.4931717891595326e-06,0.9999561905860901,4.019712287117727e-05
VTM-001827,DG-633fa2f6211f,calcite,2,2,0.12534679472446442,4.910976713290438e-05,1.7082569684134796e-05,0.9999246597290039,9.198990483128e-06
VTM-001834,DG-ef83fc7b1744,calcite,2,3,0.19777683913707733,0.0021107641514390707,2.5638182705733925e-06,0.15752127766609192,0.8403653502464294
VTM-001839,DG-9a5c0c5a1717,calcite,2,2,0.08992534130811691,0.0019993416499346495,0.08516629040241241,0.9127012491226196,0.00013308561756275594
VTM-001843,DG-f77f26be144c,calcite,2,2,0.16500191390514374,0.00036931459908373654,0.0011368953855708241,0.9984733462333679,2.0458843209780753e-05
VTM-001849,DG-55f6c7371d43,calcite,2,2,0.2212035357952118,0.02015535905957222,0.3653987646102905,0.3856332004070282,0.22881266474723816
VTM-001856,DG-d0ae9de522c3,calcite,2,2,0.11442112177610397,3.910275700036436e-05,0.0025485362857580185,0.9974023103713989,1.0027918506239075e-05
VTM-001862,DG-3cbe78ac7f28,calcite,2,2,0.13766832649707794,2.1354160708142444e-05,0.04908435791730881,0.5748156309127808,0.37607869505882263
VTM-001891,DG-a35ac479557c,calcite,2,2,0.10833626985549927,4.454300892575702e-07,3.0139885893731844e-06,0.9999801516532898,1.6393832993344404e-05
VTM-001897,DG-cae4c10c6d2e,calcite,2,2,0.06091414764523506,2.7088401566288667e-07,0.0015500447480008006,0.9984025955200195,4.705288665718399e-05
VTM-001909,DG-1a7b849d8231,calcite,2,3,0.2518996298313141,0.0028887963853776455,0.0053189280442893505,0.008742043748497963,0.9830502271652222
VTM-001911,DG-4992f8434a77,calcite,2,2,0.1398656666278839,3.692946847877465e-05,5.466726179292891e-06,0.9997109770774841,0.00024659509654156864
VTM-001913,DG-3707ecbb95e5,calcite,2,2,0.21038278937339783,0.00012667832197621465,0.008267835713922977,0.9898231029510498,0.0017824415117502213
VTM-001920,DG-c70c5779a71a,calcite,2,2,0.10279731452465057,3.0147366487653926e-06,6.091485374781769e-06,0.9999391436576843,5.1724993682000786e-05
VTM-001938,DG-b3d7bf80d2a2,calcite,2,0,0.22707295417785645,0.4227195978164673,0.31576159596443176,0.25638294219970703,0.005135791841894388
VTM-001946,DG-eda8ba2e978a,calcite,2,2,0.08700898289680481,0.0002176884445361793,0.01529823336750269,0.9844032526016235,8.084546425379813e-05
VTM-001959,DG-7b3cde349dd2,calcite,2,2,0.11588174104690552,0.00189011893235147,0.0016801867168396711,0.9964076280593872,2.2038613678887486e-05
VTM-001969,DG-3996bf01109f,calcite,2,2,0.2179839015007019,0.059706203639507294,4.968693247064948e-05,0.939064085483551,0.0011800394859164953
VTM-001972,DG-87f47806a6ee,calcite,2,2,0.11432035267353058,3.7113054531801026e-06,5.668953599524684e-05,0.9998942017555237,4.542444730759598e-05
VTM-001983,DG-dada7ee7c7b7,calcite,2,2,0.19456224143505096,2.5555452793923905e-06,0.0002827269199769944,0.9991539120674133,0.0005608281935565174
VTM-001987,DG-2bd03ef1f80d,calcite,2,2,0.14196747541427612,6.217305053723976e-05,3.644941170932725e-05,0.9984715580940247,0.0014298447640612721
VTM-001997,DG-9e06bcbc3761,calcite,2,2,0.1620042324066162,6.669065896858228e-06,0.0013607454020529985,0.9936855435371399,0.004947058856487274
VTM-002004,DG-fc86d1207a8c,calcite,2,2,0.16814911365509033,1.3455522775984718e-06,0.0005221661413088441,0.999213457107544,0.00026301201432943344
VTM-002010,DG-3738ebb23911,calcite,2,2,0.33459973335266113,0.004000438377261162,0.004796987399458885,0.9175851345062256,0.07361743599176407
VTM-002018,DG-c2299ae73b20,calcite,2,2,0.20359477400779724,1.178466118290089e-05,0.0008733636932447553,0.9970398545265198,0.0020749790128320456
VTM-002024,DG-f27e59284db3,calcite,2,1,0.0979187935590744,0.0005302687059156597,0.5151689648628235,0.48298215866088867,0.0013186410069465637
VTM-002036,DG-d05b7db8a03a,calcite,2,0,0.3603634536266327,0.9743918776512146,0.00015019737475086004,0.005516320001333952,0.019941631704568863
VTM-002059,DG-7a4ef2336533,feldspar,2,2,0.3089531660079956,0.09135111421346664,0.061559777706861496,0.8173282742500305,0.029760858044028282
VTM-002070,DG-4d2397e45b8d,feldspar,2,2,0.19796395301818848,0.0007060046191327274,0.0020727692171931267,0.9933986663818359,0.003822548780590296
VTM-002074,DG-8d1bab30b0b2,feldspar,2,2,0.31970757246017456,0.0033093406818807125,0.11707492172718048,0.6382846832275391,0.24133098125457764
VTM-002077,DG-7b65be4b9679,feldspar,2,2,0.15552428364753723,2.397609705440118e-06,0.00017061248945537955,0.9997738003730774,5.319574847817421e-05
VTM-002085,DG-93dd367747d7,feldspar,2,1,0.2268446981906891,0.18303994834423065,0.7946119904518127,0.018001554533839226,0.004346455447375774
VTM-002093,DG-41defb57d166,feldspar,2,2,0.2328445017337799,0.0024335035122931004,0.0006694674375467002,0.9943241477012634,0.0025729339104145765
VTM-002099,DG-ca4676ee122b,feldspar,2,2,0.24990907311439514,0.010211879387497902,0.0011441783281043172,0.9801619052886963,0.008481978438794613
VTM-002119,DG-f6cfc775e0f7,feldspar,2,2,0.22769886255264282,0.00030697978218086064,0.0006958747981116176,0.906372606754303,0.09262450784444809
VTM-002122,DG-e3fd0082ebbc,feldspar,2,2,0.07280433923006058,3.838191332761198e-05,0.05665912106633186,0.9431285858154297,0.00017390122229699045
VTM-002125,DG-38ecb3b17658,feldspar,2,2,0.26068028807640076,0.16484104096889496,0.004647041205316782,0.8223809599876404,0.008130990900099277
VTM-002146,DG-b61f7916473e,feldspar,2,2,0.23605012893676758,0.00011537688260432333,0.001460733124986291,0.9918980002403259,0.006525845266878605
VTM-002148,DG-8c8100639791,feldspar,2,2,0.15676948428153992,0.0008097161771729589,0.00028465373907238245,0.9988375902175903,6.801667041145265e-05
VTM-002160,DG-c721d9903034,feldspar,2,2,0.17728358507156372,1.7185378965223208e-05,0.06485127657651901,0.9299746155738831,0.0051569812931120396
VTM-002162,DG-58e9a9e63982,feldspar,2,2,0.05242028087377548,3.509890348141198e-06,0.008029654622077942,0.991959810256958,7.031334007479018e-06
VTM-002170,DG-8735f3b5117b,feldspar,2,2,0.22939951717853546,0.0033925496973097324,0.00023387826513499022,0.9933022856712341,0.0030713004525750875
VTM-002193,DG-c794c43abb0b,feldspar,2,2,0.1335250735282898,0.0009050386142916977,0.011692440137267113,0.9868820309638977,0.0005205138004384935
VTM-002215,DG-7f5f37a85907,feldspar,2,2,0.06921479105949402,1.6548095800317242e-06,0.0003878957068081945,0.9996083974838257,2.0408176624187035e-06
VTM-002216,DG-43da8351f430,feldspar,2,2,0.24929383397102356,0.009118872694671154,0.003349955892190337,0.9560557007789612,0.031475476920604706
VTM-002218,DG-2c3950bc4ff9,feldspar,2,2,0.14386266469955444,0.00025169627042487264,2.643763309606584e-06,0.9993686676025391,0.0003769574104808271
VTM-002244,DG-dd983ea4596e,feldspar,2,2,0.21125005185604095,0.00014509937318507582,0.010490410961210728,0.823205292224884,0.16615918278694153
VTM-002259,DG-e4ff8cdf5b02,feldspar,2,1,0.06123005598783493,2.460598409470549e-07,0.9949465990066528,0.000985380494967103,0.004067760892212391
VTM-002267,DG-b6b3dc6cb54a,feldspar,2,2,0.16623593866825104,6.199654308147728e-05,0.052102163434028625,0.932930052280426,0.014905773103237152
VTM-002270,DG-20fd5166bb61,feldspar,2,2,0.16333822906017303,0.0015811605844646692,0.09914477169513702,0.8833467960357666,0.0159272700548172
VTM-002272,DG-8ee7a09610fa,feldspar,2,2,0.18233563005924225,2.357240555284079e-05,0.13638001680374146,0.8135833144187927,0.05001310259103775
VTM-002276,DG-419ba4b696ff,feldspar,2,2,0.12182241678237915,0.00011426790297264233,0.00015247325063683093,0.9996640086174011,6.924887566128746e-05
VTM-002286,DG-68bc250cc9a1,feldspar,2,2,0.10415934026241302,2.1092013412271626e-05,0.002657993696630001,0.9973015785217285,1.9290293494123034e-05
VTM-002307,DG-dd9a8c5d9f57,feldspar,2,2,0.11019803583621979,5.856759798916755e-06,8.50721844471991e-05,0.9999051690101624,3.939454927603947e-06
VTM-002319,DG-096e6302dea3,feldspar,2,2,0.10205046832561493,8.19695003428933e-07,4.2492761167522985e-06,0.9999868869781494,8.023008376767393e-06
VTM-002328,DG-19dbdc53bcd4,feldspar,2,2,0.1876038908958435,0.007291576825082302,0.002540704794228077,0.9865041971206665,0.0036635310389101505
VTM-002331,DG-bdfbd80f95da,feldspar,2,2,0.2310900092124939,0.002994971349835396,0.005865502171218395,0.9821466207504272,0.008992843329906464
VTM-002334,DG-856685443b2c,feldspar,2,2,0.1311022937297821,0.0009459577267989516,0.00025830292725004256,0.998212993144989,0.0005827400018461049
VTM-002335,DG-30c595ffee50,feldspar,2,2,0.3146199882030487,0.02452295832335949,0.0019801140297204256,0.9714106917381287,0.002086254069581628
VTM-002372,DG-8c516806dace,fluorapatite,2,2,0.07920893281698227,4.711107067123521e-06,6.82002428220585e-05,0.9999205470085144,6.552098511747317e-06
VTM-002376,DG-6990fca3f9fd,fluorapatite,2,2,0.10515562444925308,2.1498731257452164e-06,9.80053810053505e-05,0.9998781681060791,2.166296872019302e-05
VTM-002384,DG-0980dea5bbcb,fluorapatite,2,2,0.15286202728748322,0.00031299336114898324,0.006843093782663345,0.9803526401519775,0.012491281144320965
VTM-002398,DG-8b0f6c6f3aed,fluorapatite,2,2,0.06042551249265671,8.918142157199327e-06,3.067921170440968e-07,0.999990701675415,2.8706221399943388e-08
VTM-002407,DG-0dd02f3efca5,fluorapatite,2,2,0.3901840150356293,0.011704343371093273,0.0021289093419909477,0.8703722357749939,0.11579455435276031
VTM-002409,DG-0fd392a51bf0,fluorapatite,2,2,0.08420225977897644,2.9337657906580716e-05,0.04373202100396156,0.9561318755149841,0.00010678250691853464
VTM-002410,DG-e4e94a87f937,fluorapatite,2,2,0.11351194232702255,1.8974898239321192e-06,0.0025298057589679956,0.9968447685241699,0.0006235152250155807
VTM-002416,DG-931673004572,fluorapatite,2,2,0.11457362771034241,0.00013293445226736367,0.10904636979103088,0.890076220035553,0.0007444500806741416
VTM-002425,DG-72bb26f4ed2f,fluorapatite,2,2,0.2488878071308136,0.0009506196365691721,0.003337228437885642,0.9927501678466797,0.0029619724955409765
VTM-002426,DG-70ae871f721c,fluorapatite,2,2,0.06474478542804718,1.0726161235652398e-05,0.14250193536281586,0.8573980927467346,8.927268208935857e-05
VTM-002433,DG-fbaa772afdb1,fluorapatite,2,2,0.16104543209075928,3.1230549211613834e-05,1.2403666005411651e-05,0.999938428401947,1.792940565792378e-05
VTM-002438,DG-86d5432fe9c6,fluorapatite,2,2,0.11615710705518723,7.4497020250419155e-06,0.00022049299150239676,0.9997628331184387,9.240949111699592e-06
VTM-002453,DG-d81a26fc98cc,fluorapatite,2,2,0.18822142481803894,0.00042634428245946765,0.005776993464678526,0.9920320510864258,0.001764572924003005
VTM-002459,DG-9bbb9ce55e0b,fluorapatite,2,2,0.1843375563621521,0.020855199545621872,0.3054521679878235,0.6718370914459229,0.001855541835539043
VTM-002488,DG-1fbba0246cb5,fluorapatite,2,2,0.181052565574646,0.0002495072840247303,3.194315286236815e-05,0.9988337755203247,0.0008847856661304832
VTM-002492,DG-bca1b9ac8053,fluorapatite,2,2,0.1463237702846527,0.006389751564711332,0.0001625187578611076,0.9934253692626953,2.234868225059472e-05
VTM-002494,DG-0b1798750509,fluorapatite,2,2,0.04523243382573128,8.254163731180597e-06,0.0011712645646184683,0.9988200664520264,4.5613404608957353e-07
VTM-002498,DG-ba77c7896a2e,fluorapatite,2,2,0.09205329418182373,4.235188953316538e-06,0.0016732278745621443,0.9980014562606812,0.0003210728464182466
VTM-002524,DG-e7ea14e488c5,fluorapatite,2,2,0.2262406051158905,0.26482638716697693,0.05532926693558693,0.5541648864746094,0.12567949295043945
VTM-002532,DG-f5727e40eaf0,fluorapatite,2,2,0.22228598594665527,0.0005572045920416713,0.004701350815594196,0.9932857155799866,0.001455732504837215
VTM-002533,DG-b3d54423379a,fluorapatite,2,2,0.1263197958469391,7.236037617985858e-06,0.00011179756984347478,0.9998714923858643,9.483262147114147e-06
VTM-002553,DG-ebc844601fc2,fluorapatite,2,2,0.08291826397180557,0.000239052067627199,0.09120314568281174,0.9085491299629211,8.653732038510498e-06
VTM-002560,DG-fce16a9389ed,fluorapatite,2,2,0.17894171178340912,0.0667605996131897,0.2685440480709076,0.6207377314567566,0.043957628309726715
VTM-002562,DG-6caae9acb9f7,fluorapatite,2,2,0.04204677790403366,4.742555290704331e-07,1.696383264970791e-06,0.9999920725822449,5.762913133366965e-06
VTM-002588,DG-bf1e0b7b2b2d,fluorapatite,2,2,0.13952964544296265,1.2403847904352006e-05,0.011671210639178753,0.9838079214096069,0.004508479032665491
VTM-002594,DG-173a6b0ad21a,fluorapatite,2,2,0.09622033685445786,9.76188403001288e-07,7.855395233491436e-05,0.9998317956924438,8.867673022905365e-05
VTM-002605,DG-0f47d6b5986a,fluorapatite,2,1,0.13206760585308075,0.00033095068647526205,0.8139386177062988,0.1853935271501541,0.0003368810284882784
VTM-002610,DG-41bbe58aa022,fluorapatite,2,3,0.19460685551166534,0.0010618637315928936,0.022702574729919434,0.08772972971200943,0.8885058164596558
VTM-002620,DG-2f0ec9964ed1,fluorapatite,2,2,0.14545133709907532,3.220012513338588e-05,6.799390121159377e-06,0.9999079704284668,5.301923010847531e-05
VTM-002624,DG-ebe5477d9d4e,fluorapatite,2,2,0.1904768943786621,0.008811566978693008,0.01150654349476099,0.9752895832061768,0.004392292350530624
VTM-002635,DG-08ba49dd32f8,fluorapatite,2,1,0.2075655460357666,0.0021338164806365967,0.9217087626457214,0.056068725883960724,0.020088691264390945
VTM-002637,DG-49f9ce893fdb,fluorapatite,2,2,0.18634240329265594,0.034519460052251816,0.0007473365403711796,0.959709644317627,0.00502361822873354
VTM-002642,DG-458ad01f99c5,fluorapatite,2,2,0.12886051833629608,1.0502427358005662e-05,8.115870878100395e-05,0.9998648166656494,4.356506542535499e-05
VTM-002669,DG-94d163b6955c,fluorapatite,2,2,0.289054274559021,0.00762468995526433,0.32063907384872437,0.6656400561332703,0.006096207536756992
VTM-002685,DG-2371f5e69821,fluorapatite,2,2,0.09827935695648193,9.553166455589235e-05,0.15207381546497345,0.8477774858474731,5.315515591064468e-05
VTM-002700,DG-5a9a649090e8,fluorapatite,2,2,0.09174133837223053,4.775219622388249e-06,0.002610006369650364,0.9970060586929321,0.0003791906638070941
VTM-002701,DG-a4daf9c45a67,fluorapatite,2,2,0.13339608907699585,0.00036097216070629656,0.005412328522652388,0.9925863146781921,0.001640346716158092
VTM-002705,DG-a45e2458cc11,fluorapatite,2,2,0.18546603620052338,0.004209211561828852,0.061131276190280914,0.9319822788238525,0.002677269745618105
VTM-002706,DG-0d92fb7cb95e,fluorapatite,2,2,0.18681414425373077,0.0005622932803817093,0.017615342512726784,0.6431453824043274,0.3386770188808441
VTM-002712,DG-7306db6b5311,fluorapatite,2,2,0.22147686779499054,0.018546106293797493,0.1182040274143219,0.8197097182273865,0.04354012385010719
VTM-002716,DG-2cfb90213ded,fluorapatite,2,2,0.08714693784713745,2.596205558802467e-05,0.0005208688671700656,0.9994257688522339,2.742160540947225e-05
VTM-002728,DG-85256a8dc87c,fluorapatite,2,3,0.15027913451194763,4.362449180916883e-05,0.009598273783922195,2.7971324016107246e-05,0.990330159664154
VTM-002732,DG-3fde00040150,fluorapatite,2,1,0.10151444375514984,1.7790156562114134e-05,0.5141985416412354,0.48560795187950134,0.0001757391291903332
VTM-002753,DG-14675da71f30,fluorapatite,2,2,0.20339621603488922,0.0011197486892342567,0.2944404184818268,0.6873963475227356,0.017043473199009895
VTM-002757,DG-92a6cda372d9,fluorapatite,2,3,0.14812013506889343,3.7832840462215245e-05,7.297970296349376e-05,0.3472796082496643,0.652609646320343
VTM-002763,DG-617149045788,fluorapatite,2,2,0.0771791934967041,2.0823324575758306e-06,5.5321284889942035e-05,0.9999356269836426,6.995296644163318e-06
VTM-002765,DG-04feb0d85ca2,fluorapatite,2,2,0.10284632444381714,2.2480118786916137e-05,0.00010418881720397621,0.9998577237129211,1.5609788533765823e-05
VTM-002772,DG-be4ab2bcc955,fluorapatite,2,3,0.26715341210365295,0.04786595702171326,0.0031318222172558308,0.4502880871295929,0.4987140893936157
VTM-002781,DG-46e771570fcc,fluorapatite,2,2,0.19955845177173615,0.0002081730926875025,0.007578779943287373,0.9654029011726379,0.026810120791196823
VTM-002798,DG-2fc3c91217fd,fluorapatite,2,2,0.33400729298591614,0.0007330989465117455,0.0010578581131994724,0.9959929585456848,0.0022160804364830256
VTM-002810,DG-c7cefc4405fa,fluorapatite,2,2,0.107807457447052,4.942839950672351e-05,0.0004191130865365267,0.9992314577102661,0.00030002713901922107
VTM-002817,DG-72e46144068c,fluorapatite,2,2,0.10408719629049301,9.969254506358993e-07,0.0041376701556146145,0.9957773685455322,8.394630276598036e-05
VTM-002839,DG-cc6dea240596,fluorapatite,2,2,0.10203340649604797,0.0002874850470107049,0.00016848539235070348,0.9995413422584534,2.6592113044898724e-06
VTM-002848,DG-9438a8d01734,fluorapatite,2,2,0.08938945084810257,9.589916589902714e-05,0.00427587702870369,0.5865419507026672,0.40908628702163696
VTM-002860,DG-c256a200d15c,fluorapatite,2,2,0.1291114240884781,0.00037868288927711546,0.44677650928497314,0.5510812401771545,0.0017636001575738192
VTM-002876,DG-b9538958ce5c,fluorapatite,2,2,0.1370234489440918,4.044924207846634e-05,8.179064934665803e-06,0.9997437000274658,0.00020764663349837065
VTM-002909,DG-9bbfec4037a2,pyroxene,2,2,0.09441255778074265,4.045350124215474e-06,0.00018220725178252906,0.99979168176651,2.2037447706679814e-05
VTM-002914,DG-ecd4fac4287f,pyroxene,2,2,0.16900169849395752,9.739818779053167e-06,1.2059617802151479e-06,0.9999850988388062,4.004852144134929e-06
VTM-002919,DG-356ea2090c53,pyroxene,2,2,0.12762083113193512,0.0006514308624900877,0.032742951065301895,0.9638404250144958,0.0027651528362184763
VTM-002931,DG-4b287bf51a6f,pyroxene,2,2,0.20531614124774933,0.0010257215471938252,0.00016641448019072413,0.9984636306762695,0.00034423399483785033
VTM-002936,DG-f2341a4eb33d,pyroxene,2,1,0.11043650656938553,6.535067223012447e-05,0.5934320092201233,0.40617990493774414,0.00032278214348480105
VTM-002938,DG-bc185c527a55,pyroxene,2,2,0.13904981315135956,4.67465324618388e-05,0.0034231110475957394,0.9962858557701111,0.00024430849589407444
VTM-002965,DG-39c6e752f427,pyroxene,2,2,0.16389070451259613,8.234487722802442e-06,2.4457167455693707e-06,0.9999038577079773,8.547819743398577e-05
VTM-002982,DG-2f45f8a0936b,pyroxene,2,2,0.1323648989200592,0.0001987180148717016,1.733206408971455e-05,0.9997762441635132,7.724144779786002e-06
VTM-003000,DG-ca7739728c21,pyroxene,2,2,0.18004803359508514,0.005694628693163395,0.03417621925473213,0.9481759071350098,0.011953307315707207
VTM-003001,DG-83d2bf0fab9e,pyroxene,2,2,0.12003839761018753,1.1745778465410694e-05,0.00018840267148334533,0.9997690916061401,3.074890992138535e-05
VTM-003018,DG-6a899d32c512,pyroxene,2,2,0.0843457579612732,1.0969817594741471e-05,6.493610271718353e-05,0.9999135136604309,1.0580915841273963e-05
VTM-003049,DG-4d3059f55084,pyroxene,2,2,0.08201222866773605,6.295768457675877e-07,1.4498020846076543e-06,0.9999976754188538,1.9179140053893207e-07
VTM-003065,DG-d07ead84c7a2,pyroxene,2,0,0.213239848613739,0.7512478828430176,0.01426778919994831,0.19307547807693481,0.04140888527035713
VTM-003070,DG-316331c5fc65,pyroxene,2,2,0.1715816855430603,0.00734693231061101,0.002148175612092018,0.989995002746582,0.0005098749534226954
VTM-003073,DG-53909db5f730,pyroxene,2,2,0.18805262446403503,0.0006463376921601593,0.03970437869429588,0.9589685201644897,0.0006807874888181686
VTM-003076,DG-27c27a638953,pyroxene,2,2,0.1519927680492401,0.0009437712142243981,0.0003692886675707996,0.9985707998275757,0.00011612560047069564
VTM-003089,DG-6e83ee1cd5c2,pyroxene,2,1,0.061574265360832214,0.0005345672252587974,0.9994519948959351,2.2158817500894656e-06,1.1293725037830882e-05
VTM-003101,DG-270a257d6333,pyroxene,2,3,0.4603210985660553,0.017725886777043343,0.05161184072494507,0.20660914480686188,0.7240530848503113
VTM-003102,DG-eb49f9733f96,pyroxene,2,0,0.3294029235839844,0.9667057394981384,0.0022892325650900602,0.023426653817296028,0.007578396704047918
VTM-003107,DG-eb291857b5f2,pyroxene,2,2,0.06271948665380478,2.3500865609094035e-07,2.0503881387412548e-05,0.9999677538871765,1.1522018212417606e-05
VTM-003108,DG-8e63d42ac29e,pyroxene,2,1,0.17288456857204437,0.002715524286031723,0.9947750568389893,0.0021040020510554314,0.0004054695600643754
VTM-003109,DG-5009da639d73,pyroxene,2,2,0.2802347242832184,0.0002562840818427503,0.003099981462582946,0.9127240180969238,0.08391968160867691
VTM-003130,DG-65e305e9a731,pyroxene,2,2,0.17422260344028473,0.0006915613193996251,4.735701804747805e-05,0.9991199970245361,0.00014106850721873343
VTM-003136,DG-5b84681da663,pyroxene,2,2,0.2582884728908539,0.0003309690800961107,8.438616532657761e-06,0.9995969533920288,6.361261330312118e-05
VTM-003137,DG-8ff769650c04,pyroxene,2,2,0.15366743505001068,6.650382147199707e-06,3.055042543564923e-05,0.999933660030365,2.9096161597408354e-05
VTM-003150,DG-a4568071fec7,pyroxene,2,2,0.12131098657846451,6.207145634107292e-05,0.03211943805217743,0.7319367527961731,0.2358817309141159
VTM-003155,DG-82eaf07a7bdb,pyroxene,2,2,0.1809154450893402,0.00014581085997633636,1.0379588275100105e-05,0.9998353719711304,8.443820661341306e-06
VTM-003166,DG-fefad8b6e176,pyroxene,2,2,0.1641271859407425,4.784304474014789e-05,2.6000958314398304e-05,0.9998952746391296,3.0875293305143714e-05
VTM-003167,DG-fde5f2d58bd6,pyroxene,2,2,0.3214128613471985,0.2040843367576599,0.005593025591224432,0.7679198980331421,0.022402724251151085
VTM-003171,DG-462d909e6446,pyroxene,2,2,0.17476493120193481,0.037511639297008514,0.17570561170578003,0.7859976887702942,0.0007851195405237377
VTM-003172,DG-de8624b5213f,pyroxene,2,2,0.08406990021467209,1.9227918528486043e-06,0.06066867709159851,0.9391053915023804,0.00022399697627406567
VTM-003187,DG-20fae7745a04,pyroxene,2,3,0.1226230263710022,6.128284439910203e-06,0.0510052926838398,2.566917601143359e-06,0.9489859938621521
VTM-003190,DG-95f9589a4c5f,pyroxene,2,1,0.2382735162973404,0.21347488462924957,0.724017322063446,0.050203513354063034,0.012304289266467094
VTM-003191,DG-771a6afc0275,pyroxene,2,0,0.33267220854759216,0.8769091367721558,0.006459461059421301,0.009899431839585304,0.10673198848962784
VTM-003192,DG-3d7227aa9b91,pyroxene,2,2,0.15897095203399658,9.748211596161127e-06,0.00012685713591054082,0.9998199343681335,4.3442716560093686e-05
VTM-003195,DG-9c3b22aefc04,pyroxene,2,2,0.09014040231704712,0.0001794083509594202,0.001293763518333435,0.9985074400901794,1.9381452148081735e-05
VTM-003201,DG-1dd2f524e776,pyroxene,2,2,0.1875087320804596,0.0008453743648715317,0.0024201502092182636,0.9946178793907166,0.0021166333463042974
VTM-003210,DG-89f5c9cca930,pyroxene,2,2,0.15613006055355072,0.011304621584713459,0.43759551644325256,0.5500217080116272,0.0010781462769955397
VTM-003217,DG-589a19f16dbe,pyroxene,2,2,0.17112787067890167,0.0018450388452038169,0.20510146021842957,0.7881163954734802,0.004937123507261276
VTM-003218,DG-6a0fe6019816,pyroxene,2,2,0.25373879075050354,0.0018839569529518485,0.0006888129282742739,0.9971736669540405,0.0002535720414016396
VTM-003235,DG-1793687c7efc,pyroxene,2,0,0.2491418421268463,0.9790095090866089,0.0031080590561032295,0.015134640038013458,0.0027478220872581005
VTM-003252,DG-c2662337c3f4,pyroxene,2,2,0.20571890473365784,0.00531165162101388,0.0009293014882132411,0.9920341968536377,0.0017248797230422497
VTM-003260,DG-88a40d491940,pyroxene,2,1,0.13117331266403198,0.06403318792581558,0.6317930221557617,0.30282601714134216,0.001347807701677084
VTM-003274,DG-66e6fbd39ec0,pyroxene,2,2,0.07988466322422028,7.301168807316571e-07,6.282480171648785e-05,0.9999171495437622,1.9309587514726445e-05
VTM-003299,DG-876b60276a74,pyroxene,2,2,0.3972407579421997,0.03838136047124863,0.04352855309844017,0.5988814830780029,0.3192085325717926
VTM-003306,DG-1ee4428aac3b,pyroxene,2,2,0.20786313712596893,0.0009814610239118338,0.01949930563569069,0.7443793416023254,0.2351398915052414
VTM-003316,DG-8a5ae1d39e37,pyroxene,2,1,0.18334181606769562,0.0005107734468765557,0.6001157760620117,0.37977033853530884,0.019603179767727852
VTM-003317,DG-0d894807161b,pyroxene,2,1,0.34609323740005493,0.030553264543414116,0.7643991708755493,0.026502760127186775,0.1785447746515274
VTM-003326,DG-0de282cf4a43,pyroxene,2,2,0.2567928433418274,0.014998948201537132,0.021932395175099373,0.8453918695449829,0.11767672747373581
VTM-003346,DG-ee78988ee792,pyroxene,2,1,0.11413708329200745,0.17813549935817719,0.47716373205184937,0.3446162939071655,8.448208245681599e-05
VTM-003349,DG-a0069817896e,pyroxene,2,2,0.15876471996307373,0.012837287038564682,0.3100607097148895,0.6719148755073547,0.0051870690658688545
VTM-003377,DG-097f1d18428b,quartz,2,2,0.05824612081050873,7.528769430109605e-08,0.014258962124586105,0.9857297539710999,1.1225977686990518e-05
VTM-003384,DG-0eb7767ce0ba,quartz,2,2,0.16700449585914612,0.0004462706274352968,0.006596043705940247,0.9722487926483154,0.02070889063179493
VTM-003389,DG-b1744c7cf0c2,quartz,2,2,0.0705750584602356,9.041308146606752e-08,0.0005565538886003196,0.9994224905967712,2.0856117771472782e-05
VTM-003394,DG-167449254eec,quartz,2,2,0.10871635377407074,4.314810212235898e-06,4.028094917885028e-05,0.9999446272850037,1.0795362868520897e-05
VTM-003416,DG-0b638c363e60,quartz,2,2,0.06385458260774612,4.183789599210286e-07,5.7609533541835845e-05,0.9999386072158813,3.3867079309857218e-06
VTM-003424,DG-7f0121f17922,quartz,2,2,0.06662170588970184,5.954058224233449e-07,2.3494274500990286e-05,0.9999696016311646,6.317810402833857e-06
VTM-003438,DG-c257f06511b6,quartz,2,2,0.10602059215307236,1.515386702521937e-05,0.03683892637491226,0.9630587697029114,8.71644660946913e-05
VTM-003473,DG-0bfd13e84a38,quartz,2,2,0.18257036805152893,0.0001910465507535264,0.0245100986212492,0.9746071100234985,0.0006917452556081116
VTM-003493,DG-52defffa941a,quartz,2,2,0.03553140535950661,6.857756034150952e-07,1.0130167993338546e-07,0.9999991655349731,6.883565273341219e-09
VTM-003497,DG-60a63d00b63c,quartz,2,2,0.22772328555583954,0.0003659226931631565,0.002424891572445631,0.9596928358078003,0.037516359239816666
VTM-003505,DG-7173d65b2ce7,quartz,2,2,0.23095645010471344,8.923588757170364e-05,0.0016659732209518552,0.9969419240951538,0.0013028582325205207
VTM-003512,DG-f9160b87266c,quartz,2,2,0.19175466895103455,0.058600835502147675,0.031228138133883476,0.9044947028160095,0.005676344968378544
VTM-003513,DG-cf3123da1ef5,quartz,2,2,0.09577879309654236,0.000292600248940289,0.004644629079848528,0.9950413703918457,2.1376357835833915e-05
VTM-003516,DG-4026c5251868,quartz,2,2,0.11170422285795212,4.0105114749167114e-05,0.007914217188954353,0.9916262626647949,0.000419358053477481
VTM-003527,DG-875a8bbe2ff4,quartz,2,2,0.06303611397743225,2.955000013571407e-07,0.005904889199882746,0.9940375089645386,5.731231067329645e-05
VTM-003549,DG-25715dcbbdb0,quartz,2,2,0.18130241334438324,1.643040195631329e-05,0.010858590714633465,0.9702995419502258,0.018825454637408257
VTM-003562,DG-537b7d49f26f,quartz,2,2,0.14194996654987335,0.01869879849255085,0.2626062035560608,0.7174272537231445,0.0012677896302193403
VTM-003566,DG-4defa7fa3a5e,quartz,2,2,0.16127900779247284,0.0016174911288544536,0.021408898755908012,0.9765219688415527,0.0004516467161010951
VTM-003567,DG-7e9e27e48328,quartz,2,2,0.17079751193523407,0.009761784225702286,0.02226727269589901,0.9619159698486328,0.006054957862943411
VTM-003569,DG-53a4f289f76f,quartz,2,2,0.10094472765922546,6.280164598138072e-06,9.209525160258636e-07,0.9999915361404419,1.3083431440463755e-06
VTM-003577,DG-22dd8e7760ba,quartz,2,2,0.050173692405223846,2.6732359970083053e-07,2.7375150239095092e-05,0.9999683499336243,4.039257873955648e-06
VTM-003593,DG-013eb48bba8e,quartz,2,2,0.18546278774738312,3.9247395761776716e-05,0.0002956480020657182,0.9996104836463928,5.4656906286254525e-05
VTM-003603,DG-90e2b90bb2ec,quartz,2,2,0.16690406203269958,9.14799384190701e-05,0.00016969649004749954,0.9995454549789429,0.00019333157979417592
VTM-003611,DG-c2f28b733e44,quartz,2,2,0.1815812736749649,0.0001379116001771763,0.03259618207812309,0.9657052755355835,0.0015606817323714495
VTM-003613,DG-4e32ba353abf,quartz,2,2,0.2406884878873825,0.00606476329267025,0.207943394780159,0.7838855385780334,0.002106325002387166
VTM-003618,DG-96498eebcd64,quartz,2,2,0.17164433002471924,6.098479570937343e-05,0.012906624935567379,0.9848857522010803,0.002146598882973194
VTM-003633,DG-70dd9e62b8ab,quartz,2,1,0.1390400528907776,0.0020310517866164446,0.694793164730072,0.3017204999923706,0.0014552850043401122
VTM-003638,DG-3f6e67869303,vesuvianite,2,2,0.2027496099472046,0.0001209351175930351,0.0034960380289703608,0.9939953088760376,0.0023876919876784086
VTM-003674,DG-4edb6d8469ab,vesuvianite,2,2,0.11272525787353516,1.6022710042307153e-05,0.0016057307366281748,0.9983590245246887,1.9205828721169382e-05
VTM-003675,DG-63275627a9ea,vesuvianite,2,2,0.11736465990543365,2.272719757456798e-05,0.008940455503761768,0.9901357889175415,0.000901010527741164
VTM-003681,DG-6ca56a4d7446,vesuvianite,2,2,0.06454768031835556,2.65725293502328e-06,0.009356390684843063,0.9906240105628967,1.6926564057939686e-05
VTM-003684,DG-9143c728f2e4,vesuvianite,2,2,0.10224342346191406,2.555910759838298e-05,0.0002668044180609286,0.9997016191482544,5.99477698415285e-06
VTM-003686,DG-f11c31142702,vesuvianite,2,1,0.19161134958267212,0.00341021828353405,0.7399658560752869,0.25427260994911194,0.0023512800689786673
VTM-003699,DG-6fc8c9dd46c2,vesuvianite,2,2,0.1653205305337906,0.012964678928256035,0.08816665410995483,0.897892951965332,0.0009757039370015264
VTM-003713,DG-9a0dffb9303d,vesuvianite,2,2,0.25104090571403503,0.016987735405564308,0.28129369020462036,0.43120986223220825,0.27050867676734924
VTM-003721,DG-450b654cca09,vesuvianite,2,3,0.14508205652236938,2.4331933673238382e-05,0.06983908265829086,0.015685252845287323,0.9144513010978699
VTM-003722,DG-36c1b91e92c4,vesuvianite,2,2,0.09901931136846542,0.00313511467538774,0.0002257752203149721,0.9965564608573914,8.2691345596686e-05
VTM-003729,DG-eae070f6d413,vesuvianite,2,2,0.18297719955444336,0.0020190568175166845,0.002715084934607148,0.994442880153656,0.0008230189559981227
VTM-003736,DG-098cd3520726,vesuvianite,2,2,0.23516549170017242,0.05074097961187363,0.03951972723007202,0.9006275534629822,0.009111706167459488
VTM-003750,DG-515956afdf20,vesuvianite,2,2,0.0741410106420517,2.3686048734816723e-05,0.0004281428409740329,0.9995458126068115,2.376040583840222e-06
VTM-003753,DG-f6d60a625935,vesuvianite,2,2,0.07294769585132599,2.4118701276165666e-06,0.00029332743724808097,0.9996973872184753,6.889989890623838e-06
VTM-003757,DG-d452f36e0df9,vesuvianite,2,2,0.08419181406497955,6.338934213090397e-07,0.00010854022548301145,0.999890148639679,6.51771017601277e-07
VTM-003767,DG-d712b95e8d03,vesuvianite,2,3,0.17226453125476837,0.00026208459166809916,0.007016918621957302,0.3417513966560364,0.6509695649147034
VTM-003774,DG-d1bfbb45f49d,vesuvianite,2,2,0.297410249710083,0.010645084083080292,0.030896000564098358,0.9489213228225708,0.00953756645321846
VTM-003781,DG-a453b1efc70f,vesuvianite,2,2,0.21068482100963593,5.816060729557648e-05,0.0010113038588315248,0.9985988140106201,0.00033171637915074825
VTM-003787,DG-a57f7ec315c0,vesuvianite,2,2,0.12716957926750183,0.00016980084183160216,0.0004707227635663003,0.9992629885673523,9.652141307014972e-05
VTM-003814,DG-947f07df57f9,vesuvianite,2,2,0.06112118065357208,4.4143993704892637e-07,2.7567106371861883e-05,0.9999697208404541,2.268610160172102e-06
VTM-003824,DG-9034054e323d,vesuvianite,2,2,0.14929762482643127,0.0007114263717085123,0.00030219636391848326,0.9988648295402527,0.00012155946023995057
VTM-003832,DG-aedfdef6c9dd,vesuvianite,2,2,0.1295052319765091,0.005012322682887316,0.03108963742852211,0.9585574865341187,0.005340564530342817
VTM-003842,DG-66ccc92610c5,vesuvianite,2,2,0.09568381309509277,0.00013213108468335122,0.0013981419615447521,0.9984602928161621,9.444922397960909e-06
VTM-003846,DG-65ee9832cb87,vesuvianite,2,2,0.09997665137052536,5.487795715453103e-05,0.002485634759068489,0.9973510503768921,0.00010841790935955942
VTM-003861,DG-4b5998612f30,vesuvianite,2,2,0.07830031961202621,4.9715483328327537e-05,0.0004902153159491718,0.9994579553604126,2.1085947992105503e-06
VTM-003863,DG-187dda875561,vesuvianite,2,2,0.08310132473707199,0.00026250368682667613,0.007209951523691416,0.9922491908073425,0.0002783128584269434
VTM-003875,DG-b9ac843632dd,vesuvianite,2,2,0.22729681432247162,0.0009493126999586821,0.0023414704483002424,0.9710468649864197,0.025662409141659737
VTM-003877,DG-591abe10bfe5,vesuvianite,2,1,0.10240332782268524,0.002280119340866804,0.9964525699615479,0.0009168515098281205,0.0003504747583065182
VTM-003926,DG-66e1a06eb335,vesuvianite,2,2,0.13185401260852814,0.00020431687880773097,0.05913347378373146,0.9402369856834412,0.0004252413928043097
VTM-003928,DG-7baf62e4bd78,vesuvianite,2,1,0.056538186967372894,0.0010709682246670127,0.6971168518066406,0.3017582595348358,5.395072003011592e-05
VTM-003935,DG-d80e49ba3f14,vesuvianite,2,2,0.08071895688772202,5.565550509345485e-06,1.8346259821555577e-05,0.9999748468399048,1.2344703463895712e-06
VTM-003946,DG-d67239230354,vesuvianite,2,2,0.1753985583782196,0.00507914274930954,0.17066214978694916,0.8233720660209656,0.000886636262293905
VTM-003954,DG-d3113b27d149,vesuvianite,2,2,0.18006031215190887,0.002019424457103014,0.0003549519751686603,0.9795281887054443,0.018097419291734695
VTM-003962,DG-c5b5257cfa3d,vesuvianite,2,2,0.06760299205780029,1.0471954965396435e-06,7.012743481027428e-06,0.999987781047821,4.1492694435874e-06
VTM-003971,DG-14f935be0016,vesuvianite,2,2,0.05597776919603348,5.916847385378787e-07,7.032209396129474e-05,0.9999275207519531,1.55183874994691e-06
VTM-003973,DG-14d7772a2cce,vesuvianite,2,2,0.0786963552236557,4.272000296623446e-05,0.0005463161505758762,0.9994045495986938,6.377533736667829e-06
VTM-004006,DG-2e79c7b33fc4,vesuvianite,2,2,0.13507217168807983,0.0011349128326401114,0.00032843826920725405,0.9980964064598083,0.00044022247311659157
VTM-004007,DG-662b18f75ed5,vesuvianite,2,2,0.18042783439159393,0.0015168478712439537,0.010869390331208706,0.9835392832756042,0.004074458498507738
VTM-004018,DG-9836822b50db,vesuvianite,2,2,0.20999762415885925,4.234300649841316e-05,0.0018040675204247236,0.9931660294532776,0.004987574648112059
VTM-004023,DG-b626d61ca459,vesuvianite,2,2,0.14670529961585999,9.908600986818783e-06,0.0025810624938458204,0.9961302876472473,0.0012787595624104142
VTM-004026,DG-59e18c2e392d,vesuvianite,2,2,0.0469374880194664,5.359203782973054e-07,6.362517524394207e-06,0.9999911189079285,1.9781421087827766e-06
VTM-004033,DG-06fa710908bb,vesuvianite,2,2,0.11854755133390427,2.9125460059731267e-05,0.0021545791532844305,0.9977510571479797,6.518433656310663e-05
VTM-004040,DG-195887bfa623,vesuvianite,2,2,0.1953400820493698,0.03200129047036171,0.013144174590706825,0.929521918296814,0.025332540273666382
VTM-004055,DG-e9120d8e1974,vesuvianite,2,1,0.10633257031440735,0.00023110597976483405,0.8589046001434326,0.140077143907547,0.0007870933623053133
VTM-004059,DG-fbac0c61b5c8,vesuvianite,2,2,0.08380654454231262,0.00023951064213179052,0.000856359547469765,0.9988736510276794,3.045510675292462e-05
VTM-004060,DG-40cc236e2a0b,vesuvianite,2,3,0.31628599762916565,0.04300716891884804,0.0714259073138237,0.3773934543132782,0.5081734657287598
VTM-004064,DG-24d450703173,vesuvianite,2,2,0.2891034483909607,0.023766860365867615,0.10422671586275101,0.8691998720169067,0.002806546865031123
VTM-004076,DG-628d38eee682,vesuvianite,2,2,0.22602680325508118,0.013539439998567104,0.19293075799942017,0.7680646181106567,0.025465207174420357
VTM-004085,DG-34684666499d,vesuvianite,2,2,0.11737445741891861,4.8301394599548075e-06,0.00023369223345071077,0.9997301697731018,3.130046752630733e-05
VTM-004102,DG-d229bb5b117b,vesuvianite,2,2,0.24546487629413605,0.33488017320632935,0.013975419104099274,0.6233181953430176,0.027826225385069847
VTM-004106,DG-293f69987720,vesuvianite,2,2,0.06480017304420471,1.090484147425741e-05,0.0543280728161335,0.9456484317779541,1.2600263289641589e-05
VTM-004108,DG-3cca43ecbc30,vesuvianite,2,1,0.16655856370925903,0.000501269765663892,0.8743546009063721,0.12463515251874924,0.0005089842015877366
VTM-004137,DG-03cb4d8280c5,chalcopyrite,3,3,0.26053404808044434,2.8338461106613977e-06,5.4267311497824267e-05,1.308582977799233e-05,0.9999298453330994
VTM-004145,DG-a5e8cf82e011,chalcopyrite,3,0,0.27442747354507446,0.9586777091026306,0.028525283560156822,0.004255292471498251,0.008541717194020748
VTM-004152,DG-b3ea3eabff40,chalcopyrite,3,3,0.270979642868042,1.4299012036644854e-05,7.613632533320924e-07,3.163875419431861e-07,0.999984622001648
VTM-004155,DG-a636b5037976,chalcopyrite,3,1,0.09972824901342392,3.989803735748865e-05,0.996441125869751,0.00012018555571557954,0.0033987979404628277
VTM-004175,DG-59972296a1e6,chalcopyrite,3,3,0.20001015067100525,0.0003409402852412313,0.4931301176548004,0.002991099376231432,0.5035378336906433
VTM-004199,DG-ffab15fd8963,chalcopyrite,3,3,0.2286376953125,0.027679385617375374,0.014032267034053802,0.005373616237193346,0.9529147148132324
VTM-004200,DG-f51e3b6143c9,chalcopyrite,3,3,0.3068886697292328,0.02220788598060608,0.00022924521181266755,0.0018799601821228862,0.9756829142570496
VTM-004201,DG-0f59261d4d4f,chalcopyrite,3,3,0.38290083408355713,0.06458155065774918,0.0001573593617649749,6.635433965129778e-05,0.9351946711540222
VTM-004207,DG-56e580b37e9f,chalcopyrite,3,3,0.19279004633426666,0.0022185249254107475,0.3301452696323395,0.009674632921814919,0.6579615473747253
VTM-004222,DG-1e0695c4192d,chalcopyrite,3,3,0.42622771859169006,0.29168277978897095,0.00039934300002641976,3.080237365793437e-05,0.7078871130943298
VTM-004224,DG-e130c8625a9a,chalcopyrite,3,3,0.27677226066589355,0.00040738913230597973,7.340855518123135e-06,0.015829799696803093,0.9837555289268494
VTM-004239,DG-7569fb280464,chalcopyrite,3,3,0.3824464976787567,0.15542441606521606,0.030669061467051506,0.31205350160598755,0.5018530488014221
VTM-004248,DG-e250671dc3de,chalcopyrite,3,3,0.5588669776916504,0.14498189091682434,0.04735163226723671,0.22265079617500305,0.5850157141685486
VTM-004254,DG-791f22659a0e,chalcopyrite,3,3,0.36837533116340637,0.00343896122649312,0.007593867834657431,0.03526219353079796,0.9537049531936646
VTM-004289,DG-1a0ff4cf7ad0,chalcopyrite,3,3,0.11947821825742722,3.18684101330291e-08,2.2285551040113205e-06,1.9417173007241217e-06,0.9999958276748657
VTM-004295,DG-e07f1c25b65b,chalcopyrite,3,3,0.32647526264190674,0.014498365111649036,0.009541111998260021,0.05432240292429924,0.9216381311416626
VTM-004300,DG-57a9dde3b5e2,chalcopyrite,3,3,0.15087567269802094,0.0003372211940586567,0.109377421438694,0.03544006124138832,0.8548453450202942
VTM-004308,DG-22eb61db09a9,chalcopyrite,3,3,0.2056809365749359,0.00019789299403782934,0.0019273359794169664,0.0009761155815795064,0.9968986511230469
VTM-004325,DG-b207741b0c14,chalcopyrite,3,0,0.14031648635864258,0.8485474586486816,0.14197324216365814,0.000375401577912271,0.009103926829993725
VTM-004337,DG-40f5e70ee74e,chalcopyrite,3,3,0.17930138111114502,7.095488854247378e-07,9.026977750181686e-06,3.411559737287462e-05,0.9999561905860901
VTM-004339,DG-df0e950690cd,chalcopyrite,3,3,0.19733856618404388,0.03794500231742859,0.0014996069949120283,4.189399987808429e-05,0.9605135321617126
VTM-004347,DG-f40746051508,chalcopyrite,3,3,0.15064619481563568,0.0001092052407329902,0.22620439529418945,0.056437186896800995,0.7172492146492004
VTM-004368,DG-190a29f63412,chalcopyrite,3,3,0.29043442010879517,1.8377360902377404e-05,0.0001803388149710372,1.3236539416539017e-05,0.9997881054878235
VTM-004370,DG-9910ec82dbc3,chalcopyrite,3,2,0.14881721138954163,3.6851658933301223e-06,0.010440688580274582,0.9791020154953003,0.010453586466610432
VTM-004390,DG-ea9c51520a5e,chalcopyrite,3,3,0.40005019307136536,0.007365241646766663,0.00928457174450159,5.9777605201816186e-05,0.9832903742790222
VTM-004398,DG-e5eea438b686,chalcopyrite,3,0,0.2738119959831238,0.6368333101272583,0.21662670373916626,0.0020624734461307526,0.14447753131389618
VTM-004412,DG-9bef6018723c,chalcopyrite,3,3,0.3825870454311371,0.0028491320554167032,0.0011222547618672252,0.003155752085149288,0.9928728342056274
VTM-004418,DG-9aae3020dd0b,chalcopyrite,3,0,0.35638901591300964,0.8071138262748718,0.0681745633482933,0.09503381699323654,0.02967781387269497
VTM-004420,DG-d531c03d0d41,chalcopyrite,3,3,0.18541263043880463,0.0003361196431796998,0.003161963075399399,0.03998779132962227,0.9565141201019287
VTM-004422,DG-379750c68c74,chalcopyrite,3,3,0.3524158000946045,0.02206706441938877,0.12940780818462372,0.06922147423028946,0.7793036699295044
VTM-004428,DG-b470b1746d67,chalcopyrite,3,0,0.30525821447372437,0.962890088558197,0.0005234918207861483,0.00010379536979598925,0.03648264706134796
VTM-004446,DG-22db508a3ee0,chalcopyrite,3,3,0.418119341135025,0.03190924972295761,0.0006136802840046585,0.00799514353275299,0.9594818949699402
VTM-004451,DG-41c292ffbe46,goethite,3,3,0.2416071742773056,1.6633006453048438e-05,2.5856243155431002e-05,0.0025254839565604925,0.9974320530891418
VTM-004465,DG-b25c7d12c261,goethite,3,3,0.42405393719673157,0.010132867842912674,0.008587229996919632,0.0022759162820875645,0.9790040254592896
VTM-004467,DG-68dfbe9fc626,goethite,3,3,0.25161227583885193,0.03043048270046711,3.894525070791133e-05,0.00023667905770707875,0.9692938923835754
VTM-004503,DG-0a825a208653,goethite,3,3,0.3300389051437378,0.0071116965264081955,0.00097447051666677,0.0067626116797327995,0.9851512312889099
VTM-004504,DG-c1aa704d2a6e,goethite,3,0,0.4683423936367035,0.8595868349075317,0.0365474596619606,0.003630907041952014,0.10023476183414459
VTM-004513,DG-b0d63e3d4115,goethite,3,0,0.2787587642669678,0.8118506669998169,0.17542366683483124,0.008799207396805286,0.00392649183049798
VTM-004524,DG-f34d4718785f,goethite,3,3,0.32531020045280457,0.004738194867968559,0.0488324910402298,0.06528569757938385,0.8811436295509338
VTM-004535,DG-c5ecc3a3de89,goethite,3,3,0.1229960173368454,3.7052786865388043e-06,0.0020832859445363283,2.381595777478651e-06,0.9979106187820435
VTM-004536,DG-cd5ac65925db,goethite,3,3,0.21959109604358673,0.00020147782925050706,0.0035050029400736094,0.03348014876246452,0.9628133773803711
VTM-004541,DG-5544322fe5dc,goethite,3,3,0.40555283427238464,0.2704285681247711,0.009252198040485382,0.0005512952920980752,0.7197679281234741
VTM-004542,DG-566bb1ba97ab,goethite,3,0,0.47765758633613586,0.6669774055480957,0.05553286150097847,0.23118552565574646,0.046304237097501755
VTM-004551,DG-790ba3916d97,goethite,3,3,0.12546592950820923,4.834062565350905e-05,2.5289857603638666e-06,0.21659138798713684,0.7833577394485474
VTM-004571,DG-e11f0c422035,goethite,3,3,0.2409978210926056,2.456065885780845e-05,1.335285651293816e-05,0.0009068570798262954,0.9990552067756653
VTM-004590,DG-82a5d3fbebab,goethite,3,3,0.2914792597293854,0.00021112282411195338,0.0022603583056479692,0.0033181309700012207,0.9942103624343872
VTM-004591,DG-9b5d4c76e13f,goethite,3,1,0.15196101367473602,9.583419569025864e-07,0.9988796710968018,0.00013211883197072893,0.0009872388327494264
VTM-004596,DG-ee811f7b2e16,goethite,3,3,0.28068867325782776,0.0002857756335288286,0.06306356191635132,0.2160908430814743,0.72055983543396
VTM-004602,DG-e3cb63300161,goethite,3,3,0.221908301115036,2.4547563953092322e-05,2.0489885628194315e-06,0.00018509039364289492,0.9997883439064026
VTM-004611,DG-a1546a58cd91,goethite,3,2,0.17056304216384888,0.00015947147039696574,0.0009021733421832323,0.5650817155838013,0.43385666608810425
VTM-004613,DG-89979111c25d,goethite,3,3,0.23608370125293732,0.000568467890843749,0.015203806571662426,0.0005449238233268261,0.9836828112602234
VTM-004619,DG-7124eccb0fa9,goethite,3,3,0.19899773597717285,0.037805743515491486,1.7182008377858438e-05,1.3003813364775851e-05,0.962164044380188
VTM-004633,DG-7551d69f7293,goethite,3,3,0.27405333518981934,6.282830872805789e-05,0.0662069097161293,0.002819285960868001,0.9309109449386597
VTM-004641,DG-863365ae316e,goethite,3,3,0.22810128331184387,3.0729563150089234e-05,0.0005261825863271952,0.05154439061880112,0.9478986859321594
VTM-004661,DG-c7e61f41eeb1,goethite,3,3,0.26082226634025574,0.0010329718934372067,0.004633797332644463,0.43784230947494507,0.556490957736969
VTM-004662,DG-ff3c831b2bc9,goethite,3,3,0.22336293756961823,0.010544020682573318,0.0011739864712581038,2.541638878028607e-06,0.9882794618606567
VTM-004680,DG-c885724d568f,goethite,3,3,0.3238427937030792,0.00010726688924478367,4.6153283619787544e-05,1.8103253751178272e-05,0.9998284578323364
VTM-004687,DG-2eded55bf079,goethite,3,3,0.3227512240409851,0.000648318266030401,0.00011495178478071466,0.0009875234682112932,0.9982492327690125
VTM-004696,DG-0c9925831678,goethite,3,3,0.2744102478027344,0.025303130969405174,2.031506119237747e-05,0.004924747161567211,0.96975177526474
VTM-004701,DG-3634551650f6,goethite,3,3,0.20374038815498352,5.860366627530311e-07,6.178913463372737e-05,2.8451246180338785e-05,0.9999091625213623
VTM-004736,DG-5065b4a871df,hematite,3,1,0.22653678059577942,0.0003042590105906129,0.9906988143920898,0.00019779855210799724,0.008799143135547638
VTM-004751,DG-3f9343259002,hematite,3,0,0.22521083056926727,0.8722022175788879,0.06283306330442429,0.01786954142153263,0.04709517955780029
VTM-004764,DG-35a355eecef9,hematite,3,3,0.44518208503723145,0.043474290519952774,0.00018848727631848305,0.001651726313866675,0.9546855688095093
VTM-004776,DG-e649d7ebea33,hematite,3,3,0.3909452557563782,0.0028799097053706646,0.002521216170862317,0.0027682087384164333,0.991830587387085
VTM-004786,DG-f3a4e0b6555c,hematite,3,3,0.3006816804409027,0.04425389692187309,0.0224774032831192,0.1528400182723999,0.7804287075996399
VTM-004795,DG-2103504c4bdb,hematite,3,3,0.20406635105609894,4.7601963160559535e-05,0.014431891031563282,0.00036978337448090315,0.9851507544517517
VTM-004806,DG-fc9524d09b95,hematite,3,2,0.23658975958824158,0.00027093375683762133,0.014382106252014637,0.9827035069465637,0.0026434778701514006
VTM-004826,DG-b7a0b5815b3e,hematite,3,3,0.34697845578193665,0.05075845867395401,0.1471613049507141,0.13972720503807068,0.662352979183197
VTM-004831,DG-a8213982e46a,hematite,3,3,0.35017693042755127,1.839220828969701e-07,5.993667286929849e-07,3.932001106932148e-07,0.9999988079071045
VTM-004849,DG-18f3860bdb05,hematite,3,3,0.17618773877620697,0.0014103243593126535,0.090174600481987,0.3129948675632477,0.5954201221466064
VTM-004859,DG-36609173255a,hematite,3,2,0.24185898900032043,0.007400489412248135,0.02518487721681595,0.9207711815834045,0.046643465757369995
VTM-004877,DG-4967513704bf,hematite,3,1,0.27222707867622375,0.027573471888899803,0.8939826488494873,0.017152441665530205,0.0612914003431797
VTM-004881,DG-9bde80e0c14c,hematite,3,1,0.05208313465118408,3.895853240010183e-07,0.9999994039535522,1.743497080042289e-07,6.613280589817805e-08
VTM-004882,DG-769f57cd2cf8,hematite,3,3,0.3466879427433014,0.4149114191532135,0.027575546875596046,0.00047716032713651657,0.5570358633995056
VTM-004883,DG-d8f9fa7c1040,hematite,3,0,0.316837340593338,0.7221954464912415,0.005079370457679033,0.006190197542309761,0.2665350139141083
VTM-004892,DG-0b02904cd2d9,hematite,3,1,0.07238094508647919,3.290435643066303e-06,0.9998970627784729,4.192193500784924e-06,9.54232455114834e-05
VTM-004893,DG-0dd74fec7b9f,hematite,3,3,0.3758237659931183,4.6997301978990436e-05,0.000734568340703845,0.0016167196445167065,0.9976017475128174
VTM-004903,DG-03ee3b4153cc,hematite,3,0,0.4615097641944885,0.9010170698165894,0.006623458582907915,0.0033790264278650284,0.08898043632507324
VTM-004907,DG-78b3d3ddbae7,hematite,3,1,0.16917301714420319,0.0008216534042730927,0.8865842819213867,0.07114934176206589,0.041444677859544754
VTM-004919,DG-f36a83941799,hematite,3,1,0.21673892438411713,0.10666485130786896,0.892663300037384,0.00036744141834788024,0.0003043298202101141
VTM-004926,DG-8097974f3dde,hematite,3,3,0.27312198281288147,0.4651515483856201,4.7261040890589356e-05,0.0008993445662781596,0.5339018106460571
VTM-004936,DG-a8b68565511e,hematite,3,2,0.1801987737417221,1.3238696737971622e-05,0.025419091805815697,0.8874509334564209,0.08711672574281693
VTM-004937,DG-ab5809dd5da8,hematite,3,2,0.287410169839859,0.006129503715783358,0.025519119575619698,0.5765734314918518,0.391777902841568
VTM-004951,DG-8c3dbde4dc22,hematite,3,3,0.3829789459705353,0.43033742904663086,0.05074215307831764,0.00802402663975954,0.5108964443206787
VTM-004954,DG-65c13edaf745,hematite,3,1,0.20033958554267883,0.23981362581253052,0.7512930631637573,0.001452858210541308,0.007440411020070314
VTM-004960,DG-4bd8424d7cae,hematite,3,2,0.1634281575679779,0.00013745557225774974,0.009730048477649689,0.9879705309867859,0.0021619373001158237
VTM-004964,DG-789f52be1e9c,hematite,3,1,0.1755402386188507,0.0007062878576107323,0.8947622179985046,0.0007541798404417932,0.10377726703882217
VTM-004965,DG-ec5605c40be2,hematite,3,2,0.2397153377532959,0.1050993949174881,0.0007439323235303164,0.817094624042511,0.07706209272146225
VTM-004978,DG-c1d8c5df3846,hematite,3,3,0.42239072918891907,0.02644249051809311,0.001673951861448586,0.007713002152740955,0.964170515537262
VTM-005011,DG-9f846ac38613,hematite,3,2,0.15486353635787964,4.801451723324135e-05,0.0009815060766413808,0.9985494613647461,0.0004210423503536731
VTM-005013,DG-004213fd6a05,hematite,3,3,0.22933055460453033,0.005542638711631298,0.38675716519355774,0.15321527421474457,0.4544849395751953
VTM-005015,DG-b8ee37c13b84,hematite,3,0,0.35092809796333313,0.6160910129547119,0.005120491608977318,0.03739028424024582,0.3413982093334198
VTM-005037,DG-254019202fdb,pyrite,3,3,0.3156946003437042,0.0013847925001755357,0.1001017838716507,0.012722090817987919,0.8857913017272949
VTM-005057,DG-99844870524b,pyrite,3,2,0.10584703832864761,1.3496468454832211e-05,8.285581134259701e-05,0.9065260887145996,0.09337756037712097
VTM-005062,DG-3c5a676ef940,pyrite,3,1,0.17061223089694977,0.000332675437675789,0.9911594986915588,2.6611987777869217e-05,0.008481196127831936
VTM-005067,DG-b4d0b6499ae1,pyrite,3,3,0.3644450902938843,0.0010895688319578767,0.022792011499404907,0.0007437635213136673,0.9753746390342712
VTM-005074,DG-e676ba76f662,pyrite,3,3,0.11466533690690994,9.98470454760536e-07,0.00772918201982975,8.220296876970679e-05,0.9921876192092896
VTM-005102,DG-2b0ce78a18cf,pyrite,3,3,0.15093928575515747,5.107357310407679e-07,0.0004899114719592035,6.91316818119958e-05,0.9994404911994934
VTM-005106,DG-edc03301ed52,pyrite,3,3,0.3732026219367981,0.026349756866693497,0.21517230570316315,0.016898883506655693,0.7415790557861328
VTM-005111,DG-c9c7f1af00da,pyrite,3,3,0.4477640986442566,0.03824968263506889,0.0002662955375853926,4.6659522922709584e-05,0.9614373445510864
VTM-005132,DG-db5c3921883f,pyrite,3,3,0.34475284814834595,0.21020986139774323,0.24326495826244354,0.043498147279024124,0.5030270218849182
VTM-005136,DG-eab6e568fca2,pyrite,3,3,0.09451901912689209,2.084274274238851e-05,0.3579326868057251,0.03913973644375801,0.6029067039489746
VTM-005139,DG-015a32b12348,pyrite,3,3,0.2857874929904938,0.0003150732663925737,0.0005122462753206491,0.00011904631537618116,0.9990536570549011
VTM-005144,DG-b447ded5a7f9,pyrite,3,3,0.26448556780815125,9.230366413248703e-05,0.00042344818939454854,2.863149802578846e-06,0.9994813799858093
VTM-005145,DG-17eb62a05995,pyrite,3,2,0.13923822343349457,0.0001769724622135982,0.0055799405090510845,0.9859415888786316,0.00830143317580223
VTM-005178,DG-2d82b0c36628,pyrite,3,1,0.3608587682247162,0.020338956266641617,0.8370448350906372,0.04714253544807434,0.09547369927167892
VTM-005182,DG-b51949e7b2e2,pyrite,3,3,0.3203541338443756,0.06076803058385849,0.0007999170338734984,0.008709109388291836,0.9297229051589966
VTM-005184,DG-20dc4e724938,pyrite,3,3,0.3380713164806366,0.04658888280391693,0.0008315581362694502,0.02499186061322689,0.9275876879692078
VTM-005189,DG-7d07d7ad37f5,pyrite,3,0,0.318232923746109,0.5231770873069763,0.31401777267456055,0.001410144497640431,0.16139504313468933
VTM-005202,DG-017a1586ac26,pyrite,3,3,0.4962153136730194,0.020618986338377,0.04175586625933647,0.2776188850402832,0.6600062847137451
VTM-005207,DG-6017bfeda9e7,pyrite,3,2,0.25936606526374817,0.0003055049164686352,0.0009451581863686442,0.9898638725280762,0.008885459043085575
VTM-005211,DG-1387f1c5cef6,pyrite,3,3,0.3192121386528015,3.1482868507737294e-05,1.098997745430097e-05,0.00013159067020751536,0.9998259544372559
VTM-005234,DG-d3b9b5d7fd7d,pyrite,3,3,0.1928863674402237,7.744695903966203e-05,0.001856766757555306,0.00017861620290204883,0.997887134552002
VTM-005241,DG-bb537794a606,pyrite,3,3,0.44900745153427124,0.0012450889917090535,0.00027067706105299294,0.00023574889928568155,0.9982484579086304
VTM-005245,DG-dcb832ddbd03,pyrite,3,3,0.16089211404323578,0.0004224676522426307,0.4029560387134552,0.07035420089960098,0.5262672901153564
VTM-005254,DG-b366a9bbbfdc,pyrite,3,2,0.17481301724910736,0.033012889325618744,0.3506483733654022,0.6113148331642151,0.00502393813803792
VTM-005263,DG-3081169c4d16,pyrite,3,3,0.218379944562912,0.00012919357686769217,1.3329187822819222e-05,0.008137058466672897,0.9917203783988953
VTM-005284,DG-1b585a59ad79,pyrite,3,3,0.23504117131233215,0.08088631927967072,0.0011765300296247005,0.45012104511260986,0.4678161144256592
VTM-005287,DG-821438e5afc8,pyrite,3,0,0.16054923832416534,0.9578081965446472,0.004182717762887478,5.55731958229444e-07,0.038008593022823334
VTM-005289,DG-2f8b0ab0f8ac,pyrite,3,3,0.33764541149139404,0.01868477649986744,0.0017063970444723964,1.4445764691117802e-06,0.9796074032783508
VTM-005304,DG-3f3ea9638ade,pyrite,3,3,0.4152974486351013,0.0004575007187668234,0.00015429849736392498,6.235570617718622e-05,0.9993258118629456
VTM-005319,DG-5e7536848ebf,pyrite,3,3,0.2464383840560913,1.7153568023786647e-06,0.00010654582001734525,0.0009851447539404035,0.9989065527915955
VTM-005323,DG-624ea6fd1a89,pyrite,3,2,0.28004202246665955,0.00021262130758259445,0.008977525867521763,0.9303770065307617,0.06043282523751259
VTM-005336,DG-3149ee858b1d,anatase,1,1,0.1585635095834732,0.006906191818416119,0.5636860728263855,0.42756131291389465,0.0018464119639247656
VTM-005346,DG-a212476f0e24,anatase,1,1,0.16832999885082245,0.00995871052145958,0.9604813456535339,0.028982853516936302,0.0005770940915681422
VTM-005361,DG-b149ba2cb086,anatase,1,1,0.2519909739494324,0.0012859621783718467,0.977081298828125,0.019669413566589355,0.0019633311312645674
VTM-005378,DG-5b021d05121c,anatase,1,3,0.12136970460414886,8.053095370996743e-06,0.02069968543946743,0.0041871764697134495,0.9751051068305969
VTM-005380,DG-f29079b5613c,anatase,1,1,0.10927706211805344,1.3817451872455422e-05,0.9999597668647766,1.7435432937418227e-06,2.4672064682818018e-05
VTM-005385,DG-2131992c4dec,anatase,1,1,0.11547264456748962,0.00060708646196872,0.9967848062515259,0.002345624379813671,0.00026244495529681444
VTM-005386,DG-9e3198cf05b8,anatase,1,1,0.21494780480861664,0.15480661392211914,0.8416423797607422,5.101337592350319e-05,0.0034999968484044075
VTM-005394,DG-213eff94626c,anatase,1,1,0.15805195271968842,0.002462684875354171,0.6918739080429077,0.29266759753227234,0.012995866127312183
VTM-005406,DG-dae8ad2f36ee,anatase,1,1,0.07401009649038315,1.5871908544795588e-05,0.9999815225601196,6.836011152699939e-07,1.8895757420978043e-06
VTM-005415,DG-f9be190cdda3,anatase,1,2,0.0652732104063034,1.8530601664679125e-05,0.11949377506971359,0.880443274974823,4.4419932237360626e-05
VTM-005417,DG-c259932f598d,anatase,1,1,0.16154628992080688,0.12494511157274246,0.873451292514801,0.00043349972111172974,0.0011700887698680162
VTM-005418,DG-08e9f2c1dfba,anatase,1,1,0.09075362235307693,2.956926891783951e-06,0.9990513324737549,0.0009386719902977347,7.04344711266458e-06
VTM-005433,DG-45f7b30a13f5,anatase,1,1,0.14149127900600433,3.520294194458984e-05,0.9638700485229492,0.03379174694418907,0.002302998909726739
VTM-005445,DG-b43ea7f3a313,anatase,1,0,0.21721115708351135,0.8625125288963318,0.07748933136463165,0.0009992435807362199,0.05899886414408684
VTM-005458,DG-50f1e9505f76,anatase,1,1,0.21548135578632355,0.0007972869789227843,0.6220448017120361,0.0002730516134761274,0.3768848478794098
VTM-005467,DG-9c63372a2b99,anatase,1,2,0.18677425384521484,7.024176738923416e-05,0.004171689506620169,0.9486410617828369,0.0471169650554657
VTM-005482,DG-659366388893,anatase,1,1,0.2190445214509964,0.03607869893312454,0.7566484808921814,0.15253876149654388,0.054734084755182266
VTM-005486,DG-05835c7394fc,anatase,1,0,0.17214526236057281,0.7557086944580078,0.24357903003692627,0.00043488925439305604,0.00027736229822039604
VTM-005489,DG-a933844c528e,anatase,1,2,0.10205435752868652,0.0061786966398358345,0.11607903987169266,0.8773812055587769,0.0003610659623518586
VTM-005494,DG-8d8a82e8221e,anatase,1,1,0.24057155847549438,0.005953081883490086,0.9666970372200012,0.025581104680895805,0.001768742105923593
VTM-005507,DG-3900464f533f,anatase,1,1,0.18171194195747375,0.00432172603905201,0.9742191433906555,0.008067184127867222,0.013391968794167042
VTM-005533,DG-12c55890ddbd,anatase,1,1,0.09221895784139633,3.2314928830601275e-05,0.9998501539230347,2.416097458990407e-06,0.00011511353659443557
VTM-005538,DG-21c371c33ed3,anatase,1,1,0.15936872363090515,3.9448928873753175e-05,0.9986833333969116,0.0012169468682259321,6.034438411006704e-05
VTM-005541,DG-437a22bd4b75,anatase,1,1,0.10685335099697113,0.000568079762160778,0.9742262959480286,0.023374173790216446,0.0018314882181584835
VTM-005544,DG-e42568faf0c1,anatase,1,1,0.3343697786331177,0.007178646977990866,0.7931591868400574,0.10419895499944687,0.09546316415071487
VTM-005545,DG-83710705536d,anatase,1,1,0.2971673309803009,0.0011412090389057994,0.9658210873603821,0.028755616396665573,0.004282089881598949
VTM-005564,DG-b6b206543214,anatase,1,1,0.15354904532432556,0.00018921941227745265,0.9995720386505127,5.253764538792893e-05,0.00018619696493260562
VTM-005572,DG-b1ac96405b6f,anatase,1,2,0.15269789099693298,0.0019121889490634203,0.4145277142524719,0.5829893350601196,0.00057071668561548
VTM-005582,DG-9396bdd17958,anatase,1,1,0.2665248215198517,0.06829796731472015,0.8537399172782898,0.06350091844797134,0.014461221173405647
VTM-005587,DG-c05ff4d0658f,anatase,1,1,0.135433629155159,5.446610157378018e-05,0.9993955492973328,0.00046267281868495047,8.73314420459792e-05
VTM-005605,DG-6b3f3aec1405,anatase,1,1,0.07630187273025513,1.5071653251652606e-05,0.9918214082717896,0.008144254796206951,1.9269562471890822e-05
VTM-005616,DG-e8f3c4a4ddbe,anatase,1,1,0.07449886202812195,2.1554185423156014e-06,0.9998807311058044,0.00011633355461526662,7.83390703418263e-07
VTM-005629,DG-ed2f2deb6fd7,anatase,1,1,0.1439809650182724,0.0005892711342312396,0.9970864057540894,0.0009645503014326096,0.0013597393408417702
VTM-005642,DG-9c94a31bbfea,anatase,1,1,0.06540515273809433,0.0026616135146468878,0.7226173877716064,0.2746826112270355,3.836051109828986e-05
VTM-005653,DG-cabec6b110ac,anatase,1,1,0.060175713151693344,3.6906201330566546e-06,0.9975518584251404,0.0024303290992975235,1.4153524716675747e-05
VTM-005654,DG-dd082813bbc6,anatase,1,1,0.12979191541671753,8.310823432111647e-06,0.9792489409446716,0.020583899691700935,0.0001588283630553633
VTM-005656,DG-1d85c0020088,anatase,1,2,0.22914470732212067,4.758239447255619e-05,0.07077489793300629,0.8722837567329407,0.05689375475049019
VTM-005669,DG-d020b472f9b0,anatase,1,0,0.17752359807491302,0.7929481267929077,0.20623637735843658,0.00017733282584231347,0.0006382244173437357
VTM-005670,DG-b4c666cef21a,anatase,1,0,0.21297352015972137,0.5160393714904785,0.11594180017709732,0.1601228564977646,0.20789602398872375
VTM-005677,DG-1756b320f36b,anatase,1,1,0.3256363570690155,0.0018483108142390847,0.5375235080718994,0.432170569896698,0.028457554057240486
VTM-005682,DG-713619ec862e,anatase,1,1,0.14692014455795288,0.0020686977077275515,0.9968225955963135,0.0010387701913714409,6.990324618527666e-05
VTM-005692,DG-fbbe7f9885cd,anatase,1,1,0.2844648063182831,0.0011691241525113583,0.5366146564483643,0.4452081322669983,0.017008094117045403
VTM-005706,DG-c6cb0c15edb5,anatase,1,1,0.12513959407806396,0.0001585239078849554,0.9992348551750183,5.9756566770374775e-05,0.0005468529998324811
VTM-005715,DG-acfc7cc85cb1,anatase,1,0,0.2860110402107239,0.4997033476829529,0.30781522393226624,0.17253626883029938,0.0199451744556427
VTM-005720,DG-acfc7cc85cb1,anatase,1,1,0.21590076386928558,0.040862902998924255,0.7232362031936646,0.22971488535404205,0.006185980513691902
VTM-005724,DG-60c8682c7d23,anatase,1,1,0.19049693644046783,0.0013107710983604193,0.9943315386772156,0.0038999984972178936,0.0004577032814268023
VTM-005744,DG-ca38cda4fae2,anatase,1,1,0.2691473960876465,0.04193625971674919,0.8358901143074036,0.0021237023174762726,0.12004999816417694
VTM-005745,DG-5c1a21b638ff,anatase,1,1,0.2583061754703522,0.21615198254585266,0.7440245747566223,0.022689172998070717,0.017134282737970352
VTM-005750,DG-49291462e044,anatase,1,1,0.10732049494981766,0.0023060967214405537,0.9740132093429565,0.02305179461836815,0.0006289023440331221
VTM-005751,DG-5d0f36bd5908,anatase,1,1,0.19992469251155853,0.006453564390540123,0.9759127497673035,0.01039926428347826,0.0072344327345490456
VTM-005767,DG-0a3e27d61744,anatase,1,2,0.20592136681079865,0.00011604944302234799,0.06819629669189453,0.764923095703125,0.1667645424604416
VTM-005770,DG-2d5c07465c62,anatase,1,1,0.13582363724708557,0.0029425316024571657,0.9966182112693787,0.0003649661666713655,7.424803334288299e-05
VTM-005776,DG-680dd5bb102e,anatase,1,1,0.10005304962396622,0.0006955762510187924,0.9984581470489502,0.0008103787549771369,3.584483783924952e-05
VTM-005778,DG-e8f5c39b1e5f,anatase,1,0,0.3045663833618164,0.9484955072402954,0.04873763397336006,0.00015580169565510005,0.002611007308587432
VTM-005784,DG-d23005e0bceb,anatase,1,1,0.08316025882959366,8.2987746282015e-05,0.9518627524375916,0.047985222190618515,6.901126471348107e-05
VTM-005799,DG-9317a8b8f2a9,anatase,1,1,0.21865949034690857,0.24023818969726562,0.7000085711479187,0.05721782147884369,0.0025354737881571054
VTM-005805,DG-eae3ed981d24,anatase,1,1,0.10155759006738663,9.546209912514314e-05,0.9372555017471313,0.06261356174945831,3.546300285961479e-05
VTM-005835,DG-0c776d0577eb,anatase,1,1,0.07581976056098938,7.534213364124298e-05,0.9313324689865112,0.06853576749563217,5.647007128573023e-05
VTM-005847,DG-0cf1f3555416,anatase,1,1,0.06465613842010498,0.0007255763048306108,0.9990584254264832,0.00020955121726728976,6.439975095418049e-06
VTM-005849,DG-da5f12e0e4a4,anatase,1,1,0.09383584558963776,1.0545891200308688e-05,0.9268922805786133,0.06018134951591492,0.012915807776153088
VTM-005854,DG-b3cd54094dcf,anatase,1,1,0.037235990166664124,5.514946721518754e-09,0.9998400807380676,4.712451755040092e-06,0.00015520186570938677
VTM-005861,DG-61d3d6c8c87c,anatase,1,1,0.1676611304283142,0.0503789521753788,0.8933391571044922,0.049343325197696686,0.006938534788787365
VTM-005866,DG-c7c48942d6ce,anatase,1,1,0.23248624801635742,0.016091197729110718,0.8384772539138794,0.06604146212339401,0.07939010113477707
VTM-005867,DG-3b43c5c2e58b,anatase,1,1,0.16723808646202087,0.00012729705485980958,0.999681830406189,9.548180241836235e-05,9.538238373352215e-05
VTM-005870,DG-97346d76139a,anatase,1,1,0.18533369898796082,0.0005300792399793863,0.9990182518959045,0.00011051657929783687,0.0003411002107895911
VTM-005880,DG-568ec803f6c9,anatase,1,1,0.14421367645263672,0.00018585604266263545,0.9997267723083496,6.888232019264251e-05,1.852001696533989e-05
VTM-005885,DG-2ae7725e28bb,anatase,1,1,0.10781260579824448,1.816302074075793e-06,0.9975640177726746,0.0020303118508309126,0.000403902173275128
VTM-005895,DG-132f044f6d46,anatase,1,1,0.04171881824731827,0.00013745189062319696,0.9998536705970764,2.0516385035307394e-08,8.850138328853063e-06
VTM-005903,DG-ae7c76abd0e7,anatase,1,1,0.11255160719156265,0.0010296517284587026,0.920396625995636,0.076346755027771,0.002226910786703229
VTM-005929,DG-481426ed9d47,anatase,1,0,0.16764500737190247,0.9327223300933838,0.06141993775963783,0.005662044044584036,0.00019568380957935005
VTM-005937,DG-4425f339563f,anatase,1,3,0.3954133987426758,0.004830101504921913,0.004853463266044855,0.002693427260965109,0.9876230359077454
VTM-005946,DG-043ac1fee3d4,anatase,1,3,0.21382910013198853,0.0003310630563646555,0.273388147354126,0.16189375519752502,0.5643869638442993
VTM-005947,DG-96bc918d08ab,anatase,1,2,0.12711505591869354,0.0002182766911573708,0.0019963718950748444,0.997644305229187,0.00014102441491559148
VTM-005950,DG-d58902e949cf,anatase,1,1,0.15469062328338623,0.20411185920238495,0.45867839455604553,0.33615642786026,0.0010533032473176718
VTM-005959,DG-2668fb757267,anatase,1,1,0.1831960380077362,0.0014578220434486866,0.9957367777824402,0.00018808567256201059,0.002617305377498269
VTM-005963,DG-84a0a194dc30,anatase,1,2,0.26476842164993286,0.005586391780525446,0.28547239303588867,0.6512812972068787,0.05765990540385246
VTM-005991,DG-37ce58f9a71b,anatase,1,2,0.21052777767181396,0.007773184217512608,0.1033899188041687,0.888192892074585,0.0006439756834879518
VTM-005998,DG-3bded29fb736,anatase,1,1,0.1623687893152237,9.758327360032126e-05,0.9997825026512146,3.199277489329688e-05,8.789319690549746e-05
VTM-006007,DG-104b2c508b47,anatase,1,1,0.18707449734210968,0.0002586959453765303,0.9956580400466919,0.0034936382435262203,0.0005896134534850717
VTM-006018,DG-c860d0248218,anatase,1,1,0.09794002771377563,0.0015943802427500486,0.9626133441925049,0.03470126539468765,0.0010910161072388291
VTM-006027,DG-39ce6d397743,anatase,1,1,0.1444557011127472,0.0012501211604103446,0.9972081780433655,0.0005927790771238506,0.0009488873183727264
VTM-006039,DG-538a5cd77f21,anatase,1,1,0.16892822086811066,9.521572792436928e-05,0.9945209622383118,0.004777317401021719,0.0006064636982046068
VTM-006040,DG-b1f45917babf,anatase,1,1,0.25674059987068176,0.001150344731286168,0.5696782469749451,0.3464852273464203,0.08268618583679199
VTM-006042,DG-ceb0192f51e1,anatase,1,1,0.07546757906675339,1.7453317013860215e-06,0.9993343353271484,0.0005259463796392083,0.0001380084577249363
VTM-006049,DG-1f15edf7d003,anatase,1,1,0.1580803096294403,0.0005699573666788638,0.9983104467391968,0.0009483981993980706,0.00017117687093559653
VTM-006051,DG-601f95d04581,anatase,1,1,0.09615305811166763,9.290226444136351e-06,0.655602216720581,0.3388466238975525,0.005541830323636532
VTM-006053,DG-d78d2dfe2bcf,anatase,1,1,0.09544433653354645,4.064693257532781e-06,0.9994404911994934,0.0005362964002415538,1.9117836927762255e-05
VTM-006078,DG-edfe25bba75f,anatase,1,1,0.16118735074996948,0.00826277770102024,0.9689575433731079,0.011199158616364002,0.011580544523894787
VTM-006082,DG-98e81feb4fe8,anatase,1,1,0.22229161858558655,0.028081191703677177,0.9423094391822815,0.02704768255352974,0.002561692614108324
VTM-006088,DG-469cddc8381b,anatase,1,1,0.12987296283245087,0.0023286426439881325,0.9925103783607483,0.005045883823186159,0.00011509700561873615
VTM-006094,DG-6a834fd64d19,anatase,1,1,0.14941203594207764,1.1427850040490739e-05,0.8613736033439636,0.13765425980091095,0.0009606884559616446
VTM-006098,DG-3ed15375e869,anatase,1,3,0.18975603580474854,0.0037617941852658987,0.4210122227668762,0.00011820904182968661,0.5751078128814697
VTM-006101,DG-34f9aa3cc4c2,anatase,1,1,0.12719684839248657,0.037409279495477676,0.6704829335212708,0.2912583351135254,0.000849483534693718
VTM-006113,DG-3ea250d09846,anatase,1,1,0.08851847052574158,0.0021318679209798574,0.949270486831665,0.04825473576784134,0.00034287478774785995
VTM-006117,DG-c10118bf2fc4,anatase,1,1,0.11154847592115402,8.86288471519947e-05,0.9981829524040222,0.0016795166302472353,4.889906267635524e-05
VTM-006143,DG-160a05e6c1b1,anatase,1,1,0.1080654039978981,0.00046941902837716043,0.9987576603889465,0.0006148146349005401,0.00015805049042683095
VTM-006149,DG-5567451d4304,anatase,1,3,0.23425787687301636,0.0003230886650271714,0.13087180256843567,0.11411625146865845,0.7546888589859009
VTM-006152,DG-addc2c073362,anatase,1,1,0.20361001789569855,0.0003205954853910953,0.4752286374568939,0.2383512556552887,0.28609946370124817
VTM-006156,DG-949d12188648,anatase,1,0,0.1929607093334198,0.8016331791877747,0.16111448407173157,0.0005754400626756251,0.03667690232396126
VTM-006157,DG-148c44f2201f,anatase,1,1,0.10306969285011292,3.572226705728099e-05,0.9998021721839905,9.124798816628754e-05,7.086381083354354e-05
VTM-006165,DG-7dec16db5cba,anatase,1,1,0.19216696918010712,0.01634504832327366,0.9820948839187622,0.0003674309700727463,0.001192613155581057
VTM-006179,DG-5d8a52bdcbe9,anatase,1,1,0.10669272392988205,5.157455234439112e-05,0.9991834163665771,0.0002720440679695457,0.0004929923452436924
VTM-006196,DG-a1043c7bb269,anatase,1,1,0.13796910643577576,1.8679462300497107e-05,0.9990078210830688,0.0005218248115852475,0.00045165076153352857
VTM-006232,DG-c2e1b49c4eab,anatase,1,1,0.1838771253824234,0.0012723647523671389,0.9100443720817566,0.04818068444728851,0.04050255939364433
VTM-006235,DG-896bfb106724,anatase,1,1,0.12109864503145218,1.7455979104852304e-05,0.9788468480110168,0.0002716519229579717,0.020864050835371017
VTM-006244,DG-87fee055cb0f,anatase,1,1,0.22096869349479675,0.0008369474671781063,0.6489061713218689,0.3031576871871948,0.04709921032190323
VTM-006252,DG-b71f7a0eedef,anatase,1,0,0.23250442743301392,0.9799801111221313,0.01862943544983864,0.00010618073429213837,0.0012842693831771612
VTM-006255,DG-457ca85147b4,anatase,1,2,0.25209203362464905,0.025495175272226334,0.044966645538806915,0.9134146571159363,0.016123497858643532
VTM-006257,DG-897610d3f51d,anatase,1,0,0.20550650358200073,0.9545203447341919,0.028976844623684883,2.2301018987036514e-07,0.016502633690834045
VTM-006285,DG-8f5c4b4d6175,anatase,1,0,0.11636631935834885,0.7690512537956238,0.1274435818195343,0.10336314141750336,0.00014205975458025932
VTM-006291,DG-02083579fa1d,anatase,1,2,0.16472922265529633,0.0016664661234244704,0.11252184212207794,0.885430097579956,0.00038161632255651057
VTM-006325,DG-d03ad24a0029,anatase,1,2,0.24066978693008423,0.06911250203847885,0.14178088307380676,0.7813246846199036,0.0077819135040044785
VTM-006346,DG-40c917b5ff36,anatase,1,1,0.13982027769088745,0.0009051087545230985,0.9726169109344482,0.000709407904651016,0.025768565014004707
VTM-006353,DG-4e8866b518a1,anatase,1,1,0.10862058401107788,0.0003153913712594658,0.9987729787826538,0.0007062475197017193,0.00020540604600682855
VTM-006361,DG-338e12f998d7,anatase,1,1,0.2465699017047882,0.057639021426439285,0.8840526938438416,0.05197460204362869,0.0063337292522192
VTM-006371,DG-2e92eedabd9c,anatase,1,1,0.10922244936227798,3.643565287347883e-05,0.9991528987884521,0.00021399551769718528,0.0005966800381429493
VTM-006409,DG-c37555994414,anatase,1,1,0.05921471118927002,9.089917512028478e-07,0.9999434947967529,2.6510948373470455e-05,2.9096045182086527e-05
VTM-006410,DG-022ae13da487,anatase,1,1,0.22175608575344086,0.05777433514595032,0.8178107142448425,0.12186538428068161,0.002549605444073677
VTM-006411,DG-aee52280e28c,anatase,1,1,0.06871573626995087,0.0028525078669190407,0.9969324469566345,0.00021432626817841083,7.477169106095971e-07
VTM-006413,DG-c1ac36574047,anatase,1,1,0.099002905189991,6.8334438765305094e-06,0.991054892539978,0.0015290080336853862,0.00740931136533618
VTM-006426,DG-d4b66708682a,anatase,1,1,0.19859696924686432,0.00901922769844532,0.9876142740249634,0.002163717756047845,0.0012028294149786234
VTM-006433,DG-803665b754b3,anatase,1,1,0.14139503240585327,0.007988546043634415,0.9912925958633423,0.0006574025028385222,6.146753003122285e-05
VTM-006447,DG-dd8018eb38c7,anatase,1,2,0.09544575214385986,0.0014256465947255492,0.08941878378391266,0.9090573787689209,9.81646662694402e-05
VTM-006457,DG-595b39e5fc32,anatase,1,1,0.13876456022262573,0.0005582363228313625,0.9985695481300354,2.465836405463051e-05,0.0008475250215269625
VTM-006501,DG-7cb6bafc6a24,anatase,1,2,0.16837218403816223,0.24881313741207123,0.05198398232460022,0.6983699202537537,0.0008329866104759276
VTM-006516,DG-23b4f9d15b43,anatase,1,1,0.2624809741973877,0.1617020070552826,0.8294587135314941,0.00036221620393916965,0.00847705639898777
VTM-006522,DG-63a0ea025e3e,perovskite,1,3,0.14613701403141022,9.204473826684989e-06,0.017019592225551605,0.09799826890230179,0.884972870349884
VTM-006531,DG-26addbb97201,perovskite,1,3,0.09591598808765411,1.1003729923686478e-05,0.16645951569080353,0.12196207791566849,0.7115674018859863
VTM-006549,DG-ee06d368012f,perovskite,1,1,0.14522412419319153,0.00038536745705641806,0.9325823187828064,8.28141492092982e-05,0.06694954633712769
VTM-006565,DG-76bdada12601,perovskite,1,1,0.11070629209280014,0.0008033929625526071,0.9983447194099426,0.0007308213971555233,0.00012109628005418926
VTM-006571,DG-28a47dc4856c,perovskite,1,1,0.04848668351769447,0.00017046484572347254,0.9713879227638245,0.02843969501554966,1.8849846128432546e-06
VTM-006572,DG-c0bbfe1a7c56,perovskite,1,0,0.3918261229991913,0.9997739195823669,0.00016807256906758994,9.633204172132537e-06,4.836345397052355e-05
VTM-006580,DG-78c669fe7d06,perovskite,1,1,0.2087315320968628,0.18639682233333588,0.47278380393981934,0.32053694128990173,0.020282456651329994
VTM-006585,DG-5ec74ad43624,perovskite,1,0,0.26694390177726746,0.9049115180969238,0.0934341549873352,0.0006884413305670023,0.000965916202403605
VTM-006587,DG-e6fd0881dbfa,perovskite,1,1,0.15860143303871155,0.0008653379627503455,0.8409546613693237,7.160807581385598e-05,0.15810838341712952
VTM-006609,DG-039a38e5cb1c,perovskite,1,1,0.23530472815036774,0.000983504462055862,0.7460497617721558,0.018813058733940125,0.23415367305278778
VTM-006610,DG-424dffb4d12f,perovskite,1,0,0.2763672173023224,0.6096657514572144,0.34976714849472046,0.0030249368865042925,0.0375421978533268
VTM-006614,DG-587b256f2ca6,perovskite,1,1,0.2225177139043808,0.0011041562538594007,0.9276847839355469,0.0456344373524189,0.02557661198079586
VTM-006624,DG-aa4dba954904,perovskite,1,1,0.18290774524211884,6.881961598992348e-05,0.9440469145774841,0.0007602520636282861,0.055123984813690186
VTM-006625,DG-76addff51c9b,perovskite,1,0,0.17113660275936127,0.9612919688224792,0.03804091736674309,2.0064078853465617e-05,0.0006470419466495514
VTM-006636,DG-a53a1c074f95,perovskite,1,1,0.05813681706786156,0.000490314036142081,0.9992298483848572,0.00027863821014761925,1.1721062946890015e-06
VTM-006640,DG-b2e0b9a9e609,perovskite,1,1,0.2871198356151581,0.0068923551589250565,0.5811969637870789,0.0034342342987656593,0.40847647190093994
VTM-006641,DG-afca5cfa2167,perovskite,1,3,0.2550852596759796,0.26294320821762085,0.2719598114490509,0.0044983453117311,0.4605986773967743
VTM-006655,DG-39398201aeb2,perovskite,1,0,0.18185187876224518,0.9975944757461548,0.0023795508313924074,1.593491469975561e-05,1.0065888091048691e-05
VTM-006659,DG-ce2da1460d7b,perovskite,1,1,0.16210225224494934,0.25495803356170654,0.7445910573005676,0.00017416173068340868,0.0002767051919363439
VTM-006661,DG-772aed270a5e,perovskite,1,2,0.09068038314580917,7.6084529609943274e-06,0.001240252167917788,0.9987415671348572,1.058414090948645e-05
VTM-006704,DG-35a61c51bf04,perovskite,1,1,0.06926325708627701,0.00012303433322813362,0.9742434024810791,0.025617802515625954,1.577157854626421e-05
VTM-006707,DG-520e790099f2,perovskite,1,1,0.1175534576177597,0.0008348367991857231,0.9815986156463623,0.017312966287136078,0.0002535638050176203
VTM-006721,DG-0fbe1b0915ad,perovskite,1,1,0.11428942531347275,0.4140928387641907,0.5839522480964661,0.001896044472232461,5.880646494915709e-05
VTM-006725,DG-83daee72ea6f,perovskite,1,0,0.20073595643043518,0.9648215770721436,0.034916575998067856,0.00019583498942665756,6.599362677661702e-05
VTM-006732,DG-06c6c341d0db,perovskite,1,1,0.02126200869679451,1.5697257822466781e-06,0.9998022317886353,0.0001962019596248865,2.6077726644757604e-08
VTM-006738,DG-1c1a3c4ef6a5,perovskite,1,1,0.0668741837143898,0.00015443915617652237,0.9998435974121094,1.4999423001427203e-06,3.970883994952601e-07
VTM-006743,DG-8c42a130c03c,perovskite,1,1,0.1765955090522766,0.06823650002479553,0.9266683459281921,0.0009687466663308442,0.004126433748751879
VTM-006749,DG-3dbaf3a5ceae,perovskite,1,1,0.2049759477376938,0.12427764385938644,0.8564547896385193,0.006892471574246883,0.012375101447105408
VTM-006758,DG-631dba844d66,perovskite,1,1,0.15568391978740692,0.0008333231671713293,0.9980262517929077,0.00037285321741364896,0.0007676378590986133
VTM-006779,DG-1774a0b0d8f9,perovskite,1,3,0.3058047890663147,0.018867135047912598,0.2756131887435913,0.037068527191877365,0.6684511303901672
VTM-006786,DG-4e3ed1ed4939,perovskite,1,0,0.21466369926929474,0.5064294934272766,0.19389379024505615,0.13221138715744019,0.16746531426906586
VTM-006825,DG-162fd13f9aa1,perovskite,1,1,0.06693768501281738,0.00022376584820449352,0.9997679591178894,6.67404765408719e-06,1.6197672039197641e-06
VTM-006832,DG-2bdc8e99e86c,perovskite,1,1,0.10097139328718185,0.0010119081707671285,0.9978471398353577,9.652117296354845e-05,0.0010444115614518523
VTM-006838,DG-86610b92c7f8,perovskite,1,1,0.06094088405370712,0.00014979446132201701,0.9997958540916443,5.4182615713216364e-05,1.8359598641382036e-07
VTM-006849,DG-b1f251cf666f,perovskite,1,2,0.12174730002880096,0.004212198778986931,0.004914002493023872,0.9904986619949341,0.00037515530129894614
VTM-006851,DG-44d70a6edaff,perovskite,1,1,0.11663194745779037,0.0263498704880476,0.9725202322006226,0.0009632421424612403,0.00016667632735334337
VTM-006853,DG-ab41a705c6a6,perovskite,1,3,0.343303918838501,0.010056493803858757,0.004138369578868151,0.0037536730524152517,0.9820514917373657
VTM-006856,DG-bcaed3d082f7,perovskite,1,1,0.06877085566520691,0.06985149532556534,0.5406220555305481,0.3894902169704437,3.626399484346621e-05
VTM-006863,DG-c7c1fd656b76,perovskite,1,1,0.11424822360277176,0.09562605619430542,0.8551908135414124,0.048648931086063385,0.0005342221120372415
VTM-006900,DG-ffe4b9e0e07f,rutile,1,2,0.286072701215744,0.015262726694345474,0.03986911475658417,0.6063157320022583,0.33855244517326355
VTM-006925,DG-2e4c5e64b2c7,rutile,1,1,0.22375339269638062,0.00019055001030210406,0.9398170709609985,0.00046599929919466376,0.05952635407447815
VTM-006932,DG-63e9c4a90251,rutile,1,1,0.13920801877975464,0.0009297543438151479,0.9984029531478882,0.0004804217896889895,0.00018692828598432243
VTM-006935,DG-e1a68ff2aa8d,rutile,1,3,0.21380329132080078,0.002257308457046747,0.005269764456897974,0.0056462716311216354,0.9868267178535461
VTM-006946,DG-7c3febbcd8b9,rutile,1,1,0.2348954826593399,0.003552414011210203,0.8382574915885925,0.1479290872812271,0.01026102527976036
VTM-006954,DG-fc34f2131065,rutile,1,1,0.1832398623228073,0.33200034499168396,0.6176504492759705,0.027492336928844452,0.022856852039694786
VTM-006958,DG-0e7cb96e3008,rutile,1,1,0.10432223975658417,3.818337972916197e-06,0.9999727606773376,1.3469861187331844e-05,9.979505193769e-06
VTM-006968,DG-3ad9d2c91d9f,rutile,1,3,0.20589902997016907,0.00223623332567513,0.19720381498336792,0.005174620077013969,0.7953853607177734
VTM-006983,DG-a7b59cae618b,rutile,1,1,0.10689422488212585,2.701636367419269e-05,0.9738641977310181,0.025688011199235916,0.0004207926685921848
VTM-006991,DG-a10644b32c6d,rutile,1,1,0.1740887463092804,0.0003280359087511897,0.9958236813545227,6.168663094285876e-05,0.00378659856505692
VTM-006996,DG-b7cf638c0421,rutile,1,1,0.11992881447076797,0.0035424253437668085,0.9963624477386475,2.8485374059528112e-05,6.661273801000789e-05
VTM-007021,DG-0cb808e4d44c,rutile,1,2,0.13466136157512665,2.8378573802001483e-07,0.04362842068076134,0.9411062598228455,0.015265006572008133
VTM-007026,DG-e3dbfb5405a7,rutile,1,2,0.29684150218963623,0.0014815130271017551,0.28540828824043274,0.5665397047996521,0.14657051861286163
VTM-007032,DG-0b8472e2b902,rutile,1,1,0.08093711733818054,0.00012590513506438583,0.9998623728752136,4.525980784819694e-06,7.2115617513190955e-06
VTM-007040,DG-b872fe4b369e,rutile,1,1,0.1749352514743805,0.0036772266030311584,0.6197284460067749,0.3750778138637543,0.0015165390213951468
VTM-007073,DG-408bf3f465f4,rutile,1,1,0.14811673760414124,1.763581531122327e-05,0.9957734942436218,0.004172187764197588,3.672262391773984e-05
VTM-007112,DG-e26d6b558205,rutile,1,1,0.13508807122707367,1.140693620982347e-05,0.9930664896965027,0.002817678265273571,0.004104402847588062
VTM-007117,DG-2a28894a69c2,rutile,1,1,0.06881581246852875,2.1174748326302506e-05,0.999914288520813,1.3476060303219128e-06,6.320020474959165e-05
VTM-007121,DG-a939f20b22e0,rutile,1,1,0.21719194948673248,0.0009913380490615964,0.8314658999443054,0.13412949442863464,0.03341328352689743
VTM-007133,DG-a8675b2a8279,rutile,1,1,0.11146646738052368,8.073510252870619e-05,0.9962587952613831,0.0036014544311910868,5.899512325413525e-05
VTM-007134,DG-d3fb009b5883,rutile,1,1,0.06379829347133636,8.03381044534035e-06,0.999538779258728,0.00033107318449765444,0.00012215747847221792
VTM-007146,DG-93e1adefaa54,rutile,1,0,0.25445568561553955,0.8438546061515808,0.14824837446212769,0.0031410756055265665,0.004755980335175991
VTM-007152,DG-07a2473666c2,rutile,1,2,0.2626689374446869,0.11942920833826065,0.21013328433036804,0.6629764437675476,0.0074610658921301365
VTM-007157,DG-52a07fdd8b0a,rutile,1,1,0.24446217715740204,0.05435958504676819,0.8662793040275574,0.033037856221199036,0.046323202550411224
VTM-007168,DG-a6848732cd54,rutile,1,1,0.1137188971042633,0.0014619233552366495,0.9980189204216003,0.00019156299822498113,0.00032764876959845424
VTM-007171,DG-6669aaaedfa6,rutile,1,1,0.07763315737247467,1.532995702291373e-05,0.999835729598999,0.0001379426394123584,1.1012604772986379e-05
VTM-007183,DG-c256eac31ccf,rutile,1,0,0.47661706805229187,0.7911716103553772,0.036753468215465546,0.00036863668356090784,0.17170630395412445
VTM-007191,DG-5799653ea8ae,rutile,1,1,0.12819992005825043,0.003161531640216708,0.9680399298667908,0.028199780732393265,0.0005987725453451276
VTM-007238,DG-f545dfed1043,rutile,1,2,0.15828225016593933,0.0049949754029512405,0.3533974289894104,0.6396848559379578,0.0019228097517043352
VTM-007245,DG-81422215b21f,rutile,1,0,0.41315776109695435,0.9295675754547119,0.025493362918496132,0.010690338909626007,0.034248776733875275
VTM-007253,DG-4cbb2583aed0,rutile,1,1,0.20955878496170044,0.0005741489585489035,0.9968631267547607,0.0014350824058055878,0.0011276473524048924
VTM-007271,DG-aa36737f32b4,rutile,1,1,0.2869926393032074,0.0068793585523962975,0.916219174861908,0.004229826387017965,0.07267165184020996
VTM-007279,DG-ddffb43ef6a6,rutile,1,2,0.16080035269260406,0.00047995540080592036,0.08290588110685349,0.9120309948921204,0.004583196714520454
VTM-007289,DG-2c4bb16b01a6,rutile,1,2,0.09056472033262253,0.0010971830924972892,0.11917125433683395,0.8797228932380676,8.674997843627352e-06
VTM-007301,DG-8384da6a9dac,rutile,1,1,0.14565886557102203,0.15770851075649261,0.8181793093681335,0.022074168547987938,0.002037973143160343
VTM-007309,DG-ca5040bd20bc,rutile,1,3,0.2782091796398163,0.002521076938137412,0.3352889120578766,0.020233921706676483,0.641956090927124
VTM-007313,DG-01602a83846e,rutile,1,0,0.16130946576595306,0.7384626269340515,0.2606438398361206,7.661053132324014e-06,0.0008858376531861722
VTM-007315,DG-df55ae0ee4f0,rutile,1,1,0.18357759714126587,0.00028837539139203727,0.9780752062797546,0.018695538863539696,0.0029409031849354506
VTM-007321,DG-4333b71779ff,rutile,1,1,0.14588139951229095,0.0035287460777908564,0.9949135184288025,0.0012087048962712288,0.0003490410454105586
VTM-007334,DG-1f7816fb0f97,rutile,1,3,0.41657474637031555,0.17534871399402618,0.18002833425998688,0.01072651706635952,0.6338964104652405
VTM-007335,DG-7c2d016f2e95,rutile,1,1,0.17802314460277557,0.0005004574195481837,0.9672618508338928,0.003278217511251569,0.028959453105926514
VTM-007340,DG-c775bdf1d201,rutile,1,1,0.27404576539993286,0.0012417754624038935,0.9881693720817566,0.0002673691778909415,0.010321492329239845
VTM-007344,DG-ed49674b7d31,rutile,1,1,0.1257505714893341,0.00036204064963385463,0.9989931583404541,2.931649396487046e-05,0.0006155109731480479
VTM-007346,DG-ca63711475f6,rutile,1,1,0.3053540289402008,0.0005859538214281201,0.9496979713439941,0.002923478139564395,0.04679258167743683
VTM-007348,DG-39597209e51d,rutile,1,1,0.13391892611980438,4.9468832003185526e-05,0.9966984391212463,0.0022427793592214584,0.0010093156015500426
VTM-007385,DG-4897059f854c,rutile,1,1,0.12413017451763153,0.0008444305276498199,0.999133288860321,1.3855829820386134e-05,8.415009688178543e-06
VTM-007400,DG-45eba17851f1,rutile,1,1,0.1062343567609787,0.10369174182415009,0.5904215574264526,0.3057239055633545,0.00016282006981782615
VTM-007401,DG-0044119f3863,rutile,1,1,0.26552698016166687,0.1623113453388214,0.8262880444526672,0.007700132671743631,0.003700492437928915
VTM-007413,DG-ea718fbcfed5,rutile,1,0,0.34394916892051697,0.7820876836776733,0.1319737285375595,0.00038126547588035464,0.08555731177330017
VTM-007431,DG-be7118adc888,rutile,1,3,0.4179283678531647,0.007498550228774548,0.3240269422531128,0.03171660751104355,0.6367579102516174
VTM-007440,DG-d204ab09731c,rutile,1,1,0.1494417041540146,0.02008924074470997,0.8426860570907593,0.006430868059396744,0.13079378008842468
VTM-007450,DG-42859d31b2ee,rutile,1,2,0.19203796982765198,1.9299041014164686e-05,0.003446226939558983,0.9905341267585754,0.006000356283038855
VTM-007469,DG-352ed7bda653,rutile,1,1,0.25601089000701904,0.0020891493186354637,0.9201663732528687,0.050920937210321426,0.02682357281446457
VTM-007471,DG-8abf3b75f366,rutile,1,1,0.12194247543811798,3.9504044252680615e-05,0.999915599822998,1.8080774680129252e-05,2.6815316232386976e-05
VTM-007472,DG-0144f325e475,rutile,1,2,0.22743606567382812,0.16861186921596527,0.0011794962920248508,0.8288084268569946,0.0014001736417412758
VTM-007496,DG-54f100935459,rutile,1,1,0.14282241463661194,2.2875679860590026e-05,0.9998874068260193,3.3562439057277516e-05,5.612536915577948e-05
VTM-007497,DG-168f545ece85,rutile,1,2,0.1834782212972641,6.794567889301106e-05,0.0767410397529602,0.8952600955963135,0.027930906042456627
VTM-007509,DG-925dc8d0a56c,rutile,1,1,0.14206646382808685,6.955183926038444e-05,0.9995138049125671,5.7559085689717904e-05,0.0003590666747186333
VTM-007512,DG-fea175dbfc71,rutile,1,1,0.11466845124959946,0.0005400005029514432,0.9543958902359009,0.04489901661872864,0.0001650718186283484
VTM-007519,DG-0815b6a19d0f,rutile,1,1,0.15535005927085876,0.0031525057274848223,0.9003377556800842,0.09206177294254303,0.0044479998759925365
VTM-007535,DG-db26d01eeb40,rutile,1,1,0.07053964585065842,6.069997198210331e-06,0.9999805688858032,1.0058830412162933e-05,3.2574785109318327e-06
VTM-007542,DG-161b7757dac5,rutile,1,1,0.10850871354341507,0.00024276146723423153,0.9994255900382996,2.73354999080766e-05,0.00030433034407906234
VTM-007546,DG-2b98513691d0,rutile,1,1,0.18202833831310272,0.00294510624371469,0.9780654311180115,0.016408149152994156,0.0025813390966504812
VTM-007548,DG-99bf52c0dc86,rutile,1,1,0.22352473437786102,0.002065780106931925,0.8888742923736572,0.02179684117436409,0.08726309984922409
VTM-007563,DG-38da1b311950,rutile,1,1,0.11633314192295074,1.9716395399882458e-05,0.9989766478538513,0.0008821439114399254,0.00012148435052949935
VTM-007566,DG-0e21269d2000,rutile,1,1,0.17847147583961487,0.0015771135222166777,0.974220335483551,0.0004314180405344814,0.023771129548549652
VTM-007571,DG-07e454f9029d,rutile,1,2,0.07274860888719559,0.001706972368992865,0.14861992001533508,0.8484348058700562,0.001238316181115806
VTM-007583,DG-b98be2ccb042,rutile,1,1,0.12755733728408813,0.0001456122554372996,0.9756982922554016,0.023555200546979904,0.0006009138887748122
VTM-007590,DG-c818734dcd10,rutile,1,1,0.23866644501686096,0.004402701742947102,0.990867555141449,2.0410412616911344e-05,0.004709311295300722
VTM-007591,DG-cd6dbe9adde8,rutile,1,1,0.2788228690624237,0.013933971524238586,0.7284460067749023,0.08535992354154587,0.17226015031337738
VTM-007613,DG-f744beb6169c,rutile,1,1,0.22431664168834686,0.005423410329967737,0.9879342913627625,0.003356520552188158,0.003285815240815282
VTM-007616,DG-461954f116bf,rutile,1,1,0.17573469877243042,0.0012117952574044466,0.9958993196487427,0.0006386531749740243,0.0022502539213746786
VTM-007620,DG-a8242b078ae2,rutile,1,1,0.131208598613739,0.002652917057275772,0.9807450771331787,0.012226003222167492,0.004376040771603584
VTM-007627,DG-b70b0c99c4c8,rutile,1,1,0.15656866133213043,0.0018723926041275263,0.5233013033866882,0.47224411368370056,0.0025821507442742586
VTM-007629,DG-d6e94e89c8d7,rutile,1,1,0.04338540509343147,4.823305971513037e-06,0.9999948740005493,2.366862901226341e-07,7.930245260467927e-08
VTM-007640,DG-07082b3b06b9,rutile,1,1,0.21342960000038147,0.0638580322265625,0.9078857898712158,0.0003792875213548541,0.027876868844032288
VTM-007644,DG-3d5b6b8733d7,rutile,1,1,0.21039190888404846,0.009045584127306938,0.8556464910507202,0.0024372341576963663,0.1328706294298172
VTM-007652,DG-0a8eef444122,rutile,1,1,0.20066940784454346,0.0013346528867259622,0.9619926810264587,0.031218979507684708,0.005453683435916901
VTM-007655,DG-f007265677a2,rutile,1,1,0.18832142651081085,0.0002560931025072932,0.9985650181770325,0.0003589909174479544,0.0008199127623811364
VTM-007657,DG-c08dc9127d8d,rutile,1,1,0.09677135944366455,0.0001982672984013334,0.790646493434906,0.2089250236749649,0.00023024005349725485
VTM-007671,DG-4e7f422eadf7,rutile,1,1,0.08752181380987167,4.5900887926109135e-06,0.9970813989639282,0.002496222499758005,0.0004177551600150764
VTM-007679,DG-e1153de13325,rutile,1,1,0.09639177471399307,2.5922988697857363e-06,0.9760496616363525,0.02374524064362049,0.00020256305288057774
VTM-007681,DG-f75ab0ccf62c,rutile,1,3,0.30096375942230225,0.0027681186329573393,0.1988772749900818,0.008101972751319408,0.790252685546875
VTM-007686,DG-64a76619aea6,rutile,1,1,0.2474379539489746,0.0010527585400268435,0.9859422445297241,0.012538422830402851,0.00046651565935462713
VTM-007693,DG-dd1ac453b0e3,rutile,1,0,0.3468039631843567,0.884211540222168,0.08985218405723572,0.0004489498387556523,0.025487346574664116
VTM-007697,DG-f5c6896e9b4b,rutile,1,1,0.136648491024971,0.0001264564343728125,0.9938279986381531,0.005976817104965448,6.87313440721482e-05
VTM-007707,DG-f0ea92e86f33,rutile,1,1,0.1264777034521103,0.010494209825992584,0.9570099115371704,0.03218373656272888,0.0003120804612990469
VTM-007737,DG-2772a0787aac,rutile,1,2,0.3172999620437622,0.008367735892534256,0.3516259491443634,0.522260308265686,0.11774595826864243
VTM-007740,DG-bc7d543fae0b,rutile,1,1,0.03600277006626129,9.833896001509856e-06,0.9999891519546509,1.033913463288627e-06,1.113529801699542e-08
VTM-007746,DG-fff3aa7f9365,rutile,1,1,0.13527438044548035,1.527690801594872e-05,0.9999645352363586,1.5092189642018639e-05,5.139285349287093e-06
VTM-007747,DG-e705e3ff61f9,rutile,1,1,0.11933084577322006,0.003769013099372387,0.9920002818107605,0.004061930812895298,0.00016874601715244353
VTM-007755,DG-944f33f66490,rutile,1,1,0.15901896357536316,0.0009625588427297771,0.9937244057655334,0.0037078040186315775,0.0016051569255068898
VTM-007780,DG-7dbfd0834471,rutile,1,1,0.09849908202886581,1.4435938282986172e-05,0.9995985627174377,0.00028641227982006967,0.00010063010267913342
VTM-007789,DG-a384b18b1c1f,rutile,1,1,0.11964684724807739,1.4514656868414022e-05,0.9651002883911133,0.03325176611542702,0.0016334076644852757
VTM-007797,DG-be3486c6c842,rutile,1,1,0.18472549319267273,0.004117422271519899,0.9885482788085938,0.0060427747666835785,0.0012914990074932575
VTM-007801,DG-749462d8666f,rutile,1,1,0.2887791693210602,0.10796696692705154,0.7695616483688354,0.09159386903047562,0.030877528712153435
VTM-007802,DG-c8a6002dd126,rutile,1,1,0.14015449583530426,0.00034841688466258347,0.9667524695396423,0.03226244077086449,0.0006366330198943615
VTM-007807,DG-ccb009827c69,rutile,1,1,0.25614407658576965,0.002076108241453767,0.7715763449668884,0.1910097897052765,0.03533777594566345
VTM-007841,DG-0960bad16888,rutile,1,1,0.13219845294952393,9.961258911062032e-06,0.9980960488319397,0.0003891565138474107,0.0015047851484268904
VTM-007859,DG-6e70a4248338,rutile,1,0,0.43495267629623413,0.9488938450813293,0.008204314857721329,0.006777046713978052,0.03612477704882622
VTM-007868,DG-a2f920f286aa,rutile,1,0,0.1874491423368454,0.9990982413291931,0.0007157978252507746,1.2300323760428e-05,0.00017366684915032238
VTM-007869,DG-15c82cedfefa,rutile,1,3,0.33345821499824524,0.041704658418893814,0.09222910553216934,0.025097103789448738,0.8409690856933594
VTM-007872,DG-ff363c9f0846,rutile,1,1,0.12138605862855911,7.650821498828009e-05,0.999118983745575,0.0005921413539908826,0.00021233674488030374
VTM-007888,DG-aacf04d2a8ae,rutile,1,1,0.18086738884449005,0.022885438054800034,0.9750259518623352,0.00033622700721025467,0.0017523618880659342
VTM-007902,DG-f7d8a9a398f7,rutile,1,1,0.0956951379776001,6.381993443937972e-05,0.9997918605804443,7.831050425011199e-06,0.00013644321006722748
VTM-007904,DG-92edea4b7ce2,rutile,1,1,0.1364925056695938,7.211090178316226e-06,0.9987974762916565,0.0004009610565844923,0.0007943119271658361
VTM-007911,DG-eee09062d05e,rutile,1,1,0.260071724653244,0.01866156794130802,0.8167873024940491,0.0819801539182663,0.08257091045379639
VTM-007922,DG-0d7754f7d499,rutile,1,1,0.103464275598526,0.0024986641947180033,0.9559488892555237,0.04154324531555176,9.225196663464885e-06
VTM-007934,DG-454db376da74,rutile,1,1,0.16655413806438446,0.2939833402633667,0.6994324326515198,0.0027214910369366407,0.003862770041450858
VTM-007936,DG-6c0996576299,rutile,1,1,0.1325709968805313,0.002486369339749217,0.9276238083839417,0.0697721317410469,0.00011769720003940165
VTM-007948,DG-8ac7084e6971,rutile,1,1,0.12809006869792938,1.2400059858919121e-05,0.9976880550384521,0.0012492426903918386,0.0010503189405426383
VTM-007950,DG-f7c6df6839b5,rutile,1,1,0.24015961587429047,0.00017187900084536523,0.9231334328651428,0.03918394446372986,0.03751075640320778
VTM-007964,DG-13b289d67ee7,rutile,1,1,0.14642642438411713,0.0003759560058824718,0.9885293841362,0.010416572913527489,0.0006780540570616722
VTM-007982,DG-4b7aa1790ccb,rutile,1,0,0.19718050956726074,0.882834792137146,0.07993229478597641,0.03142114356160164,0.005811776500195265
VTM-007985,DG-a1436822c297,rutile,1,1,0.08713829517364502,5.471468284667935e-06,0.9917716979980469,0.0080443499609828,0.00017853315512184054
VTM-007987,DG-893cead3977a,rutile,1,1,0.1793733835220337,0.02096668630838394,0.8935714364051819,0.06187296286225319,0.02358887903392315
VTM-007990,DG-4c3c3495fd64,rutile,1,2,0.13620896637439728,0.0013055268209427595,0.14576607942581177,0.8522040843963623,0.0007243232685141265
VTM-008005,DG-6274573a2579,rutile,1,1,0.12898088991641998,0.00014950679906178266,0.9967383742332458,0.0010171455796808004,0.0020949130412191153
VTM-008011,DG-638742f0968e,rutile,1,0,0.33101487159729004,0.8097236752510071,0.13462552428245544,0.025837386026978493,0.029813405126333237
VTM-008014,DG-c400f4826287,rutile,1,2,0.22408989071846008,0.0019920077174901962,0.27447134256362915,0.679753839969635,0.043782804161310196
VTM-008016,DG-1f165c2aafa1,rutile,1,3,0.3178037405014038,0.01462614256888628,0.1800205111503601,0.0025047422386705875,0.8028486371040344
VTM-008018,DG-2e6dca4e47d4,rutile,1,1,0.06599495559930801,5.494883953360841e-05,0.9998621344566345,1.19979677037918e-06,8.173962851287797e-05
VTM-008034,DG-60a8e8e0cdf8,rutile,1,1,0.10316770523786545,0.018934465944767,0.9805338382720947,0.0005009080050513148,3.083020419580862e-05
VTM-008038,DG-07cbd71a0865,rutile,1,1,0.12304740399122238,0.3991774618625641,0.5975807905197144,0.003159769345074892,8.194905967684463e-05
VTM-008039,DG-2659e17e7594,rutile,1,2,0.06351356953382492,8.07655233074911e-05,0.07976754754781723,0.9191688299179077,0.0009828251786530018
VTM-008040,DG-116e3855c7b9,rutile,1,0,0.1778964102268219,0.987275242805481,0.008491195738315582,0.004214426968246698,1.9190905732102692e-05
VTM-008041,DG-9f9b1a014ec5,rutile,1,0,0.33065226674079895,0.9151503443717957,0.006272672675549984,0.001474837539717555,0.0771021768450737
VTM-008065,DG-c1fe557dee1e,rutile,1,1,0.1471003293991089,0.0004715537070296705,0.9176945090293884,0.08135496079921722,0.0004789674421772361
VTM-008073,DG-1b817da01ddf,rutile,1,1,0.18675494194030762,0.016420481726527214,0.9730828404426575,0.009779020212590694,0.0007176785729825497
VTM-008076,DG-44eef5fae25f,rutile,1,1,0.1401565670967102,0.029164280742406845,0.9701935648918152,0.0006058526923879981,3.634603490354493e-05
VTM-008087,DG-c775a3ec9c79,rutile,1,3,0.2763061821460724,0.08230166137218475,0.261052668094635,0.03019515797495842,0.6264505386352539
VTM-008100,DG-8e1cc3ce55a3,rutile,1,1,0.13797500729560852,0.00026116048684343696,0.9417768716812134,0.0577269122004509,0.0002350942959310487
VTM-008103,DG-178878878760,rutile,1,1,0.14053118228912354,3.9381229726132005e-05,0.9996271729469299,0.00030158893787302077,3.1917490559862927e-05
VTM-008127,DG-5b2d2bc5deb3,rutile,1,1,0.08747229725122452,0.00024232553550973535,0.8163888454437256,0.17969338595867157,0.003675417974591255
VTM-008128,DG-878648e84483,rutile,1,2,0.11314567923545837,8.977913239505142e-07,0.004572876263409853,0.9953556656837463,7.060086500132456e-05
VTM-008152,DG-4bf70d177966,rutile,1,1,0.2199750542640686,0.0041636209934949875,0.9808763265609741,0.00603925995528698,0.008920791558921337
VTM-008191,DG-4bb2ff503620,rutile,1,1,0.17178496718406677,0.21765320003032684,0.780950665473938,0.0012683882378041744,0.00012778527161572129
VTM-008205,DG-c68fd3c56ba9,rutile,1,1,0.19417180120944977,0.000168099271832034,0.998386800289154,0.0012651699362322688,0.00017996308451984078
VTM-008228,DG-b432c40d4a17,rutile,1,1,0.3901183009147644,0.2671889364719391,0.46673110127449036,0.005771004129201174,0.2603089511394501
VTM-008247,DG-67d6603c8b74,rutile,1,0,0.42571714520454407,0.8597606420516968,0.0009013405069708824,0.13392792642116547,0.0054100737906992435
VTM-008250,DG-c8fa3dd2aad8,rutile,1,1,0.19664594531059265,0.01165139302611351,0.5013417601585388,0.37879711389541626,0.1082097515463829
VTM-008254,DG-e574ec894d99,rutile,1,1,0.20390436053276062,0.016885047778487206,0.9804317355155945,0.0016524194506928325,0.0010308102937415242
VTM-008259,DG-0000aadff800,titanite,1,3,0.2488820105791092,0.07790695130825043,0.07840954512357712,0.07331938296556473,0.7703641057014465
VTM-008263,DG-b4411174c5c2,titanite,1,1,0.2531789243221283,0.09676849097013474,0.8220832347869873,0.04018913581967354,0.04095911234617233
VTM-008273,DG-4b55fbcc34db,titanite,1,1,0.10338055342435837,2.948017390735913e-05,0.9893975257873535,0.010294243693351746,0.00027878000400960445
VTM-008274,DG-81b6a2c402c7,titanite,1,2,0.3310999870300293,0.033511124551296234,0.34247496724128723,0.36709296703338623,0.2569209039211273
VTM-008283,DG-25977fd79355,titanite,1,0,0.2116352617740631,0.8135367631912231,0.1150662750005722,0.03798803687095642,0.03340896964073181
VTM-008304,DG-7b2505b11a8c,titanite,1,2,0.24342885613441467,0.0005268978420644999,0.07959552109241486,0.9159475564956665,0.003930038306862116
VTM-008345,DG-7a386c652497,titanite,1,1,0.13635428249835968,0.0004621066036634147,0.8945428729057312,0.02079087495803833,0.08420411497354507
VTM-008347,DG-6455fda523c2,titanite,1,1,0.07638338953256607,0.0005446918657980859,0.9985920786857605,0.0008503389544785023,1.2904651157441549e-05
VTM-008348,DG-5a41bafd6b8a,titanite,1,1,0.10214180499315262,0.00018301693489775062,0.9808298945426941,0.01385585404932499,0.005131276790052652
VTM-008363,DG-99a82fc55364,titanite,1,1,0.08603603392839432,0.0020693668629974127,0.9713819622993469,0.0035541553515940905,0.022994456812739372
VTM-008368,DG-ed224ebac022,titanite,1,1,0.15103495121002197,0.00011035483476007357,0.9272881150245667,0.040581896901130676,0.03201967477798462
VTM-008385,DG-7443ab537df4,titanite,1,2,0.294561505317688,0.0013966067926958203,0.01794307865202427,0.9761070013046265,0.004553287290036678
VTM-008387,DG-0567564d711c,titanite,1,2,0.1455172449350357,0.0007698878762312233,0.1133081391453743,0.8842964768409729,0.0016254333313554525
VTM-008391,DG-e20ada6ff2fb,titanite,1,2,0.17139418423175812,0.02734450437128544,0.28239014744758606,0.6876221299171448,0.002643232000991702
VTM-008396,DG-7264b05a2cd3,titanite,1,1,0.09245673567056656,0.0003246144042350352,0.5727304816246033,0.4263809323310852,0.0005639558658003807
VTM-008398,DG-903f66f4e2a6,titanite,1,1,0.05914313718676567,0.00010724383173510432,0.9996817708015442,0.0002103053848259151,6.421041121029702e-07
VTM-008399,DG-897b6c22dfc6,titanite,1,1,0.09000904113054276,0.0013974623288959265,0.8731074333190918,0.12547732889652252,1.7798334738472477e-05
VTM-008416,DG-06fcc5cb4e9e,titanite,1,1,0.12777701020240784,0.0021352621261030436,0.7341219782829285,0.26357385516166687,0.0001688827614998445
VTM-008419,DG-d069c0d46a7a,titanite,1,2,0.16470244526863098,0.0008543275762349367,0.061401695013046265,0.9368069767951965,0.0009369750623591244
VTM-008449,DG-1caad0f05cb2,titanite,1,1,0.17625455558300018,0.00021673744777217507,0.9981764554977417,0.0005251773982308805,0.0010816541034728289
VTM-008459,DG-a4f09cf94b67,titanite,1,1,0.1560388207435608,0.003774241777136922,0.9700116515159607,0.025865809991955757,0.0003483436012174934
VTM-008466,DG-b35e864c1165,titanite,1,1,0.19017519056797028,0.019185835495591164,0.5626413822174072,0.41445204615592957,0.0037207736168056726
VTM-008479,DG-9ccfb599fd77,titanite,1,2,0.1305137723684311,6.890157965244725e-05,0.4675062596797943,0.5163814425468445,0.01604337804019451
VTM-008482,DG-1fffaf6ae75b,titanite,1,1,0.2910653054714203,0.01233619637787342,0.8939343690872192,0.08093655854463577,0.012792885303497314
VTM-008491,DG-af7f9e0b3a59,titanite,1,1,0.20645210146903992,0.002530061872676015,0.7733626961708069,0.22301940619945526,0.001087839831598103
VTM-008499,DG-9ed843508094,titanite,1,1,0.1615167260169983,0.10704115033149719,0.7026941180229187,0.18631590902805328,0.003948830999433994
VTM-008511,DG-38b189947097,titanite,1,0,0.3866865634918213,0.9737548828125,0.00153118628077209,0.01480333972722292,0.009910616092383862
VTM-008517,DG-8b44899247eb,titanite,1,0,0.17695018649101257,0.949678361415863,0.03049992024898529,0.019082143902778625,0.0007395758875645697
VTM-008520,DG-cc289f754191,titanite,1,0,0.33488792181015015,0.7440339922904968,0.22702333331108093,0.019294660538434982,0.009647996164858341
VTM-008546,DG-f56dc1bdd66d,titanite,1,2,0.049663644284009933,2.4947841666289605e-05,0.005650795996189117,0.9943212270736694,3.033940629393328e-06
VTM-008557,DG-af2db7871b5d,titanite,1,1,0.2386254370212555,0.012893736362457275,0.9238387942314148,0.0007707609911449254,0.06249663978815079
VTM-008565,DG-cdf94a34139b,titanite,1,1,0.15157319605350494,0.19991904497146606,0.7902022004127502,0.009493489749729633,0.0003851931542158127
VTM-008572,DG-fd68011a9df0,titanite,1,1,0.22262513637542725,0.025528017431497574,0.760662317276001,0.16897235810756683,0.04483727738261223
VTM-008575,DG-efd1431d078a,titanite,1,0,0.13791155815124512,0.9424449801445007,0.057191405445337296,2.0376815882627852e-05,0.00034326082095503807
VTM-008592,DG-ac439782958b,titanite,1,2,0.02673984318971634,0.00010312978702131659,0.014939948916435242,0.9849568009376526,9.699489567083219e-08
VTM-008601,DG-deb465c57e11,titanite,1,2,0.20067322254180908,0.18091334402561188,0.01337529718875885,0.8031579256057739,0.0025534657761454582
