image_id,split_group_id,mineral_label,true_class_id,predicted_class_id,gate,prob_0,prob_1,prob_2,prob_3
VTM-000013,DG-6fe0031f6ce0,ilmenite,0,1,0.3324212431907654,0.06483443826436996,0.8536081314086914,0.08141236752271652,0.000145043755765073
VTM-000018,DG-43315a4123ba,ilmenite,0,3,0.43308237195014954,0.40497010946273804,0.06264092028141022,0.11320505291223526,0.4191839098930359
VTM-000039,DG-3cf624d4ada7,ilmenite,0,0,0.20579750835895538,0.890209972858429,0.03270572051405907,0.07517322152853012,0.001911118975840509
VTM-000042,DG-dd60957cc98f,ilmenite,0,3,0.5123348236083984,0.005233845207840204,0.0011777286417782307,0.02460145391523838,0.9689869284629822
VTM-000048,DG-0f8409a21a22,ilmenite,0,1,0.1908186972141266,0.0007785216439515352,0.9991862177848816,9.31212525756564e-06,2.597204365883954e-05
VTM-000073,DG-84bf0036b89d,ilmenite,0,0,0.270057737827301,0.8216468095779419,0.16862449049949646,0.0022481721825897694,0.0074805268086493015
VTM-000085,DG-7abf9c44f08e,ilmenite,0,0,0.24531129002571106,0.9544875025749207,0.0030154422856867313,0.039822664111852646,0.0026743693742901087
VTM-000095,DG-96eee34c08c3,ilmenite,0,0,0.22606469690799713,0.7600783705711365,0.2088877260684967,0.0006123558268882334,0.03042144700884819
VTM-000101,DG-3819820fd404,ilmenite,0,0,0.1375669240951538,0.9999339580535889,1.5279130820999853e-05,2.3047591639624443e-06,4.842746784561314e-05
VTM-000113,DG-e8234023ec6d,ilmenite,0,0,0.11212366074323654,0.9993816614151001,5.793478067062097e-06,3.581190810564294e-07,0.000612173171248287
VTM-000114,DG-fc3a66d13a58,ilmenite,0,0,0.1816491186618805,0.9996946454048157,4.256007741787471e-06,6.517208106515682e-08,0.00030101847369223833
VTM-000129,DG-70edfcef8486,ilmenite,0,3,0.5407019257545471,0.4041672945022583,0.0009814014192670584,0.04328431934118271,0.5515669584274292
VTM-000134,DG-93503f79d4d9,ilmenite,0,0,0.24451062083244324,0.9846522808074951,0.014286832883954048,0.00014226492203306407,0.0009185610106214881
VTM-000138,DG-6cfde0785f0c,ilmenite,0,1,0.14255239069461823,0.3025212287902832,0.6974131464958191,3.7156592043174896e-06,6.190886779222637e-05
VTM-000142,DG-6f8fb1c77e4c,ilmenite,0,3,0.3853379487991333,0.02871946059167385,0.002275958890095353,0.25529834628105164,0.7137061953544617
VTM-000152,DG-03a3f84a104f,ilmenite,0,2,0.45498019456863403,0.10756497085094452,0.006581520661711693,0.8656227588653564,0.0202307291328907
VTM-000169,DG-882efade704c,ilmenite,0,0,0.17835119366645813,0.999854564666748,0.00012456900731194764,3.3341477774229134e-06,1.7502796254120767e-05
VTM-000180,DG-697e51ad4956,ilmenite,0,1,0.40516647696495056,0.011103064753115177,0.602108895778656,0.3693503141403198,0.017437711358070374
VTM-000192,DG-367f67f123bc,ilmenite,0,3,0.45107191801071167,0.0034638887736946344,0.20421957969665527,0.032822586596012115,0.7594939470291138
VTM-000205,DG-f238da749e97,ilmenite,0,2,0.5669108629226685,0.001192810945212841,0.0024978816509246826,0.7896819710731506,0.20662735402584076
VTM-000216,DG-89f8774a7c9a,ilmenite,0,1,0.20511050522327423,0.05649834871292114,0.941558301448822,0.0018194435397163033,0.00012389302719384432
VTM-000224,DG-c28cd4195bb9,ilmenite,0,3,0.7538902759552002,0.00014146343164611608,0.0007000229088589549,0.0002233841660199687,0.9989351034164429
VTM-000233,DG-32c842af1cd2,ilmenite,0,0,0.21088479459285736,0.8238867521286011,0.1721927523612976,0.0007765147020108998,0.0031439336016774178
VTM-000244,DG-ba95ac85aaaa,ilmenite,0,1,0.4340879023075104,0.016942761838436127,0.6706112027168274,0.3055787980556488,0.006867285817861557
VTM-000258,DG-795a8bc1fa12,ilmenite,0,3,0.4333907961845398,0.2680796980857849,0.00580213125795126,0.0001128018120652996,0.7260054349899292
VTM-000261,DG-e311be893061,ilmenite,0,0,0.24261511862277985,0.9798072576522827,0.008424180559813976,0.0026894407346844673,0.009079111739993095
VTM-000268,DG-ffc518265518,ilmenite,0,0,0.32806268334388733,0.6217046976089478,0.35549917817115784,0.00034339752164669335,0.022452691569924355
VTM-000276,DG-a8354183856e,ilmenite,0,0,0.2297620326280594,0.9421564340591431,0.05446498841047287,7.270208243426168e-06,0.003371249418705702
VTM-000281,DG-84fcc1d3f52a,ilmenite,0,1,0.3041154146194458,0.009845883585512638,0.9897758960723877,9.520097228232771e-05,0.0002830176381394267
VTM-000292,DG-345c8aeebf6a,ilmenite,0,1,0.39302074909210205,0.0014134771190583706,0.8158587217330933,0.0030370024032890797,0.17969079315662384
VTM-000307,DG-a7eccdebae54,ilmenite,0,1,0.3543967008590698,0.06596667319536209,0.4865206182003021,0.44585052132606506,0.0016622144030407071
VTM-000309,DG-c0cdc88e13b5,ilmenite,0,0,0.4574361741542816,0.6649173498153687,0.19806677103042603,0.08679124712944031,0.05022457242012024
VTM-000328,DG-b92bf0a3d3da,ilmenite,0,0,0.3920426070690155,0.5310993194580078,0.0013277310645207763,0.0011690163519233465,0.46640390157699585
VTM-000340,DG-d5390af5bbbe,magnetite,0,0,0.14875461161136627,0.9921367168426514,0.007586892228573561,0.00017905698041431606,9.734749619383365e-05
VTM-000343,DG-385678a99654,magnetite,0,2,0.3686513900756836,0.10540007799863815,0.10514304041862488,0.7862202525138855,0.0032366265077143908
VTM-000374,DG-f4e221fe8b8b,magnetite,0,0,0.1688327044248581,0.9704756140708923,0.029372194781899452,8.14528959836025e-08,0.0001521536469226703
VTM-000379,DG-d5032af262ad,magnetite,0,0,0.15840427577495575,0.9902051687240601,0.0011608441127464175,0.004210193175822496,0.004423812031745911
VTM-000398,DG-a438eff7787c,magnetite,0,1,0.27876341342926025,0.04534674063324928,0.9474549889564514,0.0055498057045042515,0.0016484791412949562
VTM-000404,DG-3f327924f3a6,magnetite,0,0,0.12161404639482498,0.9986116886138916,0.0012566472869366407,8.754508371566772e-07,0.00013081193901598454
VTM-000417,DG-d1165a605e01,magnetite,0,2,0.17732509970664978,0.12010615319013596,0.0009390214108861983,0.8786337971687317,0.00032101725810207427
VTM-000420,DG-bea3245792a5,magnetite,0,0,0.1365658938884735,0.9231085777282715,0.07336398214101791,0.00016439428145531565,0.003363032126799226
VTM-000435,DG-cdac5b53685c,magnetite,0,0,0.1970403641462326,0.9052066802978516,0.0009675651090219617,0.00010787873179651797,0.09371788799762726
VTM-000444,DG-ce12d30fa21f,magnetite,0,0,0.27884915471076965,0.9268769025802612,0.0062080370262265205,0.0046681067906320095,0.062246982008218765
VTM-000445,DG-135b572fdce3,magnetite,0,0,0.1473172903060913,0.9688586592674255,0.005045049823820591,0.0006842953735031188,0.025411948561668396
VTM-000455,DG-07eed7826155,magnetite,0,0,0.09416356682777405,0.9463084936141968,0.05354232341051102,1.7952372388663207e-07,0.00014897021173965186
VTM-000464,DG-2d7adf4c3825,magnetite,0,1,0.3279118835926056,0.1936667412519455,0.7922342419624329,0.000854260113555938,0.013244785368442535
VTM-000466,DG-cc133e156077,magnetite,0,0,0.04279819130897522,0.9962907433509827,0.003707623342052102,5.506820457412687e-07,1.0908121339525678e-06
VTM-000481,DG-bd2d632589ac,magnetite,0,0,0.11858533322811127,0.9913135766983032,0.003608071245253086,0.0004132213653065264,0.004665106534957886
VTM-000490,DG-43477d7a0ba9,magnetite,0,0,0.15974704921245575,0.9116126894950867,0.007777436636388302,0.0710710734128952,0.009538765996694565
VTM-000503,DG-572766d5cc60,magnetite,0,3,0.604397177696228,0.0026620158459991217,0.019103879109025,0.0691847950220108,0.9090492725372314
VTM-000504,DG-bb27983bc666,magnetite,0,0,0.40014371275901794,0.8020098209381104,0.0002848055155482143,0.003773152595385909,0.19393222033977509
VTM-000507,DG-ab23a7ae7b4a,magnetite,0,1,0.19560718536376953,0.008793750777840614,0.9911859035491943,1.5755889762658626e-05,4.571345471049426e-06
VTM-000509,DG-c4c2974889e2,magnetite,0,0,0.24150876700878143,0.9471758604049683,0.027426952496170998,0.007471163757145405,0.01792607456445694
VTM-000511,DG-810c02dbca34,magnetite,0,0,0.0923105925321579,0.9991793632507324,0.0004582138208206743,1.947114651557058e-05,0.0003429507778491825
VTM-000524,DG-c17be4bb822a,magnetite,0,0,0.45249059796333313,0.528113603591919,0.020385298877954483,4.8025867727119476e-06,0.4514962434768677
VTM-000525,DG-82fecec84b49,magnetite,0,0,0.35523325204849243,0.6941861510276794,0.015167134813964367,0.003092394443228841,0.2875543236732483
VTM-000574,DG-d2a6f15126ec,magnetite,0,1,0.5744152069091797,0.008089853450655937,0.7370857000350952,0.0947079136967659,0.1601165384054184
VTM-000580,DG-6d19f0d06ebd,magnetite,0,0,0.4495663642883301,0.8291939496994019,0.14355966448783875,0.0023143859580159187,0.024932000786066055
VTM-000594,DG-652cb2e58470,magnetite,0,0,0.11762499064207077,0.9836295247077942,0.014920110814273357,1.752117100295436e-06,0.0014486598083749413
VTM-000599,DG-1798cb9ea7ad,magnetite,0,0,0.14763356745243073,0.9255785942077637,0.0727197527885437,0.0012384024448692799,0.0004632377822417766
VTM-000606,DG-8453249814c4,magnetite,0,0,0.2294652760028839,0.7583431005477905,0.000502744980622083,0.0005534830852411687,0.2406005859375
VTM-000614,DG-a68783d9878c,magnetite,0,0,0.19546149671077728,0.9915820956230164,0.002280167769640684,0.002063922816887498,0.004073801450431347
VTM-000620,DG-dc6502d23098,magnetite,0,0,0.08439308404922485,0.9998738765716553,6.954164564376697e-05,3.2302934414474294e-05,2.4317920178873464e-05
VTM-000630,DG-4d3c9beb5824,magnetite,0,3,0.6766418814659119,0.0018119711894541979,0.025493917986750603,0.0001594595523783937,0.9725346565246582
VTM-000649,DG-4d4e149abdad,magnetite,0,0,0.18985196948051453,0.6420561671257019,0.0009496486745774746,0.14423692226409912,0.21275730431079865
VTM-000654,DG-870455a260e3,magnetite,0,0,0.3717518448829651,0.7157056331634521,0.09187430888414383,0.04038846492767334,0.1520315706729889
VTM-000657,DG-1beca935d1a2,magnetite,0,3,0.19353841245174408,0.3565060794353485,0.0028707056771963835,3.089124948019162e-05,0.6405923366546631
VTM-000694,DG-1bf50f8d6297,magnetite,0,0,0.05737699940800667,0.9998933672904968,9.271963790524751e-05,5.420031811809167e-06,8.450505447399337e-06
VTM-000714,DG-d5b2d2d0f47d,magnetite,0,0,0.13235080242156982,0.9127952456474304,0.08456601947546005,0.0012577212182804942,0.001381068374030292
VTM-000719,DG-4b0e141be02b,magnetite,0,0,0.21052035689353943,0.8880442380905151,0.010409808717668056,0.0010336226550862193,0.10051237791776657
VTM-000758,DG-9cdd8f83ad65,magnetite,0,0,0.1854093372821808,0.9758007526397705,1.7838177882367745e-05,1.2425515478753368e-06,0.02418012171983719
VTM-000766,DG-dbe67ebecc29,magnetite,0,0,0.2315354198217392,0.6762551665306091,0.3235633671283722,5.568330720961967e-07,0.0001809481909731403
VTM-000772,DG-c3c48efc1988,magnetite,0,0,0.17024222016334534,0.984226405620575,0.012714613229036331,0.0029153190553188324,0.00014365070092026144
VTM-000776,DG-c51cf9d0838a,magnetite,0,0,0.28182733058929443,0.9876747727394104,0.00897339079529047,5.919734394410625e-05,0.0032926667481660843
VTM-000782,DG-c2d5781a014e,magnetite,0,0,0.2769937217235565,0.5477795600891113,0.42303168773651123,0.010391304269433022,0.01879742555320263
VTM-000788,DG-95ce869eb316,magnetite,0,0,0.15370845794677734,0.997650146484375,0.0020391172729432583,3.0395391149795614e-05,0.00028035405557602644
VTM-000789,DG-1c975bac96ef,magnetite,0,1,0.366586834192276,0.1667163372039795,0.7564542889595032,0.0017738151364028454,0.0750555470585823
VTM-000797,DG-c7ce5a7b78aa,magnetite,0,0,0.1372324824333191,0.9740768074989319,0.017418697476387024,1.2633497135539073e-05,0.008491918444633484
VTM-000811,DG-1220f8569f0c,magnetite,0,0,0.25759926438331604,0.5254532694816589,0.01707306131720543,0.0008028523297980428,0.4566708207130432
VTM-000826,DG-9c76f6c542bd,magnetite,0,0,0.39544641971588135,0.8276762962341309,0.16794568300247192,4.508168785832822e-05,0.004332936368882656
VTM-000834,DG-4fd36e28095f,magnetite,0,0,0.13960225880146027,0.6714946627616882,0.322266548871994,0.0033925818279385567,0.002846179995685816
VTM-000846,DG-df1c722de400,magnetite,0,0,0.13086974620819092,0.9987776279449463,0.0007240833947435021,1.0608204320305958e-05,0.00048769236309453845
VTM-000847,DG-dd94c98fb4ba,magnetite,0,0,0.36234816908836365,0.8948218822479248,0.0024208042304962873,0.0960746556520462,0.006682651583105326
VTM-000852,DG-5d917c5ebd3b,magnetite,0,0,0.14260706305503845,0.9972484707832336,0.00041543145198374987,1.045088174578268e-05,0.002325677312910557
VTM-000855,DG-bd37ade00a53,magnetite,0,0,0.4274301826953888,0.9709775447845459,0.004123885650187731,7.841983460821211e-05,0.024820124730467796
VTM-000858,DG-d5dbb212e8df,magnetite,0,3,0.30867713689804077,0.4727495610713959,0.013133295811712742,0.0023884037509560585,0.5117287635803223
VTM-000870,DG-499f33781720,magnetite,0,0,0.4453570246696472,0.6710295677185059,0.2776559889316559,0.016255449503660202,0.03505906090140343
VTM-000883,DG-235488269109,magnetite,0,0,0.39080244302749634,0.7538875937461853,0.00125579081941396,0.02084466628730297,0.22401200234889984
VTM-000892,DG-c3abb5c8c502,magnetite,0,0,0.07405824214220047,0.9998378157615662,0.00015917800192255527,1.9977151168859564e-06,9.311895041719254e-07
VTM-000896,DG-031f3b0c48c1,magnetite,0,3,0.646098792552948,1.5167285027928301e-06,6.031669909134507e-05,8.82986860233359e-05,0.9998498558998108
VTM-000917,DG-7e4620e7d677,magnetite,0,2,0.29240965843200684,0.04612746089696884,0.0015388148603960872,0.9510117173194885,0.001322053954936564
VTM-000925,DG-7bde1cba2701,magnetite,0,0,0.16870923340320587,0.966484785079956,0.025368407368659973,0.0017612873343750834,0.006385551765561104
VTM-000936,DG-ec4735c918e8,magnetite,0,0,0.1542057991027832,0.9962410926818848,0.00357777695171535,8.342786168213934e-05,9.772739576874301e-05
VTM-000941,DG-fd253a7c389e,magnetite,0,0,0.31466779112815857,0.806510329246521,0.04902157559990883,0.14306971430778503,0.0013983832905068994
VTM-000960,DG-cf54d4446135,magnetite,0,2,0.43868646025657654,0.03549686819314957,0.43624255061149597,0.4476363956928253,0.08062423765659332
VTM-000964,DG-bf33035fb162,magnetite,0,0,0.10879987478256226,0.9960923790931702,0.0034869248047471046,9.97711467789486e-05,0.0003209120477549732
VTM-000969,DG-ce6c2900638e,magnetite,0,0,0.24534311890602112,0.9914318323135376,0.0006622134824283421,6.655609013250796e-06,0.007899289950728416
VTM-000982,DG-a6431bed4d70,magnetite,0,3,0.4642801880836487,0.2289046347141266,0.18687856197357178,0.0043129753321409225,0.579903781414032
VTM-000984,DG-20a1ed1c7f25,magnetite,0,0,0.15814507007598877,0.8303514122962952,0.1672346144914627,4.7294938667619135e-06,0.0024093003012239933
VTM-001030,DG-f8f4554509c3,magnetite,0,0,0.3053770959377289,0.9429613351821899,0.0031254130881279707,0.0003515655698720366,0.053561680018901825
VTM-001037,DG-78c7d8b1005e,magnetite,0,0,0.07839028537273407,0.9994151592254639,2.9402160635072505e-06,1.0627352367009735e-06,0.0005808386486023664
VTM-001048,DG-294a75101264,magnetite,0,0,0.17401354014873505,0.9901711344718933,0.004609870258718729,0.0028484626673161983,0.0023705235216766596
VTM-001076,DG-5d50abc742d1,magnetite,0,0,0.19636957347393036,0.9948586821556091,0.0041317567229270935,0.0001158322993433103,0.0008937713573686779
VTM-001094,DG-4c493c986ea7,magnetite,0,0,0.12731945514678955,0.9983686804771423,5.347797923604958e-05,3.915789784514345e-05,0.0015386807499453425
VTM-001111,DG-25ca3871af31,magnetite,0,0,0.18121305108070374,0.8305304050445557,0.08539895713329315,0.08286517858505249,0.0012054828694090247
VTM-001117,DG-9646bdd090a8,magnetite,0,0,0.11046617478132248,0.9321500062942505,0.06772642582654953,7.352565717155812e-06,0.00011626583727775142
VTM-001124,DG-bf40fd4a2b51,magnetite,0,1,0.27394595742225647,0.004502246621996164,0.9939697980880737,0.0003171331190969795,0.0012107838410884142
VTM-001127,DG-9ea5ea2040e1,magnetite,0,0,0.19131650030612946,0.8637655973434448,0.004996772389858961,0.06420455873012543,0.06703303754329681
VTM-001128,DG-0ad958cdf304,magnetite,0,3,0.20639270544052124,0.4865375757217407,0.0001391960249748081,1.7872465832624584e-05,0.5133053660392761
VTM-001135,DG-929ae7d5a34a,magnetite,0,0,0.2960161566734314,0.7593219876289368,0.23841233551502228,0.0011404409306123853,0.0011252618860453367
VTM-001142,DG-8c52049fed71,magnetite,0,0,0.10801926255226135,0.7594068646430969,0.0032600925769656897,0.19867302477359772,0.038660045713186264
VTM-001143,DG-32261429f75b,magnetite,0,0,0.2535153329372406,0.992085337638855,0.0007034831796772778,0.000279027532087639,0.006932149175554514
VTM-001153,DG-65acd4222cf0,magnetite,0,2,0.3877583146095276,0.0017722261836752295,0.19154518842697144,0.6848743557929993,0.12180823087692261
VTM-001156,DG-634890ede108,magnetite,0,0,0.28193286061286926,0.9062224626541138,0.010161815211176872,0.05771656334400177,0.025899142026901245
VTM-001157,DG-2941afb34a16,magnetite,0,0,0.46244898438453674,0.7684712409973145,0.0024037950206547976,0.007519169710576534,0.2216058224439621
VTM-001159,DG-5a4ebb61334d,magnetite,0,0,0.048475250601768494,0.9999480843544006,1.0030985322373454e-06,2.1377578377723694e-05,2.955720447062049e-05
VTM-001166,DG-ff39aa7ef84a,magnetite,0,0,0.10647089779376984,0.993665337562561,0.005224030930548906,0.0009455863619223237,0.00016503853839822114
VTM-001181,DG-cd17d016b4ae,magnetite,0,3,0.16415272653102875,0.02221907675266266,0.0001739413564791903,0.00041408304241485894,0.9771928787231445
VTM-001208,DG-85edd83dff71,magnetite,0,0,0.17860426008701324,0.9383878707885742,0.057511985301971436,0.0039558191783726215,0.0001442514476366341
VTM-001210,DG-3a89d85ccde3,magnetite,0,1,0.3045457899570465,0.022799301892518997,0.9592717289924622,0.015289580449461937,0.0026393465232104063
VTM-001213,DG-c08d45836fcd,magnetite,0,0,0.12846818566322327,0.9398830533027649,0.05608382448554039,0.0034523559734225273,0.0005807430716231465
VTM-001235,DG-9ef39c882f85,magnetite,0,0,0.21733951568603516,0.9783681631088257,0.0182222630828619,0.0007513019954785705,0.0026582865975797176
VTM-001236,DG-2e49a2b873b5,magnetite,0,0,0.41055527329444885,0.7658703327178955,0.14930717647075653,0.005557007156312466,0.07926549017429352
VTM-001242,DG-40ce2a937e56,magnetite,0,3,0.6098431348800659,0.00939008966088295,0.0068346429616212845,0.4776596128940582,0.5061156749725342
VTM-001246,DG-7fd1f47999b4,magnetite,0,0,0.13585208356380463,0.9998224973678589,0.0001522944075986743,3.0007443001522915e-06,2.2219486709218472e-05
VTM-001267,DG-acf7bc6d5b10,magnetite,0,0,0.2930728793144226,0.9941187500953674,0.0009737908258102834,0.0037468199152499437,0.001160678337328136
VTM-001274,DG-79259dff6552,magnetite,0,0,0.2720823287963867,0.8283395171165466,0.017961885780096054,2.208130581493606e-06,0.15369640290737152
VTM-001275,DG-dcfd4084a64d,magnetite,0,0,0.27089664340019226,0.7420951128005981,0.2006758600473404,9.239112114300951e-05,0.057136666029691696
VTM-001276,DG-ed5f37afc816,magnetite,0,1,0.39715951681137085,0.22513338923454285,0.6199156045913696,0.15363813936710358,0.001312941312789917
VTM-001278,DG-83b2d732c7e4,magnetite,0,0,0.43491268157958984,0.9384325742721558,0.04094935581088066,0.005290203727781773,0.015327857807278633
VTM-001279,DG-1b3bc4362fe0,magnetite,0,1,0.24951718747615814,0.026770450174808502,0.972690761089325,0.0001689060009084642,0.00036985441693104804
VTM-001285,DG-be177d4296ea,magnetite,0,0,0.23621803522109985,0.9962374567985535,0.0001345987111562863,7.321126031456515e-05,0.003554750233888626
VTM-001305,DG-ad49a9cbae05,magnetite,0,3,0.2928248345851898,0.021444767713546753,2.271187440783251e-05,9.236078767571598e-05,0.9784401655197144
VTM-001309,DG-79cbfb1a67f8,magnetite,0,0,0.34486445784568787,0.9271050095558167,0.010001047514379025,0.026245128363370895,0.03664884716272354
VTM-001321,DG-e7411971efd2,magnetite,0,0,0.4174683690071106,0.9367468953132629,0.009416305460035801,0.0014766266103833914,0.052360109984874725
VTM-001334,DG-a4546bbfbf01,magnetite,0,0,0.16189441084861755,0.9922633171081543,0.006775536108762026,0.0008848931174725294,7.623184501426294e-05
VTM-001342,DG-4329fd0fa254,magnetite,0,1,0.3720543682575226,0.4083830714225769,0.43090149760246277,0.11983665078878403,0.040878791362047195
VTM-001344,DG-81a4fee94b84,magnetite,0,0,0.31658846139907837,0.9831380844116211,0.006671069655567408,4.8107078328030184e-05,0.010142728686332703
VTM-001352,DG-ec3babb402e9,magnetite,0,0,0.37500593066215515,0.7879876494407654,0.08852100372314453,0.0017724514473229647,0.12171891331672668
VTM-001375,DG-25c9d1334ba7,magnetite,0,0,0.21740670502185822,0.9313019514083862,0.06171156466007233,0.005817362107336521,0.0011691551189869642
VTM-001379,DG-09f401514ecd,magnetite,0,2,0.3960546553134918,0.007980014197528362,0.3721561133861542,0.6187415719032288,0.0011223024921491742
VTM-001382,DG-1509292b6cc8,magnetite,0,1,0.4808800518512726,0.01641438901424408,0.9816343188285828,0.001008839113637805,0.0009423804003745317
VTM-001389,DG-b72f30e8d6a7,magnetite,0,0,0.1815236210823059,0.5545035600662231,0.4443667531013489,0.0006221935036592185,0.0005075359367765486
VTM-001394,DG-4dacfe3a288c,magnetite,0,1,0.4077340066432953,0.2442091554403305,0.6062952280044556,0.05082203820347786,0.09867352247238159
VTM-001396,DG-a150f7a82498,magnetite,0,3,0.3855890929698944,0.07641275972127914,0.003540013451129198,0.00583870243281126,0.9142085313796997
VTM-001399,DG-41d0e5580b6a,magnetite,0,0,0.07569272071123123,0.9994574189186096,0.00031478755408897996,6.918832582414325e-07,0.0002270569821121171
VTM-001436,DG-7b12906d788f,magnetite,0,0,0.11987032741308212,0.9893567562103271,0.007824858650565147,0.0025651538744568825,0.00025325320893898606
VTM-001438,DG-7255a46e94a7,magnetite,0,0,0.07897678017616272,0.9996339082717896,9.374527144245803e-05,2.9076051077936427e-07,0.00027207500534132123
VTM-001441,DG-b8b2c4f178aa,magnetite,0,3,0.5636585354804993,0.004339609295129776,0.3392046093940735,0.00029727668152190745,0.6561585068702698
VTM-001452,DG-bdcde94a85b5,magnetite,0,0,0.17409588396549225,0.9980583190917969,0.0013628993183374405,0.00040564785012975335,0.00017314318392891437
VTM-001466,DG-43f42fac07e9,magnetite,0,0,0.33366528153419495,0.518201470375061,0.44003748893737793,0.0007328328210860491,0.041028134524822235
VTM-001478,DG-58262c85df83,magnetite,0,0,0.32015618681907654,0.8611299395561218,0.047589048743247986,0.057820580899715424,0.03346043825149536
VTM-001484,DG-d59fcb9222f2,magnetite,0,0,0.12844450771808624,0.9996432662010193,9.938667790265754e-05,0.00017185177421197295,8.549075573682785e-05
VTM-001485,DG-a2b94815594a,magnetite,0,0,0.2743287980556488,0.5402536988258362,0.0011200322769582272,0.0017083591083064675,0.45691782236099243
VTM-001487,DG-9785201ed410,magnetite,0,0,0.04688343405723572,0.9999929666519165,1.202084405349524e-07,2.762827193691919e-07,6.562000180565519e-06
VTM-001489,DG-23a7ab10b23b,magnetite,0,2,0.3566932678222656,0.0565703921020031,0.00063274463173002,0.9395122528076172,0.0032845819368958473
VTM-001492,DG-1dca19335664,magnetite,0,0,0.19144289195537567,0.931925892829895,0.06434737890958786,0.0005200588493607938,0.0032066681887954473
VTM-001502,DG-4731480706ec,magnetite,0,0,0.1598987877368927,0.9879310131072998,0.011616175062954426,0.00034044115454889834,0.00011237076250836253
VTM-001542,DG-5d9bb0931076,magnetite,0,3,0.5047177672386169,0.2962222695350647,0.036637019366025925,0.036384984850883484,0.6307557821273804
VTM-001551,DG-05595eff1ad3,magnetite,0,1,0.1668667197227478,0.05298011377453804,0.9467751383781433,1.1641339369816706e-05,0.00023313485144171864
VTM-001556,DG-329943ef1dad,magnetite,0,3,0.6507956981658936,0.00016940102796070278,0.07185421884059906,0.003857642412185669,0.9241187572479248
VTM-001571,DG-eee01346f14d,magnetite,0,3,0.45218682289123535,0.4754520654678345,0.03238736465573311,0.00953539926558733,0.48262518644332886
VTM-001585,DG-d29af017305e,magnetite,0,0,0.37076905369758606,0.8461711406707764,0.1500038206577301,0.0020208419300615788,0.0018042242154479027
VTM-001602,DG-13f8a822dbfc,magnetite,0,0,0.43791794776916504,0.6606111526489258,0.0037636728957295418,0.0016325635369867086,0.333992600440979
VTM-001613,DG-9ea805a5c9d8,magnetite,0,0,0.0782562866806984,0.9998390674591064,0.00012496474664658308,1.055563916452229e-05,2.5438101147301495e-05
VTM-001614,DG-84504a7012b9,magnetite,0,0,0.10516304522752762,0.9359474778175354,0.006009968463331461,0.0008829709840938449,0.057159509509801865
VTM-001617,DG-b1f18f1f37fb,magnetite,0,3,0.22366610169410706,0.004139340948313475,0.000639556790702045,3.1278344977181405e-05,0.9951898455619812
VTM-001635,DG-244307d1d268,magnetite,0,0,0.23963749408721924,0.9978852868080139,0.0003751943295355886,6.9909087869746145e-06,0.0017325453227385879
VTM-001644,DG-85bdd9be320a,magnetite,0,0,0.2942771017551422,0.9967485666275024,0.0008271224796772003,2.4925053367041983e-05,0.002399429911747575
VTM-001649,DG-89f24a8b6ab6,magnetite,0,0,0.10182871669530869,0.9693868160247803,0.030560702085494995,1.915418943099212e-05,3.336763984407298e-05
VTM-001661,DG-2e96be8541ff,magnetite,0,1,0.50538170337677,0.007688787300139666,0.5127591490745544,0.4286801218986511,0.05087193474173546
VTM-001690,DG-b0fe7cb99124,titanomagnetite,0,1,0.2823951542377472,0.4087778329849243,0.570433497428894,0.016505524516105652,0.004283120855689049
VTM-001694,DG-97f74c72b5b7,titanomagnetite,0,0,0.16759280860424042,0.8724831938743591,0.1251162439584732,9.733717888593674e-05,0.0023032287135720253
VTM-001709,DG-5667dcfe048e,calcite,2,2,0.5286644697189331,1.5240493667079136e-06,0.002141500124707818,0.9978440999984741,1.2860035894846078e-05
VTM-001713,DG-a31daab35958,calcite,2,2,0.5175826549530029,9.53742528508883e-06,0.0008894012426026165,0.9892656803131104,0.009835430420935154
VTM-001718,DG-76d30c6c5612,calcite,2,2,0.5534915924072266,0.0006836755783297122,0.0009282149258069694,0.9902812242507935,0.008106863126158714
VTM-001719,DG-71efe00888af,calcite,2,2,0.5965142250061035,1.155280415332527e-06,5.2053608669666573e-05,0.9992851614952087,0.0006616495666094124
VTM-001734,DG-a139c32410c3,calcite,2,2,0.3922078311443329,3.612950649767299e-08,3.6094163533562096e-06,0.9999955892562866,7.308709086828458e-07
VTM-001736,DG-a69a03d4cc5e,calcite,2,2,0.5279005765914917,2.3318087187362835e-05,0.013340977020561695,0.9863438010215759,0.00029194526723586023
VTM-001740,DG-4b56e6a07cac,calcite,2,2,0.4729652404785156,0.000423538702307269,0.01296915952116251,0.9845314025878906,0.0020758958999067545
VTM-001775,DG-8e3da4981bde,calcite,2,1,0.2625787854194641,0.006495542358607054,0.8758608102798462,0.11069705337285995,0.006946554873138666
VTM-001801,DG-5ed230bcaeae,calcite,2,2,0.3589116930961609,0.0004634629294741899,0.03410309553146362,0.9653918147087097,4.159888703725301e-05
VTM-001825,DG-0be1a7cb809b,calcite,2,2,0.28265953063964844,2.5869408659673354e-07,1.0368975381425116e-05,0.999838650226593,0.00015071802772581577
VTM-001827,DG-633fa2f6211f,calcite,2,2,0.1846814751625061,5.55036349396687e-05,1.9143004465149716e-05,0.9999148845672607,1.0530816325626802e-05
VTM-001834,DG-ef83fc7b1744,calcite,2,3,0.4229683578014374,0.002640470862388611,2.4342384676856454e-06,0.14929203689098358,0.8480650782585144
VTM-001839,DG-9a5c0c5a1717,calcite,2,2,0.2770827114582062,0.0017868045251816511,0.08651477098464966,0.9115723967552185,0.00012606862583197653
VTM-001843,DG-f77f26be144c,calcite,2,2,0.4430997669696808,0.0005768275586888194,0.0024949749931693077,0.9968933463096619,3.481316889519803e-05
VTM-001849,DG-55f6c7371d43,calcite,2,1,0.3111439347267151,0.020816843956708908,0.3911838233470917,0.36408984661102295,0.2239094376564026
VTM-001856,DG-d0ae9de522c3,calcite,2,2,0.29403650760650635,5.499400140251964e-05,0.0032764479983597994,0.9966573119163513,1.1188065400347114e-05
VTM-001862,DG-3cbe78ac7f28,calcite,2,2,0.5182811617851257,2.7497551855049096e-05,0.07136212289333344,0.6450305581092834,0.28357985615730286
VTM-001891,DG-a35ac479557c,calcite,2,2,0.48870792984962463,9.120004733631504e-07,7.055200057948241e-06,0.9999571442604065,3.488185029709712e-05
VTM-001897,DG-cae4c10c6d2e,calcite,2,2,0.463138610124588,1.868071564103957e-07,0.0010166072752326727,0.998947262763977,3.593591463868506e-05
VTM-001909,DG-1a7b849d8231,calcite,2,3,0.46248987317085266,0.0030523473396897316,0.0045384373515844345,0.008085556328296661,0.9843236207962036
VTM-001911,DG-4992f8434a77,calcite,2,2,0.47559815645217896,0.00010719733836594969,1.2013545529043768e-05,0.9992179870605469,0.0006627991097047925
VTM-001913,DG-3707ecbb95e5,calcite,2,2,0.48394903540611267,0.00013484754890669137,0.009267999790608883,0.9887694716453552,0.0018276370828971267
VTM-001920,DG-c70c5779a71a,calcite,2,2,0.5402601361274719,2.9408520276774652e-06,6.403846782632172e-06,0.999949038028717,4.162393815931864e-05
VTM-001938,DG-b3d7bf80d2a2,calcite,2,0,0.2766823172569275,0.43922197818756104,0.30368220806121826,0.2519596219062805,0.0051362281665205956
VTM-001946,DG-eda8ba2e978a,calcite,2,2,0.4781242609024048,0.00023191516811493784,0.01631772331893444,0.9833722710609436,7.812059629941359e-05
VTM-001959,DG-7b3cde349dd2,calcite,2,2,0.40827739238739014,0.002088999142870307,0.0016395804705098271,0.9962520599365234,1.936702938110102e-05
VTM-001969,DG-3996bf01109f,calcite,2,2,0.26050060987472534,0.0675138533115387,5.251902621239424e-05,0.9311437010765076,0.001289901090785861
VTM-001972,DG-87f47806a6ee,calcite,2,2,0.5010847449302673,3.262038717366522e-06,5.265571235213429e-05,0.9999054074287415,3.868767089443281e-05
VTM-001983,DG-dada7ee7c7b7,calcite,2,2,0.4226230978965759,2.84499969893659e-06,0.0003862879239022732,0.9989722371101379,0.0006386439199559391
VTM-001987,DG-2bd03ef1f80d,calcite,2,2,0.40670615434646606,0.00011462266411399469,5.2477713325060904e-05,0.9981004595756531,0.0017324346117675304
VTM-001997,DG-9e06bcbc3761,calcite,2,2,0.6393707394599915,1.0023574759543408e-05,0.001876196707598865,0.9894471764564514,0.008666633628308773
VTM-002004,DG-fc86d1207a8c,calcite,2,2,0.5813325047492981,4.151809662289452e-06,0.0015560848405584693,0.9977285861968994,0.0007111269515007734
VTM-002010,DG-3738ebb23911,calcite,2,2,0.3095147907733917,0.0038091596215963364,0.004624370485544205,0.9172049164772034,0.07436154782772064
VTM-002018,DG-c2299ae73b20,calcite,2,2,0.5744786262512207,1.199859343614662e-05,0.0008607482304796576,0.9971529841423035,0.0019742941949516535
VTM-002024,DG-f27e59284db3,calcite,2,1,0.2942143678665161,0.0005324947414919734,0.574964702129364,0.42303454875946045,0.0014682682231068611
VTM-002036,DG-d05b7db8a03a,calcite,2,0,0.28399550914764404,0.9730156064033508,0.00015780585817992687,0.005952436942607164,0.020874183624982834
VTM-002059,DG-7a4ef2336533,feldspar,2,2,0.43536141514778137,0.10075680911540985,0.061221130192279816,0.8079966306686401,0.03002547100186348
VTM-002070,DG-4d2397e45b8d,feldspar,2,2,0.35882797837257385,0.0009333679918199778,0.0023681751918047667,0.9926837086677551,0.004014773294329643
VTM-002074,DG-8d1bab30b0b2,feldspar,2,2,0.3633461594581604,0.0033260451164096594,0.11875098198652267,0.6322165727615356,0.24570639431476593
VTM-002077,DG-7b65be4b9679,feldspar,2,2,0.5954062342643738,6.01874899075483e-06,0.0005533898947760463,0.9992927312850952,0.0001478781341575086
VTM-002085,DG-93dd367747d7,feldspar,2,1,0.3042456805706024,0.1915827989578247,0.7847861051559448,0.019090181216597557,0.004540951456874609
VTM-002093,DG-41defb57d166,feldspar,2,2,0.5072315335273743,0.003071846440434456,0.0005265422514639795,0.9931406378746033,0.0032610343769192696
VTM-002099,DG-ca4676ee122b,feldspar,2,2,0.5983656644821167,0.008760073222219944,0.0008543914882466197,0.9844619035720825,0.00592359434813261
VTM-002119,DG-f6cfc775e0f7,feldspar,2,2,0.6075412631034851,0.00024658566690050066,0.00048460502875968814,0.9138597249984741,0.08540907502174377
VTM-002122,DG-e3fd0082ebbc,feldspar,2,2,0.3394339382648468,3.116378502454609e-05,0.041569385677576065,0.9582524299621582,0.00014702539192512631
VTM-002125,DG-38ecb3b17658,feldspar,2,2,0.3448198735713959,0.17098136246204376,0.0045762681402266026,0.8167786598205566,0.00766373286023736
VTM-002146,DG-b61f7916473e,feldspar,2,2,0.5427543520927429,0.0001282797020394355,0.001655983622185886,0.992794930934906,0.005420822650194168
VTM-002148,DG-8c8100639791,feldspar,2,2,0.35515153408050537,0.0007267378969117999,0.00024071957159321755,0.9989755153656006,5.702656562789343e-05
VTM-002160,DG-c721d9903034,feldspar,2,2,0.5664535164833069,1.4727003872394562e-05,0.04974665120244026,0.9436439871788025,0.006594647187739611
VTM-002162,DG-58e9a9e63982,feldspar,2,2,0.4625306725502014,2.954605633931351e-06,0.007387498859316111,0.9926043152809143,5.155549388291547e-06
VTM-002170,DG-8735f3b5117b,feldspar,2,2,0.3718470633029938,0.004881247412413359,0.0003248276188969612,0.9901970624923706,0.004596863407641649
VTM-002193,DG-c794c43abb0b,feldspar,2,2,0.5353792905807495,0.0006899010622873902,0.007933421060442924,0.9910191893577576,0.00035745202330872416
VTM-002215,DG-7f5f37a85907,feldspar,2,2,0.7067815661430359,1.1739252840925474e-06,0.00037771891220472753,0.9996197819709778,1.3176354514143895e-06
VTM-002216,DG-43da8351f430,feldspar,2,2,0.618883490562439,0.011575753800570965,0.004523227456957102,0.9422341585159302,0.04166680946946144
VTM-002218,DG-2c3950bc4ff9,feldspar,2,2,0.2753690481185913,0.00046002448652870953,4.717525371233933e-06,0.9988276362419128,0.0007075846660882235
VTM-002244,DG-dd983ea4596e,feldspar,2,2,0.5168634653091431,0.00016808895452413708,0.012502436526119709,0.8127000331878662,0.17462942004203796
VTM-002259,DG-e4ff8cdf5b02,feldspar,2,1,0.4220690131187439,1.7754170755779342e-07,0.9935421347618103,0.0011868674773722887,0.005270837340503931
VTM-002267,DG-b6b3dc6cb54a,feldspar,2,2,0.5544506907463074,6.016826955601573e-05,0.058897715061903,0.9217312335968018,0.019310878589749336
VTM-002270,DG-20fd5166bb61,feldspar,2,2,0.5965719223022461,0.0028366721235215664,0.09423352032899857,0.8782689571380615,0.024660911411046982
VTM-002272,DG-8ee7a09610fa,feldspar,2,2,0.589913547039032,1.612511186976917e-05,0.11664122343063354,0.8381202816963196,0.04522236809134483
VTM-002276,DG-419ba4b696ff,feldspar,2,2,0.32323920726776123,0.00010686608584364876,0.00013286809553392231,0.9996997117996216,6.054887126083486e-05
VTM-002286,DG-68bc250cc9a1,feldspar,2,2,0.4844673275947571,1.575050555402413e-05,0.002279644599184394,0.9976905584335327,1.4077390915190335e-05
VTM-002307,DG-dd9a8c5d9f57,feldspar,2,2,0.3693276047706604,1.0555738299444783e-05,0.00015657645417377353,0.9998276233673096,5.266039806883782e-06
VTM-002319,DG-096e6302dea3,feldspar,2,2,0.39118897914886475,1.6331210872522206e-06,7.72476414567791e-06,0.9999747276306152,1.5931114830891602e-05
VTM-002328,DG-19dbdc53bcd4,feldspar,2,2,0.33674296736717224,0.006986093707382679,0.0022097956389188766,0.9870709180831909,0.003733219113200903
VTM-002331,DG-bdfbd80f95da,feldspar,2,2,0.2901390790939331,0.0030149072408676147,0.006259307265281677,0.98105788230896,0.009667845442891121
VTM-002334,DG-856685443b2c,feldspar,2,2,0.4236586093902588,0.0008276968146674335,0.00019143290410283953,0.9984908699989319,0.0004900182830169797
VTM-002335,DG-30c595ffee50,feldspar,2,2,0.37120625376701355,0.02488214708864689,0.0019178849179297686,0.9711681604385376,0.0020318322349339724
VTM-002372,DG-8c516806dace,fluorapatite,2,2,0.5624233484268188,3.6975593502575066e-06,7.15786445653066e-05,0.9999180436134338,6.703306098643225e-06
VTM-002376,DG-6990fca3f9fd,fluorapatite,2,2,0.5446590185165405,4.988045930076623e-06,0.00015358973178081214,0.9997894167900085,5.201431122259237e-05
VTM-002384,DG-0980dea5bbcb,fluorapatite,2,2,0.41835540533065796,0.0003211605071555823,0.005325389560312033,0.9791786670684814,0.015174753963947296
VTM-002398,DG-8b0f6c6f3aed,fluorapatite,2,2,0.1846444457769394,1.7932419723365456e-05,5.314751092555525e-07,0.9999814629554749,5.000761404971854e-08
VTM-002407,DG-0dd02f3efca5,fluorapatite,2,2,0.5017441511154175,0.012148560956120491,0.0019855068530887365,0.8697599172592163,0.11610601097345352
VTM-002409,DG-0fd392a51bf0,fluorapatite,2,2,0.6334723234176636,3.8663802115479484e-05,0.05076458677649498,0.9490637183189392,0.0001329654478468001
VTM-002410,DG-e4e94a87f937,fluorapatite,2,2,0.6660750508308411,1.4329020814329851e-06,0.00207300903275609,0.9973262548446655,0.0005993581144139171
VTM-002416,DG-931673004572,fluorapatite,2,2,0.46123751997947693,0.00017890389426611364,0.14077973365783691,0.858112633228302,0.0009287893772125244
VTM-002425,DG-72bb26f4ed2f,fluorapatite,2,2,0.4984673857688904,0.0011355089955031872,0.003330626990646124,0.9921010732650757,0.003432749304920435
VTM-002426,DG-70ae871f721c,fluorapatite,2,2,0.5629357695579529,5.90016134083271e-06,0.10860906541347504,0.8913233876228333,6.164490332594141e-05
VTM-002433,DG-fbaa772afdb1,fluorapatite,2,2,0.5241212248802185,4.542757960734889e-05,1.4141161045699846e-05,0.9999222159385681,1.820089528337121e-05
VTM-002438,DG-86d5432fe9c6,fluorapatite,2,2,0.5460880994796753,1.774854536051862e-05,0.0005823199171572924,0.9993759393692017,2.4000282792258076e-05
VTM-002453,DG-d81a26fc98cc,fluorapatite,2,2,0.4091872274875641,0.0005598412244580686,0.008096840232610703,0.9892278909683228,0.002115484792739153
VTM-002459,DG-9bbb9ce55e0b,fluorapatite,2,2,0.515215277671814,0.02618563547730446,0.3600088655948639,0.611920952796936,0.001884591649286449
VTM-002488,DG-1fbba0246cb5,fluorapatite,2,2,0.6112807393074036,0.0006875135586597025,6.831183418398723e-05,0.9967420101165771,0.002502135932445526
VTM-002492,DG-bca1b9ac8053,fluorapatite,2,2,0.35341471433639526,0.0074717821553349495,0.00014119288243819028,0.9923614263534546,2.552370642661117e-05
VTM-002494,DG-0b1798750509,fluorapatite,2,2,0.479790598154068,5.012085694033885e-06,0.0007601749384775758,0.9992344379425049,3.6373828038449574e-07
VTM-002498,DG-ba77c7896a2e,fluorapatite,2,2,0.4373589754104614,3.242398179281736e-06,0.001459417282603681,0.9982694387435913,0.0002678963646758348
VTM-002524,DG-e7ea14e488c5,fluorapatite,2,2,0.4767988324165344,0.26960647106170654,0.05071950703859329,0.5822509527206421,0.09742309898138046
VTM-002532,DG-f5727e40eaf0,fluorapatite,2,2,0.6324677467346191,0.0007893407018855214,0.004762161057442427,0.9929447770118713,0.0015037516131997108
VTM-002533,DG-b3d54423379a,fluorapatite,2,2,0.5378814935684204,1.0279026355419774e-05,0.0002213620173279196,0.9997555017471313,1.286337101191748e-05
VTM-002553,DG-ebc844601fc2,fluorapatite,2,2,0.46431225538253784,0.0002536409592721611,0.0589970238506794,0.9407402873039246,9.01461680768989e-06
VTM-002560,DG-fce16a9389ed,fluorapatite,2,2,0.3338930308818817,0.06593552231788635,0.2693061828613281,0.6192046999931335,0.045553598552942276
VTM-002562,DG-6caae9acb9f7,fluorapatite,2,2,0.7045015692710876,3.5949662446910224e-07,1.1684554692692473e-06,0.9999929666519165,5.494769538927358e-06
VTM-002588,DG-bf1e0b7b2b2d,fluorapatite,2,2,0.443782240152359,1.689487362455111e-05,0.01544150523841381,0.9771409630775452,0.0074006798677146435
VTM-002594,DG-173a6b0ad21a,fluorapatite,2,2,0.551952600479126,5.904170734538638e-07,4.836865628021769e-05,0.9998996257781982,5.138794949743897e-05
VTM-002605,DG-0f47d6b5986a,fluorapatite,2,1,0.49910444021224976,0.00033577680005691946,0.8350305557250977,0.16424505412578583,0.0003886187623720616
VTM-002610,DG-41bbe58aa022,fluorapatite,2,3,0.3656792938709259,0.0013775262050330639,0.028429456055164337,0.10793132334947586,0.8622617125511169
VTM-002620,DG-2f0ec9964ed1,fluorapatite,2,2,0.6216530203819275,3.954924613935873e-05,1.8520207959227264e-05,0.9998614192008972,8.051455370150506e-05
VTM-002624,DG-ebe5477d9d4e,fluorapatite,2,2,0.3983599543571472,0.013490205630660057,0.015604994259774685,0.9653031826019287,0.005601620301604271
VTM-002635,DG-08ba49dd32f8,fluorapatite,2,1,0.33108747005462646,0.003072720253840089,0.8951451182365417,0.07735710591077805,0.024425063282251358
VTM-002637,DG-49f9ce893fdb,fluorapatite,2,2,0.36284753680229187,0.04041392356157303,0.0006618478801101446,0.9536641836166382,0.005260080099105835
VTM-002642,DG-458ad01f99c5,fluorapatite,2,2,0.5740254521369934,6.573941845999798e-06,6.312724144663662e-05,0.9998965263366699,3.377802204340696e-05
VTM-002669,DG-94d163b6955c,fluorapatite,2,2,0.540359377861023,0.008091187104582787,0.3345496952533722,0.6518086194992065,0.005550476256757975
VTM-002685,DG-2371f5e69821,fluorapatite,2,2,0.5561864972114563,0.00011567808542167768,0.2929341495037079,0.7068856954574585,6.451238732552156e-05
VTM-002700,DG-5a9a649090e8,fluorapatite,2,2,0.6180737614631653,2.5208521492459113e-06,0.0018050521612167358,0.9980002641677856,0.00019220758986193687
VTM-002701,DG-a4daf9c45a67,fluorapatite,2,2,0.4047214090824127,0.0004151618340983987,0.006329797208309174,0.9913578629493713,0.0018971649697050452
VTM-002705,DG-a45e2458cc11,fluorapatite,2,2,0.5102208256721497,0.0030010868795216084,0.06263294070959091,0.931787371635437,0.0025786266196519136
VTM-002706,DG-0d92fb7cb95e,fluorapatite,2,2,0.5838358998298645,0.0005075667868368328,0.012037555687129498,0.7881538271903992,0.1993010938167572
VTM-002712,DG-7306db6b5311,fluorapatite,2,2,0.3950715959072113,0.0208443570882082,0.1438300907611847,0.7951551675796509,0.04017046466469765
VTM-002716,DG-2cfb90213ded,fluorapatite,2,2,0.43892669677734375,2.414676964690443e-05,0.0004950686707161367,0.9994558095932007,2.5008714146679267e-05
VTM-002728,DG-85256a8dc87c,fluorapatite,2,3,0.6114218235015869,0.00011517119128257036,0.023491324856877327,6.310211756499484e-05,0.9763303995132446
VTM-002732,DG-3fde00040150,fluorapatite,2,2,0.35249564051628113,1.8921526134363376e-05,0.3980288505554199,0.6017365455627441,0.00021568825468420982
VTM-002753,DG-14675da71f30,fluorapatite,2,2,0.41317543387413025,0.001199070829898119,0.2948555052280426,0.6876745223999023,0.016270969063043594
VTM-002757,DG-92a6cda372d9,fluorapatite,2,3,0.5822572112083435,7.137419015634805e-05,7.325522892642766e-05,0.3223409354686737,0.6775144338607788
VTM-002763,DG-617149045788,fluorapatite,2,2,0.5284090042114258,5.888176929147448e-06,0.0001321485178777948,0.9998442530632019,1.7694170310278423e-05
VTM-002765,DG-04feb0d85ca2,fluorapatite,2,2,0.6108182668685913,1.8836031813407317e-05,6.821969873271883e-05,0.9998995661735535,1.339830214419635e-05
VTM-002772,DG-be4ab2bcc955,fluorapatite,2,2,0.4845975339412689,0.04201672598719597,0.002666207030415535,0.47822150588035583,0.47709551453590393
VTM-002781,DG-46e771570fcc,fluorapatite,2,2,0.4228498935699463,0.0001933750754687935,0.007177851162850857,0.9634791612625122,0.029149584472179413
VTM-002798,DG-2fc3c91217fd,fluorapatite,2,2,0.6024352312088013,0.0008868069271557033,0.0013623788254335523,0.995694637298584,0.0020561423152685165
VTM-002810,DG-c7cefc4405fa,fluorapatite,2,2,0.5363103747367859,3.471357558737509e-05,0.00031899058376438916,0.999441385269165,0.00020492830662988126
VTM-002817,DG-72e46144068c,fluorapatite,2,2,0.5076999664306641,1.0856217613763874e-06,0.009418023750185966,0.9904313087463379,0.00014962392742745578
VTM-002839,DG-cc6dea240596,fluorapatite,2,2,0.6175311207771301,0.000638062774669379,0.00043889330117963254,0.9989192485809326,3.7634545151377097e-06
VTM-002848,DG-9438a8d01734,fluorapatite,2,2,0.5695657134056091,8.398071076953784e-05,0.003535299561917782,0.6616388559341431,0.3347419202327728
VTM-002860,DG-c256a200d15c,fluorapatite,2,2,0.3686724007129669,0.0003793702635448426,0.4090229570865631,0.5888224840164185,0.0017751469276845455
VTM-002876,DG-b9538958ce5c,fluorapatite,2,2,0.6657041311264038,6.945191853446886e-05,7.487326456612209e-06,0.9997527599334717,0.0001703310845186934
VTM-002909,DG-9bbfec4037a2,pyroxene,2,2,0.7150307297706604,1.6078436601674184e-05,0.0008271507103927433,0.9990902543067932,6.652923912042752e-05
VTM-002914,DG-ecd4fac4287f,pyroxene,2,2,0.7883936762809753,4.3754778744187206e-05,5.127572876517661e-06,0.9999372363090515,1.3900958037993405e-05
VTM-002919,DG-356ea2090c53,pyroxene,2,2,0.5716336369514465,0.0010179729433730245,0.05034366622567177,0.9466442465782166,0.001994088524952531
VTM-002931,DG-4b287bf51a6f,pyroxene,2,2,0.5091165900230408,0.0008495374931953847,0.00011250293755438179,0.9987926483154297,0.0002453368797432631
VTM-002936,DG-f2341a4eb33d,pyroxene,2,1,0.4071418046951294,5.501054329215549e-05,0.6301835179328918,0.36948123574256897,0.00028021083562634885
VTM-002938,DG-bc185c527a55,pyroxene,2,2,0.5214259028434753,4.6604531235061586e-05,0.004168644547462463,0.9955341815948486,0.00025052964338101447
VTM-002965,DG-39c6e752f427,pyroxene,2,2,0.617175281047821,2.7048019546782598e-05,6.483981906058034e-06,0.9997249841690063,0.00024148270313162357
VTM-002982,DG-2f45f8a0936b,pyroxene,2,2,0.5365247130393982,0.00017387702246196568,1.2566953955683857e-05,0.9998074769973755,6.077361831557937e-06
VTM-003000,DG-ca7739728c21,pyroxene,2,2,0.5780189633369446,0.012094518169760704,0.03987068310379982,0.9295620322227478,0.018472712486982346
VTM-003001,DG-83d2bf0fab9e,pyroxene,2,2,0.6406010389328003,3.582713543437421e-05,0.0006408992339856923,0.9992442727088928,7.898373587522656e-05
VTM-003018,DG-6a899d32c512,pyroxene,2,2,0.4948055148124695,8.074469405983109e-06,4.087288834853098e-05,0.9999446868896484,6.376736564561725e-06
VTM-003049,DG-4d3059f55084,pyroxene,2,2,0.5662038326263428,2.065602529910393e-06,3.869858119287528e-06,0.999993622303009,4.0692407310416456e-07
VTM-003065,DG-d07ead84c7a2,pyroxene,2,0,0.5136325359344482,0.7615342140197754,0.00955127738416195,0.1771995574235916,0.051714859902858734
VTM-003070,DG-316331c5fc65,pyroxene,2,2,0.4639359712600708,0.008484217338263988,0.0017964477883651853,0.9891372323036194,0.0005820976221002638
VTM-003073,DG-53909db5f730,pyroxene,2,2,0.5167096853256226,0.0006461941520683467,0.0434836745262146,0.9551594257354736,0.0007106594275683165
VTM-003076,DG-27c27a638953,pyroxene,2,2,0.4953225255012512,0.000997197930701077,0.00025848980294540524,0.9986300468444824,0.00011432332394178957
VTM-003089,DG-6e83ee1cd5c2,pyroxene,2,1,0.45858311653137207,0.00041446081013418734,0.9995678067207336,2.845290509867482e-06,1.4917847693141084e-05
VTM-003101,DG-270a257d6333,pyroxene,2,3,0.48102623224258423,0.01779797486960888,0.05095935985445976,0.20469634234905243,0.7265463471412659
VTM-003102,DG-eb49f9733f96,pyroxene,2,0,0.28011569380760193,0.9651640057563782,0.002424482489004731,0.024633286520838737,0.007778236176818609
VTM-003107,DG-eb291857b5f2,pyroxene,2,2,0.7235262393951416,2.2155393253342481e-07,1.443096698494628e-05,0.9999750852584839,1.0226794984191656e-05
VTM-003108,DG-8e63d42ac29e,pyroxene,2,1,0.5544142723083496,0.004624422173947096,0.9916317462921143,0.0032277139835059643,0.0005161155131645501
VTM-003109,DG-5009da639d73,pyroxene,2,2,0.5485379695892334,0.00024545734049752355,0.002699760952964425,0.9083142280578613,0.08874060958623886
VTM-003130,DG-65e305e9a731,pyroxene,2,2,0.5987188816070557,0.001243178965523839,5.9137310017831624e-05,0.9984490275382996,0.00024872046196833253
VTM-003136,DG-5b84681da663,pyroxene,2,2,0.6988547444343567,0.0007990418234840035,1.737493039399851e-05,0.9990530014038086,0.00013057469914201647
VTM-003137,DG-8ff769650c04,pyroxene,2,2,0.7409064769744873,3.0172153856256045e-05,0.00013615212810691446,0.9997079968452454,0.000125687409308739
VTM-003150,DG-a4568071fec7,pyroxene,2,2,0.4474974274635315,5.7072546042036265e-05,0.032176848500967026,0.6882642507553101,0.27950185537338257
VTM-003155,DG-82eaf07a7bdb,pyroxene,2,2,0.6812925338745117,0.0005333341541700065,3.6873225326417014e-05,0.9994013905525208,2.8407546778908e-05
VTM-003166,DG-fefad8b6e176,pyroxene,2,2,0.6564077138900757,0.0001649530604481697,8.82276362972334e-05,0.9996479153633118,9.891549416352063e-05
VTM-003167,DG-fde5f2d58bd6,pyroxene,2,2,0.5034902691841125,0.2625735402107239,0.0054649850353598595,0.7064176797866821,0.025543835014104843
VTM-003171,DG-462d909e6446,pyroxene,2,2,0.42580848932266235,0.04596998170018196,0.18599270284175873,0.7672789096832275,0.0007584041450172663
VTM-003172,DG-de8624b5213f,pyroxene,2,2,0.6294212341308594,2.249911176477326e-06,0.12028483301401138,0.8792446851730347,0.00046815897803753614
VTM-003187,DG-20fae7745a04,pyroxene,2,3,0.3991757035255432,5.400251666287659e-06,0.05001600459218025,2.1224743704806315e-06,0.9499765038490295
VTM-003190,DG-95f9589a4c5f,pyroxene,2,1,0.32262298464775085,0.21887154877185822,0.7188959121704102,0.050050921738147736,0.012181643396615982
VTM-003191,DG-771a6afc0275,pyroxene,2,0,0.2669726312160492,0.8666946887969971,0.006963351741433144,0.010559901595115662,0.11578208208084106
VTM-003192,DG-3d7227aa9b91,pyroxene,2,2,0.7294146418571472,3.231741357012652e-05,0.00040760645060800016,0.9994434118270874,0.0001166714500868693
VTM-003195,DG-9c3b22aefc04,pyroxene,2,2,0.35964569449424744,0.00017086176376324147,0.0012789717875421047,0.9985322952270508,1.786975008144509e-05
VTM-003201,DG-1dd2f524e776,pyroxene,2,2,0.49907615780830383,0.0009715190972201526,0.002894740551710129,0.9942617416381836,0.0018719955114647746
VTM-003210,DG-89f5c9cca930,pyroxene,2,2,0.4093135893344879,0.015417709946632385,0.36829668283462524,0.615196704864502,0.0010889082914218307
VTM-003217,DG-589a19f16dbe,pyroxene,2,2,0.42723900079727173,0.0015384210273623466,0.17977972328662872,0.8142908811569214,0.004390994552522898
VTM-003218,DG-6a0fe6019816,pyroxene,2,2,0.4731425940990448,0.002113062422722578,0.0008285251096822321,0.9968022704124451,0.00025615590857341886
VTM-003235,DG-1793687c7efc,pyroxene,2,0,0.22119013965129852,0.9785646200180054,0.003136636223644018,0.015506528317928314,0.002792259445413947
VTM-003252,DG-c2662337c3f4,pyroxene,2,2,0.33453860878944397,0.006212598644196987,0.0009682219242677093,0.990975022315979,0.0018441572319716215
VTM-003260,DG-88a40d491940,pyroxene,2,1,0.29217085242271423,0.06935125589370728,0.5966966152191162,0.3327038288116455,0.0012483306927606463
VTM-003274,DG-66e6fbd39ec0,pyroxene,2,2,0.5891571044921875,1.5654726439606748e-06,0.00012171016715001315,0.9998341202735901,4.261651702108793e-05
VTM-003299,DG-876b60276a74,pyroxene,2,2,0.4462357759475708,0.038342539221048355,0.042093563824892044,0.591242253780365,0.3283216655254364
VTM-003306,DG-1ee4428aac3b,pyroxene,2,2,0.43716761469841003,0.0010493695735931396,0.017587121576070786,0.7757285833358765,0.2056349217891693
VTM-003316,DG-8a5ae1d39e37,pyroxene,2,1,0.47638845443725586,0.0004794509441126138,0.5660803318023682,0.4095340669155121,0.023906175047159195
VTM-003317,DG-0d894807161b,pyroxene,2,1,0.4744698405265808,0.030170179903507233,0.7787885069847107,0.02435547672212124,0.1666858047246933
VTM-003326,DG-0de282cf4a43,pyroxene,2,2,0.4466974437236786,0.015263172797858715,0.01884082518517971,0.8341191411018372,0.13177688419818878
VTM-003346,DG-ee78988ee792,pyroxene,2,1,0.2519571781158447,0.23792478442192078,0.4296823740005493,0.33230841159820557,8.439747034572065e-05
VTM-003349,DG-a0069817896e,pyroxene,2,2,0.5157536864280701,0.013071643188595772,0.3097216784954071,0.6726087331771851,0.004597926512360573
VTM-003377,DG-097f1d18428b,quartz,2,2,0.5498950481414795,7.844903393561253e-08,0.010220112279057503,0.9897648692131042,1.4972089957154822e-05
VTM-003384,DG-0eb7767ce0ba,quartz,2,2,0.5732316374778748,0.0003529420937411487,0.004450733307749033,0.9731740355491638,0.022022351622581482
VTM-003389,DG-b1744c7cf0c2,quartz,2,2,0.617668628692627,7.125058232304582e-08,0.0004925383836962283,0.9994855523109436,2.185810444643721e-05
VTM-003394,DG-167449254eec,quartz,2,2,0.47882750630378723,2.963832230307162e-06,2.9877774068154395e-05,0.999959409236908,7.711879334237892e-06
VTM-003416,DG-0b638c363e60,quartz,2,2,0.5885473489761353,6.149668365651451e-07,5.498333484865725e-05,0.9999393224716187,5.110339316161117e-06
VTM-003424,DG-7f0121f17922,quartz,2,2,0.6169748306274414,1.5728762718936196e-06,4.48421596956905e-05,0.999941885471344,1.1747234566428233e-05
VTM-003438,DG-c257f06511b6,quartz,2,2,0.6243000030517578,1.737716047500726e-05,0.061095837503671646,0.9387966990470886,9.009916539071128e-05
VTM-003473,DG-0bfd13e84a38,quartz,2,2,0.6182873249053955,0.0003463901812210679,0.0391266904771328,0.9596419334411621,0.0008849753648974001
VTM-003493,DG-52defffa941a,quartz,2,2,0.7037096619606018,1.5507133639403037e-06,1.5490243754356925e-07,0.9999982714653015,6.9722023710028225e-09
VTM-003497,DG-60a63d00b63c,quartz,2,2,0.6150631904602051,0.0004939789650961757,0.002709055785089731,0.9595438241958618,0.037253182381391525
VTM-003505,DG-7173d65b2ce7,quartz,2,2,0.701482355594635,0.00014828683924861252,0.0017608607886359096,0.9971715211868286,0.0009193469304591417
VTM-003512,DG-f9160b87266c,quartz,2,2,0.5673372149467468,0.05039719119668007,0.024656547233462334,0.9207713007926941,0.004175013862550259
VTM-003513,DG-cf3123da1ef5,quartz,2,2,0.4439866840839386,0.0010083981323987246,0.012924042530357838,0.9860265851020813,4.097433702554554e-05
VTM-003516,DG-4026c5251868,quartz,2,2,0.5801820755004883,3.366679811733775e-05,0.007714597973972559,0.9919381141662598,0.00031360017601400614
VTM-003527,DG-875a8bbe2ff4,quartz,2,2,0.6658273339271545,6.75052433507517e-07,0.012222071178257465,0.9876230359077454,0.00015420062118209898
VTM-003549,DG-25715dcbbdb0,quartz,2,2,0.539911687374115,1.4273553460952826e-05,0.00921112485229969,0.9739560484886169,0.01681857369840145
VTM-003562,DG-537b7d49f26f,quartz,2,2,0.4553910791873932,0.018147965893149376,0.2575543224811554,0.723351776599884,0.000945896958000958
VTM-003566,DG-4defa7fa3a5e,quartz,2,2,0.5466101169586182,0.0017750791739672422,0.022318914532661438,0.9754748344421387,0.0004312169039621949
VTM-003567,DG-7e9e27e48328,quartz,2,2,0.3492535650730133,0.011854910291731358,0.025168495252728462,0.9563989043235779,0.006577625870704651
VTM-003569,DG-53a4f289f76f,quartz,2,2,0.58870929479599,1.986394272535108e-05,2.9786247068841476e-06,0.9999728798866272,4.290350261726417e-06
VTM-003577,DG-22dd8e7760ba,quartz,2,2,0.7411475777626038,1.1983099739154568e-06,0.00020877495990134776,0.9997796416282654,1.0371884854976088e-05
VTM-003593,DG-013eb48bba8e,quartz,2,2,0.654434323310852,4.536745109362528e-05,0.0002542732981964946,0.9996599555015564,4.0408438508166e-05
VTM-003603,DG-90e2b90bb2ec,quartz,2,2,0.7285326719284058,0.0003360301780048758,0.0005074106156826019,0.9987480640411377,0.00040852403617464006
VTM-003611,DG-c2f28b733e44,quartz,2,2,0.5229625105857849,0.0001215767624671571,0.0339377298951149,0.9643087387084961,0.0016319294227287173
VTM-003613,DG-4e32ba353abf,quartz,2,2,0.4372978210449219,0.00734067615121603,0.23532119393348694,0.7550985217094421,0.0022396196145564318
VTM-003618,DG-96498eebcd64,quartz,2,2,0.6352956295013428,6.802618008805439e-05,0.022466622292995453,0.9746973514556885,0.002767966128885746
VTM-003633,DG-70dd9e62b8ab,quartz,2,1,0.5561453700065613,0.0028178200591355562,0.7697726488113403,0.22622275352478027,0.0011867396533489227
VTM-003638,DG-3f6e67869303,vesuvianite,2,2,0.3990575969219208,0.00011704323696903884,0.0033861168194562197,0.9941264390945435,0.002370336791500449
VTM-003674,DG-4edb6d8469ab,vesuvianite,2,2,0.5338724255561829,1.2868668818555307e-05,0.0015753395855426788,0.9983924031257629,1.933037128765136e-05
VTM-003675,DG-63275627a9ea,vesuvianite,2,2,0.5393315553665161,1.4821115655649919e-05,0.006350155919790268,0.9931061863899231,0.0005288078100420535
VTM-003681,DG-6ca56a4d7446,vesuvianite,2,2,0.5676568150520325,2.2445162812800845e-06,0.015926439315080643,0.9840555191040039,1.5773715858813375e-05
VTM-003684,DG-9143c728f2e4,vesuvianite,2,2,0.3134458363056183,7.515027391491458e-05,0.0007250431808643043,0.9991822838783264,1.7543155991006643e-05
VTM-003686,DG-f11c31142702,vesuvianite,2,1,0.3599224388599396,0.0038552016485482454,0.7486361265182495,0.2451135814189911,0.002395100425928831
VTM-003699,DG-6fc8c9dd46c2,vesuvianite,2,2,0.30468517541885376,0.018331380560994148,0.10254476964473724,0.8777664303779602,0.0013574464246630669
VTM-003713,DG-9a0dffb9303d,vesuvianite,2,2,0.4936082661151886,0.01802634634077549,0.27939167618751526,0.42169228196144104,0.28088968992233276
VTM-003721,DG-450b654cca09,vesuvianite,2,3,0.503970742225647,1.9550681827240624e-05,0.051130250096321106,0.013235833495855331,0.9356143474578857
VTM-003722,DG-36c1b91e92c4,vesuvianite,2,2,0.3805921971797943,0.003382835304364562,0.00020729558309540153,0.9963207840919495,8.906809671316296e-05
VTM-003729,DG-eae070f6d413,vesuvianite,2,2,0.31897974014282227,0.0027384073473513126,0.0030877680983394384,0.9931422472000122,0.0010315501131117344
VTM-003736,DG-098cd3520726,vesuvianite,2,2,0.4157163202762604,0.060562197118997574,0.038414884358644485,0.8908673524856567,0.010155576281249523
VTM-003750,DG-515956afdf20,vesuvianite,2,2,0.47468146681785583,1.651822094572708e-05,0.00030770813464187086,0.9996742010116577,1.5675167333029094e-06
VTM-003753,DG-f6d60a625935,vesuvianite,2,2,0.4287336766719818,4.415235252963612e-06,0.0006163727957755327,0.9993646740913391,1.4526671293424442e-05
VTM-003757,DG-d452f36e0df9,vesuvianite,2,2,0.5173269510269165,2.343357436984661e-06,0.0003618458576966077,0.9996330142021179,2.799092726490926e-06
VTM-003767,DG-d712b95e8d03,vesuvianite,2,3,0.42947980761528015,0.0004344188782852143,0.008407172746956348,0.37965935468673706,0.611499011516571
VTM-003774,DG-d1bfbb45f49d,vesuvianite,2,2,0.4000622034072876,0.012188111431896687,0.03130636736750603,0.9458784461021423,0.010627025738358498
VTM-003781,DG-a453b1efc70f,vesuvianite,2,2,0.5598343014717102,5.901931581320241e-05,0.0011644208570942283,0.9983860850334167,0.0003904394689016044
VTM-003787,DG-a57f7ec315c0,vesuvianite,2,2,0.52690589427948,0.00012096833961550146,0.0003342899144627154,0.9994809627532959,6.380934792105108e-05
VTM-003814,DG-947f07df57f9,vesuvianite,2,2,0.5797162055969238,1.6273826304313843e-06,6.195830064825714e-05,0.9999299645423889,6.455987659137463e-06
VTM-003824,DG-9034054e323d,vesuvianite,2,2,0.4146646559238434,0.0014945879811421037,0.0005265051731839776,0.9977300763130188,0.000248859403654933
VTM-003832,DG-aedfdef6c9dd,vesuvianite,2,2,0.36652207374572754,0.007224685046821833,0.030812373384833336,0.9535496830940247,0.008413227275013924
VTM-003842,DG-66ccc92610c5,vesuvianite,2,2,0.5271730422973633,0.0001219799742102623,0.0014148830669000745,0.9984531402587891,1.0054433005279861e-05
VTM-003846,DG-65ee9832cb87,vesuvianite,2,2,0.48910412192344666,5.818668068968691e-05,0.003117488231509924,0.996705949306488,0.0001183863278129138
VTM-003861,DG-4b5998612f30,vesuvianite,2,2,0.4073103964328766,0.000122682613437064,0.0011088175233453512,0.9987632632255554,5.205472461966565e-06
VTM-003863,DG-187dda875561,vesuvianite,2,2,0.44181787967681885,0.0007101696101017296,0.013103704899549484,0.9851932525634766,0.0009929363150149584
VTM-003875,DG-b9ac843632dd,vesuvianite,2,2,0.37772420048713684,0.0009656655020080507,0.002267450327053666,0.9705079197883606,0.026258965954184532
VTM-003877,DG-591abe10bfe5,vesuvianite,2,1,0.24984098970890045,0.003314964473247528,0.9952762722969055,0.0009017743868753314,0.0005069662001915276
VTM-003926,DG-66e1a06eb335,vesuvianite,2,2,0.35447609424591064,0.00019205566786695272,0.06196650490164757,0.9374929070472717,0.0003485364723019302
VTM-003928,DG-7baf62e4bd78,vesuvianite,2,1,0.29192811250686646,0.001153562217950821,0.7588356733322144,0.23994389176368713,6.690926238661632e-05
VTM-003935,DG-d80e49ba3f14,vesuvianite,2,2,0.45142662525177,5.565037099586334e-06,1.899353628687095e-05,0.9999741315841675,1.35267680434481e-06
VTM-003946,DG-d67239230354,vesuvianite,2,2,0.47355884313583374,0.004985743202269077,0.17904698848724365,0.8152422904968262,0.0007249886984936893
VTM-003954,DG-d3113b27d149,vesuvianite,2,2,0.3413808345794678,0.002644183114171028,0.0004063936066813767,0.9732596278190613,0.023689765483140945
VTM-003962,DG-c5b5257cfa3d,vesuvianite,2,2,0.44176384806632996,2.3386114662571345e-06,1.2497610441641882e-05,0.9999756813049316,9.469535143580288e-06
VTM-003971,DG-14f935be0016,vesuvianite,2,2,0.6300256252288818,4.765856829180848e-07,7.242753054015338e-05,0.9999253749847412,1.7089880657294998e-06
VTM-003973,DG-14d7772a2cce,vesuvianite,2,2,0.5289703011512756,3.419329732423648e-05,0.0005335014429874718,0.9994269013404846,5.338264145393623e-06
VTM-004006,DG-2e79c7b33fc4,vesuvianite,2,2,0.370991051197052,0.0014615897089242935,0.0004172472399659455,0.9975208044052124,0.0006003801245242357
VTM-004007,DG-662b18f75ed5,vesuvianite,2,2,0.4254607558250427,0.0015124283963814378,0.012123491615056992,0.9818093180656433,0.004554730374366045
VTM-004018,DG-9836822b50db,vesuvianite,2,2,0.4985121786594391,4.179228926659562e-05,0.0016463107895106077,0.9941232204437256,0.004188674036413431
VTM-004023,DG-b626d61ca459,vesuvianite,2,2,0.4756138026714325,1.45388075907249e-05,0.0021964518819004297,0.995445966720581,0.0023430569563061
VTM-004026,DG-59e18c2e392d,vesuvianite,2,2,0.5374293327331543,6.529252232212457e-07,5.993419108563103e-06,0.9999911785125732,2.170753077734844e-06
VTM-004033,DG-06fa710908bb,vesuvianite,2,2,0.3902800381183624,4.9960897740675136e-05,0.003060647752135992,0.996767520904541,0.00012188008986413479
VTM-004040,DG-195887bfa623,vesuvianite,2,2,0.46320274472236633,0.032257240265607834,0.012293126434087753,0.9331749677658081,0.022274628281593323
VTM-004055,DG-e9120d8e1974,vesuvianite,2,1,0.48939254879951477,0.00022462470224127173,0.7984094619750977,0.20048269629478455,0.0008832346647977829
VTM-004059,DG-fbac0c61b5c8,vesuvianite,2,2,0.4311196804046631,0.00024817726807668805,0.00111076096072793,0.9986024498939514,3.863312667817809e-05
VTM-004060,DG-40cc236e2a0b,vesuvianite,2,3,0.3386263847351074,0.04379013553261757,0.07193288207054138,0.3794548511505127,0.5048220753669739
VTM-004064,DG-24d450703173,vesuvianite,2,2,0.3687472939491272,0.0237664133310318,0.1037684753537178,0.8697343468666077,0.0027307537384331226
VTM-004076,DG-628d38eee682,vesuvianite,2,2,0.37142181396484375,0.014296544715762138,0.18395426869392395,0.7761779427528381,0.02557123266160488
VTM-004085,DG-34684666499d,vesuvianite,2,2,0.6758308410644531,3.778326799874776e-06,0.00023398181656375527,0.9997414350509644,2.0804034647881053e-05
VTM-004102,DG-d229bb5b117b,vesuvianite,2,2,0.30794596672058105,0.33340173959732056,0.013315347954630852,0.6259355545043945,0.027347328141331673
VTM-004106,DG-293f69987720,vesuvianite,2,2,0.4933619201183319,2.9045022529317066e-05,0.11949259787797928,0.8804550170898438,2.3355396479018964e-05
VTM-004108,DG-3cca43ecbc30,vesuvianite,2,1,0.4692990481853485,0.0004883896908722818,0.9082142114639282,0.09080488234758377,0.0004925362300127745
VTM-004137,DG-03cb4d8280c5,chalcopyrite,3,3,0.3608401119709015,2.921366558439331e-06,5.328028055373579e-05,1.2978720405953936e-05,0.9999307990074158
VTM-004145,DG-a5e8cf82e011,chalcopyrite,3,0,0.21454249322414398,0.9603031873703003,0.02698577381670475,0.004253404680639505,0.008457631804049015
VTM-004152,DG-b3ea3eabff40,chalcopyrite,3,3,0.36239826679229736,1.6560092262807302e-05,7.600396543239185e-07,3.535722896685911e-07,0.9999822974205017
VTM-004155,DG-a636b5037976,chalcopyrite,3,1,0.368461936712265,4.387044828035869e-05,0.9941022992134094,0.00014513346832245588,0.005708685610443354
VTM-004175,DG-59972296a1e6,chalcopyrite,3,3,0.4079609811306,0.0003201018553227186,0.448634535074234,0.0024501271545886993,0.5485952496528625
VTM-004199,DG-ffab15fd8963,chalcopyrite,3,3,0.34782835841178894,0.030134713277220726,0.01516488753259182,0.0052115535363554955,0.9494888186454773
VTM-004200,DG-f51e3b6143c9,chalcopyrite,3,3,0.28943347930908203,0.02169085294008255,0.00022792293748352677,0.0018510122317820787,0.9762302041053772
VTM-004201,DG-0f59261d4d4f,chalcopyrite,3,3,0.2244272530078888,0.040341634303331375,0.00010922125511569902,4.443550278665498e-05,0.9595047235488892
VTM-004207,DG-56e580b37e9f,chalcopyrite,3,3,0.329342782497406,0.0023476537317037582,0.35968729853630066,0.0088993851095438,0.6290656924247742
VTM-004222,DG-1e0695c4192d,chalcopyrite,3,3,0.5105289816856384,0.322661817073822,0.00041799593600444496,2.9581302442238666e-05,0.6768905520439148
VTM-004224,DG-e130c8625a9a,chalcopyrite,3,3,0.6223798990249634,0.0002741770294960588,4.410490873851813e-06,0.0100557254627347,0.989665687084198
VTM-004239,DG-7569fb280464,chalcopyrite,3,3,0.5559442043304443,0.15103194117546082,0.027931420132517815,0.31511515378952026,0.505921483039856
VTM-004248,DG-e250671dc3de,chalcopyrite,3,3,0.48641398549079895,0.13784581422805786,0.048678360879421234,0.23689937591552734,0.5765764713287354
VTM-004254,DG-791f22659a0e,chalcopyrite,3,3,0.48162421584129333,0.0037856041453778744,0.007793746422976255,0.03516814485192299,0.9532524943351746
VTM-004289,DG-1a0ff4cf7ad0,chalcopyrite,3,3,0.39772263169288635,2.991621883552398e-08,2.1466235011757817e-06,1.897844413178973e-06,0.9999959468841553
VTM-004295,DG-e07f1c25b65b,chalcopyrite,3,3,0.5389829874038696,0.018400181084871292,0.010564034804701805,0.05932384356856346,0.9117119908332825
VTM-004300,DG-57a9dde3b5e2,chalcopyrite,3,3,0.3689340651035309,0.0003951138351112604,0.13713400065898895,0.036144696176052094,0.8263261318206787
VTM-004308,DG-22eb61db09a9,chalcopyrite,3,3,0.2936496138572693,0.00022900143812876195,0.0021590611431747675,0.0010413387790322304,0.9965705871582031
VTM-004325,DG-b207741b0c14,chalcopyrite,3,0,0.14122727513313293,0.848625898361206,0.14190077781677246,0.000375072646420449,0.009098166599869728
VTM-004337,DG-40f5e70ee74e,chalcopyrite,3,3,0.44927406311035156,1.2772967465934926e-06,1.4117272257863078e-05,5.882002733414993e-05,0.9999257922172546
VTM-004339,DG-df0e950690cd,chalcopyrite,3,3,0.26547855138778687,0.038886018097400665,0.0014960815897211432,4.06485705752857e-05,0.9595773220062256
VTM-004347,DG-f40746051508,chalcopyrite,3,3,0.5405029654502869,9.829494229052216e-05,0.22198672592639923,0.06508200615644455,0.7128329873085022
VTM-004368,DG-190a29f63412,chalcopyrite,3,3,0.5574242472648621,2.740279887802899e-05,0.0002488494210410863,1.691363286226988e-05,0.9997068643569946
VTM-004370,DG-9910ec82dbc3,chalcopyrite,3,2,0.6428471803665161,5.244791736913612e-06,0.015821846202015877,0.9615825414657593,0.022590365260839462
VTM-004390,DG-ea9c51520a5e,chalcopyrite,3,3,0.5307071208953857,0.00734694954007864,0.008836178109049797,5.180096559342928e-05,0.9837650656700134
VTM-004398,DG-e5eea438b686,chalcopyrite,3,0,0.3778225779533386,0.6547547578811646,0.19555646181106567,0.0019146816339343786,0.14777407050132751
VTM-004412,DG-9bef6018723c,chalcopyrite,3,3,0.3886204957962036,0.002868342213332653,0.001128815463744104,0.003171522868797183,0.992831289768219
VTM-004418,DG-9aae3020dd0b,chalcopyrite,3,0,0.3478389084339142,0.8068121075630188,0.06824798882007599,0.09520114958286285,0.029738742858171463
VTM-004420,DG-d531c03d0d41,chalcopyrite,3,3,0.4484027922153473,0.0004892100696451962,0.003648134181275964,0.06438443064689636,0.9314782619476318
VTM-004422,DG-379750c68c74,chalcopyrite,3,3,0.4365696310997009,0.022647323086857796,0.13441506028175354,0.06655137240886688,0.7763862609863281
VTM-004428,DG-b470b1746d67,chalcopyrite,3,0,0.3060072660446167,0.9628951549530029,0.0005231582908891141,0.00010376510181231424,0.03647792339324951
VTM-004446,DG-22db508a3ee0,chalcopyrite,3,3,0.35433411598205566,0.0314517468214035,0.0006434833048842847,0.008482610806822777,0.9594221115112305
VTM-004451,DG-41c292ffbe46,goethite,3,3,0.6140062808990479,3.612432919908315e-05,5.686150325345807e-05,0.005677191074937582,0.994229793548584
VTM-004465,DG-b25c7d12c261,goethite,3,3,0.4949924945831299,0.009879237972199917,0.00878150574862957,0.0023109077010303736,0.9790283441543579
VTM-004467,DG-68dfbe9fc626,goethite,3,3,0.3634163737297058,0.02785685658454895,3.3587144571356475e-05,0.00021554248814936727,0.9718940258026123
VTM-004503,DG-0a825a208653,goethite,3,3,0.626244306564331,0.007761860266327858,0.0009781757835298777,0.006485436577349901,0.9847745299339294
VTM-004504,DG-c1aa704d2a6e,goethite,3,0,0.27423831820487976,0.8427547216415405,0.04390178993344307,0.004524556919932365,0.10881894826889038
VTM-004513,DG-b0d63e3d4115,goethite,3,0,0.30935031175613403,0.8179025650024414,0.16980163753032684,0.008487998507916927,0.003807829460129142
VTM-004524,DG-f34d4718785f,goethite,3,3,0.6333827376365662,0.0061425636522471905,0.06579764187335968,0.08333101868629456,0.8447287678718567
VTM-004535,DG-c5ecc3a3de89,goethite,3,3,0.5909953713417053,1.074316787708085e-05,0.007064515259116888,7.471826847904595e-06,0.9929172396659851
VTM-004536,DG-cd5ac65925db,goethite,3,3,0.45218896865844727,0.0002585790352895856,0.0038163065910339355,0.0383199080824852,0.9576051831245422
VTM-004541,DG-5544322fe5dc,goethite,3,3,0.35246607661247253,0.2705410420894623,0.009589238092303276,0.000579796324018389,0.7192898392677307
VTM-004542,DG-566bb1ba97ab,goethite,3,0,0.4192671775817871,0.6535077095031738,0.05776793137192726,0.2402011603116989,0.048523180186748505
VTM-004551,DG-790ba3916d97,goethite,3,3,0.5221489071846008,7.809256931068376e-05,2.634512611621176e-06,0.4350873529911041,0.5648319125175476
VTM-004571,DG-e11f0c422035,goethite,3,3,0.6893703937530518,6.515793211292475e-05,3.500270759104751e-05,0.0022269824985414743,0.9976729154586792
VTM-004590,DG-82a5d3fbebab,goethite,3,3,0.4901888072490692,0.0002904984576161951,0.0027134569827467203,0.00433179410174489,0.9926642775535583
VTM-004591,DG-9b5d4c76e13f,goethite,3,1,0.5187384486198425,1.7404387335773208e-06,0.9985280632972717,0.00014884390111546963,0.0013213778147473931
VTM-004596,DG-ee811f7b2e16,goethite,3,3,0.5025185942649841,0.000317697471473366,0.06559102237224579,0.23343047499656677,0.7006608247756958
VTM-004602,DG-e3cb63300161,goethite,3,3,0.7310081720352173,2.7812269763671793e-05,2.0313534605520545e-06,0.00021887342154514045,0.9997512698173523
VTM-004611,DG-a1546a58cd91,goethite,3,2,0.5692682266235352,0.00025328953051939607,0.0011257423320785165,0.6611675024032593,0.3374535143375397
VTM-004613,DG-89979111c25d,goethite,3,3,0.5751262307167053,0.0008117557736113667,0.019827554002404213,0.0007432972779497504,0.9786174297332764
VTM-004619,DG-7124eccb0fa9,goethite,3,3,0.5604381561279297,0.09413939714431763,4.554371116682887e-05,3.144871152471751e-05,0.9057835936546326
VTM-004633,DG-7551d69f7293,goethite,3,3,0.5610159635543823,6.928098446223885e-05,0.048632171005010605,0.0020876098424196243,0.9492108821868896
VTM-004641,DG-863365ae316e,goethite,3,3,0.6438992023468018,3.700817978824489e-05,0.000576562830246985,0.03649631515145302,0.9628901481628418
VTM-004661,DG-c7e61f41eeb1,goethite,3,3,0.46142497658729553,0.0011296498123556376,0.004305907059460878,0.41284695267677307,0.5817175507545471
VTM-004662,DG-ff3c831b2bc9,goethite,3,3,0.5593597292900085,0.02252287231385708,0.0026894586626440287,5.715713086829055e-06,0.9747819900512695
VTM-004680,DG-c885724d568f,goethite,3,3,0.6243477463722229,0.00019984450773335993,8.512711065122858e-05,3.1563198717776686e-05,0.9996834397315979
VTM-004687,DG-2eded55bf079,goethite,3,3,0.5848976373672485,0.000611789058893919,8.75399709912017e-05,0.0008872242760844529,0.9984134435653687
VTM-004696,DG-0c9925831678,goethite,3,3,0.6026500463485718,0.0330650731921196,1.7350654161418788e-05,0.005116368178278208,0.9618011713027954
VTM-004701,DG-3634551650f6,goethite,3,3,0.7232235074043274,1.2077216524630785e-06,0.00015405782323796302,6.0108995967311785e-05,0.9997845888137817
VTM-004736,DG-5065b4a871df,hematite,3,1,0.5225470662117004,0.0004813640262000263,0.9904347062110901,0.0003100389149039984,0.008773840963840485
VTM-004751,DG-3f9343259002,hematite,3,0,0.5824021697044373,0.8643844127655029,0.08264511823654175,0.015742585062980652,0.037227898836135864
VTM-004764,DG-35a355eecef9,hematite,3,3,0.6119897961616516,0.050670724362134933,0.0001926642144098878,0.001589436549693346,0.947547197341919
VTM-004776,DG-e649d7ebea33,hematite,3,3,0.5137128829956055,0.0026752538979053497,0.0023406068794429302,0.002489104401320219,0.9924950003623962
VTM-004786,DG-f3a4e0b6555c,hematite,3,3,0.5218526721000671,0.05555124953389168,0.025311456993222237,0.1563960462808609,0.7627412676811218
VTM-004795,DG-2103504c4bdb,hematite,3,3,0.48592162132263184,5.289466571412049e-05,0.02059074304997921,0.000508961093146354,0.9788473844528198
VTM-004806,DG-fc9524d09b95,hematite,3,2,0.5111795663833618,0.00028419287991710007,0.016417158767580986,0.9807531833648682,0.002545512281358242
VTM-004826,DG-b7a0b5815b3e,hematite,3,3,0.4512515366077423,0.05289030075073242,0.14316193759441376,0.13057982921600342,0.6733679175376892
VTM-004831,DG-a8213982e46a,hematite,3,3,0.7590446472167969,3.642981027951464e-07,1.1641955097729806e-06,6.842490165581694e-07,0.9999977350234985
VTM-004849,DG-18f3860bdb05,hematite,3,3,0.49446526169776917,0.0013781243469566107,0.08086936920881271,0.2874153256416321,0.6303372383117676
VTM-004859,DG-36609173255a,hematite,3,2,0.4940741956233978,0.007646060548722744,0.02587021142244339,0.9143852591514587,0.05209846422076225
VTM-004877,DG-4967513704bf,hematite,3,1,0.48943954706192017,0.02349928393959999,0.9047543406486511,0.016644790768623352,0.055101584643125534
VTM-004881,DG-9bde80e0c14c,hematite,3,1,0.4187561571598053,1.7636018583289115e-06,0.9999966621398926,1.1827054322566255e-06,4.0549289792579657e-07
VTM-004882,DG-769f57cd2cf8,hematite,3,3,0.29017534852027893,0.4229297935962677,0.028577866032719612,0.0005034364876337349,0.5479889512062073
VTM-004883,DG-d8f9fa7c1040,hematite,3,0,0.17668762803077698,0.7126458287239075,0.0055802552960813046,0.00699143810197711,0.2747825086116791
VTM-004892,DG-0b02904cd2d9,hematite,3,1,0.3984852433204651,1.2340419743850362e-05,0.9997431039810181,1.7388856576872058e-05,0.00022717576939612627
VTM-004893,DG-0dd74fec7b9f,hematite,3,3,0.6931484341621399,6.503761687781662e-05,0.001252946793101728,0.0027942764572799206,0.9958877563476562
VTM-004903,DG-03ee3b4153cc,hematite,3,0,0.30600258708000183,0.8891894817352295,0.007731564808636904,0.0038859525229781866,0.0991930365562439
VTM-004907,DG-78b3d3ddbae7,hematite,3,1,0.41659149527549744,0.0007582352263852954,0.8264321684837341,0.11807908117771149,0.05473046377301216
VTM-004919,DG-f36a83941799,hematite,3,1,0.1692681461572647,0.09943003207445145,0.8998991847038269,0.000369299843441695,0.0003015446709468961
VTM-004926,DG-8097974f3dde,hematite,3,0,0.4303954243659973,0.5175432562828064,4.0900496969698e-05,0.0010285102762281895,0.48138728737831116
VTM-004936,DG-a8b68565511e,hematite,3,2,0.702601432800293,3.6808265576837584e-05,0.07927947491407394,0.7471482157707214,0.17353549599647522
VTM-004937,DG-ab5809dd5da8,hematite,3,2,0.3907570540904999,0.006164636462926865,0.024464350193738937,0.5853677988052368,0.3840031623840332
VTM-004951,DG-8c3dbde4dc22,hematite,3,3,0.4575357735157013,0.42463839054107666,0.05130293220281601,0.008246890269219875,0.5158118009567261
VTM-004954,DG-65c13edaf745,hematite,3,1,0.2815137803554535,0.2413199245929718,0.7499931454658508,0.001388305681757629,0.00729861855506897
VTM-004960,DG-4bd8424d7cae,hematite,3,2,0.465768963098526,9.957828297046944e-05,0.0077466513030231,0.990505039691925,0.001648738980293274
VTM-004964,DG-789f52be1e9c,hematite,3,1,0.44305872917175293,0.0008788604172877967,0.8275560736656189,0.0007080102222971618,0.17085705697536469
VTM-004965,DG-ec5605c40be2,hematite,3,2,0.5849725604057312,0.1438797265291214,0.0007642309064976871,0.7956173419952393,0.05973871797323227
VTM-004978,DG-c1d8c5df3846,hematite,3,3,0.4769369959831238,0.028490709140896797,0.0018432576907798648,0.008500109426677227,0.9611659049987793
VTM-005011,DG-9f846ac38613,hematite,3,2,0.5164024829864502,5.477274680742994e-05,0.0009212258155457675,0.9986108541488647,0.00041318245348520577
VTM-005013,DG-004213fd6a05,hematite,3,3,0.5892257690429688,0.0041360617615282536,0.36377838253974915,0.13763879239559174,0.4944467544555664
VTM-005015,DG-b8ee37c13b84,hematite,3,0,0.32523009181022644,0.6296907067298889,0.005002236925065517,0.03743830695748329,0.3278687596321106
VTM-005037,DG-254019202fdb,pyrite,3,3,0.36058714985847473,0.0014168156776577234,0.10383597016334534,0.012770555913448334,0.8819766640663147
VTM-005057,DG-99844870524b,pyrite,3,2,0.6799451112747192,6.656378900515847e-06,4.0561881178291515e-05,0.9506511092185974,0.04930168390274048
VTM-005062,DG-3c5a676ef940,pyrite,3,1,0.31206491589546204,0.0003822007856797427,0.9881643652915955,2.658672383404337e-05,0.01142685767263174
VTM-005067,DG-b4d0b6499ae1,pyrite,3,3,0.3180329501628876,0.0010115663753822446,0.021982967853546143,0.0007276874966919422,0.976277768611908
VTM-005074,DG-e676ba76f662,pyrite,3,3,0.21798408031463623,1.0448912917127018e-06,0.007462845649570227,8.856312342686579e-05,0.992447555065155
VTM-005102,DG-2b0ce78a18cf,pyrite,3,3,0.29112327098846436,4.5518888214246545e-07,0.00045929636689834297,6.48551358608529e-05,0.999475359916687
VTM-005106,DG-edc03301ed52,pyrite,3,3,0.4075111746788025,0.026622680947184563,0.21013551950454712,0.01649037003517151,0.7467514276504517
VTM-005111,DG-c9c7f1af00da,pyrite,3,3,0.18608853220939636,0.019085895270109177,0.00019651027105282992,3.10948453261517e-05,0.9806864857673645
VTM-005132,DG-db5c3921883f,pyrite,3,3,0.4113229811191559,0.2185598760843277,0.23936255276203156,0.04106539487838745,0.5010121464729309
VTM-005136,DG-eab6e568fca2,pyrite,3,3,0.6150514483451843,1.0973248208756559e-05,0.3082110583782196,0.02224820666015148,0.6695297956466675
VTM-005139,DG-015a32b12348,pyrite,3,3,0.4510025680065155,0.00038842426147311926,0.000518562039360404,0.00010479632328497246,0.9989882707595825
VTM-005144,DG-b447ded5a7f9,pyrite,3,3,0.4628804326057434,9.364299330627546e-05,0.00036814776831306517,2.3249890546139795e-06,0.999535858631134
VTM-005145,DG-17eb62a05995,pyrite,3,2,0.6024458408355713,0.00027706142282113433,0.008430687710642815,0.9794360399246216,0.011856180615723133
VTM-005178,DG-2d82b0c36628,pyrite,3,1,0.5213255882263184,0.02252967469394207,0.8396041989326477,0.04490181431174278,0.092964306473732
VTM-005182,DG-b51949e7b2e2,pyrite,3,3,0.2574562132358551,0.051721859723329544,0.0007155795465223491,0.007654604036360979,0.939907968044281
VTM-005184,DG-20dc4e724938,pyrite,3,3,0.2287987619638443,0.04135701060295105,0.0007912641740404069,0.023963680490851402,0.9338880181312561
VTM-005189,DG-7d07d7ad37f5,pyrite,3,0,0.2131079137325287,0.4831080436706543,0.3417627513408661,0.001492959214374423,0.1736362874507904
VTM-005202,DG-017a1586ac26,pyrite,3,3,0.5254356265068054,0.020793555304408073,0.04150645062327385,0.2747010290622711,0.6629989147186279
VTM-005207,DG-6017bfeda9e7,pyrite,3,2,0.551368236541748,0.00036542091402225196,0.0008885313873179257,0.9905022382736206,0.008243782445788383
VTM-005211,DG-1387f1c5cef6,pyrite,3,3,0.35341471433639526,3.4673426853260025e-05,1.211505696119275e-05,0.00014420982915908098,0.9998090267181396
VTM-005234,DG-d3b9b5d7fd7d,pyrite,3,3,0.3351449966430664,8.104588050628081e-05,0.0018632968422025442,0.00019198669178877026,0.9978636503219604
VTM-005241,DG-bb537794a606,pyrite,3,3,0.3461732864379883,0.0011351794237270951,0.00022697886743117124,0.0002128726482624188,0.9984249472618103
VTM-005245,DG-dcb832ddbd03,pyrite,3,3,0.38660258054733276,0.00039447308517992496,0.41068294644355774,0.07022449374198914,0.5186980962753296
VTM-005254,DG-b366a9bbbfdc,pyrite,3,2,0.35062605142593384,0.03645927086472511,0.29234305024147034,0.6663232445716858,0.004874426405876875
VTM-005263,DG-3081169c4d16,pyrite,3,3,0.539149284362793,0.00024421370471827686,2.088660949084442e-05,0.015460231341421604,0.984274685382843
VTM-005284,DG-1b585a59ad79,pyrite,3,3,0.3129535913467407,0.08632168918848038,0.0012219342170283198,0.43969976902008057,0.47275665402412415
VTM-005287,DG-821438e5afc8,pyrite,3,0,0.24257728457450867,0.9490638971328735,0.004408752545714378,5.523630193238205e-07,0.04652678966522217
VTM-005289,DG-2f8b0ab0f8ac,pyrite,3,3,0.35985681414604187,0.01834135130047798,0.0016592051833868027,1.4007276831762283e-06,0.9799980521202087
VTM-005304,DG-3f3ea9638ade,pyrite,3,3,0.36718565225601196,0.0004215701774228364,0.0001495053293183446,6.0505717556225136e-05,0.99936842918396
VTM-005319,DG-5e7536848ebf,pyrite,3,3,0.36953800916671753,1.6004735243768664e-06,9.924677578965202e-05,0.0009612785652279854,0.9989379048347473
VTM-005323,DG-624ea6fd1a89,pyrite,3,2,0.6632375717163086,0.00016137410420924425,0.006586016155779362,0.9364938139915466,0.0567588247358799
VTM-005336,DG-3149ee858b1d,anatase,1,1,0.4003724455833435,0.006666968110948801,0.5464749932289124,0.445320188999176,0.0015378212556242943
VTM-005346,DG-a212476f0e24,anatase,1,1,0.343157023191452,0.012426177971065044,0.9491778612136841,0.037789858877658844,0.0006061535677872598
VTM-005361,DG-b149ba2cb086,anatase,1,1,0.4391520023345947,0.0013250343035906553,0.9750820994377136,0.02148703671991825,0.002105884486809373
VTM-005378,DG-5b021d05121c,anatase,1,3,0.505233645439148,5.718578449886991e-06,0.014146185480058193,0.003267113585025072,0.9825809597969055
VTM-005380,DG-f29079b5613c,anatase,1,1,0.2534138560295105,1.881734533526469e-05,0.9999401569366455,2.279050477227429e-06,3.877362178172916e-05
VTM-005385,DG-2131992c4dec,anatase,1,1,0.23241189122200012,0.0007517806952819228,0.9960731267929077,0.0028754277154803276,0.0002997247502207756
VTM-005386,DG-9e3198cf05b8,anatase,1,1,0.19322119653224945,0.14704342186450958,0.8495277762413025,5.1085171435261145e-05,0.003377721179276705
VTM-005394,DG-213eff94626c,anatase,1,1,0.46530428528785706,0.002763691358268261,0.6544878482818604,0.33057162165641785,0.012176834978163242
VTM-005406,DG-dae8ad2f36ee,anatase,1,1,0.21642576158046722,1.885873825813178e-05,0.9999779462814331,7.475000529666431e-07,2.4374380700464826e-06
VTM-005415,DG-f9be190cdda3,anatase,1,2,0.4693116545677185,2.5821582312346436e-05,0.22776572406291962,0.7721512317657471,5.726301242248155e-05
VTM-005417,DG-c259932f598d,anatase,1,1,0.1633308231830597,0.12550663948059082,0.8728805184364319,0.00043493692646734416,0.0011779122287407517
VTM-005418,DG-08e9f2c1dfba,anatase,1,1,0.4023464620113373,4.041969987156335e-06,0.9976392984390259,0.0023423009552061558,1.4370313692779746e-05
VTM-005433,DG-45f7b30a13f5,anatase,1,1,0.3705168664455414,3.452979217399843e-05,0.9580442905426025,0.03915967792272568,0.0027615695726126432
VTM-005445,DG-b43ea7f3a313,anatase,1,0,0.2697620391845703,0.8616284132003784,0.07503912597894669,0.0009808799950405955,0.062351543456315994
VTM-005458,DG-50f1e9505f76,anatase,1,1,0.4840471148490906,0.0009959879098460078,0.6493957042694092,0.00025555447791703045,0.34935280680656433
VTM-005467,DG-9c63372a2b99,anatase,1,2,0.5420750379562378,0.00010979604121530429,0.005058853421360254,0.9339527487754822,0.060878608375787735
VTM-005482,DG-659366388893,anatase,1,1,0.24951261281967163,0.03629923611879349,0.7582708597183228,0.1507108211517334,0.05471902713179588
VTM-005486,DG-05835c7394fc,anatase,1,0,0.11255273967981339,0.7423103451728821,0.25697287917137146,0.0004334679979365319,0.00028332057991065085
VTM-005489,DG-a933844c528e,anatase,1,2,0.31412097811698914,0.00817470159381628,0.15238039195537567,0.8389829993247986,0.0004619001119863242
VTM-005494,DG-8d8a82e8221e,anatase,1,1,0.3862544894218445,0.006832498591393232,0.9623808264732361,0.028806237503886223,0.0019804597832262516
VTM-005507,DG-3900464f533f,anatase,1,1,0.4080234467983246,0.004038147162646055,0.9761396050453186,0.007324183359742165,0.012498087249696255
VTM-005533,DG-12c55890ddbd,anatase,1,1,0.3452034294605255,4.149534652242437e-05,0.9998103380203247,3.5145747006026795e-06,0.0001446848618797958
VTM-005538,DG-21c371c33ed3,anatase,1,1,0.3560273051261902,6.433451198972762e-05,0.9976716637611389,0.0021660139318555593,9.800981206353754e-05
VTM-005541,DG-437a22bd4b75,anatase,1,1,0.4281250238418579,0.0004874018195550889,0.9784278869628906,0.01937197335064411,0.0017127575119957328
VTM-005544,DG-e42568faf0c1,anatase,1,1,0.4417322278022766,0.006912424694746733,0.8042507767677307,0.09806991368532181,0.09076689928770065
VTM-005545,DG-83710705536d,anatase,1,1,0.40638431906700134,0.0011367221595719457,0.9659420847892761,0.028603050857782364,0.004318151157349348
VTM-005564,DG-b6b206543214,anatase,1,1,0.36088016629219055,0.00030320597579702735,0.9993582367897034,7.80880291131325e-05,0.0002603998582344502
VTM-005572,DG-b1ac96405b6f,anatase,1,2,0.42628467082977295,0.001843853504396975,0.3520258069038391,0.6456283926963806,0.0005019680829718709
VTM-005582,DG-9396bdd17958,anatase,1,1,0.46806600689888,0.08755025267601013,0.8340400457382202,0.06151510775089264,0.016894569620490074
VTM-005587,DG-c05ff4d0658f,anatase,1,1,0.2696712613105774,6.0403683164622635e-05,0.9993634223937988,0.0004856344312429428,9.056672570295632e-05
VTM-005605,DG-6b3f3aec1405,anatase,1,1,0.35765087604522705,2.6269437512382865e-05,0.9864140152931213,0.013517147861421108,4.2568124626995996e-05
VTM-005616,DG-e8f3c4a4ddbe,anatase,1,1,0.29026633501052856,6.6539732870296575e-06,0.9995941519737244,0.00039661748451180756,2.5421607006137492e-06
VTM-005629,DG-ed2f2deb6fd7,anatase,1,1,0.2684653103351593,0.0007897255709394813,0.9961019158363342,0.0011500355321913958,0.0019583438988775015
VTM-005642,DG-9c94a31bbfea,anatase,1,1,0.30381619930267334,0.0034974878653883934,0.6084384918212891,0.38802385330200195,4.025016096420586e-05
VTM-005653,DG-cabec6b110ac,anatase,1,1,0.3716486692428589,3.583370926207863e-06,0.9978863596916199,0.002088274108245969,2.1827798263984732e-05
VTM-005654,DG-dd082813bbc6,anatase,1,1,0.41654375195503235,1.7003789253067225e-05,0.9787105321884155,0.020904162898659706,0.0003682649985421449
VTM-005656,DG-1d85c0020088,anatase,1,2,0.5701847076416016,6.580811168532819e-05,0.0769704282283783,0.8430504202842712,0.07991331815719604
VTM-005669,DG-d020b472f9b0,anatase,1,0,0.20816020667552948,0.7942718267440796,0.20493119955062866,0.00017416817718185484,0.0006227731937542558
VTM-005670,DG-b4c666cef21a,anatase,1,0,0.41747602820396423,0.5340638756752014,0.10298219323158264,0.1715635359287262,0.19139036536216736
VTM-005677,DG-1756b320f36b,anatase,1,1,0.5204702615737915,0.0017976241651922464,0.5384386777877808,0.4320889115333557,0.02767479233443737
VTM-005682,DG-713619ec862e,anatase,1,1,0.37361717224121094,0.0020095331128686666,0.9969951510429382,0.0009366639424115419,5.8586661907611415e-05
VTM-005692,DG-fbbe7f9885cd,anatase,1,1,0.5409418940544128,0.0010121895465999842,0.5521591901779175,0.43055835366249084,0.016270289197564125
VTM-005706,DG-c6cb0c15edb5,anatase,1,1,0.2931835353374481,0.00023997302923817188,0.9987183809280396,7.656005618628114e-05,0.0009650751017034054
VTM-005715,DG-acfc7cc85cb1,anatase,1,0,0.42304036021232605,0.5254653096199036,0.2966480553150177,0.15934431552886963,0.01854228973388672
VTM-005720,DG-acfc7cc85cb1,anatase,1,1,0.4890017509460449,0.04359208047389984,0.7257631421089172,0.2249380201101303,0.0057067652232944965
VTM-005724,DG-60c8682c7d23,anatase,1,1,0.28950491547584534,0.0014859794173389673,0.9935842156410217,0.004387753549963236,0.0005420373054221272
VTM-005744,DG-ca38cda4fae2,anatase,1,1,0.3186776638031006,0.0404532216489315,0.8318979740142822,0.00207439623773098,0.12557439506053925
VTM-005745,DG-5c1a21b638ff,anatase,1,1,0.3168146312236786,0.21953988075256348,0.7419983744621277,0.021964946761727333,0.016496803611516953
VTM-005750,DG-49291462e044,anatase,1,1,0.37365126609802246,0.0020045144483447075,0.9757785201072693,0.021565821021795273,0.0006511384272016585
VTM-005751,DG-5d0f36bd5908,anatase,1,1,0.3440823256969452,0.006786939688026905,0.9738707542419434,0.011284710839390755,0.00805757101625204
VTM-005767,DG-0a3e27d61744,anatase,1,2,0.5248692035675049,8.782557415543124e-05,0.0512828528881073,0.7873114347457886,0.1613178551197052
VTM-005770,DG-2d5c07465c62,anatase,1,1,0.22443877160549164,0.0030672159045934677,0.9964854121208191,0.00037170667201280594,7.569980516564101e-05
VTM-005776,DG-680dd5bb102e,anatase,1,1,0.2073085606098175,0.0012960419990122318,0.9973651170730591,0.0012750884052366018,6.371769995894283e-05
VTM-005778,DG-e8f5c39b1e5f,anatase,1,0,0.17837898433208466,0.947628378868103,0.049379102885723114,0.000174899774719961,0.002817622385919094
VTM-005784,DG-d23005e0bceb,anatase,1,1,0.5054434537887573,0.00029190274653956294,0.8113220930099487,0.18820245563983917,0.00018352738698013127
VTM-005799,DG-9317a8b8f2a9,anatase,1,1,0.38057276606559753,0.22025436162948608,0.7159919738769531,0.06131501868367195,0.002438671188428998
VTM-005805,DG-eae3ed981d24,anatase,1,1,0.4994976818561554,0.00023189480998553336,0.8089889287948608,0.19071216881275177,6.702804239466786e-05
VTM-005835,DG-0c776d0577eb,anatase,1,1,0.2459217756986618,0.0001135886341216974,0.9260334968566895,0.07375825196504593,9.468870121054351e-05
VTM-005847,DG-0cf1f3555416,anatase,1,1,0.33822354674339294,0.0011575059033930302,0.9985278844833374,0.00030660684569738805,8.025476745388005e-06
VTM-005849,DG-da5f12e0e4a4,anatase,1,1,0.3149969279766083,1.1718922905856743e-05,0.903611421585083,0.07896647602319717,0.017410453408956528
VTM-005854,DG-b3cd54094dcf,anatase,1,1,0.5193417072296143,5.490550680775641e-09,0.9997454881668091,1.6222258636844344e-05,0.00023829170095268637
VTM-005861,DG-61d3d6c8c87c,anatase,1,1,0.25429767370224,0.05224298685789108,0.8930975794792175,0.047641001641750336,0.007018432952463627
VTM-005866,DG-c7c48942d6ce,anatase,1,1,0.2741483449935913,0.017021505162119865,0.8329058885574341,0.06489839404821396,0.08517424762248993
VTM-005867,DG-3b43c5c2e58b,anatase,1,1,0.2689501643180847,0.00016568465798627585,0.9995909333229065,0.0001168527378467843,0.00012649207201320678
VTM-005870,DG-97346d76139a,anatase,1,1,0.31110820174217224,0.0006206724792718887,0.9988637566566467,0.00011736148007912561,0.0003981961926911026
VTM-005880,DG-568ec803f6c9,anatase,1,1,0.26814207434654236,0.0002667957451194525,0.9996122121810913,9.701128874439746e-05,2.3993448849068955e-05
VTM-005885,DG-2ae7725e28bb,anatase,1,1,0.3375035226345062,1.7960343257072964e-06,0.9963614344596863,0.0030941942241042852,0.0005425139097496867
VTM-005895,DG-132f044f6d46,anatase,1,1,0.28874945640563965,0.00010881437628995627,0.9998827576637268,1.737419275116281e-08,8.433094990323298e-06
VTM-005903,DG-ae7c76abd0e7,anatase,1,1,0.353546679019928,0.001574574620462954,0.8629111051559448,0.13176889717578888,0.003745469730347395
VTM-005929,DG-481426ed9d47,anatase,1,0,0.25874564051628113,0.936509370803833,0.05801377817988396,0.005296775139868259,0.00018006068421527743
VTM-005937,DG-4425f339563f,anatase,1,3,0.6111003160476685,0.0048957327380776405,0.0043344940058887005,0.0021689964924007654,0.9886007308959961
VTM-005946,DG-043ac1fee3d4,anatase,1,3,0.49203798174858093,0.0003299593518022448,0.24043332040309906,0.15870383381843567,0.6005328893661499
VTM-005947,DG-96bc918d08ab,anatase,1,2,0.555383563041687,0.0001801289909053594,0.0014841868542134762,0.9982478618621826,8.790120773483068e-05
VTM-005950,DG-d58902e949cf,anatase,1,1,0.23274126648902893,0.20777668058872223,0.46023547649383545,0.33096423745155334,0.0010236190864816308
VTM-005959,DG-2668fb757267,anatase,1,1,0.3697616457939148,0.0013746328186243773,0.995920717716217,0.0001735871919663623,0.002531027188524604
VTM-005963,DG-84a0a194dc30,anatase,1,2,0.4191635549068451,0.0057210419327020645,0.2743210792541504,0.66436368227005,0.05559422820806503
VTM-005991,DG-37ce58f9a71b,anatase,1,2,0.4747976064682007,0.011015573516488075,0.15381653606891632,0.8344765901565552,0.0006913284887559712
VTM-005998,DG-3bded29fb736,anatase,1,1,0.29492416977882385,0.00013564727851189673,0.9996980428695679,4.0459442971041426e-05,0.0001258525880984962
VTM-006007,DG-104b2c508b47,anatase,1,1,0.3098423480987549,0.00031089168624021113,0.9946611523628235,0.004274771083146334,0.0007531249430030584
VTM-006018,DG-c860d0248218,anatase,1,1,0.36218228936195374,0.0015208895783871412,0.9655095934867859,0.031493689864873886,0.0014758083270862699
VTM-006027,DG-39ce6d397743,anatase,1,1,0.3528529703617096,0.0012875912943854928,0.996882438659668,0.0006422856240533292,0.0011876809876412153
VTM-006039,DG-538a5cd77f21,anatase,1,1,0.2717604637145996,0.00010561710951151326,0.9938432574272156,0.005288788583129644,0.0007623492856509984
VTM-006040,DG-b1f45917babf,anatase,1,1,0.4651753306388855,0.00104879355058074,0.5686625242233276,0.34355226159095764,0.08673642575740814
VTM-006042,DG-ceb0192f51e1,anatase,1,1,0.3487004339694977,1.7999462897932972e-06,0.998984158039093,0.0007832405972294509,0.00023076857905834913
VTM-006049,DG-1f15edf7d003,anatase,1,1,0.37300699949264526,0.0006516397697851062,0.9982256293296814,0.0009332251502200961,0.00018953054677695036
VTM-006051,DG-601f95d04581,anatase,1,1,0.6156975626945496,5.986896212561987e-06,0.6739264130592346,0.32143718004226685,0.004630452021956444
VTM-006053,DG-d78d2dfe2bcf,anatase,1,1,0.347565621137619,5.834117928316118e-06,0.9990547299385071,0.0009073276887647808,3.212018418707885e-05
VTM-006078,DG-edfe25bba75f,anatase,1,1,0.32605674862861633,0.009989051148295403,0.9639462232589722,0.011163761839270592,0.014900962822139263
VTM-006082,DG-98e81feb4fe8,anatase,1,1,0.2847122251987457,0.029804594814777374,0.9392961263656616,0.028345083817839622,0.0025542278308421373
VTM-006088,DG-469cddc8381b,anatase,1,1,0.3841766119003296,0.0021151539403945208,0.9929637908935547,0.0048019480891525745,0.00011910791363334283
VTM-006094,DG-6a834fd64d19,anatase,1,1,0.5606463551521301,1.049507045536302e-05,0.7803786396980286,0.21848198771476746,0.0011288529494777322
VTM-006098,DG-3ed15375e869,anatase,1,3,0.28579020500183105,0.00380571442656219,0.3972584903240204,0.00011024008563254029,0.5988256335258484
VTM-006101,DG-34f9aa3cc4c2,anatase,1,1,0.4631377160549164,0.033263374119997025,0.7523220777511597,0.21375198662281036,0.0006625214009545743
VTM-006113,DG-3ea250d09846,anatase,1,1,0.33841514587402344,0.0017635943368077278,0.956762433052063,0.041168566793203354,0.0003054476110264659
VTM-006117,DG-c10118bf2fc4,anatase,1,1,0.28011375665664673,9.374446381116286e-05,0.9981417655944824,0.0017103495774790645,5.414366751210764e-05
VTM-006143,DG-160a05e6c1b1,anatase,1,1,0.23523637652397156,0.0006467297207564116,0.9980656504631042,0.0010187324369326234,0.0002688938984647393
VTM-006149,DG-5567451d4304,anatase,1,3,0.5451864004135132,0.00030118576250970364,0.13999401032924652,0.0948546752333641,0.7648500800132751
VTM-006152,DG-addc2c073362,anatase,1,1,0.49074336886405945,0.00024353399930987507,0.4256301522254944,0.2772355377674103,0.2968907356262207
VTM-006156,DG-949d12188648,anatase,1,0,0.35069966316223145,0.8186918497085571,0.1482669711112976,0.0005073731881566346,0.03253382444381714
VTM-006157,DG-148c44f2201f,anatase,1,1,0.3876626789569855,3.0776020139455795e-05,0.9998299479484558,7.151083991630003e-05,6.779676914447919e-05
VTM-006165,DG-7dec16db5cba,anatase,1,1,0.36073940992355347,0.018529027700424194,0.9797108173370361,0.00041013240115717053,0.0013500560307875276
VTM-006179,DG-5d8a52bdcbe9,anatase,1,1,0.37017524242401123,4.312416058382951e-05,0.9992597103118896,0.000222410773858428,0.00047477916814386845
VTM-006196,DG-a1043c7bb269,anatase,1,1,0.37638264894485474,2.3437722120434046e-05,0.9986212849617004,0.0007031259010545909,0.0006521455943584442
VTM-006232,DG-c2e1b49c4eab,anatase,1,1,0.3731101155281067,0.0011150042992085218,0.9206072092056274,0.04461151733994484,0.03366629779338837
VTM-006235,DG-896bfb106724,anatase,1,1,0.40143445134162903,1.485204938944662e-05,0.9815959930419922,0.0002265562943648547,0.018162580206990242
VTM-006244,DG-87fee055cb0f,anatase,1,1,0.4368528723716736,0.0007838308811187744,0.6560671329498291,0.29101017117500305,0.052138760685920715
VTM-006252,DG-b71f7a0eedef,anatase,1,0,0.25114706158638,0.9801875352859497,0.01842908002436161,0.00010470084816915914,0.0012786118313670158
VTM-006255,DG-457ca85147b4,anatase,1,2,0.3661440312862396,0.0265879537910223,0.04317261651158333,0.9148440361022949,0.015395384281873703
VTM-006257,DG-897610d3f51d,anatase,1,0,0.2176564782857895,0.9547852277755737,0.028870273381471634,2.200857096568143e-07,0.016344277188181877
VTM-006285,DG-8f5c4b4d6175,anatase,1,0,0.18779294192790985,0.771954357624054,0.12574432790279388,0.102165587246418,0.00013576520723290741
VTM-006291,DG-02083579fa1d,anatase,1,2,0.4376731514930725,0.0018557150615379214,0.12924687564373016,0.8685468435287476,0.00035050659789703786
VTM-006325,DG-d03ad24a0029,anatase,1,2,0.43589892983436584,0.07053671032190323,0.1433762162923813,0.7786931395530701,0.007393943145871162
VTM-006346,DG-40c917b5ff36,anatase,1,1,0.47181233763694763,0.0007608001469634473,0.9814443588256836,0.0004979157820343971,0.01729697547852993
VTM-006353,DG-4e8866b518a1,anatase,1,1,0.27232927083969116,0.00038238291745074093,0.9986737966537476,0.0007458564941771328,0.00019797298591583967
VTM-006361,DG-338e12f998d7,anatase,1,1,0.22900646924972534,0.05680349841713905,0.8840345144271851,0.052877046167850494,0.006284903269261122
VTM-006371,DG-2e92eedabd9c,anatase,1,1,0.33548107743263245,4.278143751434982e-05,0.9988057613372803,0.00027400910039432347,0.000877435493748635
VTM-006409,DG-c37555994414,anatase,1,1,0.25913721323013306,1.220355557052244e-06,0.9999079704284668,4.0098922909237444e-05,5.070862971479073e-05
VTM-006410,DG-022ae13da487,anatase,1,1,0.3534710109233856,0.06925611943006516,0.800189197063446,0.1278482973575592,0.0027063896413892508
VTM-006411,DG-aee52280e28c,anatase,1,1,0.12063191086053848,0.0032602346036583185,0.9964879155158997,0.00025102077051997185,8.170526939466072e-07
VTM-006413,DG-c1ac36574047,anatase,1,1,0.4179360270500183,1.3403209777607117e-05,0.9731295704841614,0.0044373078271746635,0.022419730201363564
VTM-006426,DG-d4b66708682a,anatase,1,1,0.27766871452331543,0.009354601614177227,0.9871498346328735,0.002235185354948044,0.0012603782815858722
VTM-006433,DG-803665b754b3,anatase,1,1,0.2907354533672333,0.01038980484008789,0.9887567758560181,0.0007749043870717287,7.85189913585782e-05
VTM-006447,DG-dd8018eb38c7,anatase,1,2,0.27767473459243774,0.001737469108775258,0.10256471484899521,0.8955793380737305,0.00011850424925796688
VTM-006457,DG-595b39e5fc32,anatase,1,1,0.4785177707672119,0.0006674799951724708,0.9986971616744995,2.6384814191260375e-05,0.0006089580710977316
VTM-006501,DG-7cb6bafc6a24,anatase,1,2,0.39492326974868774,0.25147658586502075,0.04950205981731415,0.6982584595680237,0.0007628655876033008
VTM-006516,DG-23b4f9d15b43,anatase,1,1,0.1871594339609146,0.13913553953170776,0.8526052832603455,0.00036778219509869814,0.007891383953392506
VTM-006522,DG-63a0ea025e3e,perovskite,1,3,0.5236078500747681,1.7581520296516828e-05,0.026755578815937042,0.25529590249061584,0.7179309129714966
VTM-006531,DG-26addbb97201,perovskite,1,3,0.38194793462753296,9.55860650719842e-06,0.12390024214982986,0.1427294909954071,0.7333607077598572
VTM-006549,DG-ee06d368012f,perovskite,1,1,0.3715261220932007,0.00035284372279420495,0.9441133737564087,8.1930062151514e-05,0.05545184016227722
VTM-006565,DG-76bdada12601,perovskite,1,1,0.401498407125473,0.0007008689572103322,0.9985753893852234,0.0006130477413535118,0.00011069082393078133
VTM-006571,DG-28a47dc4856c,perovskite,1,1,0.3709334433078766,0.00018256704788655043,0.9529893398284912,0.04682622104883194,1.8910527614934836e-06
VTM-006572,DG-c0bbfe1a7c56,perovskite,1,0,0.05579448491334915,0.999717116355896,0.00020349946862552315,1.3874579963157885e-05,6.5514279413037e-05
VTM-006580,DG-78c669fe7d06,perovskite,1,1,0.3265558183193207,0.20409640669822693,0.47001200914382935,0.3060346245765686,0.019856944680213928
VTM-006585,DG-5ec74ad43624,perovskite,1,0,0.19952990114688873,0.8980425000190735,0.10021756589412689,0.0007290475768968463,0.0010108798742294312
VTM-006587,DG-e6fd0881dbfa,perovskite,1,1,0.5475207567214966,0.001853914000093937,0.7904190421104431,0.0001415475271642208,0.20758548378944397
VTM-006609,DG-039a38e5cb1c,perovskite,1,1,0.5457662343978882,0.0009245497640222311,0.7406308650970459,0.02234736643731594,0.23609718680381775
VTM-006610,DG-424dffb4d12f,perovskite,1,0,0.4284510910511017,0.6178056001663208,0.34612077474594116,0.002861759625375271,0.033211901783943176
VTM-006614,DG-587b256f2ca6,perovskite,1,1,0.4298819899559021,0.001053918618708849,0.9264236688613892,0.04393719509243965,0.028585199266672134
VTM-006624,DG-aa4dba954904,perovskite,1,1,0.5403116941452026,5.199807492317632e-05,0.955288827419281,0.0006248332210816443,0.04403434321284294
VTM-006625,DG-76addff51c9b,perovskite,1,0,0.3129945397377014,0.9640490412712097,0.03531193360686302,1.8108410586137325e-05,0.0006209369748830795
VTM-006636,DG-a53a1c074f95,perovskite,1,1,0.23640494048595428,0.00044441205682232976,0.9992707967758179,0.0002836697385646403,1.1122476735181408e-06
VTM-006640,DG-b2e0b9a9e609,perovskite,1,1,0.4904571771621704,0.006963924039155245,0.6262401938438416,0.002979244338348508,0.36381658911705017
VTM-006641,DG-afca5cfa2167,perovskite,1,3,0.3789041340351105,0.2854204475879669,0.26392602920532227,0.004031579941511154,0.44662198424339294
VTM-006655,DG-39398201aeb2,perovskite,1,0,0.06474290788173676,0.9974129796028137,0.0025580204091966152,1.78424634214025e-05,1.1167344382556621e-05
VTM-006659,DG-ce2da1460d7b,perovskite,1,1,0.22211997210979462,0.24625754356384277,0.7533130645751953,0.00016605724522378296,0.00026327601517550647
VTM-006661,DG-772aed270a5e,perovskite,1,2,0.4076631963253021,1.0177705007663462e-05,0.001782967709004879,0.9981926083564758,1.4203776117938105e-05
VTM-006704,DG-35a61c51bf04,perovskite,1,1,0.31321245431900024,0.00022160379739943892,0.9559791088104248,0.04376569390296936,3.3593660191399977e-05
VTM-006707,DG-520e790099f2,perovskite,1,1,0.4283880889415741,0.0007452681893482804,0.9756616950035095,0.0233664158731699,0.00022661438561044633
VTM-006721,DG-0fbe1b0915ad,perovskite,1,1,0.1794307976961136,0.4457203149795532,0.5522818565368652,0.0019371453672647476,6.0716982261510566e-05
VTM-006725,DG-83daee72ea6f,perovskite,1,0,0.12047285586595535,0.9640135765075684,0.03571655601263046,0.00020453374600037932,6.53015958960168e-05
VTM-006732,DG-06c6c341d0db,perovskite,1,1,0.3560865819454193,2.432495193716022e-06,0.9998307824134827,0.0001667177421040833,7.167160731569311e-08
VTM-006738,DG-1c1a3c4ef6a5,perovskite,1,1,0.35286739468574524,0.0004980697412975132,0.999495804309845,4.775765773956664e-06,1.399611733177153e-06
VTM-006743,DG-8c42a130c03c,perovskite,1,1,0.391614705324173,0.09755133837461472,0.8954218029975891,0.0011313857976347208,0.0058954861015081406
VTM-006749,DG-3dbaf3a5ceae,perovskite,1,1,0.4526223838329315,0.13610631227493286,0.8450084924697876,0.00614923145622015,0.0127359414473176
VTM-006758,DG-631dba844d66,perovskite,1,1,0.5087241530418396,0.0008418520446866751,0.9979503750801086,0.0003087330551352352,0.0008989901980385184
VTM-006779,DG-1774a0b0d8f9,perovskite,1,3,0.3518240451812744,0.018702758476138115,0.2703748345375061,0.03585139662027359,0.6750709414482117
VTM-006786,DG-4e3ed1ed4939,perovskite,1,0,0.42462319135665894,0.5222122669219971,0.15170897543430328,0.12883725762367249,0.19724154472351074
VTM-006825,DG-162fd13f9aa1,perovskite,1,1,0.26236724853515625,0.00027697504265233874,0.9997137784957886,7.466825081792194e-06,1.8089440345647745e-06
VTM-006832,DG-2bdc8e99e86c,perovskite,1,1,0.5789695978164673,0.004503310192376375,0.9904524683952332,0.00046883581671863794,0.004575395956635475
VTM-006838,DG-86610b92c7f8,perovskite,1,1,0.3812989890575409,0.0006641077343374491,0.9990996718406677,0.00023555559164378792,6.491922022178187e-07
VTM-006849,DG-b1f251cf666f,perovskite,1,2,0.5273511409759521,0.0033925327006727457,0.0033393725752830505,0.9930000305175781,0.00026808015536516905
VTM-006851,DG-44d70a6edaff,perovskite,1,1,0.3771386444568634,0.028767148032784462,0.969884991645813,0.0010823230259120464,0.0002654746058396995
VTM-006853,DG-ab41a705c6a6,perovskite,1,3,0.5187323689460754,0.009623260237276554,0.004104145802557468,0.00326852616854012,0.983004093170166
VTM-006856,DG-bcaed3d082f7,perovskite,1,2,0.3211061656475067,0.06865408271551132,0.44938671588897705,0.4819241762161255,3.502423714962788e-05
VTM-006863,DG-c7c1fd656b76,perovskite,1,1,0.32212430238723755,0.17741931974887848,0.7266218066215515,0.09485650062561035,0.001102343900129199
VTM-006900,DG-ffe4b9e0e07f,rutile,1,2,0.48054760694503784,0.014105843380093575,0.03754769638180733,0.6560537815093994,0.29229268431663513
VTM-006925,DG-2e4c5e64b2c7,rutile,1,1,0.41534295678138733,0.00026530068134889007,0.9089435935020447,0.0005195741541683674,0.09027152508497238
VTM-006932,DG-63e9c4a90251,rutile,1,1,0.3499009907245636,0.0018922340823337436,0.997008740901947,0.0008263057679869235,0.0002727408136706799
VTM-006935,DG-e1a68ff2aa8d,rutile,1,3,0.3554075360298157,0.0020394010934978724,0.004808406811207533,0.005568270105868578,0.9875838756561279
VTM-006946,DG-7c3febbcd8b9,rutile,1,1,0.48371395468711853,0.005392399150878191,0.805741012096405,0.17415167391300201,0.01471493486315012
VTM-006954,DG-fc34f2131065,rutile,1,1,0.5431381464004517,0.38011863827705383,0.57485032081604,0.02688448689877987,0.018146555870771408
VTM-006958,DG-0e7cb96e3008,rutile,1,1,0.4945717751979828,1.3466209566104226e-05,0.9999264478683472,2.5944131266442128e-05,3.416366234887391e-05
VTM-006968,DG-3ad9d2c91d9f,rutile,1,3,0.27946099638938904,0.0023533208295702934,0.2197054773569107,0.005320820491760969,0.7726203799247742
VTM-006983,DG-a7b59cae618b,rutile,1,1,0.4734765589237213,7.535474287578836e-05,0.9406756162643433,0.058106739073991776,0.0011422872776165605
VTM-006991,DG-a10644b32c6d,rutile,1,1,0.5187259316444397,0.000345441309036687,0.9958338141441345,6.171537097543478e-05,0.0037589750718325377
VTM-006996,DG-b7cf638c0421,rutile,1,1,0.23640914261341095,0.0065093133598566055,0.9933275580406189,4.438605537870899e-05,0.00011873880430357531
VTM-007021,DG-0cb808e4d44c,rutile,1,2,0.7079653143882751,6.100686391619092e-07,0.1627662032842636,0.7780361771583557,0.059197038412094116
VTM-007026,DG-e3dbfb5405a7,rutile,1,2,0.5350375771522522,0.0016408360097557306,0.29299822449684143,0.576452910900116,0.12890805304050446
VTM-007032,DG-0b8472e2b902,rutile,1,1,0.22625727951526642,0.00032979619572870433,0.9996402859687805,1.1474674465716816e-05,1.8484643078409135e-05
VTM-007040,DG-b872fe4b369e,rutile,1,1,0.4887237548828125,0.0029645152390003204,0.6662488579750061,0.32949915528297424,0.0012874510139226913
VTM-007073,DG-408bf3f465f4,rutile,1,1,0.49660399556159973,3.039600960619282e-05,0.9919484257698059,0.007959065027534962,6.211783329490572e-05
VTM-007112,DG-e26d6b558205,rutile,1,1,0.5784433484077454,2.2245569198275916e-05,0.9881253838539124,0.006099263206124306,0.005753082688897848
VTM-007117,DG-2a28894a69c2,rutile,1,1,0.3751751184463501,6.321611726889387e-05,0.999826192855835,3.3867256661324063e-06,0.00010726702748797834
VTM-007121,DG-a939f20b22e0,rutile,1,1,0.6244397759437561,0.0010222129058092833,0.8253116607666016,0.14850278198719025,0.0251633170992136
VTM-007133,DG-a8675b2a8279,rutile,1,1,0.368126779794693,9.824827429838479e-05,0.996401309967041,0.0034354461822658777,6.499149458250031e-05
VTM-007134,DG-d3fb009b5883,rutile,1,1,0.3641885221004486,6.4901037148956675e-06,0.9996380805969238,0.0002610162482596934,9.438784763915464e-05
VTM-007146,DG-93e1adefaa54,rutile,1,0,0.250844269990921,0.8443136215209961,0.14781737327575684,0.0031333935912698507,0.004735635593533516
VTM-007152,DG-07a2473666c2,rutile,1,2,0.27040186524391174,0.1192750558257103,0.20975638926029205,0.6635268926620483,0.007441655267030001
VTM-007157,DG-52a07fdd8b0a,rutile,1,1,0.36232343316078186,0.05460945516824722,0.8728961944580078,0.030941693112254143,0.041552625596523285
VTM-007168,DG-a6848732cd54,rutile,1,1,0.457389235496521,0.0012891655787825584,0.9983025789260864,0.00015071383677423,0.0002575413673184812
VTM-007171,DG-6669aaaedfa6,rutile,1,1,0.4371293783187866,7.388398080365732e-05,0.99925696849823,0.00063291285187006,3.6208159144734964e-05
VTM-007183,DG-c256eac31ccf,rutile,1,0,0.2956988215446472,0.8532735109329224,0.027379602193832397,0.00025898864259943366,0.11908794194459915
VTM-007191,DG-5799653ea8ae,rutile,1,1,0.313445508480072,0.004638547543436289,0.9497641324996948,0.04474979639053345,0.0008475456270389259
VTM-007238,DG-f545dfed1043,rutile,1,2,0.31836265325546265,0.006221705581992865,0.3857562243938446,0.6060245633125305,0.0019975656177848577
VTM-007245,DG-81422215b21f,rutile,1,0,0.38389667868614197,0.9298165440559387,0.025648875162005424,0.010701168328523636,0.03383345901966095
VTM-007253,DG-4cbb2583aed0,rutile,1,1,0.4220307767391205,0.000808015582151711,0.996271014213562,0.0017046364955604076,0.0012163725914433599
VTM-007271,DG-aa36737f32b4,rutile,1,1,0.4943836033344269,0.008793794550001621,0.9252306222915649,0.003930052742362022,0.06204557046294212
VTM-007279,DG-ddffb43ef6a6,rutile,1,2,0.34990832209587097,0.0005270299734547734,0.10371167212724686,0.8909117579460144,0.004849529359489679
VTM-007289,DG-2c4bb16b01a6,rutile,1,2,0.24527616798877716,0.0014913836494088173,0.11921113729476929,0.879287600517273,9.940001291397493e-06
VTM-007301,DG-8384da6a9dac,rutile,1,1,0.29822659492492676,0.19443073868751526,0.7794615626335144,0.023935040459036827,0.0021726249251514673
VTM-007309,DG-ca5040bd20bc,rutile,1,3,0.5317965745925903,0.003620358882471919,0.3269510269165039,0.024883707985281944,0.6445448994636536
VTM-007313,DG-01602a83846e,rutile,1,0,0.15958695113658905,0.7382559180259705,0.2608497142791748,7.67414803704014e-06,0.0008866521529853344
VTM-007315,DG-df55ae0ee4f0,rutile,1,1,0.3970981240272522,0.0003892483364325017,0.9756219983100891,0.020234892144799232,0.003753868630155921
VTM-007321,DG-4333b71779ff,rutile,1,1,0.336981862783432,0.004533411003649235,0.993874192237854,0.0012251469306647778,0.00036724176607094705
VTM-007334,DG-1f7816fb0f97,rutile,1,3,0.5347598791122437,0.19291114807128906,0.19380106031894684,0.01137453131377697,0.601913332939148
VTM-007335,DG-7c2d016f2e95,rutile,1,1,0.4720437228679657,0.0006880933651700616,0.9399109482765198,0.005194802302867174,0.05420614033937454
VTM-007340,DG-c775bdf1d201,rutile,1,1,0.5051882266998291,0.0012443881714716554,0.9887521266937256,0.00023625660105608404,0.009767279960215092
VTM-007344,DG-ed49674b7d31,rutile,1,1,0.35075274109840393,0.0006150973495095968,0.9980442523956299,4.7320598241640255e-05,0.001293286681175232
VTM-007346,DG-ca63711475f6,rutile,1,1,0.5045233964920044,0.0005401159869506955,0.9540004134178162,0.0027889027260243893,0.04267056658864021
VTM-007348,DG-39597209e51d,rutile,1,1,0.48212140798568726,5.4240357712842524e-05,0.9970707297325134,0.0019938417244702578,0.0008811850566416979
VTM-007385,DG-4897059f854c,rutile,1,1,0.3089486360549927,0.0010571246966719627,0.9989127516746521,1.817638985812664e-05,1.192137278849259e-05
VTM-007400,DG-45eba17851f1,rutile,1,1,0.23134662210941315,0.10262788087129593,0.623140275478363,0.2740402817726135,0.00019155311747454107
VTM-007401,DG-0044119f3863,rutile,1,1,0.3124596178531647,0.15930558741092682,0.8298108577728271,0.007292645517736673,0.003590893466025591
VTM-007413,DG-ea718fbcfed5,rutile,1,0,0.30469343066215515,0.7758440375328064,0.13584250211715698,0.00039287054096348584,0.08792059868574142
VTM-007431,DG-be7118adc888,rutile,1,3,0.5326154828071594,0.007054575718939304,0.31274712085723877,0.02891407161951065,0.6512842178344727
VTM-007440,DG-d204ab09731c,rutile,1,1,0.29000625014305115,0.020146731287240982,0.8606652021408081,0.006091818679124117,0.11309628933668137
VTM-007450,DG-42859d31b2ee,rutile,1,2,0.6723357439041138,2.6616884497343563e-05,0.005554868374019861,0.9877048134803772,0.006713702343404293
VTM-007469,DG-352ed7bda653,rutile,1,1,0.4914572536945343,0.0021163574419915676,0.9232496619224548,0.0464990995824337,0.028134861961007118
VTM-007471,DG-8abf3b75f366,rutile,1,1,0.3613303303718567,8.528945909347385e-05,0.999841034412384,2.946205495391041e-05,4.4238029659027234e-05
VTM-007472,DG-0144f325e475,rutile,1,2,0.26314517855644226,0.17200303077697754,0.0011897782096639276,0.8254203200340271,0.0013868684181943536
VTM-007496,DG-54f100935459,rutile,1,1,0.408711701631546,4.9721576942829415e-05,0.9998122453689575,4.996068309992552e-05,8.811095904093236e-05
VTM-007497,DG-168f545ece85,rutile,1,2,0.6212793588638306,9.012442023959011e-05,0.11062941700220108,0.849442183971405,0.03983824700117111
VTM-007509,DG-925dc8d0a56c,rutile,1,1,0.3935460150241852,6.195256719365716e-05,0.9995351433753967,4.9376289098290727e-05,0.00035351101541891694
VTM-007512,DG-fea175dbfc71,rutile,1,1,0.46099093556404114,0.0010284296004101634,0.9310507774353027,0.06767172366380692,0.00024903882876969874
VTM-007519,DG-0815b6a19d0f,rutile,1,1,0.5378021001815796,0.004494561348110437,0.8981145620346069,0.09228058159351349,0.005110284313559532
VTM-007535,DG-db26d01eeb40,rutile,1,1,0.4699113965034485,3.2000891224015504e-05,0.9999241232872009,3.795105294557288e-05,5.930290626565693e-06
VTM-007542,DG-161b7757dac5,rutile,1,1,0.44645360112190247,0.00018652006110642105,0.9995063543319702,1.9444216377451085e-05,0.0002877290244214237
VTM-007546,DG-2b98513691d0,rutile,1,1,0.3069876432418823,0.0032681645825505257,0.9781267642974854,0.015968849882483482,0.0026361974887549877
VTM-007548,DG-99bf52c0dc86,rutile,1,1,0.4635469913482666,0.0021868606563657522,0.8787990808486938,0.020652975887060165,0.098361074924469
VTM-007563,DG-38da1b311950,rutile,1,1,0.3084237575531006,3.2295589335262775e-05,0.998790442943573,0.0009967726655304432,0.00018048817582894117
VTM-007566,DG-0e21269d2000,rutile,1,1,0.3837597668170929,0.002994579030200839,0.9554126262664795,0.0007751572993583977,0.04081765189766884
VTM-007571,DG-07e454f9029d,rutile,1,2,0.4634232521057129,0.0011172513477504253,0.09435514360666275,0.9037330746650696,0.0007944789249449968
VTM-007583,DG-b98be2ccb042,rutile,1,1,0.44745156168937683,0.00025274642393924296,0.9536687731742859,0.045063912868499756,0.0010145911946892738
VTM-007590,DG-c818734dcd10,rutile,1,1,0.2809610366821289,0.00437322398647666,0.9909457564353943,1.9687406165758148e-05,0.004661329090595245
VTM-007591,DG-cd6dbe9adde8,rutile,1,1,0.32904648780822754,0.014080645516514778,0.7267826199531555,0.08668051660060883,0.17245614528656006
VTM-007613,DG-f744beb6169c,rutile,1,1,0.34685665369033813,0.005311286076903343,0.9883864521980286,0.003067116718739271,0.0032351212576031685
VTM-007616,DG-461954f116bf,rutile,1,1,0.4499211013317108,0.0009258998325094581,0.9964372515678406,0.0005324513767845929,0.0021044358145445585
VTM-007620,DG-a8242b078ae2,rutile,1,1,0.29112672805786133,0.002634953474625945,0.9808329343795776,0.012172779068350792,0.004359341226518154
VTM-007627,DG-b70b0c99c4c8,rutile,1,1,0.5448400974273682,0.004072853364050388,0.5258429050445557,0.465561181306839,0.004523047711700201
VTM-007629,DG-d6e94e89c8d7,rutile,1,1,0.2280951738357544,1.6236457668128423e-05,0.9999832510948181,3.082562045619852e-07,2.0752942475610325e-07
VTM-007640,DG-07082b3b06b9,rutile,1,1,0.269698828458786,0.06600765138864517,0.9050474762916565,0.00037223316030576825,0.028572682291269302
VTM-007644,DG-3d5b6b8733d7,rutile,1,1,0.4557201862335205,0.010307753458619118,0.8377871513366699,0.0025597424246370792,0.14934532344341278
VTM-007652,DG-0a8eef444122,rutile,1,1,0.42042285203933716,0.0012750861933454871,0.9631347060203552,0.03061719238758087,0.00497302645817399
VTM-007655,DG-f007265677a2,rutile,1,1,0.3807392716407776,0.00036421118420548737,0.9982088804244995,0.00046858476707711816,0.0009583195205777884
VTM-007657,DG-c08dc9127d8d,rutile,1,1,0.48936963081359863,0.00018135450955014676,0.6821356415748596,0.31750595569610596,0.0001771037350408733
VTM-007671,DG-4e7f422eadf7,rutile,1,1,0.38228896260261536,9.508624316367786e-06,0.9962906241416931,0.0027921469882130623,0.0009077333379536867
VTM-007679,DG-e1153de13325,rutile,1,1,0.44628044962882996,2.701414359762566e-06,0.9696858525276184,0.030025647953152657,0.00028581643709912896
VTM-007681,DG-f75ab0ccf62c,rutile,1,3,0.5550251603126526,0.003311555366963148,0.19576817750930786,0.00970708392560482,0.7912132143974304
VTM-007686,DG-64a76619aea6,rutile,1,1,0.42556291818618774,0.0011841061059385538,0.9845195412635803,0.013830224983394146,0.0004660855629481375
VTM-007693,DG-dd1ac453b0e3,rutile,1,0,0.37369397282600403,0.8853143453598022,0.08911660313606262,0.00043653397005982697,0.02513253688812256
VTM-007697,DG-f5c6896e9b4b,rutile,1,1,0.48053285479545593,0.00021642498904839158,0.9872294068336487,0.012422887608408928,0.00013126384874340147
VTM-007707,DG-f0ea92e86f33,rutile,1,1,0.32094240188598633,0.010304376482963562,0.9612897038459778,0.02813020348548889,0.00027572139515541494
VTM-007737,DG-2772a0787aac,rutile,1,2,0.4793667793273926,0.008933305740356445,0.3091168999671936,0.5522482991218567,0.12970151007175446
VTM-007740,DG-bc7d543fae0b,rutile,1,1,0.27572694420814514,1.4641642337664962e-05,0.999983549118042,1.8031843183052843e-06,1.545569183747375e-08
VTM-007746,DG-fff3aa7f9365,rutile,1,1,0.39225906133651733,3.047119935217779e-05,0.9999274611473083,3.22386076732073e-05,9.826307177718263e-06
VTM-007747,DG-e705e3ff61f9,rutile,1,1,0.33824706077575684,0.0034351812209933996,0.9933254718780518,0.003098909044638276,0.0001403868373017758
VTM-007755,DG-944f33f66490,rutile,1,1,0.4113529622554779,0.0009244888788089156,0.994638204574585,0.003168511437252164,0.0012688509887084365
VTM-007780,DG-7dbfd0834471,rutile,1,1,0.4045777916908264,2.299453626619652e-05,0.9993400573730469,0.00045671785483136773,0.0001802255428628996
VTM-007789,DG-a384b18b1c1f,rutile,1,1,0.4990542531013489,3.0902472644811496e-05,0.9340032339096069,0.06334853917360306,0.0026173158548772335
VTM-007797,DG-be3486c6c842,rutile,1,1,0.2932056486606598,0.004584029782563448,0.9881851077079773,0.005831380840390921,0.0013995164772495627
VTM-007801,DG-749462d8666f,rutile,1,1,0.26587018370628357,0.1082957535982132,0.7683552503585815,0.09247521311044693,0.030873745679855347
VTM-007802,DG-c8a6002dd126,rutile,1,1,0.4245052635669708,0.000608891888987273,0.9330201745033264,0.06506053358316422,0.001310392515733838
VTM-007807,DG-ccb009827c69,rutile,1,1,0.4687648117542267,0.0019298283150419593,0.7841308116912842,0.18390409648418427,0.030035216361284256
VTM-007841,DG-0960bad16888,rutile,1,1,0.3486888110637665,9.27603650779929e-06,0.9977070093154907,0.00046196329640224576,0.0018217643955722451
VTM-007859,DG-6e70a4248338,rutile,1,0,0.2407611608505249,0.9368191361427307,0.009472186677157879,0.008319460786879063,0.04538927599787712
VTM-007868,DG-a2f920f286aa,rutile,1,0,0.10562446713447571,0.9991581439971924,0.0006781668053008616,1.2754266208503395e-05,0.00015093974070623517
VTM-007869,DG-15c82cedfefa,rutile,1,3,0.539356529712677,0.04305370897054672,0.09619556367397308,0.022134436294436455,0.8386162519454956
VTM-007872,DG-ff363c9f0846,rutile,1,1,0.26517778635025024,8.879627421265468e-05,0.9988725781440735,0.0007670264458283782,0.00027161280740983784
VTM-007888,DG-aacf04d2a8ae,rutile,1,1,0.36775389313697815,0.0239665899425745,0.9739167094230652,0.0003100722678937018,0.0018066071206703782
VTM-007902,DG-f7d8a9a398f7,rutile,1,1,0.2961747944355011,6.0468002629932016e-05,0.9997713565826416,7.7171162047307e-06,0.00016042870993260294
VTM-007904,DG-92edea4b7ce2,rutile,1,1,0.3181900680065155,8.449379492958542e-06,0.9985891580581665,0.00041795530705712736,0.0009844136657193303
VTM-007911,DG-eee09062d05e,rutile,1,1,0.3899511396884918,0.020670248195528984,0.8153403997421265,0.07983166724443436,0.08415766805410385
VTM-007922,DG-0d7754f7d499,rutile,1,1,0.4740067720413208,0.003194770310074091,0.9457588195800781,0.051037829369306564,8.571589205530472e-06
VTM-007934,DG-454db376da74,rutile,1,1,0.3975713551044464,0.3031279742717743,0.6907156705856323,0.0025712272617965937,0.0035851344000548124
VTM-007936,DG-6c0996576299,rutile,1,1,0.5036933422088623,0.006778092123568058,0.8670457005500793,0.1259286254644394,0.000247600139118731
VTM-007948,DG-8ac7084e6971,rutile,1,1,0.43576687574386597,1.100709596357774e-05,0.9976385235786438,0.001266758656129241,0.0010836564470082521
VTM-007950,DG-f7c6df6839b5,rutile,1,1,0.45264479517936707,0.00017637504788581282,0.921981930732727,0.03603307530283928,0.04180864244699478
VTM-007964,DG-13b289d67ee7,rutile,1,1,0.48791763186454773,0.00046281423419713974,0.9885282516479492,0.010095927864313126,0.0009129575919359922
VTM-007982,DG-4b7aa1790ccb,rutile,1,0,0.38721391558647156,0.8703181147575378,0.09221220761537552,0.03146747127175331,0.006002227775752544
VTM-007985,DG-a1436822c297,rutile,1,1,0.5079784989356995,5.9120520745636895e-06,0.9753178358078003,0.024503255262970924,0.0001729681680444628
VTM-007987,DG-893cead3977a,rutile,1,1,0.37213364243507385,0.021463321521878242,0.8911970257759094,0.060889940708875656,0.02644975669682026
VTM-007990,DG-4c3c3495fd64,rutile,1,2,0.4794453978538513,0.001239388482645154,0.12005127221345901,0.8781089782714844,0.0006003360031172633
VTM-008005,DG-6274573a2579,rutile,1,1,0.47369951009750366,0.00023630399664398283,0.9950735569000244,0.0009623349760659039,0.003727789968252182
VTM-008011,DG-638742f0968e,rutile,1,0,0.3374979496002197,0.810364305973053,0.13402031362056732,0.025846321135759354,0.02976910211145878
VTM-008014,DG-c400f4826287,rutile,1,2,0.509361207485199,0.0017283759079873562,0.2581033706665039,0.6937700510025024,0.046398188918828964
VTM-008016,DG-1f165c2aafa1,rutile,1,3,0.5357379913330078,0.018897119909524918,0.2335413545370102,0.003496448276564479,0.7440651059150696
VTM-008018,DG-2e6dca4e47d4,rutile,1,1,0.2755413055419922,4.741842349176295e-05,0.9998747110366821,1.0007457831306965e-06,7.687474862905219e-05
VTM-008034,DG-60a8e8e0cdf8,rutile,1,1,0.24247623980045319,0.01993650756776333,0.9794663190841675,0.0005666022188961506,3.0519884603563696e-05
VTM-008038,DG-07cbd71a0865,rutile,1,1,0.2492324560880661,0.4332258105278015,0.5637157559394836,0.0029773570131510496,8.104476728476584e-05
VTM-008039,DG-2659e17e7594,rutile,1,2,0.546112060546875,0.00015301058010663837,0.06885245442390442,0.9299781918525696,0.001016327296383679
VTM-008040,DG-116e3855c7b9,rutile,1,0,0.24749670922756195,0.9873092770576477,0.008667685091495514,0.004004357382655144,1.8690845536184497e-05
VTM-008041,DG-9f9b1a014ec5,rutile,1,0,0.2523042857646942,0.9100281596183777,0.0062598977237939835,0.0015068418579176068,0.08220507949590683
VTM-008065,DG-c1fe557dee1e,rutile,1,1,0.4543513059616089,0.0007624377612955868,0.8998168110847473,0.09887146204710007,0.0005492507480084896
VTM-008073,DG-1b817da01ddf,rutile,1,1,0.37580013275146484,0.01579633168876171,0.9726290106773376,0.010824205353856087,0.0007504550158046186
VTM-008076,DG-44eef5fae25f,rutile,1,1,0.1455795019865036,0.029351849108934402,0.970002293586731,0.0006092552212066948,3.657781417132355e-05
VTM-008087,DG-c775a3ec9c79,rutile,1,3,0.3845684230327606,0.09403848648071289,0.2759888172149658,0.031277552247047424,0.5986951589584351
VTM-008100,DG-8e1cc3ce55a3,rutile,1,1,0.43043825030326843,0.00023538472305517644,0.9239609837532043,0.07556445151567459,0.00023924894048832357
VTM-008103,DG-178878878760,rutile,1,1,0.5322611927986145,7.151465979404747e-05,0.9995244741439819,0.0003456681442912668,5.833138129673898e-05
VTM-008127,DG-5b2d2bc5deb3,rutile,1,1,0.29395896196365356,0.00024326166021637619,0.7474449872970581,0.24830128252506256,0.0040104384534060955
VTM-008128,DG-878648e84483,rutile,1,2,0.683028519153595,2.7752255391533254e-06,0.01869499497115612,0.9811854958534241,0.00011671698302961886
VTM-008152,DG-4bf70d177966,rutile,1,1,0.4513112008571625,0.0040356470271945,0.9795340895652771,0.006222906522452831,0.010207326151430607
VTM-008191,DG-4bb2ff503620,rutile,1,1,0.23587919771671295,0.215261310338974,0.7834141254425049,0.001203780178911984,0.00012074114056304097
VTM-008205,DG-c68fd3c56ba9,rutile,1,1,0.518017053604126,0.0002595369587652385,0.997983455657959,0.001533699338324368,0.0002232934202766046
VTM-008228,DG-b432c40d4a17,rutile,1,1,0.4881034195423126,0.27044057846069336,0.4542565643787384,0.005258339457213879,0.2700445055961609
VTM-008247,DG-67d6603c8b74,rutile,1,0,0.2784554958343506,0.8448281288146973,0.0009894806426018476,0.14810711145401,0.006075249519199133
VTM-008250,DG-c8fa3dd2aad8,rutile,1,1,0.49589210748672485,0.017016343772411346,0.46773529052734375,0.4172075092792511,0.09804089367389679
VTM-008254,DG-e574ec894d99,rutile,1,1,0.2845856547355652,0.019334862008690834,0.97779780626297,0.0017419386422261596,0.00112545199226588
VTM-008259,DG-0000aadff800,titanite,1,3,0.49455970525741577,0.08179838955402374,0.07842300832271576,0.0661734789609909,0.7736051082611084
VTM-008263,DG-b4411174c5c2,titanite,1,1,0.4701535105705261,0.11765091866254807,0.7906309962272644,0.04960046708583832,0.042117632925510406
VTM-008273,DG-4b55fbcc34db,titanite,1,1,0.39153963327407837,9.86922241281718e-05,0.9662122130393982,0.032805800437927246,0.0008832975290715694
VTM-008274,DG-81b6a2c402c7,titanite,1,1,0.25286370515823364,0.0310190562158823,0.3694695234298706,0.3609989881515503,0.23851244151592255
VTM-008283,DG-25977fd79355,titanite,1,0,0.11960569769144058,0.8034204244613647,0.11890322715044022,0.040806788951158524,0.03686961159110069
VTM-008304,DG-7b2505b11a8c,titanite,1,2,0.4637230336666107,0.00046282802941277623,0.07869238406419754,0.9171879291534424,0.003656871384009719
VTM-008345,DG-7a386c652497,titanite,1,1,0.39952632784843445,0.0004263365699443966,0.8985946178436279,0.017923789098858833,0.083055280148983
VTM-008347,DG-6455fda523c2,titanite,1,1,0.32164889574050903,0.0006971242255531251,0.9986016750335693,0.0006882036104798317,1.3012873750994913e-05
VTM-008348,DG-5a41bafd6b8a,titanite,1,1,0.4088519215583801,0.00018530387023929507,0.9857196807861328,0.009842732921242714,0.004252254962921143
VTM-008363,DG-99a82fc55364,titanite,1,1,0.401867151260376,0.0033903198782354593,0.9138996601104736,0.006900276988744736,0.07580974698066711
VTM-008368,DG-ed224ebac022,titanite,1,1,0.32458359003067017,0.00019563526439014822,0.8830315470695496,0.05565675348043442,0.0611160509288311
VTM-008385,DG-7443ab537df4,titanite,1,2,0.5134848952293396,0.0013631213223561645,0.01677210070192814,0.9776655435562134,0.004199247341603041
VTM-008387,DG-0567564d711c,titanite,1,2,0.388656884431839,0.0009147656965069473,0.09828370809555054,0.8990198373794556,0.0017816810868680477
VTM-008391,DG-e20ada6ff2fb,titanite,1,2,0.30720406770706177,0.03295762464404106,0.32350537180900574,0.6406795978546143,0.0028574110474437475
VTM-008396,DG-7264b05a2cd3,titanite,1,1,0.4553464949131012,0.0003459799918346107,0.648812472820282,0.35028088092803955,0.0005605948390439153
VTM-008398,DG-903f66f4e2a6,titanite,1,1,0.34442073106765747,0.00017643037426751107,0.9996313452720642,0.00019148195860907435,7.371826882263122e-07
VTM-008399,DG-897b6c22dfc6,titanite,1,1,0.29536139965057373,0.0015893438830971718,0.7599506974220276,0.23842795193195343,3.197547994204797e-05
VTM-008416,DG-06fcc5cb4e9e,titanite,1,1,0.36360636353492737,0.0033526949118822813,0.626354992389679,0.37005430459976196,0.00023796953610144556
VTM-008419,DG-d069c0d46a7a,titanite,1,2,0.4217275381088257,0.001238638418726623,0.07322408258914948,0.9244077205657959,0.0011295682052150369
VTM-008449,DG-1caad0f05cb2,titanite,1,1,0.44447872042655945,0.00031442748149856925,0.9975878596305847,0.0005420880625024438,0.001555655268020928
VTM-008459,DG-a4f09cf94b67,titanite,1,1,0.3406631648540497,0.006574209313839674,0.9553317427635193,0.037585873156785965,0.0005081885028630495
VTM-008466,DG-b35e864c1165,titanite,1,1,0.3075129985809326,0.023355090990662575,0.5226221084594727,0.44953927397727966,0.0044835093431174755
VTM-008479,DG-9ccfb599fd77,titanite,1,2,0.46538832783699036,5.884578786208294e-05,0.39080652594566345,0.584109365940094,0.025025203824043274
VTM-008482,DG-1fffaf6ae75b,titanite,1,1,0.5051549673080444,0.014054839499294758,0.8895880579948425,0.08383011072874069,0.012527038343250751
VTM-008491,DG-af7f9e0b3a59,titanite,1,1,0.45392096042633057,0.004400032572448254,0.6784763932228088,0.3152051270008087,0.001918469788506627
VTM-008499,DG-9ed843508094,titanite,1,1,0.2708500623703003,0.1191868707537651,0.7044764757156372,0.17226728796958923,0.004069343209266663
VTM-008511,DG-38b189947097,titanite,1,0,0.24340206384658813,0.9697973728179932,0.001674830331467092,0.01763037033379078,0.010897427797317505
VTM-008517,DG-8b44899247eb,titanite,1,0,0.20545627176761627,0.9496135711669922,0.030620109289884567,0.01903100498020649,0.0007353525143116713
VTM-008520,DG-cc289f754191,titanite,1,0,0.3683682978153229,0.7533928751945496,0.21841737627983093,0.018697647377848625,0.0094919977709651
VTM-008546,DG-f56dc1bdd66d,titanite,1,2,0.6016327142715454,1.4440527593251318e-05,0.0035281514283269644,0.9964560270309448,1.4199567885953002e-06
VTM-008557,DG-af2db7871b5d,titanite,1,1,0.5133947730064392,0.01230743620544672,0.9397695064544678,0.0006361784762702882,0.04728693887591362
VTM-008565,DG-cdf94a34139b,titanite,1,1,0.2690459191799164,0.23067542910575867,0.7595108151435852,0.009436139836907387,0.0003775987133849412
VTM-008572,DG-fd68011a9df0,titanite,1,1,0.3625209629535675,0.03206567466259003,0.7411706447601318,0.17663779854774475,0.05012589693069458
VTM-008575,DG-efd1431d078a,titanite,1,0,0.20769351720809937,0.9428572654724121,0.05680391192436218,1.907776459120214e-05,0.0003197196056134999
VTM-008592,DG-ac439782958b,titanite,1,2,0.2275247424840927,0.0002663954219315201,0.01681726612150669,0.9829161167144775,2.3690063244430348e-07
VTM-008601,DG-deb465c57e11,titanite,1,2,0.307231605052948,0.20062965154647827,0.01323738507926464,0.7834714651107788,0.0026615001261234283
