image_id,split_group_id,true_class_id,candidate_gate,original_gate,ti_probability,metal_probability,target_scale,effective_candidate_gate,effective_fixed_gate,full_pre_feasible,full_pre_lower,full_pre_upper,full_verified_feasible,full_verified_lower,full_verified_upper,restricted_pre_feasible,restricted_pre_lower,restricted_pre_upper,restricted_verified_feasible,restricted_verified_lower,restricted_verified_upper
VTM-000005,DG-c56c77bc69b9,0,0.3842211365699768,0.9980054497718811,0.8596538305282593,0.9328592419624329,1.0,0.3842211365699768,0.5,True,0.0,1.0,True,0.0,1.0,True,0.0,1.0,True,0.0,1.0
VTM-000008,DG-866dc24795ee,0,0.4275984764099121,0.9766120314598083,0.19091026484966278,0.8795807957649231,0.5389246734233866,0.42444307528462094,0.49677400854961695,False,0.0,-21.926870471630227,False,0.16888381851430193,-13.420345514847432,False,309.75688576117875,1.0,False,192.40895831399087,1.0
VTM-000037,DG-134533c2ee9a,0,0.44479677081108093,0.9984801411628723,0.24648134410381317,0.5253341197967529,0.602277298018329,0.4475108065831819,0.5027458611038014,False,1.2636774552464678,-2.471280484268425,False,1.6856592602888443,-2.9136262706761653,False,53.82439628848505,-13.833927226122473,False,61.85152094861356,-21.41599043309462
VTM-000074,DG-05c8d12a3443,0,0.3517782986164093,0.9989359974861145,0.13872534036636353,0.6293943524360657,0.4855129494206743,0.35902101766174666,0.5079033142342496,False,0.0,-2.0270974599863893,False,1.47173124011221,-3.447239185243396,False,17.049443073429508,1.0,False,26.565566158845314,-6.47375778092319
VTM-000087,DG-9eeca622f783,0,0.4319533407688141,0.9992920160293579,0.5722472667694092,0.9103283882141113,1.0,0.4319533407688141,0.5,True,0.0,1.0,True,0.0,1.0,True,0.0,1.0,True,0.0,1.0
VTM-000088,DG-6aab048ce8a7,0,0.400938481092453,0.9193645715713501,0.860293447971344,0.9723522067070007,1.0,0.400938481092453,0.5,True,0.0,1.0,True,0.0,1.0,True,0.0,1.0,True,0.0,1.0
VTM-000118,DG-14b376873e31,0,0.38960468769073486,0.9993778467178345,0.5942339301109314,0.958182692527771,1.0,0.38960468769073486,0.5,True,0.0,1.0,True,0.0,1.0,True,0.0,1.0,True,0.0,1.0
VTM-000142,DG-6f8fb1c77e4c,0,0.47921642661094666,0.9975264668464661,0.3722098469734192,0.34862959384918213,0.5721688617297628,0.46939370366184646,0.4901522200363123,False,7.858558776623792,1.0,False,2.3359211994939346,-29.107827212875996,False,0.0,-354.0564771455375,False,1425.8234499517246,-88.91622821985732
VTM-000221,DG-a4bd6daf961b,0,0.41093868017196655,0.8284033536911011,0.5396581292152405,0.2248232066631317,0.5767458446780235,0.4053120531879498,0.49417694908177395,False,15.010987432644972,1.0,False,2.9700781505815304,-69.69758934524074,False,0.0,-162.93254423653568,False,789.8705736198926,-27.86140890164303
VTM-000252,DG-ed7133e0dd49,0,0.3992133140563965,0.9966824650764465,0.11446481943130493,0.23208999633789062,0.27066040324910157,0.40048979611763325,0.50132983118433,False,32.250989219624834,-10.342817202564538,False,22.500065836312203,-18.56247750569478,False,107.58184080615109,-315.03158301477526,False,189.04998718287996,-218.15478337128505
VTM-000281,DG-84fcc1d3f52a,0,0.34026452898979187,0.9999037981033325,0.012583929114043713,0.9867200255393982,0.37725567371752994,0.3421783674575128,0.5021284710425471,False,0.0,-27.972464503509695,False,0.0,-57.04664833150434,False,178.24760100835982,1.0,False,359.79205710207225,1.0
VTM-000298,DG-92e88f8c1435,0,0.475761741399765,0.9796468019485474,0.1801895797252655,0.9295844435691833,0.5274923898558861,0.47358671558657023,0.49781938997582814,False,1.763837214621671,-10.296794715410012,False,2.8180641043649426,-8.941861192463419,False,445.44432392945623,-52.142244847962225,False,389.5434911890659,-95.74860277979062
VTM-000326,DG-328ad092690f,0,0.47092729806900024,0.9916349649429321,0.5104556679725647,0.8683223724365234,1.0,0.47092729806900024,0.5,True,0.010570481026190254,1.0,True,0.010570481026190254,1.0,True,0.0,1.0,True,0.0,1.0
VTM-000381,DG-32afcf6adb10,0,0.4750481843948364,0.9977065324783325,0.13495878875255585,0.9750955700874329,0.4818692715858017,0.46702291345550573,0.4919482278383788,False,10.49437214076576,1.0,False,1.2745430092578984,-148.46676648152837,False,0.0,-400.5468900105466,False,5976.20204188625,-31.397589189778287
VTM-000383,DG-f0a06cb9e4f5,0,0.3449103832244873,0.9999990463256836,0.9985572695732117,0.9994947910308838,1.0,0.3449103832244873,0.5,True,0.0,1.0,True,0.0,1.0,True,0.0,1.0,True,0.0,1.0
VTM-000401,DG-1b2524fd0729,0,0.466630220413208,0.9998961687088013,0.13023681938648224,0.9859424233436584,0.4773399486953581,0.47242326513922667,0.5058144472309803,False,0.0,-2.72058096335564,False,0.0,-4.825747714783479,False,96.5119039812404,1.0,False,159.66976393240532,1.0
VTM-000471,DG-cea97ec6d8bc,0,0.4659804403781891,0.9669873118400574,0.818791389465332,0.8230324983596802,1.0,0.4659804403781891,0.5,True,0.0,1.0,True,0.0,1.0,True,0.0,1.0,True,0.0,1.0
VTM-000476,DG-59d980326e53,0,0.41935551166534424,0.9975757002830505,0.8501883745193481,0.9925958514213562,1.0,0.41935551166534424,0.5,True,0.0,1.0,True,0.0,1.0,True,0.0,1.0,True,0.0,1.0
VTM-000502,DG-798518079cf8,0,0.3609941899776459,0.9975810050964355,0.9663608074188232,0.9675410389900208,1.0,0.3609941899776459,0.5,True,0.0,1.0,True,0.0,1.0,True,0.0,1.0,True,0.0,1.0
VTM-000526,DG-0e1dac20bf87,0,0.3431718051433563,0.9996397495269775,0.42712029814720154,0.9240296483039856,0.8643656413393805,0.33580696059698223,0.4917894673755103,True,0.0,1.0,True,0.0,1.0,True,0.0,1.0,True,0.0,1.0
VTM-000553,DG-2a97609617c5,0,0.4165102541446686,0.9740443229675293,0.511918842792511,0.9545453786849976,1.0,0.4165102541446686,0.5,True,0.0,1.0,True,0.0,1.0,True,0.0,1.0,True,0.0,1.0
VTM-000611,DG-8aca82ee2d9a,0,0.36041513085365295,0.9974361062049866,0.6234392523765564,0.974058210849762,1.0,0.36041513085365295,0.5,True,0.0,1.0,True,0.0,1.0,True,0.0,1.0,True,0.0,1.0
VTM-000653,DG-43118d65bbc5,0,0.41045504808425903,0.9990515112876892,0.4249114394187927,0.9956052899360657,0.8605555403280017,0.4054482298514271,0.4948176743551328,True,0.5963814346774872,1.0,True,0.8935593599829538,1.0,False,0.0,-1.0763469365439937,False,0.0,-4.461722771604389
VTM-000679,DG-1b90ed208216,0,0.4164092540740967,0.9611031413078308,0.7423981428146362,0.5625129342079163,1.0,0.4164092540740967,0.5,False,3.116275250451056,1.0,False,3.116275250451056,1.0,False,0.0,-31.29862308885476,False,0.0,-31.298623088854928
VTM-000693,DG-215e87cde7ce,0,0.42034050822257996,0.9983409643173218,0.14956258237361908,0.922826886177063,0.4961510634337309,0.41780898178901965,0.4974003919664294,False,47.43742689131615,1.0,False,0.0,-241.41753541200103,False,0.0,-589.2257889676604,False,3039.46035463778,1.0
VTM-000714,DG-d5b2d2d0f47d,0,0.39900994300842285,0.9997249245643616,0.7082366347312927,0.993929386138916,1.0,0.39900994300842285,0.5,True,0.0,1.0,True,0.0,1.0,True,0.0,1.0,True,0.0,1.0
VTM-000724,DG-71445ecdb56e,0,0.42133060097694397,0.9931355714797974,0.9437751770019531,0.9796305894851685,1.0,0.42133060097694397,0.5,True,0.0,1.0,True,0.0,1.0,True,0.0,1.0,True,0.0,1.0
VTM-000730,DG-3a2fcad1ab5c,0,0.4254036247730255,0.9949361085891724,0.07385348528623581,0.47513455152511597,0.40574762483171617,0.42417313766541515,0.49874102784632884,False,1.1050863897481036,-3.915767577877128,False,1.6669194755613417,-4.008133539692593,False,59.1954711531395,-8.111471742521104,False,60.439883126698355,-15.665971571420744
VTM-000740,DG-be20a789f2d6,0,0.5104682445526123,0.9689376950263977,0.6759458780288696,0.882926881313324,1.0,0.5104682445526123,0.5,True,0.0,1.0,True,0.0,1.0,True,0.0,1.0,True,0.0,1.0
VTM-000784,DG-dee47a6e3020,0,0.42441892623901367,0.9480425715446472,0.4725229740142822,0.11584730446338654,0.4389984296393598,0.4200430226644704,0.4955156976685766,False,1.3358530481012107,-7.13131472350164,False,1.815100045883525,-5.48360344492277,False,100.96859364071243,-11.059025844809643,False,79.2223032013387,-17.484266300924887
VTM-000787,DG-c6f678882da1,0,0.5093799233436584,0.9952481389045715,0.9411322474479675,0.9737173318862915,1.0,0.5093799233436584,0.5,True,0.0,1.0,True,0.0,1.0,True,0.0,1.0,True,0.0,1.0
VTM-000789,DG-1c975bac96ef,0,0.4053249657154083,0.987316906452179,0.7519612908363342,0.9416792988777161,1.0,0.4053249657154083,0.5,True,0.0,1.0,True,0.0,1.0,True,0.0,1.0,True,0.0,1.0
VTM-000793,DG-8e11b27e79d2,0,0.45252713561058044,0.6072466969490051,0.6166602373123169,0.2606131434440613,0.6195426632132381,0.4481246415023935,0.49555370684771916,False,0.7883395307156406,-8.119012647977089,False,1.3111364088076212,-5.9260254148313685,False,181.556616792188,-6.073775712170941,False,135.3933305437168,-17.195841748550965
VTM-000820,DG-cb62257007e8,0,0.20257194340229034,0.9999938011169434,0.9872596263885498,0.989300549030304,1.0,0.20257194340229034,0.5,True,0.0,1.0,True,0.0,1.0,True,0.0,1.0,True,0.0,1.0
VTM-000829,DG-3a19371a5a2f,0,0.2855238616466522,0.9989707469940186,0.9816988706588745,0.9567222595214844,1.0,0.2855238616466522,0.5,True,0.0,1.0,True,0.0,1.0,True,0.0,1.0,True,0.0,1.0
VTM-000878,DG-b4b902bcc281,0,0.3675376772880554,0.999710738658905,0.48218581080436707,0.17375671863555908,0.5025224612111823,0.3564366591043889,0.4879850406955179,False,4.350779452923694,1.0,False,9.167802609368549,1.0,False,0.0,-29.070752906074986,False,0.0,-65.98194112072864
VTM-000950,DG-52149f250b6b,0,0.3913630247116089,0.9990136623382568,0.47741201519966125,0.8865822553634644,0.9558292701384795,0.39021940905155245,0.4987990952693758,True,0.04773371908669882,1.0,True,0.17110005258073924,1.0,True,0.0,1.0,True,0.0,1.0
VTM-000968,DG-4504ea2bbae4,0,0.42302045226097107,0.9993681311607361,0.537983775138855,0.9443278908729553,1.0,0.42302045226097107,0.5,True,0.09708687146570402,1.0,True,0.09708687146570402,1.0,True,0.0,1.0,True,0.0,1.0
VTM-000984,DG-20a1ed1c7f25,0,0.41647791862487793,0.9988584518432617,0.08540873229503632,0.9648264050483704,0.4364058869069474,0.40674062062131,0.4899495618010926,False,6.731985159441298,1.0,False,16.148211408549482,1.0,False,0.0,-74.61482109684889,False,0.0,-188.1800396055675
VTM-000988,DG-9909953eb71a,0,0.40661194920539856,0.9977756142616272,0.8500250577926636,0.9889919757843018,1.0,0.40661194920539856,0.5,True,0.0,1.0,True,0.0,1.0,True,0.0,1.0,True,0.0,1.0
VTM-001009,DG-3a6609277b62,0,0.346854567527771,0.9999078512191772,0.9270492196083069,0.9994102716445923,1.0,0.346854567527771,0.5,True,0.0,1.0,True,0.0,1.0,True,0.0,1.0,True,0.0,1.0
VTM-001017,DG-aa250e46435d,0,0.3980337083339691,0.9960214495658875,0.8962672352790833,0.9800961017608643,1.0,0.3980337083339691,0.5,True,0.0,1.0,True,0.0,1.0,True,0.0,1.0,True,0.0,1.0
VTM-001032,DG-e8a4e7f08a76,0,0.2831450402736664,0.9999657869338989,0.9588343501091003,0.9746034741401672,1.0,0.2831450402736664,0.5,True,0.0,1.0,True,0.0,1.0,True,0.0,1.0,True,0.0,1.0
VTM-001046,DG-02686e525e12,0,0.4352520704269409,0.9913771152496338,0.24280397593975067,0.7554977536201477,0.5978639566698682,0.4372969679197838,0.5020786539305826,False,0.0,-2.6120544831651293,False,14.465049965550136,-3.914878825868896,False,48.06415438587331,1.0,False,68.1821939469616,-215.53886864401557
VTM-001055,DG-cc8a31d9a8d1,0,0.37139901518821716,0.9995629191398621,0.43537917733192444,0.9812352657318115,0.8787615912468737,0.3673792768743081,0.49568595484022204,True,0.2316440158348175,1.0,True,0.4967957844043173,1.0,True,0.0,1.0,False,0.0,-0.00864981918080706
VTM-001076,DG-5d50abc742d1,0,0.36716195940971375,0.9995278120040894,0.8178492188453674,0.9849730730056763,1.0,0.36716195940971375,0.5,True,0.0,1.0,True,0.0,1.0,True,0.0,1.0,True,0.0,1.0
VTM-001150,DG-96f2335172fb,0,0.43760940432548523,0.9960812926292419,0.885848343372345,0.9923027753829956,1.0,0.43760940432548523,0.5,True,0.0,1.0,True,0.0,1.0,True,0.0,1.0,True,0.0,1.0
VTM-001164,DG-a3b1959b14cb,0,0.4675675630569458,0.8863059878349304,0.4316997826099396,0.862848162651062,0.872318704722568,0.46417877175676425,0.4965953871954753,False,2.3713133893476925,1.0,False,3.6283432801060838,1.0,False,0.0,-57.69882148027759,False,0.0,-96.60934216996424
VTM-001182,DG-f78cf8579796,0,0.4786601960659027,0.9769737124443054,0.8025358319282532,0.8795960545539856,1.0,0.4786601960659027,0.5,True,0.18504653489807746,1.0,True,0.18504653489807746,1.0,True,0.0,1.0,True,0.0,1.0
VTM-001216,DG-a0b56d2c7eb4,0,0.38533613085746765,0.9987977743148804,0.2426549196243286,0.007633585948497057,0.2232589458895973,0.38506575174796454,0.499714574628561,False,2.2660578555545885,-111.51917925624919,False,2.7393899496317444,-88.57448914496833,False,976.9352813046607,-15.402043108795628,False,776.9308177927351,-19.535092630961742
VTM-001247,DG-fa5b00803530,0,0.4477100074291229,0.9943434000015259,0.9041829705238342,0.9229482412338257,1.0,0.4477100074291229,0.5,True,0.0,1.0,True,0.0,1.0,True,0.0,1.0,True,0.0,1.0
VTM-001248,DG-54453e287950,0,0.4743588864803314,0.9907296299934387,0.3716587722301483,0.9790610671043396,0.7736138315527198,0.46687953790428016,0.4924951576085791,False,2.075061086725079,1.0,False,2.8935785775980305,1.0,False,0.0,-61.42717185495522,False,0.0,-93.73512910119159
VTM-001277,DG-9aa6cf537ad2,0,0.4058729410171509,0.9388146996498108,0.5828939080238342,0.3626098930835724,0.7597390850178762,0.40017401882226744,0.4940785170685737,False,2.913469337409896,1.0,False,4.695807577246424,1.0,False,0.0,-25.64054761181519,False,0.0,-44.744704871931695
VTM-001283,DG-f241854c4277,0,0.44871678948402405,0.9974555373191833,0.21914002299308777,0.9662386775016785,0.5702274549298016,0.43026702065528316,0.48128248603911994,False,1.8870818629642168,1.0,False,3.9986470780752414,1.0,False,0.0,-27.047484917741397,False,0.0,-68.94702548671656
VTM-001312,DG-060ca0c5c72d,0,0.4172751009464264,0.9988222718238831,0.8482069969177246,0.9952705502510071,1.0,0.4172751009464264,0.5,True,0.0,1.0,True,0.0,1.0,True,0.0,1.0,True,0.0,1.0
VTM-001342,DG-4329fd0fa254,0,0.45943325757980347,0.9419505000114441,0.49065962433815,0.7530875205993652,0.9814926524614979,0.459181442454055,0.4997465058548586,True,0.0,0.5615940051318566,True,0.0,0.40606524717263087,True,0.0,1.0,False,2.309407426696554,1.0
VTM-001357,DG-7f4dc6574ffe,0,0.4159753918647766,0.9951401948928833,0.9671449065208435,0.9434078335762024,1.0,0.4159753918647766,0.5,True,0.0,1.0,True,0.0,1.0,True,0.0,1.0,True,0.0,1.0
VTM-001382,DG-1509292b6cc8,0,0.4381045699119568,0.995690643787384,0.2617798149585724,0.9316176772117615,0.6209899566269799,0.4330813705930124,0.4948921751097081,False,43.52185093615814,1.0,False,0.30770038391760424,-20.235413250978823,False,0.0,-695.0731398902841,False,335.38320020552607,1.0
VTM-001395,DG-537642b233cd,0,0.4618365466594696,0.9351295828819275,0.35217586159706116,0.6018562316894531,0.7440490813221811,0.452252315502267,0.49034539773950014,False,1.3422476447162344,1.0,False,1.6761908675508341,1.0,False,0.0,-22.06948195177467,False,0.0,-31.130205280481384
VTM-001419,DG-d98fb1bcefac,0,0.4262002408504486,0.9931413531303406,0.6424069404602051,0.9825394153594971,1.0,0.4262002408504486,0.5,True,0.0,1.0,True,0.0,1.0,True,0.0,1.0,True,0.0,1.0
VTM-001471,DG-127eae5e258a,0,0.4677508473396301,0.998276948928833,0.9008585810661316,0.9608790874481201,1.0,0.4677508473396301,0.5,True,0.0,1.0,True,0.0,1.0,True,0.0,1.0,True,0.0,1.0
VTM-001509,DG-e325dc5be40a,0,0.42330610752105713,0.9942860007286072,0.283916175365448,0.6468307375907898,0.6491005463305702,0.41347691473532383,0.4899027954084565,False,1.4124792164850433,1.0,False,4.406722878657004,1.0,False,0.0,-11.89767772884361,False,0.0,-51.24991755084195
VTM-001607,DG-080fb8d0d108,0,0.4486624598503113,0.9195550680160522,0.532502293586731,0.9668347239494324,1.0,0.4486624598503113,0.5,False,0.0,-2.961221250400861,False,0.0,-2.961221250400861,False,67.42086278985785,1.0,False,67.42086278985785,1.0
VTM-001621,DG-101ac59f319a,0,0.44299882650375366,0.9397004246711731,0.5038073658943176,0.8790218234062195,1.0,0.44299882650375366,0.5,True,0.0,1.0,True,0.0,1.0,True,0.0,1.0,True,0.0,1.0
VTM-001632,DG-34e20a4b6942,0,0.47451692819595337,0.9710751175880432,0.1606902927160263,0.5687140226364136,0.5073169034372244,0.47274101522713935,0.4982191387824483,False,1.4968466342947542,-349.7218729326911,False,2.5381647134975442,-54.8749232171598,False,13743.314606089787,-39.11799338635657,False,2173.3603040168427,-80.06655475575553
VTM-001671,DG-a5ee170f9ded,0,0.5001997351646423,0.6867603063583374,0.8238218426704407,0.8222672939300537,1.0,0.5001997351646423,0.5,True,0.0,1.0,True,0.0,1.0,True,0.0,1.0,True,0.0,1.0
VTM-001706,DG-09c9971334d4,2,0.5258951187133789,0.9879853129386902,0.10125209391117096,0.6196514964103699,0.45045557827537147,0.5256023862223776,0.49970648914541427,False,60.741204998127664,-1.2690814576980058,False,71.39753495862463,-1.392484409217784,False,2326.353691014358,-68.31717889688608,False,2737.8016007231004,-73.06913881915669
VTM-001728,DG-df4c8a563a24,2,0.38689249753952026,0.9989699125289917,0.12005765736103058,0.2336052507162094,0.27453564179805207,0.38682590728413474,0.4999298160930498,False,3.436955832037221,-19.956065642775844,False,4.100052709458454,-21.31952975060325,False,180.85507325142538,-25.966056787996116,False,192.91516797671872,-31.830225244007178
VTM-001740,DG-4b56e6a07cac,2,0.49232468008995056,0.9006497859954834,0.33874455094337463,0.3750428259372711,0.5641555620719535,0.48408129551529844,0.4917525847106269,False,3.388185900179884,1.0,False,4.833502534658022,-92.5252848979232,False,0.0,-376.295181702892,False,12125.346224648989,-565.9739633582526
VTM-001767,DG-dc4471ec2abc,2,0.5019639730453491,0.9989935755729675,0.01924384944140911,0.6038823127746582,0.38231427426373604,0.5014506498550249,0.49948667095970156,False,8.495154663418289,-1.3472082475614227,False,8.842222174787643,-1.3429938315152736,False,4070.9085505803987,-940.5466393420481,False,4247.874314586809,-938.1366097480242
VTM-001818,DG-37314de86155,2,0.4121024012565613,0.9965689182281494,0.07749772816896439,0.5003911256790161,0.4295554064516973,0.4108122026431218,0.49866803417097727,False,2.146148566516194,-13.153435704424417,False,2.6266965584682946,-11.45001737168114,False,155.33343230771428,-18.728026590590684,False,136.00332724713337,-24.221824405846235
VTM-001873,DG-2fc4fa8ac5ba,2,0.43248164653778076,0.9998804330825806,0.15214292705059052,0.373489111661911,0.3872302031669502,0.43163032527744744,0.4991326635177054,False,480.8225315137982,1.0,False,1.3565526167109314,-198.55505883374943,False,0.0,-7113.955049023458,False,2948.848835261342,-12.702077817533533
VTM-001936,DG-eeae9d39a9dc,2,0.43773746490478516,0.9955986738204956,0.23475584387779236,0.536547064781189,0.5883176168292048,0.4311692222596264,0.49331719867030915,False,1.3590807404164005,-0.903272014240174,False,1.629877641889303,-0.9144970504643386,False,22.537983911098834,-13.797715417508334,False,22.65261606961436,-18.287971851383325
VTM-001949,DG-407a74f71db2,2,0.5147899985313416,0.9917005896568298,0.025112921372056007,0.49185749888420105,0.3805798913903959,0.5147769733627958,0.49998696343481525,False,5.7029102147267166,-0.6534839775157844,False,5.737786605543902,-0.6830525187020385,False,351.78571544151947,-77.9908108220177,False,354.1444304374281,-79.98909317151488
VTM-001963,DG-b51f8446301b,2,0.4616067707538605,0.9986028075218201,0.05432100221514702,0.5578908920288086,0.4100984625438946,0.45787562083261457,0.4962445554931542,False,8.445767543247003,-10.586796711887013,False,13.477541703574637,-6.642603702741115,False,288.7695807198055,-206.9575208770913,False,186.05802640583423,-338.32831854541416
VTM-001966,DG-dd004fef834a,2,0.4293089807033539,0.9934065341949463,0.2122085839509964,0.17717018723487854,0.2948635837302306,0.42807810945259506,0.4987435769656987,False,2.7393212506852724,-78.28128617268436,False,11.744564725396529,-42.48172341221861,False,1114.445469262496,-31.677591764354613,False,608.2244765622723,-159.14167901522134
VTM-001998,DG-2c0e69601f5e,2,0.5246518850326538,0.9996916055679321,0.002918059006333351,0.7012321352958679,0.37003270624737095,0.5248793263984323,0.500228000717471,False,31.482556337921327,-57.879607799906246,False,27.630885066283852,-66.22784627721786,False,1256.8027271294256,-2368.159989492608,False,1100.5759859201366,-2706.8756926727333
VTM-002028,DG-946770892149,2,0.44881147146224976,0.982445478439331,0.745573878288269,0.46520286798477173,0.9327722023729619,0.4441222321127452,0.4952564891809245,True,0.6369014900132689,1.0,True,0.6868611791587845,1.0,False,0.0,-2.6744564441290377,False,0.0,-3.74709052137758
VTM-002044,DG-6975427a2b00,2,0.4967968761920929,0.9887548685073853,0.01640447787940502,0.5074415802955627,0.380149362514265,0.4964660173835016,0.4996691262097296,False,7.620958201088969,-3.248894820984855,False,7.8836981971383215,-3.2470991872058623,False,1170.3871113974851,-2223.129241369484,False,1169.7286969261218,-2305.2694964547263
VTM-002050,DG-b3c27b551590,2,0.5283746719360352,0.8001490831375122,0.16457730531692505,0.37124210596084595,0.39520084401530076,0.5294364567769317,0.5010653441548829,False,1.4827520938135952,-14.793150417980721,False,1.9635298296196066,-17.464849409537575,False,34.63483546273275,-538.9718849422107,False,51.547660641556654,-633.2467461896142
VTM-002065,DG-da3cfad91132,2,0.485368937253952,0.9629997611045837,0.12014209479093552,0.4270050525665283,0.4042564984679408,0.48461630361419594,0.4992466881390303,False,1.0651481016835858,-35.039970721667224,False,1.683737766442357,-28.704547777302547,False,2429.076502406714,-38.62659271529989,False,1996.1057356951721,-80.96103532294175
VTM-002070,DG-4d2397e45b8d,2,0.4625132381916046,0.9824025630950928,0.22532354295253754,0.7006407976150513,0.5773232672870386,0.4486096040047207,0.48598839465027044,False,3.605830515944002,1.0,False,6.989939203624326,1.0,False,0.0,-82.85139516234338,False,0.0,-174.0011032098107
VTM-002098,DG-5f080264a9e9,2,0.42840662598609924,0.9781106114387512,0.8735764622688293,0.793246328830719,1.0,0.42840662598609924,0.5,True,0.0,1.0,True,0.0,1.0,True,0.0,1.0,True,0.0,1.0
VTM-002111,DG-c547e96f8a5e,2,0.4526765048503876,0.8209792375564575,0.5219805240631104,0.7893458008766174,1.0,0.4526765048503876,0.5,True,0.05779514571019304,1.0,True,0.057795145710193035,1.0,True,0.0,1.0,True,0.0,1.0
VTM-002137,DG-d17fb3fe6588,2,0.47104209661483765,0.9637359380722046,0.20780763030052185,0.20286713540554047,0.307693700850468,0.4710822044070506,0.5000402425885835,False,3.3898723848651224,-16.19011665854875,False,3.849215874245543,-16.524057409721916,False,576.3579094991261,-99.79563597639094,False,587.8885007882668,-115.65616464284004
VTM-002205,DG-024f820c5d42,2,0.36521604657173157,0.9997698664665222,0.0017419153591617942,0.6649281978607178,0.36916330595448965,0.36542273666049774,0.5002228597737841,False,0.7894405443955788,-82.03158726731493,False,1.034662110445731,-96.52716271426617,False,612.3250221417242,-2.1474406784604194,False,719.7870694263898,-3.9646792475315555
VTM-002208,DG-8a9eea001fb7,2,0.5273281335830688,0.9648550748825073,0.21316012740135193,0.1500973105430603,0.2798545922456542,0.5271841676828198,0.49985560501992216,False,2.068993094192107,-27.284994299799123,False,2.2986781105324816,-26.546196281298073,False,57.413108342099704,-1016.7175967338983,False,65.82206783800943,-989.662435596745
VTM-002209,DG-013a772a41b4,2,0.43045929074287415,0.988628625869751,0.3907109797000885,0.30099934339523315,0.5397877059730766,0.4145597099061965,0.4837133454250055,False,3.155377360288267,1.0,False,1.704340359873515,-4.776860315011891,False,0.0,-38.184502123354044,False,76.07081856175343,-17.650944961765745
VTM-002212,DG-47fc26f33286,2,0.4669952690601349,0.9471492171287537,0.5120419263839722,0.8660445809364319,1.0,0.4669952690601349,0.5,True,0.34694267875209084,1.0,True,0.34694267875209084,1.0,True,0.0,1.0,True,0.0,1.0
VTM-002265,DG-4d5ee2eb3642,2,0.5139220356941223,0.8140641450881958,0.16274090111255646,0.287747323513031,0.3331962741586474,0.5122206840816204,0.49829748974891375,False,23.71552200907373,-1.3238866581998758,False,36.033325760545225,-1.354289470382678,False,1667.5378887931824,-131.0071815840784,False,2552.2180773796763,-133.05760990348278
VTM-002322,DG-2c899b501f1d,2,0.5622503161430359,0.7680675387382507,0.13235768675804138,0.44633811712265015,0.43058592039097876,0.5623090847718091,0.5000596947959743,False,1.4503095623014841,-26.493229184814897,False,1.7405347971542002,-27.054204800906724,False,15.265939535437951,-433.62396943961005,False,19.927506162546756,-442.643124798463
VTM-002358,DG-c8215fda6914,2,0.46761077642440796,0.9806675910949707,0.019179824739694595,0.6712059378623962,0.38226532228319704,0.469076664397523,0.5014717844291731,False,2.1830993596901664,-11.807224936987307,False,2.3638924829717194,-14.371877810737125,False,379.9790046916103,-51.96479488809212,False,459.12315128436205,-57.490779374268826
VTM-002388,DG-7927329cc85d,2,0.4265538156032562,0.9963185787200928,0.08680808544158936,0.7141582369804382,0.43762896953516445,0.42725871324735903,0.5007202904526421,False,1.4875833373364789,-2.01126667843063,False,1.8503172953944125,-2.3456443690803708,False,34.19192840386639,-13.446353210150784,False,38.74630477343359,-18.37146786503662
VTM-002391,DG-ebc7edc66f19,2,0.45694783329963684,0.9971014857292175,0.009761105291545391,0.8008636832237244,0.37513182201201856,0.45779474145803606,0.5008531086470013,False,1.8875095934522812,-3.7428071616825958,False,1.9282946869783177,-3.962039653966697,False,98.55037473983272,-32.22856594208477,False,103.64751508174652,-33.15131695697773
VTM-002445,DG-83eb15527c67,2,0.5201669931411743,0.9965333938598633,0.023813016712665558,0.2719801962375641,0.24453090576723627,0.5201639350298811,0.4999969369063284,False,2.305938939092085,-59.286548490887085,False,2.4343598339191344,-59.27455314114457,False,89.54924149822453,-2964.574246262658,False,95.91724485527988,-2963.97856100476
VTM-002466,DG-7e0145e05115,2,0.4579169452190399,0.9990872144699097,0.001441970351152122,0.2310962677001953,0.21547216901137867,0.45785471206425776,0.4999373221830966,False,15.536116408364581,-1.4290493026641296,False,15.666444270213795,-1.4284982652097415,False,45.839098722864165,-357.2962202156231,False,45.824999493782116,-360.39843786307927
VTM-002468,DG-4b5608916bb1,2,0.4529114365577698,0.9899128079414368,0.020608246326446533,0.3861532509326935,0.3052949240509984,0.4532399158225118,0.5003313980399755,False,4.2126153127411845,-14.766532502556485,False,4.2853970058273925,-15.652992217247183,False,324.2089243449917,-78.84324857979625,False,343.0200718825069,-80.37686285405734
VTM-002508,DG-290ae7f2f62f,2,0.46228644251823425,0.9924789667129517,0.06258630752563477,0.45978063344955444,0.38470975272036106,0.46301011063469666,0.5007277289028869,False,5.1753020788964275,-26.329648145665285,False,4.488936325141188,-31.809514048363635,False,711.4059223566192,-123.96873673763089,False,856.6352612067343,-105.73861180417825
VTM-002530,DG-8b08316d8e8a,2,0.5483649969100952,0.9851809740066528,0.08806132525205612,0.41009432077407837,0.36652494106647854,0.5486332143578051,0.5002707649617981,False,1.0884834594383614,-7.9072430515740955,False,1.2272622235518107,-8.189534283574636,False,12.167548786000777,-173.82908278071557,False,15.032147206548075,-179.6808300047322
VTM-002581,DG-f47265c51350,2,0.5320157408714294,0.9678024649620056,0.02750772424042225,0.6524291634559631,0.38868557545703925,0.5327224729762737,0.5007097061546465,False,2.2544894905466353,-17.587136829992666,False,2.1933089307256974,-19.818608027519506,False,54.800839924099115,-564.9451281676841,False,52.87263153485322,-634.7254470971608
VTM-002588,DG-bf1e0b7b2b2d,2,0.48579123616218567,0.9984402060508728,0.01928834803402424,0.42768439650535583,0.3308618008368484,0.48595959011465917,0.5001684884041093,False,160.94663669104037,-1.3519841748515,False,132.18015928367234,-1.5677724904755876,False,130.3409780042024,-11292.08976390688,False,145.5384461732002,-9267.431444221682
VTM-002596,DG-6357e7195437,2,0.49269238114356995,0.9949042797088623,0.04959447309374809,0.3818349838256836,0.32073466509266446,0.49318503655298657,0.5004927535682047,False,1.767046584237789,-160.4259501691957,False,2.0545677396504303,-508.9168773722895,False,22021.66715737646,-173.38706480606024,False,69709.50969466806,-212.66217381515952
VTM-002607,DG-8fe6033ae663,2,0.5532428622245789,0.995326042175293,0.035739097744226456,0.8320621848106384,0.39513736916084174,0.5534685041165431,0.5002282409318921,False,1.3672313485190808,-64.78387416564112,False,1.4236607397210663,-73.79352335762786,False,16.288218031199964,-1226.1526040857966,False,17.34462685855761,-1395.4429815814801
VTM-002682,DG-899b21bec40d,2,0.44420087337493896,0.99854576587677,0.00685854023322463,0.6699630618095398,0.37296044164500003,0.44488980059345956,0.5006975068343621,False,2.788972723865283,-4.947608036302804,False,2.7695112622747033,-5.198520056161451,False,97.6289122392159,-41.0216586228293,False,102.12241188330395,-40.654130195688055
VTM-002717,DG-3e6877aaa98b,2,0.41080769896507263,0.9963417649269104,0.25206321477890015,0.3472956418991089,0.4487531648365404,0.41357725958479163,0.5028576711140716,False,1.0624766829345023,-4.508859758947602,False,1.2446147810461745,-5.356959218950279,False,56.1579833778044,-6.306336717495807,False,65.63384722014375,-8.3081730608829
VTM-002718,DG-d20c64f46ebb,2,0.5507607460021973,0.9933626651763916,0.03726916387677193,0.7310898303985596,0.3963483937760594,0.5509501619339752,0.5001913959366986,False,1.1211890854792397,-57.473601490457106,False,1.1524243906389946,-63.21433057138198,False,12.237587789831753,-1142.0951435180061,False,12.849662159582286,-1255.2417442680232
VTM-002721,DG-c37da979c6a0,2,0.3863603472709656,0.9761364459991455,0.3061666786670685,0.28739801049232483,0.44358287817987974,0.3867738778065074,0.5004359689454776,False,1.8278489672473832,-5.012472542602208,False,3.004850247641979,-11.002191667525695,False,48.50835434833983,-11.684732708692293,False,101.2002112683961,-22.03385714269904
VTM-002735,DG-8a8a435e8e4b,2,0.5375894904136658,0.9881227612495422,0.09565062075853348,0.6562976241111755,0.4454373107947224,0.5378841667564639,0.5002963644900847,False,1.1177967871307408,-43.04630190782506,False,1.1713363211985477,-48.180302220839934,False,16.435359467021158,-1158.4701316405824,False,17.852598881757064,-1295.11691692799
VTM-002736,DG-7c1b30efe9b2,2,0.45480355620384216,0.6800638437271118,0.7886071801185608,0.4547022581100464,0.9133871160827135,0.4510615134824405,0.49622455446892877,True,0.353139603516328,1.0,True,0.4568317084878482,1.0,True,0.0,1.0,True,0.0,0.8722363490285298
VTM-002749,DG-07647b295c72,2,0.5065147876739502,0.9974662065505981,0.009382776916027069,0.4130691885948181,0.31502727110155987,0.5069565459975833,0.5004418384208446,False,67.15935826812907,-10.439319237602087,False,51.98301298998156,-11.539925340709548,False,10232.007795840738,-1679.1520744940954,False,7902.514509686537,-1848.1822917305187
VTM-002750,DG-1b5a4a187e76,2,0.5033681988716125,0.9855740666389465,0.05167548730969429,0.3248958885669708,0.28740662668421774,0.5021672069824351,0.4987989730428334,False,4.718246572446802,-2.2250879988024947,False,5.164281126089632,-2.232308226083131,False,1252.374557808305,-809.06386548904,False,1385.1419576864746,-810.8424913765908
VTM-002778,DG-06b16132942b,2,0.450179785490036,0.9970629811286926,0.12072675675153732,0.20792849361896515,0.26114238101832693,0.4508417947361407,0.5006685586399723,False,4.031434809076535,-31.327777805389825,False,3.4658065125136113,-38.260550973944625,False,638.8526849683658,-70.88357293945978,False,777.9196659730292,-59.508941010026696
VTM-002841,DG-6c3015bf0dd0,2,0.48018714785575867,0.9149237275123596,0.491961270570755,0.42394521832466125,0.8451957495261464,0.4789875157336025,0.49879836683541456,False,88.38124194018694,1.0,False,6499.632554623134,1.0,False,0.0,-4435.56744381789,False,0.0,-328059.2904803616
VTM-002899,DG-9aa0f6f11f4d,2,0.48597031831741333,0.8555091619491577,0.638508677482605,0.8800972104072571,1.0,0.48597031831741333,0.5,True,0.0,1.0,True,0.0,1.0,True,0.0,1.0,True,0.0,1.0
VTM-002914,DG-ecd4fac4287f,2,0.5371841192245483,0.9921984076499939,0.11717823147773743,0.651918888092041,0.4650345676876708,0.5372613841613831,0.5000776955353594,False,0.9445665152895916,-72.1527955180209,False,1.159213797168788,-75.7441662546633,False,11.955816745448018,-1953.8662480957476,False,17.72648507959262,-2050.475538267899
VTM-002934,DG-2ed01f8ef8d1,2,0.3662104904651642,0.9998335838317871,0.23283471167087555,0.9178338050842285,0.5860614820947404,0.350591767102856,0.4830239199173397,True,0.0,1.0,False,1.362612965788351,1.0,True,0.0,1.0,False,0.0,-6.641808859689612
VTM-002948,DG-c8c2af62c64d,2,0.4909389913082123,0.9604113101959229,0.1521252691745758,0.2843816578388214,0.32400830008449116,0.4911746223226439,0.5002357064092032,False,2.7702719798556212,-16.283942110912417,False,3.1479308442371456,-17.16324260900223,False,1852.3260137836153,-250.5540008932292,False,1949.3780376251013,-292.2051172392787
VTM-002980,DG-e16a6abaf9b2,2,0.5341848134994507,0.9984861016273499,0.011003904975950718,0.6220006942749023,0.3760654092132538,0.5344432067188117,0.5002596159425328,False,1.3822017124841173,-14.688486495124693,False,1.380331255458914,-15.21145941526567,False,25.806831226336545,-444.3050858056686,False,25.7454415855893,-459.6275193567957
VTM-002992,DG-fc957ab58e9b,2,0.4690847098827362,0.931292712688446,0.5913429856300354,0.9078380465507507,1.0,0.4690847098827362,0.5,False,1.1342077347633162,1.0,False,1.1342077347633162,1.0,False,0.0,-20.5143711204949,False,0.0,-20.5143711204949
VTM-003021,DG-36932a249f8e,2,0.45134854316711426,0.9948276877403259,0.11788560450077057,0.5602250099182129,0.4656929391079617,0.4504992103789916,0.4991424058858969,False,3.2034915384045464,-25.976936187052566,False,4.604109279711454,-22.045722753668098,False,544.216718483873,-55.56856288375572,False,463.4741801934969,-84.38933402808222
VTM-003034,DG-00b42aa15c42,2,0.515741765499115,0.9698435068130493,0.3282657563686371,0.53061842918396,0.7093058329605986,0.5150944741750538,0.4993520928695672,False,0.5165410373486683,-27.6716825714224,False,0.7141473503614687,-24.116291593459042,False,1.0507739649404806,-1789.6139142084066,False,13.644394283413789,-1563.6543931093538
VTM-003040,DG-fea5d767b540,2,0.39603278040885925,0.9992652535438538,0.6352813243865967,0.780362069606781,1.0,0.39603278040885925,0.5,True,0.0,1.0,True,0.0,1.0,True,0.0,1.0,True,0.0,1.0
VTM-003152,DG-9c840e161e3d,2,0.5241847634315491,0.9984087347984314,0.008992879651486874,0.14143946766853333,0.1828415578324411,0.524194858886237,0.5000101191394217,False,1.4230711642202634,-78.65212082179701,False,1.5187760247387472,-79.20482170865874,False,38.16746716720453,-3272.8093886793185,False,42.124327830878336,-3295.666302893051
VTM-003177,DG-490ca7f8b15a,2,0.4711008369922638,0.971825122833252,0.14549866318702698,0.36627325415611267,0.37664349884987885,0.4705498228642648,0.49944710362371264,False,2.5907170042261627,-10.732762399547667,False,3.4150198939768375,-10.529672366766782,False,388.6881566964913,-72.34524417425169,False,381.66634300995594,-100.89436492739667
VTM-003192,DG-3d7227aa9b91,2,0.5064288973808289,0.8310424089431763,0.2481604665517807,0.4723963141441345,0.5718454944955134,0.5069615219833749,0.5005327199698841,False,0.6958297755830104,-15.468202192927224,False,1.1442631167914605,-16.86367791555162,False,30.46086505704586,-2483.8166246896785,False,100.13224788549402,-2701.002550566604
VTM-003196,DG-00e1e7a9cabb,2,0.45265746116638184,0.9738149046897888,0.8995309472084045,0.8970240354537964,1.0,0.45265746116638184,0.5,True,0.0,1.0,True,0.0,1.0,True,0.0,1.0,True,0.0,1.0
VTM-003227,DG-04c20cda0e71,2,0.43628281354904175,0.7039072513580322,0.3414294123649597,0.3924165666103363,0.587248011218822,0.41988323932132704,0.48325857835929287,False,1.0335671581916237,1.0,False,2.253627557797493,1.0,False,0.0,-8.373991193134337,False,0.0,-27.93466680119248
VTM-003306,DG-1ee4428aac3b,2,0.39884763956069946,0.9867607355117798,0.3625660836696625,0.3840155005455017,0.6023980548094339,0.39453387619825153,0.4954939518966813,False,2.299292565312885,-3.591268529072344,False,38.82286776474262,-3.250828628694712,False,40.446594733965476,-17.787944418683193,False,37.10697079686984,-379.6290122378269
VTM-003307,DG-38f00c502b7d,2,0.4301448464393616,0.9842938780784607,0.38948681950569153,0.07513988018035889,0.3427525226190574,0.42556063656978976,0.4953184136366219,False,3.0306933816975192,-17.57340096487342,False,3.943474303427376,-148.39510362216348,False,258.72680888440624,-36.22772626933953,False,2134.391723708193,-49.43041528526916
VTM-003311,DG-e85c640a9c96,2,0.4597213864326477,0.9852446913719177,0.17119276523590088,0.1364375650882721,0.25038905786038196,0.4587178905716694,0.4989897850534039,False,6.9242189375482734,-3.211847126165286,False,7.791250639239823,-3.1861508964811938,False,92.15429225135874,-159.49453987054252,False,91.50651413248075,-181.0756843707483
VTM-003334,DG-a710b9a2298b,2,0.48750677704811096,0.8194577097892761,0.621812641620636,0.7210946679115295,1.0,0.48750677704811096,0.5,False,1.4784586312390724,1.0,False,1.4784586312390724,1.0,False,0.0,-78.3191523121836,False,0.0,-78.3191523121836
VTM-003335,DG-34dd699c74d9,2,0.5096322298049927,0.9713810682296753,0.049349620938301086,0.4618741273880005,0.37623079652891595,0.5098310441007843,0.5001988896311074,False,0.3904088052025614,-253.9827757401302,False,64.45580943025094,-184.06545836356466,False,0.0,-26419.923620208097,False,6639.803248784874,-19161.40961344139
VTM-003345,DG-9c58387a1341,2,0.47855085134506226,0.9157876968383789,0.47006210684776306,0.9227986335754395,0.9418815209028438,0.4773264596114554,0.49877322179935935,False,1.152304481062574,1.0,False,1.40542096105833,1.0,False,0.0,-30.41167234916909,False,0.0,-42.27434105509659
VTM-003392,DG-adb8ff4a3305,2,0.4895802438259125,0.9072257876396179,0.06534776091575623,0.3195437788963318,0.2922291803413943,0.4887735606653758,0.49919293921003616,False,37.69828487424539,-3.8846944853693524,False,52.42917666044523,-3.7704535666799064,False,420.8058626432384,-3569.9765189104096,False,409.7793824832453,-4983.980906218697
VTM-003422,DG-5f94cd40772b,2,0.4327305555343628,0.9953539371490479,0.19020026922225952,0.07332924753427505,0.22925027541163182,0.4282925584329539,0.49547468754212964,False,8.303898705326388,-20.854114194332222,False,13.45824904745208,-7.144269763808392,False,317.44151247214427,-116.0095607644394,False,113.71691479047293,-192.9497402329166
VTM-003469,DG-8e7d2619575d,2,0.48192059993743896,0.9796974062919617,0.15057025849819183,0.15383148193359375,0.24877745948750626,0.4814230099233215,0.4995017406026124,False,218.00409197430042,-0.7991560261844123,False,1991.071413221111,-0.8927560382978214,False,71.85835933100039,-12030.492783023119,False,77.01081473022117,-110105.73401511957
VTM-003484,DG-ba79d4ae3e6f,2,0.45223772525787354,0.9965832829475403,0.005624077748507261,0.2548956871032715,0.22787444756031455,0.45321044300086827,0.500981491395383,False,4.029610667828764,-227.21751946618832,False,115.94859037271604,-24.16150172587947,False,4767.727682479087,-73.89955120198069,False,516.2642237532762,-2416.6856864401693
VTM-003492,DG-badb6c58fb4c,2,0.39510294795036316,0.9980089068412781,0.5585132837295532,0.5224533677101135,1.0,0.39510294795036316,0.5,False,62.649277852646584,1.0,False,62.649277852646584,1.0,False,0.0,-592.47878408673,False,0.0,-592.4787840866625
VTM-003504,DG-441ba4d71a75,2,0.5094854831695557,0.9830978512763977,0.09911578893661499,0.5110660195350647,0.44853506301791163,0.5095345571054035,0.5000490916952361,False,1.3815933994628933,-7.923423985848784,False,1.50836949279501,-8.054590740381606,False,92.94132767979782,-888.033201396049,False,106.30162648834774,-901.8682228189115
VTM-003550,DG-89773fbc8e7a,2,0.4715396761894226,0.9964441657066345,0.20202074944972992,0.49229034781455994,0.5426027527719042,0.4709486674887599,0.4994070302051292,False,343.8045072523329,1.0,False,1.6314257944873254,-516.1965942236891,False,0.0,-12062.565048002405,False,18156.20970203134,-39.77807070506779
VTM-003584,DG-28164c360700,2,0.5754808783531189,0.9935316443443298,0.013505592942237854,0.36845096945762634,0.29051883299625714,0.5759230361303156,0.5004525311254768,False,1.4351868707379432,-26.469340278286694,False,1.4204773901828531,-29.479297776699067,False,12.389718974425543,-357.3002973298409,False,12.19052209864488,-397.2379713889901
VTM-003587,DG-7e62e8adad39,2,0.48550400137901306,0.8032416105270386,0.2206343114376068,0.1352774053812027,0.27577317899869,0.4819997140361948,0.4964920513112218,False,63.15191110359423,1.0,False,18.930500652726803,-51.577266146627835,False,0.0,-4322.014146227537,False,3593.1925409773144,-1271.9831350584227
VTM-003610,DG-d551c2a1ee4f,2,0.41104117035865784,0.9929226636886597,0.10207997262477875,0.4960220754146576,0.447626587613388,0.408217023871979,0.49708050386570163,False,3.719281337784685,-9.512577891287204,False,5.5178147578464705,-7.4530070360983505,False,112.55294085652064,-36.1884407738274,False,89.46405813193094,-56.49941071782786
VTM-003667,DG-99dab9bc8ee8,2,0.4419113099575043,0.9802439212799072,0.018767142668366432,0.19338449835777283,0.20686337703459814,0.4417434467079194,0.49982983334264025,False,102.4311895407747,-8.679495917496826,False,121.67360096927186,-8.562154793658987,False,158.0255280465354,-1754.7510447593438,False,156.0087509658404,-2086.0958678319234
VTM-003694,DG-1dc142df98e6,2,0.5070586204528809,0.9980098605155945,0.004285017028450966,0.5087383389472961,0.37104572872810987,0.5072663703901282,0.5002077925684284,False,2.23217624006164,-10.790146933877162,False,2.2374189259148474,-11.048909199903859,False,245.39869392675726,-1599.4834981201047,False,246.1134774211647,-1636.181860454644
VTM-003704,DG-3462001fa780,2,0.48401939868927,0.9967135190963745,0.016446778550744057,0.6044036746025085,0.38018152502122843,0.48355689151021936,0.4995370061759912,False,16.807391315735405,-5.300080467351918,False,18.2341956905893,-5.156261923739847,False,362.94507037466576,-1020.4491682540439,False,353.92730579276775,-1109.7954586270905
VTM-003714,DG-10893e86d676,2,0.5167328715324402,0.9638389945030212,0.031466905027627945,0.08252985030412674,0.16999156015072542,0.5164701382547789,0.4997369767732059,False,2.1338203015873667,-17.700995556033714,False,2.2305128286194646,-17.03834070338508,False,97.64135811476658,-1087.7389168229495,False,103.43388210005777,-1048.1030556880082
VTM-003774,DG-d1bfbb45f49d,2,0.4922260046005249,0.9923254251480103,0.04466352239251137,0.25032439827919006,0.2441373850509443,0.4908907403773977,0.49866435744093224,False,1.898752899394587,-8.263302130612296,False,3.011588204441066,-7.573108578059906,False,1127.258466245515,-179.92715811088104,False,1038.3548442800657,-323.2631381841923
VTM-003781,DG-a453b1efc70f,2,0.5507751703262329,0.9830143451690674,0.01603059098124504,0.2438046783208847,0.22756270290636296,0.5509686681282318,0.5001955217989302,False,1.5023636060712802,-37.89333062798979,False,1.5019427684762177,-40.410921124886336,False,19.74121602411271,-756.1438077175612,False,19.729863502651884,-805.7628806642981
VTM-003795,DG-9447598af4cc,2,0.5155592560768127,0.9828401207923889,0.030352642759680748,0.25343024730682373,0.23872710013963833,0.515702879090238,0.5001437635135743,False,0.9985304528286686,-154.30485549631032,False,1.6286500138129654,-191.97897036877595,False,32.04076405501219,-9949.373847435669,False,72.53023121648188,-12370.826168353176
VTM-003817,DG-bdbd224e45a1,2,0.42649003863334656,0.9928969740867615,0.07930663973093033,0.8393869996070862,0.43111227647624667,0.4203789774362809,0.49374243831327536,False,332.1546179399898,1.0,False,2.6139898754450193,-16.149972850162268,False,0.0,-4511.69626230351,False,226.86655031693954,-28.90059181758978
VTM-003825,DG-b2fbba78e76c,2,0.4676187336444855,0.9965272545814514,0.0067072962410748005,0.6775521636009216,0.3728476426538131,0.4676406226658956,0.5000219811521224,False,71.35402786131046,-4.605242321584201,False,70.53098729018512,-4.718639719148139,False,157.66036650740546,-2188.117879127627,False,161.16253129157633,-2162.6938640890353
VTM-003875,DG-b9ac843632dd,2,0.4762231409549713,0.9510067701339722,0.05298033729195595,0.5101219415664673,0.40900032618713816,0.47574717080738615,0.4995229294297949,False,2.3149661887181594,-15.689261373285428,False,8.733958016492204,-14.862194327185147,False,680.8830948875445,-76.33330311968277,False,646.1083955544766,-346.33742787500506
VTM-003884,DG-9a0ced165273,2,0.46827462315559387,0.9988403916358948,0.00942674744874239,0.6749838590621948,0.3748810493356253,0.4686089290574201,0.500335642960471,False,2.638391006885118,-29.215530884363307,False,2.571447571338131,-31.924015925808373,False,936.6486339973239,-67.40317120180036,False,1021.988967021626,-65.27974925819518
VTM-003928,DG-7baf62e4bd78,2,0.5138942003250122,0.9600731134414673,0.13200290501117706,0.5359063148498535,0.47902897634972685,0.5115472396753582,0.49765153220083347,False,108.02461332359789,1.0,False,21.769701645180106,-8.408784300681827,False,7738.812656234661,1.0,False,1530.8360622858713,-640.9487137818056
VTM-003963,DG-4838f0e63554,2,0.5197001099586487,0.9654266834259033,0.019403444603085518,0.5086119174957275,0.38243632475819284,0.5201627331587504,0.5004633594004564,False,1.4966065686622403,-9.183720927320426,False,1.5157385611458223,-9.602168971855567,False,50.58888355213053,-491.55669423402037,False,51.53845062297471,-512.8402788440162
VTM-003989,DG-2da0a4904941,2,0.48482784628868103,0.9812885522842407,0.5410290360450745,0.293291836977005,0.661386872919995,0.4835283289673737,0.49869918232554133,False,8.360229614099461,-11.139178539277536,False,12.08666488655908,-9.905110482834273,False,767.140826591654,-518.0694688213448,False,685.7761669391487,-763.830842646149
VTM-003990,DG-067e404da2ae,2,0.4541786015033722,0.8794288635253906,0.5821816921234131,0.6829443573951721,1.0,0.4541786015033722,0.5,True,0.6539548145001711,1.0,True,0.6539548145001711,1.0,False,0.0,-3.3598890376840522,False,0.0,-3.3598890376840522
VTM-004004,DG-f8ce8cd92306,2,0.4259894788265228,0.9843984842300415,0.0578007809817791,0.2826889157295227,0.26739706068500135,0.42658520446502507,0.5006089607108906,False,2.346031015140214,-3.087832854932564,False,2.7558001747399614,-3.291356867289327,False,48.477335357804705,-24.942818748880423,False,51.22633625083109,-30.465776507457964
VTM-004017,DG-bb59d8a61e69,2,0.5402507781982422,0.9968053102493286,0.003489898983389139,0.3408043086528778,0.26943945120535795,0.5402157219223839,0.4999647152605199,False,18.672181722851885,-1062.1025214424144,False,22.82024007854907,-815.5026164834458,False,451.4740468706001,-26399.552232456477,False,554.527133962006,-20272.849025907413
VTM-004057,DG-a2f9f7b4b664,2,0.48362410068511963,0.9669586420059204,0.01718030869960785,0.4746265411376953,0.3619003793029009,0.483388118706573,0.499763760960782,False,31.676365881651844,-8.65058837685139,False,34.31317739984393,-8.506266045700864,False,558.7838689590088,-1903.7956500698,False,549.9649825549352,-2064.860303735428
VTM-004097,DG-aa684bb9f534,2,0.532357394695282,0.9906759262084961,0.004669688176363707,0.24854575097560883,0.2245697068679894,0.5324557010301799,0.5000987210350859,False,7.2612028384046,-93.21779839344106,False,6.933202672227291,-100.98146683609102,False,208.95386980554312,-2896.3332578527093,False,198.81657534687437,-3136.311410166959
VTM-004103,DG-e2ced24584b8,2,0.42328473925590515,0.9959690570831299,0.012486647814512253,0.1468038260936737,0.1861096892044946,0.4232484544950943,0.4999628400457428,False,4.340142291953138,-28.07964391311507,False,4.436426471633889,-27.904356618858827,False,372.5418337356746,-50.057084531890254,False,370.26066564985405,-51.31323940526356
VTM-004139,DG-fededd0ce8aa,3,0.47887563705444336,0.9918903112411499,0.5016693472862244,0.3875906467437744,0.7986609976728808,0.47409995237777786,0.49521384087139525,False,2.994921728101072,1.0,False,4.854938752167645,1.0,False,0.0,-118.10636536264357,False,0.0,-206.48611991172726
VTM-004194,DG-3be83e28c412,3,0.3450135886669159,0.9988089799880981,0.2917773425579071,0.026209624484181404,0.255629521092557,0.34583799077641464,0.5009115177437305,False,3.186713180314738,-26.426261114044575,False,3.072773667432044,-33.63509647968522,False,173.73304460980714,-17.335153173788115,False,220.12788813800944,-16.584791743534474
VTM-004213,DG-8ecbbdd1dd86,3,0.3336280286312103,0.9989941716194153,0.9582445621490479,0.9882181286811829,1.0,0.3336280286312103,0.5,True,0.0,1.0,True,0.0,1.0,True,0.0,1.0,True,0.0,1.0
VTM-004261,DG-ebf4b2913dc1,3,0.2880030870437622,0.9988805651664734,0.8871137499809265,0.974850058555603,1.0,0.2880030870437622,0.5,True,0.0,1.0,True,0.0,1.0,True,0.0,1.0,True,0.0,1.0
VTM-004268,DG-65aea3032445,3,0.49014556407928467,0.9966327548027039,0.02180357649922371,0.052158698439598083,0.15691116683241466,0.48902547133473606,0.49887942250353456,False,6.1143060958689235,-1.2207936825812713,False,7.261210943883328,-1.2027770349154874,False,174.62122605758677,-569.7237407639759,False,172.68772985268114,-686.255838449036
VTM-004304,DG-03519b037d6a,3,0.44522830843925476,0.9331327676773071,0.40395575761795044,0.05984259024262428,0.34218515337458094,0.4436776279535159,0.4984299458525258,False,12.316776127536944,-9.393469292129872,False,15.720672264601433,-7.727257243202977,False,180.6310707267009,-215.74605039231454,False,150.23450156444187,-278.0200529012322
VTM-004329,DG-f4f4ec97614c,3,0.4516247510910034,0.9813205599784851,0.5442584156990051,0.2755034565925598,0.6382705111607168,0.449856347958418,0.4982142702051553,False,18.069358111602508,1.0,False,37.788389106102215,1.0,False,0.0,-363.1889966013897,False,0.0,-771.1285577082147
VTM-004380,DG-bfacba130f10,3,0.3677543103694916,0.9984534978866577,0.6208847165107727,0.354703426361084,0.7478198686827598,0.3742973202785486,0.5070090752131851,False,0.0,-1.340852291378209,False,0.0,-1.8331976476536616,False,13.919941712440766,1.0,False,17.633756135765502,1.0
VTM-004383,DG-a154ff2570aa,3,0.40992045402526855,0.9548102617263794,0.40027910470962524,0.08891890197992325,0.3600170143300414,0.4113491261600546,0.5014758133344888,False,2.142431207701069,-39.407887923752504,False,2.8896226405618255,-94.75930469557045,False,443.0294079740118,-18.23312040406818,False,1056.9652951353191,-26.497665698121846
VTM-004410,DG-8595231a9602,3,0.3428493142127991,0.9921064376831055,0.32103729248046875,0.01658908650279045,0.2658701513956982,0.34245102713244063,0.4995579324423137,False,141.13664603383293,-0.7034377418059584,False,285.0405381116246,-0.9924152011354308,False,7.657858670979949,-894.9158912629417,False,9.496547148166556,-1811.129686616685
VTM-004429,DG-2b0e9254349c,3,0.3139382600784302,0.9999599456787109,0.030247418209910393,0.0015794826904311776,0.1442299759406209,0.31407805558232776,0.500162245746705,False,1.4552291005117748,-270.0996875642022,False,1.4789425241859346,-418.2793555738905,False,1454.354278736898,-5.133936191902914,False,2250.484135431619,-5.259878754743352
VTM-004443,DG-f81a10ce8a95,3,0.32005199790000916,0.9980267882347107,0.8215547204017639,0.9632803797721863,1.0,0.32005199790000916,0.5,True,0.0,1.0,True,0.0,1.0,True,0.0,1.0,True,0.0,1.0
VTM-004465,DG-b25c7d12c261,3,0.3621094226837158,0.9993939399719238,0.7797715663909912,0.2610480487346649,0.6200817824090108,0.37492309634663823,0.5137631626810433,False,0.0,-1.2398583443093205,False,0.0,-2.180772899507098,False,12.617673942422833,1.0,False,19.40748181218944,1.0
VTM-004536,DG-cd5ac65925db,3,0.3638821840286255,0.9979828596115112,0.02585870400071144,0.07183647900819778,0.16453867434920424,0.36502809741855596,0.5012368040442656,False,54.15695826272265,-29.043001767568285,False,28.157517040074215,-105.41212173242344,False,217.03993380103324,-394.19496911417735,False,777.5814128204352,-203.04340978751156
VTM-004539,DG-2df5601df0a0,3,0.37016579508781433,0.9973589777946472,0.3249530792236328,0.03207731992006302,0.2763908749085618,0.3706703028582389,0.5005408331963633,False,1.4257418734501677,-7.838515791748838,False,1.7233725329323453,-8.329309587278432,False,64.22433747246143,-7.130184792800168,False,67.98963858456413,-9.415775053449616
VTM-004551,DG-790ba3916d97,3,0.4546547830104828,0.987334132194519,0.5367716550827026,0.05826379731297493,0.41334511502111704,0.45182131189022684,0.49714154976276187,False,3.2775659668302084,-2.0240540209901803,False,3.662034346823035,-1.8947406296295897,False,55.66307073960393,-61.25378046977469,False,52.777352716453215,-69.83398467505255
VTM-004571,DG-e11f0c422035,3,0.34258344769477844,0.9997627139091492,0.7734724283218384,0.009263111278414726,0.3747583812111789,0.34310730319733185,0.5005812801897321,False,1.6996854444380014,-9.470682487827471,False,1.7191002573253158,-10.041394106591246,False,63.339479500827196,-7.62108829643202,False,66.94423795043788,-7.73790692537339
VTM-004590,DG-82a5d3fbebab,3,0.24664504826068878,0.9996732473373413,0.4462580978870392,0.393835186958313,0.7262845271137175,0.23971477462528487,0.49058670408528965,False,2.6697769505578597,1.0,False,3.3505546893099383,1.0,False,0.0,-8.564178184251325,False,0.0,-11.400111568403277
VTM-004619,DG-7124eccb0fa9,3,0.28606170415878296,0.999995231628418,0.9915391802787781,0.9636905193328857,1.0,0.28606170415878296,0.5,True,0.0,1.0,True,0.0,1.0,True,0.0,1.0,True,0.0,1.0
VTM-004642,DG-78b46abc4f6e,3,0.4021603465080261,0.9990789890289307,0.9023242592811584,0.16786569356918335,0.5146497983333744,0.38195402039243953,0.4788149608583703,False,2.344347583940238,1.0,False,3.7449926487859324,1.0,False,0.0,-18.850716638029937,False,0.0,-33.72027643151375
VTM-004644,DG-3e4a9e2df8b3,3,0.2442052960395813,0.9999434947967529,0.9797794222831726,0.9958767890930176,1.0,0.2442052960395813,0.5,True,0.0,1.0,True,0.0,1.0,True,0.0,1.0,True,0.0,1.0
VTM-004710,DG-5de1646fc38c,3,0.40129226446151733,0.9871649742126465,0.09861684590578079,0.5490447878837585,0.4480876993764505,0.39231314063026346,0.4906221476666012,False,0.6308466116801035,-5.0712333034640755,False,1.0972355368239763,-3.4536817602021177,False,56.44170918389691,-1.325596327038532,False,40.12149066270966,-6.170476210111191
VTM-004712,DG-d59d955b7917,3,0.3684459328651428,0.9992324113845825,0.2045964002609253,0.5347870588302612,0.5538800125827549,0.3686110591589027,0.5001773909245703,False,1.0357497187541083,-2.0804908832709574,False,2.6882365163498525,-3.3640477870318626,False,19.615439791957822,-4.072467924575133,False,29.370927395308133,-16.63084389494437
VTM-004723,DG-b28200684618,3,0.34037819504737854,0.998501181602478,0.44036832451820374,0.042762018740177155,0.35567449243850346,0.344702857345445,0.5048006743161668,False,1.4270851283245576,-8.11810952469217,False,1.704122824871266,-12.999908478155994,False,53.99080362015803,-5.808010557202713,False,84.35286256864866,-7.491183660389555
VTM-004725,DG-db918e7bf2a1,3,0.29970699548721313,0.9994089603424072,0.9459410309791565,0.05843821167945862,0.4134893268250162,0.2971342529263703,0.49692795722031136,False,24.701845365153137,1.0,False,62.76366285950165,1.0,False,0.0,-120.8322049191106,False,0.0,-311.65514009728014
VTM-004731,DG-2744cabbd30d,3,0.3433748781681061,0.9995229244232178,0.22607389092445374,0.05539073422551155,0.2376227968637226,0.34719788137499685,0.5042277259569216,False,2.3832559331976335,-9.212349588519698,False,1.9162846269606941,-14.651708910213936,False,62.010164620615974,-12.02397106652494,False,96.51628119814946,-8.992283630944344
VTM-004752,DG-c05dfd1427d0,3,0.4054487347602844,0.9903635382652283,0.9067355990409851,0.9864910840988159,1.0,0.4054487347602844,0.5,True,0.0,1.0,True,0.0,1.0,True,0.0,1.0,True,0.0,1.0
VTM-004770,DG-6ac201f1fceb,3,0.41266298294067383,0.9983477592468262,0.5034343004226685,0.9383843541145325,1.0,0.41266298294067383,0.5,True,0.0,1.0,True,0.0,1.0,True,0.0,1.0,True,0.0,1.0
VTM-004830,DG-62a3af97b3a6,3,0.4483179450035095,0.9968243837356567,0.6948381066322327,0.1873052716255188,0.5350530079312309,0.452014363837842,0.503733454649004,False,0.0,-22.363270296495788,False,5.307144030870816,-7.357216474796392,False,442.3831501677865,1.0,False,151.99319644166167,-92.87500033131418
VTM-004869,DG-4f7f500cdd02,3,0.36830976605415344,0.9999198913574219,0.7568862438201904,0.02701675146818161,0.3883040947153249,0.3691112786504627,0.5008608668384718,False,0.0,-45.12387970381967,False,0.8198661393391116,-66.76961820978995,False,346.4484672612926,1.0,False,510.5934675152995,-2.4212999591726465
VTM-004880,DG-6ce5b842832c,3,0.3765779137611389,0.9998996257781982,0.7392615675926208,0.023850450292229652,0.385852888739726,0.376608122478834,0.5000321683194506,False,0.571661618461667,-56.302032242043396,False,1.1254290953942945,-57.565076107182975,False,460.22583131606433,-0.5806223233253298,False,470.4521544406815,-5.067059038742318
VTM-004897,DG-2c16ff8f2499,3,0.4313660264015198,0.9923979640007019,0.7423273324966431,0.21719132363796234,0.5680093763583551,0.4321625547830387,0.500811644293631,False,0.0,-11.00557517568545,False,2.0221351876744516,-12.962111689525196,False,167.63673400283227,1.0,False,196.1121907048989,-22.16086992888793
VTM-004907,DG-78b3d3ddbae7,3,0.3697713613510132,0.9914869070053101,0.18091361224651337,0.42827948927879333,0.45766683368431604,0.36084623819561024,0.49037735830015616,False,2.2330759739527575,-0.29464223109005966,False,3.161720730611409,-0.7738121795466749,False,6.1019007749279055,-13.307948174318422,False,9.759736014221847,-20.623178199610813
VTM-004908,DG-8549029ec9c5,3,0.44696471095085144,0.9993664622306824,0.24157962203025818,0.6455956697463989,0.5964017535092724,0.4342945847447264,0.4871507706635433,False,2.350937376779462,1.0,False,1.5709529371269566,-3.146464040341511,False,0.0,-34.90010915306224,False,68.74530857345731,-20.5047365341125
VTM-004969,DG-0552f6f86183,3,0.28968819975852966,0.9997699856758118,0.9401828050613403,0.1588137000799179,0.5054164177752116,0.2936847841614092,0.5048359161558761,False,0.0,-8.760796551426932,False,0.0,-16.09267653018091,False,44.03365165812915,1.0,False,78.60489446379913,1.0
VTM-005037,DG-254019202fdb,3,0.41040074825286865,0.9991303086280823,0.05147549510002136,0.045148201286792755,0.16418644991100725,0.41034412735780257,0.49994149933848775,False,56.756099902241615,-3.216283928462268,False,59.34335307946106,-3.578086280089262,False,41.4767295038403,-627.8635011485542,False,45.51503787752702,-656.7537672065473
VTM-005055,DG-9e10fc231ca0,3,0.35113611817359924,0.9990566372871399,0.9060442447662354,0.5737543702125549,1.0,0.35113611817359924,0.5,True,0.7869894475346426,1.0,True,0.7869894475346426,1.0,False,0.0,-1.9278648656315325,False,0.0,-1.9278648656315325
VTM-005061,DG-5ea940153c87,3,0.36716514825820923,0.946991503238678,0.733199954032898,0.14755122363567352,0.4941591969243562,0.3628673326932872,0.4953644173895368,False,16.28608779978236,1.0,False,75.95933339345797,1.0,False,0.0,-118.83995497256987,False,0.0,-569.5519199465625
VTM-005067,DG-b4d0b6499ae1,3,0.4366430342197418,0.9050297737121582,0.487882137298584,0.6958489418029785,0.9760556015379395,0.4358630083617941,0.499207086038648,True,0.8288829876573538,1.0,True,0.9215797013796152,1.0,False,0.0,-5.190952306618096,False,0.0,-6.667910100383534
VTM-005101,DG-90d1f8ac69ec,3,0.39182543754577637,0.9994469285011292,0.4125002920627594,0.03676823526620865,0.33238446752989237,0.3911418125453883,0.4992825826726103,False,168.4489106578916,1.0,False,22295.640275540856,-6.222891566984352,False,0.0,-1552.5730527355227,False,62.161330474609564,-206167.76602286997
VTM-005110,DG-86ac20a333a4,3,0.42169132828712463,0.998904824256897,0.44215455651283264,0.6565109491348267,0.8907505233352477,0.4162919229087736,0.49445520867770587,True,0.47952066004633015,1.0,True,0.5630548662601401,1.0,True,0.0,0.26152071674461375,False,0.0,-0.8776455199852983
VTM-005144,DG-b447ded5a7f9,3,0.25539636611938477,0.9989274144172668,0.4608253240585327,0.11912239342927933,0.4316653839677196,0.2585843727886907,0.5041739011483947,False,1.4484353618240766,-5.96403887477368,False,1.9095049632085301,-8.476551726051964,False,26.42658562435186,-3.8774377419387926,False,36.56803157358831,-5.722275992166119
VTM-005172,DG-e25575bbef0a,3,0.366306871175766,0.982252836227417,0.7321764826774597,0.9123963713645935,1.0,0.366306871175766,0.5,True,0.0,1.0,True,0.0,1.0,True,0.0,1.0,True,0.0,1.0
VTM-005175,DG-bd581c571442,3,0.3689713776111603,0.9714746475219727,0.10270676016807556,0.4322277903556824,0.3945020670843146,0.3664340416531643,0.49727167045892595,False,0.8780995093733085,-3.258999647640525,False,1.4291164720855976,-3.28603523985874,False,28.68838562986141,-2.8856253120884006,False,28.916046131761497,-7.122146817641153
VTM-005211,DG-1387f1c5cef6,3,0.40041035413742065,0.9985507130622864,0.3787267804145813,0.013510282151401043,0.296554022973986,0.401159838796302,0.5007802042872023,False,1.2810637346576683,-26.906755454564568,False,4.17871691016805,-32.92991521052522,False,275.1968361488359,-7.842820685751142,False,335.5809351840423,-36.9195263213203
VTM-005229,DG-97123b8e5595,3,0.4037388563156128,0.9799776673316956,0.4815882444381714,0.663718581199646,0.9638462284766706,0.40346433672276816,0.49971488243518564,True,0.412093101829647,1.0,False,1.0164127645651733,1.0,True,0.0,0.9132126921177613,False,0.0,-5.368259247836471
VTM-005281,DG-31cf2bbd23f5,3,0.47964754700660706,0.9363594055175781,0.48714762926101685,0.21753966808319092,0.5539807138911972,0.482679432223554,0.5030361664063985,False,14.22012714031974,-3.356021273226668,False,9.11073145266955,-4.472600895645502,False,189.4622370324813,-674.1264625338043,False,244.42216601939322,-422.84264307564706
VTM-005330,DG-f6d3862025a9,1,0.5208502411842346,0.9797825217247009,0.4431239664554596,0.584258496761322,0.8924792034208409,0.5183029218330953,0.4974487862687097,False,4.658941170690035,1.0,False,10.738334854640348,1.0,False,199.46729315702012,1.0,False,491.0721922158661,1.0
VTM-005414,DG-d053a42b81b9,1,0.45226678252220154,0.997448205947876,0.004757502116262913,0.7729518413543701,0.3713965215938446,0.45280615370112315,0.5005442755679698,False,1.4639220444918062,-16.129959286088674,False,1.5199037789423808,-17.56267082502506,False,348.39384740456205,-20.19394659369321,False,378.381352139814,-21.353154743239713
VTM-005519,DG-bb2273a44b63,1,0.4916747212409973,0.9999685287475586,0.0054043130949139595,0.8873410224914551,0.3718772791812857,0.49025731507561443,0.4985821338188927,False,70.63259177538195,1.0,False,390.79878090078074,1.0,False,0.0,-8424.053272637368,False,0.0,-46883.92754278855
VTM-005533,DG-12c55890ddbd,1,0.43264904618263245,0.9994902610778809,0.2968320846557617,0.9921592473983765,0.6660864375923957,0.40761935952217276,0.47433148306764317,False,1.115162420986383,1.0,False,1.5757342808530108,1.0,False,0.0,-9.133685361821145,False,0.0,-16.50978471753575
VTM-005569,DG-d331eac9870d,1,0.4498697519302368,0.9813971519470215,0.3197723627090454,0.9241362810134888,0.6973587640678105,0.44407554309398023,0.49414007783490016,False,0.0,-81.40915053652044,False,0.0,-7.531715981296214,False,1633.9266947662366,1.0,False,160.3102096257142,1.0
VTM-005583,DG-312837bb557b,1,0.4511951804161072,0.938293993473053,0.17690131068229675,0.713304877281189,0.5240346983462413,0.45005033383862575,0.49884387993648777,False,0.0,-15.681051312082356,False,0.7043881040250379,-14.433974897712973,False,331.54617617770043,1.0,False,306.0408593320863,-4.212528920859787
VTM-005618,DG-2e359b7e1db7,1,0.3953312039375305,0.98138427734375,0.5986679196357727,0.7358497977256775,1.0,0.3953312039375305,0.5,True,0.0,1.0,True,0.0,1.0,True,0.0,1.0,True,0.0,1.0
VTM-005622,DG-7de80ecb7118,1,0.40818125009536743,0.9998284578323364,0.0038219483103603125,0.7647701501846313,0.3707022484677146,0.40826121059066484,0.5000827485730778,False,0.286239175926866,-91.71824084985242,False,0.8769825979643909,-98.08926480081904,False,1004.3508645634157,1.0,False,1073.7061229390577,-4.104699808703959
VTM-005645,DG-42e3c86f9ebb,1,0.48765477538108826,0.999535322189331,0.004181777127087116,0.8594616055488586,0.3709691231882597,0.4869915319311546,0.4993363302286208,False,1.3964293947488282,-2571.1133606137373,False,2.0299376648158667,-173.45906114962136,False,208308.34917895243,-72.61345357585184,False,14091.635463579223,-123.9875531138813
VTM-005688,DG-4b0f92196d21,1,0.4391256272792816,0.9889288544654846,0.02464922145009041,0.40274837613105774,0.3181587506660815,0.4393022160762018,0.5001792378895682,False,4.058398667598549,-19.615661008392248,False,5.590898827485209,-20.745679928749723,False,330.4454749895972,-58.454789898597355,False,348.996362400504,-83.62300648021724
VTM-005736,DG-5f4656c0dfee,1,0.43113258481025696,0.9980962872505188,0.002497689798474312,0.5182777047157288,0.3697217362766741,0.4313524016105193,0.5002240537303851,False,1.4237779131271129,-2.050273690290318,False,2.2591888230826087,-2.0782189904552997,False,37.031645274674986,-13.413860685520541,False,37.438379432194836,-25.53974988564058
VTM-005754,DG-e4a92d901d9c,1,0.4286212921142578,0.9993001222610474,0.030952895060181618,0.6780534982681274,0.3913729998659257,0.4243925668579096,0.4956779750018489,False,19.02219746448328,1.0,False,58.6077765348396,1.0,False,0.0,-259.49191310850085,False,0.0,-815.2032803473103
VTM-005768,DG-309bcd1b5c9e,1,0.46712154150009155,0.9539974331855774,0.262365460395813,0.787308394908905,0.6217177426376724,0.4658469072648855,0.4987196147812079,False,67.39216836063316,1.0,False,266.9575881031698,1.0,False,0.0,-2034.5287283108041,False,0.0,-8105.7779726806775
VTM-005793,DG-a5253d85d0bc,1,0.40469834208488464,0.9981525540351868,0.003907897975295782,0.578650176525116,0.37076597741313244,0.40536210101252934,0.5006886013183157,False,1.0210711652758162,-15.666982451513466,False,1.219242351199513,-17.426565781225072,False,169.64009656487983,-5.467598116078231,False,188.06160223061434,-7.537817370576233
VTM-005797,DG-7ee1f605e2f4,1,0.46434664726257324,0.9932982325553894,0.1185096725821495,0.6693401336669922,0.46627455019541386,0.4690498278942695,0.5047240320823189,False,0.0,-4.477747589694095,False,20.208804712959125,-5.709434204805858,False,139.61513315040247,1.0,False,174.19192322081014,-552.3341341270418
VTM-005834,DG-2a54a445b613,1,0.3977287709712982,0.9991849064826965,0.007794485427439213,0.7382925152778625,0.37365923654065736,0.40032600731524604,0.502707640738769,False,0.9221146866538082,-8.31895215289657,False,1.1655623415297012,-10.693769282329955,False,86.2310176249237,-4.1274040672313115,False,109.36020991921605,-6.474351684241004
VTM-005845,DG-bd8af52d1134,1,0.4393593966960907,0.9995718598365784,0.0007072277367115021,0.8851975202560425,0.36840015843944607,0.4394986944656848,0.5001413724588726,False,1.7266382107960365,-74.41925672730228,False,1.744888520203448,-81.49397693289008,False,1235.4635779569192,-20.228001437396056,False,1352.0860393822113,-20.525926442173382
VTM-005865,DG-265b58a54a61,1,0.43776988983154297,0.9994359612464905,0.03710392490029335,0.9844813346862793,0.39621743101157153,0.43722300180748574,0.49944443037945974,False,628.7227115823719,1.0,False,0.0,-339.3392161927151,False,0.0,-10095.156667425073,False,5461.762425303293,1.0
VTM-005875,DG-5d3983d4a819,1,0.42064252495765686,0.9989319443702698,0.2469872683286667,0.7930410504341125,0.6028870197896158,0.4064781809594024,0.4854022995923197,True,0.772531257773754,1.0,False,2.085945727170718,1.0,False,0.0,-3.4342228961838805,False,0.0,-20.27952234756874
VTM-005889,DG-96752d8bab5e,1,0.49506083130836487,0.9865538477897644,0.09461357444524765,0.3030589818954468,0.29979544487191495,0.490929023998935,0.4958674520870601,False,7.050953274750634,-27.71968518092401,False,31.659758431793993,-12.200541015401328,False,5713.448343787796,-1326.327097482224,False,2570.9412470773464,-6310.487957630819
VTM-005894,DG-c3c008ed6d1a,1,0.4195432662963867,0.9477121829986572,0.041260384023189545,0.42149752378463745,0.3414738474243948,0.4180600372132518,0.49847659806587014,False,6.260794167788646,-8.026177134642296,False,7.458095812063133,-7.193360328041673,False,105.97220073649754,-71.60114390189224,False,95.64991146792013,-86.54460151252086
VTM-005910,DG-8c72ea78dd48,1,0.44590702652931213,0.9994004964828491,0.003311320673674345,0.6763154864311218,0.3703238600900662,0.44672763328685045,0.5008301758986474,False,0.9905102389699193,-28.05193268398786,False,1.0949298795057496,-34.95331913382711,False,527.8307116812497,-9.067910441930506,False,655.3139205327003,-10.980994144211651
VTM-005911,DG-a8c6e39bedf3,1,0.347195029258728,0.9996176958084106,0.14588499069213867,0.33440834283828735,0.3536621030157911,0.33883634662080064,0.4907279620064708,False,30.572786119174378,1.0,False,3.986045502897349,-11.523383827514378,False,0.0,-196.80502521147133,False,79.09660950682232,-23.0119189398038
VTM-005923,DG-ab1238a20f5e,1,0.33702144026756287,0.9955850839614868,0.4395304322242737,0.3470284342765808,0.6525403732425056,0.34211565918549974,0.5056787119902134,False,0.0,-1.8775906271384086,False,0.0,-3.5950724139583894,False,14.588364451383754,1.0,False,25.07137801374177,1.0
VTM-005930,DG-46bea66675d6,1,0.40746161341667175,0.9855932593345642,0.39924466609954834,0.7888628244400024,0.8174948566412121,0.4032112834232244,0.49559173653247246,False,1.8599999518669594,1.0,False,2.4579140776371493,1.0,False,0.0,-14.696603237644686,False,0.0,-21.241748390041543
VTM-005963,DG-84a0a194dc30,1,0.45077717304229736,0.9952267408370972,0.1087682694196701,0.8255805373191833,0.45727813570981113,0.44507275772489047,0.49423321869258474,False,0.675246862826941,-102.6953018011586,False,1.6196067103615472,-14.831249838690423,False,2096.4927896128497,-3.560276271363529,False,311.7440877426779,-22.891841726392766
VTM-005995,DG-b092d388e7e4,1,0.48675763607025146,0.8641662001609802,0.8651708960533142,0.5662211179733276,1.0,0.48675763607025146,0.5,False,1.839044938272592,1.0,False,1.839044938272592,1.0,False,0.0,-101.11827052754892,False,0.0,-101.11827052754892
VTM-006027,DG-39ce6d397743,1,0.4582529366016388,0.9963016510009766,0.2616465985774994,0.9487127065658569,0.6208245265965394,0.45499052872806445,0.4967128860034008,False,19.807754069015488,1.0,False,72.57661507251522,1.0,False,0.0,-462.493706078846,False,0.0,-1727.608574722151
VTM-006046,DG-2a7fde7bf924,1,0.42821401357650757,0.9968112111091614,0.002892338437959552,0.5401201844215393,0.37001367183390793,0.4280192070643602,0.49980108208349333,False,1.6840431514625873,-0.6366075059533944,False,1.691596052928727,-0.6380767036639846,False,15.833278367843588,-16.49407092461576,False,15.851881626722399,-16.60300696418929
VTM-006051,DG-601f95d04581,1,0.447851300239563,0.9990712404251099,0.010785533115267754,0.3794926106929779,0.2953944454987207,0.4482950520185954,0.5004485899940329,False,2.3756444210127716,-3.3679383411322505,False,2.4135358718988806,-3.4940548179817705,False,74.17132850676869,-35.96723273311134,False,76.59122588878064,-36.681831303675715
VTM-006097,DG-f2e4d3c510f0,1,0.4625835120677948,0.539800226688385,0.46787071228027344,0.5395047068595886,0.9377624858311611,0.4619412773614828,0.499354086106826,False,7.739579554184325,1.0,False,9.902154971947141,1.0,False,0.0,-193.48634664218133,False,0.0,-251.32571440548102
VTM-006109,DG-c0166bf88dab,1,0.39123788475990295,0.9965147972106934,0.01839299686253071,0.5590212941169739,0.3816642413303989,0.3921438742161377,0.5009505938297462,False,0.9442189303860675,-8.345022627899326,False,1.3153985166397968,-9.244086800202119,False,81.32448149223288,-4.084316762371122,False,89.5628268974416,-7.48527228559318
VTM-006137,DG-dd4a829df941,1,0.20698128640651703,0.9999397993087769,0.9888168573379517,0.9991521835327148,1.0,0.20698128640651703,0.5,True,0.0,1.0,True,0.0,1.0,True,0.0,1.0,True,0.0,1.0
VTM-006165,DG-7dec16db5cba,1,0.4019276201725006,0.9983160495758057,0.02252226136624813,0.8691062927246094,0.38482927782255894,0.4031832221892874,0.5013051727482337,False,0.0,-16.824482141157997,False,0.7411279006418231,-21.40887578392718,False,176.64996170818605,1.0,False,223.2954077234047,-2.4441292343604295
VTM-006177,DG-c73319b31e52,1,0.41924527287483215,0.9947431087493896,0.008941816166043282,0.41018083691596985,0.3129365909354073,0.4192885557780369,0.5000444415532779,False,1.0405947149459498,-23.327098191367558,False,1.3043508211175274,-23.665548151559182,False,295.05515082028546,-6.694279507725171,False,299.24249311521925,-9.959724567975002
VTM-006194,DG-0c7ea643bdd7,1,0.42730966210365295,0.9995478987693787,0.003136827377602458,0.6971402764320374,0.37019464457669615,0.4270801232662201,0.4997654889941077,False,1.117260930799323,-158.41680580715476,False,1.48890411198976,-121.92507887617013,False,2186.216358406774,-8.491650316435543,False,1684.3121464573694,-13.60849757155642
VTM-006245,DG-028e13aa74bd,1,0.42635101079940796,0.9983078241348267,0.0015023075975477695,0.7646627426147461,0.3689864395496182,0.4267579390992446,0.5004159021434478,False,1.4958710405802964,-26.429573328378414,False,1.5023151664480496,-29.1915920147937,False,365.6475617748628,-13.521856190964401,False,403.10655752341614,-13.602049566634749
VTM-006256,DG-2d4ccef1110f,1,0.43420177698135376,0.9941184520721436,0.08197800070047379,0.7208563685417175,0.4334217534470221,0.43077960602101734,0.49651432592907535,False,0.705209799873792,-22.290256457158616,False,50.59771237909074,-12.82153607500697,False,346.36583499678267,-3.1187741926653283,False,202.60298392635107,-762.1725341376018
VTM-006261,DG-5447bd9f4019,1,0.3953101634979248,0.9983474016189575,0.14292338490486145,0.44800716638565063,0.4412521062305595,0.40191028165643916,0.5068828374972832,False,0.937900158476885,-0.15280588755407476,False,1.4230655446272884,-0.5159470191292269,False,6.235618560175459,-4.182833531010466,False,9.74378349115641,-8.72783081055097
VTM-006271,DG-af9b715bbab3,1,0.47125717997550964,0.9912552833557129,0.05461535230278969,0.541764497756958,0.41033995865810624,0.46884290797720685,0.4975770485759677,False,7.161222872571897,-8.150823622447895,False,9.51880862760451,-6.539520548874469,False,300.9733775279228,-231.75258610310726,False,244.90370864802725,-313.955155471664
VTM-006317,DG-3f80c4ea4257,1,0.4596944749355316,0.9906760454177856,0.06928830593824387,0.7538025975227356,0.42256018690247155,0.45455463075405517,0.49482221926563236,False,2.3183193068596837,-28.510489934271416,False,3.673835467163786,-11.121551550552452,False,719.7645952477197,-45.11340080426409,False,288.4794992498292,-78.94719712316918
VTM-006318,DG-e2e846a4eaf2,1,0.4526551067829132,0.9773468375205994,0.08280116319656372,0.7841573357582092,0.434135894204465,0.45201267881980867,0.4993516802245184,False,2.4943293631232404,-1.9327669310089581,False,2.8025642117957914,-2.118178100847261,False,51.38393532443238,-42.123431432801326,False,55.29330369041861,-48.653593511208676
VTM-006332,DG-9405e3d7cf41,1,0.45150309801101685,0.9851382970809937,0.05993395298719406,0.7091798186302185,0.4147281249556016,0.4496960659070089,0.49817516049190863,False,1.4720588004458572,-15.402792939294134,False,2.1613176598051203,-12.531858386745474,False,327.91358390083036,-20.04372981735359,False,268.7763387251061,-34.306385330703634
VTM-006434,DG-69a95924ce20,1,0.5004090666770935,0.9712421894073486,0.04384832829236984,0.641349196434021,0.4015981394675556,0.500352955972001,0.4999438892625019,False,277.9362603875636,-50.69313013724001,False,1494.436770604414,-50.14116529635475,False,678217.6987166394,-125146.17543821655,False,3652061.6127155083,-123796.70114857698
VTM-006447,DG-dd8018eb38c7,1,0.44403642416000366,0.9844492077827454,0.04752383381128311,0.8146699666976929,0.40456116911251794,0.4419477517576689,0.4978838274152178,False,1.3006119081792167,-6.56234087604587,False,1.6341344470684898,-5.946955860927068,False,126.19531132602584,-14.305946254546376,False,115.21794499490264,-20.313377481280753
VTM-006491,DG-f5501b5261fe,1,0.4530205726623535,0.9979593753814697,0.019470462575554848,0.8940649032592773,0.3824875884078698,0.4546656224575145,0.5016591846084879,False,0.0,-18.064089260529926,False,0.6769063915004135,-25.121315730128757,False,395.1535876993188,1.0,False,545.2443641624482,-3.7291747820460928
VTM-006512,DG-893640c33530,1,0.42497092485427856,0.9992653727531433,0.0015676469774916768,0.27128440141677856,0.23356475821578124,0.4249731454582776,0.5000022717566484,False,1.9270574759977603,-11.762521118552753,False,1.9710782493895116,-11.805931775194438,False,163.43692221630573,-19.020059533269304,False,164.01542512988382,-19.606732081389165
VTM-006537,DG-595ca7af18ac,1,0.5179347991943359,0.9955663084983826,0.0009388990001752973,0.40845873951911926,0.3069087757453044,0.5179572106708118,0.5000224403849847,False,8.520524373089081,-2.8592720370923024,False,8.512913054136863,-2.8699359268485622,False,447.20458178436246,-187.30469188377225,False,446.77966241272475,-187.90083806630562
VTM-006539,DG-c00b5cc39d02,1,0.5023393034934998,0.9972037076950073,0.0016283300938084722,0.4571411609649658,0.3387608025390709,0.5023183534195319,0.4999790494715454,False,7.012204710943694,-3.2973047828681468,False,7.031815548795314,-3.303061138135053,False,2783.8220774007036,-1623.262989783296,False,2792.213686017767,-1625.7144313717215
VTM-006565,DG-76bdada12601,1,0.37051013112068176,0.9985862970352173,0.005503208376467228,0.9147783517837524,0.3719508402723465,0.3711475314501535,0.5006829828486344,False,0.837702715509183,-48.48067981090852,False,1.1520970521926468,-66.86877987086122,False,378.25877989385486,-2.60794700335912,False,520.0851359715155,-5.028847796578192
VTM-006583,DG-27f071b46645,1,0.3584039509296417,0.9964458346366882,0.5026336312294006,0.9927510023117065,1.0,0.3584039509296417,0.5,True,0.0,1.0,True,0.0,1.0,True,0.0,1.0,True,0.0,1.0
VTM-006637,DG-1d8ffe350acf,1,0.3657154440879822,0.9976536631584167,0.2566460967063904,0.4564685821533203,0.563397059769154,0.35607919758290935,0.4895564077965384,False,1.46167555892793,1.0,False,2.3227984118976366,-0.4011314074108505,False,0.0,-7.161475512925024,False,6.672957981230287,-13.734494459144015
VTM-006660,DG-a4e5f29727db,1,0.411153644323349,0.998501181602478,0.9333347082138062,0.9445282816886902,1.0,0.411153644323349,0.5,True,0.0,1.0,True,0.0,1.0,True,0.0,1.0,True,0.0,1.0
VTM-006693,DG-f391de15836c,1,0.43765679001808167,0.9992305040359497,0.4617100954055786,0.8273448348045349,0.9262789857642776,0.43286327859963153,0.4951248687694427,True,0.058917682276746666,1.0,True,0.12923039266469813,1.0,True,0.0,1.0,True,0.0,1.0
VTM-006705,DG-334327407d16,1,0.4464583694934845,0.8242725729942322,0.5959734916687012,0.6609449982643127,1.0,0.4464583694934845,0.5,True,0.0,1.0,True,0.0,1.0,True,0.0,1.0,True,0.0,1.0
VTM-006714,DG-fc602967d82d,1,0.33178138732910156,0.9996273517608643,0.05363733693957329,0.978584349155426,0.4095381055709873,0.3435761256520425,0.5131822141994342,False,0.0,-3.0427359216602303,False,0.0,-6.774541765598729,False,21.06030875781388,1.0,False,42.96852808890642,1.0
VTM-006725,DG-83daee72ea6f,1,0.4547354578971863,0.999529242515564,0.5655625462532043,0.9592728614807129,1.0,0.4547354578971863,0.5,True,0.0,1.0,True,0.0,1.0,True,0.0,1.0,True,0.0,1.0
VTM-006794,DG-a7c729a56102,1,0.4293172359466553,0.9868772029876709,0.5502960085868835,0.9205901622772217,1.0,0.4293172359466553,0.5,True,0.29447265632790043,1.0,True,0.29447265632790043,1.0,True,0.0,1.0,True,0.0,1.0
VTM-006804,DG-ffa9af1548d4,1,0.4231092929840088,0.9982064962387085,0.020984666422009468,0.8002043962478638,0.38364767248019244,0.42441679344998556,0.5013386187809299,False,0.31000125888642555,-11.155646800800714,False,1.0921349988913513,-13.321029193040227,False,151.5871976359453,1.0,False,179.69370529563906,-7.680477908169918
VTM-006824,DG-af9d2e2ef619,1,0.366411417722702,0.9999277591705322,0.001035910565406084,0.11872538179159164,0.17196274657875638,0.36678554028861393,0.5004027950147684,False,1.4701588966674775,-13.064123119577559,False,1.4766099114009128,-13.736219301003423,False,101.5365451773557,-7.262289037948329,False,106.54778176064004,-7.305995908888121
VTM-006829,DG-2a1d805075bd,1,0.31003791093826294,0.9998019337654114,0.006895799655467272,0.19737356901168823,0.20362784046521323,0.3104221116202222,0.5004488590251057,False,2.2844594582937976,-34.09909351809336,False,2.406824860843874,-39.35451193948454,False,182.13683419142026,-9.393766235713766,False,209.73342617706214,-10.032145620831557
VTM-006883,DG-601c7764236b,1,0.5173081755638123,0.9737638235092163,0.013226337730884552,0.5156709551811218,0.37774068982042996,0.5178899108028799,0.5005824566505772,False,0.6167665943639686,-101.17002741717927,False,1.1348036556064192,-276.21904929208966,False,6.746325973726678,-5874.104237176382,False,36.644395725379255,-15988.465392615246
VTM-006936,DG-f6d03d16a81e,1,0.3635406792163849,0.9988033771514893,0.0796157494187355,0.7675309181213379,0.4313788808401282,0.35729889535913356,0.4932309653139257,False,10.601160821617544,1.0,False,35.95355133047085,1.0,False,0.0,-74.02323830729834,False,0.0,-260.8679495350231
VTM-006943,DG-ec734403d442,1,0.4212163984775543,0.9578888416290283,0.3985517919063568,0.7982586026191711,0.8163627990174153,0.4142685519554456,0.4928592318521001,True,0.8085392569033151,1.0,False,1.409173932850649,1.0,False,0.0,-3.9162877926494937,False,0.0,-11.65933037102481
VTM-007009,DG-39d7b0912ce5,1,0.4317845404148102,0.9995149374008179,0.006409742869436741,0.10779597610235214,0.17006261910879805,0.43153831253024916,0.4997490848748947,False,1.5419568705948226,-6.540693752229652,False,1.6410574134305538,-6.491484102171011,False,103.21258252958106,-15.27449755423243,False,102.49456129483065,-16.732083354649944
VTM-007043,DG-7f60aba9a6ae,1,0.3897539973258972,0.9982007741928101,0.03251577168703079,0.6580644249916077,0.3925982492096366,0.386827760245376,0.4969200514718792,False,38.993093822920095,1.0,False,2.9644214326902607,-693.8013797845658,False,0.0,-349.15636748033404,False,6306.511492320601,-22.413025959663038
VTM-007076,DG-f79fe0f52c94,1,0.5144013166427612,0.918491005897522,0.04229528829455376,0.30507808923721313,0.27110387066901065,0.5131812317392367,0.49877898797182496,False,1.1376192775110303,-76.46810682246108,False,1.6402521547146358,-37.764370935713686,False,44.27506826825585,-5344.5187500286975,False,79.25662036950301,-2656.74922196901
VTM-007083,DG-7184dc0ff98c,1,0.4308227300643921,0.9874054789543152,0.017078472301363945,0.6915236711502075,0.3806621451489452,0.43068609495766,0.4998606930149848,False,1.1006356089923346,-21.66403356311451,False,1.4719560758819776,-21.389694450384855,False,320.3947421421159,-8.682557284371361,False,316.43920974083267,-14.052779635400622
VTM-007113,DG-19b2c7b5ce4e,1,0.4288554787635803,0.9790674448013306,0.16980555653572083,0.8269606828689575,0.5166503768411418,0.43152963520982407,0.5027272983044951,False,0.0,-1.796154283406878,False,0.5554350228865955,-2.417931575627433,False,32.274506082858565,1.0,False,41.021836208982485,-0.7403013285986045
VTM-007117,DG-2a28894a69c2,1,0.36257246136665344,0.9981556534767151,0.005279918666929007,0.5075246691703796,0.37178477176632113,0.36202002668297273,0.4994022246589895,False,143.1977900394824,1.0,False,457.7996757115972,1.0,False,0.0,-1038.349310906367,False,0.0,-3328.671983884018
VTM-007146,DG-93e1adefaa54,1,0.45170605182647705,0.9774745106697083,0.4975413382053375,0.9258897304534912,0.9950947466537812,0.45151195828533225,0.49980407124991766,True,0.0,1.0,True,0.0,1.0,True,0.0,1.0,True,0.0,1.0
VTM-007175,DG-22cde3cc3600,1,0.31328874826431274,0.9991130232810974,0.021625883877277374,0.4556790590286255,0.35155464616780313,0.3135044619055114,0.5002506209436106,False,4.055522890974426,-39.684221630936214,False,5.02114316637894,-43.927370356542674,False,215.22121059861027,-19.042895690119938,False,237.90380057253807,-24.20875785998351
VTM-007214,DG-a2492682f54e,1,0.3926987648010254,0.9998278617858887,0.7451328039169312,0.9967905879020691,1.0,0.3926987648010254,0.5,True,0.0,1.0,True,0.0,1.0,True,0.0,1.0,True,0.0,1.0
VTM-007246,DG-373878db0c3f,1,0.4572034478187561,0.921047031879425,0.42164885997772217,0.4932316541671753,0.8434632286601881,0.4539244923878599,0.4966949762222713,False,4.865388617733741,1.0,False,2.1409239978047068,-7.638307769366446,False,0.0,-102.00327819040304,False,190.20132615483712,-38.443077425734465
VTM-007293,DG-dd47f65657ec,1,0.3947244882583618,0.9978703260421753,0.7458224892616272,0.9474725127220154,1.0,0.3947244882583618,0.5,True,0.0,1.0,True,0.0,1.0,True,0.0,1.0,True,0.0,1.0
VTM-007304,DG-f070b42c1dd7,1,0.4032602310180664,0.9931829571723938,0.13629178702831268,0.9386249780654907,0.4831556473769278,0.4044914691704973,0.5012784883893112,False,0.0,-1.4311442139205366,False,0.6573218981592084,-2.566353828343037,False,19.96225786192618,1.0,False,31.694666717621764,-1.6122348950236431
VTM-007305,DG-59fd9a04a5bb,1,0.4803659915924072,0.968885064125061,0.4323630630970001,0.8050233125686646,0.8734766565502909,0.4714501833312885,0.4910641558842642,True,0.5019925774589759,1.0,True,0.6288583377919432,1.0,False,0.0,-0.10148602453512466,False,0.0,-7.025307164854436
VTM-007306,DG-aec8d4a9d063,1,0.4361497163772583,0.9800767302513123,0.07528169453144073,0.8721084594726562,0.42765580069173537,0.4345260633046285,0.4983487342674168,False,1.0012601829165149,-11.071756068763388,False,1.649006966931495,-9.86460058897037,False,181.23264944498624,-7.850555306507381,False,162.37097518654133,-18.02898899883031
VTM-007363,DG-334a894001d0,1,0.35137391090393066,0.9995365142822266,0.0007915104506537318,0.6433535218238831,0.36846226320399716,0.3512969524539034,0.49991557828085187,False,0.5049332836081274,-3839.004075419172,False,1.070437423982922,-1067.3129641899357,False,25833.311626398223,-0.03319258172055243,False,7184.919614399661,-3.8388313882432468
VTM-007368,DG-596feded19b8,1,0.48793143033981323,0.7796378135681152,0.19036604464054108,0.5784891843795776,0.5383384051433693,0.4873434233360097,0.4994116335118572,False,7.5467006317975605,-36.79474476844707,False,11.832446304004971,-32.03819810569668,False,3090.2373535995707,-583.8886322249206,False,2696.1421176049507,-939.0816455261876
VTM-007418,DG-f4d7d037a256,1,0.3886565864086151,0.9823029637336731,0.00502688018605113,0.35050544142723083,0.2755640043247443,0.38916458776396406,0.5005343800499799,False,1.4645360609102052,-9.506953197625007,False,1.528866065755036,-10.059690434010445,False,89.87467578773189,-8.662713220289085,False,94.82126703567899,-9.233488404684579
VTM-007451,DG-4b3bcaba91d2,1,0.3818749785423279,0.9936436414718628,0.15752926468849182,0.40511253476142883,0.416980258054019,0.382229888367066,0.5003758230181722,False,0.0,-15.932147138887283,False,0.6931772626849317,-18.999767954615415,False,139.10809865779117,1.0,False,165.0513310950528,-1.6318922884322427
VTM-007475,DG-2a816dbc2852,1,0.41352444887161255,0.9459526538848877,0.03396807610988617,0.5495636463165283,0.3937402512888731,0.41531507205427104,0.5018446582081769,False,1.9154961130923198,-4.447301080301216,False,2.386525143434683,-5.12204574634082,False,57.2104024287293,-16.36874347283174,False,64.99384377669551,-21.780763886635317
VTM-007477,DG-23ba772e5c5f,1,0.43938010931015015,0.9977583885192871,0.08439236879348755,0.9405401349067688,0.43551969387571743,0.4453956413808848,0.5060962490972446,False,0.0,-5.358045370963273,False,0.0,-9.37241212872662,False,96.63569670448253,1.0,False,162.74150703702995,1.0
VTM-007499,DG-4371018f907d,1,0.4184281826019287,0.9960169196128845,0.018016252666711807,0.40068694949150085,0.31267417793585434,0.41877062924635333,0.5003517699949219,False,7.114394917939549,-27.474538170167396,False,8.165531887868468,-30.517236177921486,False,342.94366685066547,-81.08676659318857,False,380.2053717722604,-93.957746208741
VTM-007530,DG-5cdcce28f20a,1,0.27073726058006287,0.999826967716217,0.001924064476042986,0.7004647850990295,0.36929781599421607,0.2708350620903281,0.5001238238197347,False,1.0760770487241493,-99.74194829945985,False,1.2872204602054629,-111.04542858603938,False,437.2361097712108,-2.5127373518335117,False,486.4850399493181,-3.4327745958810407
VTM-007556,DG-daac523b226e,1,0.4475589394569397,0.9797520041465759,0.22084610164165497,0.9182354807853699,0.5721764840070455,0.4507818752990877,0.5032565571985387,False,0.0,-4.840969435427934,False,0.0,-7.001531022244275,False,101.84709043102397,1.0,False,143.01730487519694,1.0
VTM-007563,DG-38da1b311950,1,0.4186881482601166,0.9881556034088135,0.003502611070871353,0.2814343571662903,0.23927875601876086,0.41869450312160517,0.5000065274767068,False,2.165408695504792,-13.351835202060393,False,2.25706021100957,-13.434466893021883,False,170.35444287227187,-20.481746016957473,False,171.37039116926496,-21.6087804659684
VTM-007588,DG-6fbe36d4f648,1,0.3601120412349701,0.9995430707931519,0.22371338307857513,0.9879278540611267,0.5754670921113602,0.3652916538368066,0.5056018601023147,False,0.0,-2.667626131557893,False,0.0,-4.7793450521564305,False,22.64402282742975,1.0,False,37.66616166366488,1.0
VTM-007637,DG-f6393442f9b2,1,0.3579171895980835,0.9996123909950256,0.00015196867752820253,0.3251523971557617,0.2593981164428357,0.3579405400747701,0.5000254012968531,False,1.370571686015265,-154.275502463085,False,1.3860046408633286,-159.3449199145429,False,1089.3330588357385,-6.127213302950848,False,1124.9963151670383,-6.2355639576665665
VTM-007724,DG-d3662a365ef5,1,0.4108617603778839,0.8928869962692261,0.8638095855712891,0.39462560415267944,0.8099775144051251,0.4121076963362535,0.501286244628106,False,0.0,-1.0294582037165598,False,0.0,-1.6100240779351418,False,17.158272478796878,1.0,False,23.675091857893904,1.0
VTM-007780,DG-7dbfd0834471,1,0.3631306290626526,0.9813805222511292,0.0181948971003294,0.7027097940444946,0.3815130560912399,0.36293454701458655,0.49978801018323266,False,0.0,-60.0033015704375,False,0.7675746068967039,-54.9036637233793,False,442.0514331006421,1.0,False,404.8377764857081,-1.956739643361998
VTM-007807,DG-ccb009827c69,1,0.3956494927406311,0.9346802830696106,0.6640248894691467,0.12013138830661774,0.4677893349576827,0.3833210526491871,0.487040401144468,False,4.503024416658504,1.0,False,8.70438397970205,1.0,False,0.0,-38.361331648429385,False,0.0,-79.22671804028458
VTM-007833,DG-b6f4751d4e1b,1,0.4175373613834381,0.9996989965438843,0.7081528902053833,0.9949198365211487,1.0,0.4175373613834381,0.5,True,0.0,1.0,True,0.0,1.0,True,0.0,1.0,True,0.0,1.0
VTM-007837,DG-b7e19b7ae55a,1,0.4138549566268921,0.9987140893936157,0.6275491118431091,0.9823794364929199,1.0,0.4138549566268921,0.5,True,0.0,1.0,True,0.0,1.0,True,0.0,1.0,True,0.0,1.0
VTM-007846,DG-3f41bbd63637,1,0.3710832893848419,0.9999487400054932,0.0012435764074325562,0.5351742506027222,0.36879555234107014,0.3710842290371954,0.5000010065664647,False,1.0061323859048399,-50.07024897365205,False,1.0788924673422338,-50.15081845732248,False,392.2707051113916,-3.9260417326016452,False,392.8954821446044,-4.490427637662104
VTM-007864,DG-505e1ebc97c2,1,0.3415263593196869,0.9990731477737427,0.024250272661447525,0.3881278932094574,0.3087437394723416,0.3436705876128914,0.5023800861809463,False,0.0,-17.697201562279037,False,8.731154359085288,-28.757876629816018,False,114.82793910810484,1.0,False,184.36361389832737,-51.848026407668414
VTM-007883,DG-71881dcb8e83,1,0.3313811421394348,0.9999604225158691,0.08431697636842728,0.6779381036758423,0.43545402905470637,0.3371579623894063,0.5064895912212967,False,1.2395948061528757,-4.408473414174442,False,1.8946928174533304,-6.935810348003077,False,29.109872267272507,-4.386192716146037,False,43.95103260131583,-8.198133070639855
VTM-007884,DG-4fc1852d5c10,1,0.4231146275997162,0.9224068522453308,0.4989592432975769,0.38966548442840576,0.8003144672027617,0.4163874011665859,0.49309522172871906,False,1.52685708973334,1.0,False,1.8937341562344847,1.0,False,0.0,-13.355688574769092,False,0.0,-18.2594020302173
VTM-007892,DG-08fea9933438,1,0.3005729615688324,0.998360812664032,0.8459539413452148,0.9185516834259033,1.0,0.3005729615688324,0.5,True,0.0,1.0,True,0.0,1.0,True,0.0,1.0,True,0.0,1.0
VTM-007917,DG-14ec324c7a4e,1,0.4109961688518524,0.9997900128364563,0.028364457190036774,0.8744682669639587,0.3893521458458368,0.4162438624512924,0.5054089811329484,False,0.0,-5.569442086663776,False,0.9460390828900187,-8.449379103446171,False,68.19304302262181,1.0,False,100.4292734309051,-4.941731792341817
VTM-007923,DG-b28bc96837ee,1,0.41533493995666504,0.9750476479530334,0.28028756380081177,0.5204554796218872,0.6444069307403095,0.4110820801577742,0.495615097798582,False,2.2829658528334194,-2.236207695052632,False,2.871945893315908,-2.1120797943906635,False,32.31802698364749,-21.059051418859447,False,30.84824090001953,-28.111273699167704
VTM-007930,DG-2b72251d88f8,1,0.4159616231918335,0.9737161993980408,0.03555472195148468,0.49895572662353516,0.3941675907655631,0.41703827238777935,0.5011075360228887,False,3.4674064335403147,-5.765388770922008,False,4.282150433339871,-6.395387616293106,False,74.5539003594033,-35.31013503882864,False,82.03349064943902,-44.975330267290765
VTM-007945,DG-03c0a8989100,1,0.44639983773231506,0.9813997745513916,0.09018626809120178,0.6416252851486206,0.44059576179923293,0.44393528306047375,0.4975054601819937,False,3.6843018995273726,-1.6926615264963427,False,4.262943691668648,-1.7275121145644945,False,40.90774045694035,-59.408437676450234,False,41.53463166080664,-70.28982231932932
VTM-007993,DG-92537f835a14,1,0.4730830192565918,0.9267812967300415,0.5415471196174622,0.8362992405891418,1.0,0.4730830192565918,0.5,True,0.4402942458794594,1.0,True,0.4402942458794594,1.0,True,0.0,1.0,True,0.0,1.0
VTM-008033,DG-2792994947c6,1,0.3729552626609802,0.9998910427093506,0.004516386892646551,0.536404550075531,0.3712174660596208,0.3721579167425024,0.4991472540276629,False,87.74933162865355,1.0,False,218.77585888909024,1.0,False,0.0,-686.76069120306,False,0.0,-1718.8585774326186
VTM-008080,DG-b896793f1f25,1,0.44324758648872375,0.9969550371170044,0.14546993374824524,0.9509229063987732,0.4921064950772175,0.44053727254879177,0.4972525999697895,False,0.0,-48.21481747907948,False,0.0,-22.5107265545266,False,858.3743750281817,1.0,False,405.6748008119372,1.0
VTM-008085,DG-755ffa8befb1,1,0.3622206449508667,0.9976881742477417,0.0017635972471907735,0.5653975009918213,0.3691793146165134,0.3623552646124429,0.5001456699527941,False,1.4790564723041626,-21.945300184895217,False,1.5033462118678584,-22.599606475034903,False,162.9075718701876,-7.105973692176314,False,167.64412651177986,-7.2806269742591585
VTM-008088,DG-b11339615a59,1,0.31117719411849976,0.999990701675415,0.01011732779443264,0.0007807569345459342,0.13831745591263567,0.3115105659973362,0.500388710408892,False,1.8739738160858672,-25.54748531401585,False,1.82438129637294,-27.926211139041474,False,137.9467124874903,-7.276524727358068,False,150.50232486141877,-7.009771247429981
VTM-008094,DG-c1bace1c897f,1,0.37599679827690125,0.998624324798584,0.03802764415740967,0.47104611992836,0.37461648918492635,0.37814632020412126,0.5022877987381411,False,13.6894615181471,-14.279866430550094,False,4.145868016937439,-20.65844172054598,False,119.18939370254274,-106.36387879402689,False,170.4565610879619,-29.35022412513652
VTM-008112,DG-3b64eee940e6,1,0.41661596298217773,0.9997428059577942,0.0033618148881942034,0.32886576652526855,0.26301483615147836,0.41722079928001865,0.5006220099014954,False,3.175618085106289,-3.913505540208641,False,3.1324399798429816,-4.062867315896266,False,52.929861614463896,-32.08789332824492,False,54.71730316373424,-31.556112319354884
VTM-008127,DG-5b2d2bc5deb3,1,0.3951808512210846,0.9991542100906372,0.003318880219012499,0.4482344686985016,0.33390682160245905,0.3945194798135123,0.49930802567256877,False,110.57779999758253,1.0,False,290.8061245836776,1.0,False,0.0,-1050.1688029327747,False,0.0,-2770.4060036140763
VTM-008142,DG-871920f3d222,1,0.42694124579429626,0.9247571229934692,0.6225285530090332,0.9188005924224854,1.0,0.42694124579429626,0.5,True,0.0,1.0,True,0.0,1.0,True,0.0,1.0,True,0.0,1.0
VTM-008185,DG-3288a13bdef9,1,0.39356592297554016,0.9939409494400024,0.7455710768699646,0.8412907123565674,1.0,0.39356592297554016,0.5,True,0.0,1.0,True,0.0,1.0,True,0.0,1.0,True,0.0,1.0
VTM-008201,DG-8f056936797a,1,0.431526780128479,0.9857390522956848,0.12337065488100052,0.7105808854103088,0.47082976178961555,0.4334895461824667,0.501999184680957,False,2.0066898745077943,-2.5145055097665905,False,2.558096707853567,-3.163233440918499,False,44.02459115290342,-22.004075130903104,False,53.49951781865313,-30.011799335620562
VTM-008235,DG-90c6c9ca2797,1,0.3909095227718353,0.9933093786239624,0.05437459796667099,0.05253240093588829,0.16759817128267898,0.3937527370494419,0.5029814405972108,False,3.4123306112074188,-3.1272303567976385,False,3.1891657588924938,-3.7153612843944206,False,33.24974323112757,-26.696469620498906,False,38.61936091868805,-24.59229333542844
VTM-008276,DG-47f14ce473fa,1,0.47610196471214294,0.9445609450340271,0.03289275988936424,0.6669323444366455,0.392894370646314,0.47732818987137215,0.501228888463911,False,4.0067028609172395,-2.8639334475494125,False,3.9246169810839926,-3.1317650043833827,False,140.76192486244943,-146.73603158913505,False,152.0036696325429,-143.2338088096203
VTM-008317,DG-3ad8475704ce,1,0.452056348323822,0.9994000196456909,0.00046465350897051394,0.3302325904369354,0.26221106390515053,0.45218368889628163,0.5001285190866048,False,1.3447599708786513,-23.198098129375577,False,1.3525754821196898,-23.81877760611093,False,494.2906370469817,-17.61985041490679,False,507.2268694802553,-17.77974725636079
VTM-008320,DG-787325895365,1,0.48188096284866333,0.9984227418899536,0.0022574488539248705,0.6395924091339111,0.3695441343490586,0.48210712249560506,0.5002264533131492,False,7.33906378478573,-24.32490352796138,False,7.144542426537708,-25.701995268264064,False,1370.1005920244845,-377.45183298996415,False,1446.0921314049601,-366.69764684637164
VTM-008323,DG-c0ede3d4e248,1,0.49864766001701355,0.9800015091896057,0.019869256764650345,0.49372610449790955,0.3780195831327953,0.49777705179713283,0.4991293813111673,False,2.396052844352393,-2.5252859320471397,False,2.47987995527706,-2.4791870818841466,False,2237.0749738293034,-1402.0533802198295,False,2202.360025636116,-1464.6952191829241
VTM-008347,DG-6455fda523c2,1,0.4523215889930725,0.9989149570465088,0.018676945939660072,0.9262087941169739,0.38188104930519445,0.4566138651819236,0.504328088209755,False,10.267532705683408,-2.971765815357097,False,7.0687958513348725,-3.985742636013936,False,72.81630704623579,-204.862798474218,False,94.10340228331155,-137.5788464436726
VTM-008379,DG-d6d91b3b592b,1,0.44943204522132874,0.9853053689002991,0.28802090883255005,0.983829915523529,0.6544512489597948,0.45377670794541086,0.5043856672629546,False,0.0,-2.9570255821586744,False,0.0,-4.414993092281383,False,68.363958900248,1.0,False,97.20371305558422,1.0
VTM-008390,DG-7ceeb0464230,1,0.5234035849571228,0.9982833862304688,0.0023740814067423344,0.7671113610267639,0.36963034615530643,0.5237186927615671,0.500315809029898,False,1.328250400960957,-5.728142747121712,False,1.328228669973969,-5.842135626300202,False,35.389894431916254,-266.1191761233237,False,35.37653181704815,-271.011534648932
VTM-008429,DG-314d212adcd6,1,0.48416465520858765,0.9991422891616821,0.02208736166357994,0.233483225107193,0.22562999165558487,0.48449975307110443,0.5003354271872832,False,2.784680395521171,-4.354264094240457,False,2.7947721995644916,-4.4687754774293635,False,306.54615723133713,-144.27727502088834,False,313.7921927516846,-144.8903757139819
VTM-008430,DG-80f6a340dbe8,1,0.5212441086769104,0.7935433387756348,0.11082877218723297,0.3244588077068329,0.3232191056029406,0.5172863617893545,0.49603643089342436,False,73.077797611993,1.0,False,3.488439621409823,-31.74662077878314,False,3416.372920879109,1.0,False,140.81943160998333,-1517.306449963928
VTM-008458,DG-e3f31ddd4567,1,0.47168928384780884,0.9935764670372009,0.019891560077667236,0.77926105260849,0.3828098532298681,0.4716135455020681,0.4999240174033833,False,4.434960281450018,-3.980548163811707,False,4.537613198231165,-4.043775674962533,False,158.26332826501198,-138.99190187548604,False,160.49537104872542,-142.62175476630844
VTM-008513,DG-549be0b52c87,1,0.5380710959434509,0.9997144341468811,0.02519947476685047,0.8155515193939209,0.38689534438655654,0.5329005011901269,0.49480336891647314,False,4.1692818127907945,-5.600423874226988,False,5.414924051381299,-3.8653056476089462,False,96.37972645287086,-160.2376743576833,False,129.1467464564875,-114.44717112055501
VTM-008534,DG-aaff4f2a5ff6,1,0.48427334427833557,0.9948150515556335,0.04402439296245575,0.8934287428855896,0.40173957885643846,0.488413067957548,0.5041427433031164,False,2.8853783986067296,-3.0887816579170337,False,2.775136517465309,-3.9875969922388013,False,228.19738165777738,-151.67740941392483,False,285.55832443214314,-144.37639202782304
VTM-008543,DG-c6d167ed06ef,1,0.5218893885612488,0.9855563044548035,0.1723453253507614,0.525048017501831,0.5192813984013451,0.5231241536197923,0.5012372701524119,False,1.6680838811796086,-9.466976594505393,False,1.736075350366256,-10.710653002103937,False,53.36302007299973,-455.33371417009135,False,56.41909146426592,-512.265270154418
VTM-008576,DG-ab154a0192dc,1,0.48602095246315,0.995904266834259,0.446217805147171,0.9046670794487,0.8980186974295516,0.4815700744129791,0.49554453044934166,True,0.8032714414921922,1.0,True,0.9675043476744775,1.0,False,0.0,-21.694714228043093,False,0.0,-33.77303674626497
