image_id,split_group_id,label,gate,effective_gate,pre_gradient,final_gradient,raw_aux_gradient
VTM-000003,DG-a8286817ee0d,0,0.46390265226364136,0.4639170148227636,0.2531105231206373,0.25312488567975955,0.4528136928736708
VTM-000007,DG-29b5b23f3d2a,0,0.4291086792945862,0.4291533950944541,0.04279261020659597,0.042837326006463894,0.04675657350827312
VTM-000024,DG-6871d8b8ef5b,0,0.5452080368995667,0.5709324538488157,0.20138571720180687,0.22711013415105596,0.4922170376110429
VTM-000027,DG-240bb55c0a40,0,0.4681057035923004,0.4681057397733354,-0.019786329243176415,-0.019786293062141413,-0.02041018711047554
VTM-000030,DG-c71973729a4d,0,0.41606253385543823,0.41606254646993585,-0.00843826691990307,-0.008438254305405457,-0.008791567530781107
VTM-000040,DG-779d8b7a0223,0,0.38267508149147034,0.3832222381289975,0.057341106193789015,0.057888262831316206,0.07468137143685874
VTM-000044,DG-125bfe4cac76,0,0.5387170314788818,0.5387170356971386,-0.012255641583458154,-0.01225563736520141,-0.0022413251851133562
VTM-000057,DG-888ab0f7b6ed,0,0.414999783039093,0.41426718718017136,-0.020422425601810124,-0.021155021460731782,-0.03112903472923773
VTM-000062,DG-75d0abfbfa6e,0,0.4940241873264313,0.49402418490706623,-0.0028520632221228914,-0.002852065641487933,-0.0004616167259186047
VTM-000065,DG-acfef7df8b77,0,0.39737334847450256,0.39737334469707203,0.023924563444926106,0.02392455966749557,0.004194315342463769
VTM-000070,DG-4023d32d209a,0,0.5827062129974365,0.5827062312142052,-0.06936822829352496,-0.06936821007675631,-0.1219340145319164
VTM-000076,DG-11bb53a3470c,0,0.5593069791793823,0.559306972108016,-0.002929672757418955,-0.0029296798287852255,0.001057057289703018
VTM-000077,DG-9de101d02311,0,0.4949149191379547,0.494914909796591,0.0005745393712922042,0.0005745300299284661,-1.0168536512460055e-05
VTM-000115,DG-385612ac4784,0,0.48674842715263367,0.48715083449980656,0.1964656509727452,0.1968680583199181,0.4404753347246194
VTM-000122,DG-8466339f6961,0,0.48563352227211,0.48563352080357997,-0.0014359897720090387,-0.0014359912405390585,-0.0002477533374706188
VTM-000124,DG-013c262d9b7f,0,0.4950614273548126,0.48445538313517295,-0.06696134589405855,-0.07756739011369823,-0.1466930024840814
VTM-000127,DG-d8a82f1dbe7a,0,0.5095966458320618,0.509596630121783,-0.0007266649426883598,-0.0007266806529671044,3.467204857563035e-05
VTM-000132,DG-f60915d6c392,0,0.5002517700195312,0.4937761270410812,-0.045604726361483716,-0.05208036933993376,-0.07487693616764068
VTM-000133,DG-17a6c8d06911,0,0.5156500339508057,0.49051940482258455,-0.25946468591019967,-0.2845953150384208,-0.47285872201945134
VTM-000141,DG-1e3ed1ccc697,0,0.5458769798278809,0.545877006854157,-0.02166154753055405,-0.021661520504277942,-0.01079833159157288
VTM-000150,DG-4e5e3ca16ae7,0,0.3626301884651184,0.36262434552028017,-0.04699466677751296,-0.0470005097223512,-0.13842972875458248
VTM-000154,DG-6015dbb94432,0,0.4605633020401001,0.46056330642190063,-0.010878133850505511,-0.010878129468704978,-0.00818609114856027
VTM-000166,DG-3e8267c7703c,0,0.46570613980293274,0.4651263368050414,-0.022012534242422443,-0.022592337240313787,-0.024957449318401197
VTM-000170,DG-9cf4fe773417,0,0.5027366876602173,0.4790881952642588,-0.20424655447462592,-0.22789504687058443,-0.4555303999775913
VTM-000173,DG-806b81112d54,0,0.43321532011032104,0.4502888374443354,0.21597204651296412,0.23304556384697847,0.41235304445526144
VTM-000175,DG-f6f4556329e3,0,0.4429667294025421,0.4429952304135382,0.2271969222025243,0.2272254232135204,0.4256572400648323
VTM-000177,DG-c9e3050e4af9,0,0.45551609992980957,0.45648278260481057,0.10132240753917093,0.10228909021417193,0.23914869259016128
VTM-000185,DG-6e42f7e006c3,0,0.4523724317550659,0.43815571870148745,-0.1591995373304128,-0.17341625038399128,-0.43763818269678534
VTM-000190,DG-e094a347caf5,0,0.4131990969181061,0.41567298835233885,0.17036468372828562,0.17283857516251838,0.36146688445708547
VTM-000194,DG-8bdd0aa724aa,0,0.612051784992218,0.6120517757735557,-0.0013848534043287009,-0.0013848626229909788,0.0012227024593976573
VTM-000220,DG-80628db27bc9,0,0.46159207820892334,0.46159208638224086,-0.04080949047266835,-0.04080948229935083,-0.07333773707365333
VTM-000222,DG-3f4b8fcce897,0,0.45421549677848816,0.462755103227517,0.04579193901051015,0.054331545459539,0.061486064752440076
VTM-000230,DG-9b150b75a6ed,0,0.3991806209087372,0.3991806406764661,0.004111292462390004,0.004111312230118902,-0.002724755622059474
VTM-000237,DG-24e6c9303bf0,0,0.43714991211891174,0.4360642311708049,-0.0805651389047164,-0.08165081985282324,-0.22643894924336744
VTM-000240,DG-86fa5301b539,0,0.5364221930503845,0.5359934820132259,-0.014883528820535785,-0.015312239857694365,-0.004540765787413342
VTM-000256,DG-eebff8403a32,0,0.35763904452323914,0.3576169631950908,-0.006307239624338101,-0.00632932095248645,-0.0096444335240035
VTM-000262,DG-5759f04b80ee,0,0.4005887806415558,0.40058875329619564,-0.012318872957383153,-0.012318900302743296,-0.016574374416880394
VTM-000284,DG-d26f6a5196a8,0,0.3252445161342621,0.325244515923686,0.05123861060367563,0.051238610393099515,0.04438696299826721
VTM-000289,DG-6c4aa53771d6,0,0.5347427129745483,0.5347427155142687,-0.001038536378880739,-0.001038533839160416,0.0002465166424552735
VTM-000291,DG-03529247f507,0,0.44925615191459656,0.44682587373914556,-0.032289749827543235,-0.03472002800299423,-0.05271400941456606
VTM-000297,DG-318447e3b4ff,0,0.5336524844169617,0.5336525086927734,-0.06881415258359358,-0.06881412830778189,-0.13716120450761154
VTM-000302,DG-bccce2c64408,0,0.5323495268821716,0.5323495303889939,-0.028605431938106496,-0.02860542843128422,-0.02452695709936319
VTM-000311,DG-d5c603c4f7e2,0,0.3562069833278656,0.35423371526913106,-0.01559806489623794,-0.017571332954972485,-0.030440207776495063
VTM-000312,DG-46a85aae7b8f,0,0.5368787050247192,0.5368787179828055,0.0021288374604576665,0.002128850418543937,0.0008143557488014939
VTM-000313,DG-b50bfb4d898c,0,0.4086901843547821,0.408690185255045,-0.04051419075011542,-0.0405141898498525,-0.09171399025554851
VTM-000320,DG-908ffc3908d3,0,0.4198727309703827,0.4218571643424361,0.07695477400908607,0.07893920738113946,0.14746840927556518
VTM-000325,DG-fb8f73db43c9,0,0.4594213664531708,0.45942135860226874,-0.0016901154440108201,-0.0016901232949128597,-0.0006678123270282187
VTM-000327,DG-57ce53a661a4,0,0.44340264797210693,0.42966132535113144,-0.11588169321129549,-0.12962301583227098,-0.3420251822848344
VTM-000330,DG-59fe9f773465,0,0.44862645864486694,0.44862646486492885,-0.3678581532642906,-0.3678581470442287,-0.5499373868732733
VTM-000336,DG-887d37830d85,0,0.3995133340358734,0.39951333973150455,-0.05033792418154165,-0.050337918485910516,-0.131854826891441
VTM-000339,DG-a072dc0dc8aa,0,0.40793630480766296,0.4079363064841466,-0.0026071990267832468,-0.002607197350299628,-0.002275980533611753
VTM-000354,DG-8a6638e2eadd,0,0.5417466163635254,0.5417466138367671,-0.0003922269737088868,-0.0003922295004671339,0.00012567990690946125
VTM-000355,DG-b09e035ffa21,0,0.5062819719314575,0.5062819639982781,-0.0022591355604894003,-0.002259143493668847,-9.063379591045234e-05
VTM-000380,DG-b7624645ce8d,0,0.40620407462120056,0.40439711183645616,-0.13395746543018805,-0.13576442821493245,-0.421470028691924
VTM-000394,DG-0e73cf2abcb8,0,0.5253126621246338,0.5253126841868562,-0.0011872295940660305,-0.0011872075318436481,0.00018437533996803226
VTM-000396,DG-a85c97fb4d15,0,0.453807532787323,0.45380751893671667,-0.03624274366592117,-0.0362427575165275,-0.06239492214807805
VTM-000397,DG-45b3090bd9c7,0,0.4760386347770691,0.47535774940154585,-0.05283853964111729,-0.05351942501664053,-0.10637113938283152
VTM-000406,DG-161f4b75dff9,0,0.5325698852539062,0.5325698933656839,-0.0003534894048360382,-0.0003534812930583442,8.74600919029777e-05
VTM-000409,DG-1112e0222d1f,0,0.44162580370903015,0.43996976137631855,-0.038189422433753506,-0.03984546476646511,-0.07206854810327319
VTM-000410,DG-1542ac8dffd0,0,0.5234372615814209,0.5234373077652691,-1.73552831483903e-05,-1.730909930020008e-05,3.249152074933636e-06
VTM-000413,DG-344ca87dbd83,0,0.4879152476787567,0.48791526124935275,-0.0001022281934725533,-0.0001022146228765175,-1.0307453620305233e-05
VTM-000428,DG-9283511cf99b,0,0.4852396845817566,0.4852396688103231,-0.03630095422738444,-0.036300969998817934,-0.053353587830552315
VTM-000432,DG-8493a6d0bc14,0,0.46940019726753235,0.4694002043504243,-0.006689962781772751,-0.006689955698880812,-0.0034375633629029657
VTM-000434,DG-5dbb815121e1,0,0.49925366044044495,0.49925367352126815,-4.58419036316049e-05,-4.58288228084025e-05,-3.5776911774553117e-07
VTM-000443,DG-7e65e1545dee,0,0.488770067691803,0.4887700651319579,-0.017025391593308847,-0.017025394153153905,-0.012936512129851167
VTM-000451,DG-815bf6ed9ac5,0,0.5475316047668457,0.5309949378342235,-0.1906071064390662,-0.20714377337168843,-0.4093160332159867
VTM-000470,DG-9fad2588bc8c,0,0.5052998661994934,0.5052998797944563,-0.00028273094865471915,-0.00028271735369178597,8.790674039769434e-06
VTM-000479,DG-4fcf83e0fea5,0,0.5316471457481384,0.5316471399506912,-0.043031865228169375,-0.043031871025616564,-0.05805625397881558
VTM-000483,DG-266c22374422,0,0.4680022895336151,0.46800230047169294,-0.0005519836823336677,-0.0005519727442558353,-0.00015415377088900115
VTM-000489,DG-2da692dd4ef8,0,0.5241994261741638,0.5241994106409951,-0.000991628794560162,-0.0009916443277289133,0.00015291663960740484
VTM-000497,DG-1c76dff44581,0,0.5040134191513062,0.5040134079597857,-0.0020508381766629613,-0.0020508493681834494,-0.00010238559170696511
VTM-000499,DG-4b652882b7af,0,0.4184670150279999,0.41846701718107554,-0.08640847828314124,-0.08640847613006558,-0.2606538558599807
VTM-000513,DG-904982dbf60d,0,0.5851085186004639,0.5851085059997779,-0.07698341800939879,-0.07698343061008472,-0.14594058676070562
VTM-000523,DG-2ded5b976217,0,0.474520742893219,0.4745207329074997,-0.08377327772488097,-0.08377328771060027,-0.2161961803827275
VTM-000527,DG-5a5853e5c201,0,0.5128732323646545,0.5128732419043825,-0.014522676589474925,-0.014522667049746918,-0.006876558137227995
VTM-000532,DG-f525c0c15b6e,0,0.47415080666542053,0.47410171817022706,-0.028562257934751756,-0.028611346429945228,-0.03708976805617422
VTM-000540,DG-806d908bbf5c,0,0.4844367206096649,0.4844367030334452,-0.054328258113878536,-0.05432827569009824,-0.10800986192803867
VTM-000545,DG-3208c252cb37,0,0.5361587405204773,0.536158735649819,-0.00015118655684198679,-0.0001511914275003079,4.304061856197542e-05
VTM-000562,DG-48e5a8f5c2f6,0,0.5575982332229614,0.5575982505181452,-0.007682858254896674,-0.007682840959712944,0.0011638127717333796
VTM-000565,DG-546c83fde0b6,0,0.4989582598209381,0.4989582770194082,-2.3002894238954852e-05,-2.2985695768862335e-05,-2.128706299227874e-07
VTM-000567,DG-32fc63b01bd0,0,0.509307861328125,0.509307867480472,-1.3079799540238746e-05,-1.307364719327353e-05,9.674497935421108e-07
VTM-000570,DG-c1322d99903a,0,0.47107595205307007,0.47107593704586376,-0.02278216078023243,-0.02278217578743874,-0.0254625542111065
VTM-000575,DG-96e15324910d,0,0.5400875806808472,0.5400875777322424,-0.0005440903030746735,-0.0005440932516794783,0.00016363636447271263
VTM-000595,DG-ecce0a315147,0,0.5444696545600891,0.5409480426437906,-0.0662232597171265,-0.06974487163342502,-0.12454529694731085
VTM-000597,DG-a3abff9b7b80,0,0.5327474474906921,0.5327474266547996,-0.00031094961268862686,-0.0003109704485811937,7.791530014168158e-05
VTM-000598,DG-d56ab65242c9,0,0.4986979365348816,0.49869794367521914,-0.0001642782176524693,-0.00016427107731492585,-2.7907191302431827e-06
VTM-000600,DG-371b95e7dc12,0,0.46871277689933777,0.46871277992447624,1.9950226829879014e-05,1.995325196835207e-05,-4.997093359422264e-06
VTM-000613,DG-d069bed33411,0,0.4020862579345703,0.40208624749514105,-0.012977292794335571,-0.012977303233764836,-0.017618276635307902
VTM-000617,DG-e46c42de6d6e,0,0.45894676446914673,0.4589467722163908,-0.02798499919456432,-0.02798499144732025,-0.03928649544046201
VTM-000619,DG-a8a3957cd3e3,0,0.45117488503456116,0.4468372837335223,-0.04575721068356847,-0.05009481198460736,-0.0926601076289492
VTM-000621,DG-0d5b127a6289,0,0.4827258884906769,0.46842206605725606,-0.1762792022021744,-0.19058302463559523,-0.44098267723169465
VTM-000623,DG-01cab0b1d670,0,0.5210481286048889,0.5210481132652982,-0.09469845970095303,-0.09469847504054374,-0.22924793960582016
VTM-000638,DG-17785cbab4e5,0,0.4774615466594696,0.4774615331827316,-0.03795158957615674,-0.037951603052894745,-0.060063639393414296
VTM-000677,DG-aa4a91c5eaa1,0,0.4036697745323181,0.4036697751280375,-9.159335428832183e-05,-9.15927585689591e-05,-7.366588586041456e-05
VTM-000678,DG-1d413f88ced5,0,0.5395217537879944,0.5395217600285216,7.94030616936281e-05,7.94093022208342e-05,2.5518072405940383e-05
VTM-000685,DG-3f9bd1b12ab1,0,0.5720345973968506,0.5720346217356391,-0.04093938446657963,-0.04093936012779109,-0.04190454623575059
VTM-000687,DG-700ceb5216f5,0,0.4928657114505768,0.4928657230099464,-0.00020701392368177585,-0.0002070023643121477,-1.3532367231580115e-05
VTM-000701,DG-0cbfce6eeda2,0,0.5689309239387512,0.5689309093127701,-9.772207099401076e-05,-9.773669697510368e-05,5.4537172134238636e-05
VTM-000704,DG-571cd63bf237,0,0.5033771991729736,0.503377204586039,-0.012601894580639428,-0.012601889167574098,-0.005963449893776168
VTM-000709,DG-d75b785698da,0,0.48875296115875244,0.4887529672321117,-0.0005937484078959998,-0.0005937423345367399,-6.756328508168362e-05
VTM-000731,DG-1d972e9b4b6a,0,0.5546505451202393,0.5546505732437375,-0.002669877092570161,-0.002669848969071964,0.000889620408482984
VTM-000739,DG-ac1716dcb1e9,0,0.2579399347305298,0.257199101993604,-0.5365287462632534,-0.5372695790001791,-0.7419571428363997
VTM-000759,DG-cbf92a76fcda,0,0.5366265773773193,0.5366265925466269,-0.0012712808064502257,-0.0012712656371426378,0.00030920432230209624
VTM-000760,DG-f6f399540a83,0,0.4985857903957367,0.49858577598217996,-0.0020435136776949525,-0.0020435280912516895,-0.00019011811217379366
VTM-000761,DG-6513bc8bb03a,0,0.4742884039878845,0.46664628041116907,-0.18309085528410496,-0.1907329788608204,-0.4563337954665293
VTM-000798,DG-eab52f6afee8,0,0.42858463525772095,0.42821401674217485,-0.11092977748529742,-0.11130039600084352,-0.33791348922958725
VTM-000800,DG-7ad1dcd22aed,0,0.4293040633201599,0.42930407869351667,-0.005603286196071755,-0.005603270822715001,-0.004527570848674081
VTM-000809,DG-45c40c6b69da,0,0.4106366038322449,0.4673381878285469,0.2790154124888453,0.33571699648514736,0.40831660913832324
VTM-000810,DG-f94c2072645b,0,0.49132397770881653,0.4913240005557172,0.0017147091526425462,0.0017147319995431953,-1.3748054383702815e-06
VTM-000812,DG-9df70c458e0d,0,0.5158210396766663,0.5133478885352122,-0.1450815957498176,-0.14755474689127168,-0.365914778171237
VTM-000813,DG-43c29809cdc3,0,0.4745769500732422,0.47123522078217256,-0.12295010795614758,-0.1262918372472172,-0.3404132652492751
VTM-000822,DG-3b7bfd54ab04,0,0.6129469275474548,0.612946920218137,-0.05250229959565045,-0.05250230692496827,-0.06174766963026864
VTM-000825,DG-bcdfe30dd225,0,0.5332536101341248,0.5332535877436178,-0.0006992887204134712,-0.0006993111109204753,0.0001671355584379764
VTM-000827,DG-ac87ea105126,0,0.3881060481071472,0.387950031045728,-0.26027397780637795,-0.26042999486779717,-0.5903400337865992
VTM-000833,DG-538df52d8e68,0,0.4693089425563812,0.4687826682228743,-0.3447416509467711,-0.34526792528027805,-0.5285915543739825
VTM-000851,DG-60bfa08b83bb,0,0.5588314533233643,0.558831441148044,-9.31903655388977e-05,-9.320254085920521e-05,4.411971258066127e-05
VTM-000854,DG-5a85abeb3582,0,0.5431064367294312,0.5431064211960736,-0.00013855837672183124,-0.00013857391007943143,4.736149259234092e-05
VTM-000859,DG-96e6e476ae4b,0,0.5073785781860352,0.5073785886575407,-8.566620006811299e-06,-8.556148501259742e-06,5.028493185443481e-07
VTM-000864,DG-7a122d3e3f9f,0,0.5313289165496826,0.5313288940827663,-0.008947794083574934,-0.008947816550491261,-0.0009712034611253234
VTM-000867,DG-a5f513d3baa4,0,0.5396228432655334,0.5396228317210584,-0.02716277937057321,-0.02716279091504825,-0.020430964487465578
VTM-000871,DG-02cd78bf91e7,0,0.5076336860656738,0.5045569896461932,-0.17888521486466502,-0.18196191128414563,-0.4257715862089653
VTM-000875,DG-bf7c23a899fa,0,0.5195543169975281,0.5195543032234116,-0.0025070717801186637,-0.0025070855542351778,0.0001406174234726165
VTM-000884,DG-50fab4cb31d3,0,0.5370611548423767,0.5370611789513136,-0.0007826220452793464,-0.0007825979363424995,0.00020856891967616577
VTM-000886,DG-a5af829da5d9,0,0.45171257853507996,0.45171254468022415,-0.0001359692904263632,-0.00013600314528217083,-5.377137650480569e-05
VTM-000888,DG-8b7bb8098c85,0,0.5008323192596436,0.500832322984355,-2.518391390760044e-06,-2.5146666793318673e-06,1.6515198650246762e-08
VTM-000897,DG-8ec633b676b2,0,0.5432219505310059,0.5432219405843688,0.0006770046488520087,0.0006769947022149392,0.00025442978841335974
VTM-000898,DG-520281ebe22e,0,0.5532581806182861,0.5532581739032413,-0.006377039419450448,-0.006377046134495301,0.001084520253495116
VTM-000923,DG-6b0e22b48734,0,0.5015918016433716,0.5022280761788992,0.04034866597955189,0.040984940515079504,0.06045111693378852
VTM-000935,DG-d40527582402,0,0.5624420046806335,0.5624420028896773,-9.295843508572155e-05,-9.296022604199372e-05,4.6816177727612094e-05
VTM-000946,DG-25d6fc1953fb,0,0.3519708216190338,0.3198269917827665,-0.6297524651963825,-0.6618962950326498,-0.6480291647262049
VTM-000949,DG-c53c1d00207b,0,0.5353090763092041,0.535309056207121,-0.00015694313106739965,-0.00015696323315050886,4.356010573492493e-05
VTM-000953,DG-a4934823d5ed,0,0.44219931960105896,0.4561732568965329,0.2733907828254286,0.28736472012090253,0.4373133557254834
VTM-000957,DG-e9f60f9cd8a9,0,0.5623813271522522,0.562381331027274,-0.008961427536150257,-0.00896142366112851,0.0012302722982098716
VTM-000959,DG-95a15b667452,0,0.5201037526130676,0.5160298468376482,-0.33844325501549566,-0.3425171607909151,-0.4787403543375619
VTM-000963,DG-03abfa5c365f,0,0.5762863159179688,0.5750775324302351,-0.025024323590881914,-0.026233107078615592,-0.01022176137363079
VTM-000967,DG-c72b5e7c0d9c,0,0.5533955693244934,0.5533955688348089,-0.00014041032987821556,-0.00014041081956273072,5.986508632634381e-05
VTM-000977,DG-38b62b4c8266,0,0.6020677089691162,0.6020677103776135,0.035010136616995924,0.03501013802549324,0.07717848160975622
VTM-000980,DG-6a257e7bd4f2,0,0.4311785399913788,0.4311785395345398,-0.19239631950971514,-0.19239631996655415,-0.5030257341810221
VTM-000990,DG-b919c784f066,0,0.46863052248954773,0.4686305164076886,-0.002506766036919128,-0.0025067721187782555,-0.0008843965139144892
VTM-000991,DG-95ee61bfdac6,0,0.5021787285804749,0.5021787389994478,-0.009987343010593341,-0.009987332591620435,-0.003796365060967801
VTM-000992,DG-eac6eb4ece8f,0,0.43559110164642334,0.43335466693588787,-0.09716059217019235,-0.09939702688072782,-0.28732872242819485
VTM-000997,DG-3de68f3c4b97,0,0.5656326413154602,0.5647443717501524,-0.062254117388033436,-0.06314238695334129,-0.10452878220310793
VTM-001002,DG-b7239be2b006,0,0.5537738800048828,0.5537738703983236,-1.310869234827372e-06,-1.320475794042153e-06,5.704529770052357e-07
VTM-001008,DG-a047aaf35a1b,0,0.4741388261318207,0.4741388164153763,-0.04191528738676231,-0.04191529710320668,-0.07249312571614214
VTM-001022,DG-7d7ba9f90c36,0,0.4924740493297577,0.49247403494481073,-0.000754729599635684,-0.0007547439845826398,-6.824249535506365e-05
VTM-001025,DG-685bdb6145ef,0,0.4322834014892578,0.43228341061631403,-0.000335525681971649,-0.0003355165549154271,-0.00018981600808904786
VTM-001026,DG-66c1dc5075d8,0,0.4959733784198761,0.49597339308339106,-9.936253756376301e-05,-9.934787404880518e-05,-3.5959308640602633e-06
VTM-001031,DG-62ac968b3f1f,0,0.5382042527198792,0.5382042531349,-0.05298804349981279,-0.05298804308479199,-0.08461171158064588
VTM-001035,DG-52e5e8d72200,0,0.4834384322166443,0.4834384322311802,-0.0015234703933154625,-0.0015234703787795345,-0.00029505283863258966
VTM-001038,DG-d137b46654d4,0,0.5428854823112488,0.5428855154830825,-0.006175534012064832,-0.006175500840231107,0.0005866827328325526
VTM-001045,DG-bb036f4418d3,0,0.5933889746665955,0.5933889730482141,0.00033930063818332634,0.0003392990198020085,0.00026756607723561125
VTM-001052,DG-518bfad2651e,0,0.5031266808509827,0.5031266769621353,-0.0014802558653411735,-0.0014802597541885287,-5.0619598099763744e-05
VTM-001060,DG-50779e1309a6,0,0.531825065612793,0.531825049337199,-0.2641355318672498,-0.2641355481428438,-0.4594310835054984
VTM-001061,DG-d6dc2de753e9,0,0.47505518794059753,0.4750552013186259,-4.670801573702921e-05,-4.669463770867743e-05,-9.431895650838663e-06
VTM-001068,DG-1059b5b25dc1,0,0.5007152557373047,0.5007152506732484,-0.0272933528624959,-0.027293357926552186,-0.028530392727096017
VTM-001083,DG-3ffaf208097c,0,0.5003153681755066,0.5003153835650601,-6.491828037979985e-05,-6.490289082627942e-05,-4.790108004688919e-09
VTM-001087,DG-0a8adcd25632,0,0.5165839195251465,0.5165839160583328,-0.013783195943855353,-0.013783199410669078,-0.005729358854319803
VTM-001089,DG-c4a5df913421,0,0.46364283561706543,0.4636428390615438,-0.0013158117027834426,-0.0013158082583050734,-0.00045461963651675696
VTM-001097,DG-d543d28a2af6,0,0.39879393577575684,0.39879395339353746,-0.0014761209152912569,-0.0014761032975106336,-0.0013399953141899526
VTM-001109,DG-3056b0e0c949,0,0.5291374325752258,0.5291374285905514,-0.00045843845253623616,-0.0004584424372107154,9.876634956208016e-05
VTM-001118,DG-a844be169da1,0,0.5146320462226868,0.5146320346783609,-0.11468036121626446,-0.11468037276059029,-0.2933162713629717
VTM-001121,DG-e8dd3633ef44,0,0.44522202014923096,0.4452220146283648,-0.05232936494484969,-0.05232937046571584,-0.11749011318230554
VTM-001122,DG-72971588c786,0,0.4691058099269867,0.4691057881244631,-0.039651491026618024,-0.039651512829141644,-0.06746195129597869
VTM-001123,DG-0e238ac4ebd4,0,0.4832839071750641,0.49234628489147064,0.09163751243092133,0.10069989014732789,0.22133384452416754
VTM-001144,DG-be00a3fea52f,0,0.5481588840484619,0.5481588992844386,-1.7486628313800878e-05,-1.747139233709838e-05,6.78773962743366e-06
VTM-001151,DG-47485678e190,0,0.43601328134536743,0.43601326035805726,-0.00573854136898122,-0.005738562356291388,-0.004334972319867418
VTM-001163,DG-809c6ea1c624,0,0.5003833174705505,0.500383330392644,-0.07634045147071411,-0.0763404385486206,-0.176991731998932
VTM-001173,DG-bd8b694fdcc2,0,0.48574623465538025,0.48215092908819585,-0.06255534691635167,-0.06615065248353608,-0.1354544540122901
VTM-001174,DG-6605a95c29d8,0,0.463392436504364,0.46339245173453536,-0.0019439469926956776,-0.0019439317625243313,-0.000724839180247124
VTM-001177,DG-918c178f25db,0,0.489958792924881,0.48995879621228755,-0.0013618864456378388,-0.0013618831582312696,-0.00018366793411000732
VTM-001185,DG-e0851f2fae16,0,0.506956934928894,0.5069569319026818,-0.08545663448732466,-0.08545663751353694,-0.20532235656027795
VTM-001187,DG-245731258dee,0,0.49850958585739136,0.49850958318713867,-0.10449619539344923,-0.10449619806370192,-0.27206683555163136
VTM-001192,DG-31d99c18e7fb,0,0.3716135323047638,0.37161353671339775,0.0030154289039654447,0.0030154333125994026,-0.0029025189756845438
VTM-001207,DG-a4770ff83583,0,0.3598051369190216,0.3598051365402493,-0.02762108958885623,-0.02762108996762852,-0.06575786471851329
VTM-001229,DG-6b6dd13c7bf8,0,0.43790650367736816,0.43790651134257497,-0.05650683348715774,-0.056506825821950935,-0.13585884676172474
VTM-001241,DG-4017d8aaf47e,0,0.39814549684524536,0.39808724783158833,-0.017421592119694462,-0.017479841133351492,-0.027410093384403384
VTM-001254,DG-b6c35506f718,0,0.5554171800613403,0.5554171727022847,-0.06411545120431683,-0.06411545856337242,-0.11385422403862915
VTM-001257,DG-b45500a56b04,0,0.5669241547584534,0.5669241336074589,-0.035260990698688266,-0.03526101184968278,-0.030261866593330855
VTM-001260,DG-16766934b224,0,0.4764939844608307,0.4764940054848661,-0.0016619841373168298,-0.0016619631132814283,-0.0004240857574432381
VTM-001263,DG-8ce34a305aa5,0,0.4944292902946472,0.49442927938787634,-3.858183025812201e-05,-3.859273702899735e-05,-1.7791943241357252e-06
VTM-001268,DG-2f3ee7d68965,0,0.5081981420516968,0.5081981293658377,-0.04196574713757706,-0.04196575982343609,-0.061994547370106436
VTM-001269,DG-1a0ae083e195,0,0.5220881700515747,0.5220881737735664,-0.0002643980543578506,-0.00026439433236613574,4.4005618718498916e-05
VTM-001271,DG-cf751d1a12a0,0,0.5185016989707947,0.5185017217569545,0.014931253459479099,0.014931276245638947,0.011020731934337048
VTM-001284,DG-5fa6554d4baa,0,0.5076568126678467,0.5076568066156695,-0.07305825719975312,-0.07305826325193032,-0.1622997328761455
VTM-001289,DG-9b8a91beb23b,0,0.5202056765556335,0.5202056678873216,-0.0002840446449657863,-0.0002840533132777434,4.275264520143936e-05
VTM-001294,DG-27fd507084a8,0,0.49503806233406067,0.4950380705296197,-0.025793732298475036,-0.025793724102916027,-0.026707946417264924
VTM-001313,DG-77b71712f960,0,0.42580315470695496,0.4258031635873933,-0.015781222221509905,-0.015781213341071576,-0.01966342328139484
VTM-001319,DG-29a93b2911ce,0,0.4665003716945648,0.46650037680471046,-0.1901067653242433,-0.19010676021409767,-0.4708271101590904
VTM-001341,DG-d91fbca873d0,0,0.4606783986091614,0.4606784026946523,-0.048959085506185884,-0.04895908142069494,-0.09953856688215248
VTM-001346,DG-4128d24eb5b3,0,0.44889602065086365,0.44889601474497853,-5.865021016115968e-05,-5.8656116046273965e-05,-2.4371419097731685e-05
VTM-001351,DG-5564eea1acef,0,0.4880201816558838,0.4803093286062728,-0.09600290827406976,-0.10371376132368076,-0.25066084143750644
VTM-001354,DG-495317aa01b1,0,0.4587092101573944,0.4517639881160623,-0.1642057383146922,-0.17115096035602434,-0.4413042455074417
VTM-001355,DG-bed0eaacc410,0,0.5189268589019775,0.5189268425109377,-0.0765319389865654,-0.07653195537760527,-0.16932596292567142
VTM-001365,DG-4d977c4f3bae,0,0.46206891536712646,0.46206892310782194,-0.0006708851185434628,-0.0006708773778479893,-0.00022294311029690824
VTM-001367,DG-f63667f5db3e,0,0.5899462699890137,0.5899462618854001,-0.02981453100683451,-0.02981453911044807,-0.01495747340425402
VTM-001371,DG-d9b58f063d04,0,0.49997764825820923,0.4999776527201902,-0.04360895869344428,-0.043608954231463326,-0.06914250761797651
VTM-001374,DG-9fae17d4348f,0,0.46297433972358704,0.46248468045404867,-0.4546295942128258,-0.45511925348236415,-0.5369843092704469
VTM-001376,DG-4ee1a3615cfe,0,0.5296080708503723,0.5296080888482402,-0.0015623109690618975,-0.0015622929711940348,0.00027306410295048185
VTM-001400,DG-082d906353cd,0,0.5347376465797424,0.5347376354444648,0.00037136998501940965,0.00037135884974182076,0.0001092687043578209
VTM-001403,DG-9211724f3b4b,0,0.48519936203956604,0.48519936876710995,-0.0003402193746611104,-0.00034021264711719956,-4.495601153345377e-05
VTM-001404,DG-9d8c5b299c46,0,0.531423032283783,0.5314230452789543,-0.0022706016681026675,-0.002270588672931284,0.00036523456499653115
VTM-001408,DG-6f22414d452c,0,0.4600163996219635,0.4518055119149124,-0.10476124272959397,-0.11297213043664506,-0.29617809337582157
VTM-001415,DG-286bfbcd0cb7,0,0.441230446100235,0.44123042955367714,-0.23603000649716654,-0.2360300230437244,-0.5296093021641487
VTM-001420,DG-2f7d50c89aba,0,0.5390357375144958,0.5390357456970623,-0.024555912284067283,-0.02455590410150088,-0.016188371512699206
VTM-001428,DG-454da558e0e0,0,0.4858594238758087,0.4858594299009355,-0.0010419891350829102,-0.0010419831099561239,-0.00016145106428029808
VTM-001432,DG-668b070a887b,0,0.5356482863426208,0.5356482800881488,-0.04314057325904741,-0.04314057951351946,-0.057209022883227205
VTM-001433,DG-50cf22285a56,0,0.44355905055999756,0.4432072478714549,-0.41729819197081075,-0.41764999465935343,-0.5560988604234032
VTM-001439,DG-aabadf50dc5b,0,0.4676705300807953,0.4538936395400042,-0.2017551210629298,-0.21553201160372087,-0.4818044609550031
VTM-001440,DG-f044bc48bd6e,0,0.5104643702507019,0.5104643875301227,0.00011519330218301427,0.00011521058160379738,1.0178819258075383e-05
VTM-001444,DG-4a14bde0dc14,0,0.47791287302970886,0.47791285815762613,-0.013919308584902923,-0.013919323456985655,-0.010135215153524259
VTM-001446,DG-a6896b91369f,0,0.5644769668579102,0.5644769641676434,0.0018727892960821446,0.0018727866058153575,0.001126705190342962
VTM-001448,DG-74a383de0a9f,0,0.4197266399860382,0.405025942989153,-0.1520672590359966,-0.1667679560328818,-0.4507795959750264
VTM-001470,DG-244379d19690,0,0.45570439100265503,0.4557578530990916,0.21215280427477617,0.21220626637121276,0.42821503700126934
VTM-001473,DG-425718fccbac,0,0.448230117559433,0.4482301187111059,0.0328975651956393,0.032897566347312224,0.028793463001992033
VTM-001494,DG-d131a7d522dd,0,0.4747786819934845,0.47477867273298585,-0.17120112299411094,-0.1712011322546096,-0.43986223214598813
VTM-001496,DG-444376217f6b,0,0.5302464365959167,0.5302464138620105,-0.05821421570163032,-0.058214238435536525,-0.10359020347260542
VTM-001506,DG-80353362e4dc,0,0.45490577816963196,0.45490576959610257,-0.011335911968088863,-0.01133592054161825,-0.009272151533099305
VTM-001508,DG-b60b684846fa,0,0.49803733825683594,0.49803732382155813,-0.07606420463433505,-0.07606421906961286,-0.17712540852811537
VTM-001517,DG-224a3fbe0b5f,0,0.5480318069458008,0.548031784516478,-0.029246869995306457,-0.02924689242462919,-0.022488949028914285
VTM-001518,DG-77f2b0f2aef0,0,0.47726672887802124,0.48244702989507626,0.03702673450678334,0.042207035523838365,0.04508790698543995
VTM-001533,DG-6493c93692dd,0,0.5526205897331238,0.55262060268794,-0.0007012706166655835,-0.0007012576618493638,0.00027843823543239737
VTM-001536,DG-8f554cec9c64,0,0.4384569823741913,0.4384569582400272,0.12028290878201703,0.12028288464785292,0.2844221346415233
VTM-001543,DG-41c18e50dca1,0,0.2892014980316162,0.2861251663675143,-0.09984852145104028,-0.10292485311514221,-0.43898583485176373
VTM-001548,DG-2731177df08b,0,0.3693956136703491,0.35107600357602775,-0.5255575272489291,-0.5438771373432505,-0.6305746628027546
VTM-001549,DG-e6c0b993fa55,0,0.5660908222198486,0.5660908200427853,-0.0005077318926623997,-0.0005077340697257071,0.00026257656651080055
VTM-001554,DG-11e78f43169e,0,0.43224990367889404,0.4322499043507231,-3.654202526753858e-05,-3.6541353438501734e-05,-2.0231472145317512e-05
VTM-001560,DG-c7010f2db56a,0,0.4752170443534851,0.475217040480391,-0.00033979773568004745,-0.00033980160877417065,-7.217395606605783e-05
VTM-001564,DG-f43dafc097c0,0,0.5129777193069458,0.5129777322130699,-0.04620881839170088,-0.04620880548557682,-0.07256172269858543
VTM-001570,DG-468497d8c220,0,0.4757492244243622,0.47574922242761364,-0.0003697585324813901,-0.0003697605292299344,-7.739605687879307e-05
VTM-001576,DG-1274a7ba9e21,0,0.45830726623535156,0.4583072674961781,-0.015460568124504692,-0.015460566863678138,-0.014680278277785333
VTM-001583,DG-867d11852dba,0,0.5051935911178589,0.505193605318995,-0.0008832195111204699,-0.000883205309984314,5.491026936233084e-06
VTM-001589,DG-694577e95eac,0,0.4892147183418274,0.4892147296190438,-0.00017262457061673064,-0.0001726132934003477,-1.6094310517245626e-05
VTM-001603,DG-f9363c587611,0,0.5449923276901245,0.5449923165483642,-0.0012406776689806165,-0.0012406888107409086,0.0003876968779791529
VTM-001609,DG-05f42628d61d,0,0.4258148670196533,0.42581485973308775,-0.1150864398116872,-0.11508644709825278,-0.3528574500515878
VTM-001611,DG-ed9f565022bf,0,0.5070887207984924,0.5070887289579182,-1.3096302345361188e-05,-1.3088142919559509e-05,7.359745409406119e-07
VTM-001615,DG-584bddf322a6,0,0.5040731430053711,0.5040731330029574,-6.0362916309730785e-05,-6.037291872340589e-05,1.8212997806168694e-06
VTM-001623,DG-81324115a526,0,0.3833475708961487,0.3833475757292916,-0.00012026262434872148,-0.00012025779120578006,-0.00011933184532901867
VTM-001626,DG-a91e64d28dd1,0,0.4755033850669861,0.47430939642390174,-0.11457418657378593,-0.11576817521687027,-0.31625099835686743
VTM-001627,DG-3e1af399e359,0,0.4043779671192169,0.4041119372945151,-0.3048450412247963,-0.3051110710494981,-0.5868652670741145
VTM-001628,DG-159119d8287a,0,0.5305564999580383,0.5272033841759516,-0.15332752424338025,-0.156680640025467,-0.3721007190148749
VTM-001630,DG-5b635ad2eae6,0,0.604208767414093,0.6042087608161026,-0.11434567293619247,-0.11434567953418284,-0.2511639845554058
VTM-001641,DG-eafcfd0f5cc8,0,0.5608623623847961,0.5608623484906808,-0.05171905332878024,-0.05171906722289554,-0.07382801267781186
VTM-001647,DG-ae5736a445f1,0,0.4887866973876953,0.488786727596821,-0.0044119197646631525,-0.0044118895555374515,-0.0011740324945638035
VTM-001650,DG-8c7be162576e,0,0.5276610851287842,0.5276610895426541,-0.04771976783399712,-0.04771976342012718,-0.07233728689068228
VTM-001662,DG-a1f03bb92294,0,0.4303867518901825,0.42748924306570546,-0.027497959010121364,-0.0303954678345984,-0.04502218006808746
VTM-001666,DG-b2cb86b0a2ba,0,0.5220956802368164,0.5220956639636918,-0.0036150821042764125,-0.003615098377401038,0.00011553050918144229
VTM-001691,DG-ef5372e86c10,0,0.48907485604286194,0.4890748204367802,-0.012040017222282762,-0.012040052828364511,-0.0068037142913175835
VTM-001702,DG-af302416b1ed,0,0.41625916957855225,0.41625919618291357,-0.04090638679512293,-0.040906360190761604,-0.09004787873105649
VTM-001704,DG-631a30e718e6,0,0.46714267134666443,0.4671426767716412,-0.0014971518271035267,-0.001497146402126781,-0.0004855417555413877
VTM-001705,DG-4a485c4be585,0,0.5568521022796631,0.5568520763139909,-0.0005563703336054493,-0.0005563962992776172,0.00024368077346486214
VTM-001717,DG-aa0e57b75823,2,0.31675276160240173,0.3167437840987657,7.396687003569102e-05,6.498936639964814e-05,-0.0001249740287607989
VTM-001720,DG-8e9ca2b07abd,2,0.42532670497894287,0.42164937062484337,0.12387452840631696,0.12019719405221746,0.2871406767581688
VTM-001733,DG-010132fe3eab,2,0.4055212736129761,0.40394244531958046,0.022580626079364563,0.021001797785968945,0.004034484722707412
VTM-001739,DG-ce5e62b22d2c,2,0.36986950039863586,0.3719338633315781,0.08789144580862845,0.08995580874157066,0.16764140526634924
VTM-001749,DG-7ba47f77b4da,2,0.3946802318096161,0.394589256692818,0.04885029495427734,0.048759319837479276,0.053607444426364094
VTM-001750,DG-610bbf088924,2,0.42052915692329407,0.4205459906047696,-9.361169010663195e-05,-7.677800863109541e-05,-6.142469906419188e-05
VTM-001751,DG-6f75e449c63c,2,0.4547095000743866,0.4530235681733176,4.603316534995683e-05,-0.0016398987357190142,-1.6730870776713716e-05
VTM-001752,DG-127c5becfa85,2,0.37689605355262756,0.37692191103625566,-0.00041383079712353776,-0.00038797331349543773,-0.0004415167146637042
VTM-001753,DG-971faca6d85b,2,0.31019970774650574,0.3101951514012449,0.17959124067261145,0.1795866843273506,0.2985258227827789
VTM-001756,DG-850d58aa5a81,2,0.3225974440574646,0.3225991653736178,-0.00011200609058970024,-0.00011028477443647544,-0.00018249442323172547
VTM-001769,DG-0bcc3f28e43c,2,0.267638236284256,0.26741472712956016,0.005189439396106221,0.004965930241410399,-0.010598969409066523
VTM-001771,DG-25a6377f227f,2,0.4000212848186493,0.3996762602119958,0.03327380805019975,0.03292878344354627,0.018967071270996033
VTM-001779,DG-5bdc7785871c,2,0.3081916570663452,0.308191660150337,0.0009062178836705126,0.0009062209676622968,-0.0015865683527647887
VTM-001783,DG-c613ce9c4c4b,2,0.2937486171722412,0.29374068848870055,0.0004872159209702298,0.0004792872374295709,-0.0009554145974202163
VTM-001785,DG-9288a497100b,2,0.2485080510377884,0.24850803784934627,0.06819103747979799,0.06819102429135587,0.08960319485696323
VTM-001789,DG-66ae62891c94,2,0.36463335156440735,0.36463334385080975,0.01419788212606099,0.014197874412463396,-0.007221191768839463
VTM-001792,DG-a99e91c5bfe9,2,0.38526982069015503,0.3853099976294819,-0.006110202947987586,-0.006070026008660689,-0.007548181866263483
VTM-001796,DG-9432470c2889,2,0.24113404750823975,0.2411170425996301,0.0005424065638584274,0.0005254016552487806,-0.0015138019788908926
VTM-001806,DG-4554b17fa6ff,2,0.2589511275291443,0.25893465005565836,0.1514351847948046,0.15141870732131868,0.24702621058840896
VTM-001809,DG-4526435e80c4,2,0.4502536952495575,0.45025035588898454,-0.3371382773364012,-0.3371416166969742,-0.5465966029577145
VTM-001813,DG-0656bc78bbbc,2,0.18537968397140503,0.18537956094719457,0.00011879554445431983,0.0001186725202438621,-0.0004935678854148748
VTM-001816,DG-f89ac035b99d,2,0.36159518361091614,0.36159942299335357,0.17243325418386943,0.17243749356630686,0.33030425615081577
VTM-001840,DG-d5ecbb1455be,2,0.37802064418792725,0.3678382189502625,0.09486263473355133,0.08468020949588656,0.1910998238061716
VTM-001845,DG-057c811fb670,2,0.4921075999736786,0.49210759517274305,0.13490207053858327,0.13490206573764774,0.34899154145191813
VTM-001851,DG-4dd61385b526,2,0.3634130358695984,0.36391778847503214,0.193236054704911,0.19374080731034476,0.34575568470178
VTM-001859,DG-ba7b9f1cc9cc,2,0.23014499247074127,0.23014512044010307,-8.055442457718942e-05,-8.042645521538772e-05,-0.0002458666170297221
VTM-001876,DG-8c72cac79f14,2,0.37416332960128784,0.37422941481981103,-0.0008441582186604069,-0.0007780730001372138,-0.0009393073657413987
VTM-001880,DG-0c2c32345cbc,2,0.3115101754665375,0.31154106006951054,-8.566154689348959e-05,-5.477694392042043e-05,-0.00015095586704894713
VTM-001882,DG-cef1923f3eb8,2,0.32901057600975037,0.32901059025902873,1.5343704302284156e-05,1.5357953580652506e-05,-2.375682336866387e-05
VTM-001884,DG-d52d3cee2c5b,2,0.29255184531211853,0.29255124016176065,4.2070159528839746e-06,3.6018655950043055e-06,-8.432666100785096e-06
VTM-001886,DG-d93679576e50,2,0.35588493943214417,0.35586436114110154,-0.0006517974359251943,-0.0006723757269678221,-0.0008394079967186484
VTM-001898,DG-79e0cb6f31fc,2,0.28998732566833496,0.28894998556787155,0.017548535431278933,0.01651119533081552,-0.017734795767920458
VTM-001907,DG-cbd1d644e224,2,0.26654115319252014,0.2661977369970902,0.0033527571341614992,0.003009340938731564,-0.007296302768258319
VTM-001912,DG-50ac63826a63,2,0.38945505023002625,0.38680346888918615,0.014541119403064406,0.011889538062224314,-0.0041867421775001
VTM-001917,DG-1adc2975ca14,2,0.28553101420402527,0.2855324994248254,9.582320617901319e-05,9.730842697913689e-05,-0.00020094696652197083
VTM-001926,DG-626b3387031b,2,0.21883228421211243,0.21851923785049746,0.0035696335021713765,0.003256587140556405,-0.010703958632771404
VTM-001927,DG-92fc0b344988,2,0.23669347167015076,0.2366783219375147,0.00012854013129651176,0.00011339039866045675,-0.0003734707444010448
VTM-001931,DG-9a7c40e86541,2,0.2867509722709656,0.2651144855228597,0.24601523405552223,0.22437874730741636,0.2866664476674273
VTM-001934,DG-d731a842ed14,2,0.39557090401649475,0.39557296763656147,0.03718423271836302,0.037186296338429736,0.025712775620935026
VTM-001965,DG-011d71af5ff8,2,0.2606064975261688,0.2606117133071143,-0.0002032682380468387,-0.00019805245710136088,-0.0005077217117324555
VTM-001979,DG-7156c4bcbc36,2,0.4564075767993927,0.45640630205555877,0.007199923830578547,0.007198649086744613,-0.000425662535358927
VTM-001981,DG-9346c1ecf87a,2,0.5591663718223572,0.5591663507018803,0.3712332129696101,0.37123319184913317,0.5577268262635372
VTM-001986,DG-393057c5ae08,2,0.3955792784690857,0.3955819188834392,-0.0007503468114749556,-0.0007477063971214615,-0.0006797811475195531
VTM-001990,DG-ba6e50117e35,2,0.37852486968040466,0.37917397850570295,-0.028884927330171617,-0.028235818504873333,-0.06378560367188497
VTM-001992,DG-aebc1a6d2467,2,0.4175603687763214,0.4175828733483404,0.3271441382111652,0.3271666427831842,0.41720060803291253
VTM-001993,DG-1228f5d77dac,2,0.5186795592308044,0.5178119351680781,0.24113819338164105,0.24027056931891472,0.4966486994686844
VTM-002003,DG-14eb5ce9c63f,2,0.35755494236946106,0.3576264429483629,-0.00445767712374906,-0.004386176544847242,-0.006445812611568488
VTM-002011,DG-4940e5411e1d,2,0.3660389482975006,0.36603893533044896,0.07415124259140954,0.07415122962435788,0.12315515948727829
VTM-002026,DG-ca683a764719,2,0.3959963619709015,0.39602842260539073,-0.07765525367684112,-0.07762319304235188,-0.2430265995706282
VTM-002034,DG-eacbb5a050a2,2,0.32321178913116455,0.32317887926157657,0.0029655630052860538,0.002932653135698071,-0.0043424607299066735
VTM-002039,DG-f88ec8867b76,2,0.23001354932785034,0.23001501868794041,0.00014429997438336617,0.00014576933447343898,-0.0004383844950730708
VTM-002069,DG-44d8b6d964ce,2,0.4040895104408264,0.4040882152220754,0.000259741861582341,0.00025844664283131147,-0.00020402079414301018
VTM-002080,DG-7c56c6b508b9,2,0.4128340184688568,0.412760897066903,0.0005692633714564632,0.0004961419695026503,-0.0003956935513214804
VTM-002087,DG-32e6fcc2766a,2,0.4144337475299835,0.4144337325001934,0.11853190917966727,0.11853189414987714,0.2692401308891043
VTM-002090,DG-fcc905503996,2,0.4312419295310974,0.43124505290945453,-0.01668702307630915,-0.01668389969795203,-0.02055484861141423
VTM-002094,DG-09f569272b3d,2,0.38185206055641174,0.38185204658773764,-0.00034083866124151596,-0.00034085262991562226,-0.0003463584032088063
VTM-002100,DG-c3870fd00cd3,2,0.4118340015411377,0.40606129139444935,0.038036887715015566,0.032264177568327224,0.031290422247993936
VTM-002104,DG-8ba6f937a267,2,0.31370988488197327,0.31371111769143806,0.0001870329264207493,0.00018826573588553996,-0.0003218343849520977
VTM-002120,DG-0f4fe67e4f1f,2,0.4463089108467102,0.4463255548078099,0.18759204061342677,0.18760868457452645,0.4020290173963994
VTM-002121,DG-62520645c4b6,2,0.509263813495636,0.509336426402766,0.11060179626186994,0.11067440916899995,0.2951322132586122
VTM-002123,DG-6b30d9945f49,2,0.2938207685947418,0.2938042107888629,0.0003384905129046878,0.0003219327070257405,-0.0006662703208841945
VTM-002124,DG-80ae8a8719bf,2,0.4321935176849365,0.43219355047268804,0.003583175059168109,0.0035832078469196227,-0.0014478731438533838
VTM-002128,DG-44670c3f3cb4,2,0.47611525654792786,0.47597609416501224,0.02968612146278521,0.029546959079869595,0.02842612102371349
VTM-002132,DG-44c2c49f7110,2,0.388664573431015,0.38866456989043335,0.026318124125182973,0.026318120584601312,0.0056144051418951044
VTM-002139,DG-77494a11f479,2,0.44655171036720276,0.44655033420305396,5.738633371271673e-05,5.601016956391369e-05,-2.468675291809886e-05
VTM-002140,DG-e7e114a85ca5,2,0.46016114950180054,0.46008219536164663,0.006193592034441808,0.0061146378942879,-0.0004329666986555456
VTM-002145,DG-94b46644c49c,2,0.488834023475647,0.4887548772586559,0.0008522533380176944,0.0007731071210266283,-4.708615926518094e-05
VTM-002149,DG-03ee910220aa,2,0.4899328052997589,0.48993232266320536,-0.0008325026064417429,-0.0008329852429952989,-9.481379134227295e-05
VTM-002150,DG-ea673afe16d5,2,0.43912988901138306,0.43913029925872105,-7.869019173101233e-06,-7.458771835111566e-06,-3.892094712807795e-06
VTM-002151,DG-3516aa2a2406,2,0.5021281838417053,0.5021281957103951,0.0006586430159889467,0.0006586548846787554,2.8566217989624602e-05
VTM-002157,DG-9d11254d31e1,2,0.33544018864631653,0.33537942690991923,0.0005252105230016402,0.0004644487866043434,-0.000761829277910195
VTM-002166,DG-214b562a5596,2,0.4653734266757965,0.4653994922379211,0.2860526381233389,0.2860787036854635,0.4607049287565797
VTM-002172,DG-0ac64ff2a592,2,0.43558937311172485,0.4355893401404993,0.02196497170004369,0.021964938728818162,0.00820839568861233
VTM-002173,DG-cb146acd4741,2,0.31893661618232727,0.31893816002067443,0.0016934968275443274,0.0016950406658914896,-0.0026746919127046817
VTM-002180,DG-115bd122fa5d,2,0.37875938415527344,0.37875938875723153,0.005534189861770233,0.005534194463728326,-0.004327063490352096
VTM-002188,DG-e6aff663c7ef,2,0.36305147409439087,0.3630499773338695,-0.3979493467189461,-0.39795084347946746,-0.6354583838131383
VTM-002192,DG-b3fc3fef0228,2,0.5356239676475525,0.5356239524745597,0.2179693926066058,0.21796937743361305,0.4978827500504247
VTM-002204,DG-db13628e64be,2,0.4962807595729828,0.49582402174157114,0.008713148243000401,0.008256410411588755,0.0027670195579575867
VTM-002210,DG-d93c56bd62eb,2,0.5092910528182983,0.5092910507671867,0.2743136666585536,0.274313664607442,0.4993067291220435
VTM-002222,DG-7e23ae933b29,2,0.39310532808303833,0.3930929664118971,0.0004900478363548122,0.00047768616521359775,-0.00042868084971896606
VTM-002227,DG-9b6cbac39ae8,2,0.38540294766426086,0.38541396012245216,-0.0016098058242299262,-0.001598793366038631,-0.0016716285305240154
VTM-002229,DG-da11388b6937,2,0.4713989198207855,0.47139894431854784,0.0013597613402602793,0.001359785838022598,-0.0002377231663161031
VTM-002236,DG-a779e0a138d9,2,0.3398389518260956,0.3398386765754398,0.003953909554371193,0.003953634303715425,-0.004878995958497862
VTM-002238,DG-271ad491187d,2,0.42599421739578247,0.4254895496270015,0.0032841747393032583,0.002779506970522261,-0.0015378546646253645
VTM-002248,DG-f8a8918764f4,2,0.29231128096580505,0.2923112585449898,0.0030186028714216384,0.0030185804506063785,-0.005542838493044553
VTM-002258,DG-01925b11af31,2,0.3797256648540497,0.3797220784814047,1.8855206247669898e-05,1.5268833602699594e-05,-1.9240802566518708e-05
VTM-002263,DG-6ca740ed7623,2,0.3017832934856415,0.3018539414126386,0.0009409468445910618,0.0010115947715881868,-0.0017218974940839953
VTM-002266,DG-ef468a7944b5,2,0.4883072078227997,0.48764675286804837,0.08690443363503658,0.08624397868028527,0.20795134324783218
VTM-002279,DG-6d36ff1d0d07,2,0.3225952684879303,0.3225987827046478,-0.0002654902661227698,-0.00026197604940525476,-0.00043465455219446607
VTM-002281,DG-795e171f6ae3,2,0.4975856840610504,0.49758568638930256,0.1512636474354907,0.15126364976374285,0.38664214279176284
VTM-002296,DG-1366f26ef1fd,2,0.2649920880794525,0.26499309934029924,0.006026487270901382,0.00602749853174811,-0.012210723059592924
VTM-002297,DG-db4581c30fc0,2,0.32826292514801025,0.32828416286150996,0.008109020999392369,0.00813025871289208,-0.009280818421262401
VTM-002298,DG-d858f96ac8a8,2,0.541088342666626,0.5410883302518471,0.45177571309364456,0.4517757006788657,0.5410325658985065
VTM-002329,DG-2dd5e508ab11,2,0.31845080852508545,0.3170289819271286,0.0073163766658572715,0.005894550067900406,-0.009432416377348
VTM-002332,DG-38294cc2f632,2,0.41947469115257263,0.419474672229644,0.005362784078540128,0.005362765155611515,-0.002336003690053703
VTM-002337,DG-a959a35e377c,2,0.2790584862232208,0.27906243127032726,0.006361057169716133,0.006365002216822568,-0.011525728818994196
VTM-002340,DG-5340adabea4c,2,0.34779852628707886,0.3477975675713198,2.1484748783773266e-05,2.0526033024714785e-05,-2.8809645278981844e-05
VTM-002353,DG-2cf12adc5779,2,0.3355499505996704,0.33530850727869443,0.004943109393690748,0.004701666072714772,-0.006078246452863735
VTM-002354,DG-2683fede4a3e,2,0.36341676115989685,0.36347037844213653,-0.0002570731143285987,-0.00020345583208891682,-0.0003065850704758318
VTM-002357,DG-1203ebfb9aa4,2,0.3263603448867798,0.3234623589216981,0.014517381927545758,0.011619395962464085,-0.012073884452740467
VTM-002359,DG-7615896cf8bf,2,0.4600115120410919,0.46010317388582195,0.26842449661459966,0.2685161584593297,0.45289011452004097
VTM-002364,DG-85e712a8d85e,2,0.3767660856246948,0.3767762022000581,-0.0037880001885636227,-0.0037778836132003613,-0.004614310685654818
VTM-002367,DG-75c538bc8246,2,0.4136257469654083,0.4136257581183566,0.005294218972795306,0.005294230125743593,-0.002581835521017127
VTM-002369,DG-09ec5afc7a78,2,0.4966427683830261,0.49664279911528636,0.0533485511661857,0.053348581898445935,0.09767079253952267
VTM-002371,DG-1b4319a07681,2,0.39635980129241943,0.3963717711136289,-0.0009885455363728979,-0.000976575715163408,-0.0008986743800775004
VTM-002375,DG-c841c33df7c5,2,0.4259107708930969,0.423914868207238,0.011901164767549877,0.009905262081690958,-0.0012972015995156825
VTM-002380,DG-c979864ed5c7,2,0.3620031476020813,0.3576361291533553,-0.09559711611272309,-0.09996413456144909,-0.3413994310184254
VTM-002382,DG-858bea1ff4ee,2,0.2926729619503021,0.2926794816438413,0.16378074655349326,0.1637872662470324,0.27762906741269966
VTM-002393,DG-81f423cfaf5a,2,0.45455220341682434,0.45454891183127133,0.02004714786831796,0.02004385628276495,0.008802704051729653
VTM-002395,DG-29a553290a58,2,0.3930436372756958,0.39304731970373663,8.695970380179219e-05,9.064213184262204e-05,-7.764600542849475e-05
VTM-002403,DG-d9a7dc71d818,2,0.277915358543396,0.27791766638790444,-0.00837026482321318,-0.008367956978704738,-0.022563321662668
VTM-002404,DG-be14ed4dbf4c,2,0.36032992601394653,0.36037495527755287,-0.0014421071648362815,-0.0013970779012299483,-0.0018438001510360546
VTM-002408,DG-f115420a337e,2,0.42433297634124756,0.42421441308414665,0.07510945156915771,0.0749908883120568,0.14291020099840607
VTM-002415,DG-0575685d23ba,2,0.3481619358062744,0.34816228197705407,0.0009442012826671453,0.0009445474534467979,-0.001220883827155864
VTM-002427,DG-b4b269b6ef23,2,0.28038057684898376,0.280380464693781,4.7063943300396094e-05,4.6951788097604474e-05,-0.00010232540614541158
VTM-002432,DG-39f77f72947d,2,0.3272962272167206,0.3273061938609219,-0.0002620434044782183,-0.00025207676027688697,-0.00041454767451546093
VTM-002439,DG-57a29739d889,2,0.3440471291542053,0.3440025059141899,0.0042474514236890415,0.004202828183673624,-0.004995226230106871
VTM-002448,DG-cc41cad4691b,2,0.3926040828227997,0.39486845031871876,0.013713216277949525,0.015977583773868598,-0.004096640929149137
VTM-002456,DG-18de6954ff4c,2,0.3978157937526703,0.39739554634580265,0.00019950162778931135,-0.00022074577907832404,-0.00016847599907359836
VTM-002458,DG-f4caa4ee1340,2,0.35625675320625305,0.35546055174070423,0.027831398326123524,0.027035196860574706,0.0014779561163028743
VTM-002474,DG-3a1ad5f071f5,2,0.42116400599479675,0.4211636729012107,0.0007662607837676805,0.0007659276901816336,-0.00047099833362125885
VTM-002481,DG-4db8d0029b08,2,0.29254111647605896,0.2925414108307649,-0.0030037948587260943,-0.0030035005040201512,-0.006525513815579537
VTM-002483,DG-2e01cc7fdab3,2,0.4537755846977234,0.4605277892124709,0.23751658139569454,0.24426878591044204,0.438933127738529
VTM-002485,DG-ac7ca4f026d1,2,0.2530292272567749,0.2530286175152876,0.08035299797883849,0.08035238823735119,0.12826458445931577
VTM-002490,DG-9a8514ce87fc,2,0.39728447794914246,0.3972851281669217,0.00025229705500096067,0.0002529472727801907,-0.00021370040269083236
VTM-002507,DG-a1afa4445ba0,2,0.3470478057861328,0.3470465456110628,8.547912693873672e-05,8.421895186871975e-05,-0.00011504270746660932
VTM-002515,DG-096f835925c1,2,0.4803478717803955,0.48034788630982966,0.20556008731538294,0.2055601018448171,0.4431569934783823
VTM-002516,DG-de8e1b91b0ce,2,0.42483076453208923,0.4251480149410171,0.11346647778236352,0.1137837281912914,0.2605480600386205
VTM-002522,DG-2f6453b96467,2,0.4742452800273895,0.4742418693799149,-0.019857172029614734,-0.019860582677089345,-0.019534663546248707
VTM-002523,DG-cfd25ea9a9e2,2,0.49073830246925354,0.4886553732319367,-0.021598803517418497,-0.02368173275473534,-0.019785460583471717
VTM-002543,DG-09e214357bb1,2,0.3952814042568207,0.39005230879459135,-0.2404926989438072,-0.24572179440603653,-0.574366138849496
VTM-002545,DG-ea488893c67f,2,0.33118757605552673,0.33118759005172055,-0.2616476754000977,-0.2616476614039039,-0.646742646361764
VTM-002549,DG-f8576d0d90cc,2,0.48205602169036865,0.4761372770614307,-0.1875650711533574,-0.19348381578229534,-0.4555418268368456
VTM-002561,DG-67e1e1437c90,2,0.3568114936351776,0.3567959549315155,0.015416554226862667,0.015401015523200556,-0.007981634107442976
VTM-002568,DG-bb3f77900956,2,0.38521766662597656,0.38637301070950253,-0.013915467847386065,-0.012760123763860098,-0.021764450466280404
VTM-002573,DG-00d7b7a2647a,2,0.3730959892272949,0.37309725219138956,-0.00021041589739817512,-0.0002091529333035358,-0.00023032613280930432
VTM-002589,DG-44e184b9448d,2,0.30540305376052856,0.30540317196031236,-0.0005162179918858367,-0.0005160997921020427,-0.0009614285389565948
VTM-002606,DG-a5d3626a511a,2,0.4334031343460083,0.4334031476148565,-0.0001534629194842041,-0.00015344965063601723,-8.421066582553572e-05
VTM-002613,DG-cfa45201f2e9,2,0.28760021924972534,0.28760105366770133,0.0012680671305750346,0.0012689015485510269,-0.0025364684881876193
VTM-002625,DG-73e72e9a7d90,2,0.400156170129776,0.40181758575521803,0.07298280787226424,0.07464422349770627,0.12844096904097577
VTM-002626,DG-1304c5c5fd40,2,0.35985714197158813,0.3598153162700506,0.0005170921613905644,0.00047526645985301874,-0.0006167505859041982
VTM-002631,DG-2295225383f4,2,0.4173233211040497,0.41732473181702034,-0.00042419284165740034,-0.00042278212868673837,-0.00029601662597640674
VTM-002636,DG-d0a72174c21a,2,0.42433688044548035,0.4235140855820118,0.003031366256399881,0.0022085713929313466,-0.0014937781569802943
VTM-002650,DG-c4a28c8e8be4,2,0.32413536310195923,0.323279702848794,0.08186154290636535,0.0810058826532001,0.13920370144770045
VTM-002652,DG-86da809bb117,2,0.3326936364173889,0.3326932780414858,1.8790699711779268e-06,1.5206940680578818e-06,-2.8319709756364593e-06
VTM-002660,DG-52323faa1a0c,2,0.43971672654151917,0.4448000971256253,0.30521716693656686,0.310300537520673,0.43806349545901724
VTM-002664,DG-cc5aba42f1b4,2,0.4136640131473541,0.41365749344153724,3.919108799277371e-05,3.2671382175886166e-05,-2.7835800681084924e-05
VTM-002668,DG-35b0a7cafb0f,2,0.4099772274494171,0.40997148819166374,0.003950507692731364,0.0039447684349779855,-0.002275573992938588
VTM-002678,DG-6572cc3814d3,2,0.14429572224617004,0.14429576767452565,4.121486548713804e-07,4.5757701047643984e-07,-2.374604204793848e-06
VTM-002683,DG-dcc8d7f56b5f,2,0.4632115960121155,0.46220447331529985,0.014181284370616332,0.0131741616738007,0.0038923720542622746
VTM-002693,DG-8dcac0752b40,2,0.3508702218532562,0.35087020896706794,0.002278784033583503,0.00227877114739522,-0.002737300303806936
VTM-002694,DG-11524ad1dec4,2,0.356774240732193,0.35677153728148553,-0.5478596247892733,-0.5478623282399808,-0.6432100376212759
VTM-002711,DG-f6049fffd8c2,2,0.26878589391708374,0.2692095982431974,-0.001143518532745913,-0.0007198142066322522,-0.002771187204805523
VTM-002714,DG-b8da00c3c72f,2,0.24366971850395203,0.24366943897961704,0.00018091272805614844,0.00018063320372116443,-0.0005009683142515576
VTM-002719,DG-fb47cb89546d,2,0.2449050098657608,0.24490274996302885,3.043087192078353e-05,2.8170969188834327e-05,-8.389091484020642e-05
VTM-002724,DG-5acc5ecbe64b,2,0.40739715099334717,0.40739714020082185,0.01563970196732456,0.015639691174799242,-0.001532953817049209
VTM-002744,DG-aa11d9b1332d,2,0.3809340298175812,0.3809340960379544,-7.309309774661266e-07,-6.647106042256823e-07,-7.381103366410853e-07
VTM-002759,DG-7a64c18b81e2,2,0.37884625792503357,0.37884624879905465,-0.01728442489276666,-0.017284434018745576,-0.03055007480256404
VTM-002760,DG-293ba932d10e,2,0.37352627515792847,0.37355387486726255,-0.0002888405127055571,-0.00026124080337147637,-0.000315981081556875
VTM-002762,DG-4eb14b327eab,2,0.3971186876296997,0.39711631275237225,6.2533937596476186e-06,3.8785164321875065e-06,-5.372710523958354e-06
VTM-002773,DG-be5bd8e717d0,2,0.3406326174736023,0.3406322341221147,0.0016250744131641182,0.0016246910616765087,-0.0021775127896667963
VTM-002779,DG-5ab0d223c70d,2,0.3459157645702362,0.34591661421221914,1.0795576871336365e-07,9.575977516496081e-07,-1.4703758857576894e-07
VTM-002780,DG-a6e0680f255f,2,0.46470728516578674,0.4640169343736547,-0.0036985883415476817,-0.0043889391336797146,-0.0016003549128107736
VTM-002788,DG-930b91d65f69,2,0.43216946721076965,0.4321694714960003,0.004060462156457223,0.004060466441687893,-0.0015610661057207991
VTM-002796,DG-346eb2f923bc,2,0.2243812531232834,0.22438222894466955,-0.0003982977311516034,-0.0003973219097654357,-0.0012738452133788801
VTM-002804,DG-5b2f682dab2f,2,0.3104294240474701,0.3104294211141858,-1.0731119605977835e-05,-1.073405289025997e-05,-1.9012698611492932e-05
VTM-002805,DG-36420c66761c,2,0.25537240505218506,0.25537294243622694,-2.3462199511548043e-06,-1.8088359092782724e-06,-6.0369439046198475e-06
VTM-002812,DG-6f57db62359f,2,0.36668485403060913,0.36666404597449803,-0.0004019542165296097,-0.00042276227264070876,-0.0004688796513984468
VTM-002813,DG-cb0236ce7e72,2,0.2927894592285156,0.2927922570283273,-0.00045991790105354147,-0.0004571201012418813,-0.0009323807070146252
VTM-002815,DG-29cc61905c9b,2,0.2872897982597351,0.28728064261429853,0.046685994382629215,0.04667683873719264,0.02529091344540799
VTM-002816,DG-b37fff84d69a,2,0.32883700728416443,0.3288366752572443,0.00022011942762373282,0.00021978740070360825,-0.0003389907040878431
VTM-002820,DG-6a08d2b8ad64,2,0.35909169912338257,0.3592050327122233,-0.04596593008953859,-0.04585259650069784,-0.13617101095048567
VTM-002828,DG-de0572eb5662,2,0.3144409954547882,0.31442124268493926,8.191619767372593e-05,6.216342782477957e-05,-0.00014067441849608759
VTM-002830,DG-85c34708e77d,2,0.1944810152053833,0.1944804786740586,0.008691849278633729,0.008691312747309027,-0.02646820747659322
VTM-002845,DG-ef0103ff00b8,2,0.49272722005844116,0.49188496817250377,0.05649700665179114,0.05565475476585374,0.1063838232803394
VTM-002847,DG-8d7427a40b6e,2,0.29951006174087524,0.29951073650270343,0.029775110118319736,0.029775784880147926,-0.007204837386953706
VTM-002863,DG-7ce276205cbb,2,0.44799941778182983,0.46431450787203493,-0.015874734409906166,0.0004403556802989317,-0.016719008814112583
VTM-002867,DG-537a200305ea,2,0.3124278485774994,0.3124291317337669,-1.7286450607056913e-06,-4.454887931881757e-07,-3.018970032081426e-06
VTM-002884,DG-36db9fb0e1c5,2,0.3145991861820221,0.3145990659066527,2.6861571439384946e-06,2.5658817745521922e-06,-4.618865991245024e-06
VTM-002891,DG-c8e84766f2bb,2,0.4144062101840973,0.4129532344216959,0.010754774349569063,0.009301798587167676,-0.002680773367647053
VTM-002901,DG-f38dd9106920,2,0.5243990421295166,0.5244050403268633,0.2133961146852475,0.2134021128825942,0.48499920059525015
VTM-002903,DG-9df1523f31a7,2,0.43101683259010315,0.4310128875871399,0.0028684658915673067,0.0028645208886040607,-0.0012723296375291046
VTM-002911,DG-adbc944c34ee,2,0.3070506751537323,0.3070508648974261,-9.99795168010742e-06,-9.808207986294892e-06,-1.8138484805641156e-05
VTM-002913,DG-c5ab8382f791,2,0.327468603849411,0.3274687042794863,-5.172172201639569e-06,-5.071742126327994e-06,-8.10514903852952e-06
VTM-002926,DG-5e6ff28a8fff,2,0.46806958317756653,0.4680695655775858,0.0012877043012826106,0.00128768670130186,-0.00026343805428977613
VTM-002927,DG-6ed53bfc2137,2,0.3777409791946411,0.377737676152346,2.4799150804610814e-05,2.149610850948891e-05,-2.5770288408016137e-05
VTM-002939,DG-f86b88566a6b,2,0.42258283495903015,0.422503169653764,0.0006515502741756274,0.0005718849689094752,-0.0003956908067830593
VTM-002953,DG-2a9f236de2cb,2,0.4247068762779236,0.4117818380008954,0.27353124104187226,0.2606062027648441,0.42102835583784276
VTM-002961,DG-6ef7104f996e,2,0.4043201506137848,0.4043211781373199,-0.011042364327238263,-0.011041336803703172,-0.013886823173696638
VTM-002974,DG-ee0d93b4732a,2,0.5408430099487305,0.5408937673124167,0.37974316888560844,0.37979392624929464,0.5399643576624286
VTM-002981,DG-a09ec884dd5a,2,0.35619351267814636,0.3561974494805454,0.050330857898528814,0.05033479470092783,0.04837764077647296
VTM-002985,DG-663ed4019e36,2,0.5087605714797974,0.5018034974146879,0.15389818547871786,0.14694111141360838,0.3991937916147576
VTM-002988,DG-1059d2c358ba,2,0.428164541721344,0.4281645190898926,-0.002125665790668474,-0.0021256884221198535,-0.0014345935219597992
VTM-002999,DG-c588f1da9877,2,0.49741697311401367,0.49742429735130694,0.22504660830758055,0.22505393254487382,0.4700973500170018
VTM-003003,DG-456053c7ef6c,2,0.3393474221229553,0.3393451493500373,0.008049026011367255,0.008046753238449222,-0.008337509522737374
VTM-003009,DG-aa6de77960c1,2,0.3761975169181824,0.3761277933785014,-0.013100640390607876,-0.013170363930288864,-0.021283583587224732
VTM-003017,DG-bf74042cc76f,2,0.3540000915527344,0.35400285482462074,-1.641605836655291e-05,-1.3652786480189416e-05,-2.097383817076107e-05
VTM-003019,DG-0a197db44109,2,0.4231109917163849,0.4230681194573821,-0.003353582594335547,-0.0033964548533383376,-0.002580697894573635
VTM-003020,DG-02d73309fca1,2,0.4596618413925171,0.4598580381527776,-0.0011800716412398993,-0.0009838748809793962,-0.00043963515923816087
VTM-003029,DG-ceac563d85f3,2,0.4634675979614258,0.46346760236159185,0.005823778468988738,0.005823782869154803,-0.000340320105483626
VTM-003033,DG-075c04db5de8,2,0.4227875769138336,0.4228171746060256,-0.00017226586975904734,-0.0001426681775670846,-0.00011024761989489959
VTM-003047,DG-c9ed3307a494,2,0.3996683955192566,0.3996683857729724,0.007874781717281287,0.007874771970997119,-0.0038974275493165607
VTM-003048,DG-1f253b30a983,2,0.4876963794231415,0.4881530198590924,0.08928814109611016,0.08974478153206106,0.21566471796286515
VTM-003062,DG-1ca27556bc4a,2,0.4707128703594208,0.4706870139168135,-9.677355038278934e-05,-0.00012262999299006427,-2.3128733042024057e-05
VTM-003068,DG-b4cbb6606ee9,2,0.4437812864780426,0.44377853287566105,0.0009570813230114217,0.0009543277206298661,-0.00039844633103063433
VTM-003069,DG-869a5b4e6dee,2,0.4403359293937683,0.44031751588029305,-0.006846848974342956,-0.006865262487818213,-0.005225185904510162
VTM-003072,DG-f1fc7e5783a6,2,0.4561685621738434,0.44928845416929153,0.11382010595441944,0.10693999794986758,0.2757988636854088
VTM-003083,DG-d53b64bfb663,2,0.4219518005847931,0.4217468173397291,-0.2394248951770941,-0.2396298784221581,-0.548961977079499
VTM-003090,DG-8273f7525851,2,0.4214937090873718,0.4214936798703028,0.0030179192021198564,0.0030178899850508145,-0.0015613134934415417
VTM-003093,DG-a3f649c3237f,2,0.41525688767433167,0.4152568569790273,0.0038644128072748973,0.0038643821119705435,-0.0020657362958281895
VTM-003097,DG-76a6139445d2,2,0.3717727065086365,0.3717674518848053,2.2761904592882853e-05,1.7507280761719368e-05,-2.4969933643427673e-05
VTM-003104,DG-da9bceddce01,2,0.46893587708473206,0.46893588033177913,0.2452884112605686,0.24528841450761568,0.45483107939945644
VTM-003105,DG-abc3d30eb0e2,2,0.3872310519218445,0.38722754665047737,0.00016245976476131352,0.0001589544933942033,-0.00015325791066168437
VTM-003113,DG-5e253140f333,2,0.27642834186553955,0.27534540014134473,0.013134062827186654,0.012051121102991835,-0.01868975181149774
VTM-003132,DG-0188c994b07e,2,0.4795367419719696,0.47956380446336755,2.5510751114787844e-05,5.257324251273232e-05,-4.157160779876682e-06
VTM-003146,DG-8ea278d0c655,2,0.47387975454330444,0.4738797353340902,-0.31101385774702206,-0.3110138769562363,-0.5213190510611163
VTM-003149,DG-fc83cffa4f04,2,0.45643752813339233,0.45643907867372735,0.07386636999689339,0.0738679205372284,0.1502852890903784
VTM-003173,DG-45121222ffdd,2,0.3716520071029663,0.37165293819755796,-0.018084418935896518,-0.01808348784130487,-0.03396212471219038
VTM-003179,DG-777cd0d6ed52,2,0.375393271446228,0.3753932378422756,1.2845177748077585e-05,1.2811573795623588e-05,-1.3645287497068779e-05
VTM-003183,DG-673df7c6f861,2,0.4867810308933258,0.48677053435182155,-0.0038998673403227158,-0.003910363881826973,-0.001020972382617059
VTM-003193,DG-bc4d4e5f1415,2,0.34762394428253174,0.3476238054432893,7.164146050842035e-07,5.775753626480196e-07,-9.627031941811097e-07
VTM-003200,DG-ea0d98b398c4,2,0.439407616853714,0.4393002324112281,0.0006484117648057897,0.0005410273223199202,-0.0003017156153526344
VTM-003202,DG-30388bca292b,2,0.45868945121765137,0.45872323548820265,-0.0023851707692010282,-0.0023513864986497435,-0.001023721704971584
VTM-003208,DG-48fbc4963d78,2,0.5074998140335083,0.5074998028528774,0.2958604971715222,0.2958604859908913,0.5016580471303093
VTM-003211,DG-102973d1cb14,2,0.360036700963974,0.3599482098768651,0.006707453073890923,0.006618961986782024,-0.00604346261158623
VTM-003215,DG-601562780f38,2,0.422815203666687,0.42291722973133444,-0.1875551151419529,-0.18745308907730546,-0.5046310322754842
VTM-003220,DG-918c6fd3dc2d,2,0.4648823142051697,0.4648823364466498,0.2389620013195949,0.23896202356107502,0.4490339342903835
VTM-003231,DG-6995dbbac0ac,2,0.3926256000995636,0.39277539712389553,-0.004333971498029665,-0.004184174473697733,-0.00471529137979905
VTM-003240,DG-79aa959c20d1,2,0.43263450264930725,0.432590193050263,0.0008336162739130959,0.0007893066748688726,-0.0004288136923476391
VTM-003246,DG-c53a730a679e,2,0.38547199964523315,0.3854725527707847,-2.3430222380826926e-05,-2.287709682929906e-05,-2.2680218196112907e-05
VTM-003248,DG-75da155f5b16,2,0.4481362998485565,0.447770659987066,0.10639138377325497,0.10602574391176445,0.2509495855766504
VTM-003253,DG-1165bf5815cf,2,0.3678266108036041,0.3678264145430489,3.0411304092869962e-05,3.0215043537618058e-05,-3.453024845231812e-05
VTM-003254,DG-37611f052879,2,0.40980443358421326,0.40980760534036115,0.026991695621674805,0.026994867377822696,0.010485506011350227
VTM-003258,DG-68d55f8d2c17,2,0.41973599791526794,0.41973600392628374,-0.007399964484933463,-0.007399958473917667,-0.007149578155518629
VTM-003275,DG-f7dd7178a876,2,0.4087677299976349,0.40873353759574604,0.044017247778445234,0.04398305537655639,0.044617927552777166
VTM-003280,DG-84eaf4d5c5e2,2,0.3812439739704132,0.3812401577368637,6.416869022596305e-05,6.0352456676460164e-05,-6.44250970439205e-05
VTM-003298,DG-62cf4a564061,2,0.45771586894989014,0.45779584802643736,0.29768191932753985,0.29776189840408707,0.4547628136209303
VTM-003300,DG-c76504e937e0,2,0.2827816903591156,0.2827817103620426,-0.000483432154959218,-0.00048341215203223653,-0.0010491676030450025
VTM-003301,DG-41960b3d802f,2,0.3927653133869171,0.3927590259187463,0.0007300440619507631,0.000723756593779934,-0.0006332540872776171
VTM-003303,DG-f8801cb3d0e9,2,0.5344582796096802,0.5344242894113957,0.3478863378555138,0.3478523476572294,0.5324407183899492
VTM-003304,DG-02ff19e6fcd6,2,0.3526839315891266,0.3485230788124369,0.044084554279279264,0.03992370150258956,0.03151495009462597
VTM-003313,DG-8bd54eb74226,2,0.4459896981716156,0.4459926835275651,-0.03790009607876721,-0.037897110722817706,-0.06974353340846551
VTM-003314,DG-72232b60282b,2,0.3989241123199463,0.3989707900138065,0.13453547138242677,0.13458214907628696,0.2982833685734868
VTM-003327,DG-7aed05545fb7,2,0.39502668380737305,0.3951873969562104,-0.00890570181288447,-0.008744988664047104,-0.011209256784076383
VTM-003330,DG-7de22ea78336,2,0.439296156167984,0.43933483572872284,0.019928302883878868,0.019966982444617698,0.0063873604500966855
VTM-003351,DG-c66acd53e273,2,0.4280669391155243,0.4280709253937393,0.000891443013994575,0.000895429292209593,-0.0004908038324876525
VTM-003352,DG-d9ec8ac77012,2,0.4529189169406891,0.45281424761439304,0.04506120171723249,0.04495653239093644,0.059126642212574375
VTM-003355,DG-0ff97a478f50,2,0.36458516120910645,0.3645800914032816,7.551230568059175e-05,7.044249985577178e-05,-8.801728874163676e-05
VTM-003358,DG-3feac2671ff7,2,0.45680609345436096,0.45713183529903784,-0.006748106633166107,-0.006422364788489232,-0.004184652350137009
VTM-003362,DG-cf3893780547,2,0.4076315462589264,0.404190932660787,0.0009484747879760502,-0.002492138810163358,-0.0006872888474258804
VTM-003364,DG-48e3ce7b6031,2,0.369320809841156,0.36932079441226534,-0.005001127384635262,-0.005001142813525927,-0.006737144864065477
VTM-003367,DG-4c3c7cec143e,2,0.42481285333633423,0.42481284870234826,0.0027257572560590027,0.00272575262207303,-0.0013671166436577315
VTM-003373,DG-dbd8b9f46243,2,0.32669663429260254,0.3266935207869127,0.0001439409973268413,0.0001408274916370189,-0.00022576684751770366
VTM-003378,DG-944d9793c2a6,2,0.3334836959838867,0.3334761459428872,0.010875149164875086,0.010867599123875582,-0.010342786206379392
VTM-003379,DG-fedf01e49b19,2,0.33063673973083496,0.33063603876935554,-0.48952747736736846,-0.4895281783288479,-0.6691641596563944
VTM-003381,DG-cf05569ad910,2,0.26760056614875793,0.26760273630580933,-0.00023970073077850262,-0.00023753057372710717,-0.0005720340466080529
VTM-003387,DG-5d12ab6292cb,2,0.19289806485176086,0.19289798443395492,2.6114749996447584e-05,2.6034332190505438e-05,-0.00010295984754610964
VTM-003396,DG-5936710544ee,2,0.22322258353233337,0.22322247203487972,0.0022802491694972615,0.002280137672043603,-0.006869346723297064
VTM-003399,DG-d35f09955ad9,2,0.20423278212547302,0.20423270670710802,2.11867552911138e-05,2.111133692611622e-05,-7.707443872050655e-05
VTM-003400,DG-0cebdc52b8e8,2,0.3522874414920807,0.3523377070767933,0.0306084728774092,0.030658738462121804,0.0046046804916934836
VTM-003420,DG-b24d3231a5f3,2,0.4008254408836365,0.40082543993303676,0.2541126125947314,0.2541126116441317,0.39623159390121937
VTM-003423,DG-f22cc543a684,2,0.25866299867630005,0.258663760623352,-0.0008093386201892261,-0.0008085766731372734,-0.0020795259828573142
VTM-003446,DG-926b9569ba1b,2,0.2062889039516449,0.20624794822020284,0.03823088163845964,0.038189925907017586,-0.006827952531499804
VTM-003448,DG-bf8bdddc8e2a,2,0.34226569533348083,0.3422685074666711,-0.0045217875602079904,-0.004518975427017735,-0.0073143338772326425
VTM-003452,DG-6ef7bdcc7144,2,0.3853096067905426,0.38531710518512013,-0.002537468528965414,-0.002529970134387882,-0.0027402623722023365
VTM-003456,DG-1141d400a2d3,2,0.3395060896873474,0.3394765213986858,0.027766402320994144,0.027736834032332514,-0.0018419204074238392
VTM-003468,DG-364606763d91,2,0.47352173924446106,0.4735217322791303,0.25031347732801923,0.2503134703626885,0.46050824207437163
VTM-003478,DG-482a4e97289b,2,0.28748443722724915,0.28748442727770945,-1.1074421435552928e-05,-1.1084370975245061e-05,-2.298614699622214e-05
VTM-003489,DG-e6c60c30fcf3,2,0.3710513412952423,0.37105133676326296,0.00034760832819208387,0.0003476037962127365,-0.0003786625656668142
VTM-003498,DG-0af6ea4bb38c,2,0.5263661742210388,0.5263672322353821,0.09983275380899959,0.09983381182334283,0.27163297831161176
VTM-003500,DG-6acabdf5861b,2,0.2731052041053772,0.2730850000311782,0.0002148304662228373,0.00019462639202383336,-0.00048826692368728546
VTM-003507,DG-62e6345bad3e,2,0.30477088689804077,0.30477081794245453,5.556950446461428e-07,4.86739458405161e-07,-1.0240062366288936e-06
VTM-003520,DG-8a19354fc9de,2,0.34668561816215515,0.34700738208532717,0.005998282698556401,0.006320046621728415,-0.006382729511935104
VTM-003528,DG-0319c2b7a6e7,2,0.19149866700172424,0.19149869022158666,-0.00021588309029085817,-0.00021585987042843646,-0.0008648026452306368
VTM-003535,DG-802f41f8a71b,2,0.29032987356185913,0.2903298756340273,-0.0010639196595840228,-0.0010639175874158635,-0.002229440931832138
VTM-003542,DG-f66a6d6b660d,2,0.3370473086833954,0.3370609932019905,-0.0034848361365152902,-0.003471151617920165,-0.005672874399257051
VTM-003551,DG-71c87a4920ee,2,0.3744053244590759,0.37440532359844564,0.0016829274723474952,0.001682926611717206,-0.0016770494775176434
VTM-003552,DG-af4325d4d342,2,0.33328622579574585,0.3332706511324243,1.831541977009854e-05,2.740756448571524e-06,-2.7466229220426674e-05
VTM-003558,DG-e2102542987e,2,0.3692030906677246,0.36915183956084907,0.00024265722899952102,0.00019140612212398267,-0.00026988433296003115
VTM-003561,DG-ea47c40346af,2,0.33677518367767334,0.3372109101426573,-0.004629149942274036,-0.00419342347729007,-0.007804492642049811
VTM-003573,DG-f36be9e70843,2,0.26234006881713867,0.262369453611681,-0.0006610091317311717,-0.0006316243371888297,-0.0016513554072301877
VTM-003574,DG-61791184ee81,2,0.2720903158187866,0.27208455555627836,0.0010127914980329056,0.001007031235524647,-0.0022680155802396814
VTM-003576,DG-e3a0a958b48c,2,0.32535120844841003,0.32535091826608653,9.270033174130221e-05,9.241014941779868e-05,-0.000147083449772079
VTM-003579,DG-b05b9830802b,2,0.3080773949623108,0.3080780980282567,-0.00163951384239025,-0.0016388107764443438,-0.003095111121900913
VTM-003588,DG-e901b4fc8665,2,0.1885424703359604,0.18854165496621247,-0.18853585090157193,-0.18853666627131985,-0.7690671873016498
VTM-003595,DG-4318c7cac26d,2,0.27527961134910583,0.2752796096860275,-0.00010099052622225546,-0.00010099218930059717,-0.0002281287787180319
VTM-003599,DG-e493ab1cc6ca,2,0.3485819101333618,0.34849101807741995,0.0009840473971979846,0.0008931553412561133,-0.0012661998171875754
VTM-003601,DG-bf28935da81b,2,0.3438173532485962,0.34381158233646086,0.0008210754296520961,0.0008153045175167684,-0.0011043024232730322
VTM-003604,DG-fe86c537c76f,2,0.3629677891731262,0.36295533060226903,0.001683717172534016,0.0016712586016768283,-0.0018647431204295065
VTM-003606,DG-5ad9e5737c29,2,0.379520058631897,0.3795200565587122,0.002150344658262471,0.0021503425850776803,-0.0019936693121368424
VTM-003609,DG-e96f9f5737ad,2,0.22170454263687134,0.221702022370816,0.0013532109297181294,0.0013506906636627791,-0.004219793666400811
VTM-003626,DG-a22656411d7a,2,0.30103203654289246,0.2924488721093249,0.13830217795751754,0.12971901352395,0.2601463688057611
VTM-003636,DG-8150ec75057a,2,0.4391353726387024,0.43813465558622233,0.008859143904029088,0.007858426851549027,-0.0011459782651289103
VTM-003644,DG-a873d126d9e7,2,0.37929999828338623,0.3792943575296298,0.001809098482475402,0.0018034577287189824,-0.0017086838354790966
VTM-003650,DG-00d80b54dc4c,2,0.3035579025745392,0.303557833582174,6.930800641957724e-06,6.861808276747983e-06,-1.2877560401435638e-05
VTM-003658,DG-cda88331526c,2,0.4016975462436676,0.4016999712293443,-8.776504655438888e-05,-8.534006087768109e-05,-7.212606371861709e-05
VTM-003661,DG-48c38c2efb9b,2,0.3914650082588196,0.3907753276663433,0.002732438926353997,0.0020427583338777366,-0.0021629398975147713
VTM-003666,DG-5f189826353d,2,0.3331837058067322,0.33316353580812685,6.577040786337474e-05,4.560040925805087e-05,-9.855211450687715e-05
VTM-003668,DG-a7ef37d29735,2,0.30133360624313354,0.30133116226405454,0.0001183264420314134,0.00011588246295241023,-0.00022255042021921618
VTM-003680,DG-2bdac100d889,2,0.3626652657985687,0.3625207971729705,0.0005531416660745081,0.0004086730404762595,-0.0006431992891243471
VTM-003685,DG-220a2005ae02,2,0.44716301560401917,0.4469377627980769,0.003365164021839062,0.0031399112158967957,-0.0009755569418297877
VTM-003700,DG-a960f9e96e04,2,0.4017578065395355,0.4017350578516583,0.0016289131541510904,0.0016061644662738739,-0.0012174785137307556
VTM-003724,DG-1a5216ab6d89,2,0.33253908157348633,0.33253906883477213,0.0015769979893648922,0.0015769852506506976,-0.0022558137717065257
VTM-003739,DG-01af1077aac1,2,0.39827585220336914,0.3983730255365062,-0.001305619001913727,-0.0012084456687766476,-0.0011818378523907043
VTM-003751,DG-d1c20a91af23,2,0.3829551339149475,0.38295215363775614,0.0001929842305073981,0.00019000395331603137,-0.00018952906508765678
VTM-003754,DG-97ff9073c451,2,0.4246690273284912,0.4149044372914431,-0.05755107139432847,-0.06731566143137657,-0.14634642932366532
VTM-003758,DG-1e3fe364871c,2,0.3456697463989258,0.34566955194068166,0.00041095342544317237,0.00041075896719905414,-0.0005527069221661677
VTM-003760,DG-6513e7852fe3,2,0.41276130080223083,0.41276129222400726,-0.009831641145450876,-0.009831649723674452,-0.011100234632152187
VTM-003761,DG-b51972578b53,2,0.39691710472106934,0.39691471982916454,0.0004439729965840522,0.000441588104679258,-0.0003738492889006507
VTM-003764,DG-cab58c86ef59,2,0.3462285101413727,0.3462284992064851,0.15967258922371858,0.15967257828883097,0.30871905297758045
VTM-003765,DG-aaebfa623c37,2,0.4159860908985138,0.4141799952210698,0.12693277190856828,0.12512667623112428,0.28997747116159434
VTM-003770,DG-f4de596625ee,2,0.38900884985923767,0.3890065251683406,0.0014743947521626,0.0014720700612655402,-0.0012815729980937922
VTM-003771,DG-0ccff23c5478,2,0.24090641736984253,0.24090640479526526,1.089995629866003e-08,-1.6746209696716363e-09,-3.0886422067236574e-08
VTM-003792,DG-8edfe4db9846,2,0.36173176765441895,0.3617363951932768,-0.0006407686222381082,-0.0006361410833802261,-0.0007864129856570668
VTM-003798,DG-09c4b4dc9460,2,0.4074769914150238,0.4074768859860217,7.255910521386522e-05,7.245367621178112e-05,-5.538707503511893e-05
VTM-003803,DG-26db85df6229,2,0.34837979078292847,0.34461507345688686,0.01243582684725797,0.008671109521216358,-0.009133748657938534
VTM-003806,DG-8ac2d385905e,2,0.3410396873950958,0.3358081486659803,0.033784371181957595,0.02855283245284207,0.007451300503913297
VTM-003819,DG-6adff2beab73,2,0.37029048800468445,0.37029048939300474,8.636413035179036e-05,8.636551867208242e-05,-9.574590554647908e-05
VTM-003822,DG-ead439d2bede,2,0.46134427189826965,0.4613404715529593,0.014675701853019307,0.014671901507708973,0.004103940289170132
VTM-003836,DG-9989d915a4ee,2,0.4814978837966919,0.48149787077602946,0.0727802130750616,0.07278020005439917,0.15667294429015405
VTM-003838,DG-981f691ffa34,2,0.39218252897262573,0.3921825506293268,0.008592469263642655,0.008592490920343698,-0.0045305534965739466
VTM-003847,DG-679687cc155f,2,0.33082643151283264,0.3306704461786918,0.05772147051040388,0.05756548517626303,0.06426142992214874
VTM-003854,DG-5d1fd2ea9c4a,2,0.4767875671386719,0.4766904736366946,0.16221014802850547,0.1621130545265282,0.3915494336455355
VTM-003860,DG-e521497d3653,2,0.38422176241874695,0.3842283025109928,-0.0005096623539526113,-0.0005031222617067344,-0.0005102754453220214
VTM-003880,DG-c702e3c8b117,2,0.45369234681129456,0.45368802503714195,0.0044678805556242485,0.004463558781471644,-0.000857359527360162
VTM-003888,DG-16fb94c77b9b,2,0.4512132704257965,0.451211517219451,3.0642446150919156e-05,2.888923980542968e-05,-1.2036302575158797e-05
VTM-003894,DG-763cb03a3427,2,0.45024943351745605,0.45018095717150114,0.03626814373796022,0.03619966739200531,0.036529532103333276
VTM-003899,DG-b1eb49ca417f,2,0.5092811584472656,0.509281189170321,0.09949880519335369,0.09949883591640901,0.2605885315108593
VTM-003901,DG-7a77522f25da,2,0.3994528353214264,0.3957668154208732,-0.009556713253742022,-0.013242733154295194,-0.011879525877370577
VTM-003904,DG-f12a8f514dcc,2,0.36519378423690796,0.3652440874332142,-0.0010337412498896414,-0.0009834380535834186,-0.0012511230046718508
VTM-003905,DG-0ff8bcb050da,2,0.3713971674442291,0.3713964273847836,-3.7572984401545995e-07,-1.1157892895186095e-06,-4.139501125966269e-07
VTM-003907,DG-d8dee9d488b4,2,0.3878853917121887,0.38343363467213976,0.0710907609683104,0.06663900392826144,0.11889899237728829
VTM-003909,DG-4b01c5cd04f5,2,0.4768163561820984,0.4768163176149641,0.39170798328880224,0.391707944721668,0.47670177513231543
VTM-003912,DG-f16eadf63c2c,2,0.3926657438278198,0.3924172641533183,0.005775202267061852,0.005526722592560318,-0.003737326862415737
VTM-003915,DG-30bd0c14ad6f,2,0.4119267463684082,0.41223625139164993,0.10503414261125082,0.10534364763449255,0.23207271878448868
VTM-003923,DG-ae0308d4bea9,2,0.31398943066596985,0.3139893652613179,1.4893250014913484e-06,1.4239203495192143e-06,-2.5721224531745688e-06
VTM-003930,DG-72549233ee8f,2,0.27183908224105835,0.2718387939776122,7.197048416285323e-06,6.908784970116599e-06,-1.658836170969603e-05
VTM-003931,DG-2b32485bb6d3,2,0.3661406338214874,0.3660470107146931,0.0015752843731565713,0.001481661266362233,-0.0017033511173284166
VTM-003937,DG-9bd0ebb80d97,2,0.39236998558044434,0.39284691207268163,0.24939305693533914,0.24986998342757644,0.38774981431899136
VTM-003947,DG-4cf398ce9157,2,0.3604731559753418,0.3604717274448053,6.303636686172398e-05,6.160783632525035e-05,-7.611995597662044e-05
VTM-003949,DG-5653a4b0159f,2,0.31386128067970276,0.31385341066889677,0.0006284736148146064,0.0006206036040086182,-0.0010657003011837812
VTM-003950,DG-62e1a263b881,2,0.3807671368122101,0.3807661934981928,0.0003318270803122081,0.00033088376629492045,-0.00033070420737586444
VTM-003952,DG-ffdfb246fc28,2,0.3815351128578186,0.3815341476215666,0.018879250739742948,0.018878285503490966,-0.003011777960302951
VTM-003959,DG-3ab2a8d364a7,2,0.38915395736694336,0.38915291601810936,8.233400643875566e-06,7.192051809878919e-06,-7.675527385087602e-06
VTM-003969,DG-ac3c0f8f37f1,2,0.30604860186576843,0.30604863086905043,0.1517442193779526,0.1517442483812346,0.2773333725036538
VTM-003978,DG-e8291e724653,2,0.3601183295249939,0.36025142835376384,-0.01673698669885626,-0.01660388787008632,-0.032697297300790344
VTM-003980,DG-f0dbd99d286a,2,0.36125925183296204,0.3613121413176052,0.11685278109629571,0.11690567058093887,0.2449182704482136
VTM-003988,DG-dd2dc23a1504,2,0.47520339488983154,0.4752042793791642,0.44997888599071795,0.4499797704800506,0.47520274191869555
VTM-004011,DG-6efd677a69a0,2,0.41640332341194153,0.41516002188635936,-0.007251532812336869,-0.008494834337919033,-0.007179853837307298
VTM-004013,DG-bca63d59cd7e,2,0.32187727093696594,0.32187609174085247,8.339576095472978e-06,7.160379981996368e-06,-1.3607589325465474e-05
VTM-004014,DG-fbaf136584e8,2,0.3793504238128662,0.37891501929971017,0.001414439800961731,0.0009790352878056852,-0.0013602557872844387
VTM-004020,DG-be51c63361e1,2,0.3918665945529938,0.39149903967016547,0.012849523614159752,0.01248196873133145,-0.004402364090217842
VTM-004043,DG-432a9d35fdc8,2,0.4571579098701477,0.457155729496646,-0.0007581231020194479,-0.0007603034755211402,-0.0002850456337399762
VTM-004058,DG-8e2d67a79020,2,0.34432315826416016,0.3444059016757491,-0.006527598106913224,-0.006444854695324298,-0.011018338555998071
VTM-004066,DG-7d4b1ad1b602,2,0.43220967054367065,0.43095037721229235,-0.02745949173053186,-0.028718785061910168,-0.04446534410255772
VTM-004070,DG-a336d92a23d5,2,0.35552847385406494,0.355526836218791,0.0007875336203270189,0.0007858959850530756,-0.0009640399584996669
VTM-004072,DG-ea63d262aeef,2,0.38573694229125977,0.38571880006095766,-5.300937977537057e-05,-7.115161007748005e-05,-5.124994250215225e-05
VTM-004078,DG-5586d830e5b2,2,0.3691536784172058,0.3690540944027798,0.0556599603234082,0.055560376308982196,0.06641214717291823
VTM-004082,DG-61831ad48c3f,2,0.38020235300064087,0.38020235408424835,0.09218994309297823,0.09218994417658571,0.18366578836748826
VTM-004087,DG-641cb65a0783,2,0.4067386984825134,0.4067385820281016,0.00020425274943081106,0.00020413629501897512,-0.00015610471528012613
VTM-004089,DG-d41a90ba3775,2,0.4263821244239807,0.4266478071372495,0.26513584233174303,0.2654015250450118,0.42143814924728545
VTM-004099,DG-6afb2933c592,2,0.4264790713787079,0.4264422982510782,0.0443487171195624,0.04431194399193272,0.05002235183743292
VTM-004107,DG-7c31bf45fca2,2,0.43856337666511536,0.43856695961927133,0.089803546101897,0.08980712905605298,0.19592531928361115
VTM-004112,DG-7ad6ffeaeec4,2,0.38686707615852356,0.3865439845536212,0.03179411487795675,0.0314710232730544,0.013557539129105121
VTM-004121,DG-3fd380fb0729,2,0.545312762260437,0.5453127613944929,0.22866549645476186,0.22866549558881777,0.5133750310890114
VTM-004122,DG-53ce40210a5a,2,0.3391106128692627,0.3391072582331227,8.157621787868718e-05,7.82215817387022e-05,-0.00011680089617258417
VTM-004126,DG-773ef4a19917,2,0.38459599018096924,0.38417190491483094,0.168660525445755,0.1682364401796167,0.34148023253880855
VTM-004142,DG-01763ea704f7,3,0.4251209795475006,0.4251201303897756,0.004439625536244218,0.004438776378519194,-0.0018967099892334843
VTM-004143,DG-66fc193cba37,3,0.528727114200592,0.5287271072731765,0.050191978987346786,0.050191972059931256,0.09948117395547268
VTM-004157,DG-485571cf8b85,3,0.5026201009750366,0.5026106706137359,-0.0003298707914284327,-0.0003393011527291767,2.5617229064970684e-06
VTM-004163,DG-813a4d80f759,3,0.31148093938827515,0.311419406724468,0.008292566857898642,0.008231034194091491,-0.010883899337668371
VTM-004165,DG-2290624c5d80,3,0.49988147616386414,0.49946705685521237,0.0021282657296495255,0.0017138464209977555,0.0001791204995793727
VTM-004169,DG-6b200c42f08f,3,0.48602747917175293,0.47806423548287297,0.05864613950583247,0.05068289581695251,0.11089372998896768
VTM-004182,DG-24eebf3c6bf1,3,0.4552549719810486,0.45525497166122814,8.425656186084041e-07,8.422457981605014e-07,-3.04011061117859e-07
VTM-004205,DG-e8495093b9f6,3,0.5097731351852417,0.5097731308504277,0.18712499217655504,0.1871249878417411,0.44867415365819147
VTM-004216,DG-a7b104a9a4ab,3,0.4303281009197235,0.43032811127397325,0.22690037329103702,0.22690038364528675,0.4149469782653666
VTM-004243,DG-18250e3ff879,3,0.44786861538887024,0.4478629846943855,2.5839021044582466e-05,2.020832655985627e-05,-1.0867386477348531e-05
VTM-004246,DG-45f9dca4bb8e,3,0.43229034543037415,0.4322837803913719,9.575487028584684e-05,8.918983128358704e-05,-5.245795763028916e-05
VTM-004249,DG-5d536ffa32e0,3,0.5281161665916443,0.5281161695980914,0.20422250658103203,0.20422250958747912,0.4805620970538313
VTM-004257,DG-d0c6f6529caf,3,0.504281759262085,0.5050156628117843,-0.009001284927317,-0.008267381377617622,-0.002920880414774498
VTM-004259,DG-0aec89b9534f,3,0.540966272354126,0.5409662653171746,0.38877936163897103,0.3887793546020197,0.5403023110209562
VTM-004264,DG-32d88733e811,3,0.4984503388404846,0.4976455051925328,0.0012006131574690548,0.0003957795095172467,4.2772348952250447e-05
VTM-004284,DG-e160d71ce111,3,0.46432197093963623,0.45976290992025665,0.0053753650144668375,0.000816303995087253,-0.00037473019376074376
VTM-004286,DG-93d0f7f589e5,3,0.46398523449897766,0.4639869913020955,-2.7415062506419563e-05,-2.5658259388605664e-05,-7.970316899374462e-06
VTM-004293,DG-f85adff29c42,3,0.4402715265750885,0.43371903615367424,0.003255790191573904,-0.0032967002298403547,-0.0011423163352422046
VTM-004296,DG-875a99cb7ce1,3,0.5102177262306213,0.5102177609084838,-0.000718794302171144,-0.0007187596243086736,3.809667236545773e-05
VTM-004297,DG-04e6717453bc,3,0.4245813488960266,0.42338848428793946,0.00636108739757929,0.005168222789492138,-0.0022339954091255996
VTM-004299,DG-c95d4a59d3dc,3,0.48943302035331726,0.4894325962835815,8.817890959966768e-06,8.393821224195186e-06,-7.426481705989346e-07
VTM-004303,DG-380de81bcf4a,3,0.40108582377433777,0.4247047903857431,0.20951792070845984,0.23313688731986518,0.38335951632166826
VTM-004305,DG-a86f563a60b2,3,0.48091942071914673,0.48117406581880234,-0.07281465067034598,-0.07256000557069037,-0.17387281502771865
VTM-004312,DG-7b2e3c154dcb,3,0.4690893292427063,0.4691732891541866,-0.22840953340130465,-0.22832557348982435,-0.5006514094060766
VTM-004313,DG-affbf368622e,3,0.484822154045105,0.4848218649381276,1.3696482039637914e-06,1.0805412266057246e-06,-1.6638470096974757e-07
VTM-004317,DG-9e9072db4897,3,0.43503326177597046,0.43352951752869334,0.00329324354461924,0.001789499297342123,-0.001292762975889748
VTM-004319,DG-326544f6a0b6,3,0.5014978647232056,0.501468082027155,0.0012169854196871777,0.0011872027236365934,7.382040643216728e-05
VTM-004332,DG-a76e420da6bd,3,0.4438707232475281,0.43034028437774924,0.06165877882046361,0.04812833995068477,0.10573405665452586
VTM-004342,DG-c46550aa900c,3,0.5285460948944092,0.5285478817267313,-0.0013313799052886433,-0.0013295930729665395,0.0002336929656686974
VTM-004350,DG-692158e6d3c2,3,0.49629297852516174,0.4957183444100418,0.03437924415323007,0.03380461003811014,0.043567606568928344
VTM-004354,DG-5e14351aeb33,3,0.5387078523635864,0.5354339018437481,-0.1107064480535419,-0.11398039857338027,-0.2695651758525646
VTM-004357,DG-c446bb19876d,3,0.36540138721466064,0.36540579133485424,-0.0011180942238177005,-0.0011136901036241098,-0.0013551799714789517
VTM-004358,DG-bd5d644830a6,3,0.46295738220214844,0.4626690660261336,0.000802311973578107,0.0005139957975632825,-0.00021305700748330738
VTM-004372,DG-3670380a9694,3,0.5362876653671265,0.5351632931167427,0.0017430826676383404,0.0006187104172545865,0.000631279948411223
VTM-004375,DG-e47a819a9f6a,3,0.5193648934364319,0.519297767544696,0.22493444059935364,0.22486731470761778,0.4886206584525048
VTM-004376,DG-886233fb86e7,3,0.4590207636356354,0.45690263688196725,0.003393394352770085,0.001275267599101959,-0.0006532632671440135
VTM-004381,DG-ba58feae2ced,3,0.49159929156303406,0.491599288769855,-0.013755658600800413,-0.01375566139397949,-0.00841301518904146
VTM-004385,DG-d01eb03c43d0,3,0.43561822175979614,0.435611522983839,1.2075650638709856e-05,5.376874681550792e-06,-6.3184637782675915e-06
VTM-004388,DG-330faad25acc,3,0.472709596157074,0.47217673626859485,0.0008754207959890126,0.0003425609075098923,-0.00016086858825620272
VTM-004396,DG-42f71d7c4289,3,0.42968305945396423,0.429674200423154,-8.637152054180586e-06,-1.7496182864396026e-05,-4.959832024533393e-06
VTM-004401,DG-1b84d8e6a774,3,0.4439109265804291,0.44384922771032653,0.0001883300012101019,0.00012663113110755742,-8.413137224681478e-05
VTM-004411,DG-1a153b913e47,3,0.5318240523338318,0.5333112261044528,0.030644495809027172,0.03213166957964819,0.04347246709117407
VTM-004413,DG-05ccc3b253c0,3,0.45708411931991577,0.45708257754767345,0.0030538165548003593,0.00305227478255804,-0.0006777940932704194
VTM-004433,DG-2c8b6d3fa837,3,0.4443467855453491,0.4442779820100339,0.00018789769060995054,0.00011909415529470779,-8.32618518558933e-05
VTM-004442,DG-ba45d67ce550,3,0.4795207381248474,0.4948921795216396,-0.05890984081974415,-0.04353839942295196,-0.12552537147501147
VTM-004448,DG-33947014845e,3,0.27191221714019775,0.2719120827748338,1.298038058428208e-06,1.163672694481921e-06,-2.990832041200049e-06
VTM-004457,DG-0464ea111075,3,0.45004981756210327,0.4500507813983186,0.04686633075742752,0.04686729459364286,0.06324380473369559
VTM-004491,DG-7d8aeccfb081,3,0.36862701177597046,0.3686233582005096,3.76284947898875e-05,3.39749193290495e-05,-4.241508709918431e-05
VTM-004492,DG-f5b56f4e3359,3,0.37545129656791687,0.36260872094127927,0.09918757372518111,0.08634499809854351,0.20305198688332438
VTM-004493,DG-81d95166980f,3,0.4485882818698883,0.4480713619175679,0.0222902688425779,0.021773348890257505,0.01074230750027524
VTM-004501,DG-3790120cd208,3,0.3465036451816559,0.34590411554967804,0.0009724273446206633,0.0003728977126428168,-0.0012730363220883737
VTM-004507,DG-0603b3e5b9ab,3,0.3983066976070404,0.3983066946426742,0.17109444968616838,0.17109444672180218,0.3527501663351646
VTM-004509,DG-96ce311e9925,3,0.43003973364830017,0.4300397312871081,0.15111779419348959,0.1511177918322975,0.34468222543501986
VTM-004512,DG-1c2a4bbfb69d,3,0.5108020305633545,0.510802044297587,0.07661989247394241,0.07661990620817494,0.18331066368283608
VTM-004520,DG-458adee59f98,3,0.44699934124946594,0.4443437876207701,-0.02090175461281124,-0.02355730824150709,-0.026160442683592054
VTM-004521,DG-af9c3486d779,3,0.4414697289466858,0.4363778334174128,0.07124111445098802,0.06614921892171505,0.1360719064724909
VTM-004526,DG-c8c9c1031d04,3,0.4458208978176117,0.42325999726151986,-0.25345822554392605,-0.2760191261000179,-0.5337340489153442
VTM-004527,DG-e21f52274bb2,3,0.4932449460029602,0.4923444950413814,-0.007164418397811456,-0.00806486935939027,-0.002434409842881954
VTM-004529,DG-c1e6fe77437a,3,0.40642449259757996,0.40624749706548496,0.21570118288951876,0.21552418735742376,0.3904996404486388
VTM-004537,DG-46f6cdee5678,3,0.49450892210006714,0.49937069623567076,-0.008442985136926318,-0.0035812110013226928,-0.0032107938149523283
VTM-004558,DG-48deda033538,3,0.47223225235939026,0.4720961591692004,-0.13817689651994136,-0.13831298971013123,-0.38003435309734057
VTM-004563,DG-28aaa6204094,3,0.4962441921234131,0.47669616527843356,0.062220526616623584,0.04267249977164406,0.12676621693023452
VTM-004574,DG-54a8e453fc81,3,0.4245471656322479,0.4244383180893243,0.00018417026934353098,7.5322726419913e-05,-0.00011234546530061233
VTM-004579,DG-12ddea577f43,3,0.5552565455436707,0.5552565349768431,0.011004028540690158,0.011004017973862634,0.009808462025472706
VTM-004580,DG-3f27a1650294,3,0.41382884979248047,0.4138260123890223,0.0103451969275406,0.010342359524082412,-0.002806738035939305
VTM-004582,DG-d40b04adc752,3,0.4004325270652771,0.4003432496082825,0.0012858093191416842,0.0011965318621470766,-0.0009952440342762417
VTM-004583,DG-0b7377e22063,3,0.49272647500038147,0.47937962516333654,0.020605683145532017,0.007258833308487089,0.015452252613132253
VTM-004584,DG-f414d38d8087,3,0.26825079321861267,0.2682507996377788,4.679977357313625e-07,4.744169018744415e-07,-1.1050537016837558e-06
VTM-004588,DG-f978f8b54508,3,0.24981550872325897,0.2498142176928205,3.004843338566543e-06,1.7138129000948688e-06,-8.02216677207319e-06
VTM-004593,DG-4c7a9dac83e3,3,0.32548388838768005,0.32539092617850146,0.00023259151828658453,0.00013962930910799143,-0.0003670358796134173
VTM-004599,DG-f564707e3709,3,0.4139751195907593,0.4138448315959205,0.01725803371583945,0.017127745721000676,0.0003611789036625959
VTM-004606,DG-ffcfafcb809d,3,0.4126364290714264,0.4123352099192665,0.0007159837607307318,0.00041476460857081676,-0.0004944653548241355
VTM-004610,DG-376cbeab094c,3,0.32431283593177795,0.32431366010973245,-0.00045360601114163845,-0.0004527818331871436,-0.0007377785349819599
VTM-004621,DG-27326198b1a1,3,0.4064425230026245,0.40545706728396785,0.013865431696433506,0.012879975977776847,-0.002509545906143032
VTM-004646,DG-59a31ccfd97c,3,0.4889020025730133,0.48889175269345275,0.036364970285255704,0.03635472040569515,0.04650459478295477
VTM-004649,DG-6450d41d5ed0,3,0.466671347618103,0.466666648001677,-0.15616348015779402,-0.15616817977422004,-0.42115038047086273
VTM-004655,DG-b2fbb3e9cef9,3,0.42660582065582275,0.42450288052973995,0.0033621142351986655,0.001259174109115857,-0.001546159201581205
VTM-004666,DG-1d99fd12426d,3,0.37922966480255127,0.3791420145975522,-0.00024822882201330776,-0.0003358790270123757,-0.0002574345013228216
VTM-004673,DG-913e58d759ea,3,0.3778377175331116,0.3777078148779147,0.0028655145612071498,0.0027356119060102935,-0.0026097319826233916
VTM-004674,DG-13180a16fbd6,3,0.47793999314308167,0.4779400163808241,0.143089026797663,0.14308905003540545,0.3580080996357923
VTM-004685,DG-6101d025cbf5,3,0.2863188683986664,0.28631484840591354,8.171443059612482e-05,7.769443784327867e-05,-0.00017051419646566676
VTM-004690,DG-2a274e16a33e,3,0.31491297483444214,0.3077346394098213,0.16453054783364834,0.15735221240902753,0.2933313439052718
VTM-004698,DG-b91caf52d9b5,3,0.3047518730163574,0.3047156823888969,8.811092579197322e-05,5.192029833145373e-05,-0.00016197116725352788
VTM-004704,DG-c387377df551,3,0.46300244331359863,0.46292103611109153,0.0015126491381981522,0.0014312419356910522,-0.000357694585779254
VTM-004705,DG-3bac2c2f0966,3,0.3511659801006317,0.3511643179106675,3.581678999592386e-05,3.4154600031699456e-05,-4.673144468612137e-05
VTM-004714,DG-408abe499dc0,3,0.42395123839378357,0.4237308470601633,-0.32498160202046567,-0.32520199335408595,-0.5708891634347039
VTM-004719,DG-cf187bf848c1,3,0.4236079454421997,0.4241951425749232,0.09710804329747391,0.0976952404301974,0.21307218907169767
VTM-004724,DG-9a0efe19a414,3,0.36347636580467224,0.3634758189694096,9.45460195235781e-05,9.399918426095111e-05,-0.00011116969902254531
VTM-004728,DG-8608404503bd,3,0.48605087399482727,0.48059810437858197,0.011389788571715298,0.005937018955469997,0.0038992756908727342
VTM-004732,DG-bc3311f64ef6,3,0.4424148201942444,0.44154345744065104,0.01619754537210505,0.015326182618511708,0.0031589697505244115
VTM-004740,DG-52ef2a5acd1a,3,0.4917905926704407,0.4917887232237835,-0.04213260413669939,-0.04213447358335659,-0.0674706997476928
VTM-004749,DG-0c8260790540,3,0.47087615728378296,0.46384277479771163,0.10301046335831021,0.09597708087223888,0.2515046978653304
VTM-004753,DG-75f83cf07d42,3,0.49536025524139404,0.49536026827878693,0.029247130942630817,0.029247143980023704,0.031721058903993585
VTM-004754,DG-658fabe2bcb8,3,0.45812129974365234,0.45797126383146797,0.014114714012037177,0.0139646780998528,0.003281337209396788
VTM-004756,DG-27c205ad919b,3,0.4480590522289276,0.4318433205614739,0.04121867269669832,0.025002941029244607,0.04777758093435072
VTM-004777,DG-4184c6b4f909,3,0.4488045573234558,0.44880456089449566,-0.1831738796689858,-0.18317387609794594,-0.47700086503691586
VTM-004779,DG-2fe309c344f0,3,0.5152872204780579,0.515287218013814,0.3332628977996377,0.3332628953353939,0.5129121294324199
VTM-004780,DG-ed8ed7d84ec4,3,0.450644850730896,0.45064485659356524,0.15035563890933018,0.15035564477199942,0.3553743575664506
VTM-004796,DG-b16417696d89,3,0.44049060344696045,0.436153375554254,-0.05255823840863333,-0.05689546630133979,-0.12040401415406905
VTM-004803,DG-c4f64a7d93f5,3,0.36757519841194153,0.3616754145436436,0.10677781595077451,0.10087803208247659,0.2217573449253968
VTM-004805,DG-eb1b72fae879,3,0.4135723114013672,0.4135723032699064,-0.002274475003637866,-0.0022744831350986483,-0.0018390195182339793
VTM-004808,DG-c47da0c14ea3,3,0.5376607775688171,0.5376607837761714,-0.0790487064922909,-0.0790487002849366,-0.16999898638470667
VTM-004810,DG-3d677eab9be3,3,0.44736507534980774,0.4473649711414025,0.002182545920534573,0.002182441712129335,-0.0007346987042137003
VTM-004818,DG-f8157687dfc1,3,0.47910192608833313,0.4791018390987722,0.3240622900783296,0.32406220308876865,0.47727175820907136
VTM-004824,DG-6ce9003a9f65,3,0.5141212940216064,0.5142524205917445,-0.011997760383811507,-0.011866633813673477,-0.004378311975865321
VTM-004841,DG-aebcda10b3b9,3,0.34515872597694397,0.34515822787948336,1.3606855543413232e-06,8.625880937307429e-07,-1.8642274642764925e-06
VTM-004843,DG-5c2595c18e3f,3,0.35923102498054504,0.35880467671691463,0.0008439268132880429,0.00041757854965762675,-0.000999083858171817
VTM-004848,DG-e4fd3eac0e65,3,0.47118809819221497,0.4526932114114077,0.23318952617987748,0.21469463939907024,0.4520646338726108
VTM-004851,DG-4f1e813a7b98,3,0.3875727653503418,0.3875882778389618,-0.001611025012100975,-0.0015955125234809464,-0.0016398690968310204
VTM-004868,DG-e8edf69567f8,3,0.48185113072395325,0.4819088206032838,-0.05722120746577364,-0.05716351758644306,-0.1187715961738244
VTM-004871,DG-4ee5f1868644,3,0.4585535526275635,0.4454663667078638,-0.15684208591238302,-0.16992927183208267,-0.4285633506742482
VTM-004879,DG-61a43ac05294,3,0.3607580065727234,0.3608874951967078,-0.00030154762269613,-0.00017205899871169938,-0.00036835131996251004
VTM-004886,DG-80a35928634b,3,0.518487274646759,0.5184872658694185,-0.003790051109920922,-0.0037900598872614433,-1.4740650465932954e-05
VTM-004887,DG-939dd591d49d,3,0.4790195822715759,0.479048509687001,3.898291815213062e-05,6.791033357722576e-05,-6.493583501920689e-06
VTM-004898,DG-5cfc70f8dec1,3,0.40544450283050537,0.42376238192497295,0.2850421693316533,0.30336004842612085,0.4038054547315673
VTM-004905,DG-05ca7939c640,3,0.485993355512619,0.4859983410884333,0.3277690106196375,0.3277739961954518,0.4841681022774849
VTM-004912,DG-177e70bdf902,3,0.42870473861694336,0.4287047497936826,-0.3294614326467763,-0.32946142147003704,-0.5667770721804163
VTM-004913,DG-b2ffaca5e69f,3,0.3917885422706604,0.3917858965446507,9.942793703365815e-07,-1.651446639383547e-06,-9.029934631093352e-07
VTM-004914,DG-b2a1b8865757,3,0.37225818634033203,0.3722593680863218,-0.00014682713744107456,-0.00014564539145128785,-0.0001614993654593088
VTM-004921,DG-f13bf43d5235,3,0.5717461705207825,0.5717461567067498,0.06763895361208783,0.06763893979805513,0.1828128669537661
VTM-004935,DG-abd02bd23736,3,0.44111499190330505,0.4419156638592014,-0.007574986777665993,-0.006774314821769656,-0.005952383882616751
VTM-004938,DG-e54f19d2c8f8,3,0.42874759435653687,0.4279389808234242,0.008021857023923606,0.007213243490810928,-0.001987045455594525
VTM-004942,DG-c9e08e2284b3,3,0.4598514437675476,0.4856570365203891,0.07865711825867072,0.10446271101151222,0.16768060598394552
VTM-004946,DG-2fb237b2a934,3,0.4721314013004303,0.47267175587522603,-0.002726296862077926,-0.0021859422872821943,-0.0009083070238360242
VTM-004947,DG-9b8350d11c09,3,0.373013973236084,0.37301842689247716,0.17496902597380892,0.1749734796302021,0.34003276760794054
VTM-004948,DG-f990fe8c9d47,3,0.4251612424850464,0.4251842308367093,0.004809227151918727,0.004832215503581649,-0.001978561809738245
VTM-004962,DG-1523a6366a9f,3,0.48902660608291626,0.4902393731326724,-0.009935505421150348,-0.0087227383713942,-0.004799277844371272
VTM-004986,DG-2cc79002490e,3,0.37188178300857544,0.3718828362878567,2.3959062459888436e-05,2.501234174112632e-05,-2.6256405353334815e-05
VTM-004990,DG-f9e01f7b92f1,3,0.4267626106739044,0.4257549952258967,0.03451347072484995,0.033505855276842245,0.027262880447523667
VTM-004994,DG-2af7e0cc0bd0,3,0.48400890827178955,0.48400891478437935,0.106402110834939,0.1064021173475288,0.26843770900382313
VTM-005001,DG-324943a49a25,3,0.4498549997806549,0.4498542667184244,-3.1330409807017734e-05,-3.206347203754678e-05,-1.2736191106522542e-05
VTM-005006,DG-d5fd4b0a54db,3,0.4211824834346771,0.419578659776961,0.0014265620566795145,-0.0001772616010365935,-0.0008371377658231867
VTM-005024,DG-eb4065d4fd35,3,0.4513993561267853,0.43295116594443195,0.07578862904616235,0.05734043886380902,0.15478987038460704
VTM-005029,DG-8cb379e0c81e,3,0.4659074544906616,0.4661818060397941,0.29810431075615,0.2983786623052825,0.4625992814208878
VTM-005036,DG-d73c0b1285e5,3,0.4349344074726105,0.434932248065369,5.126208565209289e-05,4.910267841062854e-05,-2.7034423223797132e-05
VTM-005042,DG-d517c06b04eb,3,0.5439072847366333,0.5439072853936396,0.15140242891800526,0.1514024295750116,0.4200888964833603
VTM-005049,DG-e5f9771ff928,3,0.5198637843132019,0.5198637990582682,0.26659202140167315,0.26659203614673943,0.5069973767630666
VTM-005051,DG-97c7ebff3a1b,3,0.3858071267604828,0.38580801921469604,-0.1263750249814739,-0.12637413252726065,-0.41967114431535124
VTM-005058,DG-ffe21902e227,3,0.3642585277557373,0.3639079375151987,0.0013337273136422856,0.000983137073103657,-0.0014816881589789666
VTM-005092,DG-6dbe82fb3bf7,3,0.5196930170059204,0.5196930213066053,0.2524240303215563,0.2524240346222412,0.5022157192448866
VTM-005094,DG-26be5e639757,3,0.5636060833930969,0.5595777091528288,0.006574716306736561,0.002546342066468421,0.005168031098435761
VTM-005113,DG-ed8a4022937f,3,0.513059139251709,0.5088312790375061,-0.01536028137820622,-0.01958814159240907,-0.007750789279236821
VTM-005119,DG-b3bd2c71ec08,3,0.45031943917274475,0.4503891770734423,-0.003955747522317199,-0.0038860096216196682,-0.002223022752310931
VTM-005120,DG-25704769eb80,3,0.4547101855278015,0.45472298739515454,-0.0008455314889941334,-0.000832729621641104,-0.0003378957959273298
VTM-005124,DG-2f6f0442810d,3,0.33137398958206177,0.33112922975197306,-0.05136901629768048,-0.051613776127769184,-0.1776656936550014
VTM-005135,DG-065fa5d9dd1d,3,0.2973204553127289,0.2966122669120859,0.0017128307702403145,0.0010046423695973528,-0.0031600118636192355
VTM-005147,DG-3ecb9f7d6191,3,0.5105255842208862,0.5005192142659803,0.04384718433755186,0.03384081438264597,0.07319650834023086
VTM-005151,DG-f47c67b8cb07,3,0.5353724956512451,0.5245294841788175,0.0188232235901592,0.007980212117731589,0.019281074677632914
VTM-005161,DG-4e910d96392f,3,0.4724079668521881,0.472407968999313,-0.06431569008663518,-0.06431568793951031,-0.14763513241655615
VTM-005163,DG-bb89a96ed0fc,3,0.40182846784591675,0.4018792250308093,-0.0089388795079281,-0.008888122323035541,-0.010680036307982694
VTM-005177,DG-985b88f4c85d,3,0.455283522605896,0.4552751080212908,0.0003235345396552791,0.0003151199550500694,-0.00011242308193596255
VTM-005191,DG-0826139e42dc,3,0.5279641151428223,0.527959310626732,7.873059219787315e-06,3.068543129480794e-06,1.7693250864898257e-06
VTM-005195,DG-9c5cf5344ef4,3,0.45452287793159485,0.45452208481413786,1.7585801942998636e-06,9.654627373123503e-07,-6.450127802923593e-07
VTM-005215,DG-96254c6c13de,3,0.44842416048049927,0.4484244496005767,-1.0747732177129876e-05,-1.045861209969523e-05,-4.486989527385404e-06
VTM-005216,DG-225ca6f8112b,3,0.37445834279060364,0.37468326851909955,-0.10196703509069638,-0.10174210936220046,-0.3530973847333569
VTM-005219,DG-58a7f8468f4b,3,0.5023036599159241,0.5023037028191587,-0.005069030357771065,-0.005068987454536433,-0.0009331933810553618
VTM-005228,DG-36b9f7daf8a7,3,0.4644705653190613,0.4644741045908845,-0.0008286254806100235,-0.0008250862087867961,-0.00026442546243702594
VTM-005230,DG-90d7206dd9ad,3,0.5620726943016052,0.5622013640955772,0.02806138606966191,0.02819005586363388,0.044580544645583135
VTM-005238,DG-f0ae6ea4b504,3,0.40824729204177856,0.39971684698688514,0.014521277165269908,0.005990832110376487,-0.0020152445535414464
VTM-005244,DG-3eb0c9b0d1e0,3,0.3902263939380646,0.39023994951378266,-0.012997694532486448,-0.012984138956768365,-0.019177911458014285
VTM-005247,DG-e7e84930210e,3,0.4839779734611511,0.4839780006743643,0.16561875814887245,0.16561878536208563,0.4016354978639725
VTM-005248,DG-cbe1b3e79163,3,0.21589773893356323,0.21589617957189605,0.026868554367663722,0.02686699500599654,-0.02799836385787311
VTM-005253,DG-240ce043f38e,3,0.5019488334655762,0.5019488237159413,-0.003982947580815632,-0.0039829573304505095,-0.0005720103724850355
VTM-005265,DG-056f55e0af63,3,0.42625197768211365,0.4261277799203368,0.00018043600949718686,5.623824772033048e-05,-0.00010746666720965415
VTM-005267,DG-fba9fb4a2513,3,0.5361316204071045,0.5428154574867646,-0.02643007063769487,-0.01974623355803473,-0.01983241770595982
VTM-005270,DG-c3a6a57c4506,3,0.4437391459941864,0.44372209195674805,0.01920656022538958,0.019189506187951233,0.006244458817695825
VTM-005274,DG-a5dd36450d6d,3,0.4051434099674225,0.405143316121846,5.315010498940786e-07,4.3765547341756417e-07,-4.183772332234756e-07
VTM-005277,DG-b1dd9089d12b,3,0.4773779809474945,0.4770641097440495,-0.39474305630266837,-0.3950569275061134,-0.5222426949498504
VTM-005286,DG-c3865f90e20c,3,0.4546007812023163,0.45465404243936214,0.0005581468937989609,0.0006114081308448149,-0.00019174867549456195
VTM-005288,DG-96fbdf765d5b,3,0.42640069127082825,0.42637934367676855,0.00040309746114486344,0.0003817498670851682,-0.00023583446778764917
VTM-005298,DG-96b9f4f7ad74,3,0.45930057764053345,0.4591157758609355,0.00032421274240451714,0.00013941096280656318,-0.00010201042602947982
VTM-005305,DG-76b7b89d7b6e,3,0.4885677695274353,0.48922580541796645,-0.001548844437000152,-0.0008908085464690019,-0.00023774278640484556
VTM-005309,DG-020276ef3bd1,3,0.48239201307296753,0.4823920098682494,0.3034098911970677,0.3034098879923496,0.47881656504512743
VTM-005310,DG-7c6f70b40690,3,0.5337052941322327,0.529077664904822,0.012401947244075173,0.007774318016664505,0.009481772530299283
VTM-005315,DG-bcc835e21bb3,3,0.4739224910736084,0.4736129459214837,0.000509233375012963,0.00019968822288823906,-9.610081140964602e-05
VTM-005317,DG-2bbaf2883806,3,0.5476523637771606,0.547672384068224,-0.10089681534535777,-0.10087679505429437,-0.23643337484945495
VTM-005324,DG-3bb4cb63d4a4,3,0.4566999077796936,0.4566999271330208,0.2013411811461716,0.20134120049949883,0.42151128958245826
VTM-005339,DG-1f02f15e4fe6,1,0.41063806414604187,0.41071490927978943,-0.0013956489771216884,-0.0013188038433741278,-0.0011131366189256436
VTM-005341,DG-36082a904dea,1,0.4190391004085541,0.41905089633540443,0.10449508556529347,0.10450688149214382,0.23325364703181312
VTM-005347,DG-42bdb7cc3c63,1,0.43553537130355835,0.43553888561411447,0.0009404651327242219,0.0009439794432803406,-0.00045672358459503446
VTM-005350,DG-bbb6bdc1a498,1,0.43768125772476196,0.4376808316467574,0.00037408692523460685,0.00037366084723006177,-0.00018368458637775946
VTM-005354,DG-0e4c3ee670c1,1,0.4772302806377411,0.47687727623918086,0.0006078757511083777,0.0002548713525481472,-9.612135311431395e-05
VTM-005355,DG-58c35f742bdc,1,0.5095686912536621,0.509587255380899,-0.003887999491700711,-0.0038694353644638246,-0.00030712116989278006
VTM-005360,DG-6527030f4816,1,0.39947327971458435,0.3920681030749084,0.019892795483840042,0.012487618844164106,0.00042449801730545854
VTM-005371,DG-fdc37d15d517,1,0.49554145336151123,0.47493724370348867,0.08035782975947142,0.05975362010144886,0.18902098251933566
VTM-005379,DG-7126cadd1cf8,1,0.5004866123199463,0.5005058850520602,0.00045169652114851466,0.0004709692532623988,9.91950609296466e-06
VTM-005391,DG-b1a569d70870,1,0.4424642026424408,0.44246419954084787,0.04784807481010467,0.04784807170851174,0.06378310158880386
VTM-005411,DG-b94b31ef413b,1,0.41544586420059204,0.41495832693071044,0.0007895746216705635,0.00030203735178896407,-0.0005235211582128078
VTM-005420,DG-17a79b7cc62a,1,0.40922874212265015,0.4092287340169953,0.10935051159815729,0.10935050349250242,0.24309117457313814
VTM-005434,DG-4f427de763e3,1,0.35229355096817017,0.3257779586974598,0.05770614222770143,0.031190549956991054,0.06859802401592047
VTM-005435,DG-d20be5d90802,1,0.3737916350364685,0.37376099480773806,0.0036582956221795637,0.003627655393449114,-0.0033390094837877343
VTM-005437,DG-ec4cac9f954f,1,0.4552842676639557,0.45393169255670207,0.003060529327987671,0.0017079542207340537,-0.000723085180490007
VTM-005439,DG-c5da90ed4c48,1,0.4071537256240845,0.40714253348549545,0.0007095704035143813,0.0006983782649253589,-0.0005243984399581046
VTM-005443,DG-7176ffb7f402,1,0.45039844512939453,0.44938876309052406,0.0016628578328658494,0.0006531757939953753,-0.0005537133659981622
VTM-005450,DG-b7cc933102fa,1,0.4088333249092102,0.40925656708455876,-0.0026557081242807867,-0.0022324659489322274,-0.0023023237771590587
VTM-005474,DG-6fce6ffc7a92,1,0.46937069296836853,0.46936165470994945,0.00010581499261058669,9.677673419150601e-05,-2.557505316823079e-05
VTM-005481,DG-60b6e0a3413e,1,0.4367421567440033,0.42926793410065345,-0.09385051118328858,-0.10132473382663842,-0.2749853211351712
VTM-005490,DG-ee451541880d,1,0.39760643243789673,0.3952051815121195,0.003971909525657957,0.0015706585998807032,-0.002711387885358557
VTM-005501,DG-16d635148070,1,0.43237876892089844,0.43239692502645044,-0.019610270392401707,-0.019592114286849704,-0.026135472694654303
VTM-005520,DG-13d98c80404f,1,0.42940548062324524,0.42940528317927557,1.3377720855412e-05,1.3180276885738085e-05,-7.701397399821282e-06
VTM-005525,DG-6431d2f8d37d,1,0.4641159474849701,0.4641147619428565,0.00048694039751084883,0.00048575485539725793,-0.00013093595366215943
VTM-005528,DG-436be637e075,1,0.5034577250480652,0.5034607147854325,-5.25378795771525e-05,-4.9548142209809853e-05,1.342942960859882e-06
VTM-005536,DG-6ad7d51cc71c,1,0.4556460976600647,0.4556313634097056,6.574093964795136e-05,5.100668928886831e-05,-2.333659728819484e-05
VTM-005551,DG-7f58f97cfffe,1,0.46030542254447937,0.46006279983983633,0.0033168674729407988,0.0030742447682977625,-0.0006144208535761545
VTM-005578,DG-e240c885706f,1,0.4149644672870636,0.41496187044724664,2.9840607039255396e-05,2.7243767222295823e-05,-2.086719315832473e-05
VTM-005584,DG-0847f7ce3fba,1,0.4255361557006836,0.42552786055493036,0.021520882190088686,0.02151258704433545,0.006072644904434475
VTM-005595,DG-9ded9a9cead1,1,0.46207308769226074,0.46207329933187175,1.0683431695801548e-05,1.089507130680456e-05,-3.2556624686955833e-06
VTM-005597,DG-8d96e647a93d,1,0.38384467363357544,0.3839896539249218,-2.4893530450487145e-05,0.00012008676089586556,-2.4479143293868572e-05
VTM-005598,DG-6f2b8e2d5dd5,1,0.36260589957237244,0.3625252344492456,0.00017509097489254444,9.44258517657226e-05,-0.00020675683676216495
VTM-005601,DG-5b767de89127,1,0.4386903941631317,0.4386826181033236,0.001142184932979795,0.0011344088731716773,-0.0005150978105848601
VTM-005604,DG-ab7ee5cf2f0f,1,0.4991978108882904,0.48846656162959273,0.020105225678680727,0.009373976419983054,0.015709020133361652
VTM-005606,DG-503ba8e5246e,1,0.35924118757247925,0.34488982318681244,0.02884065121389434,0.014489286828227532,0.00341831200921948
VTM-005607,DG-c81694e2a658,1,0.25773313641548157,0.2576616306006643,0.014220751214331084,0.014149245399513843,-0.022354826140423157
VTM-005609,DG-acee0978108e,1,0.49291905760765076,0.49291579593007134,0.00044721857177582036,0.0004439568941964067,-1.7335625581851684e-05
VTM-005612,DG-bbf7cebfb45c,1,0.42528486251831055,0.4252544283473436,0.00019053188642387253,0.00016009771545694162,-0.00011497333080124143
VTM-005615,DG-ba323fc48947,1,0.4653913378715515,0.46530673103065784,0.00016611585641346238,8.150901551978729e-05,-4.510035256243049e-05
VTM-005620,DG-30cf53c0a33b,1,0.4612749516963959,0.46121096884067864,0.003689469690412339,0.003625486834695102,-0.000598923318604398
VTM-005625,DG-0996f516266d,1,0.45722872018814087,0.45714288526306407,0.0001939708448916999,0.00010813591981490012,-6.533513030379264e-05
VTM-005635,DG-02293414773a,1,0.4216497540473938,0.4057712000048912,0.046931321404912685,0.031052767362410083,0.05551318894363728
VTM-005640,DG-fdd99341d90a,1,0.4094996154308319,0.3900452649353831,0.0291434045742594,0.0096890540788106,0.01374464445367491
VTM-005641,DG-84abe3efa7c1,1,0.45559269189834595,0.4623365660675891,0.041552150093397855,0.04829602426264101,0.05063451902868408
VTM-005649,DG-283ec21d732b,1,0.47492489218711853,0.4763154398908433,-0.01165824017775291,-0.010267692474028145,-0.007748287442568097
VTM-005658,DG-140b18ca87b4,1,0.47095757722854614,0.4709150741900011,5.4268318990080555e-05,1.1765280445052984e-05,-1.253282830380443e-05
VTM-005660,DG-5e025d5a0b28,1,0.47513648867607117,0.47515325560871857,-3.8722614617570095e-05,-2.1955681970164953e-05,-7.781579322465788e-06
VTM-005666,DG-186e70e2cbfb,1,0.514885425567627,0.5148863954986554,-0.0014199746213220399,-0.001419004690293546,8.845143852239695e-05
VTM-005673,DG-97bdda36a64d,1,0.4742778241634369,0.47395447817831576,0.0004744015954349923,0.00015105561031386605,-8.883362592494471e-05
VTM-005674,DG-d0d05e742a33,1,0.47656935453414917,0.47662994626882066,-0.00013546238687700551,-7.487065220551647e-05,-2.6184535891878984e-05
VTM-005675,DG-749de955cbce,1,0.3811625838279724,0.38113342465022404,0.00040856307621484067,0.00037940389846646827,-0.0004042557317585882
VTM-005684,DG-21b64bc6ddb7,1,0.39720141887664795,0.3971889412141304,-0.04833949590036196,-0.04835197356287951,-0.12537266535133687
VTM-005698,DG-e943c534b870,1,0.42959117889404297,0.4295932210068977,-0.0003602549740738259,-0.00035821286121912044,-0.00021240665130087133
VTM-005702,DG-3de8a8c6eb91,1,0.39537686109542847,0.39539875603259966,-0.0002530336220351037,-0.00023113868486390743,-0.00022425825627883408
VTM-005718,DG-8a79c64b0d9e,1,0.42137598991394043,0.40338891787956027,0.05902706670638974,0.04103999467200958,0.09042863283163208
VTM-005722,DG-633dfcb6520c,1,0.3540707230567932,0.3528333280957048,0.014653356802582784,0.01341596184149435,-0.008461217622466344
VTM-005733,DG-c248f4828760,1,0.45484140515327454,0.45484137317739415,0.25970356662320637,0.259703534647326,0.4463621174496564
VTM-005735,DG-a7208eedc319,1,0.48111492395401,0.48111436304064675,4.9362653205320406e-05,4.880173984206371e-05,-7.37067523025992e-06
VTM-005742,DG-e4ef4379e38c,1,0.30776432156562805,0.3699620832844786,-0.15744929015555387,-0.09525152843670331,-0.5744165694653329
VTM-005747,DG-4b23dd3eda0f,1,0.4220079481601715,0.42227185296510816,-0.005112214968716833,-0.004848310163780178,-0.0043551627845081825
VTM-005758,DG-86ce3364a63d,1,0.40789464116096497,0.40309052109260274,0.008906950124844104,0.0041028300564818765,-0.003396825552047883
VTM-005764,DG-d497f348dd4f,1,0.4259718656539917,0.42595100186173757,0.003460601930488749,0.003439738138234616,-0.0015955920073866647
VTM-005766,DG-7b51e3f095ac,1,0.41417959332466125,0.41417960049042335,-0.0684609720282609,-0.06846096486249881,-0.19440361638032216
VTM-005813,DG-fe3608e99bb1,1,0.4917360544204712,0.4922193609724605,-0.0039037260213263814,-0.003420419469337077,-0.0008672958093005257
VTM-005816,DG-a94bef388649,1,0.43410632014274597,0.4340828419768704,0.0027976993976009945,0.0027742212317254378,-0.0011771556820488987
VTM-005818,DG-bd8d64cd5162,1,0.3328382670879364,0.3329261576023292,-0.008960172174535097,-0.008872281660142312,-0.01736821432715465
VTM-005831,DG-0e87f9d0e7ad,1,0.4457540512084961,0.411059041339735,0.11435262704332083,0.07965761717455971,0.27228547524950886
VTM-005832,DG-34ece45acbf2,1,0.46527785062789917,0.465277858737673,0.2473649369957341,0.24736494510550797,0.45230995598254603
VTM-005838,DG-4ceb8194a6ac,1,0.3667389452457428,0.3635757688852731,-0.22289717611492188,-0.22606035247539158,-0.5907137619636311
VTM-005842,DG-287a2c8cbe40,1,0.43605151772499084,0.43598826737423624,0.011942289443265086,0.01187903909251048,-0.000324682284615549
VTM-005856,DG-8f770c781b9c,1,0.4779073894023895,0.4778617044270495,0.002376934385428242,0.002331249410088221,-0.0001940578296391778
VTM-005859,DG-306561dd73df,1,0.4825235903263092,0.4814706992337607,0.0016255952331388213,0.0005727041405902966,-0.00012159772677152212
VTM-005863,DG-28bf7db6ed74,1,0.4783206582069397,0.478320629797921,1.9336701961858438e-07,1.6495800092553026e-07,-3.359822363116771e-08
VTM-005881,DG-ad8c5a469355,1,0.48258715867996216,0.48243639814665074,0.0007539466843200504,0.0006031861510086278,-8.236429721912534e-05
VTM-005886,DG-aa45cb19d0eb,1,0.42176932096481323,0.4227781614349151,-0.02792333773879846,-0.026914497268696602,-0.04836795111521837
VTM-005893,DG-3be85c486d6c,1,0.4610871374607086,0.46112390490791383,-9.435054096851303e-05,-5.758309376330262e-05,-2.9910561477069076e-05
VTM-005899,DG-937fba8e1a03,1,0.46623140573501587,0.46623139458114987,-0.03282840640112655,-0.03282841755499255,-0.049495873166817084
VTM-005905,DG-0ab2a9737e79,1,0.4960472881793976,0.496047271232116,8.105900878407901e-06,8.088953596829818e-06,-2.5370981995389673e-07
VTM-005914,DG-6053b938aedd,1,0.3178548216819763,0.317852331611666,0.016239328520466556,0.01623683845015622,-0.013315257996945105
VTM-005927,DG-fde23a336bef,1,0.37318992614746094,0.3731793570480724,1.9779418413967687e-05,9.210319025454439e-06,-2.1427618436500148e-05
VTM-005931,DG-51529a48810e,1,0.48488178849220276,0.48430194976504154,0.05379978254697304,0.05321994381981182,0.09489872286531155
VTM-005932,DG-3f4ea989a434,1,0.5435817837715149,0.5435817698798314,0.2102031993350043,0.21020318544332084,0.4986908598439284
VTM-005940,DG-d64df4e05c3f,1,0.40561145544052124,0.4052384483209157,0.049413956507100676,0.04904094938749515,0.05796032011451845
VTM-005943,DG-464bdfb55752,1,0.4271611273288727,0.4271624487457834,0.12656084935425266,0.12656217077116338,0.294330740398533
VTM-005952,DG-c0b0e8944938,1,0.3264520466327667,0.3262382704918921,-0.11900020272736744,-0.11921397886824209,-0.45917778760498806
VTM-005953,DG-4e4519d870a3,1,0.3955872356891632,0.3955869858681577,1.8869954399591826e-05,1.8620133394098293e-05,-1.6465373571902497e-05
VTM-005956,DG-3edb22f27d8f,1,0.4738650321960449,0.4738650317969606,-0.09869374798625108,-0.0986937483853354,-0.26774754053575206
VTM-005958,DG-f5bd4048b030,1,0.42468854784965515,0.424689328909865,0.010696140386244724,0.010696921446454566,-0.001806933865575505
VTM-005974,DG-13388e42c837,1,0.4129056930541992,0.4128884149553164,4.529586659163254e-05,2.8017767708832242e-05,-3.24608873533924e-05
VTM-005977,DG-eae132223717,1,0.45350807905197144,0.45349821728987716,9.115493513622841e-05,8.129317304195194e-05,-3.3861808420538804e-05
VTM-005986,DG-06d60e870ad6,1,0.42579981684684753,0.4221230693108055,-0.09655681383411885,-0.10023356137016087,-0.29217344161634995
VTM-005993,DG-090f05e57f8b,1,0.34818533062934875,0.34077090812731614,0.03912401999654053,0.03170959749450791,0.01926924030059162
VTM-006006,DG-b058800a8b0f,1,0.37706977128982544,0.3768575457693755,0.0016483588805299432,0.0014361333600800275,-0.0016034308242325798
VTM-006009,DG-2c9df1a4a96a,1,0.35481297969818115,0.3545410793711809,-0.1347255292536536,-0.13499742958065386,-0.47227760724448276
VTM-006014,DG-1e6fa2478067,1,0.4708203971385956,0.47021828430671697,0.010020779141027947,0.009418666309149337,0.0016871647546016493
VTM-006023,DG-22235b3b9dd2,1,0.40535423159599304,0.40632190330622897,-0.001718501892272295,-0.0007508301820363661,-0.001475432832180668
VTM-006029,DG-aed1c962de76,1,0.5302902460098267,0.5302884314561378,1.4402319742368164e-06,-3.743217146245925e-07,3.503689141977924e-07
VTM-006037,DG-883fa7446fa7,1,0.5207980275154114,0.5208106861366772,-1.57287077012791e-05,-3.0700864354082924e-06,2.6116180190509426e-06
VTM-006041,DG-49f47991a901,1,0.4533907175064087,0.45339045432304825,8.449554649403446e-06,8.186371288965155e-06,-3.1753383375556565e-06
VTM-006057,DG-fc83b9c13b3b,1,0.372816801071167,0.37289467181145286,0.001174991946073345,0.001252862686359213,-0.0012157897222651562
VTM-006063,DG-399529ddb51e,1,0.3899490535259247,0.38994602376211546,0.0006728218422129562,0.0006697920784037303,-0.0006026924878804509
VTM-006070,DG-9f22ffc06ac9,1,0.32030707597732544,0.3203229006027896,-0.09808794437972712,-0.09807211975426294,-0.394120268501007
VTM-006085,DG-d5aeffb493fb,1,0.4685133099555969,0.4667827319499526,0.002797527024155755,0.0010669490185114539,-0.0003919854081960856
VTM-006086,DG-bd9ba8f29e9a,1,0.3984670341014862,0.39846726174752567,-6.922621097599224e-05,-6.899856493652878e-05,-5.8855146303371814e-05
VTM-006089,DG-3b3cd5891d98,1,0.4444465637207031,0.4458913581544573,-0.03887110773870267,-0.0374263133049485,-0.0732053928818526
VTM-006092,DG-e8bd375be72e,1,0.4482234716415405,0.4482234605855114,0.1101533868988443,0.11015337584281515,0.261795705897195
VTM-006095,DG-745c100f5052,1,0.355085551738739,0.355085542148024,1.8017425635341588e-06,1.792151848534207e-06,-2.2801863077087144e-06
VTM-006108,DG-85e3e10359ff,1,0.5021179914474487,0.49594763500700867,0.011500669191709723,0.005330312751269661,0.005447948005608811
VTM-006110,DG-dbdde075ade8,1,0.5299449563026428,0.5263011396179932,0.006592414601862329,0.002948597917212692,0.0033265216592409325
VTM-006116,DG-8db70720d0af,1,0.4865894913673401,0.4865894817477182,0.3241581918585672,0.3241581822389453,0.4845290656465494
VTM-006127,DG-96efceda2896,1,0.4260236620903015,0.4258796515905163,0.000499475787397341,0.00035546528761210006,-0.00029182088706375734
VTM-006139,DG-0466532c3283,1,0.35343998670578003,0.35344015557722175,0.0002643014910744257,0.00026447036251614486,-0.00033572790551456504
VTM-006141,DG-e60de8451cfc,1,0.5197577476501465,0.5198103705687227,-0.020953587771090798,-0.02090096485251458,-0.013983745358202949
VTM-006148,DG-96276ef74fcd,1,0.4826812446117401,0.48272908609397075,0.09549008895513045,0.09553793043736108,0.23362344645900093
VTM-006150,DG-2658b863b3d2,1,0.4676479995250702,0.46764844146773615,5.069571964017028e-05,5.113766230613326e-05,-1.3072442729754065e-05
VTM-006158,DG-149d25002dce,1,0.4507877826690674,0.4507567689422353,5.558844531489138e-05,2.4574718482828217e-05,-2.1973334618200672e-05
VTM-006159,DG-01012fa9397d,1,0.37697726488113403,0.3769772700890208,-4.857765065646724e-06,-4.852557178858241e-06,-5.090060937201664e-06
VTM-006164,DG-571abe31d79c,1,0.42892298102378845,0.4161094541544341,0.0010805876645010315,-0.011732939204853299,-0.0005786128518076851
VTM-006173,DG-945012003076,1,0.46382197737693787,0.4637091079958792,0.00017965337325298592,6.678399219434139e-05,-5.09663107644474e-05
VTM-006189,DG-ca1d05c74b45,1,0.3887042999267578,0.38870428222319053,0.08849746997089358,0.0884974522673263,0.17474808590765853
VTM-006204,DG-c7f2add9b7ea,1,0.48654675483703613,0.4771666589849914,-0.1712236751124413,-0.18060377096448604,-0.4310177314683431
VTM-006207,DG-d54919a1df95,1,0.49066248536109924,0.4906624802727958,0.000611189777361798,0.0006111846890583528,-3.0719640026867105e-05
VTM-006209,DG-111c3a65f674,1,0.4327560067176819,0.4292683249226832,0.04785058389325825,0.04436290209825955,0.061043548933475425
VTM-006217,DG-62bc8d610c39,1,0.4511992633342743,0.45119909457710694,1.1188037546183693e-05,1.1019280378832264e-05,-4.404790593229036e-06
VTM-006218,DG-c3020fadaed3,1,0.3703662157058716,0.37036623259669393,0.10031807179339519,0.10031808868421754,0.204801454612953
VTM-006223,DG-d614e0cf6b3c,1,0.47478389739990234,0.4749421930805427,-0.0025776338295444567,-0.0024193381489041044,-0.0007879966204711163
VTM-006238,DG-98f562a02be6,1,0.41290897130966187,0.4128615060443374,0.1946312704253542,0.19458380516002974,0.38359544473548646
VTM-006239,DG-15b996f4812d,1,0.4860913157463074,0.48609177983868557,-1.0275088032640767e-06,-5.634164250700735e-07,-1.1446119198615571e-07
VTM-006254,DG-5ab26952723e,1,0.40394920110702515,0.40368094049263303,-0.20371956728616336,-0.20398782790055547,-0.5392323094664107
VTM-006258,DG-2b7da6b81249,1,0.37523213028907776,0.3725691070127459,0.004507652788888705,0.0018446295125568724,-0.003879742696857726
VTM-006260,DG-9abb6466da27,1,0.4317408800125122,0.4318614565579521,-0.010863948451925176,-0.010743371906485277,-0.01085414995026689
VTM-006264,DG-6cb0625ee595,1,0.4116114377975464,0.41161143247410403,0.04847318158253494,0.04847317625909259,0.05698370478481943
VTM-006267,DG-5d3ac05d3b2f,1,0.4588099718093872,0.4587677325257349,0.0016943162758604746,0.0016520769922081513,-0.00044580092902162194
VTM-006280,DG-6919bbf8618f,1,0.5083328485488892,0.5108115063413818,0.02280993436939749,0.025288592161890167,0.021746589901066513
VTM-006281,DG-a1afc7b55747,1,0.5004131197929382,0.4999348410668835,0.0011612170526167365,0.0006829383265620215,5.7770752408011144e-05
VTM-006286,DG-468e5a82e02c,1,0.3883838355541229,0.38825904988411486,-0.0036550677460810976,-0.003779853416089163,-0.004017409858315105
VTM-006289,DG-9a3a27a777ed,1,0.46320945024490356,0.4632108310306838,-5.469197926155633e-06,-4.088412145941689e-06,-1.6196893669588389e-06
VTM-006292,DG-c92f62161e56,1,0.5183819532394409,0.5183781471883544,0.006941996825145402,0.006938190774058883,0.0029467970739732964
VTM-006293,DG-f1ed6c814cde,1,0.4274422824382782,0.42139341604850794,0.03059771880703238,0.024548852417262124,0.01987163135826793
VTM-006303,DG-014e7dc0e98c,1,0.5113296508789062,0.5113379778210206,-0.0009038211639730287,-0.0008954942218586392,4.925334917915641e-05
VTM-006305,DG-1a3706e68560,1,0.4270641803741455,0.4270635038674122,0.0002889187262105075,0.0002882422194772083,-0.0001687735462602261
VTM-006306,DG-cd7c3beb83c0,1,0.5456755757331848,0.5456803409737457,-0.00041311383936815105,-0.00040834859880722885,0.00014529217925880254
VTM-006307,DG-7ed39b788ca9,1,0.393624871969223,0.3771006460725559,0.048409882222355816,0.03188565632568868,0.05215979817089785
VTM-006308,DG-55f9ffc27f01,1,0.5519102811813354,0.5519116872933372,7.714545490089542e-06,9.120657491812345e-06,3.2410494419894802e-06
VTM-006309,DG-ca7c29e9163a,1,0.4106709957122803,0.4106710066994801,-0.025689631059363782,-0.025689620072163966,-0.045207720760352295
VTM-006310,DG-e285244a1c2a,1,0.36170685291290283,0.3617060897383558,0.00029633919143223775,0.00029557601688517954,-0.00035095394862774833
VTM-006319,DG-702ae4a57eea,1,0.4130922555923462,0.41310033211471214,-0.002846165278752588,-0.0028380887563866364,-0.0023817209358800483
VTM-006331,DG-8df92333e932,1,0.3425695300102234,0.3425522639821423,0.008174933843223764,0.008157667815142655,-0.008157974395353578
VTM-006337,DG-6bf59d4ddbb4,1,0.39816999435424805,0.39816999987779056,0.1177029599019177,0.11770296542546022,0.2605104799635673
VTM-006339,DG-1337c092ba62,1,0.4351734519004822,0.4351719345125648,0.00037014748726599267,0.00036863009934862134,-0.00018959320262588393
VTM-006344,DG-4c985881a21a,1,0.5298760533332825,0.529875999812761,4.513843971376552e-06,4.460323449917425e-06,1.0835326241009998e-06
VTM-006348,DG-8fafa591bdc6,1,0.3848430812358856,0.3848604271514841,0.0006607641589000401,0.000678110074498528,-0.0006235438036481813
VTM-006351,DG-8a8829b196e3,1,0.42981991171836853,0.42981929380582956,0.0016352711498267558,0.0016346532372877864,-0.0008255503355330479
VTM-006352,DG-a3318d8d1fd0,1,0.3700641095638275,0.37006411104557096,-0.046345964137278095,-0.046345962655534645,-0.1316470601675731
VTM-006354,DG-e124ee62b1d6,1,0.43942034244537354,0.43941374549915496,2.8194939959480525e-05,2.1597993740907206e-05,-1.3835236064286664e-05
VTM-006364,DG-f82fc56f74fe,1,0.5353798866271973,0.5353712668439771,-2.0812613442111605e-05,-2.9432396662310012e-05,5.9029424419108145e-06
VTM-006372,DG-1d80b7a2972c,1,0.5358672738075256,0.5358709229193503,1.8895312869804393e-05,2.254442469451501e-05,5.464245336327799e-06
VTM-006378,DG-a9b45d50fe7b,1,0.4187345504760742,0.4187369254588371,2.435658240357297e-05,2.673156516647124e-05,-1.623953177007529e-05
VTM-006380,DG-50f19d1216eb,1,0.5059311985969543,0.5069757895025786,-0.0016694004902683135,-0.0006248095846440593,-3.227773353107676e-05
VTM-006386,DG-8b5d1a3ce7a5,1,0.5377561450004578,0.5377561560294066,0.17896991428586917,0.17896992531481803,0.46057991697201434
VTM-006396,DG-697ca2d8d95e,1,0.4801937937736511,0.48015314462845404,0.00046827813037664257,0.00042762898517956227,-6.551802973789451e-05
VTM-006406,DG-64e44427bb12,1,0.505933940410614,0.5059369483049935,-0.008945053287623073,-0.008942045393243614,-0.002765426386401008
VTM-006416,DG-5dbe3774a773,1,0.3615019619464874,0.3615019557326184,0.1810525179030276,0.18105251168915856,0.3369125604811447
VTM-006419,DG-a7b93eb43c4a,1,0.41780808568000793,0.41780358628677333,1.5036089741404801e-05,1.0536696506802112e-05,-1.0151839002556794e-05
VTM-006446,DG-f1f23f6e8b98,1,0.45562031865119934,0.45055163972157736,0.008713730859258473,0.003645051929636489,-3.5488921503700525e-05
VTM-006451,DG-385abede10ff,1,0.47536391019821167,0.4753639335622575,-2.376179681390367e-05,-2.373843276809451e-05,-4.717263136507679e-06
VTM-006454,DG-b276f2663cd7,1,0.3635506331920624,0.3639517912893457,-0.03637437727326337,-0.035973219175980065,-0.09573752910148148
VTM-006455,DG-45618ca2806c,1,0.48544156551361084,0.4854417021525217,-0.024215342583641664,-0.02421520594473081,-0.025519607710674498
VTM-006456,DG-df5453cb2c5c,1,0.41637811064720154,0.4163794897914832,-0.00016552484130416545,-0.0001641456970224997,-0.00011507158100542999
VTM-006458,DG-78e5909875ac,1,0.43306154012680054,0.4335920522048793,-0.0011442333718793551,-0.0006137212938006065,-0.0006779790389139304
VTM-006459,DG-acdaa3a49be8,1,0.46824994683265686,0.46865258089246203,-0.0007472888321664595,-0.00034465477236128583,-0.00021307375854068627
VTM-006462,DG-362d580f0eec,1,0.5120024085044861,0.5147683723160128,-0.004968864735344525,-0.0022029009238178077,-0.0005106655319599152
VTM-006468,DG-e1337f42a06f,1,0.3849825859069824,0.38486597612422124,0.03138621568152844,0.03126960589876726,0.012479086092795666
VTM-006469,DG-8fdd0f1d0512,1,0.5010285973548889,0.5010303021266207,-3.1740323324092046e-06,-1.4692606006283526e-06,2.5715538291190705e-08
VTM-006474,DG-68a9c1846038,1,0.37169986963272095,0.371646433833903,0.00012695450567584698,7.351870685790018e-05,-0.00013876162065878643
VTM-006499,DG-df34586f7b5b,1,0.48858073353767395,0.46628569113662605,0.052123533672599254,0.02982849127155135,0.09093689614656571
VTM-006506,DG-57f574420a71,1,0.39991676807403564,0.3999384676090317,0.00717023977579867,0.007191939310794704,-0.0037531817522988157
VTM-006509,DG-a509be936d71,1,0.4382193982601166,0.4382194761026208,6.456814832800362e-07,7.235239875003074e-07,-3.2405531422845596e-07
VTM-006515,DG-8c4542ad5b8f,1,0.5079001784324646,0.4997480302204227,0.0127332038015186,0.00458105558947669,0.007231179361512586
VTM-006525,DG-fa7f228dc4d5,1,0.37497803568840027,0.37432825616663984,0.004736636698033536,0.0040868571762731065,-0.004038686558960602
VTM-006526,DG-3e99f4d7c870,1,0.4248712956905365,0.4248780664426287,-0.1810140625206974,-0.1810072917686052,-0.4944475414323386
VTM-006529,DG-65edcad1450a,1,0.4765160083770752,0.4757384703318484,0.0038905754651292757,0.003113037419902487,-0.00012448359646704472
VTM-006530,DG-21a17b3a8f00,1,0.5044256448745728,0.504444941160107,-0.00012306273348183794,-0.00010376644794762857,3.7515306521098502e-06
VTM-006534,DG-3046ae5b083d,1,0.5078099966049194,0.507811179479361,-0.005489002525407294,-0.005487819650965675,-0.0008613907042667953
VTM-006544,DG-16576a21c706,1,0.4772079885005951,0.47720751989408916,1.0111762652198486e-06,5.4256975928757e-07,-1.847167848703976e-07
VTM-006546,DG-8108371c3411,1,0.47377902269363403,0.4557579747015662,0.05103859747711159,0.03301754948504376,0.082614077014949
VTM-006547,DG-f1c1dc2256f5,1,0.5168260931968689,0.5166306999319514,-0.00012475652354126954,-0.00032014978845873454,1.6188504637576136e-05
VTM-006558,DG-b32c3214e593,1,0.4601190388202667,0.45648715688800484,0.006908781285616283,0.003276899353354401,-0.0002854555928458641
VTM-006561,DG-b2194dc77830,1,0.46148988604545593,0.4613548390887216,-0.024835715019638105,-0.024970761976372435,-0.0315740274624222
VTM-006584,DG-414f22bb6910,1,0.3841150999069214,0.38411509958404844,0.08196793986836248,0.08196793954548953,0.15280953914355294
VTM-006590,DG-3d50b9f848fa,1,0.3611290454864502,0.3614296471169507,-0.07252087788962386,-0.07222027625912336,-0.24879761178722812
VTM-006599,DG-3549ebd5a680,1,0.44582483172416687,0.4457671222441409,-9.312813155620825e-05,-0.00015083761158218856,-4.1195675559478436e-05
VTM-006601,DG-ad47b9a01ad5,1,0.5451362133026123,0.5451367002076202,-0.0018275719720276529,-0.0018270850670197847,0.0005296440095680904
VTM-006605,DG-47eb23160925,1,0.4493265151977539,0.4491567553087058,-0.4024386975882447,-0.4026084574772928,-0.5501681417081341
VTM-006613,DG-0e82f48bee4f,1,0.46267443895339966,0.4626744306616196,0.06427712480841702,0.06427711651663698,0.12073179245289684
VTM-006617,DG-611ae7b49e04,1,0.5270750522613525,0.5270750449356704,6.834445743786333e-07,6.761188922066452e-07,1.4848851139989595e-07
VTM-006620,DG-cf96751ec6cc,1,0.4570118188858032,0.4567355298071646,0.00043764423729003576,0.0001613551586513995,-0.00014386304532030089
VTM-006645,DG-146e8c2ba7d2,1,0.3977838158607483,0.3974766339003242,0.000487623922164393,0.00018044196174032967,-0.00040585728681648715
VTM-006646,DG-e26d93c40357,1,0.4511657655239105,0.45117878185248084,-0.0030329966747667525,-0.003019980346196438,-0.0015698392622404658
VTM-006666,DG-2c8568d93bef,1,0.42818257212638855,0.42280533790920205,-0.08652557789621562,-0.09190281211340212,-0.2543830077996566
VTM-006667,DG-d26e120dd916,1,0.5194233655929565,0.5194233636096177,0.28053566283851594,0.2805356608551771,0.510056353420667
VTM-006668,DG-e0b6069083e9,1,0.4367889165878296,0.4368567881854788,-0.00017069152208093463,-0.0001028199244317296,-8.89183206100781e-05
VTM-006672,DG-39d5d0313297,1,0.47773563861846924,0.4777209484156024,2.3101404038383677e-05,8.411201171565352e-06,-4.1014554032890785e-06
VTM-006680,DG-352daeff9b56,1,0.4664352238178253,0.4664386459345019,-2.7699404553049867e-05,-2.4277287876461884e-05,-7.502404250367765e-06
VTM-006688,DG-74c2249ad769,1,0.3920343220233917,0.39190271280317107,0.0003764057638189766,0.0002447965435983246,-0.0003348312162948605
VTM-006692,DG-61c9215808c8,1,0.5076422095298767,0.5076422185431365,0.45511134844088275,0.45511135745414255,0.5076332705540129
VTM-006697,DG-235c1998a91d,1,0.4998590052127838,0.49985821533672004,0.00011947587695376738,0.00011868600088998926,4.362153627742985e-07
VTM-006706,DG-e2fcab7f3992,1,0.4301786720752716,0.4301790780551024,-0.1172683324567304,-0.1172679264768996,-0.35602185928597657
VTM-006708,DG-11ac55e78c88,1,0.46957647800445557,0.46965323056275277,-0.00013194156689583236,-5.518900859863285e-05,-3.2933327244100597e-05
VTM-006731,DG-365cc5575c16,1,0.49885547161102295,0.4988649580587433,-0.0009437691094760225,-0.0009342826617556588,-4.42676389846299e-05
VTM-006733,DG-7c523b4058ab,1,0.3809889554977417,0.37424291366558454,0.11840286966509594,0.11165682783293879,0.25560647009624216
VTM-006735,DG-2113814cced4,1,0.4093647003173828,0.40416893679817395,0.016998743716936326,0.011802980197727464,-0.0004311221315893925
VTM-006748,DG-fb0ce75d1974,1,0.4665271043777466,0.4665317815988018,-1.3248878326044267e-05,-8.57165727080611e-06,-3.5708768693681585e-06
VTM-006754,DG-8b7ddf3cd66e,1,0.4814985394477844,0.48152355711260053,-0.0024648493152739093,-0.002439831650457802,-0.0006087355345334094
VTM-006757,DG-79ee25311ae5,1,0.5426428914070129,0.5426428926737524,0.2786813277808166,0.2786813290475561,0.531184158253372
VTM-006759,DG-57241958fda6,1,0.45563456416130066,0.45563457877189323,0.11286607024534379,0.11286608485593635,0.27289813904421845
VTM-006761,DG-0d0041e6985c,1,0.391882061958313,0.38244020051387556,0.07028510638923002,0.060843244944792596,0.11740707317977506
VTM-006782,DG-0551bc8cdb46,1,0.4529525935649872,0.436052725859437,0.06343892503290022,0.04653905732735003,0.11453820852329663
VTM-006784,DG-e168a1187cbc,1,0.5145470499992371,0.5001519162050705,0.030186394401986116,0.015791260607819546,0.03817588643232978
VTM-006788,DG-b250f2d2b7c6,1,0.47112444043159485,0.46967144441049463,0.002348186710587563,0.0008951906894873463,-0.0003222499358124544
VTM-006796,DG-63bb8952dcc1,1,0.5028963088989258,0.5029663603887317,-0.00012494755938186053,-5.489606957598259e-05,2.2706753437299774e-06
VTM-006806,DG-68f3154d4632,1,0.41770923137664795,0.40347914963559184,0.026744056710407804,0.012513974969351693,0.011603048433674566
VTM-006819,DG-b290c8891add,1,0.5565215349197388,0.5568475006564072,-0.0008443780909105358,-0.0005184123542421037,0.0003575433698470639
VTM-006822,DG-69e82cbcbb45,1,0.4922688603401184,0.4922725089543735,-0.00012606654026642294,-0.00012241792601130896,-8.434945435781298e-06
VTM-006840,DG-014e00a5d7f5,1,0.44512516260147095,0.4448680503839235,-0.05670189604828446,-0.05695900826583189,-0.13312895240352354
VTM-006846,DG-2d2c179409d9,1,0.49065548181533813,0.4885565958772933,0.0192795989452762,0.01718071300723134,0.013183913791475892
VTM-006847,DG-7fb3921b6e1d,1,0.51084303855896,0.5035785380535426,0.11557395848221935,0.10830945797680197,0.3106117737233227
VTM-006854,DG-d4c1aa8c6ba6,1,0.5055168271064758,0.5055168299874043,-0.01908138096950307,-0.019081378088574574,-0.01347133365967264
VTM-006868,DG-c7a004367aa8,1,0.54642653465271,0.5463824039927482,-0.012517397977747535,-0.012561528637709318,-0.0016683527744516008
VTM-006880,DG-b8b227f6e90b,1,0.48350653052330017,0.4834712237868294,0.0001100406575003654,7.473392102957943e-05,-1.4050116057142723e-05
VTM-006881,DG-f19d00627db3,1,0.39580976963043213,0.3973337952124732,-0.0027594186951614974,-0.001235393113120431,-0.0027330692121472714
VTM-006882,DG-15efb612bdf1,1,0.37151381373405457,0.37151379405618346,0.06968681114207931,0.0696867914642082,0.11019443864004695
VTM-006890,DG-03c2064e7d95,1,0.4469492435455322,0.44694924816590975,0.20494917030590368,0.2049491749262812,0.4166177106894942
VTM-006893,DG-4f03d71b8c1d,1,0.48922157287597656,0.472132871590394,0.03294462810884474,0.0158559268232622,0.0384378958206784
VTM-006909,DG-3bf078ead3cc,1,0.3678014576435089,0.3677252234005506,-0.005116353855344258,-0.005192588098302586,-0.006998829065375175
VTM-006914,DG-f36e14e2cd4c,1,0.475508451461792,0.4755083404627312,0.001072114239115296,0.0010720032400545199,-0.0001643788944743002
VTM-006915,DG-93359294ccdd,1,0.46400874853134155,0.46316798551408794,0.0007241769251761232,-0.00011658609207748638,-0.00018841781007981564
VTM-006919,DG-9f08fb487360,1,0.4126175045967102,0.4099320840324034,-0.01858385044593286,-0.021269271010239676,-0.02745000791083237
VTM-006926,DG-c565baa7814d,1,0.5337069034576416,0.5337065918072504,3.723251618792389e-06,3.411601227631955e-06,1.0091369366602041e-06
VTM-006928,DG-8dba597cac3e,1,0.43603795766830444,0.441290571493527,0.03803868473144473,0.0432912985566673,0.03709166714633447
VTM-006947,DG-07eaca2d8909,1,0.45909300446510315,0.4589443445564915,-0.017927740061373876,-0.0180763999699855,-0.018589593397015342
VTM-006953,DG-7f1276c9b70d,1,0.45613881945610046,0.45623479451543636,-0.015305692688261041,-0.015209717628925146,-0.014722157897106597
VTM-006965,DG-7cd9c2c98da4,1,0.45385709404945374,0.45383349024032615,5.823460761256172e-05,3.4630798484980296e-05,-2.1543806312165832e-05
VTM-006972,DG-012188a198fa,1,0.4520813524723053,0.4512004354929775,0.001389058783693664,0.0005081418043658692,-0.00045890292152247586
VTM-006982,DG-ace3fb6c11af,1,0.555189847946167,0.5551909475168206,-0.012029447647890934,-0.012028348077237294,-0.000542850148144898
VTM-006988,DG-269a68856d54,1,0.3616751432418823,0.36170868753677143,-0.019079962422808905,-0.019046418127919795,-0.03875457849100021
VTM-006989,DG-95bc3e000bfd,1,0.43336963653564453,0.43334666196193145,3.72090692946081e-05,1.4234495581522122e-05,-2.013542047368544e-05
VTM-006992,DG-bad75e95f653,1,0.45657527446746826,0.4354017206016794,0.05139359819053996,0.030220044324751116,0.07817937218475196
VTM-007008,DG-b0bccd8b5c93,1,0.4098723530769348,0.4104981817076909,-0.0015442052744596424,-0.0009183766437035334,-0.0012518422874837605
VTM-007012,DG-205204937dba,1,0.4779413640499115,0.45730571260616737,0.038576892070802504,0.017941240627058375,0.04911316143174454
VTM-007014,DG-1c8f69439a2d,1,0.47405359148979187,0.457109158472046,0.09153781244448805,0.07459337942674216,0.2166461507489624
VTM-007024,DG-21e724a507f7,1,0.5022972226142883,0.5023060691575586,-5.219679308721137e-05,-4.3350249816942465e-05,8.502969865205658e-07
VTM-007038,DG-b84d795c4f25,1,0.48825597763061523,0.48850393531490643,-0.01505554186070357,-0.01480758417641237,-0.01036612037683182
VTM-007042,DG-4777ebe92184,1,0.5247424840927124,0.5247457163593101,-0.00024451150501625385,-0.00024127923841854582,4.6115203002907285e-05
VTM-007047,DG-c7aca8fa9e9c,1,0.5523390173912048,0.5523390231750591,4.4514757991276355e-05,4.452054184556076e-05,1.8926216171780856e-05
VTM-007052,DG-0155a09f2ad5,1,0.4455084204673767,0.4438715033328277,-0.0004625603837952186,-0.002099477518344217,-0.0002128108278496851
VTM-007053,DG-d8ed3a0c6453,1,0.5174809694290161,0.5174803934199368,0.001663460804355199,0.0016628847952758763,0.00034378924724093996
VTM-007058,DG-ae31553a597d,1,0.47616010904312134,0.47440201974892976,-0.02591455106831575,-0.027672640362507328,-0.03081785982783842
VTM-007067,DG-27f5dec77893,1,0.500238299369812,0.5002380435982916,0.0009979113965836173,0.0009976556250632096,4.1733339943608014e-05
VTM-007075,DG-0d7f0acc665c,1,0.42552611231803894,0.425521101177863,0.04203626887939205,0.04203125773921612,0.04395657720191304
VTM-007078,DG-93f9ca07c210,1,0.4591832756996155,0.4591825493793024,0.0798884943450735,0.07988776802476044,0.1715378046140993
VTM-007079,DG-7f0c276632b7,1,0.4612484276294708,0.4609841015332734,0.00788730496031742,0.00762297886412,5.662750700903527e-05
VTM-007084,DG-a7fde2fef6cb,1,0.5309721231460571,0.5309487621405845,0.0008731419383921635,0.0008497809329195416,0.0002478734438105444
VTM-007096,DG-0eac1ebee7f9,1,0.4540899097919464,0.45408968965693347,0.001550433249609906,0.0015502131145969655,-0.00047658332053229373
VTM-007101,DG-9b2e8817f013,1,0.46742478013038635,0.46742356207438046,1.7954185563828773e-06,5.773625504912339e-07,-4.697537602623175e-07
VTM-007107,DG-718d5a8598b4,1,0.4656434655189514,0.4590409018299051,0.011139684831162289,0.004537121142115963,0.0019203877463336448
VTM-007126,DG-884b4c342735,1,0.5424415469169617,0.5424409854489634,0.017798944222813362,0.017798382754815045,0.018599691735053252
VTM-007130,DG-22120a83483d,1,0.4937206506729126,0.49371674766907886,-0.03277319298767878,-0.03277709599151252,-0.042232824749186756
VTM-007132,DG-8ad82254f70f,1,0.49775126576423645,0.49775130060749845,-5.12047379047087e-05,-5.116989464271082e-05,-1.0260660770117508e-06
VTM-007136,DG-48b16eb09e10,1,0.49636462330818176,0.4963561962306249,3.2188596173932105e-05,2.3761518617049227e-05,-8.947426399997267e-07
VTM-007137,DG-3cafb7549912,1,0.49831122159957886,0.4981597360944691,-0.015956403221125237,-0.016107888726234976,-0.010263495426228926
VTM-007140,DG-a591a52dfe7f,1,0.4473576843738556,0.42733773080200393,0.029466644224163507,0.009446690652311851,0.021941977354149343
VTM-007142,DG-3e786e43488c,1,0.3507097363471985,0.35069228584428247,0.006690370567427217,0.006672920064511201,-0.00663061328517532
VTM-007143,DG-444b6d41868f,1,0.46496549248695374,0.4649847012405216,-0.0004540112277727215,-0.00043480247420485396,-0.00013619305435634644
VTM-007145,DG-d2c9b59edaeb,1,0.4022699296474457,0.4041226484851427,-0.006413197545488969,-0.004560478707791971,-0.006960282885048689
VTM-007156,DG-a4dae5849bd6,1,0.469001829624176,0.4615471352313683,0.014286381283105942,0.0068316868902982275,0.004620490754194533
VTM-007194,DG-7acc09a7bc0b,1,0.46718522906303406,0.4551844132355982,-0.1851748336236887,-0.19717564945112454,-0.46452524248210175
VTM-007200,DG-1a6867e9221c,1,0.48503658175468445,0.48483438985707594,-0.2572189022406973,-0.25742109413830583,-0.49966713522856504
VTM-007212,DG-e89f492afb39,1,0.47143086791038513,0.4714308549071847,0.16345854901968504,0.16345853601648463,0.3899000012662637
VTM-007217,DG-90d0db02ef56,1,0.4614853858947754,0.4614853942269442,0.1433897962415991,0.14338980457376788,0.34873906742901056
VTM-007224,DG-40ead043f2eb,1,0.45434096455574036,0.44983203915400277,0.009631439643983442,0.005122514242245857,0.00022084035649310238
VTM-007227,DG-6a677e27e70c,1,0.48205360770225525,0.4824951473347449,-0.0020711056542788153,-0.0016295660217891528,-0.0004695970995010761
VTM-007230,DG-01d1e8230004,1,0.5139671564102173,0.5139362019197115,0.019744908528544602,0.019713954038038772,0.017462527851264724
VTM-007234,DG-d738778ce3b2,1,0.5060603022575378,0.5059314270547604,-0.00012272191461337734,-0.0002515971173908671,5.348138408309194e-06
VTM-007241,DG-3a9a05a4f46c,1,0.4601077437400818,0.4544122368205665,0.00844804173334035,0.002752534813825036,0.0001753219554177559
VTM-007242,DG-58de26972b40,1,0.3247204124927521,0.3247232869206349,-9.985871742779207e-06,-7.111443859952882e-06,-1.5969512642184368e-05
VTM-007244,DG-96168dade965,1,0.5133096575737,0.5130773754907023,0.00666323484386977,0.006430952760872133,0.002482211626515293
VTM-007247,DG-94f8212e4252,1,0.4629579782485962,0.4644972033159317,-0.01371232160253022,-0.012173096535194716,-0.011561615713758036
VTM-007249,DG-7732101836ea,1,0.50559401512146,0.5055940290358966,-0.005701769130907697,-0.005701755216471094,-0.0010438021773452567
VTM-007256,DG-39de8fb3c92d,1,0.5070675015449524,0.49995683917004125,0.012220645095689986,0.005109982720778838,0.0066147661553196836
VTM-007265,DG-fb95a06933cb,1,0.4539065957069397,0.4392162768491549,0.03394933919116827,0.019259020333383448,0.03229606290777652
VTM-007266,DG-a3e828b2e2ba,1,0.5377615690231323,0.5081516542787822,0.09136890975939249,0.06175899501504234,0.24992523895501476
VTM-007291,DG-11288cd23234,1,0.2823309898376465,0.2785211402184719,-0.03807897605210542,-0.041888825671279994,-0.14912024599102136
VTM-007316,DG-6edc13fb3e84,1,0.3288949429988861,0.32791771794220204,0.11689016932393423,0.11591294426725016,0.23453846183612823
VTM-007327,DG-b9fcfb033f77,1,0.4757188856601715,0.475726505101735,-1.1137123459126208e-05,-3.5176818956594857e-06,-2.173470606193627e-06
VTM-007328,DG-580a1f92c831,1,0.4179243743419647,0.41791374034278195,3.203748470326229e-05,2.1403485520488097e-05,-2.1575367850148904e-05
VTM-007329,DG-8ed970caff90,1,0.49343836307525635,0.4933817625371613,0.00015803555033178096,0.00010143501223675022,-7.297873854289243e-06
VTM-007343,DG-d75be275c36e,1,0.45300036668777466,0.4507526350965175,0.00232852389776228,8.079230650509528e-05,-0.0006627190721876224
VTM-007354,DG-ef924811a9be,1,0.40002313256263733,0.4000231503326147,-0.2228643140325125,-0.22286429626253512,-0.5588886111062084
VTM-007356,DG-09650c85995e,1,0.49343591928482056,0.49343184675156315,0.00019953172870396108,0.00019545919544655677,-8.886712810363097e-06
VTM-007360,DG-90f8dffe910a,1,0.36276954412460327,0.3628110671206351,0.07335291699008128,0.07339443998611311,0.11983203666762578
VTM-007362,DG-28fec39f032e,1,0.5433798432350159,0.5433797950200983,1.3014360245033885e-06,1.2532211068894128e-06,4.5514285719562424e-07
VTM-007369,DG-d58f2dffff80,1,0.4221830368041992,0.4203528018365819,0.0797141654281821,0.0778839304605648,0.15725315654399377
VTM-007376,DG-2b583818b45f,1,0.459537148475647,0.4434425384713275,0.042854638487649255,0.026760028483329756,0.055097775396979944
VTM-007379,DG-66569cc42a06,1,0.5157612562179565,0.5157600949885355,0.0012977121387648394,0.0012965509093437744,0.00023125177280701827
VTM-007390,DG-73a259ee8ddd,1,0.43442055583000183,0.4349035871846613,-0.0018251966678679565,-0.0013421653132084654,-0.0011115829105665465
VTM-007393,DG-af227687d2fa,1,0.5064544677734375,0.5064437145736992,-0.23960488088270426,-0.23961563408244257,-0.4740504411034099
VTM-007399,DG-43a78a7ba14f,1,0.4761147201061249,0.47608223553579654,0.030186856165381526,0.030154371595053187,0.029441877613966595
VTM-007402,DG-90c812994310,1,0.4606024920940399,0.46227472947020065,-0.021431330585357455,-0.01975909320919672,-0.0247536725455738
VTM-007412,DG-8a926ebca874,1,0.4495380222797394,0.4473934764747296,-0.07200037044387264,-0.07414491624888242,-0.1872371837567408
VTM-007430,DG-95bb393a3ecf,1,0.4686306118965149,0.46843256346086576,-0.0005725349362730725,-0.0007705833719222066,-0.00015745054286085068
VTM-007444,DG-ff46fb0330ca,1,0.438275009393692,0.42524593403389493,0.027088230409613223,0.014059155049816141,0.016028383097882914
VTM-007446,DG-b4346039acc4,1,0.4770706593990326,0.47706977423352526,0.06426683456665944,0.0642659494011521,0.12607866660955847
VTM-007455,DG-0181fe702e23,1,0.5280196666717529,0.5281583967394577,-0.005649187137328204,-0.005510457069623387,-1.3787496316212013e-05
VTM-007456,DG-ce6247e3ba3f,1,0.5016348361968994,0.5016282121351201,-0.0007880556241807168,-0.0007946796859600314,-1.4534481463252344e-05
VTM-007459,DG-f2cc5d1f3763,1,0.4743318557739258,0.4690929527267446,-0.03956697076833238,-0.04480587381551354,-0.06557315353410284
VTM-007480,DG-bf047ac887c7,1,0.46704670786857605,0.45795648182682314,0.015218456065923258,0.006128230024170345,0.005250780833876152
VTM-007484,DG-39f32b488227,1,0.48259636759757996,0.48248622124044915,0.0020820269838196515,0.001971880626688849,-0.00011642164236334135
VTM-007495,DG-bd95879e8528,1,0.5931962728500366,0.5931937348290885,0.00011651750385155424,0.00011397948290348126,9.057744845293466e-05
VTM-007498,DG-466098dea1e4,1,0.5103525519371033,0.5044780106698139,-0.03251011071112908,-0.03838465197841845,-0.037550781318598715
VTM-007506,DG-1745020f169d,1,0.4695064127445221,0.46090074824952487,0.0026447950356639494,-0.005960869459333273,-0.0003657515163187506
VTM-007514,DG-5e311bb0885a,1,0.4564332664012909,0.4564121412939354,4.007891207236103e-05,1.8953804716892453e-05,-1.40105826306885e-05
VTM-007536,DG-872e2142a1a1,1,0.4284687340259552,0.4284694805840932,2.4397394535469186e-05,2.514395267344538e-05,-1.4228415711979246e-05
VTM-007537,DG-7a4ac6de9dfe,1,0.42926210165023804,0.42398713926496656,0.07370786531550544,0.06843290293023396,0.1399709908621429
VTM-007544,DG-fb9daa825772,1,0.42526304721832275,0.4252535887792054,0.0006265890705294819,0.0006171306314121106,-0.00036683019537780303
VTM-007558,DG-8fd232493075,1,0.42535069584846497,0.42538634058052494,-0.00022777483712232982,-0.00019213010506236028,-0.0001412878377504482
VTM-007562,DG-fc22b66b3092,1,0.4920438826084137,0.49204370742786796,0.0002613794002617742,0.000261204219716038,-1.390666285677209e-05
VTM-007565,DG-d6f81c03742c,1,0.48489266633987427,0.4848658717829848,6.861253322565375e-05,4.181797633617812e-05,-8.111377407013114e-06
VTM-007569,DG-80ef8531c1f2,1,0.5414854288101196,0.5414755556536207,0.004014823806747336,0.004004950650248418,0.001992645154897282
VTM-007573,DG-dc553c174fc5,1,0.4778209924697876,0.4771576862566968,0.0011366977103771103,0.0004733914972863129,-0.00015020517849344563
VTM-007578,DG-ce1721242e30,1,0.34123486280441284,0.34127655505895266,-0.0004816213679871284,-0.00043992911344731267,-0.000691542652021851
VTM-007579,DG-1222c7b1f85e,1,0.40040645003318787,0.35510228608462374,0.09959624468706152,0.054292080738497395,0.2121855636207414
VTM-007593,DG-e963935b6ede,1,0.497439444065094,0.49743946611929607,-1.579492514558467e-06,-1.557438312482784e-06,-3.245567658686117e-08
VTM-007596,DG-439066e60c96,1,0.5082632899284363,0.5061740922248592,0.013020477711343736,0.010931280007766664,0.007577578029229951
VTM-007600,DG-930258c21e68,1,0.4977818727493286,0.4977821310734445,-4.34889951814732e-05,-4.323067106559719e-05,-8.473824834832393e-07
VTM-007602,DG-6cedbf83b8f7,1,0.4445308446884155,0.44453083629468887,0.18390690265088433,0.18390689425715767,0.39715732695580663
VTM-007606,DG-3247fa8d2f0d,1,0.4614831507205963,0.4614831498309643,0.24559048986211116,0.24559048897247912,0.4484107577849966
VTM-007607,DG-81560505117f,1,0.5034704208374023,0.5012219948491985,-0.11866998145571184,-0.12091840744391569,-0.3107406305103292
VTM-007612,DG-f99dee3f4fb5,1,0.46499839425086975,0.4649983926359817,-6.72983880800615e-05,-6.730000296811811e-05,-1.9119981111172354e-05
VTM-007618,DG-f1b995fb2ce7,1,0.3813493847846985,0.38135654749050807,-0.002194667776253101,-0.0021875050704435184,-0.0024206305121878364
VTM-007626,DG-77dc713bee86,1,0.3662850558757782,0.36568095957078645,-0.004297738464023426,-0.004901834769015179,-0.0057890194361842175
VTM-007628,DG-cb08acad902a,1,0.3947433829307556,0.39476380745506096,0.02624203437591499,0.02626245890022033,0.006634011256243376
VTM-007639,DG-85dae20d89b3,1,0.43697595596313477,0.43697550802797935,0.00523092815031434,0.005230480215158928,-0.0015505521787265574
VTM-007641,DG-eefce0869427,1,0.3706207573413849,0.3706251603888397,1.2046717639602189e-05,1.644976509440621e-05,-1.3356950696990254e-05
VTM-007648,DG-943e33720d63,1,0.49815988540649414,0.4981589874761874,1.479786073610434e-05,1.3899930429384089e-05,-2.0908174280128976e-07
VTM-007650,DG-5ce0753ae962,1,0.5347515344619751,0.5347701378552548,0.021064430105134924,0.02108303349841467,0.02322710707943144
VTM-007659,DG-98cd880142a9,1,0.35412633419036865,0.3541269349839753,0.0004874305595168327,0.0004880313531234748,-0.0006105759958838251
VTM-007661,DG-a1f7254901bc,1,0.5121253132820129,0.5119470682986005,0.00032422988748925796,0.00014598490407680131,3.5678852852926084e-05
VTM-007673,DG-e04e609e97c4,1,0.47305646538734436,0.47272110226099967,-0.008559457446151275,-0.008894820572495965,-0.004776927033104594
VTM-007674,DG-cb7877c69071,1,0.34679824113845825,0.321390624610759,0.09534466144319803,0.06993704491549879,0.18436065976021468
VTM-007692,DG-2e8abfb12843,1,0.4280722439289093,0.4277740438329932,0.11095912309784633,0.11066092300193026,0.2551283837235401
VTM-007704,DG-b8e0eb0a2a67,1,0.37281370162963867,0.3728280699811883,0.02756676825289761,0.02758113660444722,0.004298990481533056
VTM-007713,DG-40bc7b9537af,1,0.491363525390625,0.49136846065651707,-0.00013025667598531854,-0.0001253214100932487,-9.681380620622405e-06
VTM-007715,DG-a4a4eacd0e38,1,0.47361937165260315,0.4737897759773213,-0.015229279460704848,-0.015058875135986693,-0.012390812024562438
VTM-007726,DG-8a12d39d5bbc,1,0.4122929573059082,0.41221849197090343,0.002814677245545738,0.0027402119105409684,-0.0017014911432877836
VTM-007728,DG-a412e97e1d93,1,0.4908450245857239,0.4905190462755903,0.00038029037401876575,5.431206388517573e-05,-2.2073211263939614e-05
VTM-007734,DG-67cc22717e6c,1,0.45981451869010925,0.4598145633409337,0.03358996845981321,0.03359001311063764,0.03289750986120297
VTM-007736,DG-5dfdcf61c941,1,0.31709128618240356,0.31709103970862673,-0.00021317973303114357,-0.0002134262068079762,-0.00036249011346400304
VTM-007739,DG-c3b5aa4493e8,1,0.42916467785835266,0.4322336230675092,-0.004862046587604474,-0.0017931013784479588,-0.0037870396116688613
VTM-007743,DG-d7c5ea8ebb4f,1,0.4796749949455261,0.4797401539176973,-0.01947852901270447,-0.019413370040533284,-0.01802766899316404
VTM-007753,DG-daa19be54a5d,1,0.4899999499320984,0.5004281387925891,-0.018696137460012086,-0.008267948599521402,-0.015207009065099267
VTM-007754,DG-c3db090e1715,1,0.49527397751808167,0.49527397367671916,0.0584207859939751,0.058420782152612594,0.11366588702345155
VTM-007761,DG-d8fb984afb34,1,0.47459858655929565,0.47281104353545444,0.0059621920922038885,0.004174649068362679,0.00021376818523758797
VTM-007762,DG-527060cc72ce,1,0.4586242437362671,0.45862477912177696,0.002542765043904549,0.002543300429414419,-0.0005853842059618256
VTM-007766,DG-3b85e98db47f,1,0.49960702657699585,0.49960128466243303,0.0003983312088690627,0.0003925892943062448,5.0944072893744135e-06
VTM-007796,DG-6271eed5c03e,1,0.4238462746143341,0.4218309068163182,-0.014885163418606961,-0.016900531216622883,-0.018292700477298682
VTM-007799,DG-2969b7178378,1,0.4341684579849243,0.4230837066670256,0.05155768768805946,0.04047293637016075,0.07189733966076967
VTM-007805,DG-3ecadcadfa5e,1,0.460758239030838,0.4607279802573788,-0.0027869315807353967,-0.0028171903541945875,-0.001193947280557473
VTM-007813,DG-717d2e265191,1,0.4753299057483673,0.47532988399296294,3.233444527900309e-05,3.23126898746362e-05,-6.355119045995764e-06
VTM-007814,DG-627ea27766f5,1,0.41976624727249146,0.41789231291630613,-0.04702903789716256,-0.04890297225334789,-0.1099400431149198
VTM-007819,DG-3010d56fd236,1,0.27882206439971924,0.2793271123992468,-0.0019025774657512873,-0.0013975294662237348,-0.004399081837958743
VTM-007822,DG-4452bb2a4b52,1,0.3078203797340393,0.30783678261848185,-0.18664516211441978,-0.18662875922997724,-0.6179477705989658
VTM-007826,DG-491dfb23a24e,1,0.36424654722213745,0.36425910842210424,0.2472099066824159,0.2472224678823827,0.36150699737349573
VTM-007828,DG-ff0b80e94601,1,0.35409918427467346,0.3541774987540111,-0.000224406797508514,-0.0001460923181708651,-0.0002886723843150757
VTM-007830,DG-d55ab0326a95,1,0.45471620559692383,0.45032418891670933,-0.26678831701437755,-0.27118033369459205,-0.5303310206040253
VTM-007832,DG-b70ccde85e46,1,0.5320584177970886,0.5320584159421008,0.2736550227076188,0.273655020852631,0.5201069487647568
VTM-007848,DG-894e27023b01,1,0.5233315825462341,0.5234156532913472,-0.006227164333548085,-0.006143093588435011,-0.00039191543566293206
VTM-007850,DG-93f9ca07c210,1,0.512620747089386,0.5124162300766499,0.00035735058687846877,0.00015283357414241916,4.12167837573594e-05
VTM-007857,DG-595df6348e2c,1,0.47298744320869446,0.4573461239095821,0.036520535025378054,0.02087921572626572,0.04276443832496317
VTM-007860,DG-e011ee7d8b95,1,0.47618401050567627,0.4761840272051324,0.05543958649501102,0.05543960319446717,0.0970247916468354
VTM-007866,DG-d1365db93027,1,0.4564850330352783,0.4564850390430238,-0.007721342746975113,-0.007721336739229645,-0.005108742725317915
VTM-007890,DG-a036141ef06b,1,0.5184656381607056,0.49962471737632724,0.07011185974491752,0.05127093896053919,0.16395548716851532
VTM-007896,DG-c85fb7a95c56,1,0.4801809787750244,0.4801070331818148,-0.0004984709014496103,-0.0005724164946592225,-8.912380316309742e-05
VTM-007908,DG-16f340dec21b,1,0.5638748407363892,0.5638748427976669,0.29362257116403906,0.29362257322531676,0.5544357208256498
VTM-007919,DG-0205edf26435,1,0.4694786071777344,0.4697801689410418,-0.0003014098949120636,1.5186839535941132e-07,-7.752885686825446e-05
VTM-007928,DG-ac66cd5a6f6d,1,0.5032515525817871,0.5032342226353602,4.803128234354137e-05,3.07013359166497e-05,1.3417497654834618e-06
VTM-007929,DG-e60e6b57da4b,1,0.42267319560050964,0.4226734942860039,-0.001965838164493805,-0.001965539478999523,-0.0014070314886915486
VTM-007931,DG-48fc308c96c3,1,0.46965786814689636,0.469517036910232,-0.004807418498710414,-0.004948249735374777,-0.002099106071479485
VTM-007940,DG-f721af15eed8,1,0.44278955459594727,0.44279089341337524,-4.796929373407366e-05,-4.6630476306097624e-05,-2.2340254847886178e-05
VTM-007951,DG-91e56219b7d1,1,0.5570486187934875,0.5570486197270486,0.10224065086483092,0.10224065179839192,0.2994281100914238
VTM-007955,DG-c14c369241f2,1,0.46236568689346313,0.4623627349351965,0.00012432545160256936,0.00012137349333590786,-3.7019829197973325e-05
VTM-007956,DG-b749521df167,1,0.5807467699050903,0.5807471905941687,-9.520553644337681e-06,-9.09986456598677e-06,6.310918065965529e-06
VTM-007960,DG-9ebe8b3a70ba,1,0.524692177772522,0.5246921893892914,0.20260097194206744,0.20260098355883688,0.476285587234333
VTM-007968,DG-5c0efd02a81d,1,0.3621416985988617,0.3621468502700722,0.0008008385882347646,0.0008059902594452772,-0.0009262504457311612
VTM-007981,DG-57698a121fda,1,0.4382261037826538,0.43692134539530647,0.0020769490408155677,0.0007721906534682299,-0.0008646867704214082
VTM-008006,DG-c1ff9e9083da,1,0.49350234866142273,0.49214558224303656,0.0021485598435230235,0.0007917934251368552,7.299150992898434e-05
VTM-008017,DG-412314abecc2,1,0.4859168529510498,0.48017706762523515,0.009394350419613007,0.0036545650937983565,0.0024653400607096143
VTM-008027,DG-5023d28fadf2,1,0.583888590335846,0.5838302458817224,9.120556489528031e-05,3.286111077172027e-05,6.333201030845508e-05
VTM-008044,DG-573f4c9a47f8,1,0.47415098547935486,0.4747812551295022,-0.00102793086832631,-0.0003976612181789685,-0.00025559151942599945
VTM-008045,DG-158b066337f0,1,0.3267861604690552,0.32676851471204593,0.014865160389170518,0.014847514632161274,-0.01203691743397779
VTM-008050,DG-94333f4efdad,1,0.5155097842216492,0.5155097719516509,0.13407761551398223,0.134077603243984,0.3620781052599689
VTM-008062,DG-407df1691d71,1,0.5239852666854858,0.52398236486218,0.00016189317019488225,0.00015899134688901473,3.2188738602287036e-05
VTM-008064,DG-2cd1bff163e7,1,0.41345539689064026,0.4134955163519325,-0.0003250923192470445,-0.00028497285795481275,-0.000236495576518239
VTM-008067,DG-bffa585db533,1,0.4658922553062439,0.4658583195819777,0.17981958357116268,0.1797856478468965,0.40783082295042106
VTM-008072,DG-ce6ceccb0f14,1,0.45963242650032043,0.457046580599036,0.0007775726916721681,-0.0018082732096122434,-0.00022827756965055544
VTM-008083,DG-947b4a72841b,1,0.4950963854789734,0.495096391910301,0.13318624862280865,0.13318625505413628,0.3468561930970307
VTM-008084,DG-4e960bce0472,1,0.5051892995834351,0.5051893071496157,0.14227580792789757,0.14227581549407825,0.3736941121073673
VTM-008091,DG-6ac12b81c3b7,1,0.46081843972206116,0.4597749602234607,-0.038860527477474316,-0.03990400697607477,-0.06779252034170732
VTM-008093,DG-6898fc15850a,1,0.44455763697624207,0.45487387742092505,-0.022167198579574665,-0.011850958134891676,-0.02925004225806526
VTM-008096,DG-be9fb45fd57f,1,0.4306584298610687,0.4308607689092463,0.006651309684992113,0.006853648733169682,-0.001923469027051441
VTM-008097,DG-398b39711e07,1,0.5774374008178711,0.5774379213756029,-0.0004865354730458904,-0.00048601491531408136,0.00029891908107051383
VTM-008105,DG-35be7ef55d75,1,0.49482762813568115,0.4948264610906692,4.561454617302285e-05,4.444750116106011e-05,-1.8044414362999437e-06
VTM-008113,DG-472e007179a8,1,0.4224841296672821,0.4223805085242683,0.0002647814376464108,0.00016116029463258963,-0.00016531100079738962
VTM-008122,DG-293dc7dfa8d4,1,0.47736841440200806,0.4773538324234857,-0.07512615360021424,-0.07514073557873657,-0.1838955878162409
VTM-008126,DG-8dec41e213c2,1,0.531533420085907,0.5313554835965824,0.03087925171546646,0.030701315226141834,0.04397773418370647
VTM-008131,DG-19d6ed70a693,1,0.42818188667297363,0.4288348841637183,-0.0065556869348538105,-0.005902689444109155,-0.005616341670061789
VTM-008133,DG-9bc5a6c713bd,1,0.44396740198135376,0.4438674923694139,-0.0741399096348746,-0.07423981924681444,-0.198348410695573
VTM-008149,DG-e656ee7bc100,1,0.48002302646636963,0.48002301623817417,0.14732483823837694,0.14732482801018149,0.3677113917519915
VTM-008155,DG-478715a747b7,1,0.46431878209114075,0.4576050143922781,0.029380956488167687,0.022667188789305015,0.025312147792829757
VTM-008156,DG-d5633ce3c0ce,1,0.4653726816177368,0.46545697225030247,0.2475606034040963,0.24764489403666196,0.45245566258280007
VTM-008162,DG-00f76bd33cba,1,0.5677733421325684,0.5611940644437233,0.015082684072266983,0.008503406383421952,0.017509780583152796
VTM-008163,DG-69135c300a23,1,0.4668700397014618,0.4668125294436099,0.00011453817672085753,5.7027918868968186e-05,-2.9962072036976623e-05
VTM-008166,DG-b910d9077526,1,0.4513063430786133,0.43353673874246357,0.02714059223882087,0.009370987902671157,0.018624790808654507
VTM-008167,DG-f85aac7956d3,1,0.5449666380882263,0.5449623298937373,1.1440612633584202e-05,7.132418144539798e-06,4.154437794880346e-06
VTM-008168,DG-ec39ffab7b74,1,0.5076096057891846,0.5113709550574482,-0.00905434825154472,-0.005292998983281061,-0.0027180444987418527
VTM-008169,DG-05792867b481,1,0.4970746636390686,0.4971618591421954,-0.0013336489510824001,-0.0012464534479555978,-0.00010235129636579804
VTM-008170,DG-057125eba829,1,0.48387885093688965,0.4838734908586702,-6.957678690783231e-05,-7.493686512727304e-05,-9.176597418367999e-06
VTM-008178,DG-f572a3f7370f,1,0.5028155446052551,0.5028155223551725,0.2599338717243971,0.2599338494743144,0.4895994231461916
VTM-008180,DG-4dc244fcace1,1,0.49297717213630676,0.4929773779815296,3.544928548254722e-05,3.565513070535875e-05,-1.9417427511897033e-06
VTM-008192,DG-4ba2176fcb2b,1,0.3934434950351715,0.39348570786820253,-0.007896939464670738,-0.007854726631639719,-0.00972642796066925
VTM-008195,DG-4c905637b073,1,0.4413530230522156,0.4412943992949799,0.00019749543322372665,0.0001388716759880282,-9.235285099596318e-05
VTM-008206,DG-112758edca7b,1,0.39730459451675415,0.3972404469905341,0.013547616027746179,0.013483468501526152,-0.0036294520878583786
VTM-008210,DG-8742690ce746,1,0.4727663993835449,0.47273628795663386,0.0001007052873804315,7.05938604693701e-05,-2.1597973754819244e-05
VTM-008221,DG-cf227fe9ea68,1,0.4512982964515686,0.4514304749905149,-0.017185755303378014,-0.0170535767644317,-0.018474044405475062
VTM-008224,DG-e123ce3d7f90,1,0.4691365957260132,0.4691401709424239,-0.00014109358161412677,-0.0001375183652034262,-3.57720142074111e-05
VTM-008242,DG-4b85926fbbc7,1,0.4388633668422699,0.4387592549113162,0.00016954469103941383,6.543276008569299e-05,-8.300012410836548e-05
VTM-008243,DG-9f8bf9ef3ed9,1,0.4921937584877014,0.4921669278294989,7.447387482933943e-05,4.76432166268137e-05,-4.430069176110356e-06
VTM-008251,DG-8c9a6f3b0c5f,1,0.5395171642303467,0.5395162844691116,-0.0003341085273154132,-0.00033498828855049734,0.00010177159779041935
VTM-008260,DG-224f5d2f052d,1,0.39262092113494873,0.39259394447648366,0.011250383058541813,0.01122340640007674,-0.0045745373031877085
VTM-008264,DG-db16e641fe4d,1,0.36717328429222107,0.3817169512026828,0.1456704401707898,0.16021410708125153,0.3024672191607616
VTM-008275,DG-704856da1387,1,0.4024723768234253,0.4022895902013223,0.0026789735391619107,0.00249618691705894,-0.0018641032922428766
VTM-008279,DG-d8cb0b476ec9,1,0.4383651912212372,0.43832786258819506,-0.00035829003734721976,-0.0003956186703893416,-0.00018466802481823043
VTM-008289,DG-34a08c9ddeef,1,0.4121004045009613,0.4114437882254499,0.0023460343327645905,0.0016894180572532003,-0.001468836402111589
VTM-008292,DG-c33cc9a4a190,1,0.436362087726593,0.436362172760406,0.10291776726834406,0.10291785230215705,0.23562741964446443
VTM-008300,DG-0efb9e0d1360,1,0.5241909623146057,0.5241845066352377,0.000554023700204409,0.000547568020836442,0.00011979791135628985
VTM-008307,DG-356ff0b7ca17,1,0.39785146713256836,0.39770344332372065,0.009263350745221388,0.00911532693637368,-0.0041668059514037275
VTM-008314,DG-5fddb57fb46c,1,0.4088820517063141,0.40871297777096866,0.0019911987037209977,0.001822124768375566,-0.0013324355759719924
VTM-008318,DG-5a73e44af643,1,0.42641395330429077,0.4263096227632237,0.00029868552924322556,0.0001943549881761597,-0.00017601237093012578
VTM-008344,DG-52d8b52b2a8f,1,0.4670419692993164,0.46704197854845964,-0.0027947265929411103,-0.002794717343797881,-0.0010544854212633937
VTM-008367,DG-de67f5769171,1,0.4346981346607208,0.4346948985465401,0.0008522947742750087,0.0008490586600942707,-0.0004229880080766733
VTM-008377,DG-cb25f0d1675a,1,0.5167860388755798,0.5167934014718163,-0.01451141332109196,-0.0145040507248555,-0.0064220098473086575
VTM-008384,DG-8e1f82f326b2,1,0.41860315203666687,0.40918982796680625,0.07707362885527469,0.06766030478541407,0.1474393769135598
VTM-008386,DG-3dafd8f07dfd,1,0.4738852083683014,0.47379495678987793,0.0007935190994068919,0.0007032675209834305,-0.00014091761582224043
VTM-008404,DG-908b77ae43d2,1,0.46840694546699524,0.4684068794034837,0.0002695512711243797,0.00026948520761282957,-6.547306056831657e-05
VTM-008418,DG-d3b6ba0805f2,1,0.39962735772132874,0.3994771748847021,0.0030253201133736973,0.0028751372767470418,-0.002135689540644516
VTM-008423,DG-618935f5c44c,1,0.27353063225746155,0.2732517132369241,0.05752154453173222,0.05724262551119477,0.0554841306486215
VTM-008427,DG-7ad155d6f615,1,0.49622422456741333,0.4926386480598809,0.005381117826521342,0.0017955413189889025,0.000994363331178553
VTM-008431,DG-a0fe5a94589d,1,0.37345340847969055,0.3734068068852302,0.00393740769145029,0.0038908060969899405,-0.003556224122807653
VTM-008439,DG-e1ffac862e09,1,0.40695202350616455,0.40695022954199994,0.0015885772452171043,0.0015867832810524951,-0.0011171839117679048
VTM-008452,DG-736686127b52,1,0.38787347078323364,0.38785599501578455,-0.4206324092945263,-0.42064988506197537,-0.6114296967042465
VTM-008455,DG-df4db0db7ec3,1,0.38899391889572144,0.38876034004565985,0.03110909890554714,0.03087552005548555,0.012838021041035791
VTM-008456,DG-7cf611d6815e,1,0.4938352108001709,0.49384749674719086,-0.028927116011596476,-0.028914830064576513,-0.033434977549655055
VTM-008469,DG-f59ee4f48142,1,0.4324512779712677,0.43223458321788166,0.0099567770707637,0.009740082317377663,-0.0013694835861664419
VTM-008477,DG-14f95f964be9,1,0.2828421890735626,0.2828404161655299,0.08284442794617836,0.08284265503814564,0.13718496758839077
VTM-008485,DG-1fcf70f52875,1,0.49082979559898376,0.4908297769787978,0.11869334128014336,0.11869332265995741,0.3075064297648265
VTM-008487,DG-8bc479de9fd9,1,0.5441738367080688,0.5439292400673199,0.0008823432450894009,0.0006377466043404612,0.00034583231469532255
VTM-008492,DG-13e705361dad,1,0.3516760766506195,0.35166117652348133,0.025505315450091437,0.025490415322953264,-0.0021726924879738076
VTM-008493,DG-e4705d3c16d9,1,0.41245779395103455,0.4124460781478698,8.669405267669461e-06,-3.0463978970551864e-06,-6.260336267159836e-06
VTM-008496,DG-b4898d04f363,1,0.3993489444255829,0.3993489421494757,1.4011416082926331e-06,1.398865501101021e-06,-1.1757752743012967e-06
VTM-008500,DG-1847145ceafd,1,0.3838268220424652,0.3838271902451487,0.30398324900016715,0.3039836172028507,0.38348549142637184
VTM-008504,DG-f17ae5d28b6a,1,0.38796374201774597,0.38794907501507203,0.0003292642493694098,0.0003145972466954694,-0.00030595576681290365
VTM-008505,DG-a0f1b405596b,1,0.39555180072784424,0.39556900144191703,-2.5813668676710755e-05,-8.612954603914869e-06,-2.2582608729137506e-05
VTM-008507,DG-2099e554b379,1,0.4800751805305481,0.48005733223519426,0.001260809401792351,0.0012429611064385115,-0.00013750909207751539
VTM-008512,DG-36fcd128c59a,1,0.27395957708358765,0.2739597538178323,0.2267240024679127,0.22672417920215732,0.273757209549964
VTM-008523,DG-2cefcc356f55,1,0.3933746814727783,0.39336455926733416,-0.1561897933850026,-0.15619991559044677,-0.48229003754441574
VTM-008526,DG-d06218d151e0,1,0.380308598279953,0.3803043581156768,0.0002335226595379658,0.00022928249526177336,-0.00023477034148211166
VTM-008528,DG-b235a1244861,1,0.2768462896347046,0.27685436703878036,0.07010791016894397,0.07011598757301973,0.09649706375998614
VTM-008529,DG-88e59c48d2e6,1,0.48517748713493347,0.4851775038840069,0.17039683348606682,0.17039685023514023,0.4093973896026605
VTM-008548,DG-1433e8b27211,1,0.40101170539855957,0.40101193027401905,0.015517213785323447,0.015517438660782923,-0.002379766701945368
VTM-008552,DG-2673b7cb7bee,1,0.33623006939888,0.33620985932541525,0.00035507776023768756,0.00033486768677293277,-0.0005149176605333378
VTM-008560,DG-14e088447cd4,1,0.362292617559433,0.3622925884581823,2.7764607645863748e-05,2.7735506395176746e-05,-3.3062142617329706e-05
VTM-008568,DG-8cea1016424e,1,0.41663363575935364,0.4166555198737174,-0.008838891547232886,-0.008817007432869117,-0.009307620676045195
VTM-008577,DG-ab82dfa747ac,1,0.40566661953926086,0.4054921118288096,0.000805566566152438,0.0006310588557011942,-0.0006026371170988538
VTM-008579,DG-a6e1538323f2,1,0.3772740960121155,0.377185047491001,-0.05364968989138397,-0.05373873841249843,-0.15735790407024158
VTM-008584,DG-cbb596ad6e77,1,0.3732660412788391,0.37249366834327036,0.026611941195778144,0.02583956826020939,0.003136698035822048
VTM-008585,DG-9cd76e220fbc,1,0.37770113348960876,0.376200680806213,0.002307402859258678,0.0008069501758629083,-0.002162362777183256
VTM-008590,DG-3b13f08b9fcc,1,0.30496424436569214,0.30496341723005266,0.0011816475386259295,0.0011808204029864489,-0.0020990076044078523
VTM-008591,DG-0c27e7697c21,1,0.432758092880249,0.4327550469832448,-0.012536297161758303,-0.012539343058762531,-0.013243734460471881
VTM-008594,DG-4ed5d42cecc0,1,0.37891820073127747,0.3789214459837564,0.00012222734853389872,0.00012547260101281044,-0.00012510514377677114
VTM-008595,DG-1fd03d2675ab,1,0.3364734649658203,0.33526481741245623,0.007126533367770749,0.005917885814406665,-0.007915475193505378
