image_id,split_group_id,mineral_label,true_class_id,predicted_class_id,gate,prob_0,prob_1,prob_2,prob_3
VTM-000001,DG-c2b875fce882,ilmenite,0,0,0.5,0.725021243095398,0.02027171105146408,0.06797758489847183,0.18672943115234375
VTM-000011,DG-67537256c2c8,ilmenite,0,0,0.5,0.9100619554519653,0.06280431896448135,0.009894455783069134,0.017239276319742203
VTM-000017,DG-ac7eee422e34,ilmenite,0,0,0.5,0.8775326013565063,0.0360269658267498,0.01589426025748253,0.07054620236158371
VTM-000020,DG-6bc7ec0a0d3e,ilmenite,0,3,0.5,0.18472690880298615,0.33459776639938354,0.04076658934354782,0.4399087727069855
VTM-000048,DG-0f8409a21a22,ilmenite,0,1,0.5,0.01425936073064804,0.9229733347892761,0.039953239262104034,0.02281411550939083
VTM-000061,DG-42b3197b773f,ilmenite,0,0,0.5,0.8387883901596069,0.13155025243759155,0.017887117341160774,0.01177425216883421
VTM-000073,DG-84bf0036b89d,ilmenite,0,0,0.5,0.6823407411575317,0.22196462750434875,0.047236766666173935,0.048457853496074677
VTM-000083,DG-e67e7310d83e,ilmenite,0,0,0.5,0.9152637720108032,0.02729800157248974,0.0164798591285944,0.04095834866166115
VTM-000085,DG-7abf9c44f08e,ilmenite,0,0,0.5,0.9147478938102722,0.036425475031137466,0.019025413319468498,0.029801268130540848
VTM-000089,DG-cb1397a58072,ilmenite,0,0,0.5,0.9978748559951782,0.001154859783127904,0.00017079783719964325,0.0007994973566383123
VTM-000096,DG-7201fdbc3683,ilmenite,0,0,0.5,0.9415507316589355,0.029973648488521576,0.003037532791495323,0.025438103824853897
VTM-000112,DG-933cd53e8de7,ilmenite,0,3,0.5,0.2938512861728668,0.09571855515241623,0.014424503780901432,0.5960056781768799
VTM-000116,DG-ba14978c38b0,ilmenite,0,1,0.5,0.008263731375336647,0.7054071426391602,0.23186950385570526,0.054459620267152786
VTM-000117,DG-413bf8b882be,ilmenite,0,0,0.5,0.810330331325531,0.1681274026632309,0.0054221986792981625,0.016120128333568573
VTM-000146,DG-6ea19c736013,ilmenite,0,3,0.5,0.05367148667573929,0.2439354509115219,0.2020973265171051,0.5002957582473755
VTM-000147,DG-f6947347e25e,ilmenite,0,1,0.5,0.3505220115184784,0.45497092604637146,0.059750813990831375,0.13475629687309265
VTM-000149,DG-4a5c55941f28,ilmenite,0,0,0.5,0.5777169466018677,0.29978758096694946,0.020726080983877182,0.10176943242549896
VTM-000160,DG-59d8b07cf8d3,ilmenite,0,0,0.5,0.8659013509750366,0.12195496261119843,0.0016470723785459995,0.010496675036847591
VTM-000179,DG-568d20da8f76,ilmenite,0,1,0.5,0.33652153611183167,0.545165479183197,0.06563635170459747,0.052676595747470856
VTM-000187,DG-366b48f151c2,ilmenite,0,0,0.5,0.9211432933807373,0.07028693705797195,0.0016954905586317182,0.006874198094010353
VTM-000197,DG-f41a4dfab265,ilmenite,0,0,0.5,0.6031445264816284,0.30976927280426025,0.03679657354950905,0.05028960481286049
VTM-000209,DG-a2bc6dce5c87,ilmenite,0,0,0.5,0.7131997346878052,0.04436355084180832,0.014910900965332985,0.22752586007118225
VTM-000225,DG-2d76882980c9,ilmenite,0,3,0.5,0.1902725249528885,0.05094773322343826,0.033640056848526,0.7251396775245667
VTM-000228,DG-a75d88a1a508,ilmenite,0,2,0.5,0.1566133350133896,0.28920793533325195,0.3335331678390503,0.2206455022096634
VTM-000238,DG-9ffaf9d3c3aa,ilmenite,0,2,0.5,0.006105293054133654,0.1450284719467163,0.818080484867096,0.030785683542490005
VTM-000248,DG-91ad4e26f829,ilmenite,0,1,0.5,0.04049212485551834,0.6112890839576721,0.06358635425567627,0.2846324145793915
VTM-000258,DG-795a8bc1fa12,ilmenite,0,3,0.5,0.02344285324215889,0.003243979997932911,0.00023646853514946997,0.9730767011642456
VTM-000263,DG-de4a2f879beb,ilmenite,0,0,0.5,0.8631759881973267,0.10119622945785522,0.021000072360038757,0.014627696014940739
VTM-000266,DG-6c6e0f3a903d,ilmenite,0,0,0.5,0.584962010383606,0.20248398184776306,0.042786456644535065,0.16976749897003174
VTM-000268,DG-ffc518265518,ilmenite,0,0,0.5,0.9716833233833313,0.020841354504227638,0.0006998935714364052,0.006775436922907829
VTM-000305,DG-3227a1266fb9,ilmenite,0,1,0.5,0.025525350123643875,0.837560772895813,0.10867543518543243,0.02823846973478794
VTM-000309,DG-c0cdc88e13b5,ilmenite,0,1,0.5,0.27185681462287903,0.42949360609054565,0.10606878995895386,0.19258081912994385
VTM-000315,DG-36e9b2ac2e42,ilmenite,0,0,0.5,0.781376302242279,0.07220243662595749,0.13328325748443604,0.013138060458004475
VTM-000321,DG-6c6ae20368bf,ilmenite,0,1,0.5,0.26602715253829956,0.5447151064872742,0.06946296989917755,0.11979478597640991
VTM-000353,DG-13c8d4b197f2,magnetite,0,0,0.5,0.9100388288497925,0.08213983476161957,0.001749252318404615,0.006072041112929583
VTM-000361,DG-fddee73a85bf,magnetite,0,0,0.5,0.9553409218788147,0.040839701890945435,9.80303666437976e-05,0.003721347078680992
VTM-000379,DG-d5032af262ad,magnetite,0,0,0.5,0.8468637466430664,0.06163017451763153,0.006905919406563044,0.08460018038749695
VTM-000388,DG-83059a0f229f,magnetite,0,0,0.5,0.6123560667037964,0.33371949195861816,0.014779051765799522,0.039145369082689285
VTM-000391,DG-27088166b111,magnetite,0,0,0.5,0.5130929350852966,0.3312262296676636,0.04375217482447624,0.11192870885133743
VTM-000404,DG-3f327924f3a6,magnetite,0,0,0.5,0.9698292016983032,0.025325259193778038,0.0007752017700113356,0.004070351365953684
VTM-000411,DG-69391acf6d19,magnetite,0,0,0.5,0.4822978973388672,0.4048289954662323,0.006549600511789322,0.10632351040840149
VTM-000414,DG-1757f272a82b,magnetite,0,0,0.5,0.9702073931694031,0.025528965517878532,0.0012216552859172225,0.003042008029296994
VTM-000437,DG-bf59c8261d2d,magnetite,0,0,0.5,0.9752542972564697,0.021756451576948166,0.0007598610827699304,0.0022294684313237667
VTM-000445,DG-135b572fdce3,magnetite,0,0,0.5,0.7689946889877319,0.049261488020420074,0.035739466547966,0.14600437879562378
VTM-000452,DG-fa5effe98d9e,magnetite,0,0,0.5,0.6371058225631714,0.06742730736732483,0.043203677982091904,0.25226321816444397
VTM-000455,DG-07eed7826155,magnetite,0,0,0.5,0.9218981266021729,0.046957992017269135,0.00045813139877282083,0.030685730278491974
VTM-000467,DG-e9e5df82ffcb,magnetite,0,0,0.5,0.938271164894104,0.042979829013347626,0.0016107786213979125,0.017138246446847916
VTM-000468,DG-106aa7dc4b8b,magnetite,0,0,0.5,0.7634166479110718,0.19791214168071747,0.01004702690988779,0.028624221682548523
VTM-000472,DG-a9c3b6abbd97,magnetite,0,0,0.5,0.6184555292129517,0.13720077276229858,0.04572576284408569,0.19861793518066406
VTM-000473,DG-f75263abc149,magnetite,0,1,0.5,0.21575133502483368,0.7792704701423645,0.00035287480568513274,0.004625325556844473
VTM-000477,DG-76149324bcd3,magnetite,0,0,0.5,0.9456402063369751,0.05382201448082924,0.00019534876628313214,0.0003424807218834758
VTM-000507,DG-ab23a7ae7b4a,magnetite,0,1,0.5,0.3204287588596344,0.6483334898948669,0.021649742498993874,0.009587992914021015
VTM-000510,DG-275f9a2086b7,magnetite,0,0,0.5,0.9982435703277588,0.0013798200525343418,5.060076728113927e-05,0.0003260153462179005
VTM-000524,DG-c17be4bb822a,magnetite,0,3,0.5,0.42123866081237793,0.10913711786270142,0.011088201776146889,0.4585360586643219
VTM-000525,DG-82fecec84b49,magnetite,0,0,0.5,0.9062373638153076,0.03724239766597748,0.005393441766500473,0.05112680792808533
VTM-000530,DG-c20cf3cb0023,magnetite,0,1,0.5,0.07550130784511566,0.9095818400382996,0.0012693535536527634,0.013647467829287052
VTM-000534,DG-bae55c45e061,magnetite,0,0,0.5,0.5059720873832703,0.09508645534515381,0.01603451743721962,0.382906973361969
VTM-000539,DG-911e40726482,magnetite,0,0,0.5,0.737136960029602,0.1301785409450531,0.04521600157022476,0.0874684751033783
VTM-000551,DG-217497736bb3,magnetite,0,0,0.5,0.34154197573661804,0.22102788090705872,0.22125159204006195,0.2161785364151001
VTM-000583,DG-74a678c2a4f2,magnetite,0,3,0.5,0.05596061795949936,0.14105065166950226,0.07431168109178543,0.7286770343780518
VTM-000589,DG-c6e2ad323460,magnetite,0,0,0.5,0.569286584854126,0.04947524517774582,0.1149720698595047,0.2662661075592041
VTM-000591,DG-1cdb016d90ca,magnetite,0,1,0.5,0.18656247854232788,0.7364346981048584,0.0020676669664680958,0.07493510097265244
VTM-000599,DG-1798cb9ea7ad,magnetite,0,1,0.5,0.07647661119699478,0.8591949343681335,0.02818881720304489,0.036139603704214096
VTM-000606,DG-8453249814c4,magnetite,0,0,0.5,0.8456558585166931,0.12820442020893097,0.0021561693865805864,0.023983551189303398
VTM-000608,DG-92320352b480,magnetite,0,1,0.5,0.04195239394903183,0.8058181405067444,0.08349757641553879,0.06873191148042679
VTM-000612,DG-62a96a313966,magnetite,0,0,0.5,0.7920082807540894,0.07846730202436447,0.08544628322124481,0.044078148901462555
VTM-000615,DG-98b200053a88,magnetite,0,0,0.5,0.8635664582252502,0.044103480875492096,0.06739725172519684,0.02493284083902836
VTM-000626,DG-6662679fa5f0,magnetite,0,0,0.5,0.5014796257019043,0.26036712527275085,0.03136340528726578,0.20678989589214325
VTM-000630,DG-4d3c9beb5824,magnetite,0,3,0.5,0.45285630226135254,0.019803442060947418,0.0064557320438325405,0.5208845734596252
VTM-000631,DG-5bc7af12d7a1,magnetite,0,0,0.5,0.9100892543792725,0.06005042791366577,0.00484017888084054,0.025020133703947067
VTM-000649,DG-4d4e149abdad,magnetite,0,0,0.5,0.9430138468742371,0.021654682233929634,0.004548496101051569,0.03078301064670086
VTM-000656,DG-01cd589e7be5,magnetite,0,0,0.5,0.8511154651641846,0.03685571998357773,0.015798162668943405,0.09623062610626221
VTM-000657,DG-1beca935d1a2,magnetite,0,3,0.5,0.18891961872577667,0.02966933324933052,0.0019200603710487485,0.7794910073280334
VTM-000673,DG-c2c603b9e3a0,magnetite,0,0,0.5,0.7991231679916382,0.022864829748868942,0.08837029337882996,0.08964172005653381
VTM-000676,DG-e251b23c1eba,magnetite,0,0,0.5,0.8923139572143555,0.007438186556100845,0.001756775309331715,0.09849110245704651
VTM-000690,DG-14a18702e306,magnetite,0,1,0.5,0.2815586030483246,0.6979928612709045,0.012912868522107601,0.007535669952630997
VTM-000703,DG-9ec0553dd14a,magnetite,0,0,0.5,0.5546693801879883,0.019479602575302124,0.08141574263572693,0.34443527460098267
VTM-000705,DG-4c8ab3ce779e,magnetite,0,2,0.5,0.0025378980208188295,0.1406525820493698,0.8557226061820984,0.0010869004763662815
VTM-000707,DG-4ffcdb1d0ece,magnetite,0,0,0.5,0.39970913529396057,0.2600303292274475,0.003950160462409258,0.33631041646003723
VTM-000717,DG-2b2907dc1360,magnetite,0,1,0.5,0.17891867458820343,0.5798353552818298,0.018816759809851646,0.22242920100688934
VTM-000721,DG-8dc9ee883d17,magnetite,0,0,0.5,0.9834089875221252,0.01019294187426567,0.001557756680995226,0.0048403022810816765
VTM-000728,DG-5b705d09bbda,magnetite,0,0,0.5,0.8474270105361938,0.09722521156072617,0.025367066264152527,0.02998068556189537
VTM-000732,DG-0413edf6bbfa,magnetite,0,3,0.5,0.07026007771492004,0.29447948932647705,0.17965270578861237,0.45560771226882935
VTM-000737,DG-bdde6af78cd5,magnetite,0,1,0.5,0.08118933439254761,0.8413658142089844,0.011987190693616867,0.06545770168304443
VTM-000743,DG-8e03db519343,magnetite,0,3,0.5,0.06812691688537598,0.026918930932879448,0.004671275150030851,0.9002828598022461
VTM-000747,DG-a67ab9fa59e2,magnetite,0,0,0.5,0.8232805728912354,0.038292013108730316,0.022075653076171875,0.11635179817676544
VTM-000757,DG-fb2d7c9ea735,magnetite,0,0,0.5,0.5474965572357178,0.031139882281422615,0.013418935239315033,0.4079446792602539
VTM-000758,DG-9cdd8f83ad65,magnetite,0,0,0.5,0.8651434779167175,0.024779755622148514,0.005654568318277597,0.10442216694355011
VTM-000772,DG-c3c48efc1988,magnetite,0,0,0.5,0.9937182664871216,0.005772404372692108,0.00026922565302811563,0.00024012516951188445
VTM-000788,DG-95ce869eb316,magnetite,0,0,0.5,0.99712073802948,0.0027054690290242434,0.0001148892697528936,5.889780368306674e-05
VTM-000790,DG-542951096235,magnetite,0,0,0.5,0.5871709585189819,0.25776904821395874,0.07552272081375122,0.0795373022556305
VTM-000835,DG-fe366f967f82,magnetite,0,0,0.5,0.7181782126426697,0.2758227586746216,0.0011562902946025133,0.004842780996114016
VTM-000840,DG-9d9779dc1298,magnetite,0,0,0.5,0.6698659658432007,0.18171989917755127,0.014528937637805939,0.1338852494955063
VTM-000847,DG-dd94c98fb4ba,magnetite,0,0,0.5,0.9950662851333618,0.002290130127221346,0.0003915450070053339,0.0022520367056131363
VTM-000850,DG-c04732e92f93,magnetite,0,3,0.5,0.30126169323921204,0.0035235523246228695,0.005263139493763447,0.6899515986442566
VTM-000856,DG-6e5994ad4ca2,magnetite,0,1,0.5,0.25256723165512085,0.39632877707481384,0.01734471134841442,0.3337593078613281
VTM-000858,DG-d5dbb212e8df,magnetite,0,0,0.5,0.9518042802810669,0.03310244902968407,0.004200547002255917,0.01089273951947689
VTM-000862,DG-5373cced5aab,magnetite,0,0,0.5,0.7391269207000732,0.008029237389564514,0.00015505707415286452,0.25268879532814026
VTM-000866,DG-d22a2e17b857,magnetite,0,0,0.5,0.8026688098907471,0.011631702072918415,0.0008445899002254009,0.18485485017299652
VTM-000870,DG-499f33781720,magnetite,0,0,0.5,0.9044548869132996,0.0531994067132473,0.0018954066326841712,0.04045025259256363
VTM-000873,DG-4732be8b04f9,magnetite,0,0,0.5,0.9970576763153076,0.002606272231787443,0.00020257288997527212,0.00013344321632757783
VTM-000880,DG-dc2928f84fef,magnetite,0,3,0.5,0.37798789143562317,0.0963384211063385,0.06262077391147614,0.463052898645401
VTM-000881,DG-93e19dfdc051,magnetite,0,3,0.5,0.44499051570892334,0.08892181515693665,0.0044334279373288155,0.4616542160511017
VTM-000883,DG-235488269109,magnetite,0,0,0.5,0.8679167628288269,0.0070314533077180386,0.04216331988573074,0.08288851380348206
VTM-000890,DG-3de73ca8073a,magnetite,0,3,0.5,0.4233824610710144,0.14072495698928833,0.004739225842058659,0.4311533272266388
VTM-000909,DG-20ed5b8b820c,magnetite,0,0,0.5,0.9483071565628052,0.0370863601565361,0.009274095296859741,0.005332361441105604
VTM-000934,DG-278184ceb854,magnetite,0,3,0.5,0.4396314024925232,0.008472324348986149,0.0009427772602066398,0.5509535074234009
VTM-000958,DG-8b9c4fb72168,magnetite,0,3,0.5,0.3139951229095459,0.2542605400085449,0.02059197798371315,0.4111523926258087
VTM-000960,DG-cf54d4446135,magnetite,0,0,0.5,0.6705024242401123,0.10261774063110352,0.017640328034758568,0.20923946797847748
VTM-001005,DG-b0b3b6f0ffc3,magnetite,0,0,0.5,0.9305316209793091,0.03636212646961212,0.0018639675108715892,0.031242281198501587
VTM-001020,DG-cefb919e874c,magnetite,0,2,0.5,0.14159926772117615,0.03959966450929642,0.7476992607116699,0.07110178470611572
VTM-001023,DG-6cbfbc274c66,magnetite,0,0,0.5,0.9381035566329956,0.03666179999709129,0.004315872676670551,0.02091883309185505
VTM-001034,DG-d94b5df3ca8d,magnetite,0,0,0.5,0.737286388874054,0.21434670686721802,0.030247768387198448,0.018119167536497116
VTM-001039,DG-d959d5c602cb,magnetite,0,0,0.5,0.6615889072418213,0.24516448378562927,0.06374511122703552,0.0295015387237072
VTM-001074,DG-87d7e67c25f9,magnetite,0,0,0.5,0.5262414216995239,0.41431793570518494,0.016817621886730194,0.042622972279787064
VTM-001078,DG-1c90fe40ca63,magnetite,0,3,0.5,0.011516798287630081,0.3997988998889923,0.012438197620213032,0.5762461423873901
VTM-001082,DG-2fe97bbf8b69,magnetite,0,1,0.5,0.0622156523168087,0.9288961291313171,0.004612846300005913,0.004275348968803883
VTM-001116,DG-865ee74bbe38,magnetite,0,0,0.5,0.9032658338546753,0.057813722640275955,0.018055852502584457,0.020864620804786682
VTM-001124,DG-bf40fd4a2b51,magnetite,0,1,0.5,0.26715147495269775,0.7153933644294739,0.004295995458960533,0.01315922662615776
VTM-001127,DG-9ea5ea2040e1,magnetite,0,0,0.5,0.6828271746635437,0.016344130039215088,0.05474625900387764,0.24608242511749268
VTM-001128,DG-0ad958cdf304,magnetite,0,0,0.5,0.9843260049819946,0.004960433579981327,0.0021256806794553995,0.008587920106947422
VTM-001138,DG-c7b6dbdaf306,magnetite,0,0,0.5,0.3572673201560974,0.21268624067306519,0.21615955233573914,0.21388688683509827
VTM-001160,DG-8ef4cee6d2ab,magnetite,0,0,0.5,0.5960277318954468,0.05941323935985565,0.01670013554394245,0.32785892486572266
VTM-001168,DG-2d3a819d6c80,magnetite,0,0,0.5,0.3615260124206543,0.2700347602367401,0.03674990311264992,0.33168935775756836
VTM-001180,DG-6d1f18362f24,magnetite,0,1,0.5,0.025254342705011368,0.7992948293685913,0.1518741101026535,0.02357666566967964
VTM-001189,DG-a7a68f3ca8e8,magnetite,0,1,0.5,0.09880780428647995,0.8876936435699463,0.0076345535926520824,0.005864014849066734
VTM-001198,DG-1c9aa3086524,magnetite,0,0,0.5,0.7103902101516724,0.20060721039772034,0.04974877089262009,0.039253778755664825
VTM-001210,DG-3a89d85ccde3,magnetite,0,0,0.5,0.30215907096862793,0.2921956777572632,0.16736990213394165,0.238275408744812
VTM-001217,DG-368188f9c46d,magnetite,0,0,0.5,0.6891719698905945,0.20904380083084106,0.05822991207242012,0.04355427995324135
VTM-001218,DG-6c11acdff542,magnetite,0,3,0.5,0.15237641334533691,0.07859338819980621,0.017839305102825165,0.7511909008026123
VTM-001224,DG-72553de686c0,magnetite,0,0,0.5,0.5656940340995789,0.05221714824438095,0.005862864200025797,0.3762259781360626
VTM-001235,DG-9ef39c882f85,magnetite,0,0,0.5,0.9815321564674377,0.012688478454947472,0.0011469905730336905,0.0046324171125888824
VTM-001256,DG-94f2108ea2b7,magnetite,0,1,0.5,0.18110734224319458,0.7865025401115417,0.007902665063738823,0.0244874507188797
VTM-001258,DG-a7a945c476ce,magnetite,0,3,0.5,0.046124380081892014,0.03368085250258446,0.02828036993741989,0.8919143676757812
VTM-001287,DG-b32b79f2f7f6,magnetite,0,0,0.5,0.5935683250427246,0.10331391543149948,0.1549418866634369,0.1481758952140808
VTM-001326,DG-fba34990debc,magnetite,0,0,0.5,0.9521617889404297,0.026489222422242165,0.00615182239562273,0.01519719883799553
VTM-001340,DG-fa9181dbc0d1,magnetite,0,0,0.5,0.48368245363235474,0.46247997879981995,0.015513726510107517,0.03832385316491127
VTM-001343,DG-f687bb16577d,magnetite,0,1,0.5,0.02962677739560604,0.956214964389801,0.00714929960668087,0.007008974440395832
VTM-001369,DG-758603aa8c1a,magnetite,0,0,0.5,0.9883391857147217,0.007212772965431213,0.0006530169048346579,0.003794995602220297
VTM-001380,DG-9d2b1edb5225,magnetite,0,0,0.5,0.5652143359184265,0.06843652576208115,0.039897285401821136,0.3264519274234772
VTM-001385,DG-6535ca7020f4,magnetite,0,0,0.5,0.998121976852417,0.0014253603294491768,3.5081320675089955e-05,0.0004175826034042984
VTM-001393,DG-19271ed96be6,magnetite,0,0,0.5,0.9689119458198547,0.020167622715234756,0.0029239775612950325,0.007996490225195885
VTM-001416,DG-c71d381e6767,magnetite,0,0,0.5,0.8677788376808167,0.019956668838858604,0.006809557322412729,0.1054549589753151
VTM-001442,DG-4f64e73b32f9,magnetite,0,0,0.5,0.9843094348907471,0.002768729580566287,0.00046777157695032656,0.012454083189368248
VTM-001445,DG-a030c8c916c0,magnetite,0,0,0.5,0.9465935826301575,0.001375669613480568,0.01111554354429245,0.04091521352529526
VTM-001452,DG-bdcde94a85b5,magnetite,0,1,0.5,0.2561306357383728,0.5956851243972778,0.12338894605636597,0.024795308709144592
VTM-001464,DG-5c5fcf00cd54,magnetite,0,1,0.5,0.08858593553304672,0.7547867298126221,0.10258599370718002,0.05404134467244148
VTM-001465,DG-d2139130618f,magnetite,0,0,0.5,0.7009411454200745,0.02830427698791027,0.030180778354406357,0.24057383835315704
VTM-001468,DG-da0861cea29e,magnetite,0,3,0.5,0.028911055997014046,0.049289289861917496,0.009928963147103786,0.9118707180023193
VTM-001475,DG-1f95b3501cd8,magnetite,0,0,0.5,0.9224094152450562,0.0672401487827301,0.00458405539393425,0.005766367539763451
VTM-001476,DG-4d0a046e701d,magnetite,0,0,0.5,0.806896448135376,0.013358257710933685,0.005718804430216551,0.1740264892578125
VTM-001478,DG-58262c85df83,magnetite,0,1,0.5,0.05849520489573479,0.8730050325393677,0.028374621644616127,0.04012519121170044
VTM-001479,DG-19326df2ae33,magnetite,0,0,0.5,0.4942280650138855,0.07567128539085388,0.28237661719322205,0.14772406220436096
VTM-001485,DG-a2b94815594a,magnetite,0,0,0.5,0.7527950406074524,0.03136102110147476,0.013802723959088326,0.20204120874404907
VTM-001487,DG-9785201ed410,magnetite,0,0,0.5,0.9404264688491821,0.011733723804354668,0.010028904303908348,0.037810876965522766
VTM-001491,DG-5632f17a632f,magnetite,0,0,0.5,0.9806417226791382,0.008918920531868935,0.00018218523473478854,0.010257166810333729
VTM-001503,DG-ca6328c44469,magnetite,0,0,0.5,0.6933202743530273,0.3000096082687378,0.002862132852897048,0.003807954490184784
VTM-001507,DG-182e7c76e3e5,magnetite,0,0,0.5,0.8336186408996582,0.15773233771324158,0.0036509984638541937,0.004998018033802509
VTM-001513,DG-69d353cb0f4b,magnetite,0,0,0.5,0.6060004234313965,0.3131052553653717,0.01983618550002575,0.061058159917593
VTM-001526,DG-d0f2130afba1,magnetite,0,0,0.5,0.9125503301620483,0.013655041344463825,0.0011895066127181053,0.07260514795780182
VTM-001535,DG-4fe4e2409502,magnetite,0,0,0.5,0.8903728723526001,0.07598383724689484,0.0008148935157805681,0.0328284315764904
VTM-001545,DG-2e1e043a8b58,magnetite,0,0,0.5,0.6079118847846985,0.318530410528183,0.028438381850719452,0.04511931538581848
VTM-001561,DG-14e05d89aaca,magnetite,0,0,0.5,0.6777526140213013,0.268737256526947,0.00748064648360014,0.046029530465602875
VTM-001562,DG-751950d296d1,magnetite,0,0,0.5,0.8245300650596619,0.11309075355529785,0.012031367048621178,0.050347864627838135
VTM-001578,DG-fbbd06ea7225,magnetite,0,0,0.5,0.9866870641708374,0.009098190814256668,0.0002989286440424621,0.00391584075987339
VTM-001580,DG-27b3ee05192d,magnetite,0,0,0.5,0.9811893701553345,0.014718275517225266,0.0013970566214993596,0.0026952645275741816
VTM-001585,DG-d29af017305e,magnetite,0,0,0.5,0.5611541867256165,0.2838808298110962,0.08588939905166626,0.0690755769610405
VTM-001586,DG-a208f903a925,magnetite,0,0,0.5,0.9460753202438354,0.026035260409116745,0.003074320498853922,0.024815110489726067
VTM-001592,DG-9022176e8dbe,magnetite,0,0,0.5,0.6770062446594238,0.15010716021060944,0.03394179418683052,0.1389448195695877
VTM-001614,DG-84504a7012b9,magnetite,0,0,0.5,0.6010968685150146,0.18497535586357117,0.12768076360225677,0.08624707162380219
VTM-001616,DG-b1ce3f58146b,magnetite,0,0,0.5,0.5469681620597839,0.14506912231445312,0.012022542767226696,0.29594019055366516
VTM-001653,DG-a4444abf9a4a,magnetite,0,0,0.5,0.850109338760376,0.10470356792211533,0.013076874427497387,0.03211017698049545
VTM-001657,DG-2f80e32c376c,magnetite,0,0,0.5,0.7985830903053284,0.17122939229011536,0.006806596182286739,0.023380955681204796
VTM-001680,DG-c02cfb574768,titanomagnetite,0,0,0.5,0.7131156325340271,0.12072116881608963,0.013497903943061829,0.15266527235507965
VTM-001688,DG-913e94e84496,titanomagnetite,0,0,0.5,0.8662401437759399,0.11655431985855103,0.007069604936987162,0.010135949589312077
VTM-001713,DG-a31daab35958,calcite,2,3,0.5,0.004127038177102804,0.00406886450946331,0.24895261228084564,0.7428514361381531
VTM-001718,DG-76d30c6c5612,calcite,2,2,0.5,0.00013430006220005453,0.0013250369811430573,0.987460732460022,0.011079936288297176
VTM-001719,DG-71efe00888af,calcite,2,2,0.5,7.617435039719567e-05,0.0026668498758226633,0.9945758581161499,0.0026811149436980486
VTM-001721,DG-edb9ff8989ea,calcite,2,2,0.5,0.02046186476945877,0.010565710254013538,0.882258951663971,0.08671347051858902
VTM-001724,DG-5f0dcddd611c,calcite,2,2,0.5,0.006000329740345478,0.020268425345420837,0.9291903972625732,0.044540826231241226
VTM-001725,DG-11f6d031d07e,calcite,2,2,0.5,0.0038881036452949047,0.014552144333720207,0.9693785309791565,0.012181281112134457
VTM-001727,DG-4b37a2da8e94,calcite,2,2,0.5,0.0004006192903034389,0.0001310249645030126,0.9936937689781189,0.00577458506450057
VTM-001754,DG-0aff49f48f24,calcite,2,2,0.5,0.0012270723236724734,0.032052572816610336,0.9653909206390381,0.0013293627416715026
VTM-001757,DG-3063633380b6,calcite,2,2,0.5,3.943901174352504e-05,0.0013217899249866605,0.9980260729789734,0.0006126714870333672
VTM-001759,DG-3d9e7ed01efa,calcite,2,2,0.5,0.002669478999450803,0.0030816285870969296,0.9897620677947998,0.004486872814595699
VTM-001772,DG-27451a125fe5,calcite,2,3,0.5,0.035993024706840515,0.24321986734867096,0.1268865317106247,0.5939005613327026
VTM-001811,DG-3b279559bd03,calcite,2,2,0.5,0.0012606384698301554,0.005851003807038069,0.9916173219680786,0.0012710582232102752
VTM-001817,DG-daecf544b159,calcite,2,2,0.5,0.005339773837476969,0.1021023616194725,0.8171296715736389,0.07542819529771805
VTM-001820,DG-61e09b39b1db,calcite,2,2,0.5,0.007102105300873518,0.0032211369834840298,0.7000408172607422,0.28963592648506165
VTM-001826,DG-2b3be239ed5d,calcite,2,2,0.5,0.0003373254439793527,0.02207851968705654,0.9499276280403137,0.027656501159071922
VTM-001837,DG-222b321c749f,calcite,2,3,0.5,0.23853784799575806,0.026458993554115295,0.10955343395471573,0.6254497170448303
VTM-001854,DG-dbe2173949bf,calcite,2,3,0.5,0.0017562831053510308,0.001050699851475656,0.05850357934832573,0.9386894702911377
VTM-001864,DG-50fc318b299b,calcite,2,1,0.5,0.22335383296012878,0.4956132173538208,0.21376484632492065,0.06726805865764618
VTM-001891,DG-a35ac479557c,calcite,2,2,0.5,0.0017344715306535363,0.0011803373927250504,0.9787499904632568,0.01833515800535679
VTM-001892,DG-6d64aa466eec,calcite,2,3,0.5,0.002259758533909917,0.0006287166615948081,0.09323336184024811,0.9038781523704529
VTM-001900,DG-b5bca816ebc6,calcite,2,2,0.5,0.037021148949861526,0.10352233052253723,0.8405715227127075,0.018885046243667603
VTM-001901,DG-4a6bfaa38669,calcite,2,2,0.5,0.0002229395176982507,0.016583465039730072,0.9825714826583862,0.0006221499643288553
VTM-001906,DG-328464a820cf,calcite,2,2,0.5,0.001984766684472561,0.05968088284134865,0.9082030057907104,0.030131356790661812
VTM-001909,DG-1a7b849d8231,calcite,2,3,0.5,0.01418378297239542,0.10807112604379654,0.28068414330482483,0.597061038017273
VTM-001929,DG-b6d73aa94c94,calcite,2,0,0.5,0.8072072267532349,0.026776505634188652,0.05196300148963928,0.11405327171087265
VTM-001946,DG-eda8ba2e978a,calcite,2,2,0.5,0.022200895473361015,0.024398265406489372,0.9322742223739624,0.02112659066915512
VTM-001952,DG-c030fba1ebb9,calcite,2,2,0.5,0.00041971332393586636,0.004175110254436731,0.9939681887626648,0.0014370011631399393
VTM-001953,DG-b3d73e512381,calcite,2,1,0.5,0.0086526395753026,0.54388028383255,0.22947824001312256,0.21798883378505707
VTM-001960,DG-af03e3fc28cf,calcite,2,2,0.5,0.0018994169076904655,0.33069077134132385,0.6664350032806396,0.0009748492739163339
VTM-001968,DG-dd5d129ba4f9,calcite,2,2,0.5,0.00036511695361696184,0.008509225212037563,0.9856670498847961,0.00545857148244977
VTM-001970,DG-9832d0d63a24,calcite,2,2,0.5,0.0054473718628287315,0.03620961308479309,0.9047254323959351,0.05361763760447502
VTM-001976,DG-fb3066c690f5,calcite,2,2,0.5,0.0002365189720876515,0.01808018423616886,0.978568434715271,0.003114893101155758
VTM-001983,DG-dada7ee7c7b7,calcite,2,2,0.5,0.0007805926725268364,0.004764318000525236,0.9790952205657959,0.015359833836555481
VTM-001997,DG-9e06bcbc3761,calcite,2,2,0.5,0.003351787105202675,0.04855034127831459,0.8705293536186218,0.07756854593753815
VTM-002004,DG-fc86d1207a8c,calcite,2,2,0.5,0.0032640041317790747,0.01490663643926382,0.966387927532196,0.015441427007317543
VTM-002005,DG-3adb5fd6b8db,calcite,2,2,0.5,0.008467030711472034,0.03755486384034157,0.9038494825363159,0.050128597766160965
VTM-002047,DG-a5a67670b9c2,feldspar,2,2,0.5,0.0006915119010955095,0.00047638406977057457,0.9971593618392944,0.0016727446345612407
VTM-002059,DG-7a4ef2336533,feldspar,2,2,0.5,0.17688900232315063,0.06855258345603943,0.44741883873939514,0.3071395754814148
VTM-002066,DG-1a29328ea087,feldspar,2,1,0.5,0.032652225345373154,0.7850736975669861,0.17076176404953003,0.011512280441820621
VTM-002067,DG-c518f5543b12,feldspar,2,1,0.5,0.004876966122537851,0.9692550897598267,0.024575740098953247,0.0012922206660732627
VTM-002076,DG-8af6ac114c98,feldspar,2,2,0.5,0.00010346146154915914,0.00043445383198559284,0.9993064999580383,0.0001555292255943641
VTM-002092,DG-29e618915675,feldspar,2,2,0.5,0.00036950569483451545,0.013052527792751789,0.9704175591468811,0.01616041362285614
VTM-002095,DG-eba38ff4d979,feldspar,2,2,0.5,0.001948186894878745,0.0017302335472777486,0.995255172252655,0.0010663813445717096
VTM-002101,DG-090ddd4bbf2c,feldspar,2,2,0.5,0.004712203983217478,0.21287479996681213,0.7747306823730469,0.007682326715439558
VTM-002115,DG-a29f631094fd,feldspar,2,2,0.5,0.0005285788211040199,0.360973060131073,0.6369947791099548,0.0015036537079140544
VTM-002127,DG-d9d6e684a78e,feldspar,2,2,0.5,4.095139229320921e-05,0.00012611951387953013,0.9990442395210266,0.0007887181709520519
VTM-002135,DG-d4bf152bc099,feldspar,2,2,0.5,0.3025522828102112,0.01747487671673298,0.35499897599220276,0.32497385144233704
VTM-002136,DG-69558725141a,feldspar,2,2,0.5,0.10855696350336075,0.012176018208265305,0.8351339101791382,0.04413312301039696
VTM-002142,DG-c8f9fb71cedc,feldspar,2,2,0.5,0.0008946917369030416,0.0028183304239064455,0.9808210730552673,0.015465923584997654
VTM-002161,DG-317a262e2e4e,feldspar,2,1,0.5,0.008214019238948822,0.5628685355186462,0.18023912608623505,0.2486783266067505
VTM-002178,DG-db3b3795090a,feldspar,2,2,0.5,0.021316343918442726,0.0021778095979243517,0.9092357158660889,0.06727011501789093
VTM-002182,DG-b8ef0ff6473f,feldspar,2,1,0.5,0.09914856404066086,0.7861413955688477,0.021479636430740356,0.09323044866323471
VTM-002189,DG-653d9c9014db,feldspar,2,2,0.5,5.50338882021606e-05,0.03090573102235794,0.9683054685592651,0.0007337964489124715
VTM-002200,DG-4d249ffaf8fc,feldspar,2,2,0.5,6.138900789665058e-05,0.00039892291533760726,0.9990904927253723,0.0004491587169468403
VTM-002221,DG-2a6cfd65840f,feldspar,2,2,0.5,0.0011122224386781454,0.0006626052199862897,0.9871718883514404,0.011053298600018024
VTM-002224,DG-fc46afd88745,feldspar,2,2,0.5,0.01949416846036911,0.004689290653914213,0.9701285362243652,0.005687994882464409
VTM-002230,DG-640fabb985c0,feldspar,2,2,0.5,0.1465701162815094,0.284875750541687,0.45137739181518555,0.11717675626277924
VTM-002231,DG-ba4d9ceceece,feldspar,2,3,0.5,0.3403592109680176,0.04152388125658035,0.25083398818969727,0.3672829568386078
VTM-002239,DG-46c8aa472fb3,feldspar,2,2,0.5,0.0006213453598320484,0.07617316395044327,0.8978003859519958,0.02540513500571251
VTM-002242,DG-46eb074b82a5,feldspar,2,2,0.5,0.0008274103165604174,0.006740974728018045,0.9880325198173523,0.004399070981889963
VTM-002244,DG-dd983ea4596e,feldspar,2,2,0.5,0.003203524276614189,0.041236553341150284,0.8751918077468872,0.08036811649799347
VTM-002273,DG-088a8e179730,feldspar,2,2,0.5,0.0014116511447355151,0.0014265680219978094,0.9758201837539673,0.021341633051633835
VTM-002278,DG-4ecd97172434,feldspar,2,2,0.5,0.014526481740176678,0.010015898384153843,0.9401525259017944,0.035305123776197433
VTM-002299,DG-0b3a2f900e75,feldspar,2,2,0.5,0.28696584701538086,0.0668344646692276,0.439689040184021,0.20651067793369293
VTM-002300,DG-43c02b5ca89f,feldspar,2,2,0.5,0.004075717646628618,0.05442959442734718,0.9397060871124268,0.0017885630950331688
VTM-002309,DG-ac3f257e3422,feldspar,2,2,0.5,0.007193214260041714,0.0021730477456003428,0.98454749584198,0.0060862163081765175
VTM-002335,DG-30c595ffee50,feldspar,2,0,0.5,0.6063331961631775,0.03919430822134018,0.32528752088546753,0.029184944927692413
VTM-002342,DG-5f759f5b136c,feldspar,2,2,0.5,0.0006357934908010066,0.00034016696736216545,0.9978330731391907,0.0011909912573173642
VTM-002349,DG-895178d79e4d,fluorapatite,2,2,0.5,9.809537004912272e-05,0.0020712637342512608,0.9973002672195435,0.0005304141086526215
VTM-002351,DG-1b5611cea2b8,fluorapatite,2,2,0.5,0.00026330025866627693,0.019303031265735626,0.9722818732261658,0.008151838555932045
VTM-002355,DG-c7a69b83ab2c,fluorapatite,2,2,0.5,0.0005102625582367182,0.003890372347086668,0.9953504204750061,0.00024890140048228204
VTM-002386,DG-a38499df1260,fluorapatite,2,2,0.5,0.002868448616936803,0.002108685439452529,0.9937618970870972,0.0012610054109245539
VTM-002394,DG-fd091724d542,fluorapatite,2,2,0.5,0.0019558530766516924,0.12950432300567627,0.5602642297744751,0.30827558040618896
VTM-002398,DG-8b0f6c6f3aed,fluorapatite,2,2,0.5,0.0016309238271787763,0.0022845554631203413,0.9915069937705994,0.004577517509460449
VTM-002413,DG-6bfdf641660f,fluorapatite,2,2,0.5,0.15200728178024292,0.0016309261554852128,0.8277449607849121,0.018616823479533195
VTM-002425,DG-72bb26f4ed2f,fluorapatite,2,2,0.5,0.00029865678516216576,0.0027406099252402782,0.9957142472267151,0.0012464794563129544
VTM-002431,DG-0eb898a1b254,fluorapatite,2,1,0.5,0.010368511080741882,0.5110577940940857,0.20821695029735565,0.2703567445278168
VTM-002454,DG-5e7f3b249764,fluorapatite,2,2,0.5,0.023508751764893532,0.09169096499681473,0.7593425512313843,0.12545771896839142
VTM-002473,DG-055b4488fc44,fluorapatite,2,2,0.5,0.004955478943884373,0.17873868346214294,0.8050845265388489,0.011221327818930149
VTM-002479,DG-75fffc92d672,fluorapatite,2,3,0.5,0.10960955917835236,0.2628645896911621,0.18795043230056763,0.4395754635334015
VTM-002495,DG-73c150be8bd8,fluorapatite,2,2,0.5,0.0027345602866262197,0.05874954164028168,0.9297216534614563,0.008794217370450497
VTM-002499,DG-9c474ff091b8,fluorapatite,2,2,0.5,2.7270434657111764e-06,0.0012181561905890703,0.9987521767616272,2.6941566829918884e-05
VTM-002533,DG-b3d54423379a,fluorapatite,2,2,0.5,6.289257726166397e-05,0.0016629262827336788,0.9968330264091492,0.0014411418233066797
VTM-002547,DG-b69dc469a9d2,fluorapatite,2,2,0.5,0.023740017786622047,0.10725338011980057,0.6684983372688293,0.200508251786232
VTM-002548,DG-c4348d91f361,fluorapatite,2,2,0.5,0.005469071213155985,0.24338334798812866,0.729645848274231,0.021501753479242325
VTM-002550,DG-d2db00e64eab,fluorapatite,2,0,0.5,0.8798024654388428,0.09925542771816254,0.014286008663475513,0.006656097713857889
VTM-002557,DG-95bd2551be4c,fluorapatite,2,2,0.5,8.250254177255556e-05,0.0010829952079802752,0.9981082081794739,0.0007263043080456555
VTM-002558,DG-9807e26f9656,fluorapatite,2,2,0.5,0.0011908331653103232,0.0039929840713739395,0.9918599724769592,0.00295622437261045
VTM-002565,DG-f337b786d141,fluorapatite,2,2,0.5,0.003977581392973661,0.0197302233427763,0.795597493648529,0.18069471418857574
VTM-002574,DG-5d5ed2ac4514,fluorapatite,2,2,0.5,0.0012406151508912444,0.06026209890842438,0.8665175437927246,0.07197977602481842
VTM-002585,DG-0b501b4152e2,fluorapatite,2,2,0.5,0.011541906744241714,0.006415478885173798,0.9764673113822937,0.005575311835855246
VTM-002591,DG-c9169e63495d,fluorapatite,2,2,0.5,0.00022586261911783367,0.1392393410205841,0.8556877374649048,0.004847055301070213
VTM-002593,DG-c13a0134cef1,fluorapatite,2,0,0.5,0.5600547194480896,0.0286683589220047,0.13639023900032043,0.27488675713539124
VTM-002598,DG-d985a9e434b7,fluorapatite,2,2,0.5,0.0002735161979217082,0.013935956172645092,0.9829251766204834,0.0028653971385210752
VTM-002599,DG-3bd28fe7329e,fluorapatite,2,2,0.5,0.000896293786354363,0.2417999804019928,0.7548304796218872,0.002473269123584032
VTM-002602,DG-0414ed37c80e,fluorapatite,2,1,0.5,0.09318625926971436,0.5029560923576355,0.16840559244155884,0.2354520708322525
VTM-002603,DG-720ed7cb2810,fluorapatite,2,0,0.5,0.4270508289337158,0.25040391087532043,0.05270083248615265,0.26984450221061707
VTM-002605,DG-0f47d6b5986a,fluorapatite,2,2,0.5,0.0037030549719929695,0.09301117807626724,0.8931106328964233,0.01017511636018753
VTM-002620,DG-2f0ec9964ed1,fluorapatite,2,2,0.5,0.004426848609000444,0.07590010017156601,0.8220548629760742,0.09761819988489151
VTM-002623,DG-754c53cbe1d5,fluorapatite,2,2,0.5,0.02774781920015812,0.10095269232988358,0.8484715819358826,0.022827882319688797
VTM-002648,DG-54d5b5680e91,fluorapatite,2,2,0.5,1.1312692549836356e-05,0.00035642104921862483,0.9994977116584778,0.00013458238390740007
VTM-002649,DG-395e92d026dd,fluorapatite,2,2,0.5,0.0022578053176403046,0.16635747253894806,0.8248757719993591,0.006508986931294203
VTM-002661,DG-61345b77860e,fluorapatite,2,2,0.5,0.0020972646307200193,0.027901770547032356,0.9682332277297974,0.0017677225405350327
VTM-002670,DG-0691cb88a482,fluorapatite,2,2,0.5,0.00047503254609182477,0.004816534463316202,0.9941476583480835,0.0005607547354884446
VTM-002677,DG-edddd0879fc7,fluorapatite,2,2,0.5,0.010170195251703262,0.06383161246776581,0.9019761085510254,0.024022113531827927
VTM-002701,DG-a4daf9c45a67,fluorapatite,2,2,0.5,0.0016231744084507227,0.012703675776720047,0.8741381764411926,0.11153502017259598
VTM-002715,DG-d6a49c8f1849,fluorapatite,2,2,0.5,0.020270664244890213,0.1186242327094078,0.8572447299957275,0.0038603523280471563
VTM-002716,DG-2cfb90213ded,fluorapatite,2,2,0.5,0.004730604123324156,0.1401798129081726,0.8019426465034485,0.053146906197071075
VTM-002722,DG-0691cb88a482,fluorapatite,2,2,0.5,0.0003176481113769114,0.002585415728390217,0.9967365264892578,0.0003603809454943985
VTM-002740,DG-ca574177f774,fluorapatite,2,2,0.5,0.0006729012238793075,0.020276948809623718,0.9728679060935974,0.0061822389252483845
VTM-002741,DG-b7f56304181f,fluorapatite,2,2,0.5,0.0001944068935699761,0.006639439146965742,0.9923714399337769,0.0007946978439576924
VTM-002748,DG-afec5814433b,fluorapatite,2,2,0.5,0.015373974107205868,0.2825062870979309,0.6224527359008789,0.07966698706150055
VTM-002761,DG-16fbcc8aaa70,fluorapatite,2,2,0.5,0.0016990209696814418,0.002826426876708865,0.9800040125846863,0.015470615588128567
VTM-002792,DG-8d850914e89d,fluorapatite,2,2,0.5,5.8579742471920326e-05,0.0005831357557326555,0.9987198710441589,0.0006383833824656904
VTM-002800,DG-f511b9cade4e,fluorapatite,2,2,0.5,0.002644309774041176,0.0016037251334637403,0.9918552041053772,0.0038967891596257687
VTM-002818,DG-8ea8283029de,fluorapatite,2,2,0.5,0.05482077971100807,0.44261160492897034,0.4747602045536041,0.027807459235191345
VTM-002834,DG-638ed1ad3c68,fluorapatite,2,2,0.5,0.0001297442795475945,0.0012279482325538993,0.9981557130813599,0.00048664602218195796
VTM-002839,DG-cc6dea240596,fluorapatite,2,2,0.5,0.00519656203687191,0.028787866234779358,0.9630175232887268,0.0029980407562106848
VTM-002857,DG-305115badd02,fluorapatite,2,2,0.5,0.004886672366410494,0.10482172667980194,0.804930567741394,0.08536103367805481
VTM-002859,DG-ea24da9af73a,fluorapatite,2,2,0.5,0.2274773120880127,0.10847878456115723,0.4621867537498474,0.20185714960098267
VTM-002860,DG-c256a200d15c,fluorapatite,2,2,0.5,0.01735474169254303,0.3814794421195984,0.5730043649673462,0.0281614288687706
VTM-002865,DG-63815aa98013,fluorapatite,2,2,0.5,0.0001363455958198756,0.007502433843910694,0.9920060038566589,0.0003551710397005081
VTM-002869,DG-3b4e36a4741e,fluorapatite,2,2,0.5,0.00023106207663659006,0.44094881415367126,0.5349522233009338,0.023867879062891006
VTM-002876,DG-b9538958ce5c,fluorapatite,2,2,0.5,0.0016885269433259964,0.017586223781108856,0.928419291973114,0.05230593681335449
VTM-002878,DG-b13147319dc3,fluorapatite,2,2,0.5,0.0028736130334436893,0.05786985531449318,0.9383779168128967,0.000878604652825743
VTM-002895,DG-49e24966d221,pyroxene,2,2,0.5,0.0005171584198251367,0.021487444639205933,0.9756320118904114,0.002363354666158557
VTM-002900,DG-1db9b6a05f29,pyroxene,2,2,0.5,0.0002511665807105601,0.005284999962896109,0.99366694688797,0.0007968870340846479
VTM-002909,DG-9bbfec4037a2,pyroxene,2,2,0.5,6.737631338182837e-05,0.004735027439892292,0.994367778301239,0.0008298512548208237
VTM-002919,DG-356ea2090c53,pyroxene,2,2,0.5,0.0008066248847171664,0.14931842684745789,0.8202549815177917,0.029619982466101646
VTM-002923,DG-7caa2a775a1a,pyroxene,2,1,0.5,0.007250997703522444,0.8057418465614319,0.08250067383050919,0.10450652241706848
VTM-002924,DG-2df79f16c566,pyroxene,2,2,0.5,0.00027435357333160937,0.011559929698705673,0.9860692620277405,0.0020964564755558968
VTM-002950,DG-3d20cc00fc0d,pyroxene,2,2,0.5,0.007797273341566324,0.07646001875400543,0.8619685769081116,0.0537741482257843
VTM-002954,DG-752db4c96d17,pyroxene,2,2,0.5,0.0051353988237679005,0.2857673764228821,0.6953188180923462,0.013778412714600563
VTM-002960,DG-b4542bbe4f72,pyroxene,2,1,0.5,0.00047239812556654215,0.7343904376029968,0.262231707572937,0.00290543120354414
VTM-002966,DG-c5b146ea09f7,pyroxene,2,1,0.5,0.0007454984588548541,0.9626886248588562,0.03088981844484806,0.005676066502928734
VTM-002971,DG-be618f087da3,pyroxene,2,1,0.5,0.016104012727737427,0.8672288060188293,0.10755298286676407,0.009114171378314495
VTM-002975,DG-54c904e58e80,pyroxene,2,1,0.5,0.021000748500227928,0.9469001889228821,0.02722982130944729,0.004869197029620409
VTM-002977,DG-34b381a0603f,pyroxene,2,2,0.5,0.0007635068614035845,0.013512256555259228,0.9714648127555847,0.014259462244808674
VTM-002982,DG-2f45f8a0936b,pyroxene,2,2,0.5,0.00011256274592597038,0.0025108454283326864,0.9972386360168457,0.00013798977306578308
VTM-003015,DG-b48e4e8d3847,pyroxene,2,2,0.5,0.0004519317008089274,0.050324905663728714,0.94370037317276,0.005522747524082661
VTM-003042,DG-bf2b9091292d,pyroxene,2,2,0.5,0.0008212780812755227,0.011384631507098675,0.9725496768951416,0.015244383364915848
VTM-003054,DG-f565f1f89460,pyroxene,2,2,0.5,0.010778019204735756,0.25958406925201416,0.7122055292129517,0.017432378605008125
VTM-003063,DG-511bc518eefd,pyroxene,2,2,0.5,0.03160174563527107,0.06767816841602325,0.8659912347793579,0.03472883626818657
VTM-003081,DG-57c3496aabcc,pyroxene,2,2,0.5,0.001953467493876815,0.005359283648431301,0.9877040386199951,0.004983246326446533
VTM-003084,DG-08f941b3adbe,pyroxene,2,2,0.5,0.0688040554523468,0.09787408262491226,0.7843706607818604,0.04895121976733208
VTM-003088,DG-84f2ccc22215,pyroxene,2,2,0.5,0.002099448349326849,0.0051400326192379,0.9881935715675354,0.004566927906125784
VTM-003102,DG-eb49f9733f96,pyroxene,2,0,0.5,0.41806644201278687,0.4071076214313507,0.06670766323804855,0.10811827331781387
VTM-003110,DG-480f994028c5,pyroxene,2,2,0.5,3.3562941098352894e-05,0.0016437881859019399,0.9978318214416504,0.0004908356349915266
VTM-003115,DG-1515abbb052e,pyroxene,2,2,0.5,0.0005724750808440149,0.0008872456382960081,0.9960325360298157,0.002507733413949609
VTM-003122,DG-e3cdd9392b5d,pyroxene,2,2,0.5,0.000492546649184078,0.01613682322204113,0.9787585139274597,0.0046120863407850266
VTM-003130,DG-65e305e9a731,pyroxene,2,2,0.5,0.00443280627951026,0.027592390775680542,0.9605093598365784,0.007465387228876352
VTM-003134,DG-d21176b4a338,pyroxene,2,2,0.5,0.0025338714476674795,0.11134028434753418,0.7837917804718018,0.10233408212661743
VTM-003142,DG-67b556e03afb,pyroxene,2,2,0.5,0.00011984370212303475,0.00112896878272295,0.9961468577384949,0.002604338340461254
VTM-003144,DG-a84db1395699,pyroxene,2,2,0.5,0.0010814312845468521,0.03371243178844452,0.9020821452140808,0.06312400102615356
VTM-003147,DG-ac54427293e7,pyroxene,2,0,0.5,0.6374179720878601,0.24544396996498108,0.007653920911252499,0.10948409140110016
VTM-003151,DG-b43f3934bb4c,pyroxene,2,3,0.5,4.06639592256397e-05,0.006188253406435251,0.017085500061511993,0.9766855835914612
VTM-003155,DG-82eaf07a7bdb,pyroxene,2,2,0.5,0.00026905248523689806,0.0024303910322487354,0.9968265295028687,0.00047409493708983064
VTM-003157,DG-66b9ad6c6148,pyroxene,2,2,0.5,0.00043516550795175135,0.019091540947556496,0.979121744632721,0.0013515523169189692
VTM-003163,DG-e8e3c3343546,pyroxene,2,2,0.5,0.00017984138685278594,0.03289814293384552,0.9480224847793579,0.018899552524089813
VTM-003164,DG-7bc5f4203f23,pyroxene,2,2,0.5,0.007333008572459221,0.019363271072506905,0.9378983974456787,0.03540528193116188
VTM-003175,DG-23234e6b3e43,pyroxene,2,2,0.5,0.010649166069924831,0.06611794233322144,0.8479853868484497,0.07524753361940384
VTM-003180,DG-cc8b7babfac4,pyroxene,2,3,0.5,0.014554571360349655,0.139274463057518,0.06475799530744553,0.7814129590988159
VTM-003184,DG-ce96664994ce,pyroxene,2,2,0.5,0.033880073577165604,0.03553183376789093,0.9191259145736694,0.011462179943919182
VTM-003226,DG-554d6670e9b4,pyroxene,2,2,0.5,0.0002347127447137609,0.0026003376115113497,0.9950852990150452,0.002079718979075551
VTM-003245,DG-c8f1bf1f629f,pyroxene,2,2,0.5,0.04006214439868927,0.11782436817884445,0.43146347999572754,0.41064998507499695
VTM-003255,DG-75889ba42e57,pyroxene,2,2,0.5,0.11357170343399048,0.11302968114614487,0.6745584011077881,0.09884020686149597
VTM-003257,DG-1b195b5c368f,pyroxene,2,1,0.5,0.1429978311061859,0.4945297837257385,0.11293765157461166,0.2495347559452057
VTM-003262,DG-ce582e0b163d,pyroxene,2,2,0.5,0.005790091119706631,0.08695052564144135,0.6991344094276428,0.20812498033046722
VTM-003265,DG-e51f3915a22a,pyroxene,2,1,0.5,0.011967121623456478,0.6259379386901855,0.3512582778930664,0.010836683213710785
VTM-003272,DG-10f6123231d7,pyroxene,2,0,0.5,0.5926849842071533,0.3342055380344391,0.024878602474927902,0.048230867832899094
VTM-003274,DG-66e6fbd39ec0,pyroxene,2,2,0.5,0.00021244387608021498,0.020819874480366707,0.9766330718994141,0.0023346180096268654
VTM-003288,DG-bd2202dcb2d1,pyroxene,2,0,0.5,0.7204517722129822,0.08488830178976059,0.12436120957136154,0.0702987089753151
VTM-003291,DG-30721725b06e,pyroxene,2,3,0.5,0.04235811159014702,0.36956727504730225,0.14041844010353088,0.44765615463256836
VTM-003299,DG-876b60276a74,pyroxene,2,0,0.5,0.4591076970100403,0.2738673686981201,0.1374068409204483,0.1296181082725525
VTM-003316,DG-8a5ae1d39e37,pyroxene,2,1,0.5,0.0010474000591784716,0.9326537847518921,0.041523613035678864,0.024775177240371704
VTM-003342,DG-4f484134272f,pyroxene,2,2,0.5,0.004951039329171181,0.062154825776815414,0.8129398822784424,0.11995425075292587
VTM-003404,DG-7657d0e328c4,quartz,2,3,0.5,0.07410971820354462,0.10947268456220627,0.23241549730300903,0.5840020775794983
VTM-003407,DG-0b23ba5e06e0,quartz,2,2,0.5,0.0014620001893490553,0.43976300954818726,0.553670346736908,0.005104667041450739
VTM-003409,DG-f0a359abe3c4,quartz,2,2,0.5,0.0002818433567881584,0.003471547272056341,0.990003228187561,0.006243390496820211
VTM-003414,DG-a3d6f99fcc3a,quartz,2,2,0.5,0.019180668517947197,0.0027782514225691557,0.9289887547492981,0.04905235394835472
VTM-003417,DG-0353e3fc5926,quartz,2,2,0.5,0.0748031809926033,0.01123559009283781,0.6740419268608093,0.2399192899465561
VTM-003436,DG-f690a11241c6,quartz,2,2,0.5,0.0013605243293568492,0.06927458941936493,0.9248758554458618,0.004488982725888491
VTM-003439,DG-3cac4d8dd485,quartz,2,2,0.5,0.010584411211311817,0.22800850868225098,0.7389848828315735,0.02242221124470234
VTM-003450,DG-0ce737ab9434,quartz,2,2,0.5,7.40837785997428e-05,0.0031641789246350527,0.9965223670005798,0.00023934274213388562
VTM-003474,DG-fa2ffff0f841,quartz,2,3,0.5,0.3015761077404022,0.02284611202776432,0.2032337188720703,0.4723440408706665
VTM-003483,DG-63fdcaf52323,quartz,2,2,0.5,0.12888213992118835,0.2926521599292755,0.5709100961685181,0.007555579766631126
VTM-003490,DG-cf859eff6b10,quartz,2,2,0.5,0.03807428851723671,0.07938513159751892,0.8193022608757019,0.06323833763599396
VTM-003512,DG-f9160b87266c,quartz,2,3,0.5,0.016692323610186577,0.1268042027950287,0.36688756942749023,0.48961594700813293
VTM-003526,DG-cd5ad83e643f,quartz,2,2,0.5,0.007534290663897991,0.4002027213573456,0.5920026302337646,0.0002602816966827959
VTM-003530,DG-d73f924bae0b,quartz,2,2,0.5,3.3353237085975707e-05,0.013129156082868576,0.9862868785858154,0.000550566241145134
VTM-003531,DG-2044b773bca3,quartz,2,2,0.5,0.0006358260288834572,0.007098664063960314,0.9880303740501404,0.004235180094838142
VTM-003536,DG-c2c58253d08c,quartz,2,3,0.5,0.0027028555050492287,0.0008126983884721994,0.26611700654029846,0.7303674221038818
VTM-003544,DG-b0f0502de98e,quartz,2,2,0.5,0.0001489048299845308,0.004472332540899515,0.9945606589317322,0.0008181125740520656
VTM-003546,DG-235bdf78292f,quartz,2,2,0.5,0.00023596736718900502,0.0032404500525444746,0.9910191893577576,0.005504400469362736
VTM-003548,DG-825b1eb48440,quartz,2,1,0.5,0.04682735353708267,0.6786291599273682,0.2452542930841446,0.029289187863469124
VTM-003557,DG-13ac6c1297ba,quartz,2,2,0.5,7.439991168212146e-05,0.00011602294398471713,0.9772600531578064,0.022549504414200783
VTM-003560,DG-dc04b90b90db,quartz,2,2,0.5,0.20852291584014893,0.04650579392910004,0.6187173128128052,0.12625399231910706
VTM-003580,DG-d91af8a93521,quartz,2,3,0.5,0.2889781594276428,0.056915588676929474,0.1473996788263321,0.5067065358161926
VTM-003581,DG-682e91e0770e,quartz,2,2,0.5,0.0015454236418008804,0.04310080409049988,0.9424570798873901,0.012896700762212276
VTM-003583,DG-3941e9fbcca1,quartz,2,2,0.5,0.16322162747383118,0.29462775588035583,0.4887271225452423,0.053423501551151276
VTM-003615,DG-453cb9c5bd9f,quartz,2,3,0.5,0.04166613519191742,0.026260660961270332,0.14288945496082306,0.7891837954521179
VTM-003618,DG-96498eebcd64,quartz,2,2,0.5,0.00021697439660783857,0.18161925673484802,0.8173379898071289,0.0008257654844783247
VTM-003622,DG-9a994e08cc43,quartz,2,0,0.5,0.618874192237854,0.35662367939949036,0.0044987620785832405,0.020003385841846466
VTM-003641,DG-46a3c925a5d0,vesuvianite,2,2,0.5,0.0007756922277621925,0.08980249613523483,0.9083706736564636,0.0010511307045817375
VTM-003674,DG-4edb6d8469ab,vesuvianite,2,2,0.5,0.007231289520859718,0.0331060029566288,0.904234766960144,0.05542793124914169
VTM-003676,DG-33d14e76a5db,vesuvianite,2,2,0.5,0.03374994918704033,0.21409787237644196,0.6473031044006348,0.10484908521175385
VTM-003678,DG-f017062f737e,vesuvianite,2,2,0.5,0.009568353183567524,0.12742184102535248,0.8562590479850769,0.006750768981873989
VTM-003682,DG-31e8497079c7,vesuvianite,2,2,0.5,0.00018384803843218833,0.011038267984986305,0.9876238703727722,0.0011539995903149247
VTM-003686,DG-f11c31142702,vesuvianite,2,1,0.5,0.01290354784578085,0.9655110239982605,0.017125582322478294,0.004459856543689966
VTM-003687,DG-41072e499761,vesuvianite,2,2,0.5,0.00044887661351822317,0.004357798490673304,0.9951366186141968,5.674928252119571e-05
VTM-003691,DG-44a7cf6b6b7e,vesuvianite,2,2,0.5,2.3218670321512036e-05,0.0006250778096728027,0.9990148544311523,0.00033681225613690913
VTM-003701,DG-c90bdf98cbfa,vesuvianite,2,2,0.5,0.001968381693586707,0.012706040404736996,0.9754022359848022,0.009923308156430721
VTM-003708,DG-17a3d2fa8295,vesuvianite,2,1,0.5,0.0035235402174293995,0.7134672999382019,0.2745913565158844,0.008417859673500061
VTM-003711,DG-2b70027d83ee,vesuvianite,2,1,0.5,0.0003838893899228424,0.8462777137756348,0.15293528139591217,0.00040315190562978387
VTM-003741,DG-964867134f8a,vesuvianite,2,2,0.5,0.01638663373887539,0.11399656534194946,0.7560334205627441,0.11358340084552765
VTM-003743,DG-e4bdf2e46adc,vesuvianite,2,2,0.5,0.2951759099960327,0.02643575146794319,0.6188943982124329,0.05949397012591362
VTM-003745,DG-ad9859357844,vesuvianite,2,2,0.5,0.049422550946474075,0.20428244769573212,0.7043270468711853,0.041967958211898804
VTM-003748,DG-433a6f5e44f1,vesuvianite,2,1,0.5,0.00013521715300157666,0.9672461748123169,0.030597109347581863,0.002021538559347391
VTM-003785,DG-d92bab69494e,vesuvianite,2,2,0.5,0.007592370267957449,0.05846162512898445,0.925995409488678,0.007950635626912117
VTM-003787,DG-a57f7ec315c0,vesuvianite,2,2,0.5,0.00033378874650225043,0.002551053185015917,0.9965646862983704,0.0005504983710125089
VTM-003788,DG-046f096f1511,vesuvianite,2,2,0.5,0.0003794679359998554,0.007806284818798304,0.9901860952377319,0.0016281332354992628
VTM-003789,DG-b4475582d029,vesuvianite,2,2,0.5,0.0094049833714962,0.38907569646835327,0.5655869841575623,0.0359322652220726
VTM-003790,DG-a2fb63856b79,vesuvianite,2,2,0.5,0.10658128559589386,0.2577318549156189,0.41779860854148865,0.2178882509469986
VTM-003812,DG-7b4a7d871533,vesuvianite,2,1,0.5,0.02775384671986103,0.9579116106033325,0.003956102766096592,0.010378415696322918
VTM-003824,DG-9034054e323d,vesuvianite,2,2,0.5,0.004312885459512472,0.09324776381254196,0.8939464092254639,0.008492941968142986
VTM-003839,DG-2cb669ba54e8,vesuvianite,2,3,0.5,0.30130860209465027,0.12198911607265472,0.09751460701227188,0.47918766736984253
VTM-003846,DG-65ee9832cb87,vesuvianite,2,2,0.5,6.190962449181825e-05,0.04303272068500519,0.9565429091453552,0.0003624106466304511
VTM-003848,DG-9a2b0302b94f,vesuvianite,2,2,0.5,0.006408775225281715,0.2597689628601074,0.71392822265625,0.01989404298365116
VTM-003849,DG-f0c34ebf09d4,vesuvianite,2,2,0.5,0.18119655549526215,0.09760015457868576,0.6380017399787903,0.083201564848423
VTM-003859,DG-347607d0382b,vesuvianite,2,2,0.5,0.008239097893238068,0.41701817512512207,0.4654572308063507,0.10928552597761154
VTM-003869,DG-a27253dc3192,vesuvianite,2,3,0.5,0.15982118248939514,0.06978137791156769,0.38078609108924866,0.3896113634109497
VTM-003874,DG-e2ecc0af409b,vesuvianite,2,2,0.5,3.820994606940076e-05,0.0038263152819126844,0.9960318803787231,0.00010363053297623992
VTM-003919,DG-1bfbf1409727,vesuvianite,2,1,0.5,0.0013075955212116241,0.863753616809845,0.12824273109436035,0.006696030031889677
VTM-003932,DG-41b2f1baf41a,vesuvianite,2,2,0.5,2.442058303131489e-06,0.0031830938532948494,0.9968112111091614,3.260005087213358e-06
VTM-003958,DG-e0a00790809c,vesuvianite,2,2,0.5,3.7783906009281054e-05,0.005255582742393017,0.9927606582641602,0.0019459844334051013
VTM-003965,DG-bedd810d9200,vesuvianite,2,2,0.5,0.009275094605982304,0.07403912395238876,0.851205587387085,0.06548023968935013
VTM-003971,DG-14f935be0016,vesuvianite,2,2,0.5,0.003985603805631399,0.024173123762011528,0.9549016952514648,0.016939550638198853
VTM-003973,DG-14d7772a2cce,vesuvianite,2,2,0.5,0.04369316250085831,0.024893520399928093,0.8344837427139282,0.09692957252264023
VTM-003982,DG-3dfd8a6197c4,vesuvianite,2,1,0.5,0.04655369743704796,0.7937451601028442,0.15555496513843536,0.004146143328398466
VTM-003987,DG-d2aa36cd4cad,vesuvianite,2,2,0.5,0.004532825667411089,0.014701477251946926,0.9719256162643433,0.008840038441121578
VTM-003992,DG-664f9c926f0d,vesuvianite,2,2,0.5,0.005025309510529041,0.026523355394601822,0.9394012689590454,0.029050083830952644
VTM-003993,DG-c8d252927af9,vesuvianite,2,2,0.5,0.0358782522380352,0.07407242059707642,0.8524847030639648,0.03756455332040787
VTM-003994,DG-aa022bcd3af9,vesuvianite,2,2,0.5,0.0008987121400423348,0.012180326506495476,0.9781182408332825,0.008802676573395729
VTM-004019,DG-62ac0e476866,vesuvianite,2,2,0.5,1.4800313692830969e-05,0.004774897824972868,0.9947265386581421,0.00048376768245361745
VTM-004022,DG-5729472e6060,vesuvianite,2,2,0.5,6.79090680932859e-06,0.0008572677033953369,0.9990622401237488,7.37436639610678e-05
VTM-004026,DG-59e18c2e392d,vesuvianite,2,2,0.5,4.368638838059269e-05,0.00598849356174469,0.9932865500450134,0.0006812675856053829
VTM-004032,DG-92c42313ca9e,vesuvianite,2,1,0.5,0.10997020453214645,0.8527895212173462,0.031317103654146194,0.005923211108893156
VTM-004035,DG-331aed20574d,vesuvianite,2,1,0.5,0.0005865450948476791,0.49987658858299255,0.4984109103679657,0.001125952461734414
VTM-004047,DG-60aac4edb1a5,vesuvianite,2,2,0.5,0.023948034271597862,0.15078295767307281,0.6781235337257385,0.14714547991752625
VTM-004054,DG-173ad05db86b,vesuvianite,2,1,0.5,0.0021261004731059074,0.9650837779045105,0.03115103207528591,0.0016390656819567084
VTM-004061,DG-80e4299a55f2,vesuvianite,2,1,0.5,0.0011327440151944757,0.9170733690261841,0.07815305143594742,0.003640888025984168
VTM-004062,DG-fda72bb14ae7,vesuvianite,2,2,0.5,0.008357993327081203,0.25245460867881775,0.7164702415466309,0.022717153653502464
VTM-004081,DG-8ac6e9f112e0,vesuvianite,2,2,0.5,0.0015279497019946575,0.06412583589553833,0.9331848621368408,0.0011613398091867566
VTM-004092,DG-01ecf59f1948,vesuvianite,2,2,0.5,0.0018663139780983329,0.11609674245119095,0.878624677658081,0.003412229474633932
VTM-004113,DG-89a5aebd31ed,vesuvianite,2,1,0.5,0.002604710403829813,0.7084566950798035,0.28561142086982727,0.0033271913416683674
VTM-004144,DG-ff495648bcfe,chalcopyrite,3,3,0.5,0.003580061485990882,0.3970993459224701,0.10037266463041306,0.49894794821739197
VTM-004148,DG-7a808857c1de,chalcopyrite,3,3,0.5,0.04986265301704407,0.11386623233556747,0.020833471789956093,0.8154376745223999
VTM-004150,DG-72700ebf1a10,chalcopyrite,3,3,0.5,0.12078147381544113,0.1620064228773117,0.26014116406440735,0.4570709466934204
VTM-004153,DG-9fc1b8c7f218,chalcopyrite,3,3,0.5,0.20282472670078278,0.0256222914904356,0.010884016752243042,0.7606689929962158
VTM-004170,DG-31610024be9a,chalcopyrite,3,2,0.5,0.0006278534419834614,0.006453045178204775,0.797776460647583,0.19514267146587372
VTM-004171,DG-d38a8f6caf2f,chalcopyrite,3,1,0.5,0.2803169786930084,0.45428088307380676,0.015502733178436756,0.24989940226078033
VTM-004175,DG-59972296a1e6,chalcopyrite,3,1,0.5,0.010854758322238922,0.9000991582870483,0.05036677420139313,0.03867926076054573
VTM-004179,DG-cb7067e0a2de,chalcopyrite,3,3,0.5,0.012187565676867962,0.036355018615722656,0.026483487337827682,0.9249739646911621
VTM-004185,DG-8af24c38bfa8,chalcopyrite,3,0,0.5,0.8410599827766418,0.06714800745248795,0.024923592805862427,0.06686844676733017
VTM-004200,DG-f51e3b6143c9,chalcopyrite,3,3,0.5,0.004287409130483866,0.0013024191139265895,0.009248815476894379,0.9851613640785217
VTM-004208,DG-bfc092792a30,chalcopyrite,3,1,0.5,0.013759045861661434,0.5849446058273315,0.04190738499164581,0.35938891768455505
VTM-004215,DG-d0acb4073816,chalcopyrite,3,3,0.5,0.012839761562645435,0.02300458587706089,0.01915621943771839,0.9449994564056396
VTM-004219,DG-d4597052e10d,chalcopyrite,3,3,0.5,0.14685121178627014,0.02136269398033619,0.05166811868548393,0.7801179885864258
VTM-004225,DG-fc9a0444f124,chalcopyrite,3,3,0.5,0.13379701972007751,0.24752922356128693,0.04280883073806763,0.5758649110794067
VTM-004239,DG-7569fb280464,chalcopyrite,3,0,0.5,0.6797913312911987,0.16543596982955933,0.023445019498467445,0.13132771849632263
VTM-004240,DG-e7201c8d338c,chalcopyrite,3,3,0.5,0.09239035844802856,0.13410605490207672,0.02424277551472187,0.7492608428001404
VTM-004271,DG-f9d7beaf8ef5,chalcopyrite,3,3,0.5,0.11115850508213043,0.1373695433139801,0.33120450377464294,0.42026740312576294
VTM-004281,DG-2443ef981653,chalcopyrite,3,1,0.5,0.0258479081094265,0.6900982856750488,0.006617189384996891,0.27743661403656006
VTM-004283,DG-de01f8117480,chalcopyrite,3,3,0.5,0.24748341739177704,0.030533339828252792,0.019215673208236694,0.7027676105499268
VTM-004323,DG-78f090bd2c22,chalcopyrite,3,3,0.5,0.30987486243247986,0.17855389416217804,0.05042508244514465,0.46114614605903625
VTM-004337,DG-40f5e70ee74e,chalcopyrite,3,3,0.5,0.06022006645798683,0.09191064536571503,0.0347495898604393,0.8131197094917297
VTM-004345,DG-558153121fa4,chalcopyrite,3,3,0.5,0.003915711771696806,0.001198514481075108,0.0013578361831605434,0.993527889251709
VTM-004351,DG-ef83122b59ea,chalcopyrite,3,3,0.5,0.010230522602796555,0.3039167821407318,0.03354096785187721,0.6523116827011108
VTM-004362,DG-61658f23e19c,chalcopyrite,3,3,0.5,0.0035975943319499493,0.008521245792508125,0.01237051747739315,0.9755107164382935
VTM-004374,DG-eff36311887f,chalcopyrite,3,1,0.5,0.0305758286267519,0.5405031442642212,0.11096729338169098,0.31795379519462585
VTM-004377,DG-2a2b23af86d3,chalcopyrite,3,0,0.5,0.4174696207046509,0.1877705603837967,0.13816189765930176,0.25659793615341187
VTM-004386,DG-1b585ce795e1,chalcopyrite,3,3,0.5,0.015516462735831738,0.006095076911151409,0.04430443048477173,0.9340839982032776
VTM-004389,DG-be60846a7a22,chalcopyrite,3,3,0.5,0.05810260772705078,0.026369592174887657,0.007564826402813196,0.9079630374908447
VTM-004414,DG-56a4cd02b9dc,chalcopyrite,3,3,0.5,2.9831307983840816e-05,0.0003010105574503541,0.00011692078260239214,0.9995522499084473
VTM-004419,DG-ce5675e7567f,chalcopyrite,3,3,0.5,0.05464800074696541,0.04831049591302872,0.015340734273195267,0.8817007541656494
VTM-004420,DG-d531c03d0d41,chalcopyrite,3,3,0.5,0.004419656004756689,0.053513117134571075,0.4386571943759918,0.5034099817276001
VTM-004439,DG-c3d4fb4d54f4,chalcopyrite,3,3,0.5,0.014089467003941536,0.10236558318138123,0.1393975019454956,0.7441474795341492
VTM-004444,DG-23edd22db05f,chalcopyrite,3,3,0.5,0.289795845746994,0.0244185421615839,0.015056747011840343,0.670728862285614
VTM-004456,DG-9bb8899d2da4,goethite,3,2,0.5,0.24150145053863525,0.14338171482086182,0.32742369174957275,0.28769317269325256
VTM-004459,DG-cabab94531cf,goethite,3,3,0.5,0.012027459219098091,0.015356935560703278,0.028560882434248924,0.9440547227859497
VTM-004461,DG-b80d1a70b842,goethite,3,3,0.5,0.021313020959496498,0.016339311376214027,0.10922907292842865,0.8531185984611511
VTM-004464,DG-065613283a37,goethite,3,3,0.5,0.00011488626478239894,0.00030531574157066643,0.0023858000058680773,0.9971939921379089
VTM-004467,DG-68dfbe9fc626,goethite,3,0,0.5,0.8332492113113403,0.06786671280860901,0.005490686744451523,0.09339345991611481
VTM-004469,DG-a28e80b9f2c0,goethite,3,3,0.5,0.2695044279098511,0.07696117460727692,0.020455732941627502,0.6330786943435669
VTM-004476,DG-4c1d977bcd75,goethite,3,3,0.5,0.0013773557730019093,0.0025575170293450356,0.002039247192442417,0.9940258264541626
VTM-004484,DG-cd8495fa2f0b,goethite,3,3,0.5,0.007379482965916395,0.009394623339176178,0.08101136237382889,0.9022144675254822
VTM-004500,DG-78cc5b879191,goethite,3,3,0.5,0.08853141963481903,0.018118498846888542,0.24143345654010773,0.6519166231155396
VTM-004503,DG-0a825a208653,goethite,3,3,0.5,0.001005945261567831,0.0003737280785571784,0.00012512669491115957,0.9984951615333557
VTM-004511,DG-23977d96146f,goethite,3,3,0.5,0.04251740127801895,0.014450671151280403,0.001855366979725659,0.9411765933036804
VTM-004519,DG-1f687c2db65d,goethite,3,3,0.5,0.26421475410461426,0.09916947782039642,0.007846261374652386,0.6287694573402405
VTM-004530,DG-cc712ac9c2d7,goethite,3,0,0.5,0.892016589641571,0.07724233716726303,0.0028812692034989595,0.02785981446504593
VTM-004531,DG-9c05e9914f9a,goethite,3,3,0.5,0.003297693794593215,0.0021045017056167126,0.002405976876616478,0.9921918511390686
VTM-004540,DG-af95c50fc051,goethite,3,0,0.5,0.7612056732177734,0.10570972412824631,0.0413953922688961,0.09168926626443863
VTM-004543,DG-70fd62b78c20,goethite,3,3,0.5,0.0377153605222702,0.38915887475013733,0.12716053426265717,0.4459652304649353
VTM-004547,DG-01ea05d4e823,goethite,3,3,0.5,0.00029047741554677486,0.00021301390370354056,9.660134674049914e-05,0.9993999004364014
VTM-004564,DG-51434bfb4254,goethite,3,3,0.5,0.0012966112699359655,0.02312621660530567,0.110110804438591,0.8654664158821106
VTM-004570,DG-9682827fe872,goethite,3,0,0.5,0.5600870847702026,0.05541752278804779,0.04839484393596649,0.33610057830810547
VTM-004600,DG-d325b4dea695,goethite,3,1,0.5,0.016597207635641098,0.5194529891014099,0.016600938513875008,0.44734883308410645
VTM-004602,DG-e3cb63300161,goethite,3,3,0.5,0.005920362658798695,0.09089074283838272,0.06007654592394829,0.8431123495101929
VTM-004603,DG-4ec95c54e334,goethite,3,1,0.5,0.19913636147975922,0.5006039142608643,0.047599297016859055,0.25266045331954956
VTM-004625,DG-41b637f0fbe6,goethite,3,1,0.5,0.05072050914168358,0.7439473271369934,0.04468008130788803,0.16065213084220886
VTM-004631,DG-09bf4466051a,goethite,3,3,0.5,0.060918573290109634,0.004138763528317213,0.007279511541128159,0.9276631474494934
VTM-004635,DG-fdc355a7dec4,goethite,3,3,0.5,0.03160390630364418,0.14243847131729126,0.17688077688217163,0.6490767598152161
VTM-004678,DG-d90cb4153a5b,goethite,3,0,0.5,0.5309109091758728,0.18867161870002747,0.009894058108329773,0.27052345871925354
VTM-004682,DG-7645ba962935,goethite,3,3,0.5,0.029194217175245285,0.015607654117047787,0.0024014355149120092,0.9527967572212219
VTM-004708,DG-669019ccd893,goethite,3,3,0.5,0.18815213441848755,0.015376166440546513,0.018114840611815453,0.7783568501472473
VTM-004721,DG-74fb4361c489,hematite,3,3,0.5,0.0026998126413673162,0.0017960293916985393,0.12462223321199417,0.870881974697113
VTM-004730,DG-78b1059d0583,hematite,3,2,0.5,0.032940592616796494,0.026751507073640823,0.9035910367965698,0.03671686351299286
VTM-004743,DG-096a124d4a3f,hematite,3,1,0.5,0.0737888514995575,0.6662452816963196,0.017279647290706635,0.2426862269639969
VTM-004747,DG-48f1ce6216a0,hematite,3,0,0.5,0.48674285411834717,0.07396502792835236,0.055108048021793365,0.3841841220855713
VTM-004765,DG-9aafa4069410,hematite,3,3,0.5,0.0020773527212440968,0.0018317801877856255,0.0008299437467940152,0.9952608942985535
VTM-004766,DG-fd091f622a97,hematite,3,3,0.5,0.0003213766904082149,0.0008991258218884468,0.000211553749977611,0.9985679388046265
VTM-004778,DG-3b4847c6a9ba,hematite,3,3,0.5,0.041946493089199066,0.11956407129764557,0.014750780537724495,0.8237386345863342
VTM-004793,DG-0469e78bdfe2,hematite,3,3,0.5,0.003922292497009039,0.023463722318410873,0.006915658246725798,0.9656983017921448
VTM-004794,DG-2e455278b5bf,hematite,3,0,0.5,0.9699096083641052,0.006184096448123455,0.0016496251337230206,0.02225670963525772
VTM-004822,DG-d654285443e3,hematite,3,1,0.5,0.013579937629401684,0.8088647723197937,0.037564247846603394,0.13999105989933014
VTM-004837,DG-6956fcc63d56,hematite,3,0,0.5,0.39189642667770386,0.06633782386779785,0.3089922368526459,0.2327735424041748
VTM-004838,DG-3f9b6d4b18df,hematite,3,0,0.5,0.5098283886909485,0.18975622951984406,0.15817487239837646,0.1422404944896698
VTM-004852,DG-1b06392a3296,hematite,3,0,0.5,0.6507363319396973,0.17406094074249268,0.096638984978199,0.07856374233961105
VTM-004857,DG-c54cd35230e0,hematite,3,3,0.5,0.0038793522398918867,0.0041221147403120995,0.0003834932285826653,0.9916150569915771
VTM-004859,DG-36609173255a,hematite,3,0,0.5,0.6138643622398376,0.18965114653110504,0.12922506034374237,0.06725951284170151
VTM-004861,DG-6c5840f9c802,hematite,3,0,0.5,0.49625033140182495,0.055879589170217514,0.1383884996175766,0.30948159098625183
VTM-004892,DG-0b02904cd2d9,hematite,3,1,0.5,0.10934726148843765,0.7229886651039124,0.03944693133234978,0.12821714580059052
VTM-004896,DG-e17f060ff120,hematite,3,3,0.5,0.0004327247734181583,0.0029630674980580807,0.00295830680988729,0.9936459064483643
VTM-004903,DG-03ee3b4153cc,hematite,3,0,0.5,0.9100164175033569,0.06158309429883957,0.004936177749186754,0.023464389145374298
VTM-004906,DG-95bf1947a845,hematite,3,2,0.5,0.0012147276429459453,0.008546940982341766,0.9095928072929382,0.08064554631710052
VTM-004920,DG-07cbb5f19a24,hematite,3,1,0.5,0.011129343882203102,0.9510252475738525,0.018540039658546448,0.019305352121591568
VTM-004925,DG-01b1cd8733a9,hematite,3,3,0.5,0.048877231776714325,0.22264084219932556,0.21920904517173767,0.5092729330062866
VTM-004929,DG-8bdd6c1aed64,hematite,3,0,0.5,0.643924355506897,0.08256679773330688,0.07384940981864929,0.19965940713882446
VTM-004945,DG-460c9ad66097,hematite,3,3,0.5,0.0052969977259635925,0.06809494644403458,0.0044845533557236195,0.9221234917640686
VTM-004950,DG-99abd46a80cb,hematite,3,3,0.5,0.16310732066631317,0.1498779058456421,0.2531701326370239,0.4338446259498596
VTM-004956,DG-5d3b8ae242a0,hematite,3,0,0.5,0.9180129766464233,0.026505358517169952,0.012280036695301533,0.04320158809423447
VTM-004960,DG-4bd8424d7cae,hematite,3,2,0.5,0.010124456137418747,0.10940346121788025,0.7640067934989929,0.11646533012390137
VTM-004981,DG-22744ff5e14b,hematite,3,0,0.5,0.9459283351898193,0.01890486106276512,0.002037264872342348,0.033129509538412094
VTM-004985,DG-11457cca95ac,hematite,3,1,0.5,0.2512738108634949,0.6718685030937195,0.017603982239961624,0.05925369635224342
VTM-004993,DG-acfb9bdcc3cf,hematite,3,0,0.5,0.6093629598617554,0.26947566866874695,0.0051504927687346935,0.11601084470748901
VTM-005003,DG-5447e42b6406,hematite,3,3,0.5,0.008583525195717812,0.0032762184273451567,0.00375073729082942,0.9843895435333252
VTM-005016,DG-844028dd8403,hematite,3,1,0.5,0.029995054006576538,0.7340608239173889,0.010626357048749924,0.22531776130199432
VTM-005032,DG-e68258975a20,pyrite,3,3,0.5,0.0016698737163096666,0.022083863615989685,0.0025524282827973366,0.97369384765625
VTM-005046,DG-00f1b8ed170b,pyrite,3,1,0.5,0.010730545036494732,0.45836779475212097,0.07567593455314636,0.45522570610046387
VTM-005069,DG-fa8b5bfd0ab3,pyrite,3,3,0.5,0.004469568841159344,0.055368389934301376,0.012755265459418297,0.9274067878723145
VTM-005096,DG-a634e7073d04,pyrite,3,0,0.5,0.8343071341514587,0.06981435418128967,0.04388374462723732,0.05199478566646576
VTM-005098,DG-501371f40309,pyrite,3,2,0.5,0.0037059038877487183,0.032560475170612335,0.6298183798789978,0.33391526341438293
VTM-005103,DG-ec13d88396e7,pyrite,3,0,0.5,0.7397832870483398,0.039051588624715805,0.005319392774254084,0.2158457189798355
VTM-005104,DG-304532e046df,pyrite,3,3,0.5,0.006893557030707598,0.007619575597345829,0.10373304039239883,0.8817538619041443
VTM-005139,DG-015a32b12348,pyrite,3,3,0.5,0.03684262931346893,0.030983485281467438,0.03193842992186546,0.9002354741096497
VTM-005146,DG-032eabb14027,pyrite,3,3,0.5,0.02603423409163952,0.08875469863414764,0.18157748878002167,0.7036336660385132
VTM-005148,DG-ccd0f38ea4fb,pyrite,3,3,0.5,0.001422216882929206,0.0018541940953582525,0.15838858485221863,0.8383350372314453
VTM-005150,DG-68b61c1855d0,pyrite,3,3,0.5,0.0005467166192829609,0.007601640187203884,0.0018448964692652225,0.990006685256958
VTM-005178,DG-2d82b0c36628,pyrite,3,1,0.5,0.2948506772518158,0.6182101964950562,0.04032384976744652,0.0466153621673584
VTM-005179,DG-22318c3695fc,pyrite,3,0,0.5,0.5336844325065613,0.0878448486328125,0.2160748392343521,0.1623959094285965
VTM-005182,DG-b51949e7b2e2,pyrite,3,3,0.5,0.38150179386138916,0.005177384242415428,0.001482893363572657,0.6118379235267639
VTM-005186,DG-133501d926ee,pyrite,3,0,0.5,0.9111723899841309,0.02133788727223873,0.0008921762346290052,0.0665975883603096
VTM-005189,DG-7d07d7ad37f5,pyrite,3,0,0.5,0.5238345861434937,0.14528822898864746,0.018260009586811066,0.31261715292930603
VTM-005193,DG-d2ed5d9bd90f,pyrite,3,1,0.5,0.00969910528510809,0.8205373883247375,0.010356422513723373,0.15940707921981812
VTM-005198,DG-3633fe244d35,pyrite,3,3,0.5,0.06142253056168556,0.004998357035219669,0.009862423874437809,0.9237167239189148
VTM-005202,DG-017a1586ac26,pyrite,3,3,0.5,0.09134231507778168,0.05281182751059532,0.03758492320775986,0.818260908126831
VTM-005207,DG-6017bfeda9e7,pyrite,3,3,0.5,0.00410738168284297,0.04547356814146042,0.33183571696281433,0.6185833811759949
VTM-005217,DG-702ece6d59e9,pyrite,3,1,0.5,0.00160329625941813,0.451030969619751,0.2686362862586975,0.2787294089794159
VTM-005231,DG-67b3b274b33d,pyrite,3,3,0.5,0.0018984347116202116,0.027546986937522888,0.006679610814899206,0.9638749957084656
VTM-005233,DG-3f49b5293f42,pyrite,3,0,0.5,0.7679850459098816,0.020755691453814507,0.035386741161346436,0.1758725643157959
VTM-005246,DG-6cf1f58edb8e,pyrite,3,1,0.5,0.002360973972827196,0.6960451006889343,0.20488578081130981,0.09670814871788025
VTM-005254,DG-b366a9bbbfdc,pyrite,3,3,0.5,0.03889575973153114,0.036937132477760315,0.19408492743968964,0.7300821542739868
VTM-005263,DG-3081169c4d16,pyrite,3,3,0.5,0.0013478107284754515,0.008800392039120197,0.0019905262161046267,0.9878612756729126
VTM-005279,DG-5efc7d4471ce,pyrite,3,3,0.5,0.06332974135875702,0.09129486978054047,0.0336073562502861,0.8117679953575134
VTM-005287,DG-821438e5afc8,pyrite,3,3,0.5,0.20455573499202728,0.09955843538045883,0.0046487306244671345,0.6912370920181274
VTM-005296,DG-62f666f1f7d4,pyrite,3,1,0.5,0.010928887873888016,0.9140080213546753,0.027429185807704926,0.04763391241431236
VTM-005297,DG-fdedff800ed0,pyrite,3,3,0.5,0.0011006174609065056,0.03767279163002968,0.04855810105800629,0.9126684665679932
VTM-005299,DG-a2326fc94eee,pyrite,3,3,0.5,0.004291784018278122,0.016989991068840027,0.000966845836956054,0.9777513742446899
VTM-005322,DG-0c3de4f93a38,pyrite,3,3,0.5,0.041712451726198196,0.031985510140657425,0.2853356897830963,0.6409663558006287
VTM-005326,DG-e910e3f49fea,anatase,1,0,0.5,0.8509437441825867,0.12655997276306152,0.0010650372132658958,0.021431278437376022
VTM-005331,DG-5f284b9ab285,anatase,1,2,0.5,0.00020338172907941043,0.3819010853767395,0.6058573126792908,0.012038180604577065
VTM-005340,DG-08fc7ca0ee43,anatase,1,0,0.5,0.6048622727394104,0.3701796531677246,0.017743993550539017,0.007214084733277559
VTM-005352,DG-d661883affb5,anatase,1,1,0.5,0.01081897784024477,0.944343090057373,0.006044092588126659,0.038793835788965225
VTM-005390,DG-91ddb121536e,anatase,1,1,0.5,0.004015896003693342,0.9392736554145813,0.0436653196811676,0.013045125640928745
VTM-005395,DG-eebed15869ea,anatase,1,1,0.5,0.1481638252735138,0.7449796199798584,0.003406224073842168,0.10345030575990677
VTM-005428,DG-7ca04967fc70,anatase,1,1,0.5,0.0038199222180992365,0.9104225635528564,0.07308892905712128,0.012668611481785774
VTM-005449,DG-b8a06e08904b,anatase,1,0,0.5,0.3006192743778229,0.23908014595508575,0.2627716064453125,0.19752898812294006
VTM-005453,DG-a05a1d13fa58,anatase,1,1,0.5,1.1400761650293134e-05,0.9988646507263184,0.001019966322928667,0.00010394815035397187
VTM-005464,DG-8668abb677a8,anatase,1,1,0.5,0.017827611416578293,0.9709123373031616,0.010260994546115398,0.0009991166880354285
VTM-005483,DG-08fd4e6eb819,anatase,1,1,0.5,0.013200384564697742,0.57110196352005,0.26962006092071533,0.14607766270637512
VTM-005486,DG-05835c7394fc,anatase,1,1,0.5,0.01785159483551979,0.9403831362724304,0.029423559084534645,0.012341740541160107
VTM-005489,DG-a933844c528e,anatase,1,1,0.5,0.04242770001292229,0.741795003414154,0.2107495814561844,0.005027684383094311
VTM-005492,DG-1e84688727c2,anatase,1,1,0.5,0.0033374743070453405,0.5212711095809937,0.4599097967147827,0.015481601469218731
VTM-005495,DG-35d05e76a1e4,anatase,1,1,0.5,0.0032046337146312,0.9737095236778259,0.008651604875922203,0.0144342677667737
VTM-005497,DG-2f7b734c4d3f,anatase,1,1,0.5,0.009774064645171165,0.7485546469688416,0.2049320638179779,0.0367392897605896
VTM-005502,DG-143164061d3f,anatase,1,2,0.5,0.0003058719157706946,0.041863247752189636,0.949618935585022,0.008211949840188026
VTM-005503,DG-b2f7b89a5d59,anatase,1,1,0.5,0.0024904042948037386,0.9510627388954163,0.03912170231342316,0.0073251244612038136
VTM-005509,DG-1913cbe162bf,anatase,1,1,0.5,0.004458913113921881,0.990559458732605,0.00045398579095490277,0.004527628887444735
VTM-005524,DG-a6efa3a4bd5e,anatase,1,1,0.5,0.005886591970920563,0.9592908024787903,0.02169840782880783,0.013124152086675167
VTM-005526,DG-018f484e962b,anatase,1,1,0.5,0.004126202780753374,0.7559422254562378,0.23263505101203918,0.00729658966884017
VTM-005535,DG-19630caf0210,anatase,1,1,0.5,0.002039068378508091,0.9936885833740234,0.0033839447423815727,0.0008883654372766614
VTM-005541,DG-437a22bd4b75,anatase,1,1,0.5,0.008291597478091717,0.6557308435440063,0.1317826807498932,0.20419490337371826
VTM-005556,DG-5ac03a5b098a,anatase,1,1,0.5,0.007080239709466696,0.9782201647758484,0.012058611959218979,0.0026409709826111794
VTM-005559,DG-5e649737437c,anatase,1,1,0.5,0.0012098568258807063,0.9857268333435059,0.0086531862616539,0.004410171415656805
VTM-005573,DG-95b3f913041d,anatase,1,1,0.5,0.0023661116138100624,0.8898455500602722,0.10156740248203278,0.006220940034836531
VTM-005587,DG-c05ff4d0658f,anatase,1,1,0.5,0.002736408030614257,0.9920254945755005,0.004778253845870495,0.0004598016384989023
VTM-005589,DG-6a87321591d3,anatase,1,0,0.5,0.5211660265922546,0.2531885504722595,0.10542451590299606,0.12022092193365097
VTM-005593,DG-0bb8a19fed9c,anatase,1,1,0.5,0.0016807187348604202,0.9961220622062683,0.0016240088734775782,0.0005732033168897033
VTM-005611,DG-0075b5b5203e,anatase,1,0,0.5,0.5623589754104614,0.030354099348187447,0.34154781699180603,0.06573912501335144
VTM-005616,DG-e8f3c4a4ddbe,anatase,1,1,0.5,0.001070296042598784,0.874963104724884,0.12149682641029358,0.002469731029123068
VTM-005627,DG-0918327ceb98,anatase,1,1,0.5,0.0020234633702784777,0.8734005689620972,0.12379790097475052,0.0007780790328979492
VTM-005634,DG-ac174b3dacbd,anatase,1,0,0.5,0.5643336772918701,0.4042994976043701,0.00827507022768259,0.023091696202754974
VTM-005637,DG-6423433b4791,anatase,1,1,0.5,0.006176451686769724,0.7958407402038574,0.1850336194038391,0.01294921524822712
VTM-005644,DG-2e6ce45f5804,anatase,1,1,0.5,0.0030575301498174667,0.8083025217056274,0.18308180570602417,0.005558161996304989
VTM-005650,DG-f4d96675fa63,anatase,1,1,0.5,0.022518740966916084,0.9481486082077026,0.02133793570101261,0.007994775660336018
VTM-005694,DG-753f0a6acc81,anatase,1,1,0.5,0.001407469855621457,0.9802989363670349,0.006883015390485525,0.01141059584915638
VTM-005706,DG-c6cb0c15edb5,anatase,1,1,0.5,0.010112958960235119,0.9739521145820618,0.012348242104053497,0.003586700651794672
VTM-005713,DG-c75e838a9a39,anatase,1,1,0.5,0.016361983492970467,0.7665238976478577,0.10156387090682983,0.11555027216672897
VTM-005714,DG-704e78d247cd,anatase,1,1,0.5,0.00263010011985898,0.8906919956207275,0.10444711148738861,0.0022307722829282284
VTM-005716,DG-2b7787fb7377,anatase,1,1,0.5,0.01153105404227972,0.7292724847793579,0.25150391459465027,0.0076925260946154594
VTM-005719,DG-95a61af36fc5,anatase,1,0,0.5,0.3757592439651489,0.25400954484939575,0.330757737159729,0.03947344049811363
VTM-005723,DG-0950b4611e57,anatase,1,1,0.5,0.0016772596864029765,0.9713254570960999,0.023171374574303627,0.0038259238936007023
VTM-005729,DG-0138cb5de0f1,anatase,1,3,0.5,0.2189759612083435,0.3523295223712921,0.05009808763861656,0.37859639525413513
VTM-005737,DG-99d0a20e12b6,anatase,1,1,0.5,0.0017835829639807343,0.990036129951477,0.0048744226805865765,0.003305901074782014
VTM-005738,DG-2dd4417a219b,anatase,1,1,0.5,0.04563212767243385,0.8712727427482605,0.03343954309821129,0.04965558275580406
VTM-005748,DG-4fe9810a7a49,anatase,1,2,0.5,0.0031785261817276478,0.3396149277687073,0.5472558736801147,0.1099507063627243
VTM-005753,DG-9e611cf8cd76,anatase,1,1,0.5,0.03948184475302696,0.7126554250717163,0.18320436775684357,0.06465835124254227
VTM-005769,DG-6a683c4287f3,anatase,1,1,0.5,0.026284946128726006,0.9666523933410645,0.002683804137632251,0.00437888503074646
VTM-005778,DG-e8f5c39b1e5f,anatase,1,1,0.5,0.020483950152993202,0.7480220794677734,0.021546805277466774,0.20994716882705688
VTM-005783,DG-b0eea1a8994e,anatase,1,1,0.5,0.10341957956552505,0.8920158743858337,0.001123760361224413,0.0034407947678118944
VTM-005788,DG-caffc409a326,anatase,1,1,0.5,0.01684623397886753,0.979322075843811,0.000720537849701941,0.0031111196149140596
VTM-005794,DG-5298828429ac,anatase,1,1,0.5,0.000785100448410958,0.9669746160507202,0.03074314072728157,0.001497166696935892
VTM-005796,DG-cec129814706,anatase,1,1,0.5,0.0031657007057219744,0.9938144087791443,0.0018310078885406256,0.0011888446751981974
VTM-005800,DG-37d3baa89970,anatase,1,1,0.5,0.003381921211257577,0.9955254793167114,0.0004669872287195176,0.0006256652995944023
VTM-005810,DG-fca86bffb33e,anatase,1,3,0.5,0.10551940649747849,0.371276319026947,0.11976467072963715,0.40343958139419556
VTM-005821,DG-58eeb83a9c63,anatase,1,1,0.5,0.0029812732245773077,0.9812444448471069,0.007890495471656322,0.007883843034505844
VTM-005827,DG-edc03d6ecb71,anatase,1,1,0.5,0.001986468443647027,0.977062463760376,0.005095291882753372,0.01585577428340912
VTM-005851,DG-4f3271f89d95,anatase,1,1,0.5,0.001172658521682024,0.7122029662132263,0.24101080000400543,0.04561358690261841
VTM-005855,DG-c74b93f18057,anatase,1,1,0.5,0.3140728771686554,0.6277157664299011,0.010577920824289322,0.047633446753025055
VTM-005861,DG-61d3d6c8c87c,anatase,1,1,0.5,0.0013583857798948884,0.7608935832977295,0.16530567407608032,0.07244231551885605
VTM-005867,DG-3b43c5c2e58b,anatase,1,1,0.5,0.0015757248038426042,0.9931567311286926,0.0005861700046807528,0.004681396298110485
VTM-005870,DG-97346d76139a,anatase,1,1,0.5,0.005380862392485142,0.9437419772148132,0.009696422144770622,0.041180696338415146
VTM-005890,DG-46606a614238,anatase,1,1,0.5,0.0034601916559040546,0.958958625793457,0.036083899438381195,0.0014972862554714084
VTM-005902,DG-a8ac8ad14256,anatase,1,0,0.5,0.9595596790313721,0.03885338455438614,0.0006344681023620069,0.0009524489287286997
VTM-005915,DG-4dc1bacef99f,anatase,1,1,0.5,0.0039004208520054817,0.9723666310310364,0.020829444751143456,0.002903532702475786
VTM-005920,DG-a68ef6de3d18,anatase,1,1,0.5,0.04687916859984398,0.8562183976173401,0.020875655114650726,0.07602675259113312
VTM-005925,DG-33344f20b5a2,anatase,1,1,0.5,0.014678028412163258,0.6686704158782959,0.26921629905700684,0.04743529483675957
VTM-005933,DG-c818071813bf,anatase,1,1,0.5,0.0011623275931924582,0.6809269785881042,0.0025319515261799097,0.3153787851333618
VTM-005944,DG-6efb26817eb7,anatase,1,2,0.5,0.022815773263573647,0.2761886417865753,0.42692190408706665,0.27407363057136536
VTM-005966,DG-28c08b04eb3c,anatase,1,1,0.5,0.003154912730678916,0.9709634780883789,0.0026865184772759676,0.02319512516260147
VTM-005981,DG-51bd1cbd4407,anatase,1,2,0.5,0.03624348342418671,0.3831334412097931,0.4009847044944763,0.17963838577270508
VTM-006016,DG-535997e25c60,anatase,1,1,0.5,0.0003936563734896481,0.958488941192627,0.03868456184864044,0.0024328925646841526
VTM-006024,DG-af2c248871cb,anatase,1,2,0.5,0.00040466501377522945,0.25481531023979187,0.7435753345489502,0.0012046907795593143
VTM-006053,DG-d78d2dfe2bcf,anatase,1,1,0.5,0.0010293583618476987,0.8288730382919312,0.1671486645936966,0.0029489235021173954
VTM-006054,DG-50b9aa80cda0,anatase,1,1,0.5,0.0030846435111016035,0.9834429621696472,0.009285812266170979,0.004186586942523718
VTM-006068,DG-c8fcb201edad,anatase,1,1,0.5,0.04077066853642464,0.7604870200157166,0.18086695671081543,0.01787540502846241
VTM-006071,DG-ce7b9b5c89fb,anatase,1,1,0.5,0.048564374446868896,0.9192636013031006,0.010337326675653458,0.021834667772054672
VTM-006091,DG-15a1d3e070d6,anatase,1,3,0.5,0.002970254747197032,0.02539909817278385,0.008495518006384373,0.9631351232528687
VTM-006093,DG-124f665ca336,anatase,1,2,0.5,0.011681321077048779,0.22048227488994598,0.7286185622215271,0.03921780735254288
VTM-006102,DG-102cb58042c5,anatase,1,1,0.5,0.00012603217328432947,0.9968408346176147,0.0026093036867678165,0.0004238641413394362
VTM-006117,DG-c10118bf2fc4,anatase,1,1,0.5,0.005689048673957586,0.9836435317993164,0.005327708553522825,0.0053397794254124165
VTM-006124,DG-879e7de0c026,anatase,1,1,0.5,0.003312142100185156,0.9049817323684692,0.08919931948184967,0.0025068167597055435
VTM-006129,DG-41d7b86a478c,anatase,1,0,0.5,0.5341290235519409,0.46001380681991577,0.002499945228919387,0.003357154317200184
VTM-006142,DG-b4e542e9ac78,anatase,1,1,0.5,0.0026452362071722746,0.9894776344299316,0.0028697787784039974,0.005007369909435511
VTM-006182,DG-70a55a31be3a,anatase,1,2,0.5,0.0032061589881777763,0.4245786666870117,0.4966737627983093,0.07554139941930771
VTM-006183,DG-1c570684a421,anatase,1,3,0.5,0.06555254012346268,0.05455131083726883,0.15151773393154144,0.728378415107727
VTM-006185,DG-6bd6b14c4c53,anatase,1,1,0.5,0.003458465915173292,0.9796473979949951,0.004154486581683159,0.0127396360039711
VTM-006190,DG-2e99b61428e0,anatase,1,1,0.5,0.21360214054584503,0.6620619893074036,0.06080746650695801,0.0635283887386322
VTM-006192,DG-62ef89151ec7,anatase,1,1,0.5,0.0020210815127938986,0.9944679141044617,0.003044484881684184,0.00046648705028928816
VTM-006206,DG-c25a5b6d8dc2,anatase,1,1,0.5,0.005202081520110369,0.9634205102920532,0.023008400574326515,0.008369012735784054
VTM-006208,DG-0bef47ac71ef,anatase,1,1,0.5,0.05358853563666344,0.903361976146698,0.015588544309139252,0.02746095135807991
VTM-006212,DG-6305eb515c1f,anatase,1,1,0.5,0.0009971503168344498,0.9904594421386719,0.006516875699162483,0.0020265355706214905
VTM-006213,DG-4cae2018f0f0,anatase,1,2,0.5,0.0033749323338270187,0.06560707837343216,0.9127376675605774,0.01828031800687313
VTM-006233,DG-108a7fa19e82,anatase,1,1,0.5,0.0018091659294441342,0.9504584074020386,0.044814515858888626,0.0029179174453020096
VTM-006235,DG-896bfb106724,anatase,1,1,0.5,0.0020246694330126047,0.9916564226150513,0.0014340811176225543,0.004884807392954826
VTM-006249,DG-422106ee301b,anatase,1,1,0.5,0.0006348458700813353,0.9264494776725769,0.06746897846460342,0.005446685012429953
VTM-006251,DG-e51486f34f05,anatase,1,1,0.5,0.008680623024702072,0.7529443502426147,0.2288941740989685,0.009480826556682587
VTM-006259,DG-c1c9a9676dc6,anatase,1,1,0.5,0.37999218702316284,0.4957166314125061,0.09284442663192749,0.03144675865769386
VTM-006262,DG-fbf7eb9f2758,anatase,1,1,0.5,0.00421371404081583,0.9788339138031006,0.009410315193235874,0.00754208117723465
VTM-006268,DG-b7ec71c2e85f,anatase,1,1,0.5,0.01759854145348072,0.9343031048774719,0.04160522669553757,0.006493063643574715
VTM-006279,DG-b90c71da1aa5,anatase,1,1,0.5,0.00023837233311496675,0.9980239868164062,0.0014200583100318909,0.00031760052661411464
VTM-006285,DG-8f5c4b4d6175,anatase,1,1,0.5,0.030453691259026527,0.9039910435676575,0.061858244240283966,0.003697009989991784
VTM-006291,DG-02083579fa1d,anatase,1,1,0.5,0.0015055777039378881,0.6538541913032532,0.3430720567703247,0.0015682196244597435
VTM-006298,DG-ffbaffb49a43,anatase,1,1,0.5,0.01621345616877079,0.9775502681732178,0.003954259678721428,0.0022820394951850176
VTM-006321,DG-7b036add4354,anatase,1,2,0.5,0.003976038657128811,0.10681645572185516,0.8417883515357971,0.04741915687918663
VTM-006322,DG-74cc152408e0,anatase,1,1,0.5,0.035901498049497604,0.9630007743835449,0.0005086653982289135,0.0005890572792850435
VTM-006327,DG-7e1396ca7a35,anatase,1,3,0.5,0.006967725232243538,0.03230831399559975,0.1408977508544922,0.8198261857032776
VTM-006347,DG-897e59b4cf20,anatase,1,1,0.5,0.0008813911117613316,0.9741942882537842,0.0181606225669384,0.0067636966705322266
VTM-006357,DG-1b3ceae68f1f,anatase,1,1,0.5,0.0040183463133871555,0.9719976782798767,0.014902465976774693,0.009081516414880753
VTM-006361,DG-338e12f998d7,anatase,1,1,0.5,0.027538102120161057,0.9380607008934021,0.005680011585354805,0.028721125796437263
VTM-006365,DG-323f826eaea6,anatase,1,1,0.5,0.005218602251261473,0.9447833299636841,0.01302605215460062,0.036972030997276306
VTM-006368,DG-b1eeff37b7fd,anatase,1,1,0.5,0.15604838728904724,0.5481130480766296,0.10455045104026794,0.19128815829753876
VTM-006375,DG-3c531322b93a,anatase,1,1,0.5,0.00449833320453763,0.6119663119316101,0.3720899820327759,0.01144541334360838
VTM-006387,DG-9417fe92c8db,anatase,1,1,0.5,0.019075661897659302,0.8430536985397339,0.08153458684682846,0.056336063891649246
VTM-006393,DG-8974b0d72e55,anatase,1,2,0.5,0.002890119794756174,0.11469847708940506,0.870124340057373,0.012287076562643051
VTM-006417,DG-db452fb236d9,anatase,1,1,0.5,0.004564902279525995,0.8075907230377197,0.15857914090156555,0.029265254735946655
VTM-006453,DG-b9ab4dd8fb50,anatase,1,1,0.5,0.000647565524559468,0.9644523859024048,0.026222262531518936,0.008677778765559196
VTM-006464,DG-ab9fc938710a,anatase,1,1,0.5,0.008307714015245438,0.9038415551185608,0.07619038224220276,0.011660308577120304
VTM-006481,DG-05b3d79ae8b7,anatase,1,0,0.5,0.7691389322280884,0.10928913950920105,0.0045809620060026646,0.11699096858501434
VTM-006487,DG-6f2871ac92e1,anatase,1,1,0.5,0.0032557949889451265,0.9548455476760864,0.03633863851428032,0.005560013931244612
VTM-006492,DG-cbd27693ee57,anatase,1,0,0.5,0.7539099454879761,0.18418563902378082,0.0023224707692861557,0.05958186462521553
VTM-006493,DG-7999f931d5ba,anatase,1,1,0.5,0.33093756437301636,0.6356334090232849,0.019846942275762558,0.013582112267613411
VTM-006494,DG-05c2991265ef,anatase,1,0,0.5,0.5939168930053711,0.3707178831100464,0.0169440396130085,0.018421193584799767
VTM-006497,DG-39ae48330312,anatase,1,1,0.5,0.009389325976371765,0.9444952607154846,0.036433227360248566,0.009682176634669304
VTM-006518,DG-2676465b66af,perovskite,1,3,0.5,0.07458532601594925,0.21396559476852417,0.12723203003406525,0.5842170119285583
VTM-006522,DG-63a0ea025e3e,perovskite,1,3,0.5,0.007815366610884666,0.0783013105392456,0.3145185708999634,0.5993647575378418
VTM-006528,DG-e01087093ce8,perovskite,1,1,0.5,0.002260736655443907,0.9896337389945984,0.004507151897996664,0.003598411101847887
VTM-006531,DG-26addbb97201,perovskite,1,3,0.5,0.0012456865515559912,0.07036753743886948,0.4126511514186859,0.5157355666160583
VTM-006542,DG-d8e7ee065cb5,perovskite,1,1,0.5,0.018110234290361404,0.5380941033363342,0.2699812650680542,0.17381441593170166
VTM-006551,DG-b747ce216092,perovskite,1,3,0.5,0.17005890607833862,0.33331573009490967,0.06159638613462448,0.435029000043869
VTM-006571,DG-28a47dc4856c,perovskite,1,1,0.5,0.0040495083667337894,0.965078592300415,0.02876017428934574,0.002111736685037613
VTM-006572,DG-c0bbfe1a7c56,perovskite,1,0,0.5,0.9234892725944519,0.023210959509015083,0.006740394048392773,0.04655937850475311
VTM-006586,DG-6ee1f44d1bfd,perovskite,1,3,0.5,0.16397038102149963,0.11811496317386627,0.007935211062431335,0.7099794745445251
VTM-006597,DG-e8acbc88b6b1,perovskite,1,2,0.5,0.012173480354249477,0.24275650084018707,0.7006674408912659,0.04440256580710411
VTM-006603,DG-2996b3918309,perovskite,1,1,0.5,0.006099488586187363,0.8793777227401733,0.09064638614654541,0.023876460269093513
VTM-006608,DG-52df5dde0067,perovskite,1,1,0.5,0.327617883682251,0.6483002305030823,0.004021070897579193,0.020060820505023003
VTM-006610,DG-424dffb4d12f,perovskite,1,0,0.5,0.5899782180786133,0.21259057521820068,0.05859997868537903,0.138831228017807
VTM-006632,DG-7d8f733ea114,perovskite,1,1,0.5,0.24026893079280853,0.704862117767334,0.0032433676533401012,0.051625534892082214
VTM-006634,DG-8769ac73102b,perovskite,1,1,0.5,0.03186119720339775,0.9003361463546753,0.0480075404047966,0.01979510858654976
VTM-006640,DG-b2e0b9a9e609,perovskite,1,1,0.5,0.01565859094262123,0.7501965761184692,0.08626774698495865,0.14787708222866058
VTM-006650,DG-9774b36a4d98,perovskite,1,1,0.5,0.024453988298773766,0.7058479189872742,0.2082166075706482,0.06148143485188484
VTM-006664,DG-f693bb8f8322,perovskite,1,1,0.5,0.09759499877691269,0.8595141172409058,0.018303176388144493,0.02458769641816616
VTM-006684,DG-ecd11b19f85b,perovskite,1,1,0.5,0.00999514665454626,0.7147417664527893,0.24339289963245392,0.03187017887830734
VTM-006691,DG-bd7181e57e75,perovskite,1,1,0.5,0.0035517693031579256,0.9439483284950256,0.042396705597639084,0.010103189386427402
VTM-006701,DG-445c33c368a2,perovskite,1,1,0.5,0.07558968663215637,0.581746518611908,0.07491961121559143,0.2677442133426666
VTM-006709,DG-c109ef508679,perovskite,1,1,0.5,0.07391040027141571,0.8536689877510071,0.030990388244390488,0.04143020138144493
VTM-006724,DG-b6d16c8156c3,perovskite,1,0,0.5,0.8744639754295349,0.11693476885557175,0.002563204849138856,0.0060381097719073296
VTM-006728,DG-54098345499f,perovskite,1,3,0.5,0.0012892045779153705,0.18125706911087036,0.011686799116432667,0.8057669401168823
VTM-006743,DG-8c42a130c03c,perovskite,1,1,0.5,0.2174386978149414,0.5934380292892456,0.0071116560138762,0.18201154470443726
VTM-006749,DG-3dbaf3a5ceae,perovskite,1,0,0.5,0.7167264819145203,0.07337060570716858,0.02492941915988922,0.18497347831726074
VTM-006758,DG-631dba844d66,perovskite,1,1,0.5,0.06359027326107025,0.8710031509399414,0.002605091081932187,0.06280150264501572
VTM-006787,DG-2eeb761325f0,perovskite,1,1,0.5,0.4426701068878174,0.5122919082641602,0.027025587856769562,0.018012411892414093
VTM-006803,DG-7f2edf2bb05a,perovskite,1,0,0.5,0.8387126922607422,0.07109508663415909,0.026329966261982918,0.06386221945285797
VTM-006813,DG-5e9556247882,perovskite,1,1,0.5,0.002599931787699461,0.9155017137527466,0.07807110249996185,0.003827255917713046
VTM-006816,DG-48639e0e780e,perovskite,1,1,0.5,0.012873182073235512,0.9815723299980164,0.004341311287134886,0.0012131982948631048
VTM-006825,DG-162fd13f9aa1,perovskite,1,1,0.5,0.009484218433499336,0.9715700745582581,0.015558691695332527,0.003387052332982421
VTM-006832,DG-2bdc8e99e86c,perovskite,1,3,0.5,0.1359829306602478,0.3413879871368408,0.12563292682170868,0.3969961106777191
VTM-006851,DG-44d70a6edaff,perovskite,1,1,0.5,0.3341815173625946,0.574891984462738,0.05879954993724823,0.03212692216038704
VTM-006857,DG-80ecad8594fb,perovskite,1,1,0.5,0.0012924763141199946,0.6882483959197998,0.2837195098400116,0.026739664375782013
VTM-006861,DG-14e9cb9d296e,perovskite,1,1,0.5,0.00368886673822999,0.965955376625061,0.021253637969493866,0.00910215824842453
VTM-006863,DG-c7c1fd656b76,perovskite,1,1,0.5,0.09477695822715759,0.6738219857215881,0.19209933280944824,0.039301708340644836
VTM-006876,DG-d722aacc00e6,perovskite,1,0,0.5,0.8304800987243652,0.13426604866981506,0.0032146091107279062,0.03203926235437393
VTM-006886,DG-6a30a901d3d6,perovskite,1,1,0.5,0.07905697822570801,0.8131126165390015,0.0703798234462738,0.03745055943727493
VTM-006900,DG-ffe4b9e0e07f,rutile,1,1,0.5,0.03886977583169937,0.4132654666900635,0.37331563234329224,0.17454911768436432
VTM-006907,DG-8a8d74cb9b22,rutile,1,0,0.5,0.45903557538986206,0.12591028213500977,0.012480732053518295,0.4025734066963196
VTM-006921,DG-43c5c620e5f8,rutile,1,3,0.5,0.021291440352797508,0.2573877274990082,0.31447798013687134,0.4068428575992584
VTM-006925,DG-2e4c5e64b2c7,rutile,1,3,0.5,0.1068400889635086,0.32846301794052124,0.11179066449403763,0.4529062509536743
VTM-006927,DG-715c1a669dc5,rutile,1,2,0.5,0.005239575635641813,0.011749831959605217,0.9766321182250977,0.006378481164574623
VTM-006937,DG-ff8b96ebca77,rutile,1,1,0.5,0.06802929937839508,0.7700678110122681,0.07781646400690079,0.08408641815185547
VTM-006942,DG-14d465340fd2,rutile,1,1,0.5,0.005389020778238773,0.8567337989807129,0.029437322169542313,0.1084398403763771
VTM-006958,DG-0e7cb96e3008,rutile,1,1,0.5,0.007024122402071953,0.9481709003448486,0.03498733043670654,0.0098176384344697
VTM-006964,DG-9a6db654cf83,rutile,1,1,0.5,0.00724150100722909,0.8962987065315247,0.052687980234622955,0.04377179220318794
VTM-006993,DG-fc94c8d6a511,rutile,1,1,0.5,0.00018248784181196243,0.9992105960845947,0.000530923658516258,7.599929813295603e-05
VTM-006997,DG-3210510c03ac,rutile,1,1,0.5,0.0033544746693223715,0.9171760678291321,0.031176069751381874,0.04829339310526848
VTM-006999,DG-67c4cb87ba6d,rutile,1,1,0.5,0.008014402352273464,0.9055972099304199,0.02451571263372898,0.061872657388448715
VTM-007000,DG-cb8394f349bd,rutile,1,1,0.5,0.035306259989738464,0.5867480039596558,0.3140624165534973,0.06388331949710846
VTM-007003,DG-d4bd8511f2dc,rutile,1,1,0.5,0.017293104901909828,0.8892385959625244,0.0730612501502037,0.020407021045684814
VTM-007016,DG-852ef39aee31,rutile,1,1,0.5,0.006275131367146969,0.9217284321784973,0.06297045201063156,0.009025928564369678
VTM-007019,DG-2c7bf1dac137,rutile,1,1,0.5,0.0010537586640566587,0.9344146847724915,0.0432698056101799,0.02126176841557026
VTM-007020,DG-6dadea707760,rutile,1,1,0.5,0.010366616770625114,0.9754168391227722,0.006763055920600891,0.007453466299921274
VTM-007021,DG-0cb808e4d44c,rutile,1,3,0.5,0.0017274406272917986,0.30995771288871765,0.26726821064949036,0.4210466146469116
VTM-007033,DG-59ba6e165a41,rutile,1,1,0.5,0.0023154723457992077,0.9523726105690002,0.004970869980752468,0.040341030806303024
VTM-007036,DG-a6b0c64e9f4d,rutile,1,1,0.5,0.008707151748239994,0.8774276971817017,0.10836446285247803,0.005500660743564367
VTM-007046,DG-0c07312b0be0,rutile,1,1,0.5,0.0059526278637349606,0.981976330280304,0.003340647555887699,0.008730349130928516
VTM-007056,DG-c937488cd9f4,rutile,1,1,0.5,0.0031587339472025633,0.720617413520813,0.24805140495300293,0.028172466903924942
VTM-007073,DG-408bf3f465f4,rutile,1,1,0.5,0.0003407268668524921,0.9960064888000488,0.002779208356514573,0.0008736202726140618
VTM-007085,DG-2888a0c25838,rutile,1,2,0.5,0.002331591909751296,0.10325409471988678,0.8912738561630249,0.003140440909191966
VTM-007087,DG-6d984a5d73d6,rutile,1,1,0.5,0.0027955109253525734,0.8420436382293701,0.09298217296600342,0.06217864900827408
VTM-007095,DG-ad37acc6ccfc,rutile,1,0,0.5,0.48747628927230835,0.07895743101835251,0.06053280457854271,0.3730334937572479
VTM-007098,DG-22291fe8f8dd,rutile,1,1,0.5,0.00963827408850193,0.9147343039512634,0.0025857670698314905,0.07304169982671738
VTM-007099,DG-56fe18c68eeb,rutile,1,2,0.5,0.005677965469658375,0.10520471632480621,0.7608236074447632,0.1282936930656433
VTM-007105,DG-2f7620e4780c,rutile,1,1,0.5,0.029153691604733467,0.8583418726921082,0.03238299489021301,0.08012145012617111
VTM-007149,DG-0b1d7bd7951b,rutile,1,1,0.5,0.24426230788230896,0.4991908073425293,0.21335279941558838,0.043194059282541275
VTM-007164,DG-5b8d51428770,rutile,1,1,0.5,0.0018863579025492072,0.9964752793312073,0.0012365489965304732,0.00040179979987442493
VTM-007165,DG-322a36a2f334,rutile,1,1,0.5,0.007977750152349472,0.8532794117927551,0.029742635786533356,0.10900020599365234
VTM-007166,DG-1d36d06af42d,rutile,1,1,0.5,0.061629071831703186,0.7515149712562561,0.17198094725608826,0.01487502921372652
VTM-007176,DG-e8ca41604711,rutile,1,1,0.5,0.0031558440532535315,0.7882740497589111,0.17524558305740356,0.03332452103495598
VTM-007181,DG-8811686b2d28,rutile,1,2,0.5,0.0012582109775394201,0.4212770164012909,0.5680574774742126,0.009407266974449158
VTM-007186,DG-2389a7d9a905,rutile,1,2,0.5,0.15339572727680206,0.30949732661247253,0.36674588918685913,0.17036105692386627
VTM-007193,DG-b2626767fa0a,rutile,1,2,0.5,0.2257525622844696,0.12773747742176056,0.37706905603408813,0.2694409191608429
VTM-007196,DG-20fdc744e5bb,rutile,1,1,0.5,0.013026436790823936,0.9708234071731567,0.003899090690538287,0.012251021340489388
VTM-007201,DG-fbd4e827ad27,rutile,1,2,0.5,0.19952328503131866,0.12483033537864685,0.547431468963623,0.12821488082408905
VTM-007213,DG-aca26e27c569,rutile,1,1,0.5,0.21412838995456696,0.7110188603401184,0.00895983912050724,0.06589291244745255
VTM-007220,DG-50099618518d,rutile,1,1,0.5,0.002048828639090061,0.9909385442733765,0.0015038223937153816,0.005508860573172569
VTM-007236,DG-b2cd8d07c3f0,rutile,1,0,0.5,0.7862081527709961,0.20226463675498962,0.0045806635171175,0.006946500390768051
VTM-007240,DG-c8f09985c1be,rutile,1,0,0.5,0.43867552280426025,0.28673815727233887,0.05783883482217789,0.2167474627494812
VTM-007245,DG-81422215b21f,rutile,1,0,0.5,0.46436840295791626,0.10642554610967636,0.048102229833602905,0.38110384345054626
VTM-007253,DG-4cbb2583aed0,rutile,1,1,0.5,0.002891688607633114,0.957750678062439,0.026061981916427612,0.013295691460371017
VTM-007254,DG-dd0d4cfd9ac1,rutile,1,1,0.5,0.27582022547721863,0.5002896785736084,0.021463565528392792,0.2024265080690384
VTM-007255,DG-4ed42c6f009b,rutile,1,0,0.5,0.5923727750778198,0.26191675662994385,0.07871341705322266,0.06699709594249725
VTM-007267,DG-de1d96d11d9b,rutile,1,1,0.5,0.0009074144181795418,0.8267785310745239,0.07053330540657043,0.10178069770336151
VTM-007275,DG-38ac20f26b75,rutile,1,0,0.5,0.8464821577072144,0.12430069595575333,0.00823260098695755,0.02098453976213932
VTM-007288,DG-eaf1d6e05d87,rutile,1,0,0.5,0.7289488911628723,0.20917139947414398,0.011070390231907368,0.05080936849117279
VTM-007289,DG-2c4bb16b01a6,rutile,1,1,0.5,0.017042431980371475,0.5866565108299255,0.3909153640270233,0.005385617259889841
VTM-007290,DG-c8fa370ebb81,rutile,1,1,0.5,0.01983552612364292,0.40314632654190063,0.3047884702682495,0.2722296714782715
VTM-007294,DG-dfd6d11f4897,rutile,1,2,0.5,0.00017232478421647102,0.24457955360412598,0.7546885013580322,0.0005596386617980897
VTM-007321,DG-4333b71779ff,rutile,1,1,0.5,0.052414096891880035,0.9357892870903015,0.004067300818860531,0.00772931519895792
VTM-007339,DG-0ee74fe9a852,rutile,1,1,0.5,0.02496117353439331,0.8053881525993347,0.05665189400315285,0.11299876123666763
VTM-007355,DG-1d353f1aa1f3,rutile,1,1,0.5,0.004931827541440725,0.6344000697135925,0.11423174291849136,0.24643635749816895
VTM-007384,DG-24c510bcbca7,rutile,1,2,0.5,0.00031312336795963347,0.1002623587846756,0.8985759615898132,0.0008485076832585037
VTM-007387,DG-64e565a92e23,rutile,1,1,0.5,0.011071971617639065,0.7906981706619263,0.09814941138029099,0.10008042305707932
VTM-007405,DG-4588c0cae059,rutile,1,1,0.5,0.028024081140756607,0.8349001407623291,0.03153963387012482,0.10553616285324097
VTM-007421,DG-7ae3034c3673,rutile,1,1,0.5,0.0016140983207151294,0.5940008163452148,0.3935403525829315,0.010844728909432888
VTM-007424,DG-edaed25bd48d,rutile,1,1,0.5,0.006194989662617445,0.6510148644447327,0.2053958773612976,0.13739430904388428
VTM-007426,DG-143bf5680ba9,rutile,1,1,0.5,0.0010426025837659836,0.7907021045684814,0.20389632880687714,0.004358940292149782
VTM-007439,DG-1ccd81fbcd86,rutile,1,2,0.5,0.00019036400772165507,0.29099610447883606,0.7078582048416138,0.0009553610580042005
VTM-007440,DG-d204ab09731c,rutile,1,2,0.5,0.04984069988131523,0.45615389943122864,0.4570658802986145,0.036939505487680435
VTM-007443,DG-0a3b6d2c584b,rutile,1,1,0.5,0.03173639997839928,0.3493898808956146,0.3472696542739868,0.27160412073135376
VTM-007472,DG-0144f325e475,rutile,1,2,0.5,0.011820242740213871,0.026398172602057457,0.9491978287696838,0.01258373074233532
VTM-007500,DG-2248787e4a99,rutile,1,1,0.5,0.0014662371249869466,0.7163954377174377,0.12329870462417603,0.1588396281003952
VTM-007502,DG-40122b21b668,rutile,1,3,0.5,0.09964795410633087,0.18387416005134583,0.3326207399368286,0.38385719060897827
VTM-007507,DG-07ba58f6c8e6,rutile,1,1,0.5,0.023040546104311943,0.9292885065078735,0.03040083684027195,0.017270052805542946
VTM-007511,DG-ee64c1e9b7ae,rutile,1,1,0.5,0.00027015325031243265,0.9483076333999634,0.018551701679825783,0.03287053108215332
VTM-007518,DG-bf5da77fdfc4,rutile,1,1,0.5,0.029427794739603996,0.9557777643203735,0.0014188989298418164,0.013375537469983101
VTM-007520,DG-999767261867,rutile,1,1,0.5,0.004055354744195938,0.9673691987991333,0.024736059829592705,0.0038393272552639246
VTM-007543,DG-b8a15ebcb160,rutile,1,0,0.5,0.8136395215988159,0.08145258575677872,0.002304879017174244,0.10260307788848877
VTM-007550,DG-89b97ed8459c,rutile,1,1,0.5,0.01996864564716816,0.8717517852783203,0.010722348466515541,0.0975571721792221
VTM-007552,DG-b9390d7bfca8,rutile,1,1,0.5,0.03422462195158005,0.9589117765426636,0.0034595176111906767,0.003404108341783285
VTM-007554,DG-09ea0a858e04,rutile,1,1,0.5,0.012569387443363667,0.9657339453697205,0.019844217225909233,0.0018524228362366557
VTM-007559,DG-b21d90bc4b33,rutile,1,0,0.5,0.39328277111053467,0.14344745874404907,0.3894394040107727,0.07383040338754654
VTM-007560,DG-01766a6276d7,rutile,1,1,0.5,0.4212864637374878,0.5395330786705017,0.018393956124782562,0.02078649401664734
VTM-007571,DG-07e454f9029d,rutile,1,2,0.5,0.0022264623548835516,0.16971127688884735,0.7834323048591614,0.044629938900470734
VTM-007575,DG-fbd2c27d0a56,rutile,1,1,0.5,0.007082464639097452,0.5822424292564392,0.25697508454322815,0.15369999408721924
VTM-007581,DG-4a9bb931071c,rutile,1,1,0.5,0.030524855479598045,0.9464669227600098,0.014441442675888538,0.008566777221858501
VTM-007585,DG-941a829fd7aa,rutile,1,1,0.5,0.0659814178943634,0.791088879108429,0.029817884787917137,0.11311177909374237
VTM-007599,DG-2e12f01042cf,rutile,1,0,0.5,0.4189766049385071,0.32163822650909424,0.06606975197792053,0.19331541657447815
VTM-007629,DG-d6e94e89c8d7,rutile,1,1,0.5,0.18494296073913574,0.8082219362258911,0.002642939565703273,0.004192153923213482
VTM-007664,DG-508dbf90e213,rutile,1,1,0.5,0.2879338264465332,0.5709882378578186,0.05258149653673172,0.08849640190601349
VTM-007676,DG-d68e9ed8b464,rutile,1,1,0.5,0.00555988447740674,0.6044099926948547,0.38292571902275085,0.007104422431439161
VTM-007690,DG-72f4c4b7720d,rutile,1,1,0.5,0.019792931154370308,0.7885017395019531,0.027991674840450287,0.16371363401412964
VTM-007717,DG-06c7fb994d30,rutile,1,1,0.5,0.02678399533033371,0.9097727537155151,0.026222512125968933,0.03722070902585983
VTM-007729,DG-918a6d0500ca,rutile,1,1,0.5,0.040281880646944046,0.5110872387886047,0.0856655165553093,0.36296534538269043
VTM-007737,DG-2772a0787aac,rutile,1,2,0.5,0.18289239704608917,0.19169458746910095,0.4802544116973877,0.145158588886261
VTM-007742,DG-06075c2663ba,rutile,1,1,0.5,0.4784489572048187,0.5104577541351318,0.007880723103880882,0.0032125976867973804
VTM-007744,DG-6c3fdd27f0d7,rutile,1,1,0.5,0.006923367269337177,0.8807337880134583,0.04920005053281784,0.06314278393983841
VTM-007769,DG-7783d1eb7e2b,rutile,1,1,0.5,0.009527415968477726,0.6115321516990662,0.350658655166626,0.028281766921281815
VTM-007770,DG-4e72c1481a58,rutile,1,2,0.5,0.00032542302506044507,0.17387373745441437,0.8246861100196838,0.001114735729061067
VTM-007772,DG-d922f973fbea,rutile,1,0,0.5,0.9801416397094727,0.016251705586910248,0.0016542630037292838,0.0019524389645084739
VTM-007776,DG-7fd7f52e46c6,rutile,1,1,0.5,0.0051339189521968365,0.9443725347518921,0.013047775253653526,0.03744576498866081
VTM-007781,DG-99de372173d9,rutile,1,0,0.5,0.8145562410354614,0.07934938371181488,0.06730182468891144,0.03879257291555405
VTM-007785,DG-dd6c9fe7ceb8,rutile,1,3,0.5,0.3345162570476532,0.2354557067155838,0.018797706812620163,0.41123032569885254
VTM-007808,DG-842d6962d527,rutile,1,1,0.5,0.007070038001984358,0.9896889925003052,0.0019247598247602582,0.0013162256218492985
VTM-007810,DG-c21fdb00571a,rutile,1,1,0.5,0.019847555086016655,0.8499730229377747,0.039610058069229126,0.0905693769454956
VTM-007818,DG-4bb220f6b606,rutile,1,1,0.5,0.26844263076782227,0.708319902420044,0.017861640080809593,0.005375852342694998
VTM-007825,DG-e214f68fdf49,rutile,1,0,0.5,0.9297047853469849,0.005404250230640173,0.006698776036500931,0.05819222331047058
VTM-007853,DG-d4b40b74ebfa,rutile,1,1,0.5,0.0017999602714553475,0.9612879157066345,0.01633433625102043,0.02057778835296631
VTM-007868,DG-a2f920f286aa,rutile,1,0,0.5,0.8901800513267517,0.07487595081329346,0.009114081040024757,0.025829903781414032
VTM-007874,DG-33a1e3e9d1b0,rutile,1,1,0.5,0.0035249516367912292,0.5992006659507751,0.03944598510861397,0.35782840847969055
VTM-007904,DG-92edea4b7ce2,rutile,1,1,0.5,0.014806666411459446,0.8730642795562744,0.046727973967790604,0.06540104746818542
VTM-007920,DG-afe8bd531267,rutile,1,1,0.5,0.06295633316040039,0.6860477924346924,0.12834058701992035,0.12265536189079285
VTM-007926,DG-59cbf3101c8a,rutile,1,1,0.5,0.004632598254829645,0.7999256253242493,0.13125750422477722,0.06418424099683762
VTM-007927,DG-1f28dc20ffb5,rutile,1,1,0.5,0.0008843847317621112,0.991371750831604,0.003969032317399979,0.0037748394533991814
VTM-007941,DG-84f5cbd5d534,rutile,1,2,0.5,0.14480046927928925,0.18620456755161285,0.5037111043930054,0.1652839183807373
VTM-007946,DG-fcca23e495eb,rutile,1,1,0.5,0.08278172463178635,0.8943892121315002,0.013799043372273445,0.009029969573020935
VTM-007959,DG-5088c4fceb2d,rutile,1,1,0.5,0.004426497500389814,0.9508995413780212,0.03297864645719528,0.011695305816829205
VTM-007964,DG-13b289d67ee7,rutile,1,1,0.5,0.007319284602999687,0.9311437010765076,0.02628169395029545,0.035255368798971176
VTM-007971,DG-86ace21c89cd,rutile,1,0,0.5,0.88742595911026,0.06564125418663025,0.020313095301389694,0.026619702577590942
VTM-007972,DG-ca53ea5ff064,rutile,1,1,0.5,0.014684217050671577,0.530659019947052,0.3377946615219116,0.11686205118894577
VTM-007983,DG-9e6b7bd121b3,rutile,1,0,0.5,0.9860986471176147,0.012692829594016075,0.0002604541659820825,0.0009480631561018527
VTM-007987,DG-893cead3977a,rutile,1,1,0.5,0.00839899480342865,0.8811770081520081,0.0723375529050827,0.038086432963609695
VTM-007990,DG-4c3c3495fd64,rutile,1,2,0.5,0.0034992785658687353,0.4752703309059143,0.5039158463478088,0.0173144843429327
VTM-008004,DG-7600f3fdf664,rutile,1,1,0.5,0.05447441339492798,0.6357864737510681,0.18655510246753693,0.12318400293588638
VTM-008005,DG-6274573a2579,rutile,1,1,0.5,0.013396511785686016,0.6712259650230408,0.0681370347738266,0.24724048376083374
VTM-008034,DG-60a8e8e0cdf8,rutile,1,1,0.5,0.12830117344856262,0.7971993684768677,0.062469713389873505,0.012029750272631645
VTM-008041,DG-9f9b1a014ec5,rutile,1,0,0.5,0.9584829211235046,0.014708198606967926,0.0024445215240120888,0.024364395067095757
VTM-008043,DG-4c7e20a8a769,rutile,1,0,0.5,0.7310900092124939,0.2603764235973358,0.0034315858501940966,0.0051020304672420025
VTM-008049,DG-a1eb88917e54,rutile,1,0,0.5,0.5521581768989563,0.3806701898574829,0.007830210030078888,0.05934147164225578
VTM-008074,DG-f1380c8df9aa,rutile,1,1,0.5,0.021790599450469017,0.8780859112739563,0.09564409404993057,0.004479357972741127
VTM-008090,DG-7329854023a8,rutile,1,2,0.5,0.0007098992937244475,0.017064686864614487,0.975362241268158,0.006863157264888287
VTM-008092,DG-4c545fde3573,rutile,1,1,0.5,0.025763699784874916,0.8892975449562073,0.005568742752075195,0.07937002927064896
VTM-008099,DG-4acd8d17f353,rutile,1,1,0.5,0.05463498458266258,0.7627075910568237,0.08973075449466705,0.09292671829462051
VTM-008111,DG-edb500254d09,rutile,1,1,0.5,0.004346244968473911,0.9723342061042786,0.012954381294548512,0.010365125723183155
VTM-008124,DG-019fcbef0096,rutile,1,0,0.5,0.8386649489402771,0.0885080024600029,0.044923219829797745,0.027903765439987183
VTM-008125,DG-b4335b06ae78,rutile,1,0,0.5,0.8995192050933838,0.023508917540311813,0.04284468665719032,0.03412724658846855
VTM-008130,DG-137871ad1419,rutile,1,1,0.5,0.0073219286277890205,0.8387949466705322,0.15250982344150543,0.0013732727384194732
VTM-008152,DG-4bf70d177966,rutile,1,1,0.5,0.014417248778045177,0.9145584106445312,0.017947131767868996,0.05307721719145775
VTM-008158,DG-9a452b373039,rutile,1,1,0.5,0.006789587903767824,0.9621763825416565,0.01777171902358532,0.013262328691780567
VTM-008165,DG-6aa9c82f8079,rutile,1,2,0.5,0.05333595350384712,0.38083428144454956,0.45145565271377563,0.1143740564584732
VTM-008181,DG-eb6fe2378553,rutile,1,1,0.5,0.03663671761751175,0.5359247326850891,0.3159773349761963,0.11146123707294464
VTM-008189,DG-030e5255acd9,rutile,1,1,0.5,0.4813137352466583,0.510277271270752,0.0028122463263571262,0.00559675507247448
VTM-008190,DG-ac27b4489841,rutile,1,1,0.5,0.29130059480667114,0.6864644885063171,0.006523170042783022,0.015711775049567223
VTM-008205,DG-c68fd3c56ba9,rutile,1,1,0.5,0.018537351861596107,0.9202293753623962,0.04548158869147301,0.015751725062727928
VTM-008207,DG-27dfc6f3ff7b,rutile,1,1,0.5,0.04179791733622551,0.8711289167404175,0.049422092735767365,0.03765103593468666
VTM-008234,DG-13fedd1164ad,rutile,1,1,0.5,0.0011293292045593262,0.9957654476165771,0.0026751719415187836,0.00043004509643651545
VTM-008250,DG-c8fa3dd2aad8,rutile,1,1,0.5,0.044545404613018036,0.8394947648048401,0.057474154978990555,0.058485694229602814
VTM-008263,DG-b4411174c5c2,titanite,1,0,0.5,0.3770372271537781,0.1477946937084198,0.12036184966564178,0.35480624437332153
VTM-008273,DG-4b55fbcc34db,titanite,1,1,0.5,0.003129164455458522,0.8679970502853394,0.06475798785686493,0.06411579996347427
VTM-008288,DG-2dc8a5fba980,titanite,1,1,0.5,0.0006506563513539732,0.9699881076812744,0.02502169832587242,0.004339533858001232
VTM-008290,DG-5d1aafa5656e,titanite,1,1,0.5,0.005736536346375942,0.9789384603500366,0.014190677553415298,0.001134313177317381
VTM-008297,DG-f33934c9c324,titanite,1,1,0.5,0.0028095245361328125,0.9686204195022583,0.02796950936317444,0.0006005887989886105
VTM-008298,DG-c3b0652e16fa,titanite,1,1,0.5,0.05160354822874069,0.7493486404418945,0.10404926538467407,0.09499850124120712
VTM-008326,DG-6c73a6a48602,titanite,1,1,0.5,0.0054505933076143265,0.9674188494682312,0.01773417368531227,0.00939639750868082
VTM-008333,DG-217d06d8daf9,titanite,1,1,0.5,0.02623393014073372,0.962266206741333,0.0016625560820102692,0.009837272576987743
VTM-008339,DG-7c3d27a74d81,titanite,1,1,0.5,0.0001900792558444664,0.9863382577896118,0.01235184259712696,0.0011198770953342319
VTM-008348,DG-5a41bafd6b8a,titanite,1,1,0.5,0.013956639915704727,0.9382671117782593,0.04608439654111862,0.0016917816828936338
VTM-008361,DG-c691c430db30,titanite,1,1,0.5,0.0032200601417571306,0.8607802391052246,0.09573547542095184,0.04026421532034874
VTM-008363,DG-99a82fc55364,titanite,1,1,0.5,0.0031013544648885727,0.9837574362754822,0.0016028041718527675,0.011538389138877392
VTM-008383,DG-b4edd28a83f8,titanite,1,1,0.5,0.011292955838143826,0.6630298495292664,0.3051120638847351,0.02056518942117691
VTM-008396,DG-7264b05a2cd3,titanite,1,1,0.5,0.012914914637804031,0.9819194674491882,0.005011522211134434,0.00015414065273944288
VTM-008402,DG-ec7c76603eb7,titanite,1,1,0.5,0.13246510922908783,0.5903680324554443,0.18947193026542664,0.08769487589597702
VTM-008407,DG-a4b1f3bd04d2,titanite,1,1,0.5,0.07335533201694489,0.7701364755630493,0.037259213626384735,0.11924894154071808
VTM-008409,DG-d9f4ce6d4e16,titanite,1,1,0.5,0.0008509205654263496,0.9408625364303589,0.05793077498674393,0.0003558205789886415
VTM-008415,DG-3e5b9a0f027c,titanite,1,1,0.5,0.00047497390187345445,0.9608982801437378,0.035351481288671494,0.003275210503488779
VTM-008419,DG-d069c0d46a7a,titanite,1,2,0.5,0.0016195818316191435,0.48230358958244324,0.506546139717102,0.009530667215585709
VTM-008425,DG-fbdc5bbd3b97,titanite,1,2,0.5,0.10374623537063599,0.21614977717399597,0.36622315645217896,0.3138808012008667
VTM-008426,DG-90023628542f,titanite,1,1,0.5,2.0106121155549772e-05,0.9988591074943542,0.0009857091354206204,0.0001350836973870173
VTM-008436,DG-a1f43aed5dc4,titanite,1,1,0.5,0.06433919072151184,0.6637338995933533,0.1902814656496048,0.08164548873901367
VTM-008440,DG-9b574921ddc4,titanite,1,1,0.5,0.00039156555430963635,0.9076102375984192,0.08798380941152573,0.00401436910033226
VTM-008448,DG-13b2b6a82465,titanite,1,1,0.5,0.081349216401577,0.6463464498519897,0.18222209811210632,0.09008216112852097
VTM-008451,DG-1698f9f3ef39,titanite,1,1,0.5,0.0054693883284926414,0.9729196429252625,0.01737932115793228,0.004231661092489958
VTM-008467,DG-289371dc1155,titanite,1,1,0.5,0.01070637907832861,0.7046316862106323,0.1839626431465149,0.1006992980837822
VTM-008473,DG-84b91db281e3,titanite,1,1,0.5,0.0015898364363238215,0.6432861685752869,0.35465386509895325,0.00047015788732096553
VTM-008474,DG-4c3b3f758782,titanite,1,1,0.5,0.0008127772598527372,0.909223735332489,0.07465296238660812,0.015310556627810001
VTM-008502,DG-b2e2cc981023,titanite,1,2,0.5,0.021829981356859207,0.04975520446896553,0.9051875472068787,0.02322726882994175
VTM-008503,DG-03c884a3c8ed,titanite,1,1,0.5,0.0004472856817301363,0.9188638925552368,0.03507078066468239,0.045618049800395966
VTM-008527,DG-f81097827445,titanite,1,1,0.5,0.0003237763012293726,0.9739303588867188,0.02056812308728695,0.005177714861929417
VTM-008530,DG-b2900e703877,titanite,1,1,0.5,0.383332222700119,0.5057887434959412,0.02850530855357647,0.0823737382888794
VTM-008561,DG-2c33adc639e8,titanite,1,1,0.5,0.000587513146456331,0.9315566420555115,0.0668114647269249,0.0010443710489198565
VTM-008570,DG-9b9496836f1f,titanite,1,1,0.5,4.466422979021445e-05,0.9960939884185791,0.0037960431072860956,6.5296255343128e-05
VTM-008601,DG-deb465c57e11,titanite,1,0,0.5,0.7542900443077087,0.06725932657718658,0.06244384124875069,0.1160067766904831
VTM-008604,DG-a59983b06fbf,titanite,1,0,0.5,0.4456833600997925,0.04910270869731903,0.06860804557800293,0.43660587072372437
